model,seed,scope,patient,cells,correct,cross,within,oracle_correct,fixed_mass,cross_among_errors,cross_among_errors_n,repair_among_cross,repair_among_cross_n,fine_cross_given_coarse_correct,fine_cross_given_coarse_correct_n,fine_cross_given_coarse_wrong,fine_cross_given_coarse_wrong_n
mlp,17,-1,CRC11,7469,0.27540500736377027,0.5798634355335386,0.14473155710269112,0.6138706654170571,0.33846565805328693,0.8002586844050259,5412,0.583698914800277,4331,0.1201338199513382,3288,0.9414015785697202,4181
mlp,17,-1,CRC13,5062,0.39470564994073487,0.40023706045041485,0.20505728960885025,0.7105887001185303,0.31588305017779533,0.6612271540469974,3064,0.7892398815399803,2026,0.10136712237412471,2999,0.8347067377605429,2063
mlp,17,-1,CRC16,7478,0.27052687884461085,0.6024338058304359,0.1270393153249532,0.39810109654987963,0.12757421770526878,0.8258478460128322,5455,0.21176470588235294,4505,0.43381221139045667,3898,0.7860335195530727,3580
mlp,17,-1,CRC17,6427,0.2105181266531819,0.490119807063949,0.29936206628286915,0.40718842383693793,0.19667029718375603,0.6208119826566811,5074,0.4012698412698413,3150,0.2232310582341891,3194,0.7537890504175688,3233
mlp,17,-1,CRC22,5203,0.3699788583509514,0.49682875264270615,0.1331923890063425,0.6801845089371517,0.31020565058620025,0.7885906040268457,3278,0.6243713733075436,2585,0.3401360544217687,3528,0.826865671641791,1675
mlp,17,-1,CRC23,6110,0.43224222585924715,0.5129296235679215,0.05482815057283143,0.7977086743044189,0.36546644844517184,0.9034303833957913,3469,0.7125079770261646,3134,0.17304015296367112,3138,0.8718034993270525,2972
mlp,17,-1,CRC24,7254,0.3898538737248415,0.5337744692583403,0.0763716570168183,0.7730907085745795,0.3832368348497381,0.8748305467690918,4426,0.7179752066115702,3872,0.224743549891203,3217,0.7800346792172406,4037
mlp,17,-1,CRC25,7233,0.2978017420157611,0.5152772017143648,0.18692105626987418,0.6059726254666113,0.30817088345085025,0.7338058672967119,5079,0.598068151328146,3727,0.13870431893687707,3612,0.8909141121237227,3621
mlp,17,-1,GC28_P_cDNA,7320,0.41202185792349727,0.39316939890710384,0.19480874316939892,0.6691256830601093,0.257103825136612,0.6686802973977695,4304,0.6539263377345379,2878,0.12284069097888675,4689,0.8749524895477004,2631
mlp,17,-1,GC29_P_cDNA,5117,0.29216337697869843,0.49286691420754347,0.21496970881375807,0.6449091264412742,0.35274574946257575,0.6963003865267808,3622,0.7157018239492466,2522,0.06659012629161883,2613,0.9376996805111821,2504
mlp,17,-1,GC2_P_cDNA,4443,0.2849426063470628,0.5471528246680171,0.1679045689849201,0.5478280441143372,0.26288543776727435,0.7651872836008813,3177,0.4804607157548334,2431,0.2397875816993464,2448,0.9243107769423559,1995
mlp,17,-1,GC30_P_cDNA,7164,0.2868509212730318,0.5978503629257398,0.11529871580122836,0.6515912897822446,0.3647403685092127,0.8383245253474261,5109,0.6100863880457623,4283,0.21773182957393483,3192,0.9033232628398792,3972
mlp,17,-1,GC31_P_cDNA,7103,0.3401379698718851,0.4340419541038998,0.2258200760242151,0.669717020977052,0.32957905110516683,0.657776829528483,4687,0.759325332468375,3083,0.08217168011738811,4089,0.9114134041141341,3014
mlp,17,-1,GC32_P_cDNA,7179,0.2440451316339323,0.5734782003064494,0.18247666805961832,0.6539908065190138,0.4099456748850815,0.7586143357287636,5427,0.7148409035705611,4117,0.06985055230669265,3078,0.9514752499390393,4101
mlp,17,-1,GC36_P_cDNA,7234,0.33135194912911253,0.47954105612385955,0.1891069947470279,0.6874481614597733,0.35609621233066074,0.717180070291503,4837,0.7425771115595272,3469,0.05378281008749357,3886,0.973715651135006,3348
mlp,17,-1,HCC-1,7055,0.42168674698795183,0.4326009922041106,0.14571226080793764,0.6939759036144578,0.27228915662650605,0.7480392156862745,4080,0.6294233289646134,3052,0.11230073756840352,4203,0.9046283309957924,2852
mlp,17,-1,HCC-2-1_1,6913,0.45262548821061765,0.39823520902647186,0.14913930276291046,0.7135831042962535,0.2609576160856358,0.7275369978858351,3784,0.6552851434798401,2753,0.19894082431498963,4343,0.7350194552529183,2570
mlp,17,-1,HCC-2-2,7179,0.4593954589775735,0.38946928541579606,0.15113525560663044,0.7247527510795375,0.26535729210196407,0.7204328781241948,3881,0.6813304721030042,2796,0.1815308195981034,4429,0.7243636363636363,2750
mlp,17,-1,HCC-22,7019,0.46830032768200597,0.3826755948140761,0.14902407750391794,0.7904259866077789,0.3221256589257729,0.7197213290460879,3732,0.8417721518987342,2686,0.07802469135802469,4050,0.7982485685415965,2969
mlp,17,-1,HCC-24,7039,0.4328739877823555,0.4386986787896008,0.12842733342804374,0.7550788464270493,0.32220485864469384,0.7735470941883767,3992,0.7344559585492227,3088,0.12259900403130188,4217,0.9110559886605244,2822
mlp,17,-1,HCC-3-1_2,7198,0.42567379827729923,0.44026118366212835,0.1340650180605724,0.7117254792998055,0.2860516810225063,0.766569908079342,4134,0.6497317765856737,3169,0.2950265572187349,4142,0.637107329842932,3056
mlp,17,-1,HCC-3-2_1,7285,0.4501029512697323,0.4315717227179135,0.11832532601235415,0.7430336307481126,0.29293067947838025,0.7848227658512231,4006,0.6787531806615776,3144,0.11286210892236384,4315,0.8946127946127946,2970
mlp,17,-1,PBMC-1,22144,0.27172145953757226,0.521224710982659,0.20705382947976878,0.5278179190751445,0.25609645953757226,0.7156941774663608,16127,0.49133599029630914,11542,0.32613287250384027,10416,0.6944918144611187,11728
mlp,17,-1,PBMC-2,16302,0.22819285977180714,0.5436142804563857,0.22819285977180714,0.5201202306465464,0.2919273708747393,0.7043395326657129,12582,0.5370119611825773,8862,0.1656647560464141,7153,0.8391080992458192,9149
mlp,17,-1,PBMC-3,21398,0.2731563697541826,0.6245443499392467,0.1022992803065707,0.5557528741003832,0.2825965043462006,0.8592554491094966,15553,0.4524842861418737,13364,0.3676682346164923,10417,0.8682269374373919,10981
mlp,17,-1,PBMC-4,22627,0.30406151942369736,0.5582710920581606,0.13766738851814203,0.5363061828788616,0.23224466345516417,0.8021845430875723,15747,0.4160069664344522,12632,0.288433908045977,11136,0.8197719954747194,11491
mlp,17,-1,PBMC-5,19153,0.3615621573643816,0.4215005482169895,0.21693729441862894,0.595624706312327,0.23406254894794548,0.6602060843964671,12228,0.5553078161773813,8073,0.23347715238282016,10198,0.6356225572305975,8955
mlp,17,-1,PBMC-6,15164,0.3412028488525455,0.5151675019783698,0.14362964916908466,0.5395673964653126,0.1983645476127671,0.781981981981982,9990,0.38504864311315923,7812,0.37390904915020673,8708,0.7057001239157373,6456
mlp,17,-1,PC-1,17977,0.30110697001724424,0.561606497190855,0.13728653279190076,0.7225899760805473,0.42148300606330313,0.8035657433938236,12564,0.7504952456418383,10096,0.18677884615384616,8320,0.884539712125919,9657
mlp,17,-1,PC-2,1929,0.28252980819077245,0.4774494556765163,0.24002073613271124,0.6044582685329186,0.32192846034214617,0.6654624277456648,1384,0.6742671009771987,921,0.05048543689320388,1030,0.9666295884315906,899
mlp,17,-1,PC-3,4981,0.3310580204778157,0.4414776149367597,0.2274643645854246,0.675567155189721,0.34450913471190525,0.6599639855942377,3332,0.7803547066848567,2199,0.06238795267120832,2789,0.9238138686131386,2192
mlp,17,-1,PC-4,2060,0.30436893203883497,0.6378640776699029,0.05776699029126214,0.6854368932038835,0.38106796116504854,0.9169574319609212,1433,0.5974124809741248,1314,0.3025568181818182,704,0.8119469026548672,1356
mlp,17,-1,PC-5,3977,0.3397032939401559,0.36132763389489564,0.29896907216494845,0.5916519989942167,0.25194870505406086,0.5472201066260473,2626,0.697286012526096,1437,0.04499799116110888,2489,0.8904569892473119,1488
mlp,17,-1,PC-6,6890,0.34600870827285923,0.4040638606676343,0.24992743105950654,0.5785195936139332,0.23251088534107403,0.6178428761651131,4506,0.5754310344827587,2784,0.07013469577333953,4306,0.9605263157894737,2584
mlp,17,-1,PRZ1,8750,0.29725714285714283,0.5664,0.13634285714285715,0.756,0.4587428571428571,0.8059847129614571,6149,0.8099273607748184,4956,0.07566569997363565,3793,0.9419003429493645,4957
mlp,17,-1,PRZ2,12428,0.3853395558416479,0.45485999356292245,0.1598004505954297,0.7044576762149984,0.3191181203733505,0.7400183270061527,7639,0.7015743852821511,5653,0.13420689655172413,7250,0.9038238702201622,5178
mlp,17,-1,PRZ3,9117,0.40111878907535375,0.4378633322364813,0.16101787868816497,0.6961719863990348,0.295053197323681,0.7311355311355311,5460,0.6738476953907816,3992,0.16129636568002997,5338,0.8285260650965864,3779
mlp,17,-1,PRZ4,7719,0.38010104935872524,0.46184738955823296,0.15805156108304186,0.7107138230340718,0.3306127736753465,0.7450365726227796,4785,0.7158485273492287,3565,0.2475288303130148,4856,0.8253580160670625,2863
mlp,17,-1,PRZ5,12944,0.28785537700865266,0.6107076637824475,0.10143695920889988,0.6996291718170581,0.4117737948084054,0.8575612931221523,9218,0.6742567994939912,7905,0.16503233882745671,4793,0.872776346460557,8151
mlp,17,-1,PRZ6,8748,0.306241426611797,0.529835390946502,0.16392318244170095,0.6635802469135802,0.35733882030178327,0.7637172516065249,6069,0.6744336569579288,4635,0.15086906141367323,4315,0.8987141890367697,4433
mlp,17,0,CRC11,324,0.012345679012345678,0.9876543209876543,0.0,0.7932098765432098,0.7808641975308642,1.0,320,0.790625,320,0.0,2,0.9937888198757764,322
mlp,17,0,CRC13,209,0.1722488038277512,0.8229665071770335,0.004784688995215311,0.9234449760765551,0.7511961722488039,0.9942196531791907,173,0.9127906976744186,172,0.0,27,0.945054945054945,182
mlp,17,0,CRC16,167,0.059880239520958084,0.9341317365269461,0.005988023952095809,0.8562874251497006,0.7964071856287425,0.9936305732484076,157,0.8525641025641025,156,0.15384615384615385,13,1.0,154
mlp,17,0,CRC17,269,0.02973977695167286,0.9628252788104089,0.007434944237918215,0.7992565055762082,0.7695167286245354,0.9923371647509579,261,0.7992277992277992,259,0.0,9,0.9961538461538462,260
mlp,17,0,CRC22,213,0.20187793427230047,0.7981220657276995,0.0,0.8028169014084507,0.6009389671361502,1.0,170,0.7529411764705882,170,0.0,29,0.9239130434782609,184
mlp,17,0,CRC23,91,0.10989010989010989,0.8901098901098901,0.0,0.8901098901098901,0.7802197802197802,1.0,81,0.8765432098765432,81,0.0,9,0.9878048780487805,82
mlp,17,0,CRC24,238,0.07983193277310924,0.9201680672268907,0.0,0.8739495798319328,0.7941176470588235,1.0,219,0.863013698630137,219,0.07692307692307693,13,0.9688888888888889,225
mlp,17,0,CRC25,501,0.08582834331337326,0.906187624750499,0.007984031936127744,0.7584830339321357,0.6726546906187625,0.9912663755458515,458,0.7422907488986784,454,0.0,34,0.9721627408993576,467
mlp,17,0,GC28_P_cDNA,337,0.2403560830860534,0.7507418397626113,0.008902077151335312,0.9050445103857567,0.6646884272997032,0.98828125,256,0.8853754940711462,253,0.0,76,0.9693486590038314,261
mlp,17,0,GC29_P_cDNA,225,0.0044444444444444444,0.9955555555555555,0.0,0.9511111111111111,0.9466666666666667,1.0,224,0.9508928571428571,224,,0,0.9955555555555555,225
mlp,17,0,GC2_P_cDNA,226,0.048672566371681415,0.9469026548672567,0.004424778761061947,0.8053097345132744,0.7566371681415929,0.9953488372093023,215,0.7990654205607477,214,0.0,10,0.9907407407407407,216
mlp,17,0,GC30_P_cDNA,400,0.0275,0.965,0.0075,0.9275,0.9,0.9922879177377892,389,0.9326424870466321,386,0.0,5,0.9772151898734177,395
mlp,17,0,GC31_P_cDNA,939,0.024494142705005325,0.9744408945686901,0.0010649627263045794,0.9361022364217252,0.9116080937167199,0.9989082969432315,916,0.9355191256830601,915,0.0,20,0.9956474428726877,919
mlp,17,0,GC32_P_cDNA,713,0.14446002805049088,0.8274894810659187,0.028050490883590462,0.8555399719495091,0.7110799438990182,0.9672131147540983,610,0.8593220338983051,590,0.0,103,0.9672131147540983,610
mlp,17,0,GC36_P_cDNA,790,0.11392405063291139,0.8835443037974684,0.002531645569620253,0.9189873417721519,0.8050632911392405,0.9971428571428571,700,0.9111747851002865,698,0.0,80,0.9830985915492958,710
mlp,17,0,HCC-1,390,0.041025641025641026,0.958974358974359,0.0,0.9461538461538461,0.9051282051282051,1.0,374,0.9438502673796791,374,0.0,13,0.9920424403183024,377
mlp,17,0,HCC-2-1_1,200,0.025,0.975,0.0,0.98,0.955,1.0,195,0.9794871794871794,195,0.0,5,1.0,195
mlp,17,0,HCC-2-2,309,0.0,1.0,0.0,0.9514563106796117,0.9514563106796117,1.0,309,0.9514563106796117,309,,0,1.0,309
mlp,17,0,HCC-22,679,0.23122238586156113,0.759941089837997,0.008836524300441826,0.9013254786450663,0.6701030927835051,0.9885057471264368,522,0.8817829457364341,516,0.012903225806451613,155,0.9809160305343512,524
mlp,17,0,HCC-24,401,0.24688279301745636,0.6982543640897756,0.05486284289276808,0.8927680798004988,0.6458852867830424,0.9271523178807947,302,0.925,280,0.009900990099009901,101,0.93,300
mlp,17,0,HCC-3-1_2,202,0.0049504950495049506,0.995049504950495,0.0,0.9554455445544554,0.9504950495049505,1.0,201,0.9552238805970149,201,,0,0.995049504950495,202
mlp,17,0,HCC-3-2_1,230,0.013043478260869565,0.9869565217391304,0.0,0.9608695652173913,0.9478260869565217,1.0,227,0.960352422907489,227,0.0,3,1.0,227
mlp,17,0,PBMC-1,2772,0.05411255411255411,0.9213564213564214,0.024531024531024532,0.5689033189033189,0.5147907647907648,0.9740655987795576,2622,0.5587314017227878,2554,0.2807017543859649,57,0.9348066298342541,2715
mlp,17,0,PBMC-2,2118,0.046742209631728045,0.9187913125590179,0.03446647780925401,0.46742209631728043,0.4206798866855524,0.9638434868746905,2019,0.4578622816032888,1946,0.5045454545454545,220,0.9668071654373024,1898
mlp,17,0,PBMC-3,2459,0.03741358275721838,0.9385929239528263,0.023993493289955266,0.6583977226514843,0.6209841398942659,0.9750739332488382,2367,0.6616117850953206,2308,0.19230769230769232,78,0.9630407391852163,2381
mlp,17,0,PBMC-4,2612,0.030627871362940276,0.928407350689127,0.04096477794793262,0.5172281776416539,0.48660030627871365,0.957740916271722,2532,0.5241237113402062,2425,0.23529411764705882,51,0.9422100741897697,2561
mlp,17,0,PBMC-5,1529,0.04578155657292348,0.9444081098757358,0.009810333551340745,0.6742969260954872,0.6285153695225638,0.9897189856065799,1459,0.6655124653739612,1444,0.16393442622950818,61,0.9768392370572208,1468
mlp,17,0,PBMC-6,1231,0.038180341186027617,0.9455727051177905,0.016246953696181964,0.6230706742485784,0.5848903330625508,0.9831081081081081,1184,0.6185567010309279,1164,0.3488372093023256,43,0.9671717171717171,1188
mlp,17,0,PC-1,2813,0.0039104159260575895,0.9960895840739424,0.0,0.919303234980448,0.9153928190543903,1.0,2802,0.9189864382583869,2802,0.0,8,0.9989304812834224,2805
mlp,17,0,PC-2,344,0.014534883720930232,0.9825581395348837,0.0029069767441860465,0.872093023255814,0.8575581395348837,0.9970501474926253,339,0.8727810650887574,338,0.0,3,0.9912023460410557,341
mlp,17,0,PC-3,497,0.05432595573440644,0.9456740442655935,0.0,0.9235412474849095,0.869215291750503,1.0,470,0.9191489361702128,470,0.07142857142857142,14,0.9710144927536232,483
mlp,17,0,PC-4,132,0.0,1.0,0.0,0.6666666666666666,0.6666666666666666,1.0,132,0.6666666666666666,132,,0,1.0,132
mlp,17,0,PC-5,207,0.0821256038647343,0.9130434782608695,0.004830917874396135,0.855072463768116,0.7729468599033816,0.9947368421052631,190,0.8465608465608465,189,0.0,5,0.9356435643564357,202
mlp,17,0,PC-6,268,0.04477611940298507,0.9477611940298507,0.007462686567164179,0.8582089552238806,0.8134328358208955,0.9921875,256,0.8582677165354331,254,0.0,7,0.9731800766283525,261
mlp,17,0,PRZ1,2651,0.011693700490380989,0.9875518672199171,0.0007544322897019992,0.970954356846473,0.959260656356092,0.999236641221374,2620,0.9713521772345302,2618,0.037037037037037035,27,0.9973323170731707,2624
mlp,17,0,PRZ2,1922,0.11238293444328824,0.8813735691987513,0.006243496357960458,0.9302809573361083,0.81789802289282,0.9929660023446659,1706,0.9279811097992916,1694,0.03,100,0.9281009879253568,1822
mlp,17,0,PRZ3,584,0.0410958904109589,0.9554794520547946,0.003424657534246575,0.952054794520548,0.910958904109589,0.9964285714285714,560,0.953405017921147,558,0.08333333333333333,12,0.9737762237762237,572
mlp,17,0,PRZ4,1085,0.12350230414746544,0.8764976958525346,0.0,0.9529953917050691,0.8294930875576036,1.0,951,0.9463722397476341,951,0.0,13,0.8871268656716418,1072
mlp,17,0,PRZ5,406,0.027093596059113302,0.9729064039408867,0.0,0.8940886699507389,0.8669950738916257,1.0,395,0.8911392405063291,395,0.0,3,0.9801488833746899,403
mlp,17,0,PRZ6,406,0.14532019704433496,0.8374384236453202,0.017241379310344827,0.8940886699507389,0.7487684729064039,0.9798270893371758,347,0.8941176470588236,340,0.06896551724137931,29,0.896551724137931,377
mlp,17,1,CRC11,2305,0.006507592190889371,0.9830802603036877,0.010412147505422993,0.3158351409978308,0.3093275488069414,0.9895196506550218,2290,0.3146513680494263,2266,0.22,50,1.0,2255
mlp,17,1,CRC13,887,0.2547914317925592,0.45434047350620066,0.29086809470124014,0.44983089064261556,0.19503945885005636,0.6096822995461422,661,0.4292803970223325,403,0.07930367504835589,517,0.9783783783783784,370
mlp,17,1,CRC16,973,0.07810894141829394,0.7050359712230215,0.21685508735868447,0.28879753340184994,0.21068859198355602,0.7647714604236343,897,0.2988338192419825,686,0.11940298507462686,268,0.9276595744680851,705
mlp,17,1,CRC17,1047,0.15759312320916904,0.22636103151862463,0.6160458452722063,0.20057306590257878,0.04297994269340974,0.2687074829931973,882,0.189873417721519,237,0.04201680672268908,833,0.9439252336448598,214
mlp,17,1,CRC22,603,0.12271973466003316,0.6915422885572139,0.1857379767827529,0.35655058043117743,0.23383084577114427,0.7882797731568998,529,0.3381294964028777,417,0.1875,224,0.9894459102902374,379
mlp,17,1,CRC23,743,0.09421265141318977,0.7510094212651414,0.15477792732166892,0.4266487213997308,0.33243606998654107,0.8291233283803864,673,0.44265232974910396,558,0.18552036199095023,221,0.9904214559386973,522
mlp,17,1,CRC24,1275,0.06980392156862746,0.836078431372549,0.09411764705882353,0.4329411764705882,0.3631372549019608,0.8988195615514334,1186,0.4343339587242026,1066,0.24528301886792453,265,0.9910891089108911,1010
mlp,17,1,CRC25,2612,0.5444104134762634,0.028330781010719754,0.42725880551301687,0.5547473200612557,0.010336906584992343,0.06218487394957983,1190,0.36486486486486486,74,0.014002333722287048,2571,0.926829268292683,41
mlp,17,1,GC28_P_cDNA,2914,0.40768702814001373,0.3692518874399451,0.2230610844200412,0.5624571036376115,0.1547700754975978,0.6234067207415991,1726,0.4191449814126394,1076,0.09050223769269021,2011,0.9900332225913622,903
mlp,17,1,GC29_P_cDNA,2010,0.3174129353233831,0.4552238805970149,0.227363184079602,0.517910447761194,0.20049751243781094,0.6669096209912536,1372,0.44043715846994536,915,0.05332167832167832,1144,0.9861431870669746,866
mlp,17,1,GC2_P_cDNA,1331,0.07212622088655146,0.8948159278737791,0.03305785123966942,0.3245679939894816,0.25244177310293014,0.9643724696356275,1235,0.28211586901763225,1191,0.12179487179487179,156,0.9974468085106383,1175
mlp,17,1,GC30_P_cDNA,2289,0.09611183923110529,0.8278724333770205,0.07601572739187418,0.45128877238968984,0.35517693315858456,0.9159014016433059,2069,0.42902374670184695,1895,0.25766871165644173,489,0.9827777777777778,1800
mlp,17,1,GC31_P_cDNA,1645,0.26990881458966565,0.3781155015197568,0.3519756838905775,0.4243161094224924,0.15440729483282675,0.517901748542881,1201,0.40836012861736337,622,0.12596401028277635,1167,0.9937238493723849,478
mlp,17,1,GC32_P_cDNA,1335,0.3805243445692884,0.07340823970037454,0.5460674157303371,0.40299625468164796,0.02247191011235955,0.1185006045949214,827,0.30612244897959184,98,0.01984126984126984,1260,0.9733333333333334,75
mlp,17,1,GC36_P_cDNA,1385,0.15451263537906137,0.6859205776173285,0.1595667870036101,0.37906137184115524,0.22454873646209386,0.8112724167378309,1171,0.3273684210526316,950,0.23104693140794225,554,0.9891696750902527,831
mlp,17,1,HCC-1,1749,0.5494568324757004,0.10920526014865638,0.34133790737564323,0.5906232132647227,0.0411663807890223,0.24238578680203046,788,0.3769633507853403,191,0.007055805003207184,1559,0.9473684210526315,190
mlp,17,1,HCC-2-1_1,2075,0.5026506024096385,0.20578313253012048,0.29156626506024097,0.6081927710843373,0.10554216867469879,0.41375968992248063,1032,0.5128805620608899,427,0.039227166276346606,1708,0.9809264305177112,367
mlp,17,1,HCC-2-2,1981,0.5840484603735487,0.08833922261484099,0.3276123170116103,0.6214033316506815,0.03735487127713276,0.21237864077669902,824,0.4228571428571429,175,0.010976948408342482,1822,0.9748427672955975,159
mlp,17,1,HCC-22,172,0.0872093023255814,0.8488372093023255,0.06395348837209303,0.6569767441860465,0.5697674418604651,0.9299363057324841,157,0.6712328767123288,146,0.2,30,0.9859154929577465,142
mlp,17,1,HCC-24,143,0.14685314685314685,0.6013986013986014,0.2517482517482518,0.48951048951048953,0.34265734265734266,0.7049180327868853,122,0.5697674418604651,86,0.16129032258064516,62,0.9382716049382716,81
mlp,17,1,HCC-3-1_2,1370,0.3978102189781022,0.3094890510948905,0.2927007299270073,0.5635036496350365,0.16569343065693432,0.5139393939393939,825,0.535377358490566,424,0.028037383177570093,963,0.9754299754299754,407
mlp,17,1,HCC-3-2_1,1443,0.4885654885654886,0.14345114345114346,0.367983367983368,0.5661815661815662,0.07761607761607761,0.2804878048780488,738,0.5410628019323671,207,0.008914100486223663,1234,0.937799043062201,209
mlp,17,1,PBMC-1,2920,0.46301369863013697,0.08493150684931507,0.4520547945205479,0.4948630136986301,0.03184931506849315,0.15816326530612246,1568,0.375,248,0.008562918838421444,2686,0.9615384615384616,234
mlp,17,1,PBMC-2,2459,0.5429036193574623,0.08987393249288328,0.3672224481496543,0.5729971533143554,0.030093533956893046,0.19661921708185054,1124,0.334841628959276,221,0.008485931219294328,2239,0.9181818181818182,220
mlp,17,1,PBMC-3,3357,0.30801310694072087,0.473339291033661,0.21864760202561812,0.5120643431635389,0.20405123622281798,0.6840292724924666,2323,0.43108873505349277,1589,0.05786516853932584,1780,0.9422954977805961,1577
mlp,17,1,PBMC-4,3132,0.21424010217113665,0.4878671775223499,0.2978927203065134,0.3962324393358876,0.18199233716475097,0.6208858187728565,2461,0.3730366492146597,1528,0.033693579148124604,1573,0.946119307248236,1559
mlp,17,1,PBMC-5,2640,0.4113636363636364,0.2431818181818182,0.34545454545454546,0.5136363636363637,0.10227272727272728,0.41312741312741313,1554,0.4205607476635514,642,0.023689516129032258,1984,0.9070121951219512,656
mlp,17,1,PBMC-6,1826,0.4019715224534502,0.2634173055859803,0.33461117196056955,0.5021905805038335,0.10021905805038335,0.44047619047619047,1092,0.3804573804573805,481,0.05507868383404864,1398,0.9439252336448598,428
mlp,17,1,PC-1,3065,0.18107667210440456,0.6998368678629691,0.11908646003262642,0.4962479608482871,0.31517128874388256,0.8545816733067729,2510,0.45034965034965035,2145,0.09827760891590678,987,0.9855630413859481,2078
mlp,17,1,PC-2,338,0.05029585798816568,0.8550295857988166,0.09467455621301775,0.257396449704142,0.20710059171597633,0.9003115264797508,321,0.2422145328719723,289,0.1694915254237288,59,1.0,279
mlp,17,1,PC-3,1027,0.33982473222979553,0.3291139240506329,0.3310613437195716,0.4595910418695229,0.11976630963972736,0.49852507374631266,678,0.363905325443787,338,0.07681940700808626,742,0.9859649122807017,285
mlp,17,1,PC-4,761,0.056504599211563734,0.8948751642575559,0.04862023653088042,0.43889618922470436,0.3823915900131406,0.9484679665738162,718,0.42731277533039647,681,0.041666666666666664,72,0.9840348330914369,689
mlp,17,1,PC-5,1203,0.3773898586866168,0.1886949293433084,0.4339152119700748,0.4322527015793849,0.05486284289276808,0.3030707610146863,749,0.2907488986784141,227,0.05058365758754864,1028,1.0,175
mlp,17,1,PC-6,3500,0.27885714285714286,0.44771428571428573,0.2734285714285714,0.44742857142857145,0.16857142857142857,0.6208399366085579,2524,0.3765156349712827,1567,0.08563273073263558,2102,0.9921316165951359,1398
mlp,17,1,PRZ1,1039,0.17613089509143406,0.6843118383060636,0.1395572666025024,0.4359961501443696,0.2598652550529355,0.830607476635514,856,0.379746835443038,711,0.11878453038674033,362,0.9867060561299852,677
mlp,17,1,PRZ2,1461,0.2135523613963039,0.5592060232717317,0.2272416153319644,0.4106776180698152,0.1971252566735113,0.7110530896431679,1149,0.3525091799265606,817,0.13531799729364005,739,0.9930747922437673,722
mlp,17,1,PRZ3,1841,0.3242802824551874,0.3856599674090168,0.29005975013579577,0.4926670287887018,0.1683867463335144,0.5707395498392283,1244,0.43661971830985913,710,0.08340283569641367,1199,0.9501557632398754,642
mlp,17,1,PRZ4,349,0.09742120343839542,0.7879656160458453,0.11461318051575932,0.38108882521489973,0.2836676217765043,0.873015873015873,315,0.36,275,0.14814814814814814,81,0.9813432835820896,268
mlp,17,1,PRZ5,2563,0.04721030042918455,0.9406944986344128,0.012095200936402654,0.4721030042918455,0.4248927038626609,0.9873054873054873,2442,0.45167980091248444,2411,0.1111111111111111,153,0.9933609958506224,2410
mlp,17,1,PRZ6,2227,0.512348450830714,0.14818140996856757,0.33947013920071845,0.5707229456668164,0.05837449483610238,0.30386740331491713,1086,0.3939393939393939,330,0.026424870466321245,1930,0.9393939393939394,297
mlp,17,2,CRC11,1603,0.19276356830941985,0.8059887710542732,0.0012476606363069245,0.9806612601372426,0.7878976918278229,0.9984544049459042,1294,0.9775541795665634,1292,0.014084507042253521,71,0.8426892950391645,1532
mlp,17,2,CRC13,1356,0.25147492625368734,0.7470501474926253,0.0014749262536873156,0.9896755162241888,0.7382005899705014,0.9980295566502463,1015,0.9881539980256664,1013,0.0,60,0.7816358024691358,1296
mlp,17,2,CRC16,2359,0.7956761339550658,0.08266214497668503,0.12166172106824925,0.8486646884272997,0.052988554472233995,0.4045643153526971,482,0.6410256410256411,195,0.004791238877481177,1461,0.20935412026726058,898
mlp,17,2,CRC17,2313,0.42888024210981407,0.4249891915261565,0.1461305663640294,0.6835278858625162,0.2546476437527021,0.7441332323996972,1321,0.5991861648016277,983,0.020833333333333332,624,0.5743043220840734,1689
mlp,17,2,CRC22,762,0.5761154855643045,0.4225721784776903,0.0013123359580052493,0.9973753280839895,0.421259842519685,0.9969040247678018,323,0.9968944099378882,322,0.0,190,0.5629370629370629,572
mlp,17,2,CRC23,2384,0.761744966442953,0.22525167785234898,0.013003355704697987,0.9861577181208053,0.22441275167785235,0.9454225352112676,568,0.9962756052141527,537,0.0,1506,0.6116173120728929,878
mlp,17,2,CRC24,3061,0.5462267232930414,0.44887291734727214,0.004900359359686377,0.9895459000326691,0.44331917673962756,0.9892008639308856,1389,0.987627365356623,1374,0.0,829,0.6155913978494624,2232
mlp,17,2,CRC25,1013,0.33267522211253703,0.6396841066140178,0.027640671273445213,0.9072063178677197,0.5745310957551826,0.9585798816568047,676,0.8981481481481481,648,0.0,74,0.6900958466453674,939
mlp,17,2,GC28_P_cDNA,1140,0.20175438596491227,0.7859649122807018,0.012280701754385965,0.9236842105263158,0.7219298245614035,0.9846153846153847,910,0.9185267857142857,896,0.0,18,0.7985739750445633,1122
mlp,17,2,GC29_P_cDNA,1291,0.10534469403563129,0.8884585592563904,0.006196746707978312,0.9512006196746708,0.8458559256390396,0.9930735930735931,1155,0.9520488230165649,1147,0.0,9,0.8946957878315133,1282
mlp,17,2,GC2_P_cDNA,551,0.30671506352087113,0.6715063520871143,0.021778584392014518,0.9092558983666061,0.6025408348457351,0.9685863874345549,382,0.8972972972972973,370,0.0,36,0.7184466019417476,515
mlp,17,2,GC30_P_cDNA,1644,0.43552311435523117,0.5212895377128953,0.04318734793187348,0.927007299270073,0.49148418491484186,0.9234913793103449,928,0.9428238039673279,857,0.004329004329004329,462,0.7233502538071066,1182
mlp,17,2,GC31_P_cDNA,1059,0.08970727101038715,0.902738432483475,0.007554296506137866,0.9423984891406988,0.8526912181303116,0.991701244813278,964,0.944560669456067,956,0.0,3,0.9053030303030303,1056
mlp,17,2,GC32_P_cDNA,1301,0.07148347425057648,0.9254419677171407,0.0030745580322828594,0.9323597232897771,0.8608762490392006,0.9966887417218543,1208,0.9302325581395349,1204,0.0,22,0.9413604378420641,1279
mlp,17,2,GC36_P_cDNA,1711,0.01636469900642899,0.9824663939216832,0.0011689070718877848,0.9362945645821157,0.9199298655756867,0.9988116458704694,1683,0.9363474122546104,1681,0.0,2,0.9836161497952018,1709
mlp,17,2,HCC-1,1885,0.7029177718832891,0.2482758620689655,0.04880636604774536,0.926790450928382,0.22387267904509284,0.8357142857142857,560,0.9017094017094017,468,0.004212299915754001,1187,0.663323782234957,698
mlp,17,2,HCC-2-1_1,2190,0.7105022831050228,0.23378995433789954,0.05570776255707763,0.9251141552511416,0.2146118721461187,0.807570977917981,634,0.91796875,512,0.0,1019,0.4372331340734415,1171
mlp,17,2,HCC-2-2,2281,0.6475230162209558,0.3125822007891276,0.0398947829899167,0.9276633055677335,0.2801402893467777,0.8868159203980099,804,0.8962131837307152,713,0.0011876484560570072,842,0.4947880472550382,1439
mlp,17,2,HCC-22,2305,0.3106290672451193,0.6685466377440347,0.020824295010845987,0.9383947939262473,0.627765726681128,0.9697923222152297,1589,0.9390006489292667,1541,0.0,225,0.7408653846153846,2080
mlp,17,2,HCC-24,1825,0.44164383561643833,0.5298630136986301,0.028493150684931506,0.9342465753424658,0.4926027397260274,0.9489695780176644,1019,0.9296794208893485,967,0.015602836879432624,705,0.8535714285714285,1120
mlp,17,2,HCC-3-1_2,2625,0.7146666666666667,0.20304761904761906,0.08228571428571428,0.8925714285714286,0.1779047619047619,0.7116154873164219,749,0.8761726078799249,533,0.0019860973187686196,1007,0.32818294190358466,1618
mlp,17,2,HCC-3-2_1,2722,0.8390889052167524,0.08082292432035268,0.08008817046289493,0.9077883908890522,0.06869948567229978,0.502283105022831,438,0.85,220,0.0013568521031207597,2211,0.4246575342465753,511
mlp,17,2,PBMC-1,6154,0.5027624309392266,0.41875203119922,0.07848553786155346,0.8771530711732207,0.37439064023399415,0.842156862745098,3060,0.8940628637951106,2577,0.002506265664160401,399,0.4476107732406603,5755
mlp,17,2,PBMC-2,4070,0.30122850122850126,0.6604422604422604,0.03832923832923833,0.8788697788697789,0.5776412776412776,0.9451476793248945,2844,0.8746279761904762,2688,0.004149377593360996,241,0.7017498041264038,3829
mlp,17,2,PBMC-3,4904,0.8193311582381729,0.08911092985318107,0.091557911908646,0.8894779771615008,0.0701468189233279,0.4932279909706546,886,0.7871853546910755,437,0.002173238124805961,3221,0.25549613784907904,1683
mlp,17,2,PBMC-4,6989,0.7840892831592503,0.14651595364143655,0.0693947631993132,0.9078552010301904,0.12376591787094005,0.6785950960901259,1509,0.8447265625,1024,0.003367003367003367,4158,0.356764394206994,2831
mlp,17,2,PBMC-5,7266,0.5847784200385356,0.339664189375172,0.07555739058629232,0.8779245802367189,0.2931461601981833,0.8180311567782566,3017,0.8630470016207455,2468,0.0,1658,0.4400855920114123,5608
mlp,17,2,PBMC-6,4702,0.7769034453424075,0.11994895789025946,0.10314759676733305,0.8851552530837942,0.10825180774138664,0.5376549094375596,1049,0.9024822695035462,564,0.00043122035360068997,2319,0.23625681913554344,2383
mlp,17,2,PC-1,4545,0.344994499449945,0.6380638063806381,0.016941694169416942,0.9575357535753576,0.6125412541254125,0.9741350352704065,2977,0.96,2900,0.0016806722689075631,595,0.7339240506329114,3950
mlp,17,2,PC-2,267,0.10486891385767791,0.8951310861423221,0.0,0.9662921348314607,0.8614232209737828,1.0,239,0.9623430962343096,239,0.0,5,0.9122137404580153,262
mlp,17,2,PC-3,1145,0.10742358078602621,0.8882096069868995,0.004366812227074236,0.9493449781659389,0.8419213973799127,0.9951076320939335,1022,0.9478859390363815,1017,0.0,39,0.9195298372513563,1106
mlp,17,2,PC-4,597,0.6666666666666666,0.31993299832495814,0.01340033500837521,0.981574539363484,0.3149078726968174,0.9597989949748744,199,0.9842931937172775,191,0.0,163,0.4400921658986175,434
mlp,17,2,PC-5,584,0.05136986301369863,0.9452054794520548,0.003424657534246575,0.9486301369863014,0.8972602739726028,0.9963898916967509,554,0.9492753623188406,552,0.0,5,0.9533678756476683,579
mlp,17,2,PC-6,734,0.06130790190735695,0.9373297002724795,0.0013623978201634877,0.9141689373297003,0.8528610354223434,0.9985486211901307,689,0.9098837209302325,688,0.0,6,0.945054945054945,728
mlp,17,2,PRZ1,1648,0.2530339805825243,0.7099514563106796,0.037014563106796114,0.8228155339805825,0.5697815533980582,0.950446791226645,1231,0.8025641025641026,1170,0.004273504273504274,234,0.8267326732673267,1414
mlp,17,2,PRZ2,1821,0.26194398682042835,0.6617243272926964,0.07633168588687535,0.7435475013728721,0.4816035145524437,0.8965773809523809,1344,0.7278008298755186,1205,0.0,368,0.8293186510667584,1453
mlp,17,2,PRZ3,2390,0.4786610878661088,0.48326359832635984,0.03807531380753138,0.9133891213389121,0.43472803347280337,0.9269662921348315,1246,0.8995670995670996,1155,0.0013869625520110957,721,0.6914319952067106,1669
mlp,17,2,PRZ4,1456,0.323489010989011,0.6229395604395604,0.05357142857142857,0.8214285714285714,0.49793956043956045,0.9208121827411168,985,0.7993384785005513,907,0.005154639175257732,194,0.7179080824088748,1262
mlp,17,2,PRZ5,5532,0.3799710773680405,0.5808026030368764,0.03922631959508315,0.9040130151843818,0.5240419378163413,0.936734693877551,3430,0.9022720199190788,3213,0.0037821482602118004,1322,0.7619952494061758,4210
mlp,17,2,PRZ6,2764,0.23082489146164978,0.7492764109985528,0.019898697539797394,0.8925470332850941,0.6617221418234442,0.9741298212605832,2126,0.883148237566393,2071,0.00546448087431694,366,0.8628023352793995,2398
mlp,17,3,CRC11,17,0.0,1.0,0.0,0.9411764705882353,0.9411764705882353,1.0,17,0.9411764705882353,17,,0,1.0,17
mlp,17,3,CRC13,9,0.0,1.0,0.0,1.0,1.0,1.0,9,1.0,9,,0,1.0,9
mlp,17,3,CRC16,20,0.0,1.0,0.0,1.0,1.0,1.0,20,1.0,20,,0,1.0,20
mlp,17,3,CRC17,48,0.0,1.0,0.0,0.875,0.875,1.0,48,0.875,48,,0,1.0,48
mlp,17,3,CRC22,2,0.0,1.0,0.0,1.0,1.0,1.0,2,1.0,2,,0,1.0,2
mlp,17,3,CRC23,9,0.0,1.0,0.0,1.0,1.0,1.0,9,1.0,9,,0,1.0,9
mlp,17,3,CRC24,3,0.0,1.0,0.0,1.0,1.0,1.0,3,1.0,3,,0,1.0,3
mlp,17,3,CRC25,37,0.0,1.0,0.0,1.0,1.0,1.0,37,1.0,37,,0,1.0,37
mlp,17,3,GC28_P_cDNA,14,0.0,1.0,0.0,1.0,1.0,1.0,14,1.0,14,,0,1.0,14
mlp,17,3,GC29_P_cDNA,15,0.0,1.0,0.0,1.0,1.0,1.0,15,1.0,15,,0,1.0,15
mlp,17,3,GC2_P_cDNA,1,0.0,1.0,0.0,1.0,1.0,1.0,1,1.0,1,,0,1.0,1
mlp,17,3,GC30_P_cDNA,11,0.0,1.0,0.0,1.0,1.0,1.0,11,1.0,11,,0,1.0,11
mlp,17,3,GC31_P_cDNA,20,0.0,1.0,0.0,1.0,1.0,1.0,20,1.0,20,,0,1.0,20
mlp,17,3,GC32_P_cDNA,6,0.0,1.0,0.0,1.0,1.0,1.0,6,1.0,6,,0,1.0,6
mlp,17,3,GC36_P_cDNA,11,0.0,1.0,0.0,1.0,1.0,1.0,11,1.0,11,,0,1.0,11
mlp,17,3,HCC-1,10,0.0,1.0,0.0,1.0,1.0,1.0,10,1.0,10,,0,1.0,10
mlp,17,3,HCC-2-1_1,6,0.0,1.0,0.0,1.0,1.0,1.0,6,1.0,6,,0,1.0,6
mlp,17,3,HCC-2-2,19,0.0,1.0,0.0,1.0,1.0,1.0,19,1.0,19,,0,1.0,19
mlp,17,3,HCC-22,5,0.0,1.0,0.0,1.0,1.0,1.0,5,1.0,5,,0,1.0,5
mlp,17,3,HCC-3-1_2,13,0.0,1.0,0.0,1.0,1.0,1.0,13,1.0,13,,0,1.0,13
mlp,17,3,HCC-3-2_1,15,0.0,1.0,0.0,1.0,1.0,1.0,15,1.0,15,,0,1.0,15
mlp,17,3,PBMC-1,108,0.037037037037037035,0.9629629629629629,0.0,1.0,0.9629629629629629,1.0,104,1.0,104,0.0,2,0.9811320754716981,106
mlp,17,3,PBMC-2,371,0.0,1.0,0.0,0.9595687331536388,0.9595687331536388,1.0,371,0.9595687331536388,371,,0,1.0,371
mlp,17,3,PBMC-3,131,0.2900763358778626,0.7099236641221374,0.0,0.9847328244274809,0.6946564885496184,1.0,93,0.978494623655914,93,0.0,24,0.8691588785046729,107
mlp,17,3,PBMC-4,287,0.08362369337979095,0.9163763066202091,0.0,1.0,0.9163763066202091,1.0,263,1.0,263,0.0,11,0.9528985507246377,276
mlp,17,3,PBMC-5,120,0.0,1.0,0.0,1.0,1.0,1.0,120,1.0,120,,0,1.0,120
mlp,17,3,PBMC-6,134,0.14925373134328357,0.8507462686567164,0.0,0.9925373134328358,0.8432835820895522,1.0,114,0.9912280701754386,114,0.0,17,0.9743589743589743,117
mlp,17,3,PC-1,98,0.0,1.0,0.0,1.0,1.0,1.0,98,1.0,98,,0,1.0,98
mlp,17,3,PC-2,2,0.0,1.0,0.0,1.0,1.0,1.0,2,1.0,2,,0,1.0,2
mlp,17,3,PC-3,2,0.0,1.0,0.0,1.0,1.0,1.0,2,1.0,2,,0,1.0,2
mlp,17,3,PC-5,11,0.0,1.0,0.0,1.0,1.0,1.0,11,1.0,11,,0,1.0,11
mlp,17,3,PC-6,11,0.0,1.0,0.0,1.0,1.0,1.0,11,1.0,11,,0,1.0,11
mlp,17,3,PRZ1,1,0.0,1.0,0.0,1.0,1.0,1.0,1,1.0,1,,0,1.0,1
mlp,17,3,PRZ2,4,0.0,1.0,0.0,1.0,1.0,1.0,4,1.0,4,,0,1.0,4
mlp,17,3,PRZ3,2,0.0,1.0,0.0,1.0,1.0,1.0,2,1.0,2,,0,1.0,2
mlp,17,3,PRZ4,10,0.0,1.0,0.0,1.0,1.0,1.0,10,1.0,10,,0,1.0,10
mlp,17,3,PRZ5,14,0.0,1.0,0.0,1.0,1.0,1.0,14,1.0,14,,0,1.0,14
mlp,17,3,PRZ6,42,0.0,1.0,0.0,1.0,1.0,1.0,42,1.0,42,,0,1.0,42
mlp,17,4,CRC11,3220,0.5369565217391304,0.13540372670807455,0.327639751552795,0.6248447204968944,0.08788819875776398,0.29242119382964454,1491,0.6490825688073395,436,0.12101105845181674,3165,0.9636363636363636,55
mlp,17,4,CRC13,2601,0.5363321799307958,0.16493656286043828,0.29873125720876587,0.6359092656670511,0.09957708573625529,0.35572139303482586,1206,0.6037296037296037,429,0.10981210855949895,2395,0.8058252427184466,206
mlp,17,4,CRC16,3959,0.015155342258145996,0.8709270017681232,0.11391765597373074,0.13412477898459207,0.11896943672644607,0.8843293152090279,3899,0.13660092807424595,3448,0.7653061224489796,2156,0.9972268441486412,1803
mlp,17,4,CRC17,2750,0.06836363636363636,0.5901818181818181,0.34145454545454546,0.2069090909090909,0.13854545454545455,0.6334894613583139,2562,0.23475046210720887,1623,0.38483796296296297,1728,0.9373776908023483,1022
mlp,17,4,CRC22,3623,0.37786364890974333,0.46204802649737786,0.16008832459287883,0.6599503174165057,0.28208666850676234,0.7426796805678794,2254,0.6105137395459976,1674,0.3753646677471637,3085,0.9591078066914498,538
mlp,17,4,CRC23,2883,0.25841137703780787,0.6760319112036074,0.06555671175858481,0.7339576829691293,0.4755463059313215,0.9115996258185219,2138,0.7034376603386352,1949,0.35805991440798857,1402,0.9770425388251182,1481
mlp,17,4,CRC24,2677,0.39148300336197234,0.4519985057900635,0.15651849084796413,0.6783713111692192,0.28688830780724695,0.7427869858809085,1629,0.6347107438016529,1210,0.3113744075829384,2110,0.9753086419753086,567
mlp,17,4,CRC25,3070,0.11465798045602606,0.8188925081433225,0.06644951140065146,0.5205211726384364,0.4058631921824104,0.9249448123620309,2718,0.49562450278440734,2514,0.4983922829581994,933,0.9588207767898924,2137
mlp,17,4,GC28_P_cDNA,2915,0.5204116638078902,0.21921097770154374,0.26037735849056604,0.6473413379073757,0.1269296740994854,0.4570815450643777,1398,0.5790297339593115,639,0.15247678018575853,2584,0.7401812688821753,331
mlp,17,4,GC29_P_cDNA,1576,0.45685279187817257,0.14022842639593908,0.4029187817258883,0.5088832487309645,0.05203045685279188,0.25817757009345793,856,0.37104072398190047,221,0.0773972602739726,1460,0.9310344827586207,116
mlp,17,4,GC2_P_cDNA,2334,0.4241645244215938,0.28063410454155957,0.2952013710368466,0.5646958011996572,0.1405312767780634,0.48735119047619047,1344,0.500763358778626,655,0.25289403383793413,2246,0.9886363636363636,88
mlp,17,4,GC30_P_cDNA,2820,0.39290780141843973,0.4021276595744681,0.2049645390070922,0.6131205673758865,0.22021276595744682,0.6623831775700935,1712,0.5476190476190477,1134,0.2535778175313059,2236,0.9708904109589042,584
mlp,17,4,GC31_P_cDNA,3440,0.538953488372093,0.16569767441860464,0.29534883720930233,0.6284883720930232,0.08953488372093023,0.3593947036569987,1586,0.5403508771929825,570,0.06519489479130734,2899,0.7042513863216266,541
mlp,17,4,GC32_P_cDNA,3824,0.27405857740585776,0.5802824267782427,0.14565899581589958,0.608786610878661,0.33472803347280333,0.7993515850144092,2776,0.5768364127985579,2219,0.11222681630242173,1693,0.9521351478179259,2131
mlp,17,4,GC36_P_cDNA,3337,0.6188192987713516,0.0386574767755469,0.34252322445310157,0.6320047947258016,0.013185495954450104,0.10141509433962265,1272,0.34108527131782945,129,0.024923076923076923,3250,0.5517241379310345,87
mlp,17,4,HCC-1,3021,0.22277391592188017,0.6650115855676928,0.11221449851042702,0.5749751737835154,0.3522012578616352,0.8556218057921635,2348,0.5296167247386759,2009,0.3157894736842105,1444,0.9847812301838935,1577
mlp,17,4,HCC-2-1_1,2442,0.214987714987715,0.6605241605241605,0.12448812448812449,0.5909090909090909,0.3759213759213759,0.8414188836724048,1917,0.569125852448853,1613,0.49472377405338297,1611,0.9819494584837545,831
mlp,17,4,HCC-2-2,2589,0.2564696794129007,0.6102742371572035,0.1332560834298957,0.5959830050212437,0.33951332560834296,0.8207792207792208,1925,0.5563291139240506,1580,0.44362606232294616,1765,0.9672330097087378,824
mlp,17,4,HCC-22,3858,0.62182477967859,0.12389839294971487,0.25427682737169516,0.6881804043545878,0.06635562467599793,0.3276216586703221,1459,0.5355648535564853,478,0.08461538461538462,3640,0.7798165137614679,218
mlp,17,4,HCC-24,4670,0.45417558886509635,0.3758029978586724,0.17002141327623127,0.6813704496788009,0.2271948608137045,0.6885052961945861,2549,0.6045584045584046,1755,0.14780531501940877,3349,0.9538228614685844,1321
mlp,17,4,HCC-3-1_2,2988,0.21485943775100402,0.6686746987951807,0.11646586345381527,0.6030789825970548,0.38821954484605087,0.8516624040920716,2346,0.5805805805805806,1998,0.5492633517495396,2172,0.9865196078431373,816
mlp,17,4,HCC-3-2_1,2875,0.09982608695652175,0.8608695652173913,0.03930434782608696,0.6570434782608696,0.5572173913043478,0.9563369397217929,2588,0.6472727272727272,2475,0.5455594002306805,867,0.9970119521912351,2008
mlp,17,4,PBMC-1,10190,0.13905789990186457,0.5946025515210991,0.2663395485770363,0.310107948969578,0.17105004906771346,0.6906417417075117,8773,0.2876712328767123,6059,0.46163366336633666,7272,0.9259766963673749,2918
mlp,17,4,PBMC-2,7284,0.1455244371224602,0.49917627677100496,0.3552992861065349,0.2947556287753981,0.14923119165293794,0.5841902313624678,6224,0.29895489548954896,3636,0.2366943633505502,4453,0.9120452137054045,2831
mlp,17,4,PBMC-3,10547,0.0628614771973073,0.847349957333839,0.0897885654688537,0.3852280269270883,0.32236654972978096,0.9041885876163497,9884,0.3804408638245496,8937,0.6972149040270982,5314,0.9998089050257978,5233
mlp,17,4,PBMC-4,9607,0.06505672946809618,0.7694389507650672,0.1655043197668367,0.3030082231706048,0.2379514937025086,0.8229792919171677,8982,0.3092532467532468,7392,0.5863746958637469,5343,0.9988273921200751,4264
mlp,17,4,PBMC-5,7598,0.20005264543300869,0.4473545669913135,0.3525927875756778,0.33192945511976835,0.13187680968675966,0.5592300098716683,6078,0.294792586054722,3399,0.3578137028483449,6495,0.9746146872166818,1103
mlp,17,4,PBMC-6,7271,0.09902351808554531,0.7549167927382754,0.14605968917617934,0.3029844588089671,0.2039609407234218,0.8378873454434438,6551,0.27017671707050467,5489,0.6414520381261407,4931,0.994017094017094,2340
mlp,17,4,PC-1,7456,0.43978004291845496,0.2884924892703863,0.2717274678111588,0.5945547210300429,0.154774678111588,0.5149628920277711,4177,0.5364946536494654,2151,0.21634472511144132,6730,0.9573002754820936,726
mlp,17,4,PC-2,978,0.5061349693251533,0.0541922290388548,0.4396728016359918,0.5306748466257669,0.024539877300613498,0.10973084886128365,483,0.4528301886792453,53,0.04361370716510903,963,0.7333333333333333,15
mlp,17,4,PC-3,2310,0.49783549783549785,0.16103896103896104,0.3411255411255411,0.5822510822510822,0.08441558441558442,0.32068965517241377,1160,0.5241935483870968,372,0.058174523570712136,1994,0.810126582278481,316
mlp,17,4,PC-4,570,0.3263157894736842,0.543859649122807,0.12982456140350876,0.7087719298245614,0.3824561403508772,0.8072916666666666,384,0.7032258064516129,310,0.44776119402985076,469,0.9900990099009901,101
mlp,17,4,PC-5,1972,0.43103448275862066,0.23225152129817445,0.3367139959432049,0.5532454361054767,0.12221095334685599,0.40819964349376114,1122,0.5262008733624454,458,0.04135079255685734,1451,0.763915547024952,521
mlp,17,4,PC-6,2377,0.5683634833824148,0.1110643668489693,0.3205721497686159,0.6344131257888094,0.06604964240639462,0.2573099415204678,1026,0.5946969696969697,264,0.05568233683249658,2191,0.7634408602150538,186
mlp,17,4,PRZ1,3411,0.5775432424508942,0.13368513632365875,0.2887716212254471,0.6540603928466725,0.07651715039577836,0.3164469118667592,1441,0.5723684210526315,456,0.07634069400630915,3170,0.8879668049792531,241
mlp,17,4,PRZ2,7220,0.5240997229916897,0.2677285318559557,0.20817174515235456,0.6937673130193905,0.16966759002770082,0.5625727590221188,3436,0.6337299534402483,1933,0.14396822770147277,6043,0.903143585386576,1177
mlp,17,4,PRZ3,4300,0.44,0.36441860465116277,0.1955813953488372,0.6276744186046511,0.18767441860465117,0.6507475083056479,2408,0.5149968091895342,1567,0.22284204345273048,3406,0.9038031319910514,894
mlp,17,4,PRZ4,4819,0.4762398837933181,0.29508196721311475,0.22867814899356714,0.6459846441170367,0.1697447603237186,0.563391442155309,2524,0.5752461322081576,1422,0.26028896672504376,4568,0.9282868525896414,251
mlp,17,4,PRZ5,4429,0.3368706254233461,0.4226687739896139,0.24046060058703997,0.5572363964777602,0.2203657710544141,0.6373850868232891,2937,0.5213675213675214,1872,0.23197586726998493,3315,0.9901256732495511,1114
mlp,17,4,PRZ6,3309,0.25415533393774553,0.5596857056512542,0.1861589604110003,0.5022665457842248,0.2481112118464793,0.7504051863857374,2468,0.44330453563714906,1852,0.2994974874371859,1990,0.9522365428354814,1319
mlp,29,-1,CRC11,7469,0.28049270317311553,0.5812023028517874,0.13830499397509707,0.6215022091310751,0.3410095059579596,0.807778191291403,5374,0.5867311679336559,4341,0.11155378486055777,3263,0.9455539705183071,4206
mlp,29,-1,CRC13,5062,0.37159225602528645,0.40023706045041485,0.2281706835242987,0.6926116159620703,0.3210193599367839,0.6369066331342346,3181,0.8020730503455084,2026,0.05631456181272909,3001,0.901018922852984,2061
mlp,29,-1,CRC16,7478,0.2694570740839797,0.6192832308103771,0.11125969510564322,0.39890345012035305,0.12944637603637335,0.847702727439136,5463,0.20902612826603326,4631,0.3920301561658589,3714,0.8435175345377258,3764
mlp,29,-1,CRC17,6427,0.19106892796016803,0.5027228878170219,0.30620818422281004,0.4023650225610705,0.21129609460090246,0.621465666474322,5199,0.42030331166821416,3231,0.21582257530619,3021,0.7571931884908985,3406
mlp,29,-1,CRC22,5203,0.4166826830674611,0.40995579473380744,0.1733615221987315,0.6792235248894868,0.26254084182202575,0.7028006589785832,3035,0.6404125644631974,2133,0.22577092511013216,3632,0.8357733927434755,1571
mlp,29,-1,CRC23,6110,0.42896890343698857,0.4978723404255319,0.07315875613747955,0.8009819967266776,0.372013093289689,0.8718830610490111,3489,0.7472057856673241,3042,0.21838719799184186,3187,0.8026000684228533,2923
mlp,29,-1,CRC24,7254,0.3418803418803419,0.5539012958367797,0.10421836228287841,0.7714364488558036,0.4295561069754618,0.841642228739003,4774,0.7755102040816326,4018,0.1358974358974359,3120,0.8693759071117562,4134
mlp,29,-1,CRC25,7233,0.29075072583990047,0.5270288953407991,0.18222037881930042,0.5842665560624913,0.2935158302225909,0.7430799220272905,5130,0.5569254984260231,3812,0.10966810966810966,3465,0.910828025477707,3768
mlp,29,-1,GC28_P_cDNA,7320,0.40710382513661203,0.39904371584699455,0.19385245901639345,0.6666666666666666,0.25956284153005466,0.6730414746543779,4340,0.6504621704895583,2921,0.11243243243243244,4625,0.8909090909090909,2695
mlp,29,-1,GC29_P_cDNA,5117,0.28376001563416064,0.5020519835841313,0.21418800078170802,0.6437365643931992,0.3599765487590385,0.7009549795361528,3665,0.7170105099260412,2569,0.060109289617486336,2562,0.9452054794520548,2555
mlp,29,-1,GC2_P_cDNA,4443,0.2835921674544227,0.5415259959486833,0.174881836596894,0.5392752644609498,0.25568309700652714,0.7558906691800189,3183,0.47215295095594345,2406,0.23318385650224216,2453,0.9216080402010051,1990
mlp,29,-1,GC30_P_cDNA,7164,0.28964265773311,0.6014796203238414,0.10887772194304858,0.6486599664991625,0.3590173087660525,0.8467282373747298,5089,0.5968902297516825,4309,0.24784413925263493,3131,0.8760228118026283,4033
mlp,29,-1,GC31_P_cDNA,7103,0.33957482753766016,0.45389272138533016,0.2065324510770097,0.6742221596508517,0.3346473321131916,0.6872735024515029,4691,0.7372828784119106,3224,0.13428158148505304,4148,0.9025380710659898,2955
mlp,29,-1,GC32_P_cDNA,7179,0.2526814319543112,0.5704137066443794,0.17690486140130937,0.6686167989970748,0.4159353670427636,0.7632805219012115,5365,0.7291819291819291,4095,0.03366886497743839,2881,0.9302000930665426,4298
mlp,29,-1,GC36_P_cDNA,7234,0.33881669892175836,0.4719380702239425,0.18924523085429915,0.6920099529997236,0.35319325407796515,0.7137779636211583,4783,0.7483889865260691,3414,0.061944656004061946,3939,0.9620637329286799,3295
mlp,29,-1,HCC-1,7055,0.4148830616583983,0.41743444365698085,0.16768249468462085,0.6945428773919207,0.27965981573352233,0.7134205426356589,4128,0.6699490662139219,2945,0.0964109781843772,4263,0.9075931232091691,2792
mlp,29,-1,HCC-2-1_1,6913,0.455373933169391,0.3904238391436424,0.1542022276869666,0.7154636192680457,0.2600896860986547,0.7168658698539176,3765,0.666172656539459,2699,0.2002290950744559,4365,0.716248037676609,2548
mlp,29,-1,HCC-2-2,7179,0.4495055021590751,0.3978269954032595,0.15266750243766541,0.722524028416214,0.2730185262571389,0.7226720647773279,3952,0.6862745098039216,2856,0.17717514124293784,4425,0.7523602033405955,2754
mlp,29,-1,HCC-22,7019,0.46530844849693687,0.3859524148739137,0.14873913662914945,0.7924205727311583,0.3271121242342214,0.7218225419664268,3753,0.8475452196382429,2709,0.05621230398069964,4145,0.8615170494084899,2874
mlp,29,-1,HCC-24,7039,0.4443813041625231,0.4283278874840176,0.1272908083534593,0.7623241937775252,0.3179428896150021,0.770902582459729,3911,0.7422885572139304,3015,0.13995849665667512,4337,0.8911917098445595,2702
mlp,29,-1,HCC-3-1_2,7198,0.42400666851903307,0.44734648513475966,0.12864684634620727,0.7085301472631287,0.28452347874409556,0.7766521948866377,4146,0.6360248447204969,3220,0.23532242540904716,4156,0.7370151216305062,3042
mlp,29,-1,HCC-3-2_1,7285,0.4649279341111874,0.40631434454358273,0.12875772134522992,0.7430336307481126,0.2781056966369252,0.7593637762955362,3898,0.6844594594594594,2960,0.17077625570776256,4380,0.7614457831325301,2905
mlp,29,-1,PBMC-1,22144,0.2551481213872832,0.5032966040462428,0.241555274566474,0.4986903901734104,0.24354226878612717,0.6757002546380502,16494,0.4838941229250785,11145,0.3188526102195167,10842,0.6802335869757565,11302
mlp,29,-1,PBMC-2,16302,0.22205864311127468,0.6144031407189302,0.1635382161697951,0.5267451846399215,0.30468654152864677,0.7897807916732377,12682,0.4959065495207668,10016,0.22383524645509792,5924,0.8373482366544613,10378
mlp,29,-1,PBMC-3,21398,0.26885690251425365,0.6308066174408823,0.10033648004486401,0.5529488737265165,0.2840919712122628,0.8627676573985299,15645,0.4503630167432212,13498,0.32705976574231654,9989,0.8967481812604085,11409
mlp,29,-1,PBMC-4,22627,0.3121492022804614,0.6046316347726168,0.08321916294692182,0.5490785344941883,0.23692933221372697,0.8790156772038037,15564,0.3918573203713179,13681,0.4071310116086235,10854,0.7867153656672046,11773
mlp,29,-1,PBMC-5,19153,0.3604657233853704,0.4333002662768235,0.20623401033780608,0.5857568005012269,0.22529107711585653,0.6775246958935424,12249,0.5199421617062296,8299,0.2918502202643172,9988,0.5874522640480088,9165
mlp,29,-1,PBMC-6,15164,0.34891849116328144,0.452782906884727,0.19829860195199156,0.563044051701398,0.2141255605381166,0.6954319862250582,9873,0.4729099912612875,6866,0.28184766804607986,8941,0.6983769885907118,6223
mlp,29,-1,PC-1,17977,0.2658953106747511,0.553151248817934,0.1809534405073149,0.6913834343883851,0.4254881237136341,0.7535045843752368,13197,0.7692075623491552,9944,0.15591138935709126,8306,0.8943232344121601,9671
mlp,29,-1,PC-2,1929,0.27838258164852253,0.48729911871435977,0.23431829963711767,0.607568688439606,0.32918610679108345,0.6752873563218391,1392,0.675531914893617,940,0.07902439024390244,1025,0.9502212389380531,904
mlp,29,-1,PC-3,4981,0.3316603091748645,0.438666934350532,0.2296727564746035,0.6767717325838185,0.345111423408954,0.6563532592370082,3329,0.7867276887871854,2185,0.06299212598425197,2794,0.918609967992684,2187
mlp,29,-1,PC-4,2060,0.3145631067961165,0.6169902912621359,0.06844660194174758,0.6776699029126214,0.36310679611650487,0.9001416430594901,1412,0.5885129819040126,1271,0.27385892116182575,723,0.8025430067314884,1337
mlp,29,-1,PC-5,3977,0.33844606487301987,0.35780739250691473,0.3037465426200654,0.5946693487553433,0.25622328388232335,0.5408589889775751,2631,0.7160927617709065,1423,0.030849358974358976,2496,0.9088453747467927,1481
mlp,29,-1,PC-6,6890,0.35094339622641507,0.4008708272859216,0.24818577648766327,0.590856313497823,0.23991291727140784,0.6176207513416816,4472,0.5984793627805938,2762,0.09615384615384616,4420,0.9461538461538461,2470
mlp,29,-1,PRZ1,8750,0.30125714285714283,0.5672,0.13154285714285716,0.7578285714285714,0.4565714285714286,0.8117435394177298,6114,0.8049566794277655,4963,0.08977035490605428,3832,0.9392029280195201,4918
mlp,29,-1,PRZ2,12428,0.39547795300933375,0.44303186353395557,0.16149018345671065,0.7062278725458642,0.3107499195365304,0.7328630374018368,7513,0.7014166363966582,5506,0.11950718685831623,7305,0.9043529182119852,5123
mlp,29,-1,PRZ3,9117,0.40660304924865637,0.437205221015685,0.15619172973565865,0.7001206537238126,0.2935176044751563,0.7367837338262477,5410,0.6713497240341194,3986,0.16275167785234898,5364,0.8294697575273114,3753
mlp,29,-1,PRZ4,7719,0.3753076823422723,0.44383987563155847,0.18085244202616918,0.6946495660059593,0.319341883663687,0.7104935711323103,4822,0.719497956800934,3426,0.19925895430218196,4858,0.859140160782943,2861
mlp,29,-1,PRZ5,12944,0.26668726823238564,0.6231458590852905,0.11016687268232386,0.6773022249690976,0.410614956736712,0.8497682258744206,9492,0.6589387552690305,8066,0.22115384615384615,4680,0.8507986447241046,8264
mlp,29,-1,PRZ6,8748,0.32578875171467764,0.5008001828989483,0.17341106538637402,0.6616369455875629,0.3358481938728852,0.7427941675144116,5898,0.6706231454005934,4381,0.13369589848175845,4413,0.8745098039215686,4335
mlp,29,0,CRC11,324,0.015432098765432098,0.9814814814814815,0.0030864197530864196,0.7870370370370371,0.7716049382716049,0.9968652037617555,319,0.7861635220125787,318,0.0,5,0.9968652037617555,319
mlp,29,0,CRC13,209,0.1339712918660287,0.861244019138756,0.004784688995215311,0.9138755980861244,0.7799043062200957,0.994475138121547,181,0.9055555555555556,180,0.0,21,0.9574468085106383,188
mlp,29,0,CRC16,167,0.0658682634730539,0.9281437125748503,0.005988023952095809,0.8502994011976048,0.7844311377245509,0.9935897435897436,156,0.8451612903225807,155,0.14285714285714285,14,1.0,153
mlp,29,0,CRC17,269,0.03345724907063197,0.9628252788104089,0.0037174721189591076,0.79182156133829,0.758364312267658,0.9961538461538462,260,0.7876447876447876,259,0.0,10,1.0,259
mlp,29,0,CRC22,213,0.2112676056338028,0.784037558685446,0.004694835680751174,0.7934272300469484,0.5821596244131455,0.9940476190476191,168,0.7425149700598802,167,0.03225806451612903,31,0.9120879120879121,182
mlp,29,0,CRC23,91,0.10989010989010989,0.8901098901098901,0.0,0.8791208791208791,0.7692307692307693,1.0,81,0.8641975308641975,81,0.0,7,0.9642857142857143,84
mlp,29,0,CRC24,238,0.07142857142857142,0.9285714285714286,0.0,0.8697478991596639,0.7983193277310925,1.0,221,0.8597285067873304,221,0.058823529411764705,17,0.995475113122172,221
mlp,29,0,CRC25,501,0.08383233532934131,0.9121756487025948,0.003992015968063872,0.8223552894211577,0.7385229540918163,0.9956427015250545,459,0.8096280087527352,457,0.0,30,0.970276008492569,471
mlp,29,0,GC28_P_cDNA,337,0.23738872403560832,0.7566765578635015,0.005934718100890208,0.9020771513353115,0.6646884272997032,0.9922178988326849,257,0.8784313725490196,255,0.0,78,0.9845559845559846,259
mlp,29,0,GC29_P_cDNA,225,0.0044444444444444444,0.9955555555555555,0.0,0.9511111111111111,0.9466666666666667,1.0,224,0.9508928571428571,224,0.0,1,1.0,224
mlp,29,0,GC2_P_cDNA,226,0.048672566371681415,0.9513274336283186,0.0,0.8008849557522124,0.7522123893805309,1.0,215,0.7906976744186046,215,0.0,9,0.9907834101382489,217
mlp,29,0,GC30_P_cDNA,400,0.025,0.975,0.0,0.9375,0.9125,1.0,390,0.9358974358974359,390,0.1,10,0.9974358974358974,390
mlp,29,0,GC31_P_cDNA,939,0.025559105431309903,0.972310969116081,0.002129925452609159,0.9350372736954207,0.9094781682641108,0.9978142076502732,915,0.9353778751369113,913,0.045454545454545456,22,0.9945474372955289,917
mlp,29,0,GC32_P_cDNA,713,0.14726507713884993,0.8387096774193549,0.014025245441795231,0.8976157082748948,0.7503506311360448,0.9835526315789473,608,0.8946488294314381,598,0.009708737864077669,103,0.978688524590164,610
mlp,29,0,GC36_P_cDNA,790,0.13670886075949368,0.8607594936708861,0.002531645569620253,0.9430379746835443,0.8063291139240506,0.9970674486803519,682,0.9367647058823529,680,0.0,91,0.9728183118741058,699
mlp,29,0,HCC-1,390,0.03333333333333333,0.9666666666666667,0.0,0.9512820512820512,0.9179487179487179,1.0,377,0.9496021220159151,377,0.1,10,0.9894736842105263,380
mlp,29,0,HCC-2-1_1,200,0.025,0.975,0.0,0.98,0.955,1.0,195,0.9794871794871794,195,0.0,5,1.0,195
mlp,29,0,HCC-2-2,309,0.0,1.0,0.0,0.948220064724919,0.948220064724919,1.0,309,0.948220064724919,309,,0,1.0,309
mlp,29,0,HCC-22,679,0.22974963181148747,0.7658321060382917,0.004418262150220913,0.8910162002945509,0.6612665684830633,0.994263862332696,523,0.8634615384615385,520,0.0189873417721519,158,0.9923224568138196,521
mlp,29,0,HCC-24,401,0.24688279301745636,0.6758104738154613,0.0773067331670823,0.8753117206982544,0.628428927680798,0.8973509933774835,302,0.9298892988929889,271,0.018018018018018018,111,0.9275862068965517,290
mlp,29,0,HCC-3-1_2,202,0.0049504950495049506,0.995049504950495,0.0,0.9504950495049505,0.9455445544554455,1.0,201,0.9502487562189055,201,,0,0.995049504950495,202
mlp,29,0,HCC-3-2_1,230,0.017391304347826087,0.9826086956521739,0.0,0.9652173913043478,0.9478260869565217,1.0,226,0.9646017699115044,226,0.0,3,0.9955947136563876,227
mlp,29,0,PBMC-1,2772,0.06854256854256854,0.827922077922078,0.10353535353535354,0.48304473304473305,0.4145021645021645,0.888845855925639,2582,0.5006535947712418,2295,0.19014084507042253,142,0.8623574144486692,2630
mlp,29,0,PBMC-2,2118,0.030689329556185082,0.9570349386213409,0.012275731822474031,0.48536355051935787,0.4546742209631728,0.9873356064296152,2053,0.4750863344844598,2027,0.3116883116883117,77,0.9813816756491915,2041
mlp,29,0,PBMC-3,2459,0.04270028466856446,0.9324928832858885,0.02480683204554697,0.6612444082960554,0.6185441236274909,0.9740866610025488,2354,0.6633231574356738,2293,0.13253012048192772,83,0.9604377104377104,2376
mlp,29,0,PBMC-4,2612,0.013782542113323124,0.9728177641653905,0.01339969372128637,0.5497702909647779,0.5359877488514548,0.9864130434782609,2576,0.5509641873278237,2541,0.2564102564102564,39,0.9836766420520793,2573
mlp,29,0,PBMC-5,1529,0.03662524525833878,0.9555264879005886,0.007848266841072597,0.6514061478090255,0.6147809025506867,0.9918533604887984,1473,0.6433949349760438,1461,0.21666666666666667,60,0.9857045609257998,1469
mlp,29,0,PBMC-6,1231,0.034930950446791224,0.9520714865962632,0.012997562956945572,0.6490658001624695,0.6141348497156783,0.9865319865319865,1188,0.6450511945392492,1172,0.43478260869565216,46,0.9721518987341772,1185
mlp,29,0,PC-1,2813,0.005332385353714895,0.9939566299324565,0.0007109847138286527,0.9175257731958762,0.9121933878421614,0.9992852037169406,2798,0.9177396280400573,2796,0.0,14,0.9989281886387996,2799
mlp,29,0,PC-2,344,0.020348837209302327,0.9767441860465116,0.0029069767441860465,0.8633720930232558,0.8430232558139535,0.9970326409495549,337,0.8630952380952381,336,0.0,2,0.9824561403508771,342
mlp,29,0,PC-3,497,0.03822937625754527,0.9617706237424547,0.0,0.9275653923541247,0.8893360160965795,1.0,478,0.9246861924686193,478,0.14285714285714285,14,0.9855072463768116,483
mlp,29,0,PC-4,132,0.0,1.0,0.0,0.6742424242424242,0.6742424242424242,1.0,132,0.6742424242424242,132,,0,1.0,132
mlp,29,0,PC-5,207,0.03864734299516908,0.9565217391304348,0.004830917874396135,0.8454106280193237,0.8067632850241546,0.9949748743718593,199,0.8434343434343434,198,0.0,5,0.9801980198019802,202
mlp,29,0,PC-6,268,0.055970149253731345,0.9328358208955224,0.011194029850746268,0.8731343283582089,0.8171641791044776,0.9881422924901185,253,0.876,250,0.0,9,0.9652509652509652,259
mlp,29,0,PRZ1,2651,0.017729158807996984,0.980384760467748,0.001886080724254998,0.96982270841192,0.952093549603923,0.9980798771121352,2604,0.9711427472104656,2599,0.0,30,0.991606257153758,2621
mlp,29,0,PRZ2,1922,0.07180020811654526,0.9250780437044746,0.003121748178980229,0.9344432882414152,0.8626430801248699,0.9966367713004485,1784,0.9325084364454443,1778,0.08620689655172414,58,0.9511802575107297,1864
mlp,29,0,PRZ3,584,0.032534246575342464,0.9623287671232876,0.005136986301369863,0.952054794520548,0.9195205479452054,0.9946902654867257,565,0.9555160142348754,562,0.0,10,0.9790940766550522,574
mlp,29,0,PRZ4,1085,0.09308755760368663,0.9059907834101383,0.0009216589861751152,0.9511520737327189,0.8580645161290322,0.9989837398373984,984,0.9471007121057986,983,0.0,12,0.9161230195712954,1073
mlp,29,0,PRZ5,406,0.03201970443349754,0.9655172413793104,0.0024630541871921183,0.8940886699507389,0.8620689655172413,0.9974554707379135,393,0.8928571428571429,392,0.25,4,0.972636815920398,402
mlp,29,0,PRZ6,406,0.10837438423645321,0.8891625615763546,0.0024630541871921183,0.8768472906403941,0.7684729064039408,0.9972375690607734,362,0.8642659279778393,361,0.0,20,0.9352331606217616,386
mlp,29,1,CRC11,2305,0.0034707158351409977,0.9878524945770065,0.008676789587852495,0.31713665943600866,0.3136659436008677,0.9912929908576404,2297,0.31752305665349145,2277,0.5178571428571429,56,0.9995553579368608,2249
mlp,29,1,CRC13,887,0.23111612175873733,0.4791431792559188,0.2897406989853439,0.40135287485907556,0.17023675310033823,0.6231671554252199,682,0.3552941176470588,425,0.0984251968503937,508,0.9894459102902374,379
mlp,29,1,CRC16,973,0.08016443987667009,0.7070914696813977,0.21274409044193218,0.31243576567317577,0.23227132579650564,0.7687150837988826,895,0.32848837209302323,688,0.13356164383561644,292,0.9530102790014684,681
mlp,29,1,CRC17,1047,0.1279847182425979,0.19866284622731614,0.673352435530086,0.16809933142311365,0.04011461318051576,0.22782037239868566,913,0.20192307692307693,208,0.028503562945368172,842,0.8975609756097561,205
mlp,29,1,CRC22,603,0.11276948590381426,0.6981757877280266,0.1890547263681592,0.33665008291873966,0.22388059701492538,0.7869158878504673,535,0.32066508313539194,421,0.19730941704035873,223,0.9921052631578947,380
mlp,29,1,CRC23,743,0.11305518169582772,0.6904441453566622,0.19650067294751009,0.4535666218034993,0.3405114401076716,0.7784522003034902,659,0.49317738791423,513,0.20209059233449478,287,0.9978070175438597,456
mlp,29,1,CRC24,1275,0.06823529411764706,0.8235294117647058,0.10823529411764705,0.4258823529411765,0.35764705882352943,0.8838383838383839,1188,0.4342857142857143,1050,0.20363636363636364,275,0.994,1000
mlp,29,1,CRC25,2612,0.5513016845329249,0.019525267993874426,0.4291730474732006,0.5581929555895865,0.006891271056661562,0.043515358361774746,1172,0.35294117647058826,51,0.010054137664346482,2586,0.9615384615384616,26
mlp,29,1,GC28_P_cDNA,2914,0.38023335621139326,0.408716540837337,0.21105010295126972,0.5531914893617021,0.17295813315030886,0.659468438538206,1806,0.42317380352644834,1191,0.11625514403292181,1944,0.9948453608247423,970
mlp,29,1,GC29_P_cDNA,2010,0.30149253731343284,0.49402985074626865,0.2044776119402985,0.5223880597014925,0.2208955223880597,0.7072649572649573,1404,0.4471299093655589,993,0.059757236227824466,1071,0.9893503727369543,939
mlp,29,1,GC2_P_cDNA,1331,0.06461307287753569,0.9023290758827949,0.03305785123966942,0.304282494365139,0.2396694214876033,0.9646586345381526,1245,0.2656119900083264,1201,0.14189189189189189,148,0.9974640743871513,1183
mlp,29,1,GC30_P_cDNA,2289,0.08169506334643949,0.8602009611183923,0.0581039755351682,0.4338138925294889,0.3521188291830494,0.9367269267364415,2102,0.40934484509903507,1969,0.22074468085106383,376,0.9858860428646106,1913
mlp,29,1,GC31_P_cDNA,1645,0.2741641337386018,0.39209726443769,0.3337386018237082,0.435258358662614,0.16109422492401215,0.5402010050251256,1194,0.4108527131782946,645,0.10653536257833482,1117,0.9962121212121212,528
mlp,29,1,GC32_P_cDNA,1335,0.40299625468164796,0.0749063670411985,0.5220973782771535,0.4239700374531835,0.020973782771535582,0.12547051442910917,797,0.28,100,0.03137254901960784,1275,1.0,60
mlp,29,1,GC36_P_cDNA,1385,0.16678700361010831,0.6324909747292419,0.2007220216606498,0.38339350180505416,0.21660649819494585,0.7590987868284229,1154,0.3424657534246575,876,0.16885245901639345,610,0.9974193548387097,775
mlp,29,1,HCC-1,1749,0.5637507146941109,0.09834190966266437,0.3379073756432247,0.6003430531732419,0.03659233847913093,0.2254259501965924,763,0.37209302325581395,172,0.013810420590081607,1593,0.9615384615384616,156
mlp,29,1,HCC-2-1_1,2075,0.5166265060240964,0.1763855421686747,0.30698795180722893,0.6033734939759036,0.08674698795180723,0.36490528414755735,1003,0.4918032786885246,366,0.031746031746031744,1764,0.9967845659163987,311
mlp,29,1,HCC-2-2,1981,0.5769813225643614,0.08682483594144372,0.33619384149419484,0.6224129227662797,0.04543160020191822,0.2052505966587112,838,0.5232558139534884,172,0.011500547645125958,1826,0.9741935483870968,155
mlp,29,1,HCC-22,172,0.06395348837209303,0.8953488372093024,0.040697674418604654,0.7441860465116279,0.6802325581395349,0.9565217391304348,161,0.7597402597402597,154,0.2,20,0.9868421052631579,152
mlp,29,1,HCC-24,143,0.22377622377622378,0.6433566433566433,0.13286713286713286,0.6223776223776224,0.3986013986013986,0.8288288288288288,111,0.6195652173913043,92,0.1896551724137931,58,0.9529411764705882,85
mlp,29,1,HCC-3-1_2,1370,0.3978102189781022,0.310948905109489,0.29124087591240877,0.5576642335766423,0.15985401459854015,0.5163636363636364,825,0.5140845070422535,426,0.02809573361082206,961,0.9755501222493888,409
mlp,29,1,HCC-3-2_1,1443,0.4968814968814969,0.13097713097713098,0.37214137214137216,0.5641025641025641,0.06722106722106722,0.2603305785123967,726,0.5132275132275133,189,0.02122641509433962,1272,0.9473684210526315,171
mlp,29,1,PBMC-1,2920,0.4712328767123288,0.10136986301369863,0.4273972602739726,0.5102739726027398,0.03904109589041096,0.19170984455958548,1544,0.38513513513513514,296,0.020614692653673165,2668,0.9563492063492064,252
mlp,29,1,PBMC-2,2459,0.5640504270028467,0.07645384302562017,0.3594957299715331,0.5912972753151687,0.027246848312322082,0.17537313432835822,1072,0.35638297872340424,188,0.010945709281961471,2284,0.9314285714285714,175
mlp,29,1,PBMC-3,3357,0.31337503723562704,0.4581471551980935,0.22847780756627942,0.5072981829014,0.193923145665773,0.6672451193058568,2305,0.4232769830949285,1538,0.07887771307570143,1889,0.9461852861035422,1468
mlp,29,1,PBMC-4,3132,0.2276500638569604,0.5150063856960408,0.25734355044699875,0.44157088122605365,0.21392081736909324,0.666804464654816,2419,0.4153750774953503,1613,0.08265497808390733,1597,0.9648208469055375,1535
mlp,29,1,PBMC-5,2640,0.3996212121212121,0.19507575757575757,0.4053030303030303,0.47689393939393937,0.07727272727272727,0.3249211356466877,1585,0.39611650485436894,515,0.018544935805991442,2103,0.8864059590316573,537
mlp,29,1,PBMC-6,1826,0.4222343921139102,0.2502738225629792,0.32749178532311063,0.5219058050383352,0.09967141292442497,0.43317535545023694,1055,0.3982494529540481,457,0.029774872912127815,1377,0.9265033407572383,449
mlp,29,1,PC-1,3065,0.16508972267536703,0.7145187601957586,0.12039151712887439,0.4505709624796085,0.28548123980424145,0.8558030480656507,2559,0.3995433789954338,2190,0.19012115563839702,1073,0.9969879518072289,1992
mlp,29,1,PC-2,338,0.05029585798816568,0.878698224852071,0.07100591715976332,0.29289940828402367,0.24260355029585798,0.9252336448598131,321,0.2760942760942761,297,0.22641509433962265,53,1.0,285
mlp,29,1,PC-3,1027,0.3252190847127556,0.3748782862706913,0.29990262901655307,0.46932814021421615,0.14410905550146055,0.5555555555555556,693,0.38441558441558443,385,0.12414733969986358,733,1.0,294
mlp,29,1,PC-4,761,0.0683311432325887,0.8725361366622865,0.05913272010512484,0.4191852825229961,0.3508541392904074,0.9365303244005642,709,0.40210843373493976,664,0.07608695652173914,92,0.9820627802690582,669
mlp,29,1,PC-5,1203,0.3848711554447215,0.16874480465502908,0.4463840399002494,0.4389027431421446,0.05403158769742311,0.2743243243243243,740,0.32019704433497537,203,0.03946102021174206,1039,0.9878048780487805,164
mlp,29,1,PC-6,3500,0.30114285714285716,0.41714285714285715,0.2817142857142857,0.4677142857142857,0.16657142857142856,0.5968928863450531,2446,0.3993150684931507,1460,0.10584101888449715,2277,0.9967293540474244,1223
mlp,29,1,PRZ1,1039,0.17709335899903753,0.6939364773820982,0.1289701636188643,0.4465832531280077,0.2694898941289702,0.8432748538011696,855,0.3883495145631068,721,0.16533333333333333,375,0.9924698795180723,664
mlp,29,1,PRZ2,1461,0.21218343600273784,0.5797399041752225,0.2080766598220397,0.4127310061601643,0.2005475701574264,0.735881841876629,1151,0.345926800472255,847,0.16552667578659372,731,0.9945205479452055,730
mlp,29,1,PRZ3,1841,0.33514394350896254,0.3628462791960891,0.3020097772949484,0.4861488321564367,0.1510048886474742,0.545751633986928,1224,0.4161676646706587,668,0.0859621451104101,1268,0.9755671902268761,573
mlp,29,1,PRZ4,349,0.12607449856733524,0.7679083094555874,0.10601719197707736,0.41260744985673353,0.28653295128939826,0.8786885245901639,305,0.373134328358209,268,0.07692307692307693,78,0.966789667896679,271
mlp,29,1,PRZ5,2563,0.04369879047990636,0.943815840811549,0.012485368708544674,0.3901677721420211,0.3464689816621147,0.9869441044471644,2451,0.3670938404299297,2419,0.2046783625730994,171,0.9966555183946488,2392
mlp,29,1,PRZ6,2227,0.5060619667714414,0.15581499775482713,0.33812303547373146,0.570273911091154,0.06421194431971262,0.31545454545454543,1100,0.41210374639769454,347,0.018547959724430314,1887,0.9176470588235294,340
mlp,29,2,CRC11,1603,0.1933873986275733,0.8053649407361197,0.0012476606363069245,0.9806612601372426,0.7872738615096694,0.9984532095901005,1293,0.9775367931835787,1291,0.0,87,0.8515831134564644,1516
mlp,29,2,CRC13,1356,0.12684365781710916,0.8731563421828908,0.0,0.9896755162241888,0.8628318584070797,1.0,1184,0.9881756756756757,1184,0.0,15,0.8829231916480239,1341
mlp,29,2,CRC16,2359,0.8003391267486223,0.03984739296311997,0.15981348028825773,0.8232301822806274,0.022891055532005086,0.19957537154989385,471,0.574468085106383,94,0.0017401392111368909,1724,0.14330708661417324,635
mlp,29,2,CRC17,2313,0.3657587548638132,0.5028102031993082,0.13143104193687852,0.682230869001297,0.3164721141374838,0.792774369461486,1467,0.6294067067927773,1163,0.017543859649122806,399,0.6039707419017764,1914
mlp,29,2,CRC22,762,0.4225721784776903,0.5761154855643045,0.0013123359580052493,0.9973753280839895,0.5748031496062992,0.9977272727272727,440,0.9977220956719818,439,0.0,118,0.6816770186335404,644
mlp,29,2,CRC23,2384,0.6413590604026845,0.348993288590604,0.00964765100671141,0.985738255033557,0.34437919463087246,0.9730994152046784,855,0.9867788461538461,832,0.0009407337723424271,1063,0.6290688872066617,1321
mlp,29,2,CRC24,3061,0.3234237177393009,0.6749428291408036,0.001633453119895459,0.9895459000326691,0.6661221822933682,0.9975857073877354,2071,0.9869312681510165,2066,0.0,477,0.7995356037151703,2584
mlp,29,2,CRC25,1013,0.3079960513326752,0.6683119447186574,0.023692003948667325,0.9022704837117473,0.5942744323790721,0.9657631954350927,701,0.8892171344165436,677,0.008403361344537815,119,0.756152125279642,894
mlp,29,2,GC28_P_cDNA,1140,0.17280701754385966,0.8140350877192982,0.013157894736842105,0.9236842105263158,0.7508771929824561,0.9840933191940615,943,0.9224137931034483,928,0.0,6,0.818342151675485,1134
mlp,29,2,GC29_P_cDNA,1291,0.09140201394268009,0.9031758326878389,0.005422153369481022,0.9512006196746708,0.8597986057319907,0.9940323955669225,1173,0.9519725557461407,1166,0.0,10,0.9102263856362217,1281
mlp,29,2,GC2_P_cDNA,551,0.2885662431941924,0.6878402903811253,0.023593466424682397,0.9092558983666061,0.6206896551724138,0.9668367346938775,392,0.9023746701846965,379,0.07407407407407407,27,0.7194656488549618,524
mlp,29,2,GC30_P_cDNA,1644,0.46411192214111924,0.49452554744525545,0.0413625304136253,0.9330900243309003,0.46897810218978103,0.9228149829738933,881,0.948339483394834,813,0.0026954177897574125,371,0.6378633150039277,1273
mlp,29,2,GC31_P_cDNA,1059,0.16902738432483475,0.8234183191690274,0.007554296506137866,0.9423984891406988,0.773371104815864,0.990909090909091,880,0.9392201834862385,872,0.0,21,0.8400770712909441,1038
mlp,29,2,GC32_P_cDNA,1301,0.026133743274404306,0.9723289777094543,0.0015372790161414297,0.9323597232897771,0.9062259800153728,0.9984214680347278,1267,0.9320158102766798,1265,0.0,3,0.9745762711864406,1298
mlp,29,2,GC36_P_cDNA,1711,0.04441846873173583,0.950905902980713,0.004675628287551139,0.9362945645821157,0.8918760958503799,0.9951070336391438,1635,0.9379225568531039,1627,0.0,7,0.95481220657277,1704
mlp,29,2,HCC-1,1885,0.5368700265251989,0.4270557029177719,0.03607427055702918,0.929973474801061,0.3931034482758621,0.9221076746849943,873,0.9204968944099379,805,0.005549389567147614,901,0.8130081300813008,984
mlp,29,2,HCC-2-1_1,2190,0.6593607305936073,0.29497716894977166,0.045662100456621,0.9264840182648402,0.2671232876712329,0.8659517426273459,746,0.9055727554179567,646,0.0011904761904761906,840,0.4777777777777778,1350
mlp,29,2,HCC-2-2,2281,0.6637439719421306,0.2989916703200351,0.037264357737834285,0.9281017097764138,0.26435773783428324,0.8891786179921773,767,0.8841642228739003,682,0.007306889352818371,958,0.5102040816326531,1323
mlp,29,2,HCC-22,2305,0.2806941431670282,0.7006507592190889,0.018655097613882864,0.9392624728850325,0.6585683297180044,0.974065138721351,1658,0.939938080495356,1615,0.006172839506172839,324,0.8142352347299344,1981
mlp,29,2,HCC-24,1825,0.4449315068493151,0.5276712328767124,0.0273972602739726,0.938082191780822,0.4931506849315068,0.9506416584402764,1013,0.9345794392523364,963,0.009302325581395349,645,0.8110169491525424,1180
mlp,29,2,HCC-3-1_2,2625,0.7424761904761905,0.17676190476190476,0.08076190476190476,0.8906666666666667,0.14819047619047618,0.6863905325443787,676,0.8383620689655172,464,0.013408609738884969,1417,0.36837748344370863,1208
mlp,29,2,HCC-3-2_1,2722,0.7545922116091109,0.17083027185892727,0.07457751653196179,0.9074210139603233,0.15282880235121235,0.6961077844311377,668,0.8946236559139785,465,0.0025157232704402514,1590,0.40724381625441697,1132
mlp,29,2,PBMC-1,6154,0.45970100747481313,0.4540136496587585,0.08628534286642833,0.8771530711732207,0.41745206369840754,0.8403007518796992,3325,0.9194702934860415,2794,0.0,363,0.48247280262476255,5791
mlp,29,2,PBMC-2,4070,0.3515970515970516,0.5968058968058968,0.051597051597051594,0.8791154791154792,0.5275184275184275,0.9204244031830239,2639,0.883902840675175,2429,0.0055248618784530384,181,0.6243250192851633,3889
mlp,29,2,PBMC-3,4904,0.8132137030995106,0.09563621533442088,0.09115008156606852,0.8876427406199021,0.07442903752039151,0.5120087336244541,916,0.7782515991471215,469,0.0011597564511452595,3449,0.31958762886597936,1455
mlp,29,2,PBMC-4,6989,0.8687938188582057,0.04406925168121333,0.08713692946058091,0.9072828730862784,0.03848905422807269,0.33587786259541985,917,0.8733766233766234,308,0.0014012143858010276,4282,0.1115626154414481,2707
mlp,29,2,PBMC-5,7266,0.62317643820534,0.28750344068263145,0.08932012111202862,0.8777869529314616,0.2546105147261217,0.7629656683710738,2738,0.8855911919578746,2089,0.0006609385327164573,1513,0.36294107422214494,5753
mlp,29,2,PBMC-6,4702,0.6831135686941727,0.22905146746065505,0.08783496384517227,0.8851552530837942,0.20204168438962145,0.7228187919463087,1490,0.8820798514391829,1077,0.007543103448275862,1856,0.37350667603654253,2846
mlp,29,2,PC-1,4545,0.24774477447744775,0.741034103410341,0.011221122112211221,0.9573157315731573,0.7095709570957096,0.9850833577069319,3419,0.957541567695962,3368,0.003816793893129771,262,0.7861312164370768,4283
mlp,29,2,PC-2,267,0.149812734082397,0.850187265917603,0.0,0.9662921348314607,0.8164794007490637,1.0,227,0.960352422907489,227,0.0,3,0.8598484848484849,264
mlp,29,2,PC-3,1145,0.0943231441048035,0.9013100436681223,0.004366812227074236,0.9493449781659389,0.8550218340611354,0.9951783992285439,1037,0.9486434108527132,1032,0.0,41,0.9347826086956522,1104
mlp,29,2,PC-4,597,0.6850921273031826,0.30318257956448913,0.011725293132328308,0.9849246231155779,0.2998324958123953,0.9627659574468085,188,0.988950276243094,181,0.0,166,0.419953596287703,431
mlp,29,2,PC-5,584,0.03424657534246575,0.958904109589041,0.00684931506849315,0.9486301369863014,0.9143835616438356,0.9929078014184397,564,0.9535714285714286,560,0.0,3,0.963855421686747,581
mlp,29,2,PC-6,734,0.11035422343324251,0.8814713896457765,0.008174386920980926,0.9141689373297003,0.8038147138964578,0.9908116385911179,653,0.9119010819165378,647,0.058823529411764705,17,0.900976290097629,717
mlp,29,2,PRZ1,1648,0.2845873786407767,0.6686893203883495,0.046723300970873786,0.8216019417475728,0.5370145631067961,0.9346904156064462,1179,0.8030852994555354,1102,0.003215434083601286,311,0.8234854151084517,1337
mlp,29,2,PRZ2,1821,0.2591982427237781,0.6666666666666666,0.07413509060955518,0.7468423942888522,0.4876441515650741,0.8999258710155671,1349,0.7314662273476112,1214,0.0,376,0.8401384083044983,1445
mlp,29,2,PRZ3,2390,0.5305439330543933,0.42845188284518826,0.04100418410041841,0.9192468619246862,0.3887029288702929,0.9126559714795008,1122,0.9072265625,1024,0.0024242424242424242,825,0.6530351437699681,1565
mlp,29,2,PRZ4,1456,0.3159340659340659,0.6401098901098901,0.04395604395604396,0.8145604395604396,0.49862637362637363,0.9357429718875502,996,0.778969957081545,932,0.0,237,0.7645611156685808,1219
mlp,29,2,PRZ5,5532,0.3156182212581345,0.6487707881417208,0.03561099060014461,0.9043745480838756,0.5887563268257412,0.9479661912308505,3786,0.9074951239899693,3589,0.006729475100942127,743,0.748381708081019,4789
mlp,29,2,PRZ6,2764,0.2890738060781476,0.6874095513748191,0.023516642547033284,0.8784370477568741,0.5893632416787264,0.9669211195928753,1965,0.8573684210526316,1900,0.009411764705882352,425,0.8106028217186833,2339
mlp,29,3,CRC11,17,0.0,1.0,0.0,0.9411764705882353,0.9411764705882353,1.0,17,0.9411764705882353,17,,0,1.0,17
mlp,29,3,CRC13,9,0.0,1.0,0.0,1.0,1.0,1.0,9,1.0,9,,0,1.0,9
mlp,29,3,CRC16,20,0.0,1.0,0.0,1.0,1.0,1.0,20,1.0,20,,0,1.0,20
mlp,29,3,CRC17,48,0.0,1.0,0.0,0.7916666666666666,0.7916666666666666,1.0,48,0.7916666666666666,48,,0,1.0,48
mlp,29,3,CRC22,2,0.0,1.0,0.0,1.0,1.0,1.0,2,1.0,2,,0,1.0,2
mlp,29,3,CRC23,9,0.0,1.0,0.0,1.0,1.0,1.0,9,1.0,9,,0,1.0,9
mlp,29,3,CRC24,3,0.0,1.0,0.0,1.0,1.0,1.0,3,1.0,3,,0,1.0,3
mlp,29,3,CRC25,37,0.0,1.0,0.0,1.0,1.0,1.0,37,1.0,37,,0,1.0,37
mlp,29,3,GC28_P_cDNA,14,0.0,1.0,0.0,1.0,1.0,1.0,14,1.0,14,,0,1.0,14
mlp,29,3,GC29_P_cDNA,15,0.0,1.0,0.0,1.0,1.0,1.0,15,1.0,15,,0,1.0,15
mlp,29,3,GC2_P_cDNA,1,0.0,1.0,0.0,1.0,1.0,1.0,1,1.0,1,,0,1.0,1
mlp,29,3,GC30_P_cDNA,11,0.0,1.0,0.0,1.0,1.0,1.0,11,1.0,11,,0,1.0,11
mlp,29,3,GC31_P_cDNA,20,0.0,1.0,0.0,1.0,1.0,1.0,20,1.0,20,,0,1.0,20
mlp,29,3,GC32_P_cDNA,6,0.0,1.0,0.0,1.0,1.0,1.0,6,1.0,6,,0,1.0,6
mlp,29,3,GC36_P_cDNA,11,0.0,1.0,0.0,1.0,1.0,1.0,11,1.0,11,,0,1.0,11
mlp,29,3,HCC-1,10,0.0,1.0,0.0,1.0,1.0,1.0,10,1.0,10,,0,1.0,10
mlp,29,3,HCC-2-1_1,6,0.0,1.0,0.0,1.0,1.0,1.0,6,1.0,6,,0,1.0,6
mlp,29,3,HCC-2-2,19,0.0,1.0,0.0,1.0,1.0,1.0,19,1.0,19,,0,1.0,19
mlp,29,3,HCC-22,5,0.0,1.0,0.0,1.0,1.0,1.0,5,1.0,5,,0,1.0,5
mlp,29,3,HCC-3-1_2,13,0.0,1.0,0.0,1.0,1.0,1.0,13,1.0,13,,0,1.0,13
mlp,29,3,HCC-3-2_1,15,0.0,1.0,0.0,1.0,1.0,1.0,15,1.0,15,,0,1.0,15
mlp,29,3,PBMC-1,108,0.009259259259259259,0.9907407407407407,0.0,1.0,0.9907407407407407,1.0,107,1.0,107,,0,0.9907407407407407,108
mlp,29,3,PBMC-2,371,0.005390835579514825,0.9946091644204852,0.0,0.954177897574124,0.9487870619946092,1.0,369,0.9539295392953929,369,,0,0.9946091644204852,371
mlp,29,3,PBMC-3,131,0.29770992366412213,0.7022900763358778,0.0,0.9847328244274809,0.6870229007633588,1.0,92,0.9782608695652174,92,0.08823529411764706,34,0.9175257731958762,97
mlp,29,3,PBMC-4,287,0.0313588850174216,0.9686411149825784,0.0,1.0,0.9686411149825784,1.0,278,1.0,278,0.0,4,0.9823321554770318,283
mlp,29,3,PBMC-5,120,0.0,1.0,0.0,1.0,1.0,1.0,120,1.0,120,,0,1.0,120
mlp,29,3,PBMC-6,134,0.08208955223880597,0.917910447761194,0.0,0.9925373134328358,0.9104477611940298,1.0,123,0.991869918699187,123,0.0,6,0.9609375,128
mlp,29,3,PC-1,98,0.0,1.0,0.0,1.0,1.0,1.0,98,1.0,98,,0,1.0,98
mlp,29,3,PC-2,2,0.0,1.0,0.0,1.0,1.0,1.0,2,1.0,2,,0,1.0,2
mlp,29,3,PC-3,2,0.0,1.0,0.0,1.0,1.0,1.0,2,1.0,2,,0,1.0,2
mlp,29,3,PC-5,11,0.0,1.0,0.0,1.0,1.0,1.0,11,1.0,11,,0,1.0,11
mlp,29,3,PC-6,11,0.0,1.0,0.0,1.0,1.0,1.0,11,1.0,11,,0,1.0,11
mlp,29,3,PRZ1,1,0.0,1.0,0.0,1.0,1.0,1.0,1,1.0,1,,0,1.0,1
mlp,29,3,PRZ2,4,0.0,1.0,0.0,1.0,1.0,1.0,4,1.0,4,,0,1.0,4
mlp,29,3,PRZ3,2,0.0,1.0,0.0,1.0,1.0,1.0,2,1.0,2,,0,1.0,2
mlp,29,3,PRZ4,10,0.0,1.0,0.0,1.0,1.0,1.0,10,1.0,10,,0,1.0,10
mlp,29,3,PRZ5,14,0.0,1.0,0.0,1.0,1.0,1.0,14,1.0,14,,0,1.0,14
mlp,29,3,PRZ6,42,0.0,1.0,0.0,1.0,1.0,1.0,42,1.0,42,,0,1.0,42
mlp,29,4,CRC11,3220,0.5503105590062112,0.1360248447204969,0.3136645962732919,0.6422360248447205,0.09192546583850932,0.30248618784530384,1448,0.6757990867579908,438,0.10754414125200643,3115,0.9809523809523809,105
mlp,29,4,CRC13,2601,0.5674740484429066,0.08765859284890427,0.34486735870818913,0.6182237600922722,0.05074971164936563,0.20266666666666666,1125,0.5789473684210527,228,0.04843304843304843,2457,0.7569444444444444,144
mlp,29,4,CRC16,3959,0.00959838343015913,0.9280121242738065,0.062389492296034355,0.1452386966405658,0.13564031321040668,0.9370058658505483,3921,0.1461622210125204,3674,0.838479809976247,1684,0.9942857142857143,2275
mlp,29,4,CRC17,2750,0.08690909090909091,0.5647272727272727,0.3483636363636364,0.21127272727272728,0.12436363636363636,0.618478693747511,2511,0.22021893110109467,1553,0.35084745762711866,1770,0.9510204081632653,980
mlp,29,4,CRC22,3623,0.4783328733094121,0.30471984543196245,0.21694728125862545,0.6624344465912227,0.18410157328181065,0.5841269841269842,1890,0.6041666666666666,1104,0.23773006134969324,3260,0.90633608815427,363
mlp,29,4,CRC23,2883,0.34616718695802984,0.5574054804023586,0.09642733263961152,0.7346514047866806,0.3884842178286507,0.8525198938992042,1885,0.6969508400746733,1607,0.3480874316939891,1830,0.9211775878442545,1053
mlp,29,4,CRC24,2677,0.5177437429958909,0.25326858423608517,0.2289876727680239,0.6776242062009712,0.15988046320508031,0.5251742835011619,1291,0.6312684365781711,678,0.1561037856231391,2351,0.9539877300613497,326
mlp,29,4,CRC25,3070,0.1006514657980456,0.8436482084690554,0.05570032573289902,0.4576547231270358,0.35700325732899024,0.9380659181455995,2761,0.42316602316602314,2590,0.48356164383561645,730,0.955982905982906,2340
mlp,29,4,GC28_P_cDNA,2915,0.5471698113207547,0.18284734133790737,0.26998284734133793,0.6507718696397942,0.10360205831903944,0.4037878787878788,1320,0.5666041275797373,533,0.11320754716981132,2597,0.7515723270440252,318
mlp,29,4,GC29_P_cDNA,1576,0.4612944162436548,0.108502538071066,0.4302030456852792,0.4993654822335025,0.03807106598984772,0.20141342756183744,849,0.3508771929824561,171,0.060810810810810814,1480,0.84375,96
mlp,29,4,GC2_P_cDNA,2334,0.4301628106255356,0.26135389888603255,0.30848329048843187,0.5604113110539846,0.13024850042844902,0.45864661654135336,1330,0.49836065573770494,610,0.24195680916703394,2269,0.9384615384615385,65
mlp,29,4,GC30_P_cDNA,2820,0.3953900709219858,0.399290780141844,0.2053191489361702,0.6148936170212767,0.2195035460992908,0.6604105571847507,1705,0.5497335701598579,1126,0.2910699241786015,2374,0.9753363228699552,446
mlp,29,4,GC31_P_cDNA,3440,0.5110465116279069,0.225,0.26395348837209304,0.6328488372093023,0.12180232558139535,0.460166468489893,1682,0.541343669250646,774,0.14625167336010708,2988,0.745575221238938,452
mlp,29,4,GC32_P_cDNA,3824,0.2973326359832636,0.5559623430962343,0.14670502092050208,0.6210774058577406,0.323744769874477,0.7912169705991813,2687,0.5823142050799623,2126,0.037333333333333336,1500,0.8907056798623064,2324
mlp,29,4,GC36_P_cDNA,3337,0.6101288582559184,0.06592747977225052,0.323943661971831,0.6344021576266107,0.02427329937069224,0.16910069177555725,1301,0.36818181818181817,220,0.0436397400185701,3231,0.7452830188679245,106
mlp,29,4,HCC-1,3021,0.30321085733200925,0.5233366434955313,0.17345249917245945,0.5680238331678252,0.264812975835816,0.7510688836104513,2105,0.5060088551549652,1581,0.21773735076748152,1759,0.9492868462757528,1262
mlp,29,4,HCC-2-1_1,2442,0.25675675675675674,0.6085176085176085,0.13472563472563473,0.5990990990990991,0.34234234234234234,0.818732782369146,1815,0.5625841184387618,1486,0.4652619589977221,1756,0.9752186588921283,686
mlp,29,4,HCC-2-2,2589,0.220162224797219,0.6465816917728853,0.1332560834298957,0.5890305137118579,0.36886828891463885,0.8291233283803864,2019,0.570489844683393,1674,0.4606946983546618,1641,0.9683544303797469,948
mlp,29,4,HCC-22,3858,0.6355624675997926,0.10756868843960601,0.25686884396060133,0.6892172109901503,0.053654743390357695,0.2951635846372688,1406,0.4987951807228916,415,0.06148778479275323,3643,0.8883720930232558,215
mlp,29,4,HCC-24,4670,0.4678800856531049,0.36167023554603855,0.17044967880085654,0.6882226980728051,0.2203426124197002,0.6796780684104627,2485,0.6092362344582594,1689,0.1669032074936134,3523,0.959895379250218,1147
mlp,29,4,HCC-3-1_2,2988,0.1864123159303882,0.7081659973226239,0.10542168674698796,0.6000669344042838,0.41365461847389556,0.8704236939531057,2431,0.5841209829867675,2116,0.5241844769403825,1778,0.9785123966942149,1210
mlp,29,4,HCC-3-2_1,2875,0.2128695652173913,0.7182608695652174,0.06886956521739131,0.6580869565217391,0.44521739130434784,0.9125055236411843,2263,0.6198547215496368,2065,0.47326732673267324,1515,0.9911764705882353,1360
mlp,29,4,PBMC-1,10190,0.12306182531894014,0.5547595682041216,0.3221786064769382,0.26575073601570165,0.14268891069676154,0.6326096687555953,8936,0.25720856182557933,5653,0.4400834528621724,7669,0.9036096786989289,2521
mlp,29,4,PBMC-2,7284,0.10090609555189456,0.6868478857770456,0.21224601867105986,0.2983250961010434,0.19741900054914882,0.7639334249503741,6549,0.28742754347391564,5003,0.3772915434654051,3382,0.9551512045105074,3902
mlp,29,4,PBMC-3,10547,0.053948990234189816,0.863373471129231,0.08267753863657912,0.3812458519010145,0.3272968616668247,0.9126077370214472,9978,0.3790907094223589,9106,0.6837229819144244,4534,0.9988358556461001,6013
mlp,29,4,PBMC-4,9607,0.024253148745706256,0.9306755490787967,0.045071302175497034,0.30987821380243574,0.28562506505672947,0.9538084062299979,9374,0.3069007940946203,8941,0.865977291159773,4932,0.9989304812834224,4675
mlp,29,4,PBMC-5,7598,0.16649118188997106,0.5414582784943406,0.29205053961568833,0.32455909449855225,0.15806791260858122,0.6496131375335544,6333,0.2919299951385513,4114,0.4534220532319392,6312,0.973561430793157,1286
mlp,29,4,PBMC-6,7271,0.17246596066565809,0.5552193645990923,0.2723146747352496,0.34259386604318526,0.17012790537752717,0.6709323583180987,6017,0.30641565518949715,4037,0.43228429985855726,5656,0.9857585139318885,1615
mlp,29,4,PC-1,7456,0.42019849785407726,0.20010729613733905,0.37969420600858367,0.5388948497854077,0.11869635193133048,0.34513069627573445,4323,0.5931635388739946,1492,0.15667672847491734,6957,0.8056112224448898,499
mlp,29,4,PC-2,978,0.483640081799591,0.07975460122699386,0.43660531697341515,0.5276073619631901,0.04396728016359918,0.15445544554455445,505,0.5512820512820513,78,0.07135470527404343,967,0.8181818181818182,11
mlp,29,4,PC-3,2310,0.5155844155844156,0.12467532467532468,0.35974025974025975,0.5796536796536796,0.06406926406926407,0.257372654155496,1119,0.5138888888888888,288,0.041375872382851446,2006,0.6743421052631579,304
mlp,29,4,PC-4,570,0.3280701754385965,0.5157894736842106,0.156140350877193,0.7017543859649122,0.3736842105263158,0.7676240208877284,383,0.7244897959183674,294,0.410752688172043,465,0.9809523809523809,105
mlp,29,4,PC-5,1972,0.43356997971602435,0.22870182555780932,0.33772819472616633,0.5562880324543611,0.12271805273833672,0.40376007162041183,1117,0.5365853658536586,451,0.024844720496894408,1449,0.7934990439770554,523
mlp,29,4,PC-6,2377,0.5334455195624737,0.16575515355490114,0.3007993268826252,0.6386201093815734,0.1051745898190997,0.3552750225428314,1109,0.6345177664974619,394,0.08644307982994803,2117,0.8115384615384615,260
mlp,29,4,PRZ1,3411,0.5675754910583407,0.158311345646438,0.27411316329522134,0.6569920844327177,0.08941659337437702,0.36610169491525424,1475,0.5648148148148148,540,0.09017971758664955,3116,0.8779661016949153,295
mlp,29,4,PRZ2,7220,0.5533240997229917,0.23033240997229917,0.21634349030470915,0.6944598337950139,0.14113573407202215,0.5156589147286822,3225,0.6127480457005412,1663,0.1216612377850163,6140,0.8481481481481481,1080
mlp,29,4,PRZ3,4300,0.41930232558139535,0.40232558139534885,0.17837209302325582,0.6355813953488372,0.21627906976744185,0.6928313976772127,2497,0.5375722543352601,1730,0.23367065317387303,3261,0.931665062560154,1039
mlp,29,4,PRZ4,4819,0.4756173479975099,0.25586221207719445,0.26852043992529573,0.6204606764888981,0.14484332849138826,0.48793035219628017,2527,0.5660989456609895,1233,0.2123151622158464,4531,0.9409722222222222,288
mlp,29,4,PRZ5,4429,0.356965454955972,0.3729961616617747,0.27003838338225333,0.5389478437570557,0.18198238880108378,0.5800561797752809,2848,0.48789346246973364,1652,0.2642211589580011,3762,0.9865067466266867,667
mlp,29,4,PRZ6,3309,0.2659413720157147,0.5231187669990934,0.2109398609851919,0.5113327289211242,0.2453913569054095,0.7126389460683409,2429,0.4690930098209128,1731,0.26477654973570397,2081,0.9609120521172638,1228
mlp,43,-1,CRC11,7469,0.25184094256259204,0.5901727138840541,0.15798634355335386,0.5937876556433257,0.3419467130807337,0.7888332140300645,5588,0.5794010889292196,4408,0.13015384615384615,3250,0.944536620052145,4219
mlp,43,-1,CRC13,5062,0.3929276965626235,0.41248518372184906,0.19458711971552745,0.7163176610035559,0.32338996444093243,0.6794663195574357,3073,0.7840038314176245,2088,0.09723160027008777,2962,0.8571428571428571,2100
mlp,43,-1,CRC16,7478,0.26464295266113935,0.5786306499063921,0.15672639743246858,0.4005081572612998,0.13586520460016047,0.7868703400618294,5499,0.23480471458285185,4327,0.4955941890926411,4199,0.6849649283318084,3279
mlp,43,-1,CRC17,6427,0.21471915357087287,0.4586899019760386,0.3265909444530885,0.41294538665007,0.19822623307919715,0.5841093719041014,5047,0.432157394843962,2948,0.2049129353233831,3216,0.7128620367486764,3211
mlp,43,-1,CRC22,5203,0.40899481068614263,0.41226215644820297,0.17874303286565443,0.6755717855083606,0.2665769748222179,0.697560975609756,3075,0.6466200466200466,2145,0.24224965706447188,3645,0.810012836970475,1558
mlp,43,-1,CRC23,6110,0.43044189852700493,0.49050736497545006,0.079050736497545,0.790671031096563,0.3602291325695581,0.8612068965517241,3480,0.7344010677344011,2997,0.2108377452507007,3211,0.8002759572266299,2899
mlp,43,-1,CRC24,7254,0.36752136752136755,0.5437000275709953,0.08877860490763717,0.7715743038323684,0.4040529363110008,0.8596338273757629,4588,0.7431541582150102,3944,0.22730220492866407,3084,0.7776978417266187,4170
mlp,43,-1,CRC25,7233,0.29199502281211115,0.523019493985898,0.18498548320199087,0.5931148900871008,0.3011198672749896,0.7387229056824839,5121,0.5757335448057097,3783,0.16753926701570682,3629,0.8809655937846836,3604
mlp,43,-1,GC28_P_cDNA,7320,0.39344262295081966,0.4367486338797814,0.1698087431693989,0.6617486338797814,0.2683060109289617,0.7200450450450451,4440,0.6143259305598999,3197,0.1999129867304764,4597,0.8365773044436283,2723
mlp,43,-1,GC29_P_cDNA,5117,0.280046902481923,0.5096736368966192,0.2102794606214579,0.6482313855774868,0.3681844830955638,0.7079261672095548,3684,0.7223926380368099,2608,0.046,2500,0.9526175009552923,2617
mlp,43,-1,GC2_P_cDNA,4443,0.27526446094980866,0.5140670717983344,0.21066846725185687,0.5185685347738015,0.2433040738239928,0.7093167701863354,3220,0.473292469352014,2284,0.18689320388349515,2472,0.9244038559107052,1971
mlp,43,-1,GC30_P_cDNA,7164,0.28015075376884424,0.6053880513679508,0.11446119486320491,0.6458682300390843,0.3657174762702401,0.840992825286019,5157,0.6041042195065713,4337,0.25656630365150546,3122,0.8748144482929243,4042
mlp,43,-1,GC31_P_cDNA,7103,0.32620019709981696,0.44403773053639306,0.22976207236378995,0.6649303111361397,0.3387301140363227,0.6590054325114919,4786,0.7628408370323398,3154,0.08104674796747967,3936,0.8951689295863593,3167
mlp,43,-1,GC32_P_cDNA,7179,0.2433486558016437,0.5812787296280819,0.17537261457027442,0.6602590890096114,0.41691043320796767,0.7682253313696613,5432,0.7172298106877546,4173,0.0699822380106572,2815,0.9110907424381302,4364
mlp,43,-1,GC36_P_cDNA,7234,0.33964611556538565,0.46931158418578933,0.191042300248825,0.6944982029306055,0.3548520873652198,0.71069709022399,4777,0.7561119293078056,3395,0.07336683417085427,3980,0.9535955746773203,3254
mlp,43,-1,HCC-1,7055,0.42636428065201987,0.4205527994330262,0.15308291991495393,0.6934089298369951,0.26704464918497517,0.7331356560415122,4047,0.6349848331648129,2967,0.10881670533642691,4310,0.9100182149362477,2745
mlp,43,-1,HCC-2-1_1,6913,0.45580789816288153,0.38333574424996386,0.16085635758715464,0.7169101692463474,0.26110227108346595,0.7044125465178097,3762,0.6811320754716981,2650,0.21575421575421574,4329,0.6640866873065016,2584
mlp,43,-1,HCC-2-2,7179,0.4568881459813344,0.3872405627524725,0.15587129126619306,0.7261457027441148,0.26925755676278035,0.7130033341882533,3899,0.6953237410071943,2780,0.21904761904761905,4410,0.6551101480678946,2769
mlp,43,-1,HCC-22,7019,0.46345633281094173,0.39264852543097306,0.1438951417580852,0.7935603362302323,0.33010400341929047,0.7318109399893786,3766,0.840711175616836,2756,0.08186115949241105,4019,0.809,3000
mlp,43,-1,HCC-24,7039,0.43557323483449356,0.416962636738173,0.14746412842733342,0.7275181133683762,0.2919448785338827,0.7387364711804681,3973,0.7001703577512777,2935,0.1545662100456621,4380,0.8491914253478752,2659
mlp,43,-1,HCC-3-1_2,7198,0.4262295081967213,0.45498749652681303,0.11878299527646569,0.7145040288969158,0.2882745207001945,0.7929782082324455,4130,0.6335877862595419,3275,0.12060918693195775,4071,0.8903102014710585,3127
mlp,43,-1,HCC-3-2_1,7285,0.45559368565545644,0.42608098833218944,0.11832532601235415,0.7438572409059712,0.2882635552505148,0.7826525466464952,3966,0.6765463917525774,3104,0.13692660550458716,4360,0.8570940170940171,2925
mlp,43,-1,PBMC-1,22144,0.26011560693641617,0.5156701589595376,0.22421423410404626,0.5144960260115607,0.2543804190751445,0.69696044921875,16384,0.4933006392854015,11419,0.3242132785507517,10709,0.694971578487101,11435
mlp,43,-1,PBMC-2,16302,0.2040853882959146,0.5857563489142437,0.21015826278984173,0.5078517973254816,0.3037664090295669,0.7359537572254335,12975,0.5185883338569484,9549,0.15628467268980822,6309,0.8568998298809166,9993
mlp,43,-1,PBMC-3,21398,0.27278250303766705,0.6296382839517712,0.09757921301056173,0.5560800074773343,0.2832975044396673,0.8658183921341817,15561,0.44993691085875454,13473,0.33689099713410414,10119,0.8922776841918609,11279
mlp,43,-1,PBMC-4,22627,0.3099836478543333,0.5622928359923984,0.1277235161532682,0.5385601272815663,0.22857647942723294,0.8148978415423045,15613,0.4065078990804056,12723,0.40446995390903556,11499,0.7253774263120057,11128
mlp,43,-1,PBMC-5,19153,0.34709967106980627,0.43283036600010444,0.2200699629300893,0.589254947005691,0.2421552759358847,0.6629348260695722,12505,0.5594692400482509,8290,0.2596999482669426,9665,0.6091905564924115,9488
mlp,43,-1,PBMC-6,15164,0.3452914798206278,0.48087575837509894,0.1738327618042733,0.5556581376945396,0.2103666578739119,0.734488315874295,9928,0.4374657158529896,7292,0.3422070534698521,8790,0.6721054283024788,6374
mlp,43,-1,PC-1,17977,0.2631139789731323,0.5502030372142181,0.1866829838126495,0.6874895700061189,0.4243755910329866,0.7466596210462746,13247,0.7713072490142554,9891,0.1510435516950175,8289,0.8917217175887696,9688
mlp,43,-1,PC-2,1929,0.28512182477967857,0.4758942457231726,0.23898392949714878,0.6070502851218248,0.32192846034214617,0.6656997824510514,1379,0.6764705882352942,918,0.040156709108716944,1021,0.9658590308370044,908
mlp,43,-1,PC-3,4981,0.33326641236699456,0.43806464565348324,0.22866894197952217,0.6765709696848022,0.3433045573178077,0.657031014754592,3321,0.7836846929422548,2182,0.06334519572953737,2810,0.9230769230769231,2171
mlp,43,-1,PC-4,2060,0.3087378640776699,0.6354368932038835,0.055825242718446605,0.6800970873786408,0.3713592233009709,0.9192415730337079,1424,0.5844155844155844,1309,0.19281914893617022,752,0.8899082568807339,1308
mlp,43,-1,PC-5,3977,0.3404576313804375,0.3585617299471964,0.30098063867236613,0.5911491073673624,0.2506914759869248,0.5436523065192528,2623,0.6991584852734923,1426,0.030534351145038167,2489,0.907258064516129,1488
mlp,43,-1,PC-6,6890,0.3454281567489115,0.409288824383164,0.24528301886792453,0.5917271407837446,0.24629898403483308,0.6252771618625277,4510,0.60177304964539,2820,0.11237488626023658,4396,0.9326383319967922,2494
mlp,43,-1,PRZ1,8750,0.29874285714285714,0.5700571428571428,0.1312,0.7584,0.4596571428571429,0.8129074315514994,6136,0.8063352044907779,4988,0.10063559322033898,3776,0.9264173703256936,4974
mlp,43,-1,PRZ2,12428,0.3986160283231413,0.4368361763759253,0.16454779530093339,0.7069520437721275,0.30833601544898614,0.7263848006422264,7474,0.705839012709523,5429,0.12548651187760032,7451,0.9029535864978903,4977
mlp,43,-1,PRZ3,9117,0.4000219370406932,0.4426894811889876,0.15728858177031918,0.6932104859054513,0.29318854886475815,0.7378427787934186,5470,0.6622893954410307,4036,0.10550284629981024,5270,0.9046009877826878,3847
mlp,43,-1,PRZ4,7719,0.37673273740121777,0.47130457313123464,0.15196268946754762,0.7134343826920586,0.3367016452908408,0.7561837455830389,4811,0.7144035184167125,3638,0.22544689800210305,4755,0.8657219973009447,2964
mlp,43,-1,PRZ5,12944,0.2754944375772559,0.6164245982694685,0.10808096415327564,0.6836372064276885,0.40814276885043266,0.8508210705907443,9378,0.6621130467477128,7979,0.19152077620755115,4741,0.8620017066926734,8203
mlp,43,-1,PRZ6,8748,0.3066986739826246,0.5170324645633287,0.17626886145404663,0.6550068587105624,0.34830818472793784,0.7457543281121187,6065,0.6736679195224409,4523,0.16452847175331983,4443,0.8808362369337979,4305
mlp,43,0,CRC11,324,0.021604938271604937,0.9753086419753086,0.0030864197530864196,0.7808641975308642,0.7592592592592593,0.9968454258675079,317,0.7784810126582279,316,0.0,2,0.9813664596273292,322
mlp,43,0,CRC13,209,0.14354066985645933,0.84688995215311,0.009569377990430622,0.8995215311004785,0.7559808612440191,0.9888268156424581,179,0.8926553672316384,177,0.0,21,0.9414893617021277,188
mlp,43,0,CRC16,167,0.0718562874251497,0.9221556886227545,0.005988023952095809,0.844311377245509,0.7724550898203593,0.9935483870967742,155,0.8376623376623377,154,0.07692307692307693,13,0.9935064935064936,154
mlp,43,0,CRC17,269,0.02973977695167286,0.9628252788104089,0.007434944237918215,0.7843866171003717,0.7546468401486989,0.9923371647509579,261,0.7837837837837838,259,0.0,8,0.9923371647509579,261
mlp,43,0,CRC22,213,0.20657276995305165,0.7887323943661971,0.004694835680751174,0.7699530516431925,0.5633802816901409,0.9940828402366864,169,0.7142857142857143,168,0.0,29,0.9130434782608695,184
mlp,43,0,CRC23,91,0.10989010989010989,0.8901098901098901,0.0,0.8681318681318682,0.7582417582417582,1.0,81,0.8518518518518519,81,0.0,9,0.9878048780487805,82
mlp,43,0,CRC24,238,0.07563025210084033,0.9243697478991597,0.0,0.8571428571428571,0.7815126050420168,1.0,220,0.8454545454545455,220,0.0,13,0.9777777777777777,225
mlp,43,0,CRC25,501,0.08782435129740519,0.906187624750499,0.005988023952095809,0.7924151696606786,0.7045908183632734,0.9934354485776805,457,0.7775330396475771,454,0.029411764705882353,34,0.9700214132762313,467
mlp,43,0,GC28_P_cDNA,337,0.2344213649851632,0.7566765578635015,0.008902077151335312,0.8991097922848664,0.6646884272997032,0.9883720930232558,258,0.8784313725490196,255,0.0,69,0.9514925373134329,268
mlp,43,0,GC29_P_cDNA,225,0.0044444444444444444,0.9955555555555555,0.0,0.9466666666666667,0.9422222222222222,1.0,224,0.9464285714285714,224,0.0,1,1.0,224
mlp,43,0,GC2_P_cDNA,226,0.061946902654867256,0.9380530973451328,0.0,0.8097345132743363,0.7477876106194691,1.0,212,0.7971698113207547,212,0.0,8,0.9724770642201835,218
mlp,43,0,GC30_P_cDNA,400,0.0225,0.9775,0.0,0.925,0.9025,1.0,391,0.9232736572890026,391,0.0,7,0.9949109414758269,393
mlp,43,0,GC31_P_cDNA,939,0.026624068157614485,0.972310969116081,0.0010649627263045794,0.9361022364217252,0.9094781682641108,0.9989059080962801,914,0.9353778751369113,913,0.0,21,0.9945533769063181,918
mlp,43,0,GC32_P_cDNA,713,0.15427769985974754,0.8260869565217391,0.019635343618513323,0.8709677419354839,0.7166900420757363,0.9767827529021559,603,0.8675721561969439,589,0.0,100,0.9608482871125612,613
mlp,43,0,GC36_P_cDNA,790,0.12025316455696203,0.8772151898734177,0.002531645569620253,0.9291139240506329,0.8088607594936709,0.9971223021582734,695,0.922077922077922,693,0.0,81,0.9774330042313117,709
mlp,43,0,HCC-1,390,0.046153846153846156,0.9538461538461539,0.0,0.958974358974359,0.9128205128205128,1.0,372,0.956989247311828,372,0.0,12,0.9841269841269841,378
mlp,43,0,HCC-2-1_1,200,0.025,0.975,0.0,0.98,0.955,1.0,195,0.9794871794871794,195,0.0,3,0.9898477157360406,197
mlp,43,0,HCC-2-2,309,0.003236245954692557,0.9967637540453075,0.0,0.9546925566343042,0.9514563106796117,1.0,308,0.9545454545454546,308,,0,0.9967637540453075,309
mlp,43,0,HCC-22,679,0.24447717231222385,0.7525773195876289,0.0029455081001472753,0.9116347569955817,0.6671575846833578,0.9961013645224172,513,0.8864970645792564,511,0.00684931506849315,146,0.9568480300187617,533
mlp,43,0,HCC-24,401,0.23690773067331672,0.713216957605985,0.04987531172069826,0.8728179551122195,0.6359102244389028,0.934640522875817,306,0.8916083916083916,286,0.08695652173913043,115,0.965034965034965,286
mlp,43,0,HCC-3-1_2,202,0.0049504950495049506,0.995049504950495,0.0,0.9603960396039604,0.9554455445544554,1.0,201,0.9601990049751243,201,,0,0.995049504950495,202
mlp,43,0,HCC-3-2_1,230,0.013043478260869565,0.9869565217391304,0.0,0.9652173913043478,0.9521739130434783,1.0,227,0.9647577092511013,227,0.0,3,1.0,227
mlp,43,0,PBMC-1,2772,0.08982683982683982,0.8174603174603174,0.09271284271284272,0.5559163059163059,0.4660894660894661,0.8981371383273881,2523,0.5701676963812886,2266,0.25165562913907286,151,0.8500572300648608,2621
mlp,43,0,PBMC-2,2118,0.023607176581680833,0.9641170915958451,0.012275731822474031,0.43626062322946174,0.4126534466477809,0.9874274661508704,2068,0.42801175318315376,2042,0.4367816091954023,87,0.9867060561299852,2031
mlp,43,0,PBMC-3,2459,0.03741358275721838,0.942252948352989,0.020333468889792598,0.6514843432289549,0.6140707604717365,0.9788762146176595,2367,0.6517047906776003,2317,0.175,80,0.9680538041193779,2379
mlp,43,0,PBMC-4,2612,0.016462480857580397,0.9617151607963247,0.021822358346094948,0.52947932618683,0.5130168453292496,0.9778123783573375,2569,0.5334394904458599,2512,0.3235294117647059,34,0.9701318851823119,2578
mlp,43,0,PBMC-5,1529,0.03793328973185088,0.9548724656638325,0.007194244604316547,0.6396337475474166,0.6017004578155657,0.9925220938137321,1471,0.6301369863013698,1460,0.12962962962962962,54,0.9850847457627119,1475
mlp,43,0,PBMC-6,1231,0.03168155970755483,0.9406986190089358,0.02761982128350934,0.5670186839967506,0.5353371242891958,0.9714765100671141,1192,0.5690846286701209,1158,0.4126984126984127,63,0.9691780821917808,1168
mlp,43,0,PC-1,2813,0.005332385353714895,0.9932456452186278,0.0014219694276573053,0.9182367579097049,0.91290437255599,0.9985704074338814,2798,0.9191123836793128,2794,0.0,16,0.9989274222381123,2797
mlp,43,0,PC-2,344,0.01744186046511628,0.9796511627906976,0.0029069767441860465,0.8633720930232558,0.8459302325581395,0.9970414201183432,338,0.8635014836795252,337,0.0,2,0.9853801169590644,342
mlp,43,0,PC-3,497,0.04225352112676056,0.9557344064386318,0.002012072434607646,0.9255533199195171,0.8832997987927566,0.9978991596638656,476,0.9242105263157895,475,0.11764705882352941,17,0.9854166666666667,480
mlp,43,0,PC-4,132,0.0,1.0,0.0,0.6742424242424242,0.6742424242424242,1.0,132,0.6742424242424242,132,,0,1.0,132
mlp,43,0,PC-5,207,0.0821256038647343,0.9178743961352657,0.0,0.8454106280193237,0.7632850241545893,1.0,190,0.8315789473684211,190,0.0,6,0.945273631840796,201
mlp,43,0,PC-6,268,0.055970149253731345,0.9328358208955224,0.011194029850746268,0.8805970149253731,0.8246268656716418,0.9881422924901185,253,0.884,250,0.0,10,0.9689922480620154,258
mlp,43,0,PRZ1,2651,0.014334213504337986,0.985288570350811,0.0003772161448509996,0.969445492267069,0.955111278762731,0.9996172981247609,2613,0.9693721286370597,2612,0.0,22,0.9935336629897299,2629
mlp,43,0,PRZ2,1922,0.06347554630593132,0.9328824141519251,0.0036420395421436005,0.9349635796045785,0.8714880332986472,0.9961111111111111,1800,0.9341885108756275,1793,0.06060606060606061,66,0.9639008620689655,1856
mlp,43,0,PRZ3,584,0.04452054794520548,0.9452054794520548,0.010273972602739725,0.9503424657534246,0.9058219178082192,0.989247311827957,558,0.9583333333333334,552,0.0,14,0.968421052631579,570
mlp,43,0,PRZ4,1085,0.12811059907834102,0.8672811059907835,0.004608294930875576,0.9511520737327189,0.8230414746543778,0.9947145877378436,946,0.9489904357066951,941,0.05263157894736842,19,0.8818011257035647,1066
mlp,43,0,PRZ5,406,0.027093596059113302,0.9729064039408867,0.0,0.8916256157635468,0.8645320197044335,1.0,395,0.8886075949367088,395,0.2,5,0.9825436408977556,401
mlp,43,0,PRZ6,406,0.1354679802955665,0.8497536945812808,0.014778325123152709,0.8817733990147784,0.7463054187192119,0.9829059829059829,351,0.8782608695652174,345,0.08333333333333333,24,0.8979057591623036,382
mlp,43,1,CRC11,2305,0.0034707158351409977,0.9917570498915401,0.004772234273318872,0.3071583514099783,0.3036876355748373,0.9952111449717023,2297,0.30621172353455817,2286,0.3448275862068966,29,1.0,2276
mlp,43,1,CRC13,887,0.24577226606538896,0.46110484780157834,0.29312288613303267,0.4137542277339346,0.16798196166854565,0.6113602391629297,669,0.3643031784841076,409,0.11524163568773234,538,0.994269340974212,349
mlp,43,1,CRC16,973,0.11099691675231244,0.5950668036998972,0.29393627954779034,0.2970195272353546,0.18602261048304214,0.669364161849711,865,0.3126079447322971,579,0.05539358600583091,343,0.8888888888888888,630
mlp,43,1,CRC17,1047,0.166189111747851,0.31900668576886343,0.5148042024832856,0.2282712511938873,0.06208213944603629,0.38258877434135163,873,0.19461077844311378,334,0.06464379947229551,758,0.986159169550173,289
mlp,43,1,CRC22,603,0.12271973466003316,0.6351575456053068,0.24212271973466004,0.3283582089552239,0.20563847429519072,0.724007561436673,529,0.3237597911227154,383,0.13725490196078433,255,1.0,348
mlp,43,1,CRC23,743,0.10497981157469717,0.6837146702557201,0.21130551816958276,0.3728129205921938,0.26783310901749663,0.7639097744360902,665,0.39173228346456695,508,0.1773049645390071,282,0.9934924078091106,461
mlp,43,1,CRC24,1275,0.05254901960784314,0.8549019607843137,0.09254901960784313,0.43058823529411766,0.3780392156862745,0.902317880794702,1208,0.44220183486238535,1090,0.21367521367521367,234,0.9990393852065321,1041
mlp,43,1,CRC25,2612,0.5386676875957122,0.03024502297090352,0.43108728943338437,0.5463246554364471,0.007656967840735069,0.06556016597510374,1205,0.25316455696202533,79,0.019014357780364765,2577,0.8571428571428571,35
mlp,43,1,GC28_P_cDNA,2914,0.35861358956760464,0.44989704873026765,0.19148936170212766,0.5346602608098833,0.17604667124227866,0.7014446227929374,1869,0.391304347826087,1311,0.11988950276243093,1810,0.9909420289855072,1104
mlp,43,1,GC29_P_cDNA,2010,0.29253731343283584,0.5159203980099503,0.19154228855721392,0.527860696517413,0.23532338308457712,0.729254571026723,1422,0.4561234329797493,1037,0.05153617443012884,1009,0.984015984015984,1001
mlp,43,1,GC2_P_cDNA,1331,0.06987227648384674,0.8978211870773855,0.032306536438767845,0.29902329075882794,0.22915101427498122,0.9652665589660743,1238,0.25523012552301255,1195,0.1927710843373494,166,0.9982832618025751,1165
mlp,43,1,GC30_P_cDNA,2289,0.0581039755351682,0.8960244648318043,0.045871559633027525,0.42201834862385323,0.363914373088685,0.9512987012987013,2156,0.4061433447098976,2051,0.27181208053691275,298,0.9894525364138623,1991
mlp,43,1,GC31_P_cDNA,1645,0.29422492401215805,0.270516717325228,0.435258358662614,0.40364741641337387,0.1094224924012158,0.3832902670111972,1161,0.4044943820224719,445,0.09166666666666666,1320,0.9969230769230769,325
mlp,43,1,GC32_P_cDNA,1335,0.3842696629213483,0.0749063670411985,0.5408239700374532,0.4059925093632959,0.021722846441947566,0.12165450121654502,822,0.29,100,0.03669008587041374,1281,0.9814814814814815,54
mlp,43,1,GC36_P_cDNA,1385,0.18628158844765344,0.5992779783393501,0.21444043321299638,0.40577617328519855,0.21949458483754514,0.7364685004436557,1127,0.36626506024096384,830,0.18887262079062958,683,0.9985754985754985,702
mlp,43,1,HCC-1,1749,0.5494568324757004,0.12521440823327615,0.32532875929102345,0.5974842767295597,0.048027444253859346,0.2779187817258883,788,0.3835616438356164,219,0.01992287917737789,1556,0.9740932642487047,193
mlp,43,1,HCC-2-1_1,2075,0.531566265060241,0.16240963855421686,0.3060240963855422,0.6110843373493976,0.07951807228915662,0.34670781893004116,972,0.4896142433234421,337,0.028137310073157007,1777,0.9630872483221476,298
mlp,43,1,HCC-2-2,1981,0.5759717314487632,0.10196870267541645,0.3220595658758203,0.6264512872286724,0.05047955577990914,0.24047619047619048,840,0.49504950495049505,202,0.01174496644295302,1788,0.9378238341968912,193
mlp,43,1,HCC-22,172,0.12209302325581395,0.8313953488372093,0.046511627906976744,0.7209302325581395,0.5988372093023255,0.9470198675496688,151,0.7202797202797203,143,0.038461538461538464,26,0.9726027397260274,146
mlp,43,1,HCC-24,143,0.11888111888111888,0.6993006993006993,0.18181818181818182,0.5314685314685315,0.4125874125874126,0.7936507936507936,126,0.59,100,0.27450980392156865,51,0.9347826086956522,92
mlp,43,1,HCC-3-1_2,1370,0.4021897810218978,0.3007299270072993,0.29708029197080293,0.5598540145985401,0.15766423357664233,0.503052503052503,819,0.5242718446601942,412,0.027607361963190184,978,0.9821428571428571,392
mlp,43,1,HCC-3-2_1,1443,0.48232848232848236,0.16424116424116425,0.35343035343035345,0.5634095634095634,0.08108108108108109,0.3172690763052209,747,0.4936708860759494,237,0.02667744543249798,1237,0.9902912621359223,206
mlp,43,1,PBMC-1,2920,0.48253424657534244,0.09486301369863014,0.4226027397260274,0.5150684931506849,0.032534246575342464,0.18332230311052283,1511,0.34296028880866425,277,0.019805680119581465,2676,0.9180327868852459,244
mlp,43,1,PBMC-2,2459,0.5514436762911753,0.0727938186254575,0.3757625050833672,0.5786905246034973,0.027246848312322082,0.16228467815049863,1103,0.3743016759776536,179,0.010048055919615552,2289,0.9176470588235294,170
mlp,43,1,PBMC-3,3357,0.29222520107238603,0.49985105749180814,0.20792374143580578,0.51295799821269,0.22073279714030383,0.7062289562289562,2376,0.44159713945172824,1678,0.08802228412256267,1795,0.9731113956466069,1562
mlp,43,1,PBMC-4,3132,0.283205619412516,0.27554278416347383,0.44125159642401024,0.36845466155810985,0.08524904214559387,0.3844097995545657,2245,0.3093858632676709,863,0.023534635879218474,2252,0.9204545454545454,880
mlp,43,1,PBMC-5,2640,0.4003787878787879,0.20795454545454545,0.39166666666666666,0.4818181818181818,0.08143939393939394,0.346809854706254,1583,0.39162112932604737,549,0.030776515151515152,2112,0.9166666666666666,528
mlp,43,1,PBMC-6,1826,0.39430449069003287,0.28258488499452356,0.3231106243154436,0.49616648411829134,0.10186199342825848,0.4665461121157324,1106,0.36046511627906974,516,0.062134502923976605,1368,0.9410480349344978,458
mlp,43,1,PC-1,3065,0.1634584013050571,0.7190864600326264,0.11745513866231648,0.45579119086460035,0.2923327895595432,0.859594383775351,2564,0.40653357531760437,2204,0.1458966565349544,987,0.9913378248315688,2078
mlp,43,1,PC-2,338,0.047337278106508875,0.8875739644970414,0.0650887573964497,0.26331360946745563,0.21597633136094674,0.9316770186335404,322,0.24333333333333335,300,0.17391304347826086,46,1.0,292
mlp,43,1,PC-3,1027,0.34079844206426485,0.3524829600778968,0.30671859785783834,0.46835443037974683,0.12755598831548198,0.534711964549483,677,0.36187845303867405,362,0.10190217391304347,736,0.9862542955326461,291
mlp,43,1,PC-4,761,0.056504599211563734,0.8764783180026281,0.06701708278580815,0.43101182654402104,0.3745072273324573,0.9289693593314763,718,0.4272863568215892,667,0.10869565217391304,92,0.9820627802690582,669
mlp,43,1,PC-5,1203,0.37572734829592686,0.1745635910224439,0.44970906068162925,0.41230257689110555,0.03657522859517872,0.2796271637816245,751,0.20952380952380953,210,0.037037037037037035,1026,0.9717514124293786,177
mlp,43,1,PC-6,3500,0.2988571428571429,0.408,0.29314285714285715,0.46714285714285714,0.1682857142857143,0.5819070904645477,2454,0.41246498599439774,1428,0.13344523709609735,2383,0.9937332139659804,1117
mlp,43,1,PRZ1,1039,0.17805582290664101,0.6843118383060636,0.13763233878729547,0.45620789220404234,0.2781520692974013,0.832552693208431,854,0.40646976090014064,711,0.14361702127659576,376,0.9909502262443439,663
mlp,43,1,PRZ2,1461,0.19849418206707733,0.6064339493497605,0.19507186858316222,0.41546885694729635,0.21697467488021902,0.7566182749786508,1171,0.3577878103837472,886,0.16224188790560473,678,0.9910600255427842,783
mlp,43,1,PRZ3,1841,0.334057577403585,0.3432916892992939,0.32265073329712113,0.4780010863661054,0.14394350896252037,0.5154975530179445,1226,0.41930379746835444,632,0.10585585585585586,1332,0.9646365422396856,509
mlp,43,1,PRZ4,349,0.11461318051575932,0.7679083094555874,0.1174785100286533,0.3982808022922636,0.2836676217765043,0.8673139158576052,309,0.3694029850746269,268,0.1590909090909091,88,0.9731800766283525,261
mlp,43,1,PRZ5,2563,0.041747951619196255,0.9434256730394069,0.0148263753413968,0.39758095981271946,0.3558330081935232,0.9845276872964169,2456,0.3771712158808933,2418,0.2569832402234637,179,0.9949664429530202,2384
mlp,43,1,PRZ6,2227,0.4961832061068702,0.18096093399191737,0.3228558599012124,0.574315222272115,0.07813201616524472,0.3591800356506239,1122,0.4317617866004963,403,0.024017467248908297,1832,0.9088607594936708,395
mlp,43,2,CRC11,1603,0.18340611353711792,0.8153462258265751,0.0012476606363069245,0.9800374298190893,0.7966313162819713,0.998472116119175,1309,0.9770466717674062,1307,0.0,70,0.852576647097195,1533
mlp,43,2,CRC13,1356,0.20353982300884957,0.7957227138643068,0.0007374631268436578,0.9896755162241888,0.7861356932153393,0.9990740740740741,1080,0.9879518072289156,1079,0.0,42,0.8211567732115678,1314
mlp,43,2,CRC16,2359,0.7473505722763883,0.09622721492157695,0.15642221280203475,0.8011869436201781,0.05383637134378974,0.3808724832214765,596,0.5594713656387665,227,0.000851063829787234,1175,0.19087837837837837,1184
mlp,43,2,CRC17,2313,0.3865110246433204,0.4846519671422395,0.1288370082144401,0.6830955469087765,0.2965845222654561,0.7899929527836504,1419,0.6119536128456735,1121,0.0055248618784530384,362,0.5735520246027678,1951
mlp,43,2,CRC22,762,0.4553805774278215,0.5433070866141733,0.0013123359580052493,0.9973753280839895,0.541994750656168,0.9975903614457832,415,0.9975845410628019,414,0.0,111,0.6359447004608295,651
mlp,43,2,CRC23,2384,0.639261744966443,0.348993288590604,0.01174496644295302,0.9861577181208053,0.34689597315436244,0.9674418604651163,860,0.9939903846153846,832,0.0056657223796034,1059,0.6233962264150943,1325
mlp,43,2,CRC24,3061,0.4616138516824567,0.5351192420777524,0.003266906239790918,0.9895459000326691,0.5279320483502123,0.9939320388349514,1648,0.9865689865689866,1638,0.0,516,0.6436149312377211,2545
mlp,43,2,CRC25,1013,0.39091806515301086,0.5804540967423495,0.028627838104639685,0.9072063178677197,0.5162882527147088,0.9529983792544571,617,0.8894557823129252,588,0.0,120,0.658454647256439,893
mlp,43,2,GC28_P_cDNA,1140,0.31666666666666665,0.6614035087719298,0.021929824561403508,0.9228070175438596,0.606140350877193,0.9679075738125802,779,0.916445623342175,754,0.0,13,0.6690328305235137,1127
mlp,43,2,GC29_P_cDNA,1291,0.069713400464756,0.924864446165763,0.005422153369481022,0.9512006196746708,0.8814872192099148,0.9941715237302248,1201,0.9530988274706867,1194,0.0,4,0.9277389277389277,1287
mlp,43,2,GC2_P_cDNA,551,0.2577132486388385,0.7277676950998185,0.014519056261343012,0.9092558983666061,0.6515426497277677,0.980440097799511,409,0.8952618453865336,401,0.0,12,0.7439703153988868,539
mlp,43,2,GC30_P_cDNA,1644,0.3722627737226277,0.5979318734793188,0.029805352798053526,0.9367396593673966,0.5644768856447688,0.9525193798449613,1032,0.9440488301119023,983,0.0,183,0.6728268309377139,1461
mlp,43,2,GC31_P_cDNA,1059,0.08876298394711993,0.9065155807365439,0.004721435316336166,0.9423984891406988,0.8536355051935789,0.9948186528497409,965,0.9416666666666667,960,0.0,2,0.9082308420056765,1057
mlp,43,2,GC32_P_cDNA,1301,0.05841660261337433,0.9385088393543428,0.0030745580322828594,0.9323597232897771,0.8739431206764028,0.996734693877551,1225,0.9312039312039312,1221,0.0,11,0.9465116279069767,1290
mlp,43,2,GC36_P_cDNA,1711,0.06078316773816481,0.9345412039742841,0.004675628287551139,0.9362945645821157,0.8755113968439509,0.9950217797137524,1607,0.9368355222013759,1599,0.037037037037037035,27,0.9489311163895487,1684
mlp,43,2,HCC-1,1885,0.6164456233421751,0.33793103448275863,0.04562334217506631,0.926790450928382,0.3103448275862069,0.8810511756569848,723,0.9183673469387755,637,0.006603773584905661,1060,0.7636363636363637,825
mlp,43,2,HCC-2-1_1,2190,0.6105022831050229,0.34383561643835614,0.045662100456621,0.9273972602739726,0.31689497716894977,0.8827667057444314,853,0.9216467463479415,753,0.0016863406408094434,593,0.47088290544771444,1597
mlp,43,2,HCC-2-2,2281,0.6277948268303376,0.33625602805786936,0.03594914511179308,0.927224901359053,0.29943007452871545,0.9034157832744405,849,0.8904823989569752,767,0.0050933786078098476,589,0.4515366430260047,1692
mlp,43,2,HCC-22,2305,0.30021691973969633,0.6785249457700651,0.02125813449023861,0.9392624728850325,0.6390455531453362,0.9696218226906386,1613,0.9418158567774936,1564,0.0,220,0.7501199040767386,2085
mlp,43,2,HCC-24,1825,0.40493150684931506,0.5693150684931507,0.025753424657534246,0.9342465753424658,0.5293150684931507,0.9567219152854513,1086,0.9297401347449471,1039,0.0063025210084033615,476,0.7679762787249814,1349
mlp,43,2,HCC-3-1_2,2625,0.804952380952381,0.10133333333333333,0.09371428571428571,0.8921904761904762,0.08723809523809524,0.51953125,512,0.8609022556390977,266,0.004381694255111977,2054,0.4500875656742557,571
mlp,43,2,HCC-3-2_1,2722,0.8269654665686995,0.09184423218221896,0.08119030124908155,0.9055841293166789,0.07861866274797942,0.5307855626326964,471,0.856,250,0.002881844380403458,2082,0.38125,640
mlp,43,2,PBMC-1,6154,0.4658758531036724,0.45888852778680533,0.07523561910952226,0.8771530711732207,0.41127721806954826,0.8591420748402799,3287,0.8962464589235127,2824,0.002232142857142857,448,0.49474237644584645,5706
mlp,43,2,PBMC-2,4070,0.24619164619164619,0.7226044226044226,0.031203931203931203,0.8788697788697789,0.6326781326781327,0.9586049543676662,3068,0.8755525331519891,2941,0.0,116,0.7438037430450177,3954
mlp,43,2,PBMC-3,4904,0.8225938009787929,0.08278955954323002,0.09461663947797716,0.8902936378466558,0.06769983686786298,0.4666666666666667,870,0.8177339901477833,406,0.0035016049022468633,3427,0.26675693974272174,1477
mlp,43,2,PBMC-4,6989,0.7996852196308485,0.12347975389898412,0.0768350264701674,0.9077121190442123,0.10802689941336385,0.6164285714285714,1400,0.8748551564310545,863,0.0012326656394453005,3245,0.22943376068376067,3744
mlp,43,2,PBMC-5,7266,0.5616570327552987,0.36760253234241674,0.07074043490228461,0.8777869529314616,0.3161299201761629,0.83861852433281,3185,0.8599775365031823,2671,0.0,1031,0.42838813151563754,6235
mlp,43,2,PBMC-6,4702,0.7322415993194386,0.1658868566567418,0.10187154402381965,0.8845172267120375,0.1522756273925989,0.6195393169181891,1259,0.9179487179487179,780,0.001040582726326743,1922,0.2798561151079137,2780
mlp,43,2,PC-1,4545,0.26226622662266225,0.7262926292629263,0.01144114411441144,0.9575357535753576,0.6952695269526953,0.9844915001491202,3353,0.9572856710087853,3301,0.0,276,0.773249004450691,4269
mlp,43,2,PC-2,267,0.10112359550561797,0.898876404494382,0.0,0.9662921348314607,0.8651685393258427,1.0,240,0.9625,240,0.0,1,0.9022556390977443,266
mlp,43,2,PC-3,1145,0.0943231441048035,0.9021834061135371,0.0034934497816593887,0.9502183406113537,0.8558951965065502,0.996142719382835,1037,0.9486931268151017,1033,0.0,37,0.9323104693140795,1108
mlp,43,2,PC-4,597,0.7788944723618091,0.20435510887772193,0.01675041876046901,0.9798994974874372,0.20100502512562815,0.9242424242424242,132,0.9836065573770492,122,0.0113314447592068,353,0.48360655737704916,244
mlp,43,2,PC-5,584,0.02910958904109589,0.9657534246575342,0.005136986301369863,0.946917808219178,0.9178082191780822,0.9947089947089947,567,0.950354609929078,564,0.0,1,0.967409948542024,583
mlp,43,2,PC-6,734,0.16212534059945505,0.8242506811989101,0.013623978201634877,0.9141689373297003,0.7520435967302452,0.983739837398374,615,0.912396694214876,605,0.0,58,0.8949704142011834,676
mlp,43,2,PRZ1,1648,0.2955097087378641,0.6535194174757282,0.050970873786407765,0.8191747572815534,0.5236650485436893,0.9276485788113695,1161,0.8012999071494893,1077,0.0,268,0.7804347826086957,1380
mlp,43,2,PRZ2,1821,0.25096101043382757,0.685886875343218,0.06315211422295441,0.7462932454695222,0.4953322350356947,0.9156891495601173,1364,0.722177742193755,1249,0.003472222222222222,288,0.8140900195694716,1533
mlp,43,2,PRZ3,2390,0.5422594142259414,0.4175732217573222,0.0401673640167364,0.9246861924686193,0.38242677824267785,0.9122486288848263,1094,0.9158316633266533,998,0.012274959083469721,1222,0.8416095890410958,1168
mlp,43,2,PRZ4,1456,0.35645604395604397,0.5789835164835165,0.06456043956043957,0.8179945054945055,0.46153846153846156,0.8996798292422625,937,0.797153024911032,843,0.0,377,0.7812789620018535,1079
mlp,43,2,PRZ5,5532,0.33676789587852496,0.6263557483731019,0.0368763557483731,0.9040130151843818,0.5672451193058569,0.9443990188062142,3669,0.9056277056277057,3465,0.010224948875255624,978,0.7586736934563022,4554
mlp,43,2,PRZ6,2764,0.21635311143270622,0.7644717800289436,0.01917510853835022,0.8614327062228654,0.6450795947901592,0.9755309325946445,2166,0.8438239469947941,2113,0.00398406374501992,251,0.8404297652208516,2513
mlp,43,3,CRC11,17,0.0,1.0,0.0,0.9411764705882353,0.9411764705882353,1.0,17,0.9411764705882353,17,,0,1.0,17
mlp,43,3,CRC13,9,0.0,1.0,0.0,1.0,1.0,1.0,9,1.0,9,,0,1.0,9
mlp,43,3,CRC16,20,0.0,1.0,0.0,1.0,1.0,1.0,20,1.0,20,,0,1.0,20
mlp,43,3,CRC17,48,0.0,1.0,0.0,0.9583333333333334,0.9583333333333334,1.0,48,0.9583333333333334,48,,0,1.0,48
mlp,43,3,CRC22,2,0.0,1.0,0.0,1.0,1.0,1.0,2,1.0,2,,0,1.0,2
mlp,43,3,CRC23,9,0.0,1.0,0.0,0.8888888888888888,0.8888888888888888,1.0,9,0.8888888888888888,9,,0,1.0,9
mlp,43,3,CRC24,3,0.0,1.0,0.0,1.0,1.0,1.0,3,1.0,3,,0,1.0,3
mlp,43,3,CRC25,37,0.0,1.0,0.0,1.0,1.0,1.0,37,1.0,37,,0,1.0,37
mlp,43,3,GC28_P_cDNA,14,0.0,1.0,0.0,1.0,1.0,1.0,14,1.0,14,,0,1.0,14
mlp,43,3,GC29_P_cDNA,15,0.0,1.0,0.0,1.0,1.0,1.0,15,1.0,15,,0,1.0,15
mlp,43,3,GC2_P_cDNA,1,0.0,1.0,0.0,1.0,1.0,1.0,1,1.0,1,,0,1.0,1
mlp,43,3,GC30_P_cDNA,11,0.0,1.0,0.0,1.0,1.0,1.0,11,1.0,11,,0,1.0,11
mlp,43,3,GC31_P_cDNA,20,0.0,1.0,0.0,1.0,1.0,1.0,20,1.0,20,,0,1.0,20
mlp,43,3,GC32_P_cDNA,6,0.0,1.0,0.0,1.0,1.0,1.0,6,1.0,6,,0,1.0,6
mlp,43,3,GC36_P_cDNA,11,0.0,1.0,0.0,1.0,1.0,1.0,11,1.0,11,,0,1.0,11
mlp,43,3,HCC-1,10,0.0,1.0,0.0,1.0,1.0,1.0,10,1.0,10,,0,1.0,10
mlp,43,3,HCC-2-1_1,6,0.0,1.0,0.0,1.0,1.0,1.0,6,1.0,6,,0,1.0,6
mlp,43,3,HCC-2-2,19,0.0,1.0,0.0,1.0,1.0,1.0,19,1.0,19,,0,1.0,19
mlp,43,3,HCC-22,5,0.0,1.0,0.0,1.0,1.0,1.0,5,1.0,5,,0,1.0,5
mlp,43,3,HCC-3-1_2,13,0.0,1.0,0.0,1.0,1.0,1.0,13,1.0,13,,0,1.0,13
mlp,43,3,HCC-3-2_1,15,0.0,1.0,0.0,1.0,1.0,1.0,15,1.0,15,,0,1.0,15
mlp,43,3,PBMC-1,108,0.018518518518518517,0.9814814814814815,0.0,1.0,0.9814814814814815,1.0,106,1.0,106,0.0,1,0.9906542056074766,107
mlp,43,3,PBMC-2,371,0.0,1.0,0.0,0.9487870619946092,0.9487870619946092,1.0,371,0.9487870619946092,371,,0,1.0,371
mlp,43,3,PBMC-3,131,0.31297709923664124,0.6870229007633588,0.0,0.9847328244274809,0.6717557251908397,1.0,90,0.9777777777777777,90,0.0,34,0.9278350515463918,97
mlp,43,3,PBMC-4,287,0.11149825783972125,0.8885017421602788,0.0,1.0,0.8885017421602788,1.0,255,1.0,255,0.0,12,0.9272727272727272,275
mlp,43,3,PBMC-5,120,0.008333333333333333,0.9916666666666667,0.0,1.0,0.9916666666666667,1.0,119,1.0,119,,0,0.9916666666666667,120
mlp,43,3,PBMC-6,134,0.07462686567164178,0.9253731343283582,0.0,0.9925373134328358,0.917910447761194,1.0,124,0.9919354838709677,124,0.0,8,0.9841269841269841,126
mlp,43,3,PC-1,98,0.0,1.0,0.0,1.0,1.0,1.0,98,1.0,98,,0,1.0,98
mlp,43,3,PC-2,2,0.0,1.0,0.0,1.0,1.0,1.0,2,1.0,2,,0,1.0,2
mlp,43,3,PC-3,2,0.0,1.0,0.0,1.0,1.0,1.0,2,1.0,2,,0,1.0,2
mlp,43,3,PC-5,11,0.0,1.0,0.0,1.0,1.0,1.0,11,1.0,11,,0,1.0,11
mlp,43,3,PC-6,11,0.0,1.0,0.0,1.0,1.0,1.0,11,1.0,11,,0,1.0,11
mlp,43,3,PRZ1,1,0.0,1.0,0.0,1.0,1.0,1.0,1,1.0,1,,0,1.0,1
mlp,43,3,PRZ2,4,0.0,1.0,0.0,1.0,1.0,1.0,4,1.0,4,,0,1.0,4
mlp,43,3,PRZ3,2,0.0,1.0,0.0,1.0,1.0,1.0,2,1.0,2,,0,1.0,2
mlp,43,3,PRZ4,10,0.0,1.0,0.0,1.0,1.0,1.0,10,1.0,10,,0,1.0,10
mlp,43,3,PRZ5,14,0.0,1.0,0.0,1.0,1.0,1.0,14,1.0,14,,0,1.0,14
mlp,43,3,PRZ6,42,0.0,1.0,0.0,1.0,1.0,1.0,42,1.0,42,,0,1.0,42
mlp,43,4,CRC11,3220,0.48819875776397514,0.1496894409937888,0.362111801242236,0.5860248447204969,0.09782608695652174,0.2924757281553398,1648,0.6535269709543569,482,0.13115274690377898,3149,0.971830985915493,71
mlp,43,4,CRC13,2601,0.5632449058054594,0.15916955017301038,0.2775855440215302,0.661284121491734,0.09803921568627451,0.3644366197183099,1136,0.6159420289855072,414,0.09572215163066497,2361,0.7833333333333333,240
mlp,43,4,CRC16,3959,0.024248547613033595,0.8454155089669109,0.13033594342005558,0.16544581965142713,0.14119727203839352,0.8664250582448874,3863,0.1670152375261428,3347,0.7721139430284858,2668,0.9969016266460109,1291
mlp,43,4,CRC17,2750,0.11054545454545454,0.43127272727272725,0.4581818181818182,0.2101818181818182,0.09963636363636363,0.4848732624693377,2446,0.23102866779089376,1186,0.29118773946360155,2088,0.8731117824773413,662
mlp,43,4,CRC22,3623,0.4590118686171681,0.3251449075351918,0.21584322384764007,0.6599503174165057,0.20093844879933756,0.6010204081632653,1960,0.6179966044142614,1178,0.2609230769230769,3250,0.8847184986595175,373
mlp,43,4,CRC23,2883,0.35310440513354147,0.5435310440513355,0.10336455081512314,0.7339576829691293,0.3808532778355879,0.8402144772117962,1865,0.7007019783024888,1567,0.33369156367544334,1861,0.9256360078277887,1022
mlp,43,4,CRC24,2677,0.4363093014568547,0.3709376167351513,0.19275308180799403,0.6768771012327232,0.2405677997758685,0.658051689860835,1509,0.648539778449144,993,0.2804825506247307,2321,0.9606741573033708,356
mlp,43,4,CRC25,3070,0.08631921824104234,0.8550488599348535,0.05863192182410423,0.49185667752442996,0.40553745928338764,0.9358288770053476,2805,0.4742857142857143,2625,0.621380846325167,898,0.9516574585635359,2172
mlp,43,4,GC28_P_cDNA,2915,0.47855917667238423,0.2960548885077187,0.22538593481989708,0.6576329331046312,0.179073756432247,0.5677631578947369,1520,0.6048667439165701,863,0.25951940850277266,2705,0.7666666666666667,210
mlp,43,4,GC29_P_cDNA,1576,0.4784263959390863,0.08756345177664974,0.434010152284264,0.5076142131979695,0.02918781725888325,0.1678832116788321,822,0.3333333333333333,138,0.0423956931359354,1486,0.8333333333333334,90
mlp,43,4,GC2_P_cDNA,2334,0.41730934018851756,0.2035132819194516,0.3791773778920309,0.5231362467866324,0.10582690659811482,0.3492647058823529,1360,0.52,475,0.18810148731408574,2286,0.9375,48
mlp,43,4,GC30_P_cDNA,2820,0.4443262411347518,0.31950354609929077,0.23617021276595745,0.6170212765957447,0.1726950354609929,0.5749840459476707,1567,0.5405105438401776,901,0.2733485193621868,2634,0.9731182795698925,186
mlp,43,4,GC31_P_cDNA,3440,0.4982558139534884,0.2372093023255814,0.26453488372093026,0.6284883720930232,0.13023255813953488,0.4727694090382387,1726,0.5490196078431373,816,0.07635942923254917,2593,0.7296340023612751,847
mlp,43,4,GC32_P_cDNA,3824,0.27405857740585776,0.5902196652719666,0.13572175732217573,0.6166317991631799,0.3425732217573222,0.8130403458213257,2776,0.5804164820558263,2257,0.10541110330288124,1423,0.8775510204081632,2401
mlp,43,4,GC36_P_cDNA,3337,0.5993407252022775,0.07851363500149836,0.3221456397962241,0.6338028169014085,0.034462091699130955,0.19596110695587135,1337,0.4389312977099237,262,0.05079962370649106,3189,0.6756756756756757,148
mlp,43,4,HCC-1,3021,0.2869910625620655,0.5723270440251572,0.14068189341277723,0.5680238331678252,0.2810327706057597,0.8026926648096564,2154,0.4910352805089647,1729,0.2562425683709869,1682,0.9693801344286781,1339
mlp,43,4,HCC-2-1_1,2442,0.2891072891072891,0.5565110565110565,0.15438165438165438,0.5958230958230958,0.3067158067158067,0.7828341013824884,1736,0.551140544518028,1359,0.4514314928425358,1956,0.9794238683127572,486
mlp,43,4,HCC-2-2,2589,0.2726921591348011,0.5731942835071456,0.1541135573580533,0.5959830050212437,0.32329084588644263,0.7881040892193308,1883,0.5640161725067385,1484,0.4633546483030005,2033,0.9748201438848921,556
mlp,43,4,HCC-22,3858,0.6153447382063245,0.1381544841886988,0.24650077760497668,0.6886988076723691,0.07335406946604459,0.3591644204851752,1484,0.5309568480300187,533,0.09015715467328371,3627,0.8917748917748918,231
mlp,43,4,HCC-24,4670,0.4743040685224839,0.3233404710920771,0.20235546038543897,0.6402569593147751,0.16595289079229122,0.615071283095723,2455,0.5132450331125827,1510,0.17388978063135366,3738,0.9227467811158798,932
mlp,43,4,HCC-3-1_2,2988,0.1348728246318608,0.7975234270414994,0.06760374832663989,0.6114457831325302,0.47657295850066933,0.9218568665377176,2585,0.5975660931598825,2383,0.4379210779595765,1039,0.9892252437147255,1949
mlp,43,4,HCC-3-2_1,2875,0.12834782608695652,0.8260869565217391,0.04556521739130435,0.6622608695652173,0.5339130434782609,0.9477254588986432,2506,0.6463157894736842,2375,0.5375722543352601,1038,0.9891126837234622,1837
mlp,43,4,PBMC-1,10190,0.12100098135426889,0.5835132482826301,0.2954857703631011,0.278900883218842,0.15789990186457312,0.6638383387294853,8957,0.27060208543558695,5946,0.4547289116103861,7433,0.930721799056946,2757
mlp,43,4,PBMC-2,7284,0.12616694124107633,0.5513454146073586,0.32248764415156506,0.27498627127951675,0.14881933003844042,0.6309505106048704,6365,0.2699203187250996,4016,0.24233691380665445,3817,0.8915488895298529,3467
mlp,43,4,PBMC-3,10547,0.06532663316582915,0.8516165734332037,0.0830567934009671,0.3868398596757372,0.32151322650990805,0.9111381618989653,9858,0.37753284346470717,8982,0.67426301484424,4783,0.9987855655794587,5764
mlp,43,4,PBMC-4,9607,0.04819402518996565,0.8566670136358905,0.09513896117414386,0.31414593525554285,0.26595191006557717,0.9000437445319335,9144,0.31044957472660994,8230,0.7694761584956347,5956,0.9989044097507532,3651
mlp,43,4,PBMC-5,7598,0.19097130823901026,0.4594630165833114,0.34956567517767834,0.3340352724401158,0.14306396420110556,0.5679193102326338,6147,0.31137209968490404,3491,0.3769325912183055,6468,0.9318584070796461,1130
mlp,43,4,PBMC-6,7271,0.14083344794388666,0.6483289781323064,0.2108375739238069,0.34795763993948564,0.20712419199559895,0.7546022090603489,6247,0.319473907509546,4714,0.5332473752072204,5429,0.987513572204126,1842
mlp,43,4,PC-1,7456,0.4053111587982833,0.2003755364806867,0.39431330472103004,0.5269581545064378,0.1216469957081545,0.33694181326116374,4434,0.607095046854083,1494,0.15805991440798858,7010,0.8654708520179372,446
mlp,43,4,PC-2,978,0.5122699386503068,0.03987730061349693,0.44785276073619634,0.5368098159509203,0.024539877300613498,0.08176100628930817,477,0.6153846153846154,39,0.033950617283950615,972,1.0,6
mlp,43,4,PC-3,2310,0.5112554112554113,0.1341991341991342,0.35454545454545455,0.5796536796536796,0.0683982683982684,0.2745792736935341,1129,0.5096774193548387,310,0.05,2020,0.7206896551724138,290
mlp,43,4,PC-4,570,0.22456140350877193,0.6807017543859649,0.09473684210526316,0.7,0.47543859649122805,0.8778280542986425,442,0.6984536082474226,388,0.42671009771986973,307,0.9771863117870723,263
mlp,43,4,PC-5,1972,0.44016227180527384,0.22870182555780932,0.33113590263691683,0.565922920892495,0.1257606490872211,0.40851449275362317,1104,0.549889135254989,451,0.0260989010989011,1456,0.8003875968992248,516
mlp,43,4,PC-6,2377,0.5048380311316786,0.22128733697938577,0.2738746318889356,0.6411442995372318,0.1363062684055532,0.4468988954970263,1177,0.6159695817490495,526,0.09048843187660668,1945,0.8101851851851852,432
mlp,43,4,PRZ1,3411,0.5581940779829961,0.1720902961008502,0.2697156259161536,0.6569920844327177,0.09879800644972149,0.38951559389515594,1507,0.5741056218057922,587,0.10482315112540193,3110,0.867109634551495,301
mlp,43,4,PRZ2,7220,0.5657894736842105,0.20734072022160666,0.22686980609418284,0.6951523545706371,0.12936288088642658,0.47751196172248805,3135,0.6239144956579826,1497,0.1277457547904658,6419,0.8451935081148564,801
mlp,43,4,PRZ3,4300,0.39767441860465114,0.4306976744186046,0.17162790697674418,0.6216279069767442,0.22395348837209303,0.715057915057915,2590,0.5199784017278618,1852,0.14803849000740193,2702,0.9086357947434293,1598
mlp,43,4,PRZ4,4819,0.45860136957875075,0.32703880473127206,0.21435982568997716,0.6505499066196306,0.19194853704087986,0.6040628593330778,2609,0.5869289340101523,1576,0.24748302505268088,4271,0.9470802919708029,548
mlp,43,4,PRZ5,4429,0.3578685933619327,0.38089862271393093,0.26123278392413635,0.5538496274554076,0.19598103409347484,0.5931786216596343,2844,0.5145228215767634,1687,0.23777591506007265,3579,0.9835294117647059,850
mlp,43,4,PRZ6,3309,0.27954064672106377,0.48957388939256574,0.23088546388637052,0.5046841946207313,0.22514354789966756,0.6795302013422819,2384,0.45987654320987653,1620,0.2928082191780822,2336,0.9619732785200411,973
flat,17,-1,CRC11,7469,0.2654973892087294,0.5820056232427366,0.15249698754853394,0.6042308207256661,0.3387334315169367,0.7923806051768137,5486,0.582010582010582,4347,0.12393422655298417,3284,0.9414575866188769,4185
flat,17,-1,CRC13,5062,0.37317265902805213,0.4126827340971948,0.21414460687475306,0.7048597392335045,0.3316870802054524,0.6583674755751655,3173,0.803733843944471,2089,0.06451612903225806,2976,0.9093959731543624,2086
flat,17,-1,CRC16,7478,0.28296335918694837,0.6253008825889276,0.0917357582241241,0.4360791655522867,0.15311580636533834,0.8720626631853786,5362,0.24486740804106075,4676,0.26603830951657037,3289,0.9073764621628073,4189
flat,17,-1,CRC17,6427,0.1747316010580364,0.5273066749649914,0.2979617239769721,0.4131009802396141,0.23836937918157772,0.6389517345399698,5304,0.4520507524343464,3389,0.1300597213005972,3014,0.8781130969821271,3413
flat,17,-1,CRC22,5203,0.44935614068806456,0.34806842206419375,0.20257543724774169,0.6767249663655583,0.22736882567749375,0.6321116928446772,2865,0.6532302595251243,1811,0.11566131710016603,3614,0.8766519823788547,1589
flat,17,-1,CRC23,6110,0.41702127659574467,0.4957446808510638,0.08723404255319149,0.7967266775777414,0.37970540098199673,0.8503649635036497,3562,0.7659293496203368,3029,0.10368217054263566,3096,0.8984737889847378,3014
flat,17,-1,CRC24,7254,0.3349875930521092,0.5551419906258616,0.10987041632202922,0.7733664185277088,0.43837882547559964,0.8347844112769486,4824,0.7896697293270425,4027,0.12932952017794724,3147,0.8814219625030436,4107
flat,17,-1,CRC25,7233,0.229227153325038,0.6048665837135352,0.1659062629614268,0.5466611364579013,0.31743398313286325,0.7847533632286996,5575,0.5248,4375,0.03677758318739054,2855,0.9753312014618547,4378
flat,17,-1,GC28_P_cDNA,7320,0.40997267759562844,0.37636612021857924,0.21366120218579235,0.662568306010929,0.25259562841530053,0.6378791386895115,4319,0.6711433756805808,2755,0.11752316764953664,4748,0.854199066874028,2572
flat,17,-1,GC29_P_cDNA,5117,0.31502833691616183,0.4846589798710182,0.20031268321282,0.6488176666015243,0.3337893296853625,0.7075606276747504,3505,0.6887096774193548,2480,0.09380863039399624,2665,0.9094616639477977,2452
flat,17,-1,GC2_P_cDNA,4443,0.2797659239252757,0.4845824893090254,0.23565158676569886,0.525320729237002,0.2455548053117263,0.6728125,3200,0.5067347886669763,2153,0.1124949779027722,2489,0.9585465711361311,1954
flat,17,-1,GC30_P_cDNA,7164,0.2787548855388051,0.6134840871021775,0.10776102735901731,0.6426577331099944,0.3639028475711893,0.8505902844977743,5167,0.5931740614334471,4395,0.14445196211096076,2956,0.9429657794676806,4208
flat,17,-1,GC31_P_cDNA,7103,0.34056032662255387,0.4482612980430804,0.21117837533436576,0.6701393777277207,0.32957905110516683,0.6797608881298036,4684,0.7352386934673367,3184,0.10540811216825238,3994,0.8887101962045674,3109
flat,17,-1,GC32_P_cDNA,7179,0.27218275525839253,0.5457584621813623,0.18205878256024516,0.6773923944839114,0.4052096392255189,0.7498564593301436,5225,0.7424706482899438,3918,0.037209302325581395,3010,0.9129287598944591,4169
flat,17,-1,GC36_P_cDNA,7234,0.34752557367984516,0.46143212607132983,0.191042300248825,0.7016864805087089,0.3541609068288637,0.7072033898305085,4720,0.7675254643499101,3338,0.06409304627567433,4041,0.9642968994675853,3193
flat,17,-1,HCC-1,7055,0.4127569099929128,0.4214032600992204,0.16583982990786675,0.6856130403968816,0.27285613040396883,0.717595944967415,4143,0.6474941136898755,2973,0.08842405514618493,4207,0.9132724719101124,2848
flat,17,-1,HCC-2-1_1,6913,0.45277014320844783,0.3716186894257197,0.1756111673658325,0.6995515695067265,0.2467814262982786,0.6790906687813905,3783,0.6640716231996886,2569,0.16331658291457288,4378,0.7313609467455622,2535
flat,17,-1,HCC-2-2,7179,0.45800250731299624,0.40395598272739935,0.1380415099596044,0.7254492269118261,0.26744671959882993,0.7453096890259573,3891,0.6620689655172414,2900,0.118351370020723,4343,0.8413258110014105,2836
flat,17,-1,HCC-22,7019,0.4681578572446217,0.39321840718051004,0.1386237355748682,0.7924205727311583,0.32426271548653657,0.7393517278328422,3733,0.8246376811594203,2760,0.09025,4000,0.7946339847631666,3019
flat,17,-1,HCC-24,7039,0.47307856229578066,0.37903111237391673,0.1478903253303026,0.7773831510157693,0.3043045887199886,0.7193313561606902,3709,0.802848575712144,2668,0.03957243575164885,4397,0.9439818319454958,2642
flat,17,-1,HCC-3-1_2,7198,0.42845234787440956,0.4534592942484023,0.1180883578771881,0.7101972770213948,0.2817449291469853,0.7933884297520661,4114,0.6213235294117647,3264,0.24811676082862524,4248,0.7491525423728813,2950
flat,17,-1,HCC-3-2_1,7285,0.4635552505147563,0.41496225120109814,0.12148249828414551,0.7404255319148936,0.27687028140013725,0.7735414534288638,3908,0.6672179953688389,3023,0.16776690188936946,4393,0.7904564315352697,2892
flat,17,-1,PBMC-1,22144,0.20895050578034682,0.5588872832369942,0.23216221098265896,0.48261380057803466,0.27366329479768786,0.7065136724324942,17517,0.4896574014221073,12376,0.2529929017904439,9439,0.7861471861471861,12705
flat,17,-1,PBMC-2,16302,0.19844190896822475,0.5564961354435038,0.24506195558827137,0.5081585081585082,0.3097165991902834,0.694268003367261,13067,0.5565476190476191,9072,0.11371141421392678,6965,0.8867944735996572,9337
flat,17,-1,PBMC-3,21398,0.2626881016917469,0.656276287503505,0.08103561080474811,0.5537900738386765,0.2911019721469296,0.8900931736071497,15777,0.4435661895606352,14043,0.3031771674744211,9285,0.9269380004953356,12113
flat,17,-1,PBMC-4,22627,0.31586158129668096,0.5894727537897202,0.0946656649135988,0.540416316789676,0.2245547354929951,0.8616279069767442,15480,0.38094167041535465,13338,0.3268839103869654,10802,0.8293446088794926,11825
flat,17,-1,PBMC-5,19153,0.3266329034615987,0.4342922779721192,0.23907481856628204,0.5902469587009868,0.2636140552393881,0.6449561913623323,12897,0.6069968742486175,8318,0.17273913479875538,9963,0.7178454842219805,9190
flat,17,-1,PBMC-6,15164,0.33480611975731994,0.4723028224742812,0.19289105776839885,0.5534819308889475,0.21867581113162754,0.7100228016258551,10087,0.4629991622451829,7162,0.25970873786407767,8652,0.7547604422604423,6512
flat,17,-1,PC-1,17977,0.24659286866551705,0.54719919897647,0.20620793235801302,0.6696334204817267,0.4230405518162096,0.7262994683992912,13544,0.7731015553522416,9837,0.1026235509456986,8195,0.9196483336740953,9782
flat,17,-1,PC-2,1929,0.29341627786417834,0.48833592534992226,0.21824779678589942,0.6241575946086055,0.33074131674442714,0.6911225238444607,1363,0.6772823779193206,942,0.0903041825095057,1052,0.9657924743443558,877
flat,17,-1,PC-3,4981,0.3125878337683196,0.45231881148363784,0.23509335474804255,0.6751656293916884,0.3625777956233688,0.6580023364485982,3424,0.8015978695073236,2253,0.04060913705583756,2561,0.8880165289256199,2420
flat,17,-1,PC-4,2060,0.32281553398058255,0.625242718446602,0.051941747572815535,0.6786407766990291,0.3558252427184466,0.9232974910394265,1395,0.5690993788819876,1288,0.34513274336283184,791,0.7998423955870765,1269
flat,17,-1,PC-5,3977,0.3419663062610008,0.35252703042494343,0.30550666331405585,0.5939150113150616,0.25194870505406086,0.5357279327474207,2617,0.7146932952924394,1402,0.025089605734767026,2511,0.9133697135061392,1466
flat,17,-1,PC-6,6890,0.36952104499274313,0.3640058055152395,0.2664731494920174,0.6079825834542816,0.23846153846153847,0.5773480662983426,4344,0.655103668261563,2508,0.1066923241394056,4677,0.9078174423859015,2213
flat,17,-1,PRZ1,8750,0.2950857142857143,0.5746285714285714,0.13028571428571428,0.7590857142857143,0.464,0.8151750972762646,6168,0.807478122513922,5028,0.09584747975972839,3829,0.9471652103231051,4921
flat,17,-1,PRZ2,12428,0.3721435468297393,0.4631477309301577,0.164708722240103,0.7059864821371098,0.33384293530737047,0.7376650006407792,7803,0.720813064628214,5756,0.11540188594521779,6681,0.867409082999826,5747
flat,17,-1,PRZ3,9117,0.3928923988153998,0.46023911374355597,0.1468684874410442,0.6958429307886366,0.3029505319732368,0.7580849141824751,5535,0.6582459485224023,4196,0.14846743295019157,5220,0.8778547600718501,3897
flat,17,-1,PRZ4,7719,0.3216737919419614,0.5621194455240316,0.116206762534007,0.707993263376085,0.3863194714341236,0.8286860198624905,5236,0.6872551279096566,4339,0.39376893119861534,4622,0.8133677752663868,3097
flat,17,-1,PRZ5,12944,0.26815512978986406,0.6304851668726823,0.10135970333745364,0.6937577255871447,0.4256025957972806,0.8615011084133855,9473,0.6750398235510354,8161,0.16278118609406952,4890,0.9144524459895704,8054
flat,17,-1,PRZ6,8748,0.3152720621856424,0.4921124828532236,0.19261545496113397,0.6719250114311842,0.35665294924554186,0.7186978297161937,5990,0.7247386759581882,4305,0.0947603121516165,4485,0.9101571663148018,4263
flat,17,0,CRC11,324,0.033950617283950615,0.9660493827160493,0.0,0.8055555555555556,0.7716049382716049,1.0,313,0.7987220447284346,313,0.0,10,0.9968152866242038,314
flat,17,0,CRC13,209,0.15311004784688995,0.8373205741626795,0.009569377990430622,0.8995215311004785,0.7464114832535885,0.9887005649717514,177,0.8914285714285715,175,0.0,32,0.9887005649717514,177
flat,17,0,CRC16,167,0.10179640718562874,0.8922155688622755,0.005988023952095809,0.874251497005988,0.7724550898203593,0.9933333333333333,150,0.8657718120805369,149,0.0,17,0.9933333333333333,150
flat,17,0,CRC17,269,0.03717472118959108,0.9591078066914498,0.0037174721189591076,0.8215613382899628,0.7843866171003717,0.9961389961389961,259,0.8178294573643411,258,0.0,10,0.9961389961389961,259
flat,17,0,CRC22,213,0.20187793427230047,0.7981220657276995,0.0,0.8075117370892019,0.6056338028169014,1.0,170,0.7588235294117647,170,0.0,36,0.96045197740113,177
flat,17,0,CRC23,91,0.16483516483516483,0.8351648351648352,0.0,0.9120879120879121,0.7472527472527473,1.0,76,0.8947368421052632,76,0.0,15,1.0,76
flat,17,0,CRC24,238,0.14705882352941177,0.8529411764705882,0.0,0.9453781512605042,0.7983193277310925,1.0,203,0.9359605911330049,203,0.0,35,1.0,203
flat,17,0,CRC25,501,0.06387225548902195,0.9241516966067864,0.011976047904191617,0.7365269461077845,0.6726546906187625,0.9872068230277186,469,0.7278617710583153,463,0.05,40,1.0,461
flat,17,0,GC28_P_cDNA,337,0.27299703264094954,0.7210682492581603,0.005934718100890208,0.9287833827893175,0.655786350148368,0.9918367346938776,245,0.9094650205761317,243,0.0,89,0.9798387096774194,248
flat,17,0,GC29_P_cDNA,225,0.0044444444444444444,0.9955555555555555,0.0,0.9422222222222222,0.9377777777777778,1.0,224,0.9419642857142857,224,0.0,1,1.0,224
flat,17,0,GC2_P_cDNA,226,0.05309734513274336,0.9424778761061947,0.004424778761061947,0.8185840707964602,0.7654867256637168,0.9953271028037384,214,0.812206572769953,213,0.09090909090909091,11,0.986046511627907,215
flat,17,0,GC30_P_cDNA,400,0.0375,0.96,0.0025,0.935,0.8975,0.9974025974025974,385,0.9348958333333334,384,0.0,12,0.9896907216494846,388
flat,17,0,GC31_P_cDNA,939,0.0362087326943557,0.9616613418530351,0.002129925452609159,0.9382321618743344,0.9020234291799787,0.9977900552486187,905,0.937984496124031,903,0.0,35,0.9988938053097345,904
flat,17,0,GC32_P_cDNA,713,0.15988779803646563,0.8246844319775596,0.015427769985974754,0.8863955119214586,0.726507713884993,0.9816360601001669,599,0.8809523809523809,588,0.0,110,0.9751243781094527,603
flat,17,0,GC36_P_cDNA,790,0.16329113924050634,0.8341772151898734,0.002531645569620253,0.9518987341772152,0.7886075949367088,0.9969742813918305,661,0.9453717754172989,659,0.007751937984496124,129,0.9954614220877458,661
flat,17,0,HCC-1,390,0.041025641025641026,0.958974358974359,0.0,0.9641025641025641,0.9230769230769231,1.0,374,0.9625668449197861,374,0.0,15,0.9973333333333333,375
flat,17,0,HCC-2-1_1,200,0.03,0.97,0.0,0.98,0.95,1.0,194,0.979381443298969,194,0.0,6,1.0,194
flat,17,0,HCC-2-2,309,0.003236245954692557,0.9967637540453075,0.0,0.9514563106796117,0.948220064724919,1.0,308,0.9512987012987013,308,0.0,1,1.0,308
flat,17,0,HCC-22,679,0.27982326951399117,0.7201767304860088,0.0,0.9396170839469808,0.6597938144329897,1.0,489,0.9161554192229039,489,0.0053475935828877,187,0.991869918699187,492
flat,17,0,HCC-24,401,0.20448877805486285,0.7780548628428927,0.017456359102244388,0.942643391521197,0.7381546134663342,0.9780564263322884,319,0.9487179487179487,312,0.033707865168539325,89,0.9903846153846154,312
flat,17,0,HCC-3-1_2,202,0.0049504950495049506,0.995049504950495,0.0,0.9603960396039604,0.9554455445544554,1.0,201,0.9601990049751243,201,0.0,1,1.0,201
flat,17,0,HCC-3-2_1,230,0.017391304347826087,0.9826086956521739,0.0,0.9652173913043478,0.9478260869565217,1.0,226,0.9646017699115044,226,0.0,4,1.0,226
flat,17,0,PBMC-1,2772,0.01875901875901876,0.9419191919191919,0.03932178932178932,0.41233766233766234,0.3935786435786436,0.9599264705882353,2720,0.41784756798161626,2611,0.037037037037037035,27,0.9508196721311475,2745
flat,17,0,PBMC-2,2118,0.049102927289896126,0.9305949008498584,0.020302171860245515,0.5080264400377715,0.45892351274787535,0.9786494538232373,2014,0.4931506849315068,1971,0.08080808080808081,99,0.9722634967805844,2019
flat,17,0,PBMC-3,2459,0.03334688897925986,0.9349328995526637,0.03172021146807645,0.6612444082960554,0.6278975193167955,0.9671855279764409,2377,0.6715963462374945,2299,0.02631578947368421,114,0.9791044776119403,2345
flat,17,0,PBMC-4,2612,0.018376722817764167,0.9647779479326187,0.016845329249617153,0.527947932618683,0.5095712098009189,0.982839313572543,2564,0.5281746031746032,2520,0.1323529411764706,68,0.9870283018867925,2544
flat,17,0,PBMC-5,1529,0.05428384565075212,0.9306736429038587,0.015042511445389144,0.6422498364944408,0.5879659908436887,0.9840940525587828,1446,0.6317638791286015,1423,0.025974025974025976,77,0.9786501377410468,1452
flat,17,0,PBMC-6,1231,0.03249390739236393,0.9398862713241267,0.02761982128350934,0.5629569455727051,0.5304630381803412,0.9714525608732157,1191,0.564390665514261,1157,0.11764705882352941,34,0.9632414369256475,1197
flat,17,0,PC-1,2813,0.007109847138286527,0.9907571987202275,0.002132954141485958,0.916103803768219,0.9089939566299324,0.9978517722878625,2793,0.9174739863652673,2787,0.0,23,0.9989247311827957,2790
flat,17,0,PC-2,344,0.023255813953488372,0.9738372093023255,0.0029069767441860465,0.8808139534883721,0.8575581395348837,0.9970238095238095,336,0.8805970149253731,335,0.0,6,0.9911242603550295,338
flat,17,0,PC-3,497,0.03822937625754527,0.9617706237424547,0.0,0.9114688128772636,0.8732394366197183,1.0,478,0.9079497907949791,478,0.0,16,0.9937629937629938,481
flat,17,0,PC-4,132,0.007575757575757576,0.9924242424242424,0.0,0.6818181818181818,0.6742424242424242,1.0,131,0.6793893129770993,131,0.0,1,1.0,131
flat,17,0,PC-5,207,0.0821256038647343,0.9130434782608695,0.004830917874396135,0.8647342995169082,0.782608695652174,0.9947368421052631,190,0.8571428571428571,189,0.0,11,0.9642857142857143,196
flat,17,0,PC-6,268,0.07462686567164178,0.914179104477612,0.011194029850746268,0.8731343283582089,0.7985074626865671,0.9879032258064516,248,0.8734693877551021,245,0.0,16,0.9722222222222222,252
flat,17,0,PRZ1,2651,0.01923802338740098,0.9796303281780461,0.001131648434552999,0.970954356846473,0.951716333459072,0.9988461538461538,2600,0.9715055833654216,2597,0.0,29,0.990465293668955,2622
flat,17,0,PRZ2,1922,0.07960457856399583,0.9172736732570239,0.003121748178980229,0.9328824141519251,0.8532778355879292,0.996608253250424,1769,0.9302325581395349,1763,0.0,93,0.963914707490432,1829
flat,17,0,PRZ3,584,0.0684931506849315,0.9212328767123288,0.010273972602739725,0.9434931506849316,0.875,0.9889705882352942,544,0.949814126394052,538,0.0,13,0.9422066549912435,571
flat,17,0,PRZ4,1085,0.11797235023041475,0.880184331797235,0.0018433179723502304,0.9557603686635945,0.8377880184331797,0.9979101358411703,957,0.9518324607329843,955,0.0,18,0.895032802249297,1067
flat,17,0,PRZ5,406,0.11083743842364532,0.8817733990147784,0.007389162561576354,0.9187192118226601,0.8078817733990148,0.9916897506925207,361,0.9162011173184358,358,0.0,14,0.9132653061224489,392
flat,17,0,PRZ6,406,0.07389162561576355,0.9261083743842364,0.0,0.896551724137931,0.8226600985221675,1.0,376,0.8882978723404256,376,0.0,23,0.9817232375979112,383
flat,17,1,CRC11,2305,0.005639913232104121,0.986117136659436,0.00824295010845987,0.323644251626898,0.3180043383947939,0.9917102966841187,2292,0.3224813022437307,2273,0.41818181818181815,55,1.0,2250
flat,17,1,CRC13,887,0.1668545659526494,0.46561443066516345,0.36753100338218714,0.3382187147688839,0.1713641488162345,0.5588633288227334,739,0.36803874092009686,413,0.13443830570902393,543,0.9883720930232558,344
flat,17,1,CRC16,973,0.029804727646454265,0.8612538540596094,0.10894141829393628,0.28879753340184994,0.2589928057553957,0.8877118644067796,944,0.30071599045346065,838,0.13970588235294118,136,0.978494623655914,837
flat,17,1,CRC17,1047,0.17574021012416427,0.22349570200573066,0.600764087870105,0.22540592168099333,0.049665711556829036,0.2711471610660487,863,0.2222222222222222,234,0.008838383838383838,792,0.8901960784313725,255
flat,17,1,CRC22,603,0.13930348258706468,0.6318407960199005,0.22885572139303484,0.3250414593698176,0.1857379767827529,0.7341040462427746,519,0.29396325459317585,381,0.23793103448275862,290,0.9968051118210862,313
flat,17,1,CRC23,743,0.09421265141318977,0.6716016150740243,0.23418573351278602,0.4185733512786003,0.3243606998654105,0.7414561664190193,673,0.48296593186372744,499,0.24367088607594936,316,0.9882903981264637,427
flat,17,1,CRC24,1275,0.05725490196078432,0.8250980392156863,0.11764705882352941,0.4203921568627451,0.3631372549019608,0.8752079866888519,1202,0.44011406844106465,1052,0.2815533980582524,309,0.9989648033126294,966
flat,17,1,CRC25,2612,0.5470903522205207,0.007274119448698315,0.445635528330781,0.5497702909647779,0.002679938744257274,0.016060862214708368,1183,0.3684210526315789,19,0.0019305019305019305,2590,0.6363636363636364,22
flat,17,1,GC28_P_cDNA,2914,0.4629375428963624,0.23713109128345916,0.29993136582017843,0.5525051475634866,0.08956760466712423,0.4415335463258786,1565,0.37771345875542695,691,0.05012853470437018,2334,0.9896551724137931,580
flat,17,1,GC29_P_cDNA,2010,0.32338308457711445,0.4368159203980099,0.23980099502487562,0.5084577114427861,0.18507462686567164,0.6455882352941177,1360,0.42369020501138954,878,0.07190082644628099,1210,0.98875,800
flat,17,1,GC2_P_cDNA,1331,0.06536438767843726,0.8970698722764838,0.037565740045078885,0.3245679939894816,0.25920360631104433,0.9598070739549839,1244,0.2889447236180904,1194,0.22941176470588234,170,0.9948320413436692,1161
flat,17,1,GC30_P_cDNA,2289,0.05548274355613805,0.9056356487549148,0.03888160768894714,0.4198339886413281,0.36435124508519,0.9588344125809436,2162,0.402315484804631,2073,0.33980582524271846,309,0.9939393939393939,1980
flat,17,1,GC31_P_cDNA,1645,0.2790273556231003,0.35987841945288757,0.36109422492401216,0.40790273556231005,0.12887537993920972,0.4991568296795953,1186,0.3581081081081081,592,0.11447811447811448,1188,0.9978118161925602,457
flat,17,1,GC32_P_cDNA,1335,0.40898876404494383,0.06591760299625468,0.5250936329588015,0.42696629213483145,0.017977528089887642,0.11153358681875793,789,0.2727272727272727,88,0.025098039215686273,1275,0.9333333333333333,60
flat,17,1,GC36_P_cDNA,1385,0.2108303249097473,0.5768953068592058,0.21227436823104692,0.41155234657039713,0.2007220216606498,0.7310155535224153,1093,0.3479349186483104,799,0.19559228650137742,726,0.9969650986342944,659
flat,17,1,HCC-1,1749,0.5334476843910806,0.14979988564894225,0.31675242995997716,0.5831903945111492,0.04974271012006861,0.32107843137254904,816,0.3320610687022901,262,0.018543046357615896,1510,0.9790794979079498,239
flat,17,1,HCC-2-1_1,2075,0.5026506024096385,0.13204819277108434,0.3653012048192771,0.5619277108433735,0.05927710843373494,0.2655038759689923,1032,0.4489051094890511,274,0.02386117136659436,1844,0.9956709956709957,231
flat,17,1,HCC-2-2,1981,0.601716304896517,0.05906108026249369,0.3392226148409894,0.6269560827864715,0.02523977788995457,0.1482889733840304,789,0.42735042735042733,117,0.010621348911311737,1883,0.9897959183673469,98
flat,17,1,HCC-22,172,0.13953488372093023,0.7616279069767442,0.09883720930232558,0.686046511627907,0.5465116279069767,0.8851351351351351,148,0.7175572519083969,131,0.0975609756097561,41,0.9694656488549618,131
flat,17,1,HCC-24,143,0.11888111888111888,0.7762237762237763,0.1048951048951049,0.6153846153846154,0.4965034965034965,0.8809523809523809,126,0.6396396396396397,111,0.391304347826087,46,0.9587628865979382,97
flat,17,1,HCC-3-1_2,1370,0.4021897810218978,0.25985401459854013,0.33795620437956203,0.5299270072992701,0.12773722627737227,0.4346764346764347,819,0.49157303370786515,356,0.03619047619047619,1050,0.99375,320
flat,17,1,HCC-3-2_1,1443,0.483021483021483,0.16424116424116425,0.35273735273735274,0.5731115731115731,0.09009009009009009,0.31769436997319034,746,0.5485232067510548,237,0.02115541090317331,1229,0.985981308411215,214
flat,17,1,PBMC-1,2920,0.46472602739726027,0.06712328767123288,0.46815068493150686,0.48698630136986304,0.02226027397260274,0.1253998720409469,1563,0.33163265306122447,196,0.009482129832239242,2742,0.9550561797752809,178
flat,17,1,PBMC-2,2459,0.44408296055307034,0.09760065067100447,0.4583163887759252,0.4827165514436763,0.03863359089060594,0.1755669348939283,1367,0.3958333333333333,240,0.010332434860736747,2226,0.9313304721030042,233
flat,17,1,PBMC-3,3357,0.3065236818588025,0.4673815907059875,0.22609472743521,0.51295799821269,0.2064343163538874,0.6739690721649485,2328,0.4416826003824092,1569,0.10116929334011185,1967,0.9856115107913669,1390
flat,17,1,PBMC-4,3132,0.24808429118773948,0.4553001277139208,0.29661558109833974,0.4166666666666667,0.1685823754789272,0.60552016985138,2355,0.3702664796633941,1426,0.052601486563750716,1749,0.9645697758496024,1383
flat,17,1,PBMC-5,2640,0.39810606060606063,0.22121212121212122,0.3806818181818182,0.4962121212121212,0.0981060606060606,0.36752674638137195,1589,0.4434931506849315,584,0.01901511457825451,2051,0.9252971137521222,589
flat,17,1,PBMC-6,1826,0.42825848849945236,0.2573932092004381,0.3143483023001095,0.5339539978094195,0.10569550930996714,0.4501915708812261,1044,0.4106382978723404,470,0.03277494537509104,1373,0.9381898454746137,453
flat,17,1,PC-1,3065,0.13213703099510604,0.7533442088091354,0.11451876019575856,0.40489396411092987,0.27275693311582383,0.8680451127819548,2660,0.3620614984841923,2309,0.1696629213483146,890,0.992183908045977,2175
flat,17,1,PC-2,338,0.06804733727810651,0.8224852071005917,0.10946745562130178,0.25443786982248523,0.1863905325443787,0.8825396825396825,315,0.22661870503597123,278,0.23376623376623376,77,0.9961685823754789,261
flat,17,1,PC-3,1027,0.38461538461538464,0.19182083739045763,0.42356377799415773,0.4595910418695229,0.07497565725413827,0.31170886075949367,632,0.39086294416243655,197,0.06659142212189616,886,0.9787234042553191,141
flat,17,1,PC-4,761,0.08015768725361366,0.8370565045992115,0.08278580814717477,0.4204993429697766,0.3403416557161629,0.91,700,0.4065934065934066,637,0.1895424836601307,153,1.0,608
flat,17,1,PC-5,1203,0.3873649210307564,0.16791354945968412,0.44472152950955945,0.4314214463840399,0.04405652535328346,0.27408412483039346,737,0.2623762376237624,202,0.047573739295908656,1051,1.0,152
flat,17,1,PC-6,3500,0.364,0.2937142857142857,0.3422857142857143,0.49742857142857144,0.13342857142857142,0.4618149146451033,2226,0.45428015564202334,1028,0.08087961237420797,2683,0.99265605875153,817
flat,17,1,PRZ1,1039,0.17709335899903753,0.6573628488931665,0.16554379210779596,0.4436958614051973,0.2666025024061598,0.7988304093567251,855,0.4055636896046852,683,0.18577981651376146,436,0.9983416252072969,603
flat,17,1,PRZ2,1461,0.2292950034223135,0.46338124572210815,0.3073237508555784,0.40451745379876797,0.17522245037645448,0.6012433392539964,1126,0.37813884785819796,677,0.17597471022128555,949,0.99609375,512
flat,17,1,PRZ3,1841,0.3883758826724606,0.23248234655078762,0.37914177077675176,0.4823465507876154,0.09397066811515481,0.38010657193605685,1126,0.40420560747663553,428,0.07344262295081967,1525,1.0,316
flat,17,1,PRZ4,349,0.14326647564469913,0.6934097421203438,0.16332378223495703,0.44412607449856734,0.3008595988538682,0.8093645484949833,299,0.43388429752066116,242,0.13114754098360656,122,0.9955947136563876,227
flat,17,1,PRZ5,2563,0.05891533359344518,0.9141630901287554,0.026921576277799453,0.42723371049551306,0.36831837690206787,0.9713930348258707,2412,0.40290226205719165,2343,0.1867704280155642,257,0.9952298352124892,2306
flat,17,1,PRZ6,2227,0.4957341715312079,0.18230803771890436,0.32195779074988773,0.5774584643017512,0.08172429277054333,0.36153161175422976,1123,0.4482758620689655,406,0.02710027100271003,1845,0.9319371727748691,382
flat,17,2,CRC11,1603,0.22270742358078602,0.7747972551466001,0.002495321272613849,0.9800374298190893,0.7573300062383032,0.9967897271268058,1246,0.9774557165861514,1242,0.0,123,0.8391891891891892,1480
flat,17,2,CRC13,1356,0.1261061946902655,0.8738938053097345,0.0,0.9896755162241888,0.8635693215339233,1.0,1185,0.9881856540084388,1185,0.018867924528301886,53,0.908672294704528,1303
flat,17,2,CRC16,2359,0.8423060618906316,0.05129292072912251,0.10640101738024586,0.8736752861381941,0.03136922424756253,0.32526881720430106,372,0.6115702479338843,121,0.0,1869,0.24693877551020407,490
flat,17,2,CRC17,2313,0.2667531344574146,0.6389969736273238,0.09424989191526156,0.6792044963251189,0.41245136186770426,0.8714622641509434,1696,0.645466847090663,1478,0.02702702702702703,481,0.7996724890829694,1832
flat,17,2,CRC22,762,0.3333333333333333,0.6666666666666666,0.0,0.9973753280839895,0.6640419947506562,1.0,508,0.9960629921259843,508,0.0078125,128,0.7996845425867508,634
flat,17,2,CRC23,2384,0.6010906040268457,0.3888422818791946,0.010067114093959731,0.9853187919463087,0.38422818791946306,0.9747634069400631,951,0.9881337648327939,927,0.0653505786249149,1469,0.9081967213114754,915
flat,17,2,CRC24,3061,0.2783404116301862,0.7196994446259393,0.0019601437438745506,0.98921920940869,0.7108787977785037,0.9972838388411046,2209,0.9877439854743532,2203,0.0,394,0.8260217472815898,2667
flat,17,2,CRC25,1013,0.14906219151036526,0.8361303060217177,0.014807502467917079,0.8933859822309971,0.7443237907206318,0.9825986078886311,862,0.8902007083825265,847,0.0,92,0.9196525515743756,921
flat,17,2,GC28_P_cDNA,1140,0.22017543859649122,0.7640350877192983,0.015789473684210527,0.9228070175438596,0.7026315789473684,0.9797525309336333,889,0.9196326061997704,871,0.0,22,0.7790697674418605,1118
flat,17,2,GC29_P_cDNA,1291,0.20604182804027885,0.7862122385747483,0.0077459333849728895,0.9504260263361735,0.7443841982958946,0.9902439024390244,1025,0.9467980295566503,1015,0.021052631578947368,95,0.846989966555184,1196
flat,17,2,GC2_P_cDNA,551,0.1397459165154265,0.852994555353902,0.007259528130671506,0.9092558983666061,0.7695099818511797,0.9915611814345991,474,0.902127659574468,470,0.0,12,0.8719851576994434,539
flat,17,2,GC30_P_cDNA,1644,0.3746958637469586,0.5863746958637469,0.038929440389294405,0.9251824817518248,0.5504866180048662,0.9377431906614786,1028,0.9387966804979253,964,0.024574669187145556,529,0.852914798206278,1115
flat,17,2,GC31_P_cDNA,1059,0.09442870632672333,0.8999055712936733,0.0056657223796034,0.9423984891406988,0.8479697828139755,0.9937434827945777,959,0.9422875131164743,953,0.0,3,0.9024621212121212,1056
flat,17,2,GC32_P_cDNA,1301,0.04304381245196003,0.9546502690238279,0.0023059185242121443,0.9285165257494236,0.8854727132974635,0.9975903614457832,1245,0.927536231884058,1242,0.0,11,0.9627906976744186,1290
flat,17,2,GC36_P_cDNA,1711,0.03272939801285798,0.9631794272355347,0.004091174751607247,0.9362945645821157,0.9035651665692578,0.9957703927492447,1655,0.9381067961165048,1648,0.0,9,0.9682726204465335,1702
flat,17,2,HCC-1,1885,0.5188328912466843,0.4424403183023873,0.03872679045092838,0.9278514588859417,0.4090185676392573,0.9195148842337376,907,0.9244604316546763,834,0.02947598253275109,916,0.8328173374613003,969
flat,17,2,HCC-2-1_1,2190,0.6598173515981736,0.2954337899543379,0.04474885844748858,0.9260273972602739,0.26621004566210044,0.8684563758389262,745,0.9010819165378671,647,0.0,887,0.4965464313123561,1303
flat,17,2,HCC-2-2,2281,0.6900482244629549,0.265234546251644,0.04471722928540114,0.920648838228847,0.23060061376589217,0.8557284299858557,707,0.8694214876033057,605,0.0023455824863174357,1279,0.6007984031936128,1002
flat,17,2,HCC-22,2305,0.361822125813449,0.6130151843817787,0.025162689804772233,0.9383947939262473,0.5765726681127983,0.9605710401087696,1471,0.940552016985138,1413,0.0226628895184136,353,0.7197745901639344,1952
flat,17,2,HCC-24,1825,0.3578082191780822,0.6219178082191781,0.020273972602739727,0.9364383561643835,0.5786301369863014,0.9684300341296929,1172,0.9303964757709251,1135,0.003372681281618887,593,0.9196428571428571,1232
flat,17,2,HCC-3-1_2,2625,0.8217142857142857,0.09028571428571429,0.088,0.8918095238095238,0.0700952380952381,0.5064102564102564,468,0.7763713080168776,237,0.0,1658,0.2450879007238883,967
flat,17,2,HCC-3-2_1,2722,0.769287288758266,0.165686994856723,0.06502571638501102,0.9099926524614255,0.14070536370315945,0.7181528662420382,628,0.8492239467849224,451,0.006455399061032864,1704,0.43222003929273084,1018
flat,17,2,PBMC-1,6154,0.35895352616184595,0.5783230419239519,0.06272343191420214,0.8774780630484238,0.5185245368865778,0.9021546261089988,3945,0.8966001685866817,3559,0.0,368,0.6151054268924991,5786
flat,17,2,PBMC-2,4070,0.21621621621621623,0.757002457002457,0.026781326781326782,0.8717444717444718,0.6555282555282556,0.9658307210031348,3190,0.8659526127880558,3081,0.008733624454148471,229,0.801614162978391,3841
flat,17,2,PBMC-3,4904,0.8546084828711256,0.046288743882544864,0.09910277324632953,0.8904975530179445,0.03588907014681892,0.31837307152875177,713,0.775330396475771,227,0.0002576655501159495,3881,0.2209188660801564,1023
flat,17,2,PBMC-4,6989,0.8584919158677923,0.056517384461296324,0.08499069967091143,0.9084275289741022,0.049935613106309916,0.3993933265925177,989,0.8835443037974684,395,0.00042835724994645533,4669,0.16939655172413792,2320
flat,17,2,PBMC-5,7266,0.46985962014863747,0.4640792733278282,0.06606110652353427,0.8711808422791082,0.40132122213047067,0.8753894080996885,3852,0.8647686832740213,3372,0.0,1404,0.5752302968270215,5862
flat,17,2,PBMC-6,4702,0.6282433007230965,0.2837090599744789,0.0880476393024245,0.8845172267120375,0.2562739259889409,0.7631578947368421,1748,0.9032983508245878,1334,0.0016051364365971107,1869,0.46981997882103776,2833
flat,17,2,PC-1,4545,0.19405940594059407,0.7969196919691969,0.009020902090209022,0.9559955995599559,0.7619361936193619,0.9888069888069888,3663,0.9561016013252347,3622,0.0,233,0.8399814471243042,4312
flat,17,2,PC-2,267,0.14232209737827714,0.8539325842696629,0.003745318352059925,0.9662921348314607,0.8239700374531835,0.9956331877729258,229,0.9649122807017544,228,0.0,17,0.912,250
flat,17,2,PC-3,1145,0.07248908296943231,0.9248908296943231,0.0026200873362445414,0.9493449781659389,0.8768558951965065,0.9971751412429378,1062,0.9480642115203022,1059,0.0,47,0.9644808743169399,1098
flat,17,2,PC-4,597,0.8860971524288107,0.09882747068676717,0.01507537688442211,0.9849246231155779,0.09882747068676717,0.8676470588235294,68,1.0,59,0.0,288,0.19093851132686085,309
flat,17,2,PC-5,584,0.0136986301369863,0.9863013698630136,0.0,0.946917808219178,0.9332191780821918,1.0,576,0.9461805555555556,576,0.0,2,0.9896907216494846,582
flat,17,2,PC-6,734,0.14850136239782016,0.8351498637602179,0.01634877384196185,0.9141689373297003,0.7656675749318801,0.9808,625,0.9168026101141925,613,0.0,17,0.8549511854951185,717
flat,17,2,PRZ1,1648,0.29186893203883496,0.6614077669902912,0.046723300970873786,0.8203883495145631,0.5285194174757282,0.934018851756641,1167,0.7990825688073394,1090,0.005390835579514825,371,0.8519968676585747,1277
flat,17,2,PRZ2,1821,0.2602965403624382,0.6688632619439868,0.07084019769357495,0.7495881383855024,0.48929159802306427,0.9042316258351893,1347,0.7315270935960592,1218,0.01141552511415525,438,0.8770788141720897,1383
flat,17,2,PRZ3,2390,0.5794979079497908,0.37405857740585774,0.046443514644351466,0.9255230125523013,0.34602510460251046,0.8895522388059701,1005,0.9250559284116331,894,0.0008525149190110827,1173,0.733771569433032,1217
flat,17,2,PRZ4,1456,0.5034340659340659,0.40453296703296704,0.09203296703296704,0.8228021978021978,0.31936813186813184,0.8146611341632088,723,0.7894736842105263,589,0.0,449,0.5849056603773585,1007
flat,17,2,PRZ5,5532,0.30314533622559653,0.6641359363702097,0.03271872740419378,0.9031091829356471,0.5999638467100507,0.953047989623865,3855,0.9033750680457268,3674,0.01674641148325359,1254,0.853903693314633,4278
flat,17,2,PRZ6,2764,0.17691751085383503,0.8068017366136034,0.016280752532561504,0.8954413892908828,0.7185238784370478,0.9802197802197802,2275,0.8905829596412556,2230,0.0,236,0.882120253164557,2528
flat,17,3,CRC11,17,0.0,1.0,0.0,0.9411764705882353,0.9411764705882353,1.0,17,0.9411764705882353,17,,0,1.0,17
flat,17,3,CRC13,9,0.0,1.0,0.0,1.0,1.0,1.0,9,1.0,9,,0,1.0,9
flat,17,3,CRC16,20,0.0,1.0,0.0,1.0,1.0,1.0,20,1.0,20,,0,1.0,20
flat,17,3,CRC17,48,0.0,1.0,0.0,0.625,0.625,1.0,48,0.625,48,,0,1.0,48
flat,17,3,CRC22,2,0.0,1.0,0.0,1.0,1.0,1.0,2,1.0,2,,0,1.0,2
flat,17,3,CRC23,9,0.0,1.0,0.0,1.0,1.0,1.0,9,1.0,9,,0,1.0,9
flat,17,3,CRC24,3,0.0,1.0,0.0,1.0,1.0,1.0,3,1.0,3,,0,1.0,3
flat,17,3,CRC25,37,0.0,1.0,0.0,1.0,1.0,1.0,37,1.0,37,,0,1.0,37
flat,17,3,GC28_P_cDNA,14,0.0,1.0,0.0,1.0,1.0,1.0,14,1.0,14,,0,1.0,14
flat,17,3,GC29_P_cDNA,15,0.0,1.0,0.0,1.0,1.0,1.0,15,1.0,15,,0,1.0,15
flat,17,3,GC2_P_cDNA,1,0.0,1.0,0.0,1.0,1.0,1.0,1,1.0,1,,0,1.0,1
flat,17,3,GC30_P_cDNA,11,0.0,1.0,0.0,1.0,1.0,1.0,11,1.0,11,,0,1.0,11
flat,17,3,GC31_P_cDNA,20,0.0,1.0,0.0,1.0,1.0,1.0,20,1.0,20,,0,1.0,20
flat,17,3,GC32_P_cDNA,6,0.0,1.0,0.0,1.0,1.0,1.0,6,1.0,6,,0,1.0,6
flat,17,3,GC36_P_cDNA,11,0.0,1.0,0.0,1.0,1.0,1.0,11,1.0,11,,0,1.0,11
flat,17,3,HCC-1,10,0.0,1.0,0.0,1.0,1.0,1.0,10,1.0,10,,0,1.0,10
flat,17,3,HCC-2-1_1,6,0.0,1.0,0.0,1.0,1.0,1.0,6,1.0,6,,0,1.0,6
flat,17,3,HCC-2-2,19,0.0,1.0,0.0,1.0,1.0,1.0,19,1.0,19,,0,1.0,19
flat,17,3,HCC-22,5,0.0,1.0,0.0,1.0,1.0,1.0,5,1.0,5,,0,1.0,5
flat,17,3,HCC-3-1_2,13,0.0,1.0,0.0,1.0,1.0,1.0,13,1.0,13,,0,1.0,13
flat,17,3,HCC-3-2_1,15,0.0,1.0,0.0,1.0,1.0,1.0,15,1.0,15,,0,1.0,15
flat,17,3,PBMC-1,108,0.009259259259259259,0.9907407407407407,0.0,1.0,0.9907407407407407,1.0,107,1.0,107,,0,0.9907407407407407,108
flat,17,3,PBMC-2,371,0.016172506738544475,0.9838274932614556,0.0,0.9353099730458221,0.9191374663072777,1.0,365,0.9342465753424658,365,,0,0.9838274932614556,371
flat,17,3,PBMC-3,131,0.17557251908396945,0.8244274809160306,0.0,0.9847328244274809,0.8091603053435115,1.0,108,0.9814814814814815,108,0.0,14,0.9230769230769231,117
flat,17,3,PBMC-4,287,0.04878048780487805,0.9512195121951219,0.0,1.0,0.9512195121951219,1.0,273,1.0,273,0.2,10,0.9783393501805054,277
flat,17,3,PBMC-5,120,0.11666666666666667,0.8833333333333333,0.0,1.0,0.8833333333333333,1.0,106,1.0,106,0.0,9,0.954954954954955,111
flat,17,3,PBMC-6,134,0.26865671641791045,0.7313432835820896,0.0,0.9925373134328358,0.7238805970149254,1.0,98,0.9897959183673469,98,0.029411764705882353,34,0.97,100
flat,17,3,PC-1,98,0.0,1.0,0.0,1.0,1.0,1.0,98,1.0,98,,0,1.0,98
flat,17,3,PC-2,2,0.0,1.0,0.0,1.0,1.0,1.0,2,1.0,2,,0,1.0,2
flat,17,3,PC-3,2,0.0,1.0,0.0,1.0,1.0,1.0,2,1.0,2,,0,1.0,2
flat,17,3,PC-5,11,0.0,1.0,0.0,1.0,1.0,1.0,11,1.0,11,,0,1.0,11
flat,17,3,PC-6,11,0.0,1.0,0.0,1.0,1.0,1.0,11,1.0,11,,0,1.0,11
flat,17,3,PRZ1,1,0.0,1.0,0.0,1.0,1.0,1.0,1,1.0,1,,0,1.0,1
flat,17,3,PRZ2,4,0.0,1.0,0.0,1.0,1.0,1.0,4,1.0,4,,0,1.0,4
flat,17,3,PRZ3,2,0.0,1.0,0.0,1.0,1.0,1.0,2,1.0,2,,0,1.0,2
flat,17,3,PRZ4,10,0.0,1.0,0.0,1.0,1.0,1.0,10,1.0,10,,0,1.0,10
flat,17,3,PRZ5,14,0.0,1.0,0.0,1.0,1.0,1.0,14,1.0,14,,0,1.0,14
flat,17,3,PRZ6,42,0.0,1.0,0.0,1.0,1.0,1.0,42,1.0,42,,0,1.0,42
flat,17,4,CRC11,3220,0.49751552795031057,0.15590062111801242,0.34658385093167704,0.5959627329192546,0.0984472049689441,0.31025957972805934,1618,0.6314741035856574,502,0.12403100775193798,3096,0.9516129032258065,124
flat,17,4,CRC13,2601,0.5913110342176087,0.11803152633602461,0.2906574394463668,0.6647443291041907,0.07343329488658208,0.2888052681091251,1063,0.6221498371335505,307,0.05025553662691652,2348,0.7470355731225297,253
flat,17,4,CRC16,3959,0.020964890123768627,0.8961859055317,0.08284920434453144,0.19019954533973227,0.16923465521596362,0.9153766769865841,3876,0.18883878241262683,3548,0.675611681136543,1267,1.0,2692
flat,17,4,CRC17,2750,0.11345454545454546,0.49854545454545457,0.388,0.21709090909090908,0.10363636363636364,0.5623461853978671,2438,0.20787746170678337,1371,0.21490467937608318,1731,0.9803729146221786,1019
flat,17,4,CRC22,3623,0.5401600883245928,0.20701076455975712,0.25282914711565,0.6599503174165057,0.11979022909191278,0.45018007202881155,1666,0.5786666666666667,750,0.11012658227848102,3160,0.8682505399568035,463
flat,17,4,CRC23,2883,0.3572667360388484,0.5265348595213319,0.11619840443981963,0.7339576829691293,0.37669094693028093,0.8192120885051268,1853,0.7154150197628458,1518,0.11419753086419752,1296,0.8632640201638311,1587
flat,17,4,CRC24,2677,0.5491221516623086,0.211430706014195,0.23944714232349645,0.6791184161374673,0.12999626447515875,0.46893123446561724,1207,0.6148409893992933,566,0.13283520132835203,2409,0.917910447761194,268
flat,17,4,CRC25,3070,0.01498371335504886,0.9801302931596091,0.004885993485342019,0.39315960912052117,0.37817589576547234,0.9950396825396826,3024,0.38584247258225324,3009,0.7368421052631579,133,0.9911474293496766,2937
flat,17,4,GC28_P_cDNA,2915,0.4490566037735849,0.3210977701543739,0.22984562607204118,0.6384219554030874,0.18936535162950258,0.5828144458281445,1606,0.5897435897435898,936,0.19148936170212766,2303,0.8088235294117647,612
flat,17,4,GC29_P_cDNA,1576,0.440989847715736,0.22081218274111675,0.3381979695431472,0.5355329949238579,0.09454314720812183,0.39500567536889897,881,0.4281609195402299,348,0.11846946284032377,1359,0.8617511520737328,217
flat,17,4,GC2_P_cDNA,2334,0.45715509854327335,0.11782347900599828,0.4250214224507284,0.5205655526992288,0.06341045415595545,0.2170481452249408,1267,0.5381818181818182,275,0.10452961672473868,2296,0.9210526315789473,38
flat,17,4,GC30_P_cDNA,2820,0.43936170212765957,0.3414893617021277,0.21914893617021278,0.6159574468085106,0.17659574468085107,0.6091081593927894,1581,0.5171339563862928,963,0.1467236467236467,2106,0.9159663865546218,714
flat,17,4,GC31_P_cDNA,3440,0.5308139534883721,0.20813953488372092,0.261046511627907,0.6366279069767442,0.1058139534883721,0.4436183395291202,1614,0.5083798882681564,716,0.10296242774566473,2768,0.6413690476190477,672
flat,17,4,GC32_P_cDNA,3824,0.323744769874477,0.5214435146443515,0.15481171548117154,0.6399058577405857,0.3161610878661088,0.7710750193348801,2586,0.6063189568706119,1994,0.04956629491945477,1614,0.8660633484162896,2210
flat,17,4,GC36_P_cDNA,3337,0.6104285286185196,0.06622715013485167,0.3233443212466287,0.641594246329038,0.03116571771051843,0.17,1300,0.47058823529411764,221,0.03651243311299968,3177,0.65625,160
flat,17,4,HCC-1,3021,0.3260509764978484,0.49420721615359153,0.17974180734856007,0.556769281694803,0.23071830519695466,0.7333005893909627,2036,0.46684527796383124,1493,0.17950169875424687,1766,0.9370517928286852,1255
flat,17,4,HCC-2-1_1,2442,0.26044226044226043,0.592956592956593,0.1466011466011466,0.5896805896805897,0.32923832923832924,0.8017718715393134,1806,0.5552486187845304,1448,0.408897014015844,1641,0.9700374531835206,801
flat,17,4,HCC-2-2,2589,0.20123599845500192,0.7149478563151797,0.08381614522981846,0.5998455001931248,0.3986095017381228,0.8950676982591876,2068,0.5575364667747164,1851,0.4161016949152542,1180,0.9652235628105039,1409
flat,17,4,HCC-22,3858,0.5800933125972006,0.1871435977190254,0.232763089683774,0.6837739761534474,0.10368066355624676,0.445679012345679,1620,0.554016620498615,722,0.10178414741152383,3419,0.8519362186788155,439
flat,17,4,HCC-24,4670,0.55203426124197,0.23768736616702354,0.21027837259100643,0.7059957173447537,0.15396145610278372,0.5305927342256214,2092,0.6477477477477478,1110,0.04115562823657672,3669,0.958041958041958,1001
flat,17,4,HCC-3-1_2,2988,0.12550200803212852,0.822289156626506,0.05220883534136546,0.6151271753681392,0.4896251673360107,0.9402985074626866,2613,0.5954415954415955,2457,0.6601689408706952,1539,0.9944789510006902,1449
flat,17,4,HCC-3-2_1,2875,0.20243478260869566,0.7283478260869565,0.06921739130434783,0.6445217391304348,0.4420869565217391,0.9132141299607501,2293,0.6069723018147087,2094,0.4807692307692308,1456,0.9823819591261451,1419
flat,17,4,PBMC-1,10190,0.09892051030421982,0.5792934249263985,0.32178606476938176,0.25652600588812563,0.1576054955839058,0.642888259638423,9182,0.2720650516686431,5903,0.37464297048556017,6302,0.9110082304526749,3888
flat,17,4,PBMC-2,7284,0.15829214717188358,0.4688358045030203,0.37287204832509613,0.2918725974739154,0.13358045030203186,0.5570053824824661,6131,0.2849194729136164,3415,0.17206982543640897,4411,0.9244691959624086,2873
flat,17,4,PBMC-3,10547,0.028064852564710346,0.932966720394425,0.0389684270408647,0.3798236465345596,0.35175879396984927,0.9599063505999414,10251,0.37703252032520324,9840,0.7893623451193714,3309,0.998618402873722,7238
flat,17,4,PBMC-4,9607,0.0320599562818778,0.9080878526074737,0.05985219111064848,0.3026959508691579,0.2706359945872801,0.9381653941284009,9299,0.29802842732691426,8724,0.7956339990710636,4306,0.9994340690435767,5301
flat,17,4,PBMC-5,7598,0.22295340879178732,0.37286127928402213,0.40418531192419055,0.33732561200315875,0.11437220321137141,0.4798441734417344,5904,0.3067419696434875,2833,0.26160074743070694,6422,0.9804421768707483,1176
flat,17,4,PBMC-6,7271,0.17397881996974282,0.5642965204236006,0.2617246596066566,0.33461697153073855,0.16063815156099573,0.6831501831501832,6006,0.2846697538386546,4103,0.41070760014975666,5342,0.9896319336443753,1929
flat,17,4,PC-1,7456,0.41925965665236054,0.13693669527896996,0.4438036480686695,0.5065718884120172,0.08731223175965665,0.23579676674364897,4330,0.6376101860920667,1021,0.0978862249964534,7049,0.8132678132678133,407
flat,17,4,PC-2,978,0.5081799591002045,0.10122699386503067,0.39059304703476483,0.5674846625766872,0.05930470347648262,0.20582120582120583,481,0.5858585858585859,99,0.08088235294117647,952,0.8461538461538461,26
flat,17,4,PC-3,2310,0.4588744588744589,0.22380952380952382,0.31731601731601733,0.5839826839826839,0.1251082251082251,0.4136,1250,0.5589941972920697,517,0.02791563275434243,1612,0.6762177650429799,698
flat,17,4,PC-4,570,0.12982456140350876,0.8087719298245614,0.06140350877192982,0.7017543859649122,0.5719298245614035,0.9294354838709677,496,0.7071583514099783,461,0.6991404011461319,349,0.9819004524886877,221
flat,17,4,PC-5,1972,0.4406693711967546,0.2150101419878296,0.3443204868154158,0.5578093306288032,0.11713995943204868,0.3844061650045331,1103,0.5448113207547169,424,0.008984105044920525,1447,0.7828571428571428,525
flat,17,4,PC-6,2377,0.4808582246529238,0.2570466975178797,0.26209507782919644,0.644509886411443,0.16365166175851914,0.49513776337115073,1234,0.6366612111292962,611,0.1438041815400306,1961,0.7908653846153846,416
flat,17,4,PRZ1,3411,0.5470536499560247,0.19261213720316622,0.26033421284080915,0.6608032834945764,0.11374963353855175,0.42524271844660194,1545,0.5905631659056316,657,0.09488807216839291,2993,0.8923444976076556,418
flat,17,4,PRZ2,7220,0.5073407202216067,0.2900277008310249,0.2026315789473684,0.6954293628808864,0.18808864265927977,0.5886983412988473,3557,0.6485195797516714,2094,0.11517015958469524,5201,0.7404655770183259,2019
flat,17,4,PRZ3,4300,0.3353488372093023,0.5427906976744186,0.12186046511627907,0.6258139534883721,0.2904651162790698,0.8166550034989503,2858,0.5351328191945158,2334,0.2638501394978079,2509,0.9335566722501396,1791
flat,17,4,PRZ4,4819,0.3262087570035277,0.5277028429134675,0.14608840008300478,0.6360240713841046,0.30981531438057686,0.7831844779796735,3247,0.5871018482107747,2543,0.44730969501611706,4033,0.9402035623409669,786
flat,17,4,PRZ5,4429,0.360803793181305,0.40009031384059607,0.2391058929780989,0.5649130729284263,0.20410927974712126,0.6259272341928647,2831,0.510158013544018,1772,0.2160475482912333,3365,0.9821428571428571,1064
flat,17,4,PRZ6,3309,0.3430039286793593,0.37805983680870353,0.27893623451193716,0.5170746449078272,0.17407071622846781,0.5754369825206992,2174,0.460431654676259,1251,0.15749685006299874,2381,0.9439655172413793,928
flat,29,-1,CRC11,7469,0.26308742803588164,0.5658053286919267,0.17110724327219173,0.6023564064801178,0.3392689784442362,0.7678052325581395,5504,0.599621391386654,4226,0.0754316873674644,3301,0.9541746641074856,4168
flat,29,-1,CRC13,5062,0.3723824575266693,0.4079415250888977,0.21967601738443304,0.6961675227182932,0.32378506519162387,0.6499842618822789,3177,0.7937046004842615,2065,0.09515859766277128,2995,0.861151427189163,2067
flat,29,-1,CRC16,7478,0.2475260764910404,0.5474725862530089,0.2050013372559508,0.3736293126504413,0.12610323615940092,0.7275635329660565,5627,0.2303370786516854,4094,0.43078730904817863,4255,0.7015203226807323,3223
flat,29,-1,CRC17,6427,0.19106892796016803,0.5016337326902132,0.3072973393496188,0.417146413567761,0.22607748560759297,0.6201192537026351,5199,0.45068238213399503,3224,0.15233494363929145,3105,0.8281155930162553,3322
flat,29,-1,CRC22,5203,0.43532577359215835,0.3788199115894676,0.18585431481837403,0.678839131270421,0.24351335767826254,0.6708645336963921,2938,0.6428209030948757,1971,0.1471825063078217,3567,0.8838630806845966,1636
flat,29,-1,CRC23,6110,0.42945990180032734,0.4949263502454992,0.07561374795417349,0.8014729950900163,0.372013093289689,0.8674698795180723,3486,0.7516534391534392,3024,0.12208549222797928,3088,0.8759099933818663,3022
flat,29,-1,CRC24,7254,0.34491315136476425,0.5523848910945686,0.10270195754066722,0.7772263578715192,0.4323132065067549,0.8432239057239057,4752,0.7826303968055902,4007,0.1352827763496144,3112,0.8657653307580879,4142
flat,29,-1,CRC25,7233,0.2915802571547076,0.5192866030692659,0.18913313977602655,0.585234342596433,0.29365408544172544,0.7330210772833724,5124,0.5654952076677316,3756,0.10580204778156997,3516,0.910411622276029,3717
flat,29,-1,GC28_P_cDNA,7320,0.3960382513661202,0.40710382513661203,0.19685792349726777,0.6523224043715847,0.2562841530054645,0.6740556435195657,4421,0.6295302013422819,2980,0.17177266004648215,4733,0.8376497873985311,2587
flat,29,-1,GC29_P_cDNA,5117,0.3072112565956615,0.48387727183896817,0.20891147156537032,0.6437365643931992,0.33652530779753764,0.6984485190409027,3545,0.6954765751211631,2476,0.09805389221556886,2672,0.905521472392638,2445
flat,29,-1,GC2_P_cDNA,4443,0.2779653387350889,0.529146972766149,0.1928876884987621,0.5311726311051091,0.25320729237002026,0.73285536159601,3208,0.47851977881752444,2351,0.20024519820187986,2447,0.9323647294589178,1996
flat,29,-1,GC30_P_cDNA,7164,0.26716917922948075,0.6067839195979899,0.1260469011725293,0.6155778894472361,0.34840871021775544,0.828,5250,0.5741890959282263,4347,0.21363040629095675,3052,0.8985894941634242,4112
flat,29,-1,GC31_P_cDNA,7103,0.3459101787976911,0.4492467971279741,0.2048430240743348,0.680135154160214,0.3342249753625229,0.686827378390013,4646,0.7439674083359449,3191,0.12088715573970266,4103,0.8983333333333333,3000
flat,29,-1,GC32_P_cDNA,7179,0.2687003760969494,0.5531411060036217,0.17815851789942888,0.6655523053350049,0.39685192923805546,0.7563809523809524,5250,0.7174515235457064,3971,0.047782743210725336,2909,0.897423887587822,4270
flat,29,-1,GC36_P_cDNA,7234,0.33729610174177493,0.46364390378766934,0.1990599944705557,0.6943599668233342,0.3570638650815593,0.6996245306633292,4794,0.7701252236135957,3354,0.04292168674698795,3984,0.9793846153846154,3250
flat,29,-1,HCC-1,7055,0.42735648476257976,0.4293408929836995,0.14330262225372076,0.7013465627214741,0.2739900779588944,0.7497524752475248,4040,0.6381644106965996,3029,0.10081417624521073,4176,0.9058700937825633,2879
flat,29,-1,HCC-2-1_1,6913,0.4653551280196731,0.38391436424128456,0.1507305077390424,0.7143063792854043,0.24895125126573123,0.7180735930735931,3696,0.6484551620195931,2654,0.20947344217061392,4349,0.6797971918876755,2564
flat,29,-1,HCC-2-2,7179,0.45326647165343364,0.3850118400891489,0.16172168825741748,0.723499094581418,0.2702326229279844,0.704203821656051,3925,0.7018813314037626,2764,0.19161260426320667,4316,0.6765630457561997,2863
flat,29,-1,HCC-22,7019,0.46146174668756235,0.3966376976777319,0.1419005556347058,0.7797407038039607,0.31827895711639836,0.7365079365079366,3780,0.8024425287356322,2784,0.14950738916256157,4060,0.7357215275430888,2959
flat,29,-1,HCC-24,7039,0.4521949140502912,0.4171047023724961,0.13070038357721267,0.7711322631055547,0.31893734905526355,0.7614107883817427,3856,0.7646457765667575,2936,0.044908741594620556,4164,0.9561739130434782,2875
flat,29,-1,HCC-3-1_2,7198,0.441789385940539,0.42734092803556545,0.13086968602389554,0.7117254792998055,0.26993609335926644,0.7655550024888004,4018,0.631664499349805,3076,0.2480248982523342,4177,0.6752730883813307,3021
flat,29,-1,HCC-3-2_1,7285,0.45655456417295814,0.42704186684969114,0.11640356897735073,0.7290322580645161,0.272477693891558,0.7858044960848699,3959,0.6380585020893603,3111,0.116230608937254,4319,0.8796358732299393,2966
flat,29,-1,PBMC-1,22144,0.21902095375722544,0.5170249277456648,0.2639541184971098,0.4766979768786127,0.2576770231213873,0.6620215103504106,17294,0.4983841383526946,11449,0.28048426150121064,10325,0.7236652847110585,11819
flat,29,-1,PBMC-2,16302,0.20733652312599682,0.5764936817568397,0.21616979511716353,0.5161329898172003,0.30879646669120353,0.7272867977093329,12922,0.535645882102575,9398,0.13464130597573762,6677,0.883012987012987,9625
flat,29,-1,PBMC-3,21398,0.27390410318721375,0.6308066174408823,0.09528927937190391,0.5611272081502944,0.2872231049630807,0.8687648838257064,15537,0.4553267150688991,13498,0.34449668937721906,10421,0.9026145577115787,10977
flat,29,-1,PBMC-4,22627,0.3044592743182923,0.5740487028770938,0.12149202280461395,0.5411676315905777,0.2367083572722853,0.8253272334477062,15738,0.41234891061667567,12989,0.35875451263537905,11080,0.7806356629427557,11547
flat,29,-1,PBMC-5,19153,0.31686941993421397,0.44786717485511407,0.23526340521067196,0.5943194277658852,0.2774500078316713,0.6556099052277591,13084,0.6194917230123572,8578,0.1662361814237008,9679,0.7355921469284357,9474
flat,29,-1,PBMC-6,15164,0.3297942495383804,0.4627407016618307,0.20746504879978897,0.5255209707201266,0.19572672118174625,0.6904457345272065,10163,0.42297278039048025,7017,0.351024208566108,8592,0.6087948874010956,6572
flat,29,-1,PC-1,17977,0.21805640540690882,0.5553206875451966,0.22662290704789453,0.6478277799410358,0.42977137453412695,0.7101799815038771,14057,0.7739156566162476,9983,0.08762822889630453,8091,0.9380942747319442,9886
flat,29,-1,PC-2,1929,0.2928978745463971,0.4815966822187662,0.2255054432348367,0.6283048211508554,0.33540694660445824,0.6810850439882697,1364,0.6964477933261571,929,0.05491329479768786,1038,0.978675645342312,891
flat,29,-1,PC-3,4981,0.305962658100783,0.4615539048383859,0.23248343706083116,0.6743625777956234,0.36839991969484037,0.6650274804743997,3457,0.7981731187472815,2299,0.03524399690162665,2582,0.9203834931221342,2399
flat,29,-1,PC-4,2060,0.3048543689320388,0.6228155339805825,0.07233009708737864,0.6859223300970874,0.38106796116504854,0.895949720670391,1432,0.6118472330475448,1283,0.196524064171123,748,0.8658536585365854,1312
flat,29,-1,PC-5,3977,0.34322353532813676,0.359316067387478,0.2974603972843852,0.6012069399044506,0.2579834045763138,0.5470903522205207,2612,0.7179846046186145,1429,0.020967741935483872,2480,0.9198396793587175,1497
flat,29,-1,PC-6,6890,0.3634252539912917,0.3551523947750363,0.281422351233672,0.583744557329463,0.22031930333817126,0.5579115367077063,4386,0.6203514507560278,2447,0.0675793133420252,4602,0.9335664335664335,2288
flat,29,-1,PRZ1,8750,0.2957714285714286,0.5672,0.13702857142857142,0.7595428571428572,0.46377142857142856,0.805420318078546,6162,0.8176506145476526,4963,0.06434737117447031,3823,0.9573777146336513,4927
flat,29,-1,PRZ2,12428,0.38196009011908594,0.4639523656260058,0.15408754425490828,0.7104924364338591,0.32853234631477307,0.7506835047519854,7681,0.7081165452653486,5766,0.1486810551558753,7089,0.8825622775800712,5339
flat,29,-1,PRZ3,9117,0.39442799166392456,0.44027640671273444,0.165295601623341,0.6831194471865746,0.28869145552265,0.7270422024995472,5521,0.6557050323866468,4014,0.09285014691478942,5105,0.8823529411764706,4012
flat,29,-1,PRZ4,7719,0.4041974349008939,0.4238891048063221,0.17191346029278404,0.7149889882109082,0.31079155331001423,0.7114590128288758,4599,0.7331907090464548,3272,0.13808230624608314,4787,0.890518417462483,2932
flat,29,-1,PRZ5,12944,0.2729449938195303,0.6203646477132262,0.1066903584672435,0.6898949320148331,0.41694993819530285,0.8532568271172033,9411,0.6721046077210461,8030,0.17706821480406387,4823,0.8836350203176949,8121
flat,29,-1,PRZ6,8748,0.31092821216278005,0.4815957933241884,0.20747599451303156,0.6575217192501143,0.3465935070873343,0.698905109489051,6028,0.71967718965108,4213,0.08207814887579132,4581,0.9208063354931606,4167
flat,29,0,CRC11,324,0.030864197530864196,0.9691358024691358,0.0,0.8055555555555556,0.7746913580246914,1.0,314,0.7993630573248408,314,0.09090909090909091,11,1.0,313
flat,29,0,CRC13,209,0.15789473684210525,0.8373205741626795,0.004784688995215311,0.9234449760765551,0.7655502392344498,0.9943181818181818,176,0.9142857142857143,175,0.0,31,0.9831460674157303,178
flat,29,0,CRC16,167,0.10179640718562874,0.8922155688622755,0.005988023952095809,0.8682634730538922,0.7664670658682635,0.9933333333333333,150,0.8590604026845637,149,0.0,18,1.0,149
flat,29,0,CRC17,269,0.040892193308550186,0.9553903345724907,0.0037174721189591076,0.8178438661710037,0.7769516728624535,0.9961240310077519,258,0.8132295719844358,257,0.0,11,0.9961240310077519,258
flat,29,0,CRC22,213,0.20657276995305165,0.7934272300469484,0.0,0.7934272300469484,0.5868544600938967,1.0,169,0.7396449704142012,169,0.0,39,0.9712643678160919,174
flat,29,0,CRC23,91,0.17582417582417584,0.8131868131868132,0.01098901098901099,0.9340659340659341,0.7582417582417582,0.9866666666666667,75,0.9324324324324325,74,0.0,16,0.9866666666666667,75
flat,29,0,CRC24,238,0.15126050420168066,0.8487394957983193,0.0,0.9411764705882353,0.7899159663865546,1.0,202,0.9306930693069307,202,0.0,32,0.9805825242718447,206
flat,29,0,CRC25,501,0.08383233532934131,0.9121756487025948,0.003992015968063872,0.7085828343313373,0.624750499001996,0.9956427015250545,459,0.6849015317286652,457,0.023255813953488372,43,0.9956331877729258,458
flat,29,0,GC28_P_cDNA,337,0.26706231454005935,0.7270029673590505,0.005934718100890208,0.9198813056379822,0.6528189910979229,0.9919028340080972,247,0.8979591836734694,245,0.0,87,0.98,250
flat,29,0,GC29_P_cDNA,225,0.013333333333333334,0.9866666666666667,0.0,0.9511111111111111,0.9377777777777778,1.0,222,0.9504504504504504,222,0.0,1,0.9910714285714286,224
flat,29,0,GC2_P_cDNA,226,0.05752212389380531,0.9424778761061947,0.0,0.8185840707964602,0.7610619469026548,1.0,213,0.8075117370892019,213,0.0,11,0.9906976744186047,215
flat,29,0,GC30_P_cDNA,400,0.035,0.9625,0.0025,0.935,0.9,0.9974093264248705,386,0.935064935064935,385,0.0,12,0.9922680412371134,388
flat,29,0,GC31_P_cDNA,939,0.03407880724174654,0.9648562300319489,0.0010649627263045794,0.9424920127795527,0.9084132055378061,0.9988974641675854,907,0.9415011037527594,906,0.0,30,0.9966996699669967,909
flat,29,0,GC32_P_cDNA,713,0.16549789621318373,0.82328190743338,0.011220196353436185,0.9046283309957924,0.7391304347826086,0.9865546218487395,595,0.8977853492333902,587,0.0,111,0.9750830564784053,602
flat,29,0,GC36_P_cDNA,790,0.15443037974683543,0.8430379746835444,0.002531645569620253,0.9493670886075949,0.7949367088607595,0.9970059880239521,668,0.9429429429429429,666,0.016260162601626018,123,0.9955022488755623,667
flat,29,0,HCC-1,390,0.05384615384615385,0.9461538461538461,0.0,0.9564102564102565,0.9025641025641026,1.0,369,0.9539295392953929,369,0.0,16,0.9866310160427807,374
flat,29,0,HCC-2-1_1,200,0.03,0.97,0.0,0.98,0.95,1.0,194,0.979381443298969,194,0.0,6,1.0,194
flat,29,0,HCC-2-2,309,0.003236245954692557,0.9967637540453075,0.0,0.9579288025889967,0.9546925566343042,1.0,308,0.9577922077922078,308,0.0,1,1.0,308
flat,29,0,HCC-22,679,0.27393225331369664,0.7216494845360825,0.004418262150220913,0.930780559646539,0.6568483063328424,0.9939148073022313,493,0.9102040816326531,490,0.00558659217877095,179,0.978,500
flat,29,0,HCC-24,401,0.19950124688279303,0.7655860349127181,0.034912718204488775,0.9002493765586035,0.7007481296758105,0.956386292834891,321,0.9153094462540716,307,0.021505376344086023,93,0.9902597402597403,308
flat,29,0,HCC-3-1_2,202,0.0049504950495049506,0.995049504950495,0.0,0.9603960396039604,0.9554455445544554,1.0,201,0.9601990049751243,201,0.0,1,1.0,201
flat,29,0,HCC-3-2_1,230,0.013043478260869565,0.9869565217391304,0.0,0.9695652173913043,0.9565217391304348,1.0,227,0.9691629955947136,227,0.0,3,1.0,227
flat,29,0,PBMC-1,2772,0.04112554112554113,0.8593073593073594,0.09956709956709957,0.43037518037518036,0.38924963924963923,0.8961625282167043,2658,0.4529806884970613,2382,0.10606060606060606,66,0.8776792313377679,2706
flat,29,0,PBMC-2,2118,0.08970727101038715,0.8536355051935789,0.056657223796033995,0.4664778092540132,0.37677053824362605,0.9377593360995851,1928,0.4413716814159292,1808,0.1443850267379679,187,0.9223200414293112,1931
flat,29,0,PBMC-3,2459,0.021960146400976006,0.9625864172427816,0.015453436356242375,0.6754778365189101,0.6535176901179341,0.9841995841995842,2405,0.6789184621884242,2367,0.07272727272727272,55,0.9829450915141431,2404
flat,29,0,PBMC-4,2612,0.04134762633996937,0.914624808575804,0.044027565084226644,0.5444104134762634,0.503062787136294,0.954073482428115,2504,0.5500209292591042,2389,0.1,120,0.9538523274478331,2492
flat,29,0,PBMC-5,1529,0.07782864617396991,0.9064748201438849,0.015696533682145193,0.6494440810987574,0.5716154349247874,0.9829787234042553,1410,0.6305916305916306,1386,0.021505376344086023,93,0.9637883008356546,1436
flat,29,0,PBMC-6,1231,0.07473598700243704,0.8001624695369618,0.12510154346060115,0.46222583265637696,0.3874898456539399,0.8647936786654961,1139,0.4842639593908629,985,0.08461538461538462,130,0.8846503178928247,1101
flat,29,0,PC-1,2813,0.006398862424457874,0.9918236757909705,0.0017774617845716318,0.9200142196942765,0.9136153572698187,0.998211091234347,2795,0.921146953405018,2790,0.047619047619047616,21,0.9989255014326648,2792
flat,29,0,PC-2,344,0.040697674418604654,0.9563953488372093,0.0029069767441860465,0.875,0.8343023255813954,0.996969696969697,330,0.8723404255319149,329,0.0,13,0.9939577039274925,331
flat,29,0,PC-3,497,0.0482897384305835,0.9517102615694165,0.0,0.9215291750503019,0.8732394366197183,1.0,473,0.9175475687103594,473,0.0,19,0.9895397489539749,478
flat,29,0,PC-4,132,0.022727272727272728,0.9772727272727273,0.0,0.6893939393939394,0.6666666666666666,1.0,129,0.6821705426356589,129,0.0,2,0.9923076923076923,130
flat,29,0,PC-5,207,0.0966183574879227,0.8985507246376812,0.004830917874396135,0.8599033816425121,0.7632850241545893,0.9946524064171123,187,0.8494623655913979,186,0.0,20,0.9946524064171123,187
flat,29,0,PC-6,268,0.06716417910447761,0.9291044776119403,0.0037313432835820895,0.8731343283582089,0.8059701492537313,0.996,250,0.8674698795180723,249,0.0,14,0.9803149606299213,254
flat,29,0,PRZ1,2651,0.015465861938890985,0.984156921916258,0.0003772161448509996,0.9701999245567711,0.9547340626178801,0.9996168582375479,2610,0.9701034879264085,2609,0.1,30,0.994276993513926,2621
flat,29,0,PRZ2,1922,0.15816857440166493,0.836108220603538,0.005723204994797087,0.9354838709677419,0.777315296566077,0.9932014833127317,1618,0.9296826384567517,1607,0.023255813953488372,172,0.916,1750
flat,29,0,PRZ3,584,0.018835616438356163,0.9726027397260274,0.008561643835616438,0.922945205479452,0.9041095890410958,0.9912739965095986,573,0.9295774647887324,568,0.0,10,0.9895470383275261,574
flat,29,0,PRZ4,1085,0.05714285714285714,0.9419354838709677,0.0009216589861751152,0.9566820276497696,0.8995391705069125,0.9990224828934506,1023,0.9549902152641878,1022,0.0,11,0.9515828677839852,1074
flat,29,0,PRZ5,406,0.09113300492610837,0.9014778325123153,0.007389162561576354,0.9137931034482759,0.8226600985221675,0.991869918699187,369,0.912568306010929,366,0.0625,16,0.9358974358974359,390
flat,29,0,PRZ6,406,0.07881773399014778,0.9211822660098522,0.0,0.9039408866995073,0.8251231527093597,1.0,374,0.8957219251336899,374,0.0,19,0.9664082687338501,387
flat,29,1,CRC11,2305,0.008676789587852495,0.9830802603036877,0.00824295010845987,0.35878524945770063,0.3501084598698482,0.9916849015317286,2285,0.3561341571050309,2266,0.47540983606557374,61,0.9968805704099821,2244
flat,29,1,CRC13,887,0.18602029312288612,0.4487034949267193,0.3652762119503946,0.3461104847801578,0.1600901916572717,0.5512465373961218,722,0.35678391959798994,398,0.1413427561837456,566,0.9906542056074766,321
flat,29,1,CRC16,973,0.09660842754367935,0.6762589928057554,0.22713257965056527,0.28263103802672146,0.18602261048304214,0.7485779294653014,879,0.2750759878419453,658,0.05244755244755245,286,0.9359534206695779,687
flat,29,1,CRC17,1047,0.21012416427889208,0.2387774594078319,0.5510983763132761,0.2702960840496657,0.06017191977077364,0.3022974607013301,827,0.252,250,0.04904306220095694,836,0.990521327014218,211
flat,29,1,CRC22,603,0.12437810945273632,0.6766169154228856,0.19900497512437812,0.33001658374792703,0.20563847429519072,0.7727272727272727,528,0.30392156862745096,408,0.11818181818181818,220,0.9973890339425587,383
flat,29,1,CRC23,743,0.10901749663526245,0.6917900403768507,0.19919246298788695,0.44818304172274565,0.3391655450874832,0.7764350453172205,662,0.490272373540856,514,0.2597402597402597,308,0.9977011494252873,435
flat,29,1,CRC24,1275,0.05411764705882353,0.8501960784313726,0.09568627450980392,0.43529411764705883,0.3811764705882353,0.8988391376451078,1206,0.4483394833948339,1084,0.2149122807017544,228,0.9885386819484241,1047
flat,29,1,CRC25,2612,0.5444104134762634,0.018376722817764167,0.43721286370597245,0.5493874425727412,0.0049770290964777945,0.040336134453781515,1190,0.2708333333333333,48,0.003499222395023328,2572,0.975,40
flat,29,1,GC28_P_cDNA,2914,0.42072752230610844,0.3236101578586136,0.255662319835278,0.5315717227179135,0.11084420041180508,0.558649289099526,1688,0.3425238600212089,943,0.0729512079583136,2111,0.9825653798256538,803
flat,29,1,GC29_P_cDNA,2010,0.33034825870646767,0.42885572139303485,0.2407960199004975,0.49950248756218907,0.1691542288557214,0.6404160475482912,1346,0.39443155452436196,862,0.07386363636363637,1232,0.9910025706940874,778
flat,29,1,GC2_P_cDNA,1331,0.06461307287753569,0.9008264462809917,0.03456048084147258,0.29451540195341847,0.2299023290758828,0.9630522088353414,1245,0.25521267723102586,1199,0.1103448275862069,145,0.9974704890387859,1186
flat,29,1,GC30_P_cDNA,2289,0.05111402359108781,0.9025775447793797,0.04630843162953255,0.36959370904325034,0.31847968545216254,0.9511970534069981,2172,0.3528557599225557,2066,0.29333333333333333,300,0.9944695827048768,1989
flat,29,1,GC31_P_cDNA,1645,0.2668693009118541,0.4279635258358663,0.30516717325227966,0.4449848024316109,0.17811550151975683,0.5837479270315091,1206,0.4161931818181818,704,0.13906678865507777,1093,1.0,552
flat,29,1,GC32_P_cDNA,1335,0.41048689138576777,0.07565543071161049,0.5138576779026217,0.4322097378277154,0.021722846441947566,0.12833545108005082,787,0.2871287128712871,101,0.04930662557781202,1298,1.0,37
flat,29,1,GC36_P_cDNA,1385,0.16389891696750902,0.6397111913357401,0.1963898916967509,0.392057761732852,0.22815884476534296,0.7651122625215889,1158,0.35665914221218964,886,0.22152886115444617,641,1.0,744
flat,29,1,HCC-1,1749,0.5660377358490566,0.1400800457404231,0.2938822184105203,0.6174957118353345,0.051457975986277875,0.3227931488801054,759,0.3673469387755102,245,0.015737704918032787,1525,0.9866071428571429,224
flat,29,1,HCC-2-1_1,2075,0.5248192771084338,0.1686746987951807,0.30650602409638555,0.6048192771084338,0.08,0.35496957403651114,986,0.4742857142857143,350,0.034753363228699555,1784,0.9896907216494846,291
flat,29,1,HCC-2-2,1981,0.5901060070671378,0.05502271580010096,0.35487127713276123,0.618879353861686,0.028773346794548207,0.13423645320197045,812,0.5229357798165137,109,0.007953340402969246,1886,0.9894736842105263,95
flat,29,1,HCC-22,172,0.11627906976744186,0.7965116279069767,0.0872093023255814,0.7093023255813954,0.5930232558139535,0.9013157894736842,152,0.7445255474452555,137,0.03125,32,0.9714285714285714,140
flat,29,1,HCC-24,143,0.14685314685314685,0.7692307692307693,0.08391608391608392,0.6433566433566433,0.4965034965034965,0.9016393442622951,122,0.6454545454545455,110,0.28205128205128205,39,0.9519230769230769,104
flat,29,1,HCC-3-1_2,1370,0.44379562043795623,0.2321167883211679,0.32408759124087594,0.5664233576642336,0.12262773722627737,0.41732283464566927,762,0.5283018867924528,318,0.01594746716697936,1066,0.9901315789473685,304
flat,29,1,HCC-3-2_1,1443,0.4941094941094941,0.15939015939015938,0.3465003465003465,0.5807345807345807,0.08662508662508663,0.3150684931506849,730,0.5434782608695652,230,0.021018593371059015,1237,0.9902912621359223,206
flat,29,1,PBMC-1,2920,0.4280821917808219,0.10342465753424658,0.4684931506849315,0.46335616438356164,0.03527397260273973,0.18083832335329342,1670,0.34105960264900664,302,0.022872140982377203,2667,0.9525691699604744,253
flat,29,1,PBMC-2,2459,0.5587637250915006,0.07889385929239529,0.3623424156161041,0.5900772671817812,0.0313135420902806,0.17880184331797236,1085,0.39690721649484534,194,0.011428571428571429,2275,0.9130434782608695,184
flat,29,1,PBMC-3,3357,0.2660113196306226,0.5472147750968126,0.1867739052725648,0.517426273458445,0.2514149538278225,0.7455357142857143,2464,0.45944474686989656,1837,0.09107692307692308,1625,0.9751732101616628,1732
flat,29,1,PBMC-4,3132,0.2541507024265645,0.4284802043422733,0.3173690932311622,0.41762452107279696,0.16347381864623245,0.574486301369863,2336,0.38152011922503726,1342,0.04642271982523211,1831,0.9661798616448886,1301
flat,29,1,PBMC-5,2640,0.4321969696969697,0.21174242424242423,0.3560606060606061,0.5106060606060606,0.07840909090909091,0.37291527685123416,1499,0.370304114490161,559,0.028937381404174574,2108,0.9360902255639098,532
flat,29,1,PBMC-6,1826,0.40306681270536693,0.23384446878422782,0.36308871851040525,0.484118291347207,0.08105147864184009,0.39174311926605504,1090,0.34660421545667447,427,0.05502717391304348,1472,0.9774011299435028,354
flat,29,1,PC-1,3065,0.12822185970636216,0.7601957585644372,0.11158238172920065,0.42805872756933117,0.299836867862969,0.8720059880239521,2672,0.3944206008583691,2330,0.08265582655826559,738,0.9750752041254834,2327
flat,29,1,PC-2,338,0.04142011834319527,0.8964497041420119,0.0621301775147929,0.2988165680473373,0.257396449704142,0.9351851851851852,324,0.2871287128712871,303,0.3269230769230769,52,1.0,286
flat,29,1,PC-3,1027,0.40019474196689386,0.1733203505355404,0.42648490749756574,0.46543330087633883,0.06523855890944498,0.288961038961039,616,0.37640449438202245,178,0.04820627802690583,892,1.0,135
flat,29,1,PC-4,761,0.06176084099868594,0.871222076215506,0.06701708278580815,0.4651773981603154,0.40341655716162944,0.9285714285714286,714,0.46304675716440424,663,0.11320754716981132,106,0.9938931297709923,655
flat,29,1,PC-5,1203,0.38237738985868663,0.16874480465502908,0.4488778054862843,0.43557772236076475,0.05320033250207814,0.2732166890982503,743,0.31527093596059114,203,0.038461538461538464,1040,1.0,163
flat,29,1,PC-6,3500,0.3242857142857143,0.3251428571428571,0.3505714285714286,0.45057142857142857,0.12628571428571428,0.481183932346723,2365,0.3884007029876977,1138,0.07962529274004684,2562,0.9957356076759062,938
flat,29,1,PRZ1,1039,0.17901828681424448,0.6737247353224254,0.1472569778633301,0.4436958614051973,0.2646775745909528,0.82063305978898,853,0.39285714285714285,700,0.125,376,0.9849170437405732,663
flat,29,1,PRZ2,1461,0.24093086926762491,0.5167693360711841,0.24229979466119098,0.4380561259411362,0.1971252566735113,0.6807935076645627,1109,0.38145695364238413,755,0.17058823529411765,850,0.9983633387888707,611
flat,29,1,PRZ3,1841,0.36556219445953286,0.22433460076045628,0.4101032047800109,0.4508419337316676,0.08527973927213471,0.3535958904109589,1168,0.3801452784503632,413,0.06291390728476821,1510,0.9607250755287009,331
flat,29,1,PRZ4,349,0.1346704871060172,0.7249283667621776,0.14040114613180515,0.42406876790830944,0.28939828080229224,0.8377483443708609,302,0.39920948616600793,253,0.07766990291262135,103,0.9959349593495935,246
flat,29,1,PRZ5,2563,0.060476004682013265,0.9094810768630511,0.030042918454935622,0.4096761607491221,0.34920015606710886,0.9680232558139535,2408,0.383955383955384,2331,0.13385826771653545,254,0.9948029449978346,2309
flat,29,1,PRZ6,2227,0.4773237539290525,0.2159856308935788,0.3066906151773687,0.5738661876964526,0.09654243376740008,0.41323024054982815,1164,0.446985446985447,481,0.043406593406593405,1820,0.9877149877149877,407
flat,29,2,CRC11,1603,0.14223331253898938,0.8565190268247037,0.0012476606363069245,0.9806612601372426,0.8384279475982532,0.9985454545454545,1375,0.9788783685360525,1373,0.0,48,0.8829581993569132,1555
flat,29,2,CRC13,1356,0.17551622418879056,0.8237463126843658,0.0007374631268436578,0.9896755162241888,0.8141592920353983,0.9991055456171736,1118,0.9883616830796778,1117,0.0,43,0.8507235338918507,1313
flat,29,2,CRC16,2359,0.7024162780839339,0.1543026706231454,0.14328105129292074,0.801610852055956,0.09919457397202204,0.5185185185185185,702,0.6428571428571429,364,0.005509641873278237,1089,0.28188976377952757,1270
flat,29,2,CRC17,2313,0.29571984435797666,0.5953307392996109,0.10894941634241245,0.6830955469087765,0.38737570255079984,0.8453038674033149,1629,0.6506899055918663,1377,0.010330578512396695,484,0.7501366867140514,1829
flat,29,2,CRC22,762,0.410761154855643,0.589238845144357,0.0,0.9973753280839895,0.5866141732283464,1.0,449,0.9955456570155902,449,0.0,165,0.7520938023450586,597
flat,29,2,CRC23,2384,0.6157718120805369,0.375,0.009228187919463088,0.9853187919463087,0.3695469798657718,0.9759825327510917,916,0.9854586129753915,894,0.00875796178343949,1256,0.7828014184397163,1128
flat,29,2,CRC24,3061,0.3293041489709245,0.6680823260372427,0.0026135249918327343,0.9895459000326691,0.6602417510617445,0.9961032635168047,2053,0.9882640586797066,2045,0.0,490,0.7954103461688059,2571
flat,29,2,CRC25,1013,0.34945705824284307,0.6219151036525172,0.028627838104639685,0.9002961500493584,0.5508390918065152,0.9559939301972686,659,0.8857142857142857,630,0.0,142,0.7233065442020666,871
flat,29,2,GC28_P_cDNA,1140,0.35175438596491226,0.624561403508772,0.02368421052631579,0.9228070175438596,0.5710526315789474,0.9634641407307172,739,0.9143258426966292,712,0.010101010101010102,99,0.6829971181556196,1041
flat,29,2,GC29_P_cDNA,1291,0.1541440743609605,0.8396591789310612,0.006196746707978312,0.9481022463206816,0.7939581719597212,0.9926739926739927,1092,0.9455719557195572,1084,0.045454545454545456,22,0.8534278959810875,1269
flat,29,2,GC2_P_cDNA,551,0.27404718693284935,0.7023593466424682,0.023593466424682397,0.9092558983666061,0.6352087114337568,0.9675,400,0.9043927648578811,387,0.0,38,0.7543859649122807,513
flat,29,2,GC30_P_cDNA,1644,0.3010948905109489,0.6338199513381995,0.06508515815085159,0.8886861313868614,0.5875912408759124,0.906875543951262,1149,0.927063339731286,1042,0.004424778761061947,226,0.734132581100141,1418
flat,29,2,GC31_P_cDNA,1059,0.14353163361661944,0.8451369216241738,0.0113314447592068,0.9423984891406988,0.7988668555240793,0.9867695700110254,907,0.9452513966480447,895,0.0,13,0.8556405353728489,1046
flat,29,2,GC32_P_cDNA,1301,0.05534204458109147,0.940814757878555,0.003843197540353574,0.9315910837817064,0.8762490392006149,0.9959316517493898,1229,0.9313725490196079,1224,0.0,22,0.9569976544175137,1279
flat,29,2,GC36_P_cDNA,1711,0.009935710111046173,0.9883109292811222,0.0017533606078316774,0.9357101110461719,0.9257744009351256,0.9982290436835891,1694,0.9367238320520402,1691,0.2222222222222222,9,0.9923619271445359,1702
flat,29,2,HCC-1,1885,0.629708222811671,0.32679045092838194,0.04350132625994695,0.9310344827586207,0.3013262599469496,0.8825214899713467,698,0.922077922077922,616,0.003745318352059925,1068,0.7490820073439413,817
flat,29,2,HCC-2-1_1,2190,0.726027397260274,0.2232876712328767,0.050684931506849315,0.9264840182648402,0.2004566210045662,0.815,600,0.8977505112474438,489,0.0011123470522803114,899,0.378001549186677,1291
flat,29,2,HCC-2-2,2281,0.5944761069706269,0.37439719421306444,0.031126698816308637,0.9267864971503726,0.33231039017974573,0.9232432432432433,925,0.8875878220140515,854,0.0,547,0.4925028835063437,1734
flat,29,2,HCC-22,2305,0.427765726681128,0.5470715835140998,0.025162689804772233,0.9383947939262473,0.5106290672451194,0.956027293404094,1319,0.9333862014274386,1261,0.01644736842105263,304,0.6276861569215393,2001
flat,29,2,HCC-24,1825,0.4301369863013699,0.5413698630136986,0.028493150684931506,0.9364383561643835,0.5063013698630137,0.95,1040,0.9352226720647774,988,0.0,754,0.9225023342670402,1071
flat,29,2,HCC-3-1_2,2625,0.7219047619047619,0.2022857142857143,0.07580952380952381,0.8929523809523809,0.17104761904761906,0.7273972602739726,730,0.8455743879472694,531,0.0,1131,0.35542168674698793,1494
flat,29,2,HCC-3-2_1,2722,0.8317413666421749,0.09000734753857458,0.07825128581925055,0.9088905216752388,0.07714915503306392,0.5349344978165939,458,0.8571428571428571,245,0.0023320895522388058,2144,0.41522491349480967,578
flat,29,2,PBMC-1,6154,0.38820279493012677,0.5354241143971401,0.07637309067273318,0.8773155671108223,0.4891127721806955,0.8751660026560425,3765,0.91350531107739,3295,0.0,316,0.5644056183624528,5838
flat,29,2,PBMC-2,4070,0.19484029484029483,0.7793611793611793,0.025798525798525797,0.8717444717444718,0.6769041769041769,0.9679584986267928,3277,0.8685372005044136,3172,0.005128205128205128,195,0.8183225806451613,3875
flat,29,2,PBMC-3,4904,0.8480831973898858,0.057096247960848286,0.0948205546492659,0.8939641109298532,0.04588091353996737,0.37583892617449666,745,0.8035714285714286,280,0.0013676148796498905,3656,0.2203525641025641,1248
flat,29,2,PBMC-4,6989,0.7869509228788095,0.136357132637001,0.07669194448418944,0.9075690370582343,0.1206181141794248,0.6400268636668905,1489,0.8845750262329486,953,0.0018954779312212293,3693,0.28701456310679613,3296
flat,29,2,PBMC-5,7266,0.4244426094137077,0.5221579961464354,0.05339939443985687,0.8720066061106524,0.4475639966969447,0.907221425155428,4182,0.8571428571428571,3794,0.0,1120,0.6173120728929385,6146
flat,29,2,PBMC-6,4702,0.6558911101658869,0.25542322415993196,0.0886856656741812,0.8851552530837942,0.22926414291790728,0.742274412855377,1618,0.8975853455453788,1201,0.0,1111,0.33444722918407127,3591
flat,29,2,PC-1,4545,0.1735973597359736,0.8178217821782178,0.008580858085808581,0.9553355335533553,0.7817381738173818,0.9896166134185304,3756,0.9558783965563626,3717,0.0032258064516129032,310,0.8774498229043683,4235
flat,29,2,PC-2,267,0.0599250936329588,0.9400749063670412,0.0,0.9662921348314607,0.9063670411985019,1.0,251,0.9641434262948207,251,0.0,1,0.943609022556391,266
flat,29,2,PC-3,1145,0.06550218340611354,0.9310043668122271,0.0034934497816593887,0.9502183406113537,0.8847161572052402,0.9962616822429906,1070,0.950281425891182,1066,0.0,35,0.9603603603603603,1110
flat,29,2,PC-4,597,0.6850921273031826,0.3015075376884422,0.01340033500837521,0.9631490787269682,0.2780569514237856,0.9574468085106383,188,0.9222222222222223,180,0.0,255,0.5263157894736842,342
flat,29,2,PC-5,584,0.02226027397260274,0.9777397260273972,0.0,0.9486301369863014,0.9263698630136986,1.0,571,0.9474605954465849,571,0.0,2,0.9810996563573883,582
flat,29,2,PC-6,734,0.09264305177111716,0.9019073569482289,0.005449591280653951,0.9141689373297003,0.8215258855585831,0.993993993993994,666,0.9108761329305136,662,0.0,28,0.9376770538243626,706
flat,29,2,PRZ1,1648,0.21480582524271843,0.758495145631068,0.02669902912621359,0.8264563106796117,0.6116504854368932,0.9659969088098919,1294,0.8064,1250,0.0,241,0.8884150675195451,1407
flat,29,2,PRZ2,1821,0.24052718286655683,0.6990664470071389,0.06040637012630423,0.7468423942888522,0.5063152114222954,0.9204627621113521,1383,0.7242733699921445,1273,0.0,321,0.8486666666666667,1500
flat,29,2,PRZ3,2390,0.5732217573221757,0.3857740585774059,0.04100418410041841,0.9246861924686193,0.3514644351464435,0.903921568627451,1020,0.911062906724512,922,0.0016207455429497568,1234,0.7958477508650519,1156
flat,29,2,PRZ4,1456,0.33379120879120877,0.6043956043956044,0.061813186813186816,0.8207417582417582,0.48695054945054944,0.9072164948453608,970,0.8056818181818182,880,0.0,340,0.7885304659498208,1116
flat,29,2,PRZ5,5532,0.30730296456977585,0.6616052060737527,0.03109182935647144,0.9029284164859002,0.5956254519161244,0.9551148225469729,3832,0.9002732240437158,3660,0.003076923076923077,975,0.8025016458196181,4557
flat,29,2,PRZ6,2764,0.18053545586107092,0.8002894356005789,0.01917510853835022,0.8939942112879884,0.7134587554269175,0.9766004415011037,2265,0.891500904159132,2212,0.0,321,0.9054441260744985,2443
flat,29,3,CRC11,17,0.0,1.0,0.0,0.9411764705882353,0.9411764705882353,1.0,17,0.9411764705882353,17,,0,1.0,17
flat,29,3,CRC13,9,0.0,1.0,0.0,1.0,1.0,1.0,9,1.0,9,,0,1.0,9
flat,29,3,CRC16,20,0.0,1.0,0.0,1.0,1.0,1.0,20,1.0,20,,0,1.0,20
flat,29,3,CRC17,48,0.0,1.0,0.0,0.625,0.625,1.0,48,0.625,48,,0,1.0,48
flat,29,3,CRC22,2,0.0,1.0,0.0,1.0,1.0,1.0,2,1.0,2,,0,1.0,2
flat,29,3,CRC23,9,0.0,1.0,0.0,1.0,1.0,1.0,9,1.0,9,,0,1.0,9
flat,29,3,CRC24,3,0.0,1.0,0.0,1.0,1.0,1.0,3,1.0,3,,0,1.0,3
flat,29,3,CRC25,37,0.0,1.0,0.0,1.0,1.0,1.0,37,1.0,37,,0,1.0,37
flat,29,3,GC28_P_cDNA,14,0.0,1.0,0.0,1.0,1.0,1.0,14,1.0,14,,0,1.0,14
flat,29,3,GC29_P_cDNA,15,0.0,1.0,0.0,1.0,1.0,1.0,15,1.0,15,,0,1.0,15
flat,29,3,GC2_P_cDNA,1,0.0,1.0,0.0,1.0,1.0,1.0,1,1.0,1,,0,1.0,1
flat,29,3,GC30_P_cDNA,11,0.0,1.0,0.0,1.0,1.0,1.0,11,1.0,11,,0,1.0,11
flat,29,3,GC31_P_cDNA,20,0.0,1.0,0.0,1.0,1.0,1.0,20,1.0,20,,0,1.0,20
flat,29,3,GC32_P_cDNA,6,0.0,1.0,0.0,1.0,1.0,1.0,6,1.0,6,,0,1.0,6
flat,29,3,GC36_P_cDNA,11,0.0,1.0,0.0,1.0,1.0,1.0,11,1.0,11,,0,1.0,11
flat,29,3,HCC-1,10,0.0,1.0,0.0,1.0,1.0,1.0,10,1.0,10,,0,1.0,10
flat,29,3,HCC-2-1_1,6,0.0,1.0,0.0,1.0,1.0,1.0,6,1.0,6,,0,1.0,6
flat,29,3,HCC-2-2,19,0.0,1.0,0.0,1.0,1.0,1.0,19,1.0,19,,0,1.0,19
flat,29,3,HCC-22,5,0.0,1.0,0.0,1.0,1.0,1.0,5,1.0,5,,0,1.0,5
flat,29,3,HCC-3-1_2,13,0.0,1.0,0.0,1.0,1.0,1.0,13,1.0,13,,0,1.0,13
flat,29,3,HCC-3-2_1,15,0.0,1.0,0.0,1.0,1.0,1.0,15,1.0,15,,0,1.0,15
flat,29,3,PBMC-1,108,0.009259259259259259,0.9907407407407407,0.0,1.0,0.9907407407407407,1.0,107,1.0,107,0.5,2,1.0,106
flat,29,3,PBMC-2,371,0.06199460916442048,0.9380053908355795,0.0,0.967654986522911,0.9056603773584906,1.0,348,0.9655172413793104,348,0.2,5,0.9480874316939891,366
flat,29,3,PBMC-3,131,0.0916030534351145,0.9083969465648855,0.0,0.9847328244274809,0.8931297709923665,1.0,119,0.9831932773109243,119,0.16666666666666666,6,0.944,125
flat,29,3,PBMC-4,287,0.13240418118466898,0.867595818815331,0.0,1.0,0.867595818815331,1.0,249,1.0,249,0.0,17,0.9222222222222223,270
flat,29,3,PBMC-5,120,0.2833333333333333,0.7166666666666667,0.0,1.0,0.7166666666666667,1.0,86,1.0,86,0.0,20,0.86,100
flat,29,3,PBMC-6,134,0.208955223880597,0.7910447761194029,0.0,1.0,0.7910447761194029,1.0,106,1.0,106,0.047619047619047616,21,0.9292035398230089,113
flat,29,3,PC-1,98,0.0,1.0,0.0,1.0,1.0,1.0,98,1.0,98,,0,1.0,98
flat,29,3,PC-2,2,0.0,1.0,0.0,1.0,1.0,1.0,2,1.0,2,,0,1.0,2
flat,29,3,PC-3,2,0.0,1.0,0.0,1.0,1.0,1.0,2,1.0,2,,0,1.0,2
flat,29,3,PC-5,11,0.0,1.0,0.0,1.0,1.0,1.0,11,1.0,11,,0,1.0,11
flat,29,3,PC-6,11,0.0,1.0,0.0,1.0,1.0,1.0,11,1.0,11,,0,1.0,11
flat,29,3,PRZ1,1,0.0,1.0,0.0,1.0,1.0,1.0,1,1.0,1,,0,1.0,1
flat,29,3,PRZ2,4,0.0,1.0,0.0,1.0,1.0,1.0,4,1.0,4,,0,1.0,4
flat,29,3,PRZ3,2,0.0,1.0,0.0,1.0,1.0,1.0,2,1.0,2,,0,1.0,2
flat,29,3,PRZ4,10,0.0,1.0,0.0,1.0,1.0,1.0,10,1.0,10,,0,1.0,10
flat,29,3,PRZ5,14,0.0,1.0,0.0,1.0,1.0,1.0,14,1.0,14,1.0,1,1.0,13
flat,29,3,PRZ6,42,0.0,1.0,0.0,1.0,1.0,1.0,42,1.0,42,,0,1.0,42
flat,29,4,CRC11,3220,0.5301242236024845,0.07950310559006211,0.3903726708074534,0.5661490683229814,0.03602484472049689,0.16920026437541308,1513,0.453125,256,0.06884627475636593,3181,0.9487179487179487,39
flat,29,4,CRC13,2601,0.5570934256055363,0.14071510957324107,0.3021914648212226,0.6432141484044598,0.0861207227989235,0.3177083333333333,1152,0.6120218579234973,366,0.0870488322717622,2355,0.6544715447154471,246
flat,29,4,CRC16,3959,0.020964890123768627,0.7332659762566305,0.2457691336196009,0.11694872442535995,0.09598383430159131,0.7489680082559339,3876,0.13089906992766104,2903,0.6331236897274634,2862,0.9945305378304466,1097
flat,29,4,CRC17,2750,0.11381818181818182,0.4698181818181818,0.4163636363636364,0.20654545454545453,0.09272727272727273,0.5301600328272467,2437,0.19736842105263158,1292,0.2406989853438557,1774,0.8862704918032787,976
flat,29,4,CRC22,3623,0.5059343085840464,0.26028153463980125,0.23378415677615236,0.6629864752967154,0.15705216671266906,0.5268156424581005,1790,0.6033934252386002,943,0.15876551065860642,3143,0.925,480
flat,29,4,CRC23,2883,0.3673257023933403,0.5317377731529657,0.10093652445369407,0.7356919875130072,0.368366285119667,0.8404605263157895,1824,0.6927592954990215,1533,0.1896551724137931,1508,0.9069090909090909,1375
flat,29,4,CRC24,2677,0.518864400448263,0.2514008218154651,0.22973477773627193,0.6824803884945835,0.16361598804632052,0.5225155279503105,1288,0.6508172362555721,673,0.15749364944961897,2362,0.9555555555555556,315
flat,29,4,CRC25,3070,0.09478827361563517,0.8416938110749186,0.06351791530944625,0.4866449511400652,0.39185667752443,0.9298308744152572,2779,0.46555727554179566,2584,0.4769433465085639,759,0.961488533102553,2311
flat,29,4,GC28_P_cDNA,2915,0.40548885077186964,0.36569468267581473,0.2288164665523156,0.6346483704974271,0.22915951972555745,0.6151182919792267,1733,0.626641651031895,1066,0.27011494252873564,2436,0.8517745302713987,479
flat,29,4,GC29_P_cDNA,1576,0.4479695431472081,0.18591370558375633,0.36611675126903553,0.5310913705583756,0.08312182741116751,0.3367816091954023,870,0.447098976109215,293,0.11997177134791814,1417,0.7735849056603774,159
flat,29,4,GC2_P_cDNA,2334,0.4220222793487575,0.23607540702656385,0.34190231362467866,0.5488431876606684,0.1268209083119109,0.4084507042253521,1349,0.5372050816696915,551,0.2103861517976032,2253,0.9506172839506173,81
flat,29,4,GC30_P_cDNA,2820,0.45673758865248226,0.298936170212766,0.24432624113475176,0.6092198581560284,0.1524822695035461,0.5502610966057441,1532,0.5100830367734283,843,0.2239459029435163,2514,0.9150326797385621,306
flat,29,4,GC31_P_cDNA,3440,0.5331395348837209,0.1936046511627907,0.27325581395348836,0.6383720930232558,0.10523255813953489,0.41469489414694893,1606,0.5435435435435435,666,0.11594202898550725,2967,0.6807610993657506,473
flat,29,4,GC32_P_cDNA,3824,0.3114539748953975,0.5368723849372385,0.151673640167364,0.6114016736401674,0.2999476987447699,0.7797189517660463,2633,0.5586945932781295,2053,0.05074424898511502,1478,0.8431372549019608,2346
flat,29,4,GC36_P_cDNA,3337,0.6215163320347618,0.029967036260113874,0.34851663170512437,0.6347018279892118,0.013185495954450104,0.0791765637371338,1263,0.44,100,0.007785736530675802,3211,0.5952380952380952,126
flat,29,4,HCC-1,3021,0.27044025157232704,0.5921880172128434,0.13737173121482954,0.572658060244952,0.30221780867262493,0.8117059891107078,2204,0.5103409726103969,1789,0.25079770261646456,1567,0.9601100412654745,1454
flat,29,4,HCC-2-1_1,2442,0.21785421785421785,0.6613431613431613,0.1208026208026208,0.5945945945945946,0.37674037674037675,0.8455497382198953,1910,0.5696594427244582,1615,0.5108433734939759,1660,0.9808184143222506,782
flat,29,4,HCC-2-2,2589,0.28118964851293937,0.5693317883352645,0.14947856315179606,0.5944380069524913,0.31324835843955195,0.7920472864051585,1861,0.5502035278154681,1474,0.4314558979808714,1882,0.9363507779349364,707
flat,29,4,HCC-22,3858,0.5305857957490928,0.23094867807153965,0.23846552617936756,0.6612234318299637,0.13063763608087092,0.4919933738266151,1811,0.5656565656565656,891,0.1692524682651622,3545,0.9297124600638977,313
flat,29,4,HCC-24,4670,0.4918629550321199,0.3278372591006424,0.1802997858672377,0.699357601713062,0.2074946466809422,0.6451748841129372,2373,0.6329196603527106,1531,0.05308114704087859,3278,0.9748563218390804,1392
flat,29,4,HCC-3-1_2,2988,0.22623828647925034,0.6736947791164659,0.1000669344042838,0.6010709504685409,0.3748326639892905,0.870674740484429,2312,0.5563835072031793,2013,0.5149065184436584,1979,0.9851337958374629,1009
flat,29,4,HCC-3-2_1,2875,0.12034782608695652,0.8326956521739131,0.04695652173913043,0.6125217391304347,0.49217391304347824,0.9466192170818505,2529,0.591060985797828,2394,0.5037433155080214,935,0.9912371134020619,1940
flat,29,4,PBMC-1,10190,0.10755642787046124,0.5263002944062807,0.3661432777232581,0.24563297350343474,0.1380765456329735,0.5897294919727293,9094,0.2623531605444714,5363,0.38864448721473743,7274,0.869684499314129,2916
flat,29,4,PBMC-2,7284,0.1372872048325096,0.5321252059308073,0.33058758923668313,0.28390993959362987,0.14662273476112025,0.6168045830681095,6284,0.2755417956656347,3876,0.21021170610211706,4015,0.9275007647598654,3269
flat,29,4,PBMC-3,10547,0.07044657248506685,0.8433677823077652,0.08618564520716791,0.3883568787332891,0.31791030624822225,0.9072827417380661,9804,0.37695334457560425,8895,0.6757235676314235,5079,0.9990855888807608,5468
flat,29,4,PBMC-4,9607,0.046528572915582385,0.8385552201519725,0.11491620693244509,0.30030186322473196,0.2537732903091496,0.879475982532751,9160,0.3026315789473684,8056,0.7143384388263517,5419,0.9992836676217765,4188
flat,29,4,PBMC-5,7598,0.22255856804422217,0.36233219268228484,0.415109239273493,0.3403527244011582,0.11779415635693603,0.4660572202471644,5907,0.3250998910279695,2753,0.2439255285579047,6338,0.957936507936508,1260
flat,29,4,PBMC-6,7271,0.14592215651217164,0.5911153899051025,0.2629624535827259,0.30532251409709804,0.15940035758492643,0.692109500805153,6210,0.2696603071195905,4298,0.49897575964493,5858,0.97310686482661,1413
flat,29,4,PC-1,7456,0.3648068669527897,0.1405579399141631,0.4946351931330472,0.44340128755364805,0.07859442060085838,0.22128378378378377,4736,0.5591603053435115,1048,0.09199658217032185,7022,0.9262672811059908,434
flat,29,4,PC-2,978,0.532719836400818,0.044989775051124746,0.4222903885480573,0.5623721881390593,0.02965235173824131,0.0962800875273523,457,0.6590909090909091,44,0.0411522633744856,972,0.6666666666666666,6
flat,29,4,PC-3,2310,0.43896103896103894,0.2510822510822511,0.30995670995670993,0.577056277056277,0.1380952380952381,0.44753086419753085,1296,0.55,580,0.029339853300733496,1636,0.7893175074183977,674
flat,29,4,PC-4,570,0.2964912280701754,0.5456140350877193,0.15789473684210525,0.6894736842105263,0.3929824561403509,0.7755610972568578,401,0.7202572347266881,311,0.35064935064935066,385,0.9513513513513514,185
flat,29,4,PC-5,1972,0.4421906693711968,0.23225152129817445,0.3255578093306288,0.5699797160243407,0.12778904665314403,0.4163636363636364,1100,0.5502183406113537,458,0.00846262341325811,1418,0.8050541516245487,554
flat,29,4,PC-6,2377,0.5397559949516197,0.16281026503996635,0.297433740008414,0.6432477913336138,0.10349179638199411,0.3537477148080439,1094,0.6356589147286822,387,0.053553553553553554,1998,0.7387862796833773,379
flat,29,4,PRZ1,3411,0.5883905013192612,0.11814717091761946,0.2934623277631193,0.6596306068601583,0.0712401055408971,0.28703703703703703,1404,0.6029776674937966,403,0.061712846347607056,3176,0.8808510638297873,235
flat,29,4,PRZ2,7220,0.5059556786703601,0.2945983379501385,0.1994459833795014,0.696398891966759,0.1904432132963989,0.5962994112699748,3567,0.6464503996238834,2127,0.15750087017055342,5746,0.8290366350067843,1474
flat,29,4,PRZ3,4300,0.3586046511627907,0.49046511627906975,0.15093023255813953,0.6155813953488372,0.2569767441860465,0.7646845540246555,2758,0.5239449976292082,2109,0.16035729476818375,2351,0.8886608517188301,1949
flat,29,4,PRZ4,4819,0.523967628138618,0.22971570865324756,0.24631666320813447,0.649097323096078,0.12512969495746004,0.48256320836966,2294,0.5447154471544715,1107,0.1507039003000231,4333,0.934156378600823,486
flat,29,4,PRZ5,4429,0.37051253104538273,0.3745766538722059,0.25491081508241137,0.5644615037254459,0.19394897268006323,0.5950502152080345,2788,0.517781796262809,1659,0.22784456248252727,3577,0.9906103286384976,852
flat,29,4,PRZ6,3309,0.3402840737382895,0.33363553943789664,0.32608038682381385,0.4817165306739196,0.1414324569356301,0.5057260650480989,2183,0.42391304347826086,1104,0.12267657992565056,2421,0.9087837837837838,888
flat,43,-1,CRC11,7469,0.2579997322265363,0.5833444905609854,0.15865577721247826,0.6095862899986612,0.3515865577721248,0.786178274990978,5542,0.602708285517558,4357,0.12366412213740458,3275,0.9422985216976634,4194
flat,43,-1,CRC13,5062,0.36546819438956935,0.4158435401027262,0.21868826550770445,0.7119715527459503,0.34650335835638085,0.6553549190535491,3212,0.8332541567695962,2105,0.05655075518089217,2847,0.8776523702031602,2215
flat,43,-1,CRC16,7478,0.20526878844610857,0.5262102166354641,0.2685209949184274,0.3201390746188821,0.11487028617277346,0.6621235066464748,5943,0.21829733163913595,3935,0.38095238095238093,4326,0.7255710659898477,3152
flat,43,-1,CRC17,6427,0.20896219075774078,0.46678076863233237,0.3242570406099269,0.3972304341061148,0.18826824334837405,0.5900865460267506,5084,0.4033333333333333,3000,0.16105629715612305,3446,0.8201945655820194,2981
flat,43,-1,CRC22,5203,0.427061310782241,0.3953488372093023,0.17758985200845667,0.6790313280799539,0.25197001729771284,0.6900369003690037,2981,0.6373359261059796,2057,0.16013628620102216,3522,0.8881618084473528,1681
flat,43,-1,CRC23,6110,0.43027823240589197,0.48641571194762684,0.08330605564648118,0.8008183306055646,0.37054009819967265,0.8537776501005458,3481,0.7617765814266487,2972,0.10247116968698518,3035,0.8653658536585366,3075
flat,43,-1,CRC24,7254,0.3541494347945961,0.5479735318444996,0.09787703336090432,0.7740556934105322,0.41990625861593606,0.848452508004269,4685,0.7662893081761006,3975,0.13617949516983485,3209,0.8746600741656366,4045
flat,43,-1,CRC25,7233,0.2867413244849993,0.535462463708005,0.1777962118069957,0.5864786395686438,0.29973731508364443,0.7507268850552432,5159,0.5597727859540408,3873,0.09424396063226961,3353,0.9167525773195876,3880
flat,43,-1,GC28_P_cDNA,7320,0.3927595628415301,0.41297814207650274,0.1942622950819672,0.6510928961748634,0.25833333333333336,0.680089988751406,4445,0.6255375454846179,3023,0.14457831325301204,4648,0.8798652694610778,2672
flat,43,-1,GC29_P_cDNA,5117,0.30271643541137383,0.4746922024623803,0.22259136212624583,0.6431502833691616,0.34043384795778775,0.6807735426008968,3568,0.7171675586661177,2429,0.07397769516728625,2690,0.9188298310671611,2427
flat,43,-1,GC2_P_cDNA,4443,0.27526446094980866,0.48368219671393203,0.24105334233625927,0.5111411208642809,0.2358766599144722,0.6673913043478261,3220,0.48766868310842254,2149,0.08613617719442165,2438,0.9670822942643391,2005
flat,43,-1,GC30_P_cDNA,7164,0.2610273590173088,0.6200446677833612,0.11892797319932999,0.6214405360134003,0.36041317699609154,0.8390630902908953,5294,0.5812696983340837,4442,0.17001703577512778,2935,0.9323717190825255,4229
flat,43,-1,GC31_P_cDNA,7103,0.3401379698718851,0.44685344220751794,0.21300858792059693,0.668590736308602,0.3284527664367169,0.6771922338382761,4687,0.7350346565847511,3174,0.12178098676293622,4155,0.9050203527815468,2948
flat,43,-1,GC32_P_cDNA,7179,0.2288619584900404,0.6063518595904722,0.1647861819194874,0.6271068393926731,0.39824488090263266,0.786307803468208,5536,0.656788421778084,4353,0.036693704132869834,2589,0.9276688453159041,4590
flat,43,-1,GC36_P_cDNA,7234,0.3439314348907935,0.46806745922034837,0.18800110588885818,0.7003041194359967,0.3563726845452032,0.7134428992836073,4746,0.761370348493798,3386,0.05023983842464024,3961,0.9737244118545677,3273
flat,43,-1,HCC-1,7055,0.4189936215450035,0.4218284904323175,0.15917788802267896,0.6866052445074415,0.267611622962438,0.7260307392046841,4099,0.6344086021505376,2976,0.09755507141128056,4131,0.8799589603283173,2924
flat,43,-1,HCC-2-1_1,6913,0.4639085780413713,0.38608418920873716,0.1500072327498915,0.7192246492116302,0.25531607117025895,0.7201834862385321,3706,0.6612963656800299,2669,0.1922634123877504,4343,0.7136186770428016,2570
flat,43,-1,HCC-2-2,7179,0.4531271764869759,0.380415099596044,0.16645772391698008,0.7285137205738961,0.2753865440869202,0.695618950585838,3926,0.7239106554375686,2731,0.1503178928247048,4404,0.7455855855855856,2775
flat,43,-1,HCC-22,7019,0.4772759652372133,0.3853825331243767,0.13734150163841002,0.7935603362302323,0.3162843709930189,0.7372581084764241,3669,0.8207024029574861,2705,0.06763636363636363,4125,0.8382861091914305,2894
flat,43,-1,HCC-24,7039,0.399488563716437,0.47236823412416534,0.12814320215939765,0.7209830941895156,0.3214945304730786,0.7866098888100308,4227,0.6806015037593985,3325,0.09185303514376997,3756,0.9077063661285409,3283
flat,43,-1,HCC-3-1_2,7198,0.4367879966657405,0.43359266462906365,0.12961933870519587,0.7126979716587941,0.27590997499305364,0.7698569314257523,4054,0.6363345081704582,3121,0.1852202747513027,4222,0.7859543010752689,2976
flat,43,-1,HCC-3-2_1,7285,0.45888812628689085,0.42182566918325326,0.11928620452985587,0.7380919698009609,0.27920384351407,0.7795535261288686,3942,0.6618939147412951,3073,0.1295787545787546,4368,0.8594446348988687,2917
flat,43,-1,PBMC-1,22144,0.19264812138728324,0.5844020953757225,0.22294978323699421,0.45908598265895956,0.2664378612716763,0.7238505425662826,17878,0.4559153079360173,12941,0.3305265401833298,9382,0.77103902209685,12762
flat,43,-1,PBMC-2,16302,0.21347073978652925,0.5777205250889461,0.2088087351245246,0.5144767513188566,0.3010060115323273,0.7345187958196849,12822,0.5210235718836271,9418,0.1565257073319136,6574,0.8623560855263158,9728
flat,43,-1,PBMC-3,21398,0.26628656883820917,0.6456678194223759,0.0880456117394149,0.5569679409290588,0.2906813720908496,0.88,15700,0.4502026635784598,13816,0.32968270214943707,9770,0.9111627106983144,11628
flat,43,-1,PBMC-4,22627,0.31338666195253456,0.5829318955230477,0.10368144252441773,0.5443938657356255,0.231007203783091,0.8489958805355304,15536,0.3962850644427597,13190,0.2982126058325494,10630,0.8352088022005502,11997
flat,43,-1,PBMC-5,19153,0.3560277763274683,0.43272594371638906,0.21124627995614265,0.5974520962773456,0.24142431994987731,0.6719636776390465,12334,0.5579150579150579,8288,0.1715845947499521,10438,0.7454962707974756,8715
flat,43,-1,PBMC-6,15164,0.350501187021894,0.4750065945660776,0.1744922184120285,0.5656159324716433,0.2151147454497494,0.7313432835820896,9849,0.45286686103012636,7203,0.30802176177798357,8639,0.6960919540229885,6525
flat,43,-1,PC-1,17977,0.2126049952717361,0.5504255437503477,0.2369694609779162,0.6419869833676364,0.42938198809590034,0.6990462734016248,14155,0.7800909550277918,9895,0.06302211302211302,8140,0.9537460607908915,9837
flat,43,-1,PC-2,1929,0.2835666148263349,0.4712286158631415,0.2452047693105236,0.6127527216174183,0.32918610679108345,0.6577424023154848,1382,0.6985698569856986,909,0.028873917228103944,1039,0.9876404494382023,890
flat,43,-1,PC-3,4981,0.3232282674161815,0.4507127082915077,0.22605902429231078,0.6729572375025096,0.34972897008632803,0.6659744882824088,3371,0.775946547884187,2245,0.06147384497899962,2619,0.882303132938188,2362
flat,43,-1,PC-4,2060,0.31359223300970873,0.6121359223300971,0.07427184466019418,0.6927184466019417,0.37912621359223303,0.8917963224893918,1414,0.619349722442506,1261,0.1501240694789082,806,0.9090909090909091,1254
flat,43,-1,PC-5,3977,0.343474981141564,0.350766909730953,0.305758109127483,0.5934121196882072,0.2499371385466432,0.534278054385293,2611,0.7125448028673835,1395,0.029182879377431907,2570,0.9381663113006397,1407
flat,43,-1,PC-6,6890,0.3555878084179971,0.37779390420899855,0.26661828737300436,0.5969521044992743,0.2413642960812772,0.5862612612612612,4440,0.6388782174414137,2603,0.08640350877192983,4560,0.948068669527897,2330
flat,43,-1,PRZ1,8750,0.3014857142857143,0.5625142857142857,0.136,0.7579428571428571,0.45645714285714284,0.8053010471204188,6112,0.8114587566030069,4922,0.06444159178433889,3895,0.9621009268795057,4855
flat,43,-1,PRZ2,12428,0.3834084325716125,0.4534921145799807,0.16309945284840682,0.7067911168329578,0.32338268426134537,0.7354821871329766,7663,0.7130943931866572,5636,0.11100278551532033,7180,0.9220655487804879,5248
flat,43,-1,PRZ3,9117,0.3998025666337611,0.45530327958758365,0.14489415377865525,0.6935395415158495,0.2937369748820884,0.7585891812865497,5472,0.6451457480125271,4151,0.09096187342752081,5167,0.9318987341772151,3950
flat,43,-1,PRZ4,7719,0.388651379712398,0.4496696463272445,0.16167897396035755,0.7147298872910999,0.3260785075787019,0.7355371900826446,4719,0.7251512532411409,3471,0.1857889237199582,4785,0.880027266530334,2934
flat,43,-1,PRZ5,12944,0.25710754017305315,0.628012978986403,0.11487948084054388,0.6926761433868974,0.4355686032138443,0.8453618968386023,9616,0.6935662443104933,8129,0.16888519134775373,4808,0.8993362831858407,8136
flat,43,-1,PRZ6,8748,0.29755372656607226,0.5305212620027435,0.17192501143118427,0.6694101508916324,0.37185642432556015,0.7552481692432872,6145,0.7009265244559362,4641,0.1451348182883939,4265,0.8971670756190051,4483
flat,43,0,CRC11,324,0.024691358024691357,0.9753086419753086,0.0,0.7901234567901234,0.7654320987654321,1.0,316,0.7848101265822784,316,0.0,8,1.0,316
flat,43,0,CRC13,209,0.17703349282296652,0.8181818181818182,0.004784688995215311,0.9473684210526315,0.7703349282296651,0.9941860465116279,172,0.9415204678362573,171,0.0,30,0.9553072625698324,179
flat,43,0,CRC16,167,0.09580838323353294,0.8982035928143712,0.005988023952095809,0.8682634730538922,0.7724550898203593,0.9933774834437086,151,0.86,150,0.0,17,1.0,150
flat,43,0,CRC17,269,0.03717472118959108,0.9405204460966543,0.022304832713754646,0.7806691449814126,0.7434944237918215,0.9768339768339769,259,0.7905138339920948,253,0.1111111111111111,18,1.0,251
flat,43,0,CRC22,213,0.2300469483568075,0.7699530516431925,0.0,0.8028169014084507,0.5727699530516432,1.0,164,0.7439024390243902,164,0.0,43,0.9647058823529412,170
flat,43,0,CRC23,91,0.17582417582417584,0.8241758241758241,0.0,0.9340659340659341,0.7582417582417582,1.0,75,0.92,75,0.0,15,0.9868421052631579,76
flat,43,0,CRC24,238,0.14285714285714285,0.8571428571428571,0.0,0.9453781512605042,0.8025210084033614,1.0,204,0.9362745098039216,204,0.0,31,0.9855072463768116,207
flat,43,0,CRC25,501,0.09780439121756487,0.8862275449101796,0.015968063872255488,0.592814371257485,0.49500998003992014,0.9823008849557522,452,0.5585585585585585,444,0.0,53,0.9910714285714286,448
flat,43,0,GC28_P_cDNA,337,0.2789317507418398,0.712166172106825,0.008902077151335312,0.9258160237388724,0.6468842729970327,0.9876543209876543,243,0.9083333333333333,240,0.0,94,0.9876543209876543,243
flat,43,0,GC29_P_cDNA,225,0.0044444444444444444,0.9955555555555555,0.0,0.9377777777777778,0.9333333333333333,1.0,224,0.9375,224,0.0,1,1.0,224
flat,43,0,GC2_P_cDNA,226,0.05752212389380531,0.9424778761061947,0.0,0.8362831858407079,0.7787610619469026,1.0,213,0.8262910798122066,213,0.0,12,0.9953271028037384,214
flat,43,0,GC30_P_cDNA,400,0.045,0.945,0.01,0.935,0.89,0.9895287958115183,382,0.9417989417989417,378,0.0,17,0.9869451697127938,383
flat,43,0,GC31_P_cDNA,939,0.03407880724174654,0.9648562300319489,0.0010649627263045794,0.9435569755058573,0.9094781682641108,0.9988974641675854,907,0.9426048565121413,906,0.0,32,0.9988974641675854,907
flat,43,0,GC32_P_cDNA,713,0.16129032258064516,0.82328190743338,0.015427769985974754,0.8611500701262272,0.699859747545582,0.9816053511705686,598,0.8500851788756388,587,0.0,117,0.9848993288590604,596
flat,43,0,GC36_P_cDNA,790,0.15569620253164557,0.8417721518987342,0.002531645569620253,0.9481012658227848,0.7924050632911392,0.9970014992503748,667,0.9413533834586466,665,0.023622047244094488,127,0.9984917043740573,663
flat,43,0,HCC-1,390,0.046153846153846156,0.9538461538461539,0.0,0.9564102564102565,0.9102564102564102,1.0,372,0.9543010752688172,372,0.0,16,0.9946524064171123,374
flat,43,0,HCC-2-1_1,200,0.03,0.97,0.0,0.98,0.95,1.0,194,0.979381443298969,194,0.0,5,0.9948717948717949,195
flat,43,0,HCC-2-2,309,0.003236245954692557,0.9967637540453075,0.0,0.9546925566343042,0.9514563106796117,1.0,308,0.9545454545454546,308,0.0,1,1.0,308
flat,43,0,HCC-22,679,0.2606774668630339,0.7319587628865979,0.007363770250368188,0.9204712812960235,0.6597938144329897,0.9900398406374502,502,0.9014084507042254,497,0.016666666666666666,180,0.9899799599198397,499
flat,43,0,HCC-24,401,0.22942643391521197,0.5635910224438903,0.20698254364089774,0.743142144638404,0.513715710723192,0.7313915857605178,309,0.911504424778761,226,0.0782122905027933,179,0.954954954954955,222
flat,43,0,HCC-3-1_2,202,0.0049504950495049506,0.995049504950495,0.0,0.9603960396039604,0.9554455445544554,1.0,201,0.9601990049751243,201,0.0,1,1.0,201
flat,43,0,HCC-3-2_1,230,0.021739130434782608,0.9782608695652174,0.0,0.9695652173913043,0.9478260869565217,1.0,225,0.9688888888888889,225,0.0,4,0.995575221238938,226
flat,43,0,PBMC-1,2772,0.049062049062049064,0.8264790764790765,0.12445887445887446,0.3852813852813853,0.3362193362193362,0.8691198786039454,2636,0.4068092536010476,2291,0.13559322033898305,59,0.841503870254331,2713
flat,43,0,PBMC-2,2118,0.09395656279508971,0.8531633616619453,0.05288007554296506,0.4830028328611898,0.3890462700661001,0.9416362688900469,1919,0.4560044272274488,1807,0.18292682926829268,246,0.9412393162393162,1872
flat,43,0,PBMC-3,2459,0.018300122000813338,0.9723464823098821,0.009353395689304595,0.6738511590077267,0.6555510370069134,0.9904722452361227,2414,0.6741948975324132,2391,0.027777777777777776,36,0.9863805200165084,2423
flat,43,0,PBMC-4,2612,0.023736600306278714,0.9601837672281777,0.016079632465543645,0.5497702909647779,0.5260336906584993,0.9835294117647059,2550,0.5478468899521531,2508,0.10526315789473684,76,0.9858044164037855,2536
flat,43,0,PBMC-5,1529,0.07913669064748201,0.8953564421190321,0.025506867233485938,0.6500981033355134,0.5709614126880314,0.9723011363636364,1408,0.6376917457998539,1369,0.058823529411764705,119,0.9659574468085106,1410
flat,43,0,PBMC-6,1231,0.0950446791226645,0.8123476848090982,0.0926076360682372,0.6116978066612511,0.5166531275385865,0.8976660682226212,1114,0.636,1000,0.1111111111111111,144,0.9052437902483901,1087
flat,43,0,PC-1,2813,0.007820831852115179,0.9907571987202275,0.0014219694276573053,0.9157483114113046,0.9079274795591895,0.9985668219276245,2791,0.9163975601004665,2787,0.041666666666666664,24,0.9989243456435999,2789
flat,43,0,PC-2,344,0.020348837209302327,0.9767441860465116,0.0029069767441860465,0.877906976744186,0.8575581395348837,0.9970326409495549,337,0.8779761904761905,336,0.0,7,0.9970326409495549,337
flat,43,0,PC-3,497,0.05432595573440644,0.9416498993963782,0.004024144869215292,0.9094567404426559,0.8551307847082495,0.9957446808510638,470,0.9081196581196581,468,0.038461538461538464,26,0.9915074309978769,471
flat,43,0,PC-4,132,0.030303030303030304,0.9696969696969697,0.0,0.7045454545454546,0.6742424242424242,1.0,128,0.6953125,128,0.0,2,0.9846153846153847,130
flat,43,0,PC-5,207,0.08695652173913043,0.9033816425120773,0.00966183574879227,0.8405797101449275,0.7536231884057971,0.9894179894179894,189,0.8342245989304813,187,0.0,13,0.9639175257731959,194
flat,43,0,PC-6,268,0.08208955223880597,0.9029850746268657,0.014925373134328358,0.8656716417910447,0.7835820895522388,0.983739837398374,246,0.8677685950413223,242,0.0,20,0.9758064516129032,248
flat,43,0,PRZ1,2651,0.013956997359486986,0.985288570350811,0.0007544322897019992,0.971708789136175,0.957751791776688,0.9992348890589136,2614,0.972052067381317,2612,0.027777777777777776,36,0.998470363288719,2615
flat,43,0,PRZ2,1922,0.07492195629552549,0.9219562955254943,0.003121748178980229,0.9349635796045785,0.8600416233090531,0.9966254218222722,1778,0.9328442437923251,1772,0.010638297872340425,94,0.9688183807439825,1828
flat,43,0,PRZ3,584,0.0273972602739726,0.964041095890411,0.008561643835616438,0.9297945205479452,0.9023972602739726,0.9911971830985915,568,0.9360568383658969,563,0.0,12,0.9842657342657343,572
flat,43,0,PRZ4,1085,0.1391705069124424,0.8534562211981567,0.007373271889400922,0.9585253456221198,0.8193548387096774,0.9914346895074947,934,0.9600431965442765,926,0.0,25,0.8735849056603774,1060
flat,43,0,PRZ5,406,0.07389162561576355,0.9261083743842364,0.0,0.9064039408866995,0.8325123152709359,1.0,376,0.898936170212766,376,0.0,8,0.9447236180904522,398
flat,43,0,PRZ6,406,0.16502463054187191,0.8275862068965517,0.007389162561576354,0.9014778325123153,0.7364532019704434,0.9911504424778761,339,0.8898809523809523,336,0.0,24,0.8795811518324608,382
flat,43,1,CRC11,2305,0.012581344902386117,0.9778741865509761,0.009544468546637744,0.351409978308026,0.3388286334056399,0.9903339191564148,2276,0.3464951197870453,2254,0.33962264150943394,53,0.9928952042628775,2252
flat,43,1,CRC13,887,0.2705749718151071,0.3258173618940248,0.4036076662908681,0.39120631341600903,0.12063134160090191,0.446676970633694,647,0.370242214532872,289,0.11816838995568685,677,0.9952380952380953,210
flat,43,1,CRC16,973,0.09044193216855087,0.6608427543679343,0.24871531346351491,0.2733812949640288,0.1829393627954779,0.7265536723163842,885,0.27682737169517885,643,0.04918032786885246,305,0.9401197604790419,668
flat,43,1,CRC17,1047,0.11174785100286533,0.2636103151862464,0.6246418338108882,0.16905444126074498,0.05730659025787966,0.2967741935483871,930,0.21739130434782608,276,0.023017902813299233,782,0.9735849056603774,265
flat,43,1,CRC22,603,0.11442786069651742,0.6550580431177446,0.23051409618573798,0.31343283582089554,0.19900497512437812,0.7397003745318352,534,0.3037974683544304,395,0.210727969348659,261,0.9941520467836257,342
flat,43,1,CRC23,743,0.13055181695827725,0.6164199192462988,0.253028263795424,0.4414535666218035,0.31090174966352624,0.7089783281733746,646,0.5043668122270742,458,0.25132275132275134,378,0.9945205479452055,365
flat,43,1,CRC24,1275,0.05333333333333334,0.8509803921568627,0.09568627450980392,0.4188235294117647,0.36549019607843136,0.8989229494614748,1207,0.4294930875576037,1085,0.2988929889298893,271,1.0,1004
flat,43,1,CRC25,2612,0.5478560490045942,0.032924961715160794,0.41921898928024504,0.5581929555895865,0.010336906584992343,0.07281964436917866,1181,0.313953488372093,86,0.012920908379013312,2554,0.9137931034482759,58
flat,43,1,GC28_P_cDNA,2914,0.38366506520247085,0.37748798901853126,0.23884694577899795,0.5233356211393274,0.13967055593685657,0.6124721603563474,1796,0.37,1100,0.07739307535641547,1964,0.9978947368421053,950
flat,43,1,GC29_P_cDNA,2010,0.3353233830845771,0.3990049751243781,0.2656716417910448,0.5109452736318408,0.17562189054726368,0.6002994011976048,1336,0.4401496259351621,802,0.05734485467399843,1273,0.989145183175034,737
flat,43,1,GC2_P_cDNA,1331,0.04357625845229151,0.9331329827197595,0.02329075882794891,0.284748309541698,0.24117205108940645,0.9756480754124116,1273,0.2584541062801932,1242,0.24786324786324787,117,0.999176276771005,1214
flat,43,1,GC30_P_cDNA,2289,0.051550895587592835,0.8955875928352992,0.05286151157710791,0.39886413280908695,0.3473132372214941,0.9442653155228006,2171,0.3878048780487805,2050,0.32087227414330216,321,0.989329268292683,1968
flat,43,1,GC31_P_cDNA,1645,0.2693009118541033,0.3872340425531915,0.3434650455927052,0.39696048632218844,0.1276595744680851,0.5299500831946755,1202,0.32967032967032966,637,0.1227154046997389,1149,1.0,496
flat,43,1,GC32_P_cDNA,1335,0.4344569288389513,0.07415730337078652,0.49138576779026216,0.45243445692883894,0.017977528089887642,0.13112582781456952,755,0.24242424242424243,99,0.04938271604938271,1296,0.8974358974358975,39
flat,43,1,GC36_P_cDNA,1385,0.17545126353790613,0.6678700361010831,0.15667870036101084,0.42454873646209385,0.2490974729241877,0.8099824868651488,1142,0.372972972972973,925,0.21901528013582344,589,1.0,796
flat,43,1,HCC-1,1749,0.5460263007432818,0.11720983419096627,0.33676386506575184,0.5877644368210406,0.04173813607775872,0.25818639798488663,794,0.35609756097560974,205,0.01364522417153996,1539,0.8761904761904762,210
flat,43,1,HCC-2-1_1,2075,0.523855421686747,0.18313253012048192,0.2930120481927711,0.619277108433735,0.09542168674698795,0.38461538461538464,988,0.5210526315789473,380,0.036931818181818184,1760,1.0,315
flat,43,1,HCC-2-2,1981,0.5956587582029278,0.09136799596163554,0.3129732458354367,0.6410903584048461,0.04543160020191822,0.22596754057428214,801,0.4972375690607735,181,0.015350877192982455,1824,0.9745222929936306,157
flat,43,1,HCC-22,172,0.11627906976744186,0.7674418604651163,0.11627906976744186,0.7093023255813954,0.5930232558139535,0.868421052631579,152,0.7727272727272727,132,0.13953488372093023,43,0.9767441860465116,129
flat,43,1,HCC-24,143,0.0979020979020979,0.8251748251748252,0.07692307692307693,0.5944055944055944,0.4965034965034965,0.9147286821705426,129,0.6016949152542372,118,0.19230769230769232,26,0.9658119658119658,117
flat,43,1,HCC-3-1_2,1370,0.4386861313868613,0.22335766423357664,0.33795620437956203,0.5474452554744526,0.10875912408759124,0.39791937581274384,769,0.4869281045751634,306,0.033697632058287796,1098,0.9889705882352942,272
flat,43,1,HCC-3-2_1,1443,0.4878724878724879,0.15038115038115038,0.36174636174636177,0.5675675675675675,0.07969507969507969,0.2936400541271989,739,0.5299539170506913,217,0.02403846153846154,1248,0.958974358974359,195
flat,43,1,PBMC-1,2920,0.44554794520547947,0.07705479452054795,0.4773972602739726,0.4712328767123288,0.025684931506849314,0.13897467572575664,1619,0.3333333333333333,225,0.014332965821389196,2721,0.9346733668341709,199
flat,43,1,PBMC-2,2459,0.4949166327775518,0.10004066693777959,0.40504270028466854,0.5335502236681577,0.03863359089060594,0.19806763285024154,1242,0.3861788617886179,246,0.013410818059901655,2237,0.972972972972973,222
flat,43,1,PBMC-3,3357,0.2877569258266309,0.5031277926720286,0.20911528150134048,0.5144474232946082,0.22669049746797737,0.7063989962358845,2391,0.45056246299585556,1689,0.08994413407821229,1790,0.9751116783663051,1567
flat,43,1,PBMC-4,3132,0.2774584929757343,0.388250319284802,0.3342911877394636,0.43039591315453385,0.1529374201787995,0.5373398144056563,2263,0.3939144736842105,1216,0.0628456510809452,1989,0.9545056867891514,1143
flat,43,1,PBMC-5,2640,0.4178030303030303,0.24393939393939393,0.33825757575757576,0.525,0.1071969696969697,0.41899804814573843,1537,0.4394409937888199,644,0.028627838104639685,2026,0.9543973941368078,614
flat,43,1,PBMC-6,1826,0.4534501642935378,0.24917853231106243,0.2973713033953998,0.5542168674698795,0.10076670317634173,0.4559118236472946,998,0.4043956043956044,455,0.0411639460610362,1409,0.9520383693045563,417
flat,43,1,PC-1,3065,0.11941272430668842,0.768678629690049,0.11190864600326264,0.4035889070146819,0.2841761827079935,0.8729158947758429,2699,0.36969439728353143,2356,0.18859138533178113,859,0.9945602901178604,2206
flat,43,1,PC-2,338,0.0621301775147929,0.8668639053254438,0.07100591715976332,0.30177514792899407,0.23964497041420119,0.9242902208201893,317,0.2764505119453925,293,0.2413793103448276,58,0.9964285714285714,280
flat,43,1,PC-3,1027,0.3904576436222006,0.22687439143135346,0.38266796494644595,0.47224926971762415,0.08179162609542356,0.3722044728434505,626,0.3605150214592275,233,0.07359813084112149,856,0.9941520467836257,171
flat,43,1,PC-4,761,0.08409986859395532,0.8304862023653088,0.08541392904073587,0.46254927726675427,0.37844940867279897,0.9067431850789096,697,0.45569620253164556,632,0.24096385542168675,166,0.9949579831932773,595
flat,43,1,PC-5,1203,0.3690773067331671,0.19201995012468828,0.4389027431421446,0.4114713216957606,0.04239401496259352,0.30434782608695654,759,0.22077922077922077,231,0.04897159647404505,1021,0.9945054945054945,182
flat,43,1,PC-6,3500,0.308,0.3802857142857143,0.3117142857142857,0.478,0.17,0.5495458298926507,2422,0.4470323065364388,1331,0.13469224620303757,2502,0.9959919839679359,998
flat,43,1,PRZ1,1039,0.15784408084696824,0.6900866217516843,0.15206929740134745,0.43503368623676614,0.27718960538979787,0.8194285714285714,875,0.401673640167364,717,0.14933333333333335,375,0.9954819277108434,664
flat,43,1,PRZ2,1461,0.21765913757700206,0.5544147843942505,0.22792607802874743,0.42231348391512663,0.20465434633812457,0.7086614173228346,1143,0.3691358024691358,810,0.15294117647058825,765,0.9956896551724138,696
flat,43,1,PRZ3,1841,0.3503530689842477,0.3253666485605649,0.3242802824551874,0.4780010863661054,0.1276480173818577,0.5008361204013378,1196,0.39232053422370616,599,0.10533910533910534,1386,0.9956043956043956,455
flat,43,1,PRZ4,349,0.14613180515759314,0.7077363896848138,0.14613180515759314,0.4355300859598854,0.28939828080229224,0.8288590604026845,298,0.4089068825910931,247,0.11009174311926606,109,0.9791666666666666,240
flat,43,1,PRZ5,2563,0.06398751463129146,0.907530238002341,0.02848224736636754,0.46039797112758485,0.3964104564962934,0.9695706544393498,2399,0.43680137575236455,2326,0.15416666666666667,240,0.9853637537666811,2323
flat,43,1,PRZ6,2227,0.5078581050740907,0.15267175572519084,0.33947013920071845,0.572968118545128,0.06511001347103727,0.3102189781021898,1096,0.4264705882352941,340,0.029881504379185988,1941,0.986013986013986,286
flat,43,2,CRC11,1603,0.1715533374922021,0.8253275109170306,0.0031191515907673115,0.9806612601372426,0.8091079226450405,0.9962349397590361,1328,0.9803476946334089,1323,0.0,54,0.8540994189799871,1549
flat,43,2,CRC13,1356,0.084070796460177,0.915929203539823,0.0,0.9896755162241888,0.9056047197640118,1.0,1242,0.9887278582930756,1242,0.024390243902439025,41,0.9437262357414449,1315
flat,43,2,CRC16,2359,0.5625264942772361,0.2149215769393811,0.22255192878338279,0.6545146248410343,0.09198813056379822,0.49127906976744184,1032,0.4280078895463511,507,0.0300820419325433,1097,0.375594294770206,1262
flat,43,2,CRC17,2313,0.3955901426718547,0.46779074794639,0.13661910938175528,0.6835278858625162,0.28793774319066145,0.7739628040057225,1398,0.6155268022181146,1082,0.03524804177545692,766,0.6819650937297996,1547
flat,43,2,CRC22,762,0.4435695538057743,0.5564304461942258,0.0,0.9973753280839895,0.5538057742782152,1.0,424,0.9952830188679245,424,0.0,203,0.7584973166368515,559
flat,43,2,CRC23,2384,0.5910234899328859,0.39807046979865773,0.010906040268456376,0.9840604026845637,0.39303691275167785,0.9733333333333334,975,0.9873551106427819,949,0.03276247207743857,1343,0.8693563880883766,1041
flat,43,2,CRC24,3061,0.3864750081672656,0.6109114668409017,0.0026135249918327343,0.9895459000326691,0.6030708918654034,0.9957401490947817,1878,0.9871657754010695,1870,0.0,702,0.7927087749046206,2359
flat,43,2,CRC25,1013,0.36623889437314905,0.6011846001974334,0.03257650542941757,0.9062191510365252,0.5399802566633761,0.9485981308411215,642,0.8981937602627258,609,0.0,248,0.796078431372549,765
flat,43,2,GC28_P_cDNA,1140,0.2649122807017544,0.718421052631579,0.016666666666666666,0.9228070175438596,0.6578947368421053,0.977326968973747,838,0.9157509157509157,819,0.0,64,0.7611524163568774,1076
flat,43,2,GC29_P_cDNA,1291,0.1463981409759876,0.8435321456235476,0.010069713400464756,0.9481022463206816,0.801704105344694,0.9882032667876588,1102,0.9504132231404959,1089,0.0,48,0.8761061946902655,1243
flat,43,2,GC2_P_cDNA,551,0.1161524500907441,0.8765880217785844,0.007259528130671506,0.9092558983666061,0.7931034482758621,0.9917864476386037,487,0.9047619047619048,483,0.0,7,0.8878676470588235,544
flat,43,2,GC30_P_cDNA,1644,0.3740875912408759,0.5413625304136253,0.08454987834549878,0.8807785888077859,0.5066909975669099,0.8649173955296404,1029,0.9359550561797753,890,0.02717391304347826,552,0.8012820512820513,1092
flat,43,2,GC31_P_cDNA,1059,0.14919735599622286,0.8441926345609065,0.0066100094428706326,0.9423984891406988,0.7932011331444759,0.9922308546059934,901,0.9395973154362416,894,0.0,8,0.8506184586108468,1051
flat,43,2,GC32_P_cDNA,1301,0.01921598770176787,0.9792467332820907,0.0015372790161414297,0.9315910837817064,0.9123750960799385,0.9984326018808778,1276,0.9317111459968603,1274,0.0,5,0.9830246913580247,1296
flat,43,2,GC36_P_cDNA,1711,0.030391583869082407,0.9661016949152542,0.0035067212156633548,0.9362945645821157,0.9059029807130333,0.9963833634719711,1659,0.9376890502117362,1653,0.0,12,0.9729252501471454,1699
flat,43,2,HCC-1,1885,0.5915119363395226,0.363395225464191,0.04509283819628647,0.9283819628647215,0.33687002652519893,0.8896103896103896,770,0.927007299270073,685,0.003131524008350731,958,0.7357065803667745,927
flat,43,2,HCC-2-1_1,2190,0.7059360730593607,0.24429223744292236,0.049771689497716896,0.9255707762557077,0.21963470319634704,0.8307453416149069,644,0.8990654205607477,535,0.0010695187165775401,935,0.4254980079681275,1255
flat,43,2,HCC-2-2,2281,0.5164401578255151,0.45594037702761947,0.02761946514686541,0.9294169224024551,0.41297676457693994,0.942883046237534,1103,0.9057692307692308,1040,0.0,571,0.6081871345029239,1710
flat,43,2,HCC-22,2305,0.38872017353579175,0.5839479392624729,0.027331887201735357,0.9383947939262473,0.5496746203904556,0.9552874378992193,1409,0.9413075780089153,1346,0.0017452006980802793,573,0.7765588914549654,1732
flat,43,2,HCC-24,1825,0.4043835616438356,0.5698630136986301,0.025753424657534246,0.9364383561643835,0.5320547945205479,0.9567617295308187,1087,0.9336538461538462,1040,0.006172839506172839,648,0.8802039082412915,1177
flat,43,2,HCC-3-1_2,2625,0.7508571428571429,0.16876190476190475,0.08038095238095239,0.8944761904761904,0.14361904761904762,0.6773700305810397,654,0.8510158013544018,443,0.002520478890989288,1587,0.4229287090558767,1038
flat,43,2,HCC-3-2_1,2722,0.8232916972814107,0.09955914768552535,0.07714915503306392,0.9070536370315944,0.08376193975018369,0.5634095634095634,481,0.8413284132841329,271,0.0,2066,0.41310975609756095,656
flat,43,2,PBMC-1,6154,0.34481637959051026,0.5895352616184596,0.06564835879103022,0.8774780630484238,0.5326616834579135,0.8998015873015873,4032,0.9035281146637266,3628,0.0,285,0.6181632305333106,5869
flat,43,2,PBMC-2,4070,0.27788697788697786,0.6786240786240786,0.04348894348894349,0.8771498771498771,0.5992628992628992,0.9397754338210276,2939,0.8830557566980449,2762,0.007936507936507936,378,0.7472914409534128,3692
flat,43,2,PBMC-3,4904,0.8438009787928222,0.06076672104404568,0.09543230016313213,0.8876427406199021,0.04384176182707993,0.38903394255874674,766,0.7214765100671141,298,0.0,3665,0.24051654560129138,1239
flat,43,2,PBMC-4,6989,0.838746601802833,0.07969666618972672,0.08155673200744026,0.9068536271283445,0.06810702532551152,0.49423247559893524,1127,0.8545780969479354,557,0.0004385003288752467,4561,0.2285831960461285,2428
flat,43,2,PBMC-5,7266,0.5730800990916598,0.3553537021745114,0.07156619873382879,0.8759977979631158,0.3029176988714561,0.8323662153449387,3102,0.8524399690162665,2582,0.000772499034376207,2589,0.5516356638871072,4677
flat,43,2,PBMC-6,4702,0.688005104210974,0.2184176945980434,0.09357720119098256,0.8849425776265419,0.19693747341556783,0.700068166325835,1467,0.9016553067185978,1027,0.0015822784810126582,1896,0.3649322879543835,2806
flat,43,2,PC-1,4545,0.1188118811881188,0.8752475247524752,0.005940594059405941,0.9518151815181518,0.833003300330033,0.9932584269662922,4005,0.951734539969834,3978,0.0,221,0.919981498612396,4324
flat,43,2,PC-2,267,0.0449438202247191,0.9550561797752809,0.0,0.9662921348314607,0.9213483146067416,1.0,255,0.9647058823529412,255,0.0,4,0.9695817490494296,263
flat,43,2,PC-3,1145,0.13187772925764193,0.8620087336244542,0.00611353711790393,0.9493449781659389,0.8174672489082969,0.9929577464788732,994,0.9483282674772037,987,0.0,81,0.9276315789473685,1064
flat,43,2,PC-4,597,0.5845896147403685,0.40871021775544386,0.006700167504187605,0.9765494137353434,0.39195979899497485,0.9838709677419355,248,0.9590163934426229,244,0.0,252,0.7072463768115942,345
flat,43,2,PC-5,584,0.0273972602739726,0.9708904109589042,0.0017123287671232876,0.9486301369863014,0.9212328767123288,0.9982394366197183,568,0.9488536155202821,567,0.0,7,0.9826689774696707,577
flat,43,2,PC-6,734,0.05722070844686648,0.9400544959128065,0.0027247956403269754,0.9155313351498637,0.8583106267029973,0.9971098265895953,692,0.9130434782608695,690,0.0,21,0.967741935483871,713
flat,43,2,PRZ1,1648,0.2712378640776699,0.6862864077669902,0.04247572815533981,0.8216019417475728,0.5503640776699029,0.9417152373022482,1201,0.801945181255526,1131,0.013550135501355014,369,0.8803752931978108,1279
flat,43,2,PRZ2,1821,0.29269632070291046,0.6238330587589237,0.08347062053816584,0.7440966501922021,0.4514003294892916,0.8819875776397516,1288,0.7235915492957746,1136,0.001937984496124031,516,0.8697318007662835,1305
flat,43,2,PRZ3,2390,0.6104602510460251,0.34435146443514647,0.045188284518828455,0.9255230125523013,0.31506276150627616,0.8839957035445757,931,0.9149453219927096,823,0.0027491408934707906,1455,0.8759358288770054,935
flat,43,2,PRZ4,1456,0.3715659340659341,0.5652472527472527,0.06318681318681318,0.8193681318681318,0.4478021978021978,0.8994535519125683,915,0.7922235722964763,823,0.0,440,0.8100393700787402,1016
flat,43,2,PRZ5,5532,0.24710773680404916,0.7254157628344179,0.0274765003615329,0.9027476500361533,0.6556399132321041,0.9635054021608643,4165,0.9038126090206828,4013,0.005201560468140442,769,0.8416964098257401,4763
flat,43,2,PRZ6,2764,0.18560057887120116,0.8006512301013025,0.013748191027496382,0.8950795947901592,0.709479015918958,0.9831186139493558,2251,0.886127428829643,2213,0.004366812227074236,229,0.8725838264299802,2535
flat,43,3,CRC11,17,0.0,1.0,0.0,0.9411764705882353,0.9411764705882353,1.0,17,0.9411764705882353,17,,0,1.0,17
flat,43,3,CRC13,9,0.0,1.0,0.0,1.0,1.0,1.0,9,1.0,9,,0,1.0,9
flat,43,3,CRC16,20,0.0,1.0,0.0,1.0,1.0,1.0,20,1.0,20,,0,1.0,20
flat,43,3,CRC17,48,0.0,1.0,0.0,0.8541666666666666,0.8541666666666666,1.0,48,0.8541666666666666,48,,0,1.0,48
flat,43,3,CRC22,2,0.0,1.0,0.0,1.0,1.0,1.0,2,1.0,2,,0,1.0,2
flat,43,3,CRC23,9,0.0,1.0,0.0,1.0,1.0,1.0,9,1.0,9,,0,1.0,9
flat,43,3,CRC24,3,0.0,1.0,0.0,1.0,1.0,1.0,3,1.0,3,,0,1.0,3
flat,43,3,CRC25,37,0.0,1.0,0.0,1.0,1.0,1.0,37,1.0,37,,0,1.0,37
flat,43,3,GC28_P_cDNA,14,0.0,1.0,0.0,1.0,1.0,1.0,14,1.0,14,,0,1.0,14
flat,43,3,GC29_P_cDNA,15,0.0,1.0,0.0,1.0,1.0,1.0,15,1.0,15,,0,1.0,15
flat,43,3,GC2_P_cDNA,1,0.0,1.0,0.0,1.0,1.0,1.0,1,1.0,1,,0,1.0,1
flat,43,3,GC30_P_cDNA,11,0.0,1.0,0.0,1.0,1.0,1.0,11,1.0,11,,0,1.0,11
flat,43,3,GC31_P_cDNA,20,0.0,1.0,0.0,1.0,1.0,1.0,20,1.0,20,,0,1.0,20
flat,43,3,GC32_P_cDNA,6,0.0,1.0,0.0,1.0,1.0,1.0,6,1.0,6,,0,1.0,6
flat,43,3,GC36_P_cDNA,11,0.0,1.0,0.0,1.0,1.0,1.0,11,1.0,11,,0,1.0,11
flat,43,3,HCC-1,10,0.0,1.0,0.0,1.0,1.0,1.0,10,1.0,10,,0,1.0,10
flat,43,3,HCC-2-1_1,6,0.0,1.0,0.0,1.0,1.0,1.0,6,1.0,6,,0,1.0,6
flat,43,3,HCC-2-2,19,0.0,1.0,0.0,1.0,1.0,1.0,19,1.0,19,,0,1.0,19
flat,43,3,HCC-22,5,0.0,1.0,0.0,1.0,1.0,1.0,5,1.0,5,,0,1.0,5
flat,43,3,HCC-3-1_2,13,0.0,1.0,0.0,1.0,1.0,1.0,13,1.0,13,,0,1.0,13
flat,43,3,HCC-3-2_1,15,0.0,1.0,0.0,1.0,1.0,1.0,15,1.0,15,,0,1.0,15
flat,43,3,PBMC-1,108,0.009259259259259259,0.9907407407407407,0.0,1.0,0.9907407407407407,1.0,107,1.0,107,0.5,2,1.0,106
flat,43,3,PBMC-2,371,0.05660377358490566,0.9433962264150944,0.0,0.9892183288409704,0.9326145552560647,1.0,350,0.9885714285714285,350,0.0,1,0.9459459459459459,370
flat,43,3,PBMC-3,131,0.17557251908396945,0.8244274809160306,0.0,0.9847328244274809,0.8091603053435115,1.0,108,0.9814814814814815,108,0.0,15,0.9310344827586207,116
flat,43,3,PBMC-4,287,0.09059233449477352,0.9094076655052264,0.0,1.0,0.9094076655052264,1.0,261,1.0,261,0.06666666666666667,15,0.9558823529411765,272
flat,43,3,PBMC-5,120,0.025,0.975,0.0,1.0,0.975,1.0,117,1.0,117,0.0,2,0.9915254237288136,118
flat,43,3,PBMC-6,134,0.21641791044776118,0.7761194029850746,0.007462686567164179,0.9925373134328358,0.7761194029850746,0.9904761904761905,105,1.0,104,0.043478260869565216,23,0.9279279279279279,111
flat,43,3,PC-1,98,0.0,1.0,0.0,1.0,1.0,1.0,98,1.0,98,,0,1.0,98
flat,43,3,PC-2,2,0.0,1.0,0.0,1.0,1.0,1.0,2,1.0,2,,0,1.0,2
flat,43,3,PC-3,2,0.0,1.0,0.0,1.0,1.0,1.0,2,1.0,2,,0,1.0,2
flat,43,3,PC-5,11,0.0,1.0,0.0,1.0,1.0,1.0,11,1.0,11,,0,1.0,11
flat,43,3,PC-6,11,0.0,1.0,0.0,1.0,1.0,1.0,11,1.0,11,,0,1.0,11
flat,43,3,PRZ1,1,0.0,1.0,0.0,1.0,1.0,1.0,1,1.0,1,,0,1.0,1
flat,43,3,PRZ2,4,0.0,1.0,0.0,1.0,1.0,1.0,4,1.0,4,,0,1.0,4
flat,43,3,PRZ3,2,0.0,1.0,0.0,1.0,1.0,1.0,2,1.0,2,,0,1.0,2
flat,43,3,PRZ4,10,0.0,1.0,0.0,0.9,0.9,1.0,10,0.9,10,,0,1.0,10
flat,43,3,PRZ5,14,0.0,1.0,0.0,1.0,1.0,1.0,14,1.0,14,,0,1.0,14
flat,43,3,PRZ6,42,0.0,1.0,0.0,1.0,1.0,1.0,42,1.0,42,,0,1.0,42
flat,43,4,CRC11,3220,0.5015527950310559,0.1388198757763975,0.3596273291925466,0.5897515527950311,0.08819875776397515,0.27850467289719627,1605,0.6353467561521253,447,0.12246835443037975,3160,1.0,60
flat,43,4,CRC13,2601,0.5609381007304882,0.1514801999231065,0.2875816993464052,0.6566705113417917,0.09573241061130335,0.3450087565674256,1142,0.631979695431472,394,0.038113387327298714,2099,0.6254980079681275,502
flat,43,4,CRC16,3959,0.026269259914119727,0.6605203334175297,0.3132104066683506,0.10583480676938621,0.07956554685526648,0.6783398184176395,3855,0.12045889101338432,2615,0.5503955968352253,2907,0.964828897338403,1052
flat,43,4,CRC17,2750,0.10945454545454546,0.48763636363636365,0.4029090909090909,0.1978181818181818,0.08836363636363637,0.5475704369130258,2449,0.18120805369127516,1341,0.2702127659574468,1880,0.957471264367816,870
flat,43,4,CRC22,3623,0.4874413469500414,0.2958873861440795,0.2166712669058791,0.6654706044714325,0.17802925752139112,0.5772751750134626,1857,0.601679104477612,1072,0.16882255389718076,3015,0.9259868421052632,608
flat,43,4,CRC23,2883,0.3839750260145682,0.5137010058966355,0.10232396808879639,0.7370794311481096,0.35310440513354147,0.8338963963963963,1776,0.687373396353815,1481,0.13240954580446498,1299,0.8263888888888888,1584
flat,43,4,CRC24,2677,0.47964138961524094,0.3036981695928278,0.21666044079193125,0.6813597310422115,0.20171834142697048,0.583632447954056,1393,0.6642066420664207,813,0.16145124716553289,2205,0.9682203389830508,472
flat,43,4,CRC25,3070,0.07263843648208469,0.8785016286644951,0.048859934853420196,0.4990228013029316,0.4263843648208469,0.9473129610115911,2847,0.4853540971449759,2697,0.5682730923694779,498,0.9385692068429238,2572
flat,43,4,GC28_P_cDNA,2915,0.46689536878216126,0.2915951972555746,0.24150943396226415,0.6391080617495711,0.17221269296740996,0.546975546975547,1554,0.5905882352941176,850,0.2058590657165479,2526,0.8483290488431876,389
flat,43,4,GC29_P_cDNA,1576,0.4346446700507614,0.18972081218274112,0.3756345177664975,0.516497461928934,0.08185279187817258,0.33557800224466894,891,0.431438127090301,299,0.09210526315789473,1368,0.8317307692307693,208
flat,43,4,GC2_P_cDNA,2334,0.4661525278491859,0.08997429305912596,0.4438731790916881,0.5145672664952871,0.048414738646101116,0.16853932584269662,1246,0.5380952380952381,210,0.078627280625543,2302,0.90625,32
flat,43,4,GC30_P_cDNA,2820,0.39680851063829786,0.3946808510638298,0.20851063829787234,0.6049645390070922,0.20815602836879432,0.654320987654321,1701,0.527403414195867,1113,0.1863080684596577,2045,0.944516129032258,775
flat,43,4,GC31_P_cDNA,3440,0.5183139534883721,0.20843023255813953,0.27325581395348836,0.6372093023255814,0.1188953488372093,0.43270971635485816,1657,0.5704323570432357,717,0.12306136210384357,2966,0.7426160337552743,474
flat,43,4,GC32_P_cDNA,3824,0.2413702928870293,0.6242154811715481,0.1344142259414226,0.5402719665271967,0.29890167364016734,0.8228197173388486,2901,0.47884373690825305,2387,0.026473099914602904,1171,0.8880512627214474,2653
flat,43,4,GC36_P_cDNA,3337,0.6203176505843572,0.039556487863350316,0.34012586155229246,0.6341024872640096,0.013784836679652383,0.10418310970797158,1267,0.3484848484848485,132,0.020723785957315187,3233,0.625,104
flat,43,4,HCC-1,3021,0.28732207878186034,0.564051638530288,0.14862628268785172,0.5571002979145978,0.26977821913273753,0.791453785415699,2153,0.4782863849765258,1704,0.2342398022249691,1618,0.9444048467569494,1403
flat,43,4,HCC-2-1_1,2442,0.2325962325962326,0.6363636363636364,0.13104013104013104,0.597051597051597,0.36445536445536447,0.8292422625400213,1874,0.5727155727155727,1554,0.46804625684723067,1643,0.9824780976220275,799
flat,43,4,HCC-2-2,2589,0.34530706836616454,0.45693317883352647,0.197759752800309,0.589416763229046,0.24410969486288142,0.6979351032448378,1695,0.5342349957734573,1183,0.3157370517928287,2008,0.9449225473321858,581
flat,43,4,HCC-22,3858,0.5850181441161223,0.18792120269569726,0.22706065318818042,0.6881804043545878,0.10316226023846553,0.452841973766396,1601,0.5489655172413793,725,0.08080504656052868,3329,0.8620037807183365,529
flat,43,4,HCC-24,4670,0.4214132762312634,0.41563169164882224,0.16295503211991436,0.6387580299785868,0.21734475374732334,0.7183567727609178,2702,0.5229263266357548,1941,0.11091973820186014,2903,0.9162422184493492,1767
flat,43,4,HCC-3-1_2,2988,0.19109772423025434,0.7222222222222222,0.08668005354752342,0.6107764390896921,0.41967871485943775,0.8928423665701283,2417,0.5810936051899908,2158,0.482421875,1536,0.9758953168044077,1452
flat,43,4,HCC-3-2_1,2875,0.13669565217391305,0.8156521739130435,0.04765217391304348,0.6438260869565218,0.5071304347826087,0.9448025785656728,2482,0.6217484008528784,2345,0.5104761904761905,1050,0.9912328767123287,1825
flat,43,4,PBMC-1,10190,0.06928361138370952,0.6565260058881256,0.27419038272816487,0.21727183513248283,0.1479882237487733,0.7053985660059047,9484,0.22541106128550076,6690,0.483452098178939,6315,0.9385806451612904,3875
flat,43,4,PBMC-2,7284,0.12520593080724876,0.5838824821526634,0.29091158704008785,0.2903624382207578,0.16515650741350907,0.6674513496547395,6372,0.28285915824124147,4253,0.2561961206896552,3712,0.9244120940649496,3572
flat,43,4,PBMC-3,10547,0.04987200151701906,0.8846117379349578,0.06551626054802313,0.38418507632502136,0.33431307480800226,0.9310448059075941,10021,0.37792068595927114,9330,0.7174015009380863,4264,0.9980900843546077,6283
flat,43,4,PBMC-4,9607,0.02831268866451546,0.9001769543041532,0.07151035703133132,0.30280004163630686,0.2744873529717914,0.9264059989287627,9335,0.30492599444958374,8648,0.760591626974179,3989,0.9992880028479886,5618
flat,43,4,PBMC-5,7598,0.1879441958410108,0.4706501710976573,0.3414056330613319,0.33929981574098445,0.15135561989997368,0.579578606158833,6170,0.32158836689038034,3576,0.3023500526131182,5702,0.9767932489451476,1896
flat,43,4,PBMC-6,7271,0.15211112639251823,0.6349883097235594,0.21290056388392242,0.34630724797139323,0.19419612157887498,0.7489051094890511,6165,0.3058262941303877,4617,0.4999032320495452,5167,0.9667300380228137,2104
flat,43,4,PC-1,7456,0.38814377682403434,0.09066523605150215,0.5211909871244635,0.44313304721030045,0.054989270386266095,0.14818062253397632,4562,0.606508875739645,676,0.049744172825469016,7036,0.7761904761904762,420
flat,43,4,PC-2,978,0.5184049079754601,0.023517382413087935,0.45807770961145194,0.5296523517382413,0.011247443762781187,0.04883227176220807,471,0.4782608695652174,23,0.016494845360824743,970,0.875,8
flat,43,4,PC-3,2310,0.44632034632034634,0.24025974025974026,0.31341991341991343,0.574025974025974,0.1277056277056277,0.43393275996872555,1279,0.5315315315315315,555,0.058574879227053143,1656,0.7003058103975535,654
flat,43,4,PC-4,570,0.4017543859649123,0.45087719298245615,0.14736842105263157,0.7,0.2982456140350877,0.7536656891495601,341,0.6614785992217899,257,0.20984455958549222,386,0.9565217391304348,184
flat,43,4,PC-5,1972,0.45030425963488846,0.20233265720081137,0.3473630831643002,0.5709939148073022,0.1206896551724138,0.36808118081180813,1084,0.5964912280701754,399,0.016350555918901243,1529,0.8442437923250564,443
flat,43,4,PC-6,2377,0.5502734539335297,0.1384097602019352,0.31131678586453515,0.6415649978965082,0.09129154396297855,0.3077642656688494,1069,0.6595744680851063,329,0.02825979176995538,2017,0.7555555555555555,360
flat,43,4,PRZ1,3411,0.5834066256229845,0.13515098211668133,0.28144239226033424,0.6593374377015538,0.07593081207856933,0.32441942294159043,1421,0.561822125813449,461,0.060674157303370786,3115,0.918918918918919,296
flat,43,4,PRZ2,7220,0.5221606648199446,0.26509695290858726,0.21274238227146813,0.6940443213296399,0.17188365650969528,0.5547826086956522,3450,0.648380355276907,1914,0.11679586563307494,5805,0.8734982332155476,1415
flat,43,4,PRZ3,4300,0.3546511627906977,0.5032558139534884,0.14209302325581397,0.6246511627906977,0.27,0.7798198198198198,2775,0.5365064695009242,2164,0.13828867761452032,2314,0.9284994964753273,1986
flat,43,4,PRZ4,4819,0.46835443037974683,0.30400498028636647,0.2276405893338867,0.6480597634363976,0.17970533305665076,0.5718188914910226,2562,0.5911262798634812,1465,0.20826407029209215,4211,0.9671052631578947,608
flat,43,4,PRZ5,4429,0.3989613908331452,0.3160984420862497,0.2849401670806051,0.5441408895913299,0.1451794987581847,0.5259203606311045,2662,0.4592857142857143,1400,0.20337641783170668,3791,0.9858934169278997,638
flat,43,4,PRZ6,3309,0.26956784527047445,0.5167724388032638,0.2136597159262617,0.5131459655485041,0.2435781202780296,0.7074886222589988,2417,0.47134502923976607,1710,0.27040077257363593,2071,0.9289176090468497,1238
hce,17,-1,CRC11,7469,0.2791538358548668,0.6000803320390949,0.12076583210603829,0.6277948855268443,0.3486410496719775,0.8324665676077266,5384,0.5809906291834003,4482,0.20547112462006079,3290,0.910744197176358,4179
hce,17,-1,CRC13,5062,0.3664559462662979,0.41050967996839194,0.22303437376531016,0.7082180956143816,0.34176214934808374,0.6479575927658248,3207,0.8325312800769971,2078,0.03170894526034713,2996,0.9598257502420136,2066
hce,17,-1,CRC16,7478,0.2801551216902915,0.6342604974592136,0.08558438085049479,0.41709013105108317,0.13693500936079164,0.881107189299647,5383,0.21589711153278515,4743,0.20261011419249592,3065,0.9340584636301835,4413
hce,17,-1,CRC17,6427,0.1748871946475805,0.49556558269799283,0.32954722265442665,0.4039209584565116,0.22903376380893106,0.6006034320196115,5303,0.4621664050235479,3185,0.14237496164467628,3259,0.8589015151515151,3168
hce,17,-1,CRC22,5203,0.3999615606380934,0.43840092254468577,0.16163751681722083,0.6748029982702287,0.2748414376321353,0.730621396540679,3122,0.6269180184129768,2281,0.21467783877492055,3461,0.8828932261768083,1742
hce,17,-1,CRC23,6110,0.402291325695581,0.4898527004909984,0.10785597381342062,0.7936170212765957,0.3913256955810147,0.8195509309967142,3652,0.7988640160374206,2993,0.12911640039126182,3067,0.8534341110745974,3043
hce,17,-1,CRC24,7254,0.37579266611524675,0.5399779432037497,0.08422939068100359,0.771298593879239,0.3955059277639923,0.8650618374558304,4528,0.7324483022721471,3917,0.19392230576441102,3192,0.8119153126538651,4062
hce,17,-1,CRC25,7233,0.27402184432462323,0.5506705378128024,0.17530761786257432,0.5795658786119176,0.3055440342872943,0.758522186250238,5251,0.5548581471252825,3983,0.07709113607990012,3204,0.9272772400099281,4029
hce,17,-1,GC28_P_cDNA,7320,0.38278688524590165,0.4341530054644809,0.1830601092896175,0.6534153005464481,0.27062841530054643,0.7034085878707392,4518,0.6233480176211453,3178,0.14259681093394078,4390,0.8709897610921502,2930
hce,17,-1,GC29_P_cDNA,5117,0.3091655266757866,0.4932577682235685,0.1975767051006449,0.6494039476255619,0.34023842094977524,0.714002828854314,3535,0.6897781299524565,2524,0.0968356843309188,2623,0.9101844426623897,2494
hce,17,-1,GC2_P_cDNA,4443,0.30047265361242403,0.4751294170605447,0.2243979293270313,0.5358991672293495,0.23542651361692551,0.6792149292149292,3108,0.4954997631454287,2111,0.08734330772341285,2473,0.9619289340101523,1970
hce,17,-1,GC30_P_cDNA,7164,0.27638190954773867,0.6101340033500837,0.11348408710217756,0.647962032384143,0.37158012283640424,0.8431712962962963,5184,0.6090139556165637,4371,0.146218487394958,2975,0.9396037240391502,4189
hce,17,-1,GC31_P_cDNA,7103,0.34041954103899763,0.4423483035337181,0.21723215542728425,0.6764747289877516,0.33605518794875405,0.6706510138740661,4685,0.7597071928707829,3142,0.0845771144278607,4020,0.9088550113525786,3083
hce,17,-1,GC32_P_cDNA,7179,0.2678646050982031,0.5509123833402981,0.1812230115614988,0.6666666666666666,0.3988020615684636,0.7524733637747336,5256,0.7238938053097345,3955,0.016966759002770084,2888,0.9102773246329527,4291
hce,17,-1,GC36_P_cDNA,7234,0.3352225601327067,0.4626762510367708,0.20210118883052253,0.6866187448161459,0.3513961846834393,0.6959866916198794,4809,0.759486106961458,3347,0.02959028831562974,3954,0.9847560975609756,3280
hce,17,-1,HCC-1,7055,0.4145995747696669,0.40226789510985117,0.18313253012048192,0.6836286321757619,0.26902905740609495,0.6871670702179177,4130,0.6687808315715292,2838,0.06682520808561236,4205,0.8971929824561403,2850
hce,17,-1,HCC-2-1_1,6913,0.46304064805439027,0.39085780413713295,0.14610154780847678,0.7086648343700275,0.2456241863156372,0.7279094827586207,3712,0.6284233900814211,2702,0.16547261382019876,4327,0.7679814385150812,2586
hce,17,-1,HCC-2-2,7179,0.4609277058086084,0.39824488090263266,0.1408274132887589,0.7280958350745229,0.2671681292659145,0.7387596899224806,3870,0.670863938440014,2859,0.11714809720311783,4362,0.8335108271210507,2817
hce,17,-1,HCC-22,7019,0.47813078786151875,0.3859524148739137,0.1359167972645676,0.7827325829890298,0.30460179512751107,0.7395577395577395,3663,0.7892211148025101,2709,0.13989637305699482,4246,0.7627118644067796,2773
hce,17,-1,HCC-24,7039,0.47179997158687315,0.3798835061798551,0.14831652223327177,0.7826395794857224,0.3108396078988493,0.7192038730500269,3718,0.818249813014211,2674,0.03470961887477314,4408,0.9581908019764348,2631
hce,17,-1,HCC-3-1_2,7198,0.4312308974715199,0.44859683245345927,0.12017227007502083,0.7178382884134482,0.28660739094192833,0.7887151929653151,4094,0.6388974914834314,3229,0.22732739956699544,4157,0.7510687273923051,3041
hce,17,-1,HCC-3-2_1,7285,0.467124227865477,0.40425531914893614,0.12862045298558683,0.7441317776252574,0.27700754975978037,0.7586295723853683,3882,0.6852292020373515,2945,0.23217922606924643,4419,0.6695743196092114,2866
hce,17,-1,PBMC-1,22144,0.24972904624277456,0.5019869942196532,0.24828395953757226,0.4799042630057804,0.23017521676300579,0.6690742747080776,16614,0.45852824757106875,11116,0.34068691063240764,11559,0.6781294284364667,10585
hce,17,-1,PBMC-2,16302,0.222304011777696,0.5383388541283278,0.2393571340939762,0.5079744816586922,0.2856704698809962,0.6922227480675185,12678,0.5306517775752051,8776,0.14103967168262654,7310,0.8613211743772242,8992
hce,17,-1,PBMC-3,21398,0.26469763529301804,0.6443592859145715,0.09094307879241051,0.5531358070847743,0.28843817179175624,0.8763188000508453,15734,0.4476356251813171,13788,0.32957775071051565,9852,0.9129568681794561,11546
hce,17,-1,PBMC-4,22627,0.3123259822336147,0.5932293277942281,0.09444468997215716,0.5423608962743625,0.23003491404074777,0.8626606683804627,15560,0.38776726514192056,13423,0.3338343039639301,10646,0.8237208914114014,11981
hce,17,-1,PBMC-5,19153,0.341095389756174,0.4404531927113246,0.21845141753250144,0.6028820550305435,0.26178666527436956,0.6684627575277338,12620,0.594357515410147,8436,0.2239535594256034,9819,0.6682022712663381,9334
hce,17,-1,PBMC-6,15164,0.3344763914534424,0.4760617251384859,0.18946188340807174,0.5462279082036402,0.21175151675019785,0.7153190646056282,10092,0.44479844853857875,7219,0.30244916820702406,8656,0.7069760295021512,6508
hce,17,-1,PC-1,17977,0.3105078711687156,0.5474773321466319,0.1420147966846526,0.7539077710407743,0.44339989987205874,0.7940298507462686,12395,0.8098963625279415,9842,0.10141222303384466,8214,0.9227696404793608,9763
hce,17,-1,PC-2,1929,0.29237947122861585,0.4847071021254536,0.22291342664593053,0.6303784344219803,0.3379989631933644,0.684981684981685,1365,0.6973262032085561,935,0.1007532956685499,1062,0.9550173010380623,867
hce,17,-1,PC-3,4981,0.3047580807066854,0.46095161614133706,0.23429030315197752,0.6727564746034933,0.3679983938968079,0.6630089517759168,3463,0.7983449477351916,2296,0.029940119760479042,2505,0.8970113085621971,2476
hce,17,-1,PC-4,2060,0.2961165048543689,0.6237864077669902,0.08009708737864078,0.6849514563106797,0.3888349514563107,0.8862068965517241,1450,0.6233463035019455,1285,0.1723684210526316,760,0.8876923076923077,1300
hce,17,-1,PC-5,3977,0.34422931858184563,0.352024138798089,0.3037465426200654,0.5961780236359064,0.25194870505406086,0.5368098159509203,2608,0.7157142857142857,1400,0.030433086227077643,2563,0.9349363507779349,1414
hce,17,-1,PC-6,6890,0.35950653120464443,0.36124818577648765,0.2792452830188679,0.593033381712627,0.23352685050798258,0.5640154090188081,4413,0.6464443551627159,2489,0.08101702219349279,4641,0.9395286794130725,2249
hce,17,-1,PRZ1,8750,0.29897142857142855,0.5617142857142857,0.13931428571428572,0.7605714285714286,0.4616,0.8012716009129442,6134,0.8217700915564599,4915,0.06044949625419788,3871,0.9594179135068661,4879
hce,17,-1,PRZ2,12428,0.38686836176375927,0.4472964274219504,0.1658352108142903,0.710090119085935,0.32322175732217573,0.7295275590551181,7620,0.7226119805720453,5559,0.10101154010542812,7019,0.8966537252726937,5409
hce,17,-1,PRZ3,9117,0.39234397279806954,0.4640780958648678,0.14357793133706262,0.6927717450915871,0.3004277722935176,0.7637184115523465,5540,0.647364689198771,4231,0.1361116421334353,5231,0.9055584148224395,3886
hce,17,-1,PRZ4,7719,0.37815779246016323,0.46871356393315194,0.1531286436066848,0.7123979790128255,0.33424018655266224,0.75375,4800,0.7131011608623549,3618,0.23933747412008283,4830,0.8521979923849082,2889
hce,17,-1,PRZ5,12944,0.2621291718170581,0.6276266996291718,0.11024412855377008,0.6839462299134734,0.42181705809641534,0.8505915610930792,9551,0.672082717872969,8124,0.19450362164465274,4694,0.8740606060606061,8250
hce,17,-1,PRZ6,8748,0.3198445358939186,0.49325560128029267,0.18689986282578874,0.6714677640603567,0.35162322816643804,0.7252100840336134,5950,0.7128621089223639,4315,0.11438627364716233,4546,0.9031413612565445,4202
hce,17,0,CRC11,324,0.030864197530864196,0.9691358024691358,0.0,0.8055555555555556,0.7746913580246914,1.0,314,0.7993630573248408,314,0.0,8,0.9936708860759493,316
hce,17,0,CRC13,209,0.1339712918660287,0.8516746411483254,0.014354066985645933,0.8899521531100478,0.7559808612440191,0.9834254143646409,181,0.8876404494382022,178,0.0,30,0.994413407821229,179
hce,17,0,CRC16,167,0.07784431137724551,0.9101796407185628,0.011976047904191617,0.844311377245509,0.7664670658682635,0.987012987012987,154,0.8421052631578947,152,0.0,15,1.0,152
hce,17,0,CRC17,269,0.03717472118959108,0.9516728624535316,0.011152416356877323,0.8104089219330854,0.7732342007434945,0.9884169884169884,259,0.8125,256,0.0,12,0.9961089494163424,257
hce,17,0,CRC22,213,0.19718309859154928,0.8028169014084507,0.0,0.812206572769953,0.6150234741784038,1.0,171,0.7660818713450293,171,0.0,38,0.9771428571428571,175
hce,17,0,CRC23,91,0.18681318681318682,0.8131868131868132,0.0,0.9010989010989011,0.7142857142857143,1.0,74,0.8783783783783784,74,0.0,16,0.9866666666666667,75
hce,17,0,CRC24,238,0.13865546218487396,0.8613445378151261,0.0,0.9285714285714286,0.7899159663865546,1.0,205,0.9170731707317074,205,0.0,33,1.0,205
hce,17,0,CRC25,501,0.08982035928143713,0.9041916167664671,0.005988023952095809,0.7425149700598802,0.6526946107784432,0.993421052631579,456,0.7218543046357616,453,0.0,45,0.993421052631579,456
hce,17,0,GC28_P_cDNA,337,0.2818991097922849,0.7151335311572701,0.002967359050445104,0.9287833827893175,0.6468842729970327,0.9958677685950413,242,0.9045643153526971,241,0.0,91,0.9796747967479674,246
hce,17,0,GC29_P_cDNA,225,0.0044444444444444444,0.9955555555555555,0.0,0.9422222222222222,0.9377777777777778,1.0,224,0.9419642857142857,224,0.0,1,1.0,224
hce,17,0,GC2_P_cDNA,226,0.05752212389380531,0.9424778761061947,0.0,0.8362831858407079,0.7787610619469026,1.0,213,0.8262910798122066,213,0.0,9,0.9815668202764977,217
hce,17,0,GC30_P_cDNA,400,0.0325,0.965,0.0025,0.93,0.8975,0.9974160206718347,387,0.9300518134715026,386,0.0,14,1.0,386
hce,17,0,GC31_P_cDNA,939,0.03301384451544196,0.9659211927582535,0.0010649627263045794,0.9382321618743344,0.9052183173588925,0.998898678414097,908,0.9371554575523704,907,0.0,31,0.998898678414097,908
hce,17,0,GC32_P_cDNA,713,0.15427769985974754,0.8345021037868162,0.011220196353436185,0.8639551192145862,0.7096774193548387,0.9867330016583747,603,0.8504201680672269,595,0.0,112,0.9900166389351082,601
hce,17,0,GC36_P_cDNA,790,0.15569620253164557,0.8417721518987342,0.002531645569620253,0.9430379746835443,0.7873417721518987,0.9970014992503748,667,0.9353383458646617,665,0.0,124,0.9984984984984985,666
hce,17,0,HCC-1,390,0.04871794871794872,0.9512820512820512,0.0,0.9512820512820512,0.9025641025641026,1.0,371,0.9487870619946092,371,0.0,17,0.9946380697050938,373
hce,17,0,HCC-2-1_1,200,0.03,0.97,0.0,0.975,0.945,1.0,194,0.9742268041237113,194,0.0,6,1.0,194
hce,17,0,HCC-2-2,309,0.003236245954692557,0.9967637540453075,0.0,0.9546925566343042,0.9514563106796117,1.0,308,0.9545454545454546,308,0.0,1,1.0,308
hce,17,0,HCC-22,679,0.2695139911634757,0.7304860088365243,0.0,0.9248895434462445,0.6553755522827688,1.0,496,0.8971774193548387,496,0.0,179,0.992,500
hce,17,0,HCC-24,401,0.20199501246882792,0.7780548628428927,0.0199501246882793,0.9625935162094763,0.7605985037406484,0.975,320,0.9775641025641025,312,0.0,88,0.9968051118210862,313
hce,17,0,HCC-3-1_2,202,0.0049504950495049506,0.995049504950495,0.0,0.9554455445544554,0.9504950495049505,1.0,201,0.9552238805970149,201,0.0,1,1.0,201
hce,17,0,HCC-3-2_1,230,0.02608695652173913,0.9739130434782609,0.0,0.9695652173913043,0.9434782608695652,1.0,224,0.96875,224,0.0,5,0.9955555555555555,225
hce,17,0,PBMC-1,2772,0.0707070707070707,0.7987012987012987,0.1305916305916306,0.4834054834054834,0.4126984126984127,0.859472049689441,2576,0.5167118337850045,2214,0.02830188679245283,212,0.8625,2560
hce,17,0,PBMC-2,2118,0.08970727101038715,0.8441926345609065,0.06610009442870633,0.4428706326723324,0.35316336166194523,0.9273858921161826,1928,0.41834451901565994,1788,0.05687203791469194,211,0.9313057157839538,1907
hce,17,0,PBMC-3,2459,0.015860105734038225,0.9690931272875153,0.015046766978446523,0.6592110614070761,0.6433509556730378,0.9847107438016529,2420,0.6638690725975661,2383,0.06666666666666667,45,0.9859154929577465,2414
hce,17,0,PBMC-4,2612,0.019525267993874426,0.9682235834609495,0.01225114854517611,0.5451761102603369,0.5256508422664625,0.9875048809058962,2561,0.5429023329379201,2529,0.037037037037037035,54,0.9878811571540266,2558
hce,17,0,PBMC-5,1529,0.09941137998691955,0.8613472858077175,0.03924133420536298,0.657946370176586,0.5585349901896665,0.9564270152505446,1377,0.6484434320425209,1317,0.008333333333333333,120,0.9339957416607523,1409
hce,17,0,PBMC-6,1231,0.04061738424045491,0.9236393176279447,0.03574329813160033,0.5052802599512591,0.4646628757108042,0.9627434377646062,1181,0.5030782761653474,1137,0.06,50,0.9602032176121931,1181
hce,17,0,PC-1,2813,0.007109847138286527,0.9904017063633132,0.002488446498400284,0.9143263419836474,0.9072164948453608,0.9974937343358395,2793,0.9160086145010768,2786,0.0,21,0.9978510028653295,2792
hce,17,0,PC-2,344,0.023255813953488372,0.9738372093023255,0.0029069767441860465,0.872093023255814,0.8488372093023255,0.9970238095238095,336,0.8716417910447761,335,0.0,8,0.9970238095238095,336
hce,17,0,PC-3,497,0.04627766599597585,0.9537223340040242,0.0,0.9215291750503019,0.8752515090543259,1.0,474,0.9177215189873418,474,0.0,18,0.9895615866388309,479
hce,17,0,PC-4,132,0.022727272727272728,0.9772727272727273,0.0,0.6893939393939394,0.6666666666666666,1.0,129,0.6821705426356589,129,0.0,3,1.0,129
hce,17,0,PC-5,207,0.1111111111111111,0.8792270531400966,0.00966183574879227,0.8405797101449275,0.7294685990338164,0.9891304347826086,184,0.8296703296703297,182,0.0,22,0.9837837837837838,185
hce,17,0,PC-6,268,0.07462686567164178,0.9216417910447762,0.0037313432835820895,0.8656716417910447,0.7910447761194029,0.9959677419354839,248,0.8582995951417004,247,0.0,20,0.9959677419354839,248
hce,17,0,PRZ1,2651,0.013579781214635987,0.986420218785364,0.0,0.970577140701622,0.956997359486986,1.0,2615,0.9701720841300191,2615,0.06451612903225806,31,0.9973282442748092,2620
hce,17,0,PRZ2,1922,0.07284079084287201,0.9235171696149844,0.0036420395421436005,0.9354838709677419,0.8626430801248699,0.9960718294051627,1782,0.9340845070422535,1775,0.0,77,0.962059620596206,1845
hce,17,0,PRZ3,584,0.07191780821917808,0.9195205479452054,0.008561643835616438,0.9537671232876712,0.8818493150684932,0.9907749077490775,542,0.9590316573556797,537,0.0,15,0.9437609841827768,569
hce,17,0,PRZ4,1085,0.12442396313364056,0.8746543778801843,0.0009216589861751152,0.9557603686635945,0.8313364055299539,0.9989473684210526,950,0.9504741833508957,949,0.0,15,0.8869158878504673,1070
hce,17,0,PRZ5,406,0.054187192118226604,0.9458128078817734,0.0,0.9064039408866995,0.8522167487684729,1.0,384,0.9010416666666666,384,0.09090909090909091,11,0.9696202531645569,395
hce,17,0,PRZ6,406,0.10591133004926108,0.8891625615763546,0.0049261083743842365,0.9088669950738916,0.8029556650246306,0.9944903581267218,363,0.9030470914127424,361,0.0,19,0.9328165374677002,387
hce,17,1,CRC11,2305,0.006073752711496746,0.9852494577006508,0.008676789587852495,0.3475054229934924,0.34143167028199567,0.9912701876909646,2291,0.3465433729634522,2271,0.5211267605633803,71,1.0,2234
hce,17,1,CRC13,887,0.20631341600901917,0.44419391206313413,0.34949267192784667,0.36076662908680945,0.1544532130777903,0.5596590909090909,704,0.3477157360406091,394,0.15463917525773196,582,0.9967213114754099,305
hce,17,1,CRC16,973,0.03699897225077081,0.8602261048304214,0.10277492291880781,0.26618705035971224,0.22918807810894143,0.8932764140875133,937,0.26642771804062126,837,0.06818181818181818,132,0.9845422116527943,841
hce,17,1,CRC17,1047,0.1069723018147087,0.332378223495702,0.5606494746895893,0.17191977077363896,0.06494746895893028,0.37219251336898396,935,0.19540229885057472,348,0.05548037889039242,739,0.9967532467532467,308
hce,17,1,CRC22,603,0.11608623548922056,0.648424543946932,0.23548922056384744,0.3167495854063018,0.20066334991708126,0.7335834896810507,533,0.309462915601023,391,0.14859437751004015,249,1.0,354
hce,17,1,CRC23,743,0.09825033647375504,0.6554508748317631,0.24629878869448182,0.3916554508748318,0.2934051144010767,0.7268656716417911,670,0.44763860369609854,487,0.24925816023738873,337,0.9926108374384236,406
hce,17,1,CRC24,1275,0.03686274509803922,0.8596078431372549,0.10352941176470588,0.42196078431372547,0.38509803921568625,0.8925081433224755,1228,0.44799270072992703,1096,0.18636363636363637,220,1.0,1055
hce,17,1,CRC25,2612,0.5532159264931087,0.019908116385911178,0.4268759571209801,0.5585758039816233,0.005359877488514548,0.044558697514995714,1167,0.2692307692307692,52,0.005052467936261173,2573,1.0,39
hce,17,1,GC28_P_cDNA,2914,0.3562113932738504,0.4433768016472203,0.2004118050789293,0.5350034317089911,0.1787920384351407,0.6886993603411514,1876,0.40325077399380804,1292,0.08484162895927602,1768,0.9965095986038395,1146
hce,17,1,GC29_P_cDNA,2010,0.309452736318408,0.47064676616915424,0.21990049751243781,0.5114427860696518,0.2019900497512438,0.6815561959654178,1388,0.42917547568710357,946,0.08124459809853068,1157,0.9988276670574443,853
hce,17,1,GC2_P_cDNA,1331,0.06311044327573254,0.9015777610818934,0.035311795642374154,0.29902329075882794,0.2359128474830954,0.9623095429029671,1247,0.26166666666666666,1200,0.1503267973856209,153,0.9991511035653651,1178
hce,17,1,GC30_P_cDNA,2289,0.06815203145478375,0.8816076889471385,0.05024027959807777,0.4491044124071647,0.38095238095238093,0.9460853258321613,2133,0.4321110009910803,2018,0.3597122302158273,417,0.9978632478632479,1872
hce,17,1,GC31_P_cDNA,1645,0.31367781155015195,0.32279635258358663,0.3635258358662614,0.451063829787234,0.13738601823708207,0.47032772364924713,1129,0.4256120527306968,531,0.10096930533117932,1238,0.9975429975429976,407
hce,17,1,GC32_P_cDNA,1335,0.398501872659176,0.06142322097378277,0.5400749063670413,0.4134831460674157,0.0149812734082397,0.10211706102117062,803,0.24390243902439024,82,0.02338269680436477,1283,1.0,52
hce,17,1,GC36_P_cDNA,1385,0.13429602888086642,0.6527075812274368,0.21299638989169675,0.34945848375451266,0.21516245487364621,0.7539616346955796,1199,0.32964601769911506,904,0.1706896551724138,580,1.0,805
hce,17,1,HCC-1,1749,0.5385934819897084,0.1538021726700972,0.3076043453401944,0.5917667238421955,0.05317324185248713,0.3333333333333333,807,0.34572490706319703,269,0.0185799601857996,1507,0.9958677685950413,242
hce,17,1,HCC-2-1_1,2075,0.5228915662650603,0.16819277108433736,0.3089156626506024,0.596144578313253,0.07325301204819278,0.3525252525252525,990,0.4355300859598854,349,0.02043132803632236,1762,1.0,313
hce,17,1,HCC-2-2,1981,0.6052498738011105,0.06511862695608278,0.32963149924280666,0.6340232205956587,0.028773346794548207,0.1649616368286445,782,0.4418604651162791,129,0.005904455179817499,1863,1.0,118
hce,17,1,HCC-22,172,0.13372093023255813,0.7965116279069767,0.06976744186046512,0.7558139534883721,0.622093023255814,0.9194630872483222,149,0.781021897810219,137,0.027777777777777776,36,1.0,136
hce,17,1,HCC-24,143,0.1258741258741259,0.8041958041958042,0.06993006993006994,0.6363636363636364,0.5104895104895105,0.92,125,0.6347826086956522,115,0.24324324324324326,37,1.0,106
hce,17,1,HCC-3-1_2,1370,0.4343065693430657,0.2489051094890511,0.3167883211678832,0.5656934306569343,0.13138686131386862,0.44,775,0.5278592375366569,341,0.023832221163012392,1049,0.9844236760124611,321
hce,17,1,HCC-3-2_1,1443,0.4733194733194733,0.18225918225918225,0.3444213444213444,0.5668745668745668,0.09355509355509356,0.3460526315789474,760,0.5133079847908745,263,0.032072368421052634,1216,0.986784140969163,227
hce,17,1,PBMC-1,2920,0.4352739726027397,0.16301369863013698,0.40171232876712326,0.4893835616438356,0.05410958904109589,0.28865979381443296,1649,0.3319327731092437,476,0.02523027633159792,2497,0.9763593380614657,423
hce,17,1,PBMC-2,2459,0.5225701504676697,0.11508743391622611,0.3623424156161041,0.5624237494916633,0.03985359902399349,0.24105621805792163,1174,0.3462897526501767,283,0.010050251256281407,2189,0.9666666666666667,270
hce,17,1,PBMC-3,3357,0.22579684241882633,0.6053023532916294,0.16890080428954424,0.4882335418528448,0.2624366994340185,0.7818391689111197,2599,0.43356299212598426,2032,0.0832735104091888,1393,0.9755600814663951,1964
hce,17,1,PBMC-4,3132,0.26947637292464877,0.37994891443167306,0.3505747126436782,0.41315453384418904,0.14367816091954022,0.5201048951048951,2288,0.37815126050420167,1190,0.05461767626613704,2014,0.9660107334525939,1118
hce,17,1,PBMC-5,2640,0.4106060606060606,0.27045454545454545,0.31893939393939397,0.5272727272727272,0.11666666666666667,0.4588688946015424,1556,0.43137254901960786,714,0.028205128205128206,1950,0.9550724637681159,690
hce,17,1,PBMC-6,1826,0.42716319824753557,0.2316538882803943,0.3411829134720701,0.515881708652793,0.0887185104052574,0.4043977055449331,1046,0.3829787234042553,423,0.018452803406671398,1409,0.9520383693045563,417
hce,17,1,PC-1,3065,0.200652528548124,0.6247960848287113,0.17455138662316477,0.4711256117455139,0.2704730831973899,0.7816326530612245,2450,0.43289817232375977,1915,0.1361216730038023,1315,0.992,1750
hce,17,1,PC-2,338,0.10946745562130178,0.7869822485207101,0.10355029585798817,0.3609467455621302,0.2514792899408284,0.8837209302325582,301,0.31954887218045114,266,0.24210526315789474,95,1.0,243
hce,17,1,PC-3,1027,0.3943524829600779,0.16845180136319376,0.4371957156767283,0.45472249269717624,0.06037000973709834,0.27813504823151125,622,0.3583815028901734,173,0.05530973451327434,904,1.0,123
hce,17,1,PC-4,761,0.07884362680683311,0.8449408672798949,0.07621550591327202,0.4533508541392904,0.3745072273324573,0.9172610556348074,701,0.4432348367029549,643,0.176056338028169,142,0.9983844911147012,619
hce,17,1,PC-5,1203,0.37323358270989193,0.200332502078138,0.42643391521197005,0.4372402327514547,0.06400665004156277,0.3196286472148541,754,0.31950207468879666,241,0.04,1000,0.9901477832512315,203
hce,17,1,PC-6,3500,0.32142857142857145,0.34085714285714286,0.3377142857142857,0.47114285714285714,0.14971428571428572,0.5023157894736842,2375,0.4392288348700754,1193,0.11710677382319173,2613,1.0,887
hce,17,1,PRZ1,1039,0.18190567853705486,0.643888354186718,0.17420596727622714,0.4504331087584216,0.2685274302213667,0.7870588235294118,850,0.4170403587443946,669,0.17040358744394618,446,1.0,593
hce,17,1,PRZ2,1461,0.2621492128678987,0.4517453798767967,0.2861054072553046,0.4414784394250513,0.17932922655715264,0.6122448979591837,1078,0.396969696969697,660,0.15772870662460567,951,1.0,510
hce,17,1,PRZ3,1841,0.31504617055947853,0.36556219445953286,0.3193916349809886,0.46496469310157523,0.1499185225420967,0.5337034099920698,1261,0.4101040118870728,673,0.1083969465648855,1310,1.0,531
hce,17,1,PRZ4,349,0.14040114613180515,0.7134670487106017,0.14613180515759314,0.4068767908309456,0.2664756446991404,0.83,300,0.37349397590361444,249,0.09090909090909091,110,1.0,239
hce,17,1,PRZ5,2563,0.04564962934061646,0.9325009754194303,0.02184939523995318,0.3808037456106126,0.3351541162699961,0.9771054783319706,2446,0.3594142259414226,2390,0.23873873873873874,222,0.9982913284920973,2341
hce,17,1,PRZ6,2227,0.4732824427480916,0.22361921867983836,0.30309833857207,0.5783565334530759,0.10507409070498429,0.42455242966751916,1173,0.46987951807228917,498,0.03147835862844295,1779,0.9866071428571429,448
hce,17,2,CRC11,1603,0.34123518402994385,0.6537741734248285,0.004990642545227698,0.9800374298190893,0.6388022457891454,0.9924242424242424,1056,0.9770992366412213,1048,0.0,187,0.7401129943502824,1416
hce,17,2,CRC13,1356,0.008112094395280236,0.9918879056047197,0.0,0.9896755162241888,0.9815634218289085,1.0,1345,0.9895910780669145,1345,,0,0.9918879056047197,1356
hce,17,2,CRC16,2359,0.8452734209410767,0.03857566765578635,0.11615091140313692,0.8668927511657482,0.02161933022467147,0.2493150684931507,365,0.5604395604395604,91,0.0,1990,0.24661246612466126,369
hce,17,2,CRC17,2313,0.2572416774751405,0.617812364894077,0.12494595763078253,0.6805015131863381,0.4232598357111976,0.8317811408614668,1718,0.6850944716585025,1429,0.0,458,0.7703504043126684,1855
hce,17,2,CRC22,762,0.5026246719160105,0.4973753280839895,0.0,0.9973753280839895,0.494750656167979,1.0,379,0.9947229551451188,379,0.0,220,0.6992619926199262,542
hce,17,2,CRC23,2384,0.39890939597315433,0.5927013422818792,0.008389261744966443,0.9836409395973155,0.584731543624161,0.9860432658757851,1433,0.9865534324133051,1413,0.0,644,0.8120689655172414,1740
hce,17,2,CRC24,3061,0.48774910160078405,0.5076772296635087,0.004573668735707285,0.9888925187847108,0.5011434171839269,0.9910714285714286,1568,0.9871299871299871,1554,0.0,762,0.6759460635058722,2299
hce,17,2,CRC25,1013,0.25468904244817375,0.7255676209279368,0.019743336623889437,0.8963474827245804,0.6416584402764067,0.9735099337748344,755,0.8843537414965986,735,0.0,96,0.8015267175572519,917
hce,17,2,GC28_P_cDNA,1140,0.24912280701754386,0.7333333333333333,0.017543859649122806,0.9201754385964912,0.6710526315789473,0.9766355140186916,856,0.9150717703349283,836,0.0,21,0.7470956210902592,1119
hce,17,2,GC29_P_cDNA,1291,0.20061967467079783,0.7916343919442292,0.0077459333849728895,0.9496514329976762,0.7490317583268784,0.9903100775193798,1032,0.9461839530332681,1022,0.0,74,0.8397699260476582,1217
hce,17,2,GC2_P_cDNA,551,0.11070780399274047,0.8820326678765881,0.007259528130671506,0.9092558983666061,0.7985480943738656,0.9918367346938776,490,0.9053497942386831,486,0.0,2,0.8852459016393442,549
hce,17,2,GC30_P_cDNA,1644,0.3880778588807786,0.5565693430656934,0.05535279805352798,0.9130170316301703,0.5249391727493917,0.9095427435387674,1006,0.9431693989071038,915,0.0018315018315018315,546,0.8324225865209471,1098
hce,17,2,GC31_P_cDNA,1059,0.09442870632672333,0.8999055712936733,0.0056657223796034,0.9423984891406988,0.8479697828139755,0.9937434827945777,959,0.9422875131164743,953,0.0,22,0.9189971070395371,1037
hce,17,2,GC32_P_cDNA,1301,0.021521906225980016,0.9777094542659492,0.0007686395080707148,0.930053804765565,0.9085318985395849,0.9992144540455616,1273,0.9292452830188679,1272,0.0,1,0.9784615384615385,1300
hce,17,2,GC36_P_cDNA,1711,0.009351256575102279,0.9871420222092344,0.0035067212156633548,0.9362945645821157,0.9269433080070134,0.9964601769911504,1695,0.9390171699230314,1689,0.0,3,0.9888758782201406,1708
hce,17,2,HCC-1,1885,0.46047745358090186,0.5055702917771884,0.03395225464190981,0.9262599469496021,0.46578249336870026,0.9370698131760079,1017,0.9213011542497377,953,0.0,728,0.8236819360414867,1157
hce,17,2,HCC-2-1_1,2190,0.7378995433789954,0.20273972602739726,0.0593607305936073,0.9232876712328767,0.18538812785388128,0.7735191637630662,574,0.9144144144144144,444,0.0,1151,0.4273339749759384,1039
hce,17,2,HCC-2-2,2281,0.6891714160455941,0.27049539675580886,0.040333187198597104,0.9224024550635687,0.23323103901797457,0.8702397743300423,709,0.8622366288492707,617,0.0008110300081103001,1233,0.5877862595419847,1048
hce,17,2,HCC-22,2305,0.5227765726681128,0.4429501084598699,0.03427331887201735,0.9396963123644252,0.41691973969631235,0.9281818181818182,1100,0.941234084231146,1021,0.0,658,0.6199149969641773,1647
hce,17,2,HCC-24,1825,0.3391780821917808,0.6410958904109589,0.019726027397260273,0.9364383561643835,0.5972602739726027,0.9701492537313433,1206,0.9316239316239316,1170,0.0,566,0.9293089753772835,1259
hce,17,2,HCC-3-1_2,2625,0.7897142857142857,0.12495238095238095,0.08533333333333333,0.8921904761904762,0.10247619047619047,0.5942028985507246,552,0.8201219512195121,328,0.0,1561,0.3082706766917293,1064
hce,17,2,HCC-3-2_1,2722,0.7200587803085966,0.21528288023512124,0.06465833945628215,0.9092578986039677,0.18919911829537106,0.7690288713910761,762,0.878839590443686,586,0.0,1204,0.38603425559947296,1518
hce,17,2,PBMC-1,6154,0.5056873578160546,0.40152746181345467,0.09278518037049074,0.8773155671108223,0.37162820929476764,0.8122945430637738,3042,0.9255362201537839,2471,0.0,769,0.4588672237697307,5385
hce,17,2,PBMC-2,4070,0.2511056511056511,0.7140049140049141,0.03488943488943489,0.8783783783783784,0.6272727272727273,0.9534120734908137,3048,0.8785271851342051,2906,0.0,198,0.7505165289256198,3872
hce,17,2,PBMC-3,4904,0.8491027732463295,0.054241435562805876,0.0966557911908646,0.891721044045677,0.04261827079934747,0.35945945945945945,740,0.7857142857142857,266,0.0,3722,0.22504230118443316,1182
hce,17,2,PBMC-4,6989,0.8427528974102161,0.0768350264701674,0.08041207611961654,0.9082844469881242,0.06553154957790815,0.4886260236578708,1099,0.8528864059590316,537,0.0008998875140607424,4445,0.2095125786163522,2544
hce,17,2,PBMC-5,7266,0.5045417010734929,0.42636939168731075,0.06908890723919625,0.8773740710156895,0.37283236994219654,0.8605555555555555,3600,0.8744351194318916,3098,0.0,1244,0.5144470275655928,6022
hce,17,2,PBMC-6,4702,0.638664398128456,0.27137388345384944,0.0899617184176946,0.8845172267120375,0.24585282858358146,0.7510300176574456,1699,0.9059561128526645,1276,0.0,1624,0.41455490578297594,3078
hce,17,2,PC-1,4545,0.17667766776677668,0.8160616061606161,0.007260726072607261,0.9531353135313532,0.7764576457645764,0.9911811865312667,3742,0.9514693987597735,3709,0.0,228,0.8591614547139217,4317
hce,17,2,PC-2,267,0.12734082397003746,0.8726591760299626,0.0,0.9662921348314607,0.8389513108614233,1.0,233,0.9613733905579399,233,0.0,3,0.8825757575757576,264
hce,17,2,PC-3,1145,0.06637554585152838,0.9310043668122271,0.0026200873362445414,0.9502183406113537,0.8838427947598253,0.9971936389148737,1069,0.949343339587242,1066,0.0,53,0.9761904761904762,1092
hce,17,2,PC-4,597,0.5343383584589615,0.457286432160804,0.008375209380234505,0.9782244556113903,0.4438860971524288,0.9820143884892086,278,0.9706959706959707,273,0.0,189,0.6691176470588235,408
hce,17,2,PC-5,584,0.0410958904109589,0.952054794520548,0.00684931506849315,0.9434931506849316,0.9023972602739726,0.9928571428571429,560,0.947841726618705,556,0.0,4,0.9586206896551724,580
hce,17,2,PC-6,734,0.04904632152588556,0.9495912806539509,0.0013623978201634877,0.9155313351498637,0.8664850136239782,0.998567335243553,698,0.9124820659971306,697,0.0,7,0.9587345254470426,727
hce,17,2,PRZ1,1648,0.24635922330097088,0.7220873786407767,0.03155339805825243,0.8234223300970874,0.5770631067961165,0.9581320450885669,1242,0.7991596638655463,1190,0.0,306,0.886736214605067,1342
hce,17,2,PRZ2,1821,0.24656781987918727,0.686436024162548,0.06699615595826469,0.7512355848434926,0.5046677649643053,0.9110787172011662,1372,0.7352,1250,0.0,426,0.8960573476702509,1395
hce,17,2,PRZ3,2390,0.5924686192468619,0.36359832635983264,0.043933054393305436,0.9280334728033472,0.33556485355648535,0.8921971252566735,974,0.9228998849252014,869,0.0,1309,0.8038852913968547,1081
hce,17,2,PRZ4,1456,0.3557692307692308,0.5796703296703297,0.06456043956043957,0.8255494505494505,0.4697802197802198,0.8997867803837953,938,0.8104265402843602,844,0.0,336,0.7535714285714286,1120
hce,17,2,PRZ5,5532,0.26825741142443965,0.7020968908170644,0.02964569775849602,0.9041937816341287,0.6359363702096891,0.9594861660079052,4048,0.9057672502574665,3884,0.0,629,0.7921680603712014,4903
hce,17,2,PRZ6,2764,0.20188133140376266,0.7818379160636758,0.016280752532561504,0.8849493487698987,0.683068017366136,0.9796010879419764,2206,0.8736695974086072,2161,0.0,285,0.8717224687373941,2479
hce,17,3,CRC11,17,0.0,1.0,0.0,0.9411764705882353,0.9411764705882353,1.0,17,0.9411764705882353,17,,0,1.0,17
hce,17,3,CRC13,9,0.0,1.0,0.0,1.0,1.0,1.0,9,1.0,9,,0,1.0,9
hce,17,3,CRC16,20,0.0,1.0,0.0,1.0,1.0,1.0,20,1.0,20,,0,1.0,20
hce,17,3,CRC17,48,0.0,1.0,0.0,0.625,0.625,1.0,48,0.625,48,,0,1.0,48
hce,17,3,CRC22,2,0.0,1.0,0.0,1.0,1.0,1.0,2,1.0,2,,0,1.0,2
hce,17,3,CRC23,9,0.0,1.0,0.0,1.0,1.0,1.0,9,1.0,9,,0,1.0,9
hce,17,3,CRC24,3,0.0,1.0,0.0,1.0,1.0,1.0,3,1.0,3,,0,1.0,3
hce,17,3,CRC25,37,0.0,1.0,0.0,1.0,1.0,1.0,37,1.0,37,,0,1.0,37
hce,17,3,GC28_P_cDNA,14,0.0,1.0,0.0,1.0,1.0,1.0,14,1.0,14,,0,1.0,14
hce,17,3,GC29_P_cDNA,15,0.0,1.0,0.0,1.0,1.0,1.0,15,1.0,15,,0,1.0,15
hce,17,3,GC2_P_cDNA,1,0.0,1.0,0.0,1.0,1.0,1.0,1,1.0,1,,0,1.0,1
hce,17,3,GC30_P_cDNA,11,0.0,1.0,0.0,1.0,1.0,1.0,11,1.0,11,,0,1.0,11
hce,17,3,GC31_P_cDNA,20,0.0,1.0,0.0,1.0,1.0,1.0,20,1.0,20,,0,1.0,20
hce,17,3,GC32_P_cDNA,6,0.0,1.0,0.0,1.0,1.0,1.0,6,1.0,6,,0,1.0,6
hce,17,3,GC36_P_cDNA,11,0.0,1.0,0.0,1.0,1.0,1.0,11,1.0,11,,0,1.0,11
hce,17,3,HCC-1,10,0.0,1.0,0.0,1.0,1.0,1.0,10,1.0,10,,0,1.0,10
hce,17,3,HCC-2-1_1,6,0.0,1.0,0.0,1.0,1.0,1.0,6,1.0,6,,0,1.0,6
hce,17,3,HCC-2-2,19,0.0,1.0,0.0,1.0,1.0,1.0,19,1.0,19,,0,1.0,19
hce,17,3,HCC-22,5,0.0,1.0,0.0,1.0,1.0,1.0,5,1.0,5,,0,1.0,5
hce,17,3,HCC-3-1_2,13,0.0,1.0,0.0,1.0,1.0,1.0,13,1.0,13,,0,1.0,13
hce,17,3,HCC-3-2_1,15,0.0,1.0,0.0,1.0,1.0,1.0,15,1.0,15,,0,1.0,15
hce,17,3,PBMC-1,108,0.037037037037037035,0.9629629629629629,0.0,0.9907407407407407,0.9537037037037037,1.0,104,0.9903846153846154,104,0.0,3,0.9904761904761905,105
hce,17,3,PBMC-2,371,0.03504043126684636,0.9649595687331537,0.0,0.9380053908355795,0.9029649595687331,1.0,358,0.9357541899441341,358,0.0,8,0.9862258953168044,363
hce,17,3,PBMC-3,131,0.06870229007633588,0.9312977099236641,0.0,0.9847328244274809,0.916030534351145,1.0,122,0.9836065573770492,122,0.0,4,0.9606299212598425,127
hce,17,3,PBMC-4,287,0.18466898954703834,0.8118466898954704,0.003484320557491289,0.9965156794425087,0.8118466898954704,0.9957264957264957,234,1.0,233,0.0,24,0.8859315589353612,263
hce,17,3,PBMC-5,120,0.058333333333333334,0.9416666666666667,0.0,1.0,0.9416666666666667,1.0,113,1.0,113,0.0,3,0.9658119658119658,117
hce,17,3,PBMC-6,134,0.2462686567164179,0.753731343283582,0.0,0.9925373134328358,0.746268656716418,1.0,101,0.9900990099009901,101,0.0,26,0.9351851851851852,108
hce,17,3,PC-1,98,0.0,1.0,0.0,1.0,1.0,1.0,98,1.0,98,,0,1.0,98
hce,17,3,PC-2,2,0.0,1.0,0.0,1.0,1.0,1.0,2,1.0,2,,0,1.0,2
hce,17,3,PC-3,2,0.0,1.0,0.0,1.0,1.0,1.0,2,1.0,2,,0,1.0,2
hce,17,3,PC-5,11,0.0,1.0,0.0,1.0,1.0,1.0,11,1.0,11,,0,1.0,11
hce,17,3,PC-6,11,0.0,1.0,0.0,1.0,1.0,1.0,11,1.0,11,,0,1.0,11
hce,17,3,PRZ1,1,0.0,1.0,0.0,1.0,1.0,1.0,1,1.0,1,,0,1.0,1
hce,17,3,PRZ2,4,0.0,1.0,0.0,1.0,1.0,1.0,4,1.0,4,,0,1.0,4
hce,17,3,PRZ3,2,0.0,1.0,0.0,1.0,1.0,1.0,2,1.0,2,,0,1.0,2
hce,17,3,PRZ4,10,0.0,1.0,0.0,1.0,1.0,1.0,10,1.0,10,,0,1.0,10
hce,17,3,PRZ5,14,0.0,1.0,0.0,1.0,1.0,1.0,14,1.0,14,,0,1.0,14
hce,17,3,PRZ6,42,0.0,1.0,0.0,1.0,1.0,1.0,42,1.0,42,,0,1.0,42
hce,17,4,CRC11,3220,0.47018633540372673,0.25838509316770186,0.2714285714285714,0.6335403726708074,0.16335403726708075,0.4876905041031653,1706,0.6322115384615384,832,0.2113095238095238,3024,0.9846938775510204,196
hce,17,4,CRC13,2601,0.6278354479046521,0.058439061899269514,0.3137254901960784,0.6643598615916955,0.03652441368704344,0.15702479338842976,968,0.625,152,0.0020973154362416107,2384,0.6774193548387096,217
hce,17,4,CRC16,3959,0.013134629957059864,0.9201818641070978,0.06668350593584238,0.16519323061379138,0.1520586006567315,0.9324289736370617,3907,0.1652484216305243,3643,0.6594827586206896,928,1.0,3031
hce,17,4,CRC17,2750,0.148,0.40145454545454545,0.4505454545454545,0.216,0.068,0.471190781049936,2343,0.1693840579710145,1104,0.20634146341463414,2050,0.9728571428571429,700
hce,17,4,CRC22,3623,0.4377587634556997,0.3693072039746067,0.19293403256969363,0.6582942313000276,0.2205354678443279,0.6568483063328424,2037,0.5971599402092675,1338,0.23899796885578875,2954,0.9446935724962631,669
hce,17,4,CRC23,2883,0.49150190773499824,0.3503295178633368,0.15816857440166493,0.7360388484217829,0.2445369406867846,0.6889495225102319,1466,0.698019801980198,1010,0.15072463768115943,2070,0.8585485854858549,813
hce,17,4,CRC24,2677,0.4307060141949944,0.3955920806873366,0.17370190511766903,0.674635786327979,0.2439297721329847,0.6948818897637795,1524,0.6166194523135033,1059,0.26550298576022047,2177,0.962,500
hce,17,4,CRC25,3070,0.0762214983713355,0.8814332247557003,0.04234527687296417,0.46123778501628665,0.38501628664495113,0.9541607898448519,2836,0.43680709534368073,2706,0.4775510204081633,490,0.958139534883721,2580
hce,17,4,GC28_P_cDNA,2915,0.4751286449399657,0.2727272727272727,0.2521440823327616,0.6339622641509434,0.1588336192109777,0.5196078431372549,1530,0.5823899371069182,795,0.18964143426294822,2510,0.7876543209876543,405
hce,17,4,GC29_P_cDNA,1576,0.44416243654822335,0.20114213197969544,0.3546954314720812,0.5342639593908629,0.0901015228426396,0.3618721461187215,876,0.4479495268138801,317,0.11502516175413371,1391,0.8486486486486486,185
hce,17,4,GC2_P_cDNA,2334,0.5042844901456727,0.09040274207369323,0.40531276778063413,0.5535561268209083,0.049271636675235646,0.18236819360414866,1157,0.5450236966824644,211,0.08358596795149416,2309,0.72,25
hce,17,4,GC30_P_cDNA,2820,0.41595744680851066,0.36914893617021277,0.2148936170212766,0.6134751773049646,0.1975177304964539,0.6320582877959927,1647,0.5350624399615754,1041,0.14214214214214213,1998,0.9209245742092458,822
hce,17,4,GC31_P_cDNA,3440,0.5148255813953488,0.2125,0.27267441860465114,0.6290697674418605,0.11424418604651163,0.43798681845416415,1669,0.5376196990424077,731,0.07878343715646757,2729,0.7257383966244726,711
hce,17,4,GC32_P_cDNA,3824,0.3276673640167364,0.5230125523012552,0.14932008368200836,0.6281380753138075,0.30047071129707115,0.7779074290159471,2571,0.5745,2000,0.012734584450402145,1492,0.8494854202401372,2332
hce,17,4,GC36_P_cDNA,3337,0.6293077614623914,0.023374288282888823,0.3473179502547198,0.6367995205274198,0.0074917590650284685,0.06305578011317704,1237,0.32051282051282054,78,0.00554357868801971,3247,0.6666666666666666,90
hce,17,4,HCC-1,3021,0.36279377689506787,0.4088050314465409,0.22840119165839126,0.5498179410791129,0.18702416418404502,0.6415584415584416,1925,0.4574898785425101,1235,0.1295442908346134,1953,0.9194756554307116,1068
hce,17,4,HCC-2-1_1,2442,0.2022932022932023,0.6998361998361998,0.09787059787059788,0.5892710892710893,0.386977886977887,0.8773100616016427,1948,0.5529549444119368,1709,0.48295454545454547,1408,0.995164410058027,1034
hce,17,4,HCC-2-2,2589,0.2074159907300116,0.6898416376979529,0.10274237157203553,0.5998455001931248,0.39242950946311317,0.8703703703703703,2052,0.568868980963046,1786,0.39446640316205533,1265,0.9720543806646526,1324
hce,17,4,HCC-22,3858,0.5041472265422499,0.27216174183514774,0.22369103162260237,0.6648522550544324,0.1607050285121825,0.5488761108207004,1913,0.5904761904761905,1050,0.17580788615475837,3373,0.9422680412371134,485
hce,17,4,HCC-24,4670,0.5573875802997859,0.23062098501070663,0.21199143468950749,0.7115631691648823,0.15417558886509636,0.521044992743106,2067,0.6685236768802229,1077,0.0387409200968523,3717,0.9790136411332634,953
hce,17,4,HCC-3-1_2,2988,0.14558232931726908,0.785140562248996,0.06927710843373494,0.6171352074966533,0.4715528781793842,0.918918918918919,2553,0.6005967604433078,2346,0.5950840879689522,1546,0.9889042995839112,1442
hce,17,4,HCC-3-2_1,2875,0.2622608695652174,0.6459130434782608,0.09182608695652174,0.6573913043478261,0.3951304347826087,0.8755304101838756,2121,0.6117393645665051,1857,0.49498495486459376,1994,0.9875141884222475,881
hce,17,4,PBMC-1,10190,0.0929342492639843,0.5741903827281649,0.33287536800785084,0.2308145240431796,0.1378802747791953,0.633019582386671,9243,0.2401298923260981,5851,0.4789551869274573,8078,0.9384469696969697,2112
hce,17,4,PBMC-2,7284,0.15293794618341572,0.4724052718286656,0.37465678198791874,0.27965403624382207,0.12671609006040638,0.5576985413290113,6170,0.26823597791339726,3441,0.21194727891156462,4704,0.9472868217054263,2580
hce,17,4,PBMC-3,10547,0.06580070162131411,0.8519010145064947,0.08229828387219114,0.38627097752915523,0.3204702759078411,0.9119050035522176,9853,0.3761825264329438,8985,0.6672354948805461,4688,0.9996586448199352,5859
hce,17,4,PBMC-4,9607,0.02383678567711044,0.929946913708754,0.04621630061413553,0.3039450400749453,0.28010825439783493,0.9526551503518874,9378,0.3012088650100739,8934,0.8366999269895352,4109,0.9996362313568571,5498
hce,17,4,PBMC-5,7598,0.21374045801526717,0.4203737825743617,0.36588575941037116,0.3493024480126349,0.13556198999736774,0.534650150652829,5974,0.3224796493425172,3194,0.32959089510919715,6502,0.958941605839416,1096
hce,17,4,PBMC-6,7271,0.1658643927932884,0.5889148672809792,0.24522073992573237,0.3337917755466923,0.16792738275340394,0.7060181368507832,6065,0.28514712751050914,4282,0.46673877771768524,5547,0.9820185614849188,1724
hce,17,4,PC-1,7456,0.555793991416309,0.17891630901287553,0.26528969957081544,0.6849517167381974,0.1291577253218884,0.4027777777777778,3312,0.7218890554722639,1334,0.09834586466165414,6650,0.8436724565756824,806
hce,17,4,PC-2,978,0.49591002044989774,0.10122699386503067,0.40286298568507156,0.5460122699386503,0.050102249488752554,0.20081135902636918,493,0.494949494949495,99,0.08786610878661087,956,0.6818181818181818,22
hce,17,4,PC-3,2310,0.43896103896103894,0.2515151515151515,0.30952380952380953,0.5783549783549784,0.1393939393939394,0.44830246913580246,1296,0.5542168674698795,581,0.016339869281045753,1530,0.7128205128205128,780
hce,17,4,PC-4,570,0.4,0.42105263157894735,0.17894736842105263,0.6859649122807018,0.28596491228070176,0.7017543859649122,342,0.6791666666666667,240,0.24882629107981222,426,0.9305555555555556,144
hce,17,4,PC-5,1972,0.44269776876267747,0.2079107505070994,0.34939148073022314,0.5623732251521298,0.11967545638945233,0.37306642402183804,1099,0.5756097560975609,410,0.0247234873129473,1537,0.8551724137931035,435
hce,17,4,PC-6,2377,0.5452250736222128,0.143458140513252,0.31131678586453515,0.640302902818679,0.09507782919646614,0.3154486586493987,1081,0.6627565982404692,341,0.03498250874562719,2001,0.7207446808510638,376
hce,17,4,PRZ1,3411,0.5819407798299618,0.12899442978598652,0.2890647903840516,0.6613896218117854,0.07944884198182352,0.3085553997194951,1426,0.615909090909091,440,0.050518134715025906,3088,0.8792569659442725,323
hce,17,4,PRZ2,7220,0.5313019390581717,0.2590027700831025,0.20969529085872576,0.6939058171745153,0.1626038781163435,0.5526004728132388,3384,0.627807486631016,1870,0.1004492362982929,5565,0.7921450151057402,1655
hce,17,4,PRZ3,4300,0.35790697674418603,0.5,0.14209302325581397,0.623953488372093,0.266046511627907,0.7787033683448026,2761,0.532093023255814,2150,0.21948402002310358,2597,0.9277745155607751,1703
hce,17,4,PRZ4,4819,0.4600539531023034,0.3249636854119112,0.21498236148578542,0.6449470844573563,0.18489313135505292,0.6018447348193697,2602,0.5689655172413793,1566,0.2623025864042115,4369,0.9333333333333333,450
hce,17,4,PRZ5,4429,0.39963874463761573,0.327839241363739,0.2725220139986453,0.5628810115150147,0.16324226687739896,0.5460699511094397,2659,0.49793388429752067,1452,0.22416492693110648,3832,0.9932998324958124,597
hce,17,4,PRZ6,3309,0.34542157751586583,0.37866424901783013,0.27591417346630404,0.5225143547899668,0.17709277727410094,0.5784856879039705,2166,0.4676775738228252,1253,0.18838814453917987,2463,0.9326241134751773,846
hce,29,-1,CRC11,7469,0.22707189717498996,0.575177399919668,0.19775070290534208,0.5702235908421476,0.3431516936671576,0.7441538195045904,5773,0.5966014897579144,4296,0.07577146348915369,3273,0.9647283126787417,4196
hce,29,-1,CRC13,5062,0.3759383642828921,0.40774397471355195,0.2163176610035559,0.7175029632556302,0.34156459897273805,0.6533713200379867,3159,0.8376937984496124,2064,0.050067204301075266,2976,0.9180249280920422,2086
hce,29,-1,CRC16,7478,0.25247392350895964,0.5855843808504948,0.1619416956405456,0.3827226531158064,0.13024872960684675,0.7833631484794276,5590,0.22242521123544187,4379,0.35192909280500523,3836,0.8316858868753432,3642
hce,29,-1,CRC17,6427,0.1569939318500078,0.5341527929049323,0.3088532752450599,0.39800840205383536,0.2410144702038276,0.6336286452565523,5418,0.451208855228663,3433,0.13639502762430938,2896,0.8603794958935146,3531
hce,29,-1,CRC22,5203,0.41937343840092256,0.407265039400346,0.1733615221987315,0.6790313280799539,0.2596578896790313,0.7014233697451175,3021,0.6375648890986314,2119,0.19438934542363276,3529,0.8560334528076463,1674
hce,29,-1,CRC23,6110,0.42716857610474634,0.48314238952536825,0.08968903436988543,0.7926350245499182,0.36546644844517184,0.8434285714285714,3500,0.7564363143631436,2952,0.1336649051911719,3217,0.8717594192879364,2893
hce,29,-1,CRC24,7254,0.37344913151364767,0.5318444995864351,0.09470636889991729,0.7787427626137303,0.4052936311000827,0.8488448844884489,4545,0.7620528771384136,3858,0.20426179604261796,3285,0.8029730410682792,3969
hce,29,-1,CRC25,7233,0.28121111571961843,0.53836582330983,0.18042306097055164,0.6180008295313149,0.33678971381169637,0.7489901904212348,5199,0.6255778120184899,3894,0.07604448452058912,3327,0.9321556579621095,3906
hce,29,-1,GC28_P_cDNA,7320,0.40560109289617485,0.4042349726775956,0.1901639344262295,0.6610655737704918,0.25546448087431695,0.6800735463111929,4351,0.6319702602230484,2959,0.17716953108423508,4713,0.8147295742232451,2607
hce,29,-1,GC29_P_cDNA,5117,0.30838381864373654,0.47312878639828027,0.2184873949579832,0.6495993746335743,0.34121555598983777,0.6840915512856739,3539,0.7211895910780669,2421,0.06363300036995931,2703,0.9316487158243579,2414
hce,29,-1,GC2_P_cDNA,4443,0.2739140220571686,0.5221697051541752,0.20391627278865632,0.5271213144271888,0.25320729237002026,0.7191568505889646,3226,0.4849137931034483,2320,0.171900826446281,2420,0.9411764705882353,2023
hce,29,-1,GC30_P_cDNA,7164,0.271356783919598,0.6055276381909548,0.12311557788944724,0.6200446677833612,0.34868788386376326,0.8310344827586207,5220,0.5758414015675426,4338,0.1909300032862307,3043,0.9116719242902208,4121
hce,29,-1,GC31_P_cDNA,7103,0.3205687737575672,0.4617767140644798,0.21765451217795298,0.6629593129663522,0.34239053920878504,0.6796518856195607,4826,0.7414634146341463,3280,0.12295081967213115,4026,0.905102372440689,3077
hce,29,-1,GC32_P_cDNA,7179,0.21409667084552167,0.6201420810697869,0.16576124808469145,0.6432650787017691,0.4291684078562474,0.7890818858560794,5642,0.6920485175202157,4452,0.02089081592432006,2537,0.9476518741921586,4642
hce,29,-1,GC36_P_cDNA,7234,0.3468343931434891,0.4712468896875864,0.18191871716892452,0.7001658833287254,0.3533314901852364,0.7214814814814815,4725,0.7497799941331769,3409,0.06947953511874684,3958,0.9566544566544567,3276
hce,29,-1,HCC-1,7055,0.398582565556343,0.4408221119773211,0.16059532246633593,0.6744153082919915,0.27583274273564845,0.7329719538062691,4243,0.6257234726688103,3110,0.09420289855072464,4002,0.8951850638716017,3053
hce,29,-1,HCC-2-1_1,6913,0.46101547808476784,0.38883263416751046,0.15015188774772167,0.7089541443656878,0.24793866628092,0.7214170692431562,3726,0.6376488095238095,2688,0.18431463811961835,4297,0.7247706422018348,2616
hce,29,-1,HCC-2-2,7179,0.4407299066722385,0.3889121047499652,0.17035798857779635,0.716952221757905,0.2762223150856665,0.6953922789539227,4015,0.710243553008596,2792,0.16336518294103938,4291,0.7240304709141274,2888
hce,29,-1,HCC-22,7019,0.4618891579997151,0.40062686992449065,0.13748397207579427,0.7918506909816213,0.3299615329819063,0.7445062218692083,3777,0.8236130867709816,2812,0.07831632653061224,3920,0.8083252662149081,3099
hce,29,-1,HCC-24,7039,0.4556044892740446,0.4114220769995738,0.1329734337263816,0.7805085949708765,0.3249041056968319,0.755741127348643,3832,0.7897099447513812,2896,0.039667458432304036,4210,0.9646518204312478,2829
hce,29,-1,HCC-3-1_2,7198,0.43400944706863015,0.45012503473187,0.11586551819949986,0.7182550708530148,0.28424562378438456,0.7952871870397643,4074,0.6314814814814815,3240,0.23530811325243872,4203,0.7515859766277129,2995
hce,29,-1,HCC-3-2_1,7285,0.4539464653397392,0.42072752230610844,0.12532601235415236,0.7378174330816747,0.2838709677419355,0.7704876822523882,3978,0.6747145187601957,3065,0.18648773715872283,4322,0.7624029699628755,2963
hce,29,-1,PBMC-1,22144,0.235007225433526,0.5424494219653179,0.22254335260115607,0.4884393063583815,0.2534320809248555,0.7090909090909091,16940,0.4671994671994672,12012,0.337801350048216,10370,0.7226940716833702,11774
hce,29,-1,PBMC-2,16302,0.22340817077659184,0.5561280824438719,0.22046374677953626,0.5223285486443381,0.2989203778677463,0.7161137440758294,12660,0.5375027575557026,9066,0.16375017783468487,7029,0.8535533268629354,9273
hce,29,-1,PBMC-3,21398,0.2532012337601645,0.6806710907561454,0.06612767548369007,0.5609870081316011,0.30778577437143656,0.9114518147684606,15980,0.45217988328184,14565,0.23576747537833292,8326,0.9640452876376989,13072
hce,29,-1,PBMC-4,22627,0.3132540769876696,0.5719715384275423,0.11477438458478809,0.5414328015203076,0.228178724532638,0.8328721281935775,15539,0.39893370421882246,12942,0.3614360266330754,11114,0.7752106314600886,11513
hce,29,-1,PBMC-5,19153,0.3622409022085313,0.43100297603508586,0.2067561217563828,0.592283193233436,0.23004229102490473,0.6758084322554236,12215,0.5337371290127195,8255,0.22415458937198068,10350,0.6742019765988867,8803
hce,29,-1,PBMC-6,15164,0.2867317330519652,0.4704563439725666,0.24281192297546822,0.49729622790820366,0.21056449485623846,0.6595784023668639,10816,0.4475749929913092,7134,0.2996196814832422,8414,0.6834074074074074,6750
hce,29,-1,PC-1,17977,0.21338376814818935,0.5384101907993547,0.24820604105245592,0.6405406908827946,0.4271569227346053,0.6844636164344813,14141,0.7933670833763818,9679,0.08155176555368725,8326,0.9325458501709667,9651
hce,29,-1,PC-2,1929,0.2789009849663038,0.4987039917055469,0.2223950233281493,0.6215655780196994,0.3426645930533955,0.6915887850467289,1391,0.6871101871101871,962,0.10917874396135266,1035,0.9496644295302014,894
hce,29,-1,PC-3,4981,0.3087733386870106,0.4613531419393696,0.22987351937361974,0.6741618148966071,0.36538847620959647,0.66744118501307,3443,0.7919930374238469,2298,0.036328871892925434,2615,0.9311073541842773,2366
hce,29,-1,PC-4,2060,0.3048543689320388,0.6199029126213592,0.07524271844660194,0.6820388349514563,0.37718446601941746,0.8917597765363129,1432,0.6084573218480814,1277,0.1784776902887139,762,0.8790446841294299,1298
hce,29,-1,PC-5,3977,0.3371888358058838,0.3552929343726427,0.3075182298214735,0.5926577822479255,0.25546894644204177,0.5360394537177542,2636,0.719037508846426,1413,0.030507131537242473,2524,0.9194769442532691,1453
hce,29,-1,PC-6,6890,0.37968069666182874,0.3452830188679245,0.27503628447024675,0.6079825834542816,0.22830188679245284,0.556621431913898,4274,0.6612021857923497,2379,0.059480352158041656,4657,0.9413345275414241,2233
hce,29,-1,PRZ1,8750,0.30342857142857144,0.5624,0.13417142857142858,0.7586285714285714,0.4552,0.807383100902379,6095,0.8093883357041252,4921,0.0685463010863942,3866,0.9533169533169533,4884
hce,29,-1,PRZ2,12428,0.38018989378822016,0.4634695848084969,0.15634052140328292,0.7060669456066946,0.32587705181847443,0.7477606127482799,7703,0.703125,5760,0.164759409899352,7253,0.8821256038647343,5175
hce,29,-1,PRZ3,9117,0.41351321706701766,0.41680377317099926,0.1696830097619831,0.6997915981134145,0.28627838104639686,0.7106788853562745,5347,0.6868421052631579,3800,0.11427528294998175,5478,0.8722176422093982,3639
hce,29,-1,PRZ4,7719,0.39292654488923434,0.4426739214924213,0.16439953361834433,0.716802694649566,0.32387614976033163,0.7291933418693982,4686,0.7316359379572724,3417,0.20558636270281372,4869,0.847719298245614,2850
hce,29,-1,PRZ5,12944,0.2376390605686032,0.6599969097651421,0.10236402966625463,0.697929542645241,0.4602904820766378,0.8657276043777867,9868,0.69741308673768,8543,0.21797076526225279,4652,0.9079835986493006,8292
hce,29,-1,PRZ6,8748,0.3046410608139003,0.5149748513946045,0.1803840877914952,0.6670096021947873,0.36236854138088703,0.7405885253986519,6083,0.7036625971143174,4505,0.12112424715592238,4483,0.9289566236811254,4265
hce,29,0,CRC11,324,0.037037037037037035,0.9629629629629629,0.0,0.7962962962962963,0.7592592592592593,1.0,312,0.7884615384615384,312,0.0,11,0.9968051118210862,313
hce,29,0,CRC13,209,0.1339712918660287,0.861244019138756,0.004784688995215311,0.937799043062201,0.8038277511961722,0.994475138121547,181,0.9333333333333333,180,0.0,25,0.9782608695652174,184
hce,29,0,CRC16,167,0.10179640718562874,0.8922155688622755,0.005988023952095809,0.8802395209580839,0.7784431137724551,0.9933333333333333,150,0.87248322147651,149,0.0,18,1.0,149
hce,29,0,CRC17,269,0.03717472118959108,0.9553903345724907,0.007434944237918215,0.8104089219330854,0.7732342007434945,0.9922779922779923,259,0.8093385214007782,257,0.0,11,0.9961240310077519,258
hce,29,0,CRC22,213,0.22535211267605634,0.7746478873239436,0.0,0.8215962441314554,0.596244131455399,1.0,165,0.7696969696969697,165,0.0,46,0.9880239520958084,167
hce,29,0,CRC23,91,0.14285714285714285,0.8571428571428571,0.0,0.9340659340659341,0.7912087912087912,1.0,78,0.9230769230769231,78,0.0,13,1.0,78
hce,29,0,CRC24,238,0.15546218487394958,0.8445378151260504,0.0,0.9327731092436975,0.7773109243697479,1.0,201,0.9203980099502488,201,0.02631578947368421,38,1.0,200
hce,29,0,CRC25,501,0.08383233532934131,0.9141716566866267,0.001996007984031936,0.8802395209580839,0.7964071856287425,0.9978213507625272,459,0.87117903930131,458,0.0,39,0.9913419913419913,462
hce,29,0,GC28_P_cDNA,337,0.27002967359050445,0.7240356083086054,0.005934718100890208,0.9198813056379822,0.6498516320474778,0.991869918699187,246,0.8975409836065574,244,0.0,93,1.0,244
hce,29,0,GC29_P_cDNA,225,0.013333333333333334,0.9866666666666667,0.0,0.9555555555555556,0.9422222222222222,1.0,222,0.954954954954955,222,0.0,1,0.9910714285714286,224
hce,29,0,GC2_P_cDNA,226,0.030973451327433628,0.9690265486725663,0.0,0.7876106194690266,0.7566371681415929,1.0,219,0.7808219178082192,219,0.0,6,0.9954545454545455,220
hce,29,0,GC30_P_cDNA,400,0.04,0.955,0.005,0.9375,0.8975,0.9947916666666666,384,0.9397905759162304,382,0.0,15,0.9922077922077922,385
hce,29,0,GC31_P_cDNA,939,0.0308839190628328,0.9680511182108626,0.0010649627263045794,0.9403620873269436,0.9094781682641108,0.9989010989010989,910,0.9394939493949395,909,0.0,26,0.9956188389923329,913
hce,29,0,GC32_P_cDNA,713,0.1514726507713885,0.8429172510518934,0.005610098176718092,0.8779803646563815,0.726507713884993,0.9933884297520661,605,0.8618968386023295,601,0.0,110,0.9966832504145937,603
hce,29,0,GC36_P_cDNA,790,0.14556962025316456,0.8518987341772152,0.002531645569620253,0.9430379746835443,0.7974683544303798,0.997037037037037,675,0.9361069836552749,673,0.008620689655172414,116,0.9970326409495549,674
hce,29,0,HCC-1,390,0.05128205128205128,0.9487179487179487,0.0,0.9615384615384616,0.9102564102564102,1.0,370,0.9594594594594594,370,0.0,17,0.9919571045576407,373
hce,29,0,HCC-2-1_1,200,0.03,0.97,0.0,0.98,0.95,1.0,194,0.979381443298969,194,0.0,6,1.0,194
hce,29,0,HCC-2-2,309,0.009708737864077669,0.9902912621359223,0.0,0.9579288025889967,0.948220064724919,1.0,306,0.9575163398692811,306,0.0,1,0.9935064935064936,308
hce,29,0,HCC-22,679,0.2695139911634757,0.7231222385861561,0.007363770250368188,0.9175257731958762,0.6480117820324006,0.9899193548387096,496,0.8961303462321792,491,0.00546448087431694,183,0.9879032258064516,496
hce,29,0,HCC-24,401,0.20448877805486285,0.773067331670823,0.022443890274314215,0.9526184538653366,0.7481296758104738,0.9717868338557993,319,0.967741935483871,310,0.0,90,0.9967845659163987,311
hce,29,0,HCC-3-1_2,202,0.0049504950495049506,0.995049504950495,0.0,0.9554455445544554,0.9504950495049505,1.0,201,0.9552238805970149,201,0.0,1,1.0,201
hce,29,0,HCC-3-2_1,230,0.021739130434782608,0.9782608695652174,0.0,0.9695652173913043,0.9478260869565217,1.0,225,0.9688888888888889,225,0.0,5,1.0,225
hce,29,0,PBMC-1,2772,0.050865800865800864,0.8571428571428571,0.09199134199134198,0.48737373737373735,0.4365079365079365,0.9030786773090079,2631,0.5092592592592593,2376,0.06666666666666667,105,0.8882639670041245,2667
hce,29,0,PBMC-2,2118,0.056185080264400375,0.9291784702549575,0.014636449480642116,0.559017941454202,0.5028328611898017,0.9844922461230615,1999,0.5411585365853658,1968,0.07446808510638298,94,0.9688735177865613,2024
hce,29,0,PBMC-3,2459,0.011793411956079707,0.9792598617324115,0.008946726311508743,0.6710044733631557,0.6592110614070761,0.9909465020576131,2430,0.6731727574750831,2408,0.09302325581395349,43,0.9950331125827815,2416
hce,29,0,PBMC-4,2612,0.024885145482388973,0.9555895865237366,0.019525267993874426,0.5520673813169985,0.5271822358346095,0.9799764428739693,2547,0.5516826923076923,2496,0.07042253521126761,71,0.9803227075954348,2541
hce,29,0,PBMC-5,1529,0.06278613472858077,0.9097449313276651,0.027468933943754086,0.6566383257030739,0.5938521909744932,0.9706908583391486,1433,0.6527677929547089,1391,0.0,82,0.9612992398064962,1447
hce,29,0,PBMC-6,1231,0.060926076360682375,0.8164094232331438,0.12266450040617384,0.41835905767668563,0.35743298131600326,0.8693771626297578,1156,0.43781094527363185,1005,0.06060606060606061,99,0.8825088339222615,1132
hce,29,0,PC-1,2813,0.006398862424457874,0.9928901528617134,0.0007109847138286527,0.9210806967650196,0.9146818343405617,0.9992844364937388,2795,0.9212316505549588,2793,0.0,16,0.998569896317483,2797
hce,29,0,PC-2,344,0.01744186046511628,0.9796511627906976,0.0029069767441860465,0.877906976744186,0.8604651162790697,0.9970414201183432,338,0.8783382789317508,337,0.0,6,0.9970414201183432,338
hce,29,0,PC-3,497,0.0482897384305835,0.9517102615694165,0.0,0.9134808853118712,0.8651911468812877,1.0,473,0.9090909090909091,473,0.0,22,0.9957894736842106,475
hce,29,0,PC-4,132,0.022727272727272728,0.9772727272727273,0.0,0.6742424242424242,0.6515151515151515,1.0,129,0.6666666666666666,129,0.0,2,0.9923076923076923,130
hce,29,0,PC-5,207,0.0966183574879227,0.9033816425120773,0.0,0.8695652173913043,0.7729468599033816,1.0,187,0.8556149732620321,187,0.058823529411764705,17,0.9789473684210527,190
hce,29,0,PC-6,268,0.06343283582089553,0.9328358208955224,0.0037313432835820895,0.8731343283582089,0.8097014925373134,0.9960159362549801,251,0.868,250,0.0,13,0.9803921568627451,255
hce,29,0,PRZ1,2651,0.01093926820067899,0.98868351565447,0.0003772161448509996,0.9701999245567711,0.959260656356092,0.9996186117467581,2622,0.9702403662724151,2621,0.0,28,0.9992375142966069,2623
hce,29,0,PRZ2,1922,0.14360041623309053,0.8511966701352758,0.005202913631633715,0.9365244536940687,0.7929240374609782,0.9939246658566221,1646,0.9315403422982885,1636,0.0,126,0.910913140311804,1796
hce,29,0,PRZ3,584,0.05136986301369863,0.9434931506849316,0.005136986301369863,0.9554794520547946,0.9041095890410958,0.9945848375451264,554,0.9582577132486388,551,0.0,7,0.9549393414211439,577
hce,29,0,PRZ4,1085,0.13732718894009216,0.8617511520737328,0.0009216589861751152,0.9529953917050691,0.815668202764977,0.9989316239316239,936,0.946524064171123,935,0.0,12,0.8713886300093197,1073
hce,29,0,PRZ5,406,0.1625615763546798,0.8300492610837439,0.007389162561576354,0.8916256157635468,0.729064039408867,0.9911764705882353,340,0.8783382789317508,337,0.0,15,0.8618925831202046,391
hce,29,0,PRZ6,406,0.15270935960591134,0.8423645320197044,0.0049261083743842365,0.9039408866995073,0.7512315270935961,0.9941860465116279,344,0.8918128654970761,342,0.0,24,0.8952879581151832,382
hce,29,1,CRC11,2305,0.00737527114967462,0.9848156182212582,0.0078091106290672455,0.3349240780911063,0.3275488069414317,0.9921328671328671,2288,0.33259911894273125,2270,0.25,44,0.9991154356479434,2261
hce,29,1,CRC13,887,0.266065388951522,0.4160090191657272,0.3179255918827508,0.4205186020293123,0.1544532130777903,0.5668202764976958,651,0.3712737127371274,369,0.14521452145214522,606,1.0,281
hce,29,1,CRC16,973,0.07399794450154162,0.7297019527235354,0.1963001027749229,0.28263103802672146,0.20863309352517986,0.7880133185349611,901,0.2859154929577465,710,0.09859154929577464,284,0.9898403483309144,689
hce,29,1,CRC17,1047,0.13276026743075453,0.18815663801337154,0.6790830945558739,0.17191977077363896,0.039159503342884434,0.21696035242290748,908,0.20812182741116753,197,0.019721577726218097,862,0.972972972972973,185
hce,29,1,CRC22,603,0.12603648424543948,0.593698175787728,0.2802653399668325,0.31343283582089554,0.18739635157545606,0.6793168880455408,527,0.31564245810055863,358,0.16382252559726962,293,1.0,310
hce,29,1,CRC23,743,0.08748317631224764,0.6648721399730821,0.24764468371467024,0.39703903095558546,0.30955585464333785,0.7286135693215339,678,0.46558704453441296,494,0.20192307692307693,312,1.0,431
hce,29,1,CRC24,1275,0.09725490196078432,0.7552941176470588,0.14745098039215687,0.4384313725490196,0.3411764705882353,0.8366637706342311,1151,0.4517133956386293,963,0.22772277227722773,404,1.0,871
hce,29,1,CRC25,2612,0.5539816232771823,0.011485451761102604,0.43453292496171514,0.557427258805513,0.003445635528330781,0.02575107296137339,1165,0.3,30,0.0030911901081916537,2588,0.9166666666666666,24
hce,29,1,GC28_P_cDNA,2914,0.43376801647220314,0.30542210020590255,0.2608098833218943,0.5425531914893617,0.10878517501715855,0.5393939393939394,1650,0.3561797752808989,890,0.06555863342566944,2166,1.0,748
hce,29,1,GC29_P_cDNA,2010,0.3402985074626866,0.40248756218905474,0.2572139303482587,0.5084577114427861,0.1681592039800995,0.610105580693816,1326,0.4177997527812114,809,0.0498812351543943,1263,0.998661311914324,747
hce,29,1,GC2_P_cDNA,1331,0.042073628850488355,0.9383921863260706,0.019534184823441023,0.30503380916604056,0.26296018031555224,0.9796078431372549,1275,0.28022417934347477,1249,0.22641509433962265,106,1.0,1225
hce,29,1,GC30_P_cDNA,2289,0.05854084753167322,0.8846657929226737,0.05679335954565312,0.3669724770642202,0.308431629532547,0.9396751740139211,2155,0.348641975308642,2025,0.2833333333333333,360,0.9968895800933126,1929
hce,29,1,GC31_P_cDNA,1645,0.2741641337386018,0.31367781155015195,0.4121580547112462,0.3811550151975684,0.10699088145896657,0.4321608040201005,1194,0.34108527131782945,516,0.0946271050521251,1247,1.0,398
hce,29,1,GC32_P_cDNA,1335,0.39176029962546816,0.03745318352059925,0.5707865168539326,0.399250936329588,0.00749063670411985,0.06157635467980296,812,0.2,50,0.008494208494208495,1295,0.975,40
hce,29,1,GC36_P_cDNA,1385,0.18989169675090253,0.6476534296028881,0.1624548736462094,0.41949458483754515,0.2296028880866426,0.7994652406417112,1122,0.35451505016722407,897,0.19471947194719472,606,1.0,779
hce,29,1,HCC-1,1749,0.5683247570040023,0.07375643224699828,0.35791881074899945,0.5934819897084048,0.025157232704402517,0.17086092715231788,755,0.34108527131782945,129,0.013398294762484775,1642,1.0,107
hce,29,1,HCC-2-1_1,2075,0.5132530120481927,0.19180722891566265,0.29493975903614456,0.5975903614457831,0.08433734939759036,0.3940594059405941,1010,0.4396984924623116,398,0.03007518796992481,1729,1.0,346
hce,29,1,HCC-2-2,1981,0.5976779404341241,0.05653710247349823,0.3457849570923776,0.6239273094396769,0.02624936900555275,0.14052697616060225,797,0.4642857142857143,112,0.01111699311805188,1889,0.9891304347826086,92
hce,29,1,HCC-22,172,0.1686046511627907,0.7325581395348837,0.09883720930232558,0.7151162790697675,0.5465116279069767,0.8811188811188811,143,0.746031746031746,126,0.10204081632653061,49,0.983739837398374,123
hce,29,1,HCC-24,143,0.14685314685314685,0.7202797202797203,0.13286713286713286,0.6433566433566433,0.4965034965034965,0.8442622950819673,122,0.6893203883495146,103,0.14893617021276595,47,1.0,96
hce,29,1,HCC-3-1_2,1370,0.45182481751824816,0.23722627737226276,0.310948905109489,0.5832116788321168,0.13138686131386862,0.43275632490013316,751,0.5538461538461539,325,0.01229895931882687,1057,0.9968051118210862,313
hce,29,1,HCC-3-2_1,1443,0.5211365211365211,0.09355509355509356,0.3853083853083853,0.5668745668745668,0.04573804573804574,0.19536903039073805,691,0.4888888888888889,135,0.01580135440180587,1329,1.0,114
hce,29,1,PBMC-1,2920,0.4386986301369863,0.09828767123287671,0.46301369863013697,0.4708904109589041,0.03219178082191781,0.17510677242220865,1639,0.32752613240418116,287,0.018304071722076952,2677,0.9794238683127572,243
hce,29,1,PBMC-2,2459,0.4640097600650671,0.11020740138267589,0.425782838552257,0.502643350955673,0.03863359089060594,0.20561456752655538,1318,0.3505535055350554,271,0.006398537477148081,2188,0.948339483394834,271
hce,29,1,PBMC-3,3357,0.24247840333631218,0.5865355972594578,0.17098599940422995,0.5198093535895144,0.27733095025320226,0.7742823436885569,2543,0.4728288471305231,1969,0.09418837675350701,1497,0.9827956989247312,1860
hce,29,1,PBMC-4,3132,0.2681992337164751,0.40197956577266925,0.32982120051085567,0.41922094508301405,0.15102171136653894,0.5493019197207679,2292,0.37569499602859413,1259,0.042408376963350786,1910,0.9639934533551555,1222
hce,29,1,PBMC-5,2640,0.40454545454545454,0.25757575757575757,0.3378787878787879,0.515530303030303,0.11098484848484849,0.43256997455470736,1572,0.4308823529411765,680,0.010813594232749742,1942,0.9441260744985673,698
hce,29,1,PBMC-6,1826,0.35323110624315446,0.21084337349397592,0.4359255202628697,0.4315443592552026,0.0783132530120482,0.3259949195596952,1181,0.37142857142857144,385,0.032454361054766734,1479,0.9711815561959655,347
hce,29,1,PC-1,3065,0.19869494290375203,0.666884176182708,0.13442088091353996,0.49168026101141926,0.2929853181076672,0.8322475570032574,2456,0.43933463796477495,2044,0.12639724849527084,1163,0.9973711882229233,1902
hce,29,1,PC-2,338,0.07396449704142012,0.8402366863905325,0.08579881656804733,0.33727810650887574,0.26331360946745563,0.9073482428115016,313,0.31338028169014087,284,0.15625,64,1.0,274
hce,29,1,PC-3,1027,0.38461538461538464,0.20155793573515093,0.41382667964946446,0.45569620253164556,0.07108081791626096,0.3275316455696203,632,0.3526570048309179,207,0.05747126436781609,870,1.0,157
hce,29,1,PC-4,761,0.08278580814717477,0.8344283837056504,0.08278580814717477,0.4336399474375821,0.3508541392904074,0.9097421203438395,698,0.4204724409448819,635,0.15827338129496402,139,0.9855305466237942,622
hce,29,1,PC-5,1203,0.37489609310058186,0.16957605985037408,0.45552784704904403,0.4139650872817955,0.03906899418121363,0.2712765957446808,752,0.23039215686274508,204,0.046755725190839696,1048,1.0,155
hce,29,1,PC-6,3500,0.35114285714285715,0.32057142857142856,0.3282857142857143,0.49714285714285716,0.146,0.4940554821664465,2271,0.4554367201426025,1122,0.08230293663060279,2588,0.9967105263157895,912
hce,29,1,PRZ1,1039,0.17613089509143406,0.6573628488931665,0.16650625601539942,0.4456207892204042,0.2694898941289702,0.7978971962616822,856,0.40995607613469986,683,0.12406947890818859,403,0.9952830188679245,636
hce,29,1,PRZ2,1461,0.24435318275154005,0.5078713210130048,0.24777549623545517,0.42984257357973993,0.18548939082819987,0.6721014492753623,1104,0.36522911051212936,742,0.16414435389988358,859,0.9983388704318937,602
hce,29,1,PRZ3,1841,0.3824008690928843,0.22813688212927757,0.38946224877783814,0.4763715372080391,0.09397066811515481,0.36939313984168864,1137,0.4119047619047619,420,0.0583167660702452,1509,1.0,332
hce,29,1,PRZ4,349,0.1318051575931232,0.7392550143266475,0.12893982808022922,0.42406876790830944,0.2922636103151863,0.8514851485148515,303,0.3953488372093023,258,0.125,104,1.0,245
hce,29,1,PRZ5,2563,0.041357783847054234,0.945766679672259,0.012875536480686695,0.4721030042918455,0.43074522044479124,0.9865689865689866,2457,0.45544554455445546,2424,0.16666666666666666,156,0.9962609056917324,2407
hce,29,1,PRZ6,2227,0.46879209699146834,0.23574315222272116,0.2954647507858105,0.574315222272115,0.10552312528064661,0.4437869822485207,1183,0.44761904761904764,525,0.030927835051546393,1746,0.9792099792099792,481
hce,29,2,CRC11,1603,0.11166562694946974,0.8877105427323768,0.0006238303181534623,0.9800374298190893,0.8683718028696195,0.9992977528089888,1424,0.9782150386507379,1423,0.0,36,0.9081046585832802,1567
hce,29,2,CRC13,1356,0.05457227138643068,0.9446902654867256,0.0007374631268436578,0.9882005899705014,0.9336283185840708,0.999219968798752,1282,0.9882903981264637,1281,0.0,11,0.9524163568773234,1345
hce,29,2,CRC16,2359,0.7320898685883849,0.13268334039847393,0.13522679101314117,0.8134802882577363,0.08139041966935143,0.495253164556962,632,0.6134185303514377,313,0.0,1443,0.34170305676855894,916
hce,29,2,CRC17,2313,0.2619974059662776,0.6320795503674881,0.10592304366623433,0.682230869001297,0.42023346303501946,0.856473345049795,1707,0.66484268125855,1462,0.00516795865633075,387,0.7580477673935618,1926
hce,29,2,CRC22,762,0.4658792650918635,0.5341207349081365,0.0,0.9973753280839895,0.531496062992126,1.0,407,0.995085995085995,407,0.0,189,0.7102966841186736,573
hce,29,2,CRC23,2384,0.6057046979865772,0.3808724832214765,0.013422818791946308,0.9811241610738255,0.37541946308724833,0.9659574468085106,940,0.98568281938326,908,0.0,1198,0.7655986509274874,1186
hce,29,2,CRC24,3061,0.4338451486442339,0.5612544919960797,0.004900359359686377,0.9885658281607318,0.5547206795164978,0.9913444893248702,1733,0.9883585564610011,1718,0.0,590,0.6952650748684743,2471
hce,29,2,CRC25,1013,0.25765054294175715,0.721618953603159,0.02073050345508391,0.8933859822309971,0.6357354392892399,0.9720744680851063,752,0.8809849521203831,731,0.0,112,0.8113207547169812,901
hce,29,2,GC28_P_cDNA,1140,0.3412280701754386,0.6368421052631579,0.021929824561403508,0.9228070175438596,0.5815789473684211,0.966711051930759,751,0.9132231404958677,726,0.0,49,0.6654445462878094,1091
hce,29,2,GC29_P_cDNA,1291,0.13013168086754454,0.8659953524399691,0.0038729666924864447,0.9512006196746708,0.8210689388071263,0.9955476402493322,1123,0.9481216457960644,1118,0.0,35,0.8901273885350318,1256
hce,29,2,GC2_P_cDNA,551,0.20508166969147004,0.7822141560798548,0.012704174228675136,0.9092558983666061,0.7041742286751361,0.9840182648401826,438,0.9002320185614849,431,0.0,4,0.7879341864716636,547
hce,29,2,GC30_P_cDNA,1644,0.30413625304136255,0.6374695863746959,0.058394160583941604,0.9032846715328468,0.5991484184914841,0.916083916083916,1144,0.9398854961832062,1048,0.0,275,0.7655222790357925,1369
hce,29,2,GC31_P_cDNA,1059,0.13125590179414542,0.8611898016997167,0.007554296506137866,0.9423984891406988,0.8111425873465533,0.991304347826087,920,0.9418859649122807,912,0.0,18,0.8760806916426513,1041
hce,29,2,GC32_P_cDNA,1301,0.03228285933897002,0.9654112221368178,0.0023059185242121443,0.8931591083781706,0.8608762490392006,0.9976171564733916,1259,0.89171974522293,1256,0.0,9,0.9721362229102167,1292
hce,29,2,GC36_P_cDNA,1711,0.06253652834599649,0.9327878433664524,0.004675628287551139,0.9362945645821157,0.8737580362361193,0.9950124688279302,1604,0.9367167919799498,1596,0.0,13,0.9399293286219081,1698
hce,29,2,HCC-1,1885,0.5511936339522546,0.41273209549071616,0.03607427055702918,0.9092838196286472,0.35809018567639256,0.9196217494089834,846,0.8676092544987146,778,0.0,886,0.7787787787787788,999
hce,29,2,HCC-2-1_1,2190,0.6876712328767123,0.2602739726027397,0.052054794520547946,0.9237442922374429,0.23607305936073059,0.8333333333333334,684,0.9070175438596492,570,0.0,908,0.44461778471138846,1282
hce,29,2,HCC-2-2,2281,0.4984655852696186,0.4752301622095572,0.0263042525208242,0.925032880315651,0.42656729504603247,0.9475524475524476,1144,0.8976014760147601,1084,0.0,449,0.5917030567685589,1832
hce,29,2,HCC-22,2305,0.3531453362255965,0.6199566160520608,0.026898047722342732,0.9392624728850325,0.586117136659436,0.9584171696847753,1491,0.9454163750874738,1429,0.0,356,0.7331965110312981,1949
hce,29,2,HCC-24,1825,0.43616438356164383,0.5364383561643835,0.0273972602739726,0.936986301369863,0.5008219178082192,0.9514091350826045,1029,0.933605720122574,979,0.0013003901170351106,769,0.9261363636363636,1056
hce,29,2,HCC-3-1_2,2625,0.804952380952381,0.10628571428571429,0.08876190476190476,0.8921904761904762,0.08723809523809524,0.544921875,512,0.8207885304659498,279,0.0006207324643078833,1611,0.27416173570019725,1014
hce,29,2,HCC-3-2_1,2722,0.786921381337252,0.14658339456282146,0.06649522409992653,0.9110947832476121,0.12417340191036003,0.6879310344827586,580,0.8471177944862155,399,0.0006086427267194157,1643,0.36886005560704355,1079
hce,29,2,PBMC-1,6154,0.4847253818654534,0.43077673058173543,0.08449788755281118,0.8771530711732207,0.3924276893077673,0.8360138757489751,3171,0.9109769898151641,2651,0.0,646,0.48129992737835875,5508
hce,29,2,PBMC-2,4070,0.33685503685503687,0.6194103194103194,0.04373464373464373,0.8793611793611794,0.5425061425061425,0.9340496480177843,2699,0.8758429194763983,2521,0.0,349,0.6775060467616232,3721
hce,29,2,PBMC-3,4904,0.8776508972267537,0.021411092985318108,0.10093800978792822,0.8923327895595432,0.01468189233278956,0.175,600,0.6857142857142857,105,0.0,4374,0.19811320754716982,530
hce,29,2,PBMC-4,6989,0.8129918443267993,0.1070253255115181,0.07998283016168264,0.9062812991844327,0.09328945485763343,0.5723029839326702,1307,0.8716577540106952,748,0.0,3756,0.23136405815032476,3233
hce,29,2,PBMC-5,7266,0.6167079548582439,0.2985136251032205,0.08477842003853564,0.8775116983209469,0.260803743462703,0.7788150807899461,2785,0.8736745043798986,2169,0.0,2335,0.4398702088825796,4931
hce,29,2,PBMC-6,4702,0.537430880476393,0.38600595491280304,0.07656316461080391,0.8851552530837942,0.34772437260740113,0.8344827586206897,2175,0.9008264462809917,1815,0.0010741138560687433,931,0.48103951206576506,3771
hce,29,2,PC-1,4545,0.1625962596259626,0.8312431243124312,0.006160616061606161,0.9379537953795379,0.7753575357535754,0.9926431949553337,3806,0.9327686606670196,3778,0.0,236,0.8767695521002553,4309
hce,29,2,PC-2,267,0.19850187265917604,0.8014981273408239,0.0,0.9662921348314607,0.7677902621722846,1.0,214,0.9579439252336449,214,0.0,13,0.84251968503937,254
hce,29,2,PC-3,1145,0.06550218340611354,0.9310043668122271,0.0034934497816593887,0.9502183406113537,0.8847161572052402,0.9962616822429906,1070,0.950281425891182,1066,0.0,39,0.9638336347197106,1106
hce,29,2,PC-4,597,0.5711892797319933,0.4204355108877722,0.008375209380234505,0.9765494137353434,0.4053601340033501,0.98046875,256,0.9641434262948207,251,0.0,203,0.6370558375634517,394
hce,29,2,PC-5,584,0.02910958904109589,0.9674657534246576,0.003424657534246575,0.946917808219178,0.9178082191780822,0.9964726631393298,567,0.9486725663716814,565,0.0,4,0.9741379310344828,580
hce,29,2,PC-6,734,0.04632152588555858,0.9509536784741145,0.0027247956403269754,0.9155313351498637,0.8692098092643051,0.9971428571428571,700,0.9140401146131805,698,0.0,6,0.9587912087912088,728
hce,29,2,PRZ1,1648,0.3118932038834951,0.6444174757281553,0.043689320388349516,0.8161407766990292,0.504247572815534,0.9365079365079365,1134,0.7824858757062146,1062,0.0,394,0.84688995215311,1254
hce,29,2,PRZ2,1821,0.24492037342119716,0.6886326194398682,0.06644700713893466,0.7440966501922021,0.49917627677100496,0.912,1375,0.7248803827751196,1254,0.0,330,0.8410462776659959,1491
hce,29,2,PRZ3,2390,0.5585774058577406,0.401673640167364,0.0397489539748954,0.9263598326359833,0.3677824267782427,0.909952606635071,1055,0.915625,960,0.0,1117,0.7541241162608012,1273
hce,29,2,PRZ4,1456,0.28846153846153844,0.6517857142857143,0.059752747252747256,0.8214285714285714,0.532967032967033,0.916023166023166,1036,0.8177028451001054,949,0.0,234,0.776595744680851,1222
hce,29,2,PRZ5,5532,0.22559652928416485,0.7503615328994938,0.024041937816341286,0.8955169920462762,0.6699204627621114,0.9689542483660131,4284,0.8927969164056854,4151,0.0,683,0.856052794390596,4849
hce,29,2,PRZ6,2764,0.15991316931982633,0.8281476121562952,0.011939218523878437,0.8806078147612156,0.7206946454413893,0.9857881136950905,2322,0.8702490170380078,2289,0.0,273,0.9189080690485749,2491
hce,29,3,CRC11,17,0.0,1.0,0.0,0.9411764705882353,0.9411764705882353,1.0,17,0.9411764705882353,17,,0,1.0,17
hce,29,3,CRC13,9,0.0,1.0,0.0,1.0,1.0,1.0,9,1.0,9,,0,1.0,9
hce,29,3,CRC16,20,0.0,1.0,0.0,1.0,1.0,1.0,20,1.0,20,,0,1.0,20
hce,29,3,CRC17,48,0.0,1.0,0.0,0.625,0.625,1.0,48,0.625,48,,0,1.0,48
hce,29,3,CRC22,2,0.0,1.0,0.0,1.0,1.0,1.0,2,1.0,2,,0,1.0,2
hce,29,3,CRC23,9,0.0,1.0,0.0,1.0,1.0,1.0,9,1.0,9,,0,1.0,9
hce,29,3,CRC24,3,0.0,1.0,0.0,1.0,1.0,1.0,3,1.0,3,,0,1.0,3
hce,29,3,CRC25,37,0.0,1.0,0.0,1.0,1.0,1.0,37,1.0,37,,0,1.0,37
hce,29,3,GC28_P_cDNA,14,0.0,1.0,0.0,1.0,1.0,1.0,14,1.0,14,,0,1.0,14
hce,29,3,GC29_P_cDNA,15,0.0,1.0,0.0,1.0,1.0,1.0,15,1.0,15,,0,1.0,15
hce,29,3,GC2_P_cDNA,1,0.0,1.0,0.0,1.0,1.0,1.0,1,1.0,1,,0,1.0,1
hce,29,3,GC30_P_cDNA,11,0.0,1.0,0.0,1.0,1.0,1.0,11,1.0,11,,0,1.0,11
hce,29,3,GC31_P_cDNA,20,0.0,1.0,0.0,1.0,1.0,1.0,20,1.0,20,,0,1.0,20
hce,29,3,GC32_P_cDNA,6,0.0,1.0,0.0,1.0,1.0,1.0,6,1.0,6,,0,1.0,6
hce,29,3,GC36_P_cDNA,11,0.0,1.0,0.0,1.0,1.0,1.0,11,1.0,11,,0,1.0,11
hce,29,3,HCC-1,10,0.0,1.0,0.0,1.0,1.0,1.0,10,1.0,10,,0,1.0,10
hce,29,3,HCC-2-1_1,6,0.0,1.0,0.0,1.0,1.0,1.0,6,1.0,6,,0,1.0,6
hce,29,3,HCC-2-2,19,0.0,1.0,0.0,1.0,1.0,1.0,19,1.0,19,,0,1.0,19
hce,29,3,HCC-22,5,0.0,1.0,0.0,1.0,1.0,1.0,5,1.0,5,,0,1.0,5
hce,29,3,HCC-3-1_2,13,0.0,1.0,0.0,1.0,1.0,1.0,13,1.0,13,,0,1.0,13
hce,29,3,HCC-3-2_1,15,0.0,1.0,0.0,1.0,1.0,1.0,15,1.0,15,,0,1.0,15
hce,29,3,PBMC-1,108,0.046296296296296294,0.9537037037037037,0.0,1.0,0.9537037037037037,1.0,103,1.0,103,0.0,2,0.9716981132075472,106
hce,29,3,PBMC-2,371,0.026954177897574125,0.9730458221024259,0.0,0.9460916442048517,0.9191374663072777,1.0,361,0.9445983379501385,361,0.0,8,0.9944903581267218,363
hce,29,3,PBMC-3,131,0.04580152671755725,0.9541984732824428,0.0,0.9847328244274809,0.9389312977099237,1.0,125,0.984,125,0.0,5,0.9920634920634921,126
hce,29,3,PBMC-4,287,0.03484320557491289,0.9651567944250871,0.0,1.0,0.9651567944250871,1.0,277,1.0,277,0.0,4,0.9787985865724381,283
hce,29,3,PBMC-5,120,0.008333333333333333,0.9916666666666667,0.0,1.0,0.9916666666666667,1.0,119,1.0,119,,0,0.9916666666666667,120
hce,29,3,PBMC-6,134,0.2537313432835821,0.746268656716418,0.0,1.0,0.746268656716418,1.0,100,1.0,100,0.0,24,0.9090909090909091,110
hce,29,3,PC-1,98,0.0,1.0,0.0,1.0,1.0,1.0,98,1.0,98,,0,1.0,98
hce,29,3,PC-2,2,0.0,1.0,0.0,1.0,1.0,1.0,2,1.0,2,,0,1.0,2
hce,29,3,PC-3,2,0.0,1.0,0.0,1.0,1.0,1.0,2,1.0,2,,0,1.0,2
hce,29,3,PC-5,11,0.0,1.0,0.0,1.0,1.0,1.0,11,1.0,11,,0,1.0,11
hce,29,3,PC-6,11,0.0,1.0,0.0,1.0,1.0,1.0,11,1.0,11,,0,1.0,11
hce,29,3,PRZ1,1,0.0,1.0,0.0,1.0,1.0,1.0,1,1.0,1,,0,1.0,1
hce,29,3,PRZ2,4,0.0,1.0,0.0,1.0,1.0,1.0,4,1.0,4,,0,1.0,4
hce,29,3,PRZ3,2,0.0,1.0,0.0,1.0,1.0,1.0,2,1.0,2,,0,1.0,2
hce,29,3,PRZ4,10,0.0,1.0,0.0,1.0,1.0,1.0,10,1.0,10,,0,1.0,10
hce,29,3,PRZ5,14,0.0,1.0,0.0,1.0,1.0,1.0,14,1.0,14,,0,1.0,14
hce,29,3,PRZ6,42,0.0,1.0,0.0,1.0,1.0,1.0,42,1.0,42,,0,1.0,42
hce,29,4,CRC11,3220,0.462111801242236,0.08509316770186336,0.45279503105590063,0.5099378881987577,0.04782608695652174,0.1581986143187067,1732,0.5620437956204379,274,0.07448145820238844,3182,0.9736842105263158,38
hce,29,4,CRC13,2601,0.6016916570549788,0.08650519031141868,0.3118031526336025,0.6589773164167628,0.05728565936178393,0.2171814671814672,1036,0.6622222222222223,225,0.026135389888603255,2334,0.6142322097378277,267
hce,29,4,CRC16,3959,0.018186410709775197,0.8050012629451881,0.17681232634503663,0.12654710785551906,0.10836069714574388,0.8199125289426292,3887,0.1346093504863508,3187,0.632233381157341,2091,0.9983940042826552,1868
hce,29,4,CRC17,2750,0.09236363636363637,0.5341818181818182,0.37345454545454543,0.20072727272727273,0.10836363636363637,0.5885416666666666,2496,0.20285908781484002,1469,0.22982885085574573,1636,0.981149012567325,1114
hce,29,4,CRC22,3623,0.4700524427270218,0.3276290367099089,0.2023185205630693,0.6643665470604472,0.19431410433342533,0.6182291666666667,1920,0.5930918281381634,1187,0.2125958013995335,3001,0.882636655948553,622
hce,29,4,CRC23,2883,0.3773846687478321,0.507457509538675,0.11515782171349288,0.7336108220603538,0.35622615331252167,0.815041782729805,1795,0.7019822282980178,1463,0.2166469893742621,1694,0.9217830109335576,1189
hce,29,4,CRC24,2677,0.4557340306313037,0.3634665670526709,0.1807994023160254,0.6869630183040717,0.23122898767276803,0.6678105696636926,1457,0.6361767728674204,973,0.25654682645361737,2253,0.9316037735849056,424
hce,29,4,CRC25,3070,0.09250814332247558,0.8592833876221498,0.04820846905537459,0.531270358306189,0.4387622149837134,0.9468772433596554,2786,0.5106141015921153,2638,0.4166666666666667,588,0.9641418211120064,2482
hce,29,4,GC28_P_cDNA,2915,0.4202401372212693,0.37221269296740994,0.20754716981132076,0.6456260720411664,0.22538593481989708,0.6420118343195266,1690,0.6055299539170507,1085,0.28814968814968817,2405,0.7686274509803922,510
hce,29,4,GC29_P_cDNA,1576,0.45875634517766495,0.16307106598984772,0.37817258883248733,0.5355329949238579,0.07677664974619289,0.30128956623681125,853,0.4708171206225681,257,0.07763532763532764,1404,0.8604651162790697,172
hce,29,4,GC2_P_cDNA,2334,0.44601542416452444,0.17994858611825193,0.3740359897172236,0.5381319622964867,0.0921165381319623,0.3248259860788863,1293,0.5119047619047619,420,0.1701388888888889,2304,0.9333333333333333,30
hce,29,4,GC30_P_cDNA,2820,0.45886524822695035,0.30921985815602837,0.23191489361702128,0.6138297872340426,0.1549645390070922,0.5714285714285714,1526,0.5011467889908257,872,0.20016715419974926,2393,0.9203747072599532,427
hce,29,4,GC31_P_cDNA,3440,0.4819767441860465,0.2683139534883721,0.2497093023255814,0.6340116279069767,0.15203488372093024,0.5179573512906847,1782,0.5666305525460456,923,0.13784277879341864,2735,0.774468085106383,705
hce,29,4,GC32_P_cDNA,3824,0.22594142259414227,0.6639644351464435,0.11009414225941423,0.5991108786610879,0.3731694560669456,0.8577702702702703,2960,0.5620322961795983,2539,0.037399821905609976,1123,0.9244724176231025,2701
hce,29,4,GC36_P_cDNA,3337,0.6065328139047048,0.06952352412346419,0.323943661971831,0.637099190890021,0.03056637698531615,0.1766945925361767,1313,0.4396551724137931,232,0.048402109835556935,3223,0.6666666666666666,114
hce,29,4,HCC-1,3021,0.2512413108242304,0.6034425686858657,0.145316120489904,0.5365772922873221,0.2853359814630917,0.8059239610963749,2262,0.4728469555677455,1823,0.24365133836650651,1457,0.9386189258312021,1564
hce,29,4,HCC-2-1_1,2442,0.2497952497952498,0.6224406224406225,0.12776412776412777,0.588042588042588,0.33824733824733827,0.8296943231441049,1832,0.5434210526315789,1520,0.44740024183796856,1654,0.9898477157360406,788
hce,29,4,HCC-2-2,2589,0.32444959443800697,0.4909231363460796,0.1846272692159135,0.5739667825415218,0.24951718810351486,0.7267009719839909,1749,0.5082612116443745,1271,0.3483606557377049,1952,0.9277864992150706,637
hce,29,4,HCC-22,3858,0.574390876101607,0.19725246241575947,0.22835666148263348,0.6848107827890099,0.1104199066874028,0.46345919610231423,1642,0.5597897503285151,761,0.09033613445378151,3332,0.8745247148288974,526
hce,29,4,HCC-24,4670,0.4942184154175589,0.3220556745182013,0.18372591006423983,0.708779443254818,0.2145610278372591,0.6367485182049111,2362,0.6662234042553191,1504,0.04812348668280872,3304,0.9846266471449487,1366
hce,29,4,HCC-3-1_2,2988,0.13085676037483265,0.8105756358768407,0.05856760374832664,0.6101070950468541,0.47925033467202144,0.9326145552560647,2597,0.5912469033856317,2422,0.635593220338983,1534,0.9951856946354883,1454
hce,29,4,HCC-3-2_1,2875,0.14191304347826086,0.7968695652173913,0.06121739130434783,0.6396521739130435,0.49773913043478263,0.9286582894203486,2467,0.6246180707114797,2291,0.5828996282527881,1345,0.984967320261438,1530
hce,29,4,PBMC-1,10190,0.07791952894995094,0.6472031403336604,0.2748773307163886,0.2535819430814524,0.17566241413150147,0.701894423158791,9396,0.2714177407126611,6595,0.496685878962536,6940,0.9686153846153847,3250
hce,29,4,PBMC-2,7284,0.1374244920373421,0.5415980230642504,0.3209774848984075,0.2972267984623833,0.15980230642504117,0.627884768422728,6283,0.2950570342205323,3945,0.25740318906605925,4390,0.9727021423635107,2894
hce,29,4,PBMC-3,10547,0.02512562814070352,0.9441547359438703,0.03071963591542619,0.38911538826206504,0.3639897601213615,0.9684886208908773,10282,0.38551918055834505,9958,0.7552970502700457,2407,1.0,8140
hce,29,4,PBMC-4,9607,0.05110856667013636,0.8495888414697617,0.09930259186010201,0.29926095555324245,0.24815238888310606,0.8953488372093024,9116,0.2920852732173487,8162,0.7316210683044854,5373,0.9992914501653283,4234
hce,29,4,PBMC-5,7598,0.17004474861805738,0.5127665175046064,0.31718873387733615,0.3267965254014214,0.15675177678336405,0.6178242943228671,6306,0.3056981519507187,3896,0.38374228008679684,5991,0.9937772246421904,1607
hce,29,4,PBMC-6,7271,0.14674735249621784,0.5266125704854903,0.32664007701829184,0.26708843350295697,0.1203410810067391,0.6171824629271437,6204,0.22851919561243145,3829,0.4193164427818398,5881,0.9805755395683453,1390
hce,29,4,PC-1,7456,0.3312768240343348,0.12956008583690987,0.5391630901287554,0.40987124463519314,0.07859442060085838,0.19374247894103488,4986,0.6066252587991718,966,0.07697872956156851,6911,0.7963302752293578,545
hce,29,4,PC-2,978,0.46421267893660534,0.1278118609406953,0.40797546012269936,0.5347648261758691,0.0705521472392638,0.2385496183206107,524,0.552,125,0.10819327731092437,952,0.8461538461538461,26
hce,29,4,PC-3,2310,0.45194805194805193,0.23809523809523808,0.30995670995670993,0.5826839826839827,0.13073593073593073,0.4344391785150079,1266,0.5490909090909091,550,0.02672209026128266,1684,0.8067092651757188,626
hce,29,4,PC-4,570,0.387719298245614,0.45964912280701753,0.15263157894736842,0.7070175438596491,0.3192982456140351,0.7507163323782235,349,0.6946564885496184,262,0.2727272727272727,418,0.9736842105263158,152
hce,29,4,PC-5,1972,0.4325557809330629,0.22616632860040567,0.34127789046653145,0.5654158215010142,0.1328600405679513,0.39857015192135836,1119,0.5874439461883408,446,0.018556701030927835,1455,0.8104448742746615,517
hce,29,4,PC-6,2377,0.5620530079932688,0.12536811106436685,0.3125788809423643,0.644509886411443,0.08245687841817417,0.2862632084534102,1041,0.6577181208053692,298,0.03121951219512195,2050,0.7155963302752294,327
hce,29,4,PRZ1,3411,0.565523306948109,0.1624157138669012,0.2720609791849897,0.66168279097039,0.09615948402228086,0.3738191632928475,1482,0.592057761732852,554,0.07070042749095692,3041,0.9162162162162162,370
hce,29,4,PRZ2,7220,0.5049861495844875,0.29418282548476454,0.20083102493074792,0.6908587257617729,0.1858725761772853,0.5942921096810296,3574,0.6318267419962336,2124,0.177500842034355,5938,0.8346333853354134,1282
hce,29,4,PRZ3,4300,0.3955813953488372,0.4341860465116279,0.1702325581395349,0.6346511627906977,0.23906976744186045,0.7183532127741439,2599,0.550615961435458,1867,0.189103690685413,2845,0.9134020618556701,1455
hce,29,4,PRZ4,4819,0.5017638514214567,0.2625025938991492,0.23573355467939405,0.6526250259389915,0.15086117451753475,0.5268638067471887,2401,0.574703557312253,1265,0.21863244080548794,4519,0.9233333333333333,300
hce,29,4,PRZ5,4429,0.37389930006773536,0.36509370060961843,0.2610069993226462,0.5631067961165048,0.18920749604876946,0.5831229715109989,2773,0.518243661100804,1617,0.2601369141653502,3798,0.9968304278922345,631
hce,29,4,PRZ6,3309,0.3375642187972197,0.39498337866424904,0.26745240253853125,0.5176790571169537,0.18011483831973407,0.5962591240875912,2192,0.4560061208875287,1307,0.20040983606557378,2440,0.9413118527042578,869
hce,43,-1,CRC11,7469,0.25130539563529253,0.5710269112330968,0.17766769313161065,0.5928504485205516,0.34154505288525905,0.7626967095851216,5592,0.5981242672919109,4265,0.08626974483596597,3292,0.9530763706009098,4177
hce,43,-1,CRC13,5062,0.38858158830501777,0.4033978664559463,0.20802054523903596,0.7200711181351245,0.33148952983010666,0.6597738287560582,3095,0.821743388834476,2042,0.07114228456913828,2994,0.8844294003868471,2068
hce,43,-1,CRC16,7478,0.25033431398769723,0.5786306499063921,0.17103503610591067,0.36787911206204865,0.11754479807435143,0.7718515875847306,5606,0.2031430552345736,4327,0.2958344388431945,3769,0.866001617686708,3709
hce,43,-1,CRC17,6427,0.18546755873658005,0.5157927493387272,0.2987396919246927,0.40376536486696746,0.21829780613038743,0.6332378223495702,5235,0.42322775263951734,3315,0.14828390536487837,3001,0.837711617046118,3426
hce,43,-1,CRC22,5203,0.39227368825677494,0.4693446088794926,0.13838170286373247,0.6773015567941573,0.28502786853738227,0.7722960151802657,3162,0.6072891072891073,2442,0.2328438717410848,3337,0.8922829581993569,1866
hce,43,-1,CRC23,6110,0.4225859247135843,0.5080196399345336,0.06939443535188217,0.795417348608838,0.3728314238952537,0.8798185941043084,3528,0.7338917525773195,3104,0.12011624152405553,3097,0.9067374709591769,3013
hce,43,-1,CRC24,7254,0.3942652329749104,0.5408050730631376,0.06492969396195203,0.7748828232699201,0.38061759029500963,0.8928083750568958,4394,0.7037981136885036,3923,0.21512345679012346,3240,0.8036870951669158,4014
hce,43,-1,CRC25,7233,0.2953131480713397,0.523296004424167,0.1813908475044933,0.5892437439513342,0.2939305958799945,0.7425936825583677,5097,0.5616908850726552,3785,0.1267605633802817,3479,0.8907831646244007,3754
hce,43,-1,GC28_P_cDNA,7320,0.3935792349726776,0.44043715846994536,0.16598360655737704,0.6669398907103825,0.2733606557377049,0.7262897048884884,4439,0.6206575682382134,3224,0.24878048780487805,4715,0.7873320537428024,2605
hce,43,-1,GC29_P_cDNA,5117,0.3144420558921243,0.46179401993355484,0.2237639241743209,0.6511627906976745,0.33672073480555015,0.6736031927023945,3508,0.7291578501904359,2363,0.07956600361663653,2765,0.9111394557823129,2352
hce,43,-1,GC2_P_cDNA,4443,0.2739140220571686,0.5473778978167905,0.17870808012604097,0.5320729237002025,0.258158901643034,0.7538747675139492,3226,0.47162828947368424,2432,0.24476386036960984,2435,0.9143426294820717,2008
hce,43,-1,GC30_P_cDNA,7164,0.2702400893355667,0.5946398659966499,0.13512004466778335,0.6249302065884981,0.3546901172529313,0.8148431522570773,5228,0.5964788732394366,4260,0.21624203821656052,3140,0.8899105367793241,4024
hce,43,-1,GC31_P_cDNA,7103,0.3471772490496973,0.4309446712656624,0.2218780796846403,0.678445727157539,0.33126847810784177,0.660125080871253,4637,0.7687030382228031,3061,0.08199513381995134,4110,0.9101236217841631,2993
hce,43,-1,GC32_P_cDNA,7179,0.2742721827552584,0.5316896503691322,0.19403816687560943,0.6697311603287366,0.3954589775734782,0.7326295585412668,5210,0.7437778359968562,3817,0.011719987329743428,3157,0.939830929885629,4022
hce,43,-1,GC36_P_cDNA,7234,0.3321813657727398,0.4805087088747581,0.18730992535250207,0.6932540779651645,0.36107271219242465,0.7195197681639413,4831,0.7514384349827388,3476,0.028868660598179455,3845,0.9929182649749189,3389
hce,43,-1,HCC-1,7055,0.4218284904323175,0.41545003543586106,0.1627214741318214,0.6912827781715095,0.26945428773919206,0.7185584702132876,4079,0.6485841009894234,2931,0.083846518237802,4222,0.9096364278150371,2833
hce,43,-1,HCC-2-1_1,6913,0.4519022132214668,0.39621003905684943,0.15188774772168379,0.7086648343700275,0.2567626211485607,0.7228820269200317,3789,0.6480467323840818,2739,0.22958469435370976,4286,0.6680624286258089,2627
hce,43,-1,HCC-2-2,7179,0.4595347541440312,0.3861262014208107,0.1543390444351581,0.730045967404931,0.27051121326089983,0.7144329896907217,3880,0.7005772005772006,2772,0.19393258426966292,4450,0.6995236350311469,2729
hce,43,-1,HCC-22,7019,0.482404900983046,0.389086764496367,0.128508334520587,0.7919931614190056,0.30958826043595955,0.7517203413157171,3633,0.7956792383742219,2731,0.1375750300120048,4165,0.7561317449194114,2854
hce,43,-1,HCC-24,7039,0.4436709759909078,0.43315811905100154,0.12317090495809063,0.7714163943742008,0.3277454183832931,0.7786006128702758,3916,0.7566415218104297,3049,0.08619447779111644,4165,0.9359777313848295,2874
hce,43,-1,HCC-3-1_2,7198,0.4333148096693526,0.44554042789663795,0.12114476243400944,0.7154765212559044,0.28216171158655184,0.7862221132630547,4079,0.6333021515434986,3207,0.27913669064748203,4170,0.6747027741083224,3028
hce,43,-1,HCC-3-2_1,7285,0.4653397391901167,0.41496225120109814,0.11969800960878517,0.7482498284145505,0.2829100892244338,0.7761232349165597,3895,0.681773073106186,3023,0.15471006188402475,4363,0.8035592060232717,2922
hce,43,-1,PBMC-1,22144,0.2550578034682081,0.5132315751445087,0.23171062138728324,0.4895682803468208,0.2345104768786127,0.688954898157129,16496,0.45692916849978005,11365,0.34809953513809133,10971,0.6753781437393717,11173
hce,43,-1,PBMC-2,16302,0.21690590111642744,0.5633664581033002,0.21972764078027235,0.518525334314808,0.3016194331983806,0.7194109352968824,12766,0.5353876306620209,9184,0.15993788819875776,7084,0.8733998698199176,9218
hce,43,-1,PBMC-3,21398,0.25119170015889336,0.6748294233105898,0.07397887653051687,0.550472006729601,0.29928030657070753,0.9012045185046496,16023,0.44349030470914125,14440,0.2543138390272148,8635,0.9593355794092298,12763
hce,43,-1,PBMC-4,22627,0.30534317408405887,0.5726344632518673,0.12202236266407389,0.5486807795995934,0.24333760551553454,0.8243415192772617,15718,0.42494404568958866,12957,0.33330328977016677,11095,0.8028962885882761,11532
hce,43,-1,PBMC-5,19153,0.34407142484206127,0.43638072364642616,0.21954785151151257,0.5878974573173915,0.24382603247533025,0.6652869537530844,12563,0.5587461115099306,8358,0.2124078868751245,10042,0.683240039512677,9111
hce,43,-1,PBMC-6,15164,0.34694012134001584,0.47190714850962806,0.1811527301503561,0.5445133210234766,0.19757319968346082,0.7226093103100071,9903,0.41866964784795974,7156,0.29377893191825677,8857,0.7220548596797209,6307
hce,43,-1,PC-1,17977,0.281025755131557,0.5575457529064917,0.1614284919619514,0.7188073649663459,0.4377816098347889,0.7754738878143134,12925,0.7851940536765439,10023,0.12922173274596183,8172,0.9145334013258541,9805
hce,43,-1,PC-2,1929,0.28512182477967857,0.5111456713322965,0.20373250388802489,0.6174183514774495,0.3322965266977709,0.7150108774474256,1379,0.6501014198782962,986,0.15958451369216242,1059,0.9390804597701149,870
hce,43,-1,PC-3,4981,0.3280465769925718,0.4452921100180687,0.22666131298935957,0.6803854647661112,0.35233888777353944,0.662682999701225,3347,0.7912533814247069,2218,0.054286783976038935,2671,0.8974025974025974,2310
hce,43,-1,PC-4,2060,0.2883495145631068,0.6461165048543689,0.06553398058252427,0.6674757281553398,0.37912621359223303,0.907912687585266,1466,0.5867768595041323,1331,0.17663817663817663,702,0.8888070692194403,1358
hce,43,-1,PC-5,3977,0.36107618808146846,0.3397032939401559,0.2992205179783757,0.606487301986422,0.2454111139049535,0.5316804407713499,2541,0.7224278312361214,1351,0.031526336024605923,2601,0.9222383720930233,1376
hce,43,-1,PC-6,6890,0.34571843251088535,0.40870827285921624,0.2455732946298984,0.588388969521045,0.24267053701015964,0.6246672582076309,4508,0.59375,2816,0.0912216364886546,4363,0.9568658488326078,2527
hce,43,-1,PRZ1,8750,0.2944,0.5849142857142857,0.12068571428571429,0.7605714285714286,0.46617142857142857,0.8289601554907677,6174,0.7969910121141071,5118,0.12447589098532495,3816,0.9410214835832995,4934
hce,43,-1,PRZ2,12428,0.3668329578371419,0.4742516897328613,0.15891535242999677,0.7058255551979401,0.3389925973607982,0.7490151226331173,7869,0.7147947064811673,5894,0.1458214081282198,6988,0.8961397058823529,5440
hce,43,-1,PRZ3,9117,0.41493912471207633,0.4277722935176045,0.15728858177031918,0.690358670615334,0.2754195459032576,0.7311586051743532,5334,0.6438461538461538,3900,0.14990958408679927,5530,0.8561471982157792,3587
hce,43,-1,PRZ4,7719,0.3793237465993004,0.4614587381785205,0.15921751522217903,0.7063091073973312,0.3269853607980308,0.7434773533709038,4791,0.7085906793935991,3562,0.25082101806239737,4872,0.821917808219178,2847
hce,43,-1,PRZ5,12944,0.2523176761433869,0.6555160692212608,0.09216625463535229,0.6711990111248455,0.4188813349814586,0.876730729489564,9678,0.6390100176782557,8485,0.2321696294709788,4669,0.8943806646525679,8275
hce,43,-1,PRZ6,8748,0.3116140832190215,0.48845450388660266,0.19993141289437585,0.6660951074531322,0.35448102423411065,0.7095649285951511,6022,0.7257196349169202,4273,0.08616928446771378,4584,0.9313160422670509,4164
hce,43,0,CRC11,324,0.024691358024691357,0.9691358024691358,0.006172839506172839,0.7962962962962963,0.7716049382716049,0.9936708860759493,316,0.7961783439490446,314,0.0,10,1.0,314
hce,43,0,CRC13,209,0.14354066985645933,0.8516746411483254,0.004784688995215311,0.9330143540669856,0.7894736842105263,0.994413407821229,179,0.9269662921348315,178,0.0,29,0.9888888888888889,180
hce,43,0,CRC16,167,0.08982035928143713,0.8862275449101796,0.023952095808383235,0.8562874251497006,0.7664670658682635,0.9736842105263158,152,0.8648648648648649,148,0.0,17,0.9866666666666667,150
hce,43,0,CRC17,269,0.03717472118959108,0.9553903345724907,0.007434944237918215,0.8178438661710037,0.7806691449814126,0.9922779922779923,259,0.8171206225680934,257,0.0,12,1.0,257
hce,43,0,CRC22,213,0.22065727699530516,0.7793427230046949,0.0,0.7464788732394366,0.5258215962441315,1.0,166,0.6746987951807228,166,0.0,44,0.9822485207100592,169
hce,43,0,CRC23,91,0.16483516483516483,0.8351648351648352,0.0,0.9340659340659341,0.7692307692307693,1.0,76,0.9210526315789473,76,0.0,15,1.0,76
hce,43,0,CRC24,238,0.13025210084033614,0.8697478991596639,0.0,0.9369747899159664,0.8067226890756303,1.0,207,0.927536231884058,207,0.0,31,1.0,207
hce,43,0,CRC25,501,0.0998003992015968,0.8922155688622755,0.007984031936127744,0.7105788423153693,0.6107784431137725,0.991130820399113,451,0.6845637583892618,447,0.0,51,0.9933333333333333,450
hce,43,0,GC28_P_cDNA,337,0.27596439169139464,0.7151335311572701,0.008902077151335312,0.9347181008902077,0.658753709198813,0.9877049180327869,244,0.921161825726141,241,0.0,91,0.9796747967479674,246
hce,43,0,GC29_P_cDNA,225,0.0044444444444444444,0.9955555555555555,0.0,0.9466666666666667,0.9422222222222222,1.0,224,0.9464285714285714,224,0.0,1,1.0,224
hce,43,0,GC2_P_cDNA,226,0.0752212389380531,0.9203539823008849,0.004424778761061947,0.827433628318584,0.7522123893805309,0.9952153110047847,209,0.8173076923076923,208,0.0,14,0.9811320754716981,212
hce,43,0,GC30_P_cDNA,400,0.05,0.9425,0.0075,0.9325,0.8825,0.9921052631578947,380,0.9363395225464191,377,0.0,16,0.9817708333333334,384
hce,43,0,GC31_P_cDNA,939,0.0362087326943557,0.9584664536741214,0.005324813631522897,0.9371671991480298,0.9009584664536742,0.994475138121547,905,0.94,900,0.02631578947368421,38,0.9977802441731409,901
hce,43,0,GC32_P_cDNA,713,0.1514726507713885,0.8415147265077139,0.0070126227208976155,0.8990182328190743,0.7475455820476858,0.9917355371900827,605,0.8883333333333333,600,0.0,109,0.9933774834437086,604
hce,43,0,GC36_P_cDNA,790,0.15822784810126583,0.839240506329114,0.002531645569620253,0.9455696202531646,0.7873417721518987,0.9969924812030075,665,0.9381598793363499,663,0.0,127,1.0,663
hce,43,0,HCC-1,390,0.04358974358974359,0.9564102564102565,0.0,0.958974358974359,0.9153846153846154,1.0,373,0.9571045576407506,373,0.0,16,0.9973262032085561,374
hce,43,0,HCC-2-1_1,200,0.03,0.97,0.0,0.98,0.95,1.0,194,0.979381443298969,194,0.0,6,1.0,194
hce,43,0,HCC-2-2,309,0.003236245954692557,0.9967637540453075,0.0,0.9579288025889967,0.9546925566343042,1.0,308,0.9577922077922078,308,0.0,1,1.0,308
hce,43,0,HCC-22,679,0.27245949926362295,0.7260677466863034,0.0014727540500736377,0.914580265095729,0.6421207658321061,0.9979757085020243,494,0.8843813387423936,493,0.0,179,0.986,500
hce,43,0,HCC-24,401,0.20199501246882792,0.7306733167082294,0.06733167082294264,0.885286783042394,0.683291770573566,0.915625,320,0.9351535836177475,293,0.0,106,0.9932203389830508,295
hce,43,0,HCC-3-1_2,202,0.0049504950495049506,0.995049504950495,0.0,0.9603960396039604,0.9554455445544554,1.0,201,0.9601990049751243,201,0.0,1,1.0,201
hce,43,0,HCC-3-2_1,230,0.017391304347826087,0.9826086956521739,0.0,0.9652173913043478,0.9478260869565217,1.0,226,0.9646017699115044,226,0.0,4,1.0,226
hce,43,0,PBMC-1,2772,0.045093795093795096,0.8708513708513709,0.08405483405483405,0.5025252525252525,0.4574314574314574,0.9119758216849263,2647,0.5252692626346314,2414,0.046875,64,0.8903249630723782,2708
hce,43,0,PBMC-2,2118,0.08640226628895184,0.8611898016997167,0.05240793201133145,0.46742209631728043,0.3810198300283286,0.9426356589147287,1935,0.44243421052631576,1824,0.08762886597938144,194,0.9391891891891891,1924
hce,43,0,PBMC-3,2459,0.023180154534363562,0.9564863765758438,0.020333468889792598,0.6409109394062628,0.6177307848718991,0.9791840133222315,2402,0.6458333333333334,2352,0.075,80,0.9861286254728878,2379
hce,43,0,PBMC-4,2612,0.021822358346094948,0.9643950995405819,0.013782542113323124,0.571592649310873,0.5497702909647779,0.9859099804305284,2555,0.5700674870980548,2519,0.0196078431372549,51,0.9832096837172979,2561
hce,43,0,PBMC-5,1529,0.06867233485938522,0.9064748201438849,0.02485284499672989,0.6337475474166122,0.5650752125572269,0.973314606741573,1424,0.6233766233766234,1386,0.031914893617021274,94,0.9637630662020906,1435
hce,43,0,PBMC-6,1231,0.10641754670999187,0.7855402112103981,0.10804224207961008,0.5735174654752234,0.4670999187652315,0.8790909090909091,1100,0.594622543950362,967,0.0748663101604278,187,0.9128352490421456,1044
hce,43,0,PC-1,2813,0.0067543547813722,0.9921791681478849,0.001066477070742979,0.9210806967650196,0.9143263419836474,0.9989262705798139,2794,0.9215335005374418,2791,0.0,20,0.9992839240959541,2793
hce,43,0,PC-2,344,0.046511627906976744,0.9505813953488372,0.0029069767441860465,0.9069767441860465,0.8604651162790697,0.9969512195121951,328,0.9051987767584098,327,0.0,15,0.993920972644377,329
hce,43,0,PC-3,497,0.05030181086519115,0.9456740442655935,0.004024144869215292,0.9235412474849095,0.8732394366197183,0.9957627118644068,472,0.9234042553191489,470,0.0,23,0.9915611814345991,474
hce,43,0,PC-4,132,0.03787878787878788,0.9545454545454546,0.007575757575757576,0.6818181818181818,0.6439393939393939,0.9921259842519685,127,0.6746031746031746,126,0.0,3,0.9767441860465116,129
hce,43,0,PC-5,207,0.14492753623188406,0.8405797101449275,0.014492753623188406,0.8647342995169082,0.7198067632850241,0.9830508474576272,177,0.8563218390804598,174,0.0,28,0.9720670391061452,179
hce,43,0,PC-6,268,0.07835820895522388,0.917910447761194,0.0037313432835820895,0.8805970149253731,0.8022388059701493,0.9959514170040485,247,0.8739837398373984,246,0.0,16,0.9761904761904762,252
hce,43,0,PRZ1,2651,0.013202565069784986,0.986043002640513,0.0007544322897019992,0.970577140701622,0.957374575631837,0.9992354740061162,2616,0.9709257842387146,2614,0.0,31,0.9977099236641221,2620
hce,43,0,PRZ2,1922,0.07388137356919876,0.921436004162331,0.004682622268470343,0.9302809573361083,0.8563995837669095,0.994943820224719,1780,0.9294184076792772,1771,0.0,85,0.9640718562874252,1837
hce,43,0,PRZ3,584,0.053082191780821915,0.940068493150685,0.00684931506849315,0.9537671232876712,0.9006849315068494,0.9927667269439421,553,0.9581056466302368,549,0.0,12,0.9597902097902098,572
hce,43,0,PRZ4,1085,0.18986175115207374,0.8055299539170507,0.004608294930875576,0.9539170506912442,0.7640552995391705,0.9943117178612059,879,0.948512585812357,874,0.0,16,0.8175865294667914,1069
hce,43,0,PRZ5,406,0.15763546798029557,0.8325123152709359,0.009852216748768473,0.9064039408866995,0.7487684729064039,0.9883040935672515,342,0.8994082840236687,338,0.0,16,0.8666666666666667,390
hce,43,0,PRZ6,406,0.10344827586206896,0.8940886699507389,0.0024630541871921183,0.896551724137931,0.7931034482758621,0.9972527472527473,364,0.8870523415977961,363,0.0,19,0.937984496124031,387
hce,43,1,CRC11,2305,0.010845986984815618,0.9800433839479392,0.00911062906724512,0.3431670281995662,0.33232104121475053,0.9907894736842106,2280,0.3390880920761399,2259,0.29508196721311475,61,0.9986631016042781,2244
hce,43,1,CRC13,887,0.23900789177001128,0.41713641488162345,0.3438556933483653,0.40135287485907556,0.16234498308906425,0.5481481481481482,675,0.3891891891891892,370,0.12521150592216582,591,1.0,296
hce,43,1,CRC16,973,0.05858170606372045,0.7697841726618705,0.17163412127440905,0.2579650565262076,0.19938335046248715,0.8176855895196506,916,0.2590120160213618,749,0.08333333333333333,240,0.9945429740791268,733
hce,43,1,CRC17,1047,0.14040114613180515,0.19102196752626552,0.6685768863419294,0.1833810888252149,0.04297994269340974,0.2222222222222222,900,0.225,200,0.02981651376146789,872,0.9942857142857143,175
hce,43,1,CRC22,603,0.087893864013267,0.7529021558872305,0.15920398009950248,0.296849087893864,0.208955223880597,0.8254545454545454,550,0.2775330396475771,454,0.2660098522167488,203,1.0,400
hce,43,1,CRC23,743,0.1063257065948856,0.7388963660834454,0.15477792732166892,0.43741588156123823,0.3310901749663526,0.8268072289156626,664,0.44808743169398907,549,0.245136186770428,257,1.0,486
hce,43,1,CRC24,1275,0.03058823529411765,0.8901960784313725,0.0792156862745098,0.4172549019607843,0.38666666666666666,0.9182847896440129,1236,0.4343612334801762,1135,0.2893401015228426,197,1.0,1078
hce,43,1,CRC25,2612,0.5509188361408882,0.02105666156202144,0.4280245022970903,0.55895865237366,0.008039816232771823,0.04688832054560955,1173,0.38181818181818183,55,0.008533747090768037,2578,0.9705882352941176,34
hce,43,1,GC28_P_cDNA,2914,0.4344543582704187,0.30542210020590255,0.2601235415236788,0.5439258750857927,0.10947151681537405,0.5400485436893204,1648,0.35842696629213483,890,0.07077205882352941,2176,0.997289972899729,738
hce,43,1,GC29_P_cDNA,2010,0.36666666666666664,0.345273631840796,0.2880597014925373,0.5194029850746269,0.1527363184079602,0.5451688923802043,1273,0.4423631123919308,694,0.04093567251461988,1368,0.9937694704049844,642
hce,43,1,GC2_P_cDNA,1331,0.05259203606311044,0.9256198347107438,0.021788129226145755,0.3110443275732532,0.25845229151014276,0.9770023790642347,1261,0.2792207792207792,1232,0.2222222222222222,126,0.9991701244813278,1205
hce,43,1,GC30_P_cDNA,2289,0.09480122324159021,0.8230668414154653,0.08213193534294452,0.41764962865880295,0.32284840541721277,0.9092664092664092,2072,0.39225053078556266,1884,0.23046875,512,0.9938097917839055,1777
hce,43,1,GC31_P_cDNA,1645,0.27173252279635257,0.4066869300911854,0.321580547112462,0.4601823708206687,0.1884498480243161,0.5584307178631052,1198,0.4633781763826607,669,0.14685314685314685,1144,1.0,501
hce,43,1,GC32_P_cDNA,1335,0.39325842696629215,0.05468164794007491,0.552059925093633,0.41048689138576777,0.017228464419475654,0.09012345679012346,810,0.3150684931506849,73,0.0109717868338558,1276,1.0,59
hce,43,1,GC36_P_cDNA,1385,0.1184115523465704,0.7516245487364621,0.1299638989169675,0.3855595667870036,0.26714801444043323,0.8525798525798526,1221,0.3554274735830932,1041,0.19437939110070257,427,1.0,958
hce,43,1,HCC-1,1749,0.5471698113207547,0.13607775871926817,0.31675242995997716,0.5934819897084048,0.04631217838765009,0.3005050505050505,792,0.3403361344537815,238,0.01241830065359477,1530,1.0,219
hce,43,1,HCC-2-1_1,2075,0.49204819277108436,0.22409638554216868,0.283855421686747,0.5893975903614458,0.09734939759036144,0.4411764705882353,1054,0.4344086021505376,465,0.04564315352697095,1687,1.0,388
hce,43,1,HCC-2-2,1981,0.591115598182736,0.08985360928823827,0.3190307925290257,0.6410903584048461,0.049974760222110046,0.21975308641975308,810,0.5561797752808989,178,0.013143483023001095,1826,0.9935483870967742,155
hce,43,1,HCC-22,172,0.12209302325581395,0.7906976744186046,0.0872093023255814,0.7093023255813954,0.5872093023255814,0.9006622516556292,151,0.7426470588235294,136,0.07894736842105263,38,0.9925373134328358,134
hce,43,1,HCC-24,143,0.11888111888111888,0.8321678321678322,0.04895104895104895,0.6853146853146853,0.5664335664335665,0.9444444444444444,126,0.680672268907563,119,0.041666666666666664,24,0.9915966386554622,119
hce,43,1,HCC-3-1_2,1370,0.4394160583941606,0.24817518248175183,0.3124087591240876,0.5751824817518248,0.13576642335766423,0.4427083333333333,768,0.5470588235294118,340,0.019083969465648856,1048,0.9937888198757764,322
hce,43,1,HCC-3-2_1,1443,0.4954954954954955,0.15523215523215522,0.3492723492723493,0.58004158004158,0.08454608454608455,0.3076923076923077,728,0.5446428571428571,224,0.009764035801464606,1229,0.9906542056074766,214
hce,43,1,PBMC-1,2920,0.4726027397260274,0.11095890410958904,0.41643835616438357,0.513013698630137,0.04041095890410959,0.21038961038961038,1540,0.36419753086419754,324,0.018953752843062926,2638,0.9716312056737588,282
hce,43,1,PBMC-2,2459,0.5075233834892232,0.1032940219601464,0.3891825945506303,0.5437169581130541,0.036193574623830826,0.2097440132122213,1211,0.35039370078740156,254,0.010355695632597929,2221,0.9705882352941176,238
hce,43,1,PBMC-3,3357,0.22341376228775692,0.6017277330950254,0.17485850461721775,0.49031873696753053,0.2669049746797736,0.7748369773686229,2607,0.44356435643564357,2020,0.07189072609633357,1391,0.9766022380467956,1966
hce,43,1,PBMC-4,3132,0.2822477650063857,0.384418901660281,0.3333333333333333,0.4240102171136654,0.1417624521072797,0.5355871886120996,2248,0.3687707641196013,1204,0.032753326509723645,1954,0.967741935483871,1178
hce,43,1,PBMC-5,2640,0.38333333333333336,0.27234848484848484,0.3443181818181818,0.4981060606060606,0.11477272727272728,0.4416461916461916,1628,0.42141863699582754,719,0.016221873364730507,1911,0.943758573388203,729
hce,43,1,PBMC-6,1826,0.41073384446878425,0.27053669222343923,0.3187294633077766,0.5197152245345017,0.10898138006571742,0.4591078066914498,1076,0.402834008097166,494,0.04499274310595065,1378,0.9642857142857143,448
hce,43,1,PC-1,3065,0.1135399673735726,0.7872756933115824,0.09918433931484502,0.4300163132137031,0.3164763458401305,0.8881118881118881,2717,0.40198922503108164,2413,0.22302158273381295,834,0.9982070820259973,2231
hce,43,1,PC-2,338,0.0650887573964497,0.8372781065088757,0.09763313609467456,0.2514792899408284,0.1863905325443787,0.8955696202531646,316,0.2226148409893993,283,0.2361111111111111,72,1.0,266
hce,43,1,PC-3,1027,0.3729308666017527,0.25121713729308665,0.3758519961051607,0.4790652385589094,0.10613437195715676,0.40062111801242234,644,0.42248062015503873,258,0.07692307692307693,832,0.9948717948717949,195
hce,43,1,PC-4,761,0.030223390275952694,0.9487516425755584,0.02102496714848883,0.43495400788436267,0.40473061760841,0.978319783197832,738,0.4265927977839335,722,0.2549019607843137,51,0.9985915492957746,710
hce,43,1,PC-5,1203,0.35328345802161265,0.2684954280964256,0.3782211138819618,0.43640897755610975,0.0831255195344971,0.41516709511568123,778,0.30959752321981426,323,0.07853403141361257,955,1.0,248
hce,43,1,PC-6,3500,0.27085714285714285,0.4677142857142857,0.26142857142857145,0.46285714285714286,0.192,0.6414576802507836,2552,0.41050702504581554,1637,0.14035087719298245,2166,0.9992503748125937,1334
hce,43,1,PRZ1,1039,0.1867179980750722,0.6390760346487007,0.17420596727622714,0.44850818094321465,0.26179018286814243,0.7857988165680473,845,0.40963855421686746,664,0.1288056206088993,427,0.9950980392156863,612
hce,43,1,PRZ2,1461,0.2299794661190965,0.5229295003422314,0.24709103353867215,0.4195756331279945,0.189596167008898,0.6791111111111111,1125,0.362565445026178,764,0.15328467153284672,822,0.9984350547730829,639
hce,43,1,PRZ3,1841,0.27756653992395436,0.4204236827810972,0.3020097772949484,0.44215100488864745,0.1645844649646931,0.5819548872180451,1330,0.39147286821705424,774,0.11480865224625623,1202,0.9953051643192489,639
hce,43,1,PRZ4,349,0.07163323782234957,0.8538681948424068,0.07449856733524356,0.4154727793696275,0.3438395415472779,0.9197530864197531,324,0.40268456375838924,298,0.16393442622950818,61,1.0,288
hce,43,1,PRZ5,2563,0.026531408505657432,0.963714397190792,0.009754194303550527,0.36363636363636365,0.3371049551307062,0.9899799599198397,2495,0.3497975708502024,2470,0.2396694214876033,121,0.9995904995904996,2442
hce,43,1,PRZ6,2227,0.44274809160305345,0.27346205657835654,0.28378985181859,0.5693758419398294,0.12662775033677592,0.49073327961321517,1241,0.4630541871921182,609,0.04042806183115339,1682,0.9926605504587156,545
hce,43,2,CRC11,1603,0.14472863381160325,0.8533998752339363,0.0018714909544603868,0.9800374298190893,0.835308796007486,0.9978118161925602,1371,0.9788011695906432,1368,0.0,43,0.8769230769230769,1560
hce,43,2,CRC13,1356,0.13348082595870206,0.8650442477876106,0.0014749262536873156,0.9889380530973452,0.855457227138643,0.9982978723404256,1175,0.9889173060528559,1173,0.0,31,0.8852830188679245,1325
hce,43,2,CRC16,2359,0.7299703264094956,0.11191182704535821,0.15811784654514624,0.7961000423908435,0.06612971598134802,0.41444270015698587,637,0.5909090909090909,264,0.0,1605,0.35013262599469497,754
hce,43,2,CRC17,2313,0.31474275832252485,0.546908776480761,0.13834846519671423,0.6826632079550368,0.3679204496325119,0.7981072555205048,1585,0.6727272727272727,1265,0.0,561,0.7220319634703196,1752
hce,43,2,CRC22,762,0.5433070866141733,0.4566929133858268,0.0,0.9973753280839895,0.4540682414698163,1.0,348,0.9942528735632183,348,0.0,256,0.6877470355731226,506
hce,43,2,CRC23,2384,0.62751677852349,0.3561241610738255,0.016359060402684564,0.9773489932885906,0.3498322147651007,0.956081081081081,888,0.9823321554770318,849,0.0,1300,0.783210332103321,1084
hce,43,2,CRC24,3061,0.6099313949689644,0.38451486442339106,0.00555374060764456,0.9888925187847108,0.3789611238157465,0.9857621440536013,1194,0.9855564995751912,1177,0.0,1112,0.6038994356080041,1949
hce,43,2,CRC25,1013,0.38795656465942746,0.577492596248766,0.034550839091806514,0.9022704837117473,0.5143139190523198,0.9435483870967742,620,0.8905982905982905,585,0.0,134,0.6655290102389079,879
hce,43,2,GC28_P_cDNA,1140,0.493859649122807,0.4745614035087719,0.031578947368421054,0.9228070175438596,0.42894736842105263,0.9376083188908145,577,0.9038817005545287,541,0.0,117,0.5288367546432062,1023
hce,43,2,GC29_P_cDNA,1291,0.15491866769945778,0.836560805577072,0.008520526723470178,0.9496514329976762,0.7947327652982185,0.9899175068744271,1091,0.95,1080,0.0,36,0.8605577689243028,1255
hce,43,2,GC2_P_cDNA,551,0.33030852994555354,0.6352087114337568,0.034482758620689655,0.9092558983666061,0.5789473684210527,0.948509485094851,369,0.9114285714285715,350,0.0,34,0.6769825918762089,517
hce,43,2,GC30_P_cDNA,1644,0.2937956204379562,0.639294403892944,0.06690997566909976,0.8862530413625304,0.5924574209245742,0.905254091300603,1161,0.9267364414843007,1051,0.009389671361502348,213,0.7330538085255066,1431
hce,43,2,GC31_P_cDNA,1059,0.06232294617563739,0.9338999055712937,0.003777148253068933,0.9423984891406988,0.8800755429650614,0.9959718026183283,993,0.942366026289181,989,0.0,5,0.9383301707779886,1054
hce,43,2,GC32_P_cDNA,1301,0.02997694081475788,0.9684857801691007,0.0015372790161414297,0.9331283627978478,0.90315142198309,0.9984152139461173,1262,0.9325396825396826,1260,0.0,14,0.9790209790209791,1287
hce,43,2,GC36_P_cDNA,1711,0.008182349503214495,0.9900642898889538,0.0017533606078316774,0.9362945645821157,0.9281122150789012,0.9982321744254566,1697,0.9374262101534829,1694,0.0,2,0.9912229373902867,1709
hce,43,2,HCC-1,1885,0.5485411140583555,0.41379310344827586,0.0376657824933687,0.9305039787798408,0.3819628647214854,0.9165687426556992,851,0.9230769230769231,780,0.0,885,0.78,1000
hce,43,2,HCC-2-1_1,2190,0.6639269406392694,0.28949771689497716,0.04657534246575343,0.9251141552511416,0.26118721461187216,0.8614130434782609,736,0.9022082018927445,634,0.0,695,0.4240802675585284,1495
hce,43,2,HCC-2-2,2281,0.5975449364313897,0.3704515563349408,0.032003507233669445,0.9302937308198159,0.33274879438842614,0.920479302832244,918,0.8982248520710059,845,0.0,644,0.516188149053146,1637
hce,43,2,HCC-22,2305,0.4655097613882863,0.5041214750542299,0.03036876355748373,0.9392624728850325,0.4737527114967462,0.9431818181818182,1232,0.9397590361445783,1162,0.0020408163265306124,490,0.6396694214876033,1815
hce,43,2,HCC-24,1825,0.47342465753424656,0.4958904109589041,0.030684931506849315,0.9364383561643835,0.46301369863013697,0.9417273673257024,961,0.9337016574585635,905,0.0,744,0.8371877890841813,1081
hce,43,2,HCC-3-1_2,2625,0.7775238095238095,0.13752380952380952,0.08495238095238095,0.8918095238095238,0.11428571428571428,0.6181506849315068,584,0.8310249307479224,361,0.0,1287,0.26980568011958145,1338
hce,43,2,HCC-3-2_1,2722,0.7850844966936077,0.14364437913299044,0.07127112417340191,0.9077883908890522,0.12270389419544453,0.6683760683760683,585,0.8542199488491049,391,0.0,1767,0.4094240837696335,955
hce,43,2,PBMC-1,6154,0.5232369190770231,0.3856028599285018,0.09116022099447514,0.8773155671108223,0.3540786480337992,0.8087934560327198,2934,0.9182469447956174,2373,0.0,614,0.4283393501805054,5540
hce,43,2,PBMC-2,4070,0.2501228501228501,0.7174447174447175,0.032432432432432434,0.8778869778869779,0.6277641277641277,0.9567496723460026,3052,0.875,2920,0.0,233,0.761011206671879,3837
hce,43,2,PBMC-3,4904,0.8629690048939641,0.03772430668841762,0.09930668841761828,0.8892740619902121,0.02630505709624796,0.27529761904761907,672,0.6972972972972973,185,0.0,4281,0.2969502407704655,623
hce,43,2,PBMC-4,6989,0.7880955787666333,0.13778795249678066,0.07411646873658606,0.9079982830161683,0.11990270424953499,0.650236326806212,1481,0.8701973001038421,963,0.0,3843,0.30610298792116974,3146
hce,43,2,PBMC-5,7266,0.5568400770712909,0.36540049545829895,0.07775942747041013,0.8777869529314616,0.3209468758601707,0.8245341614906833,3220,0.8783427495291902,2655,0.0,1841,0.4894009216589862,5425
hce,43,2,PBMC-6,4702,0.7048064653339005,0.20353041259038707,0.09166312207571246,0.8845172267120375,0.17971076137813696,0.6894812680115274,1388,0.8829676071055381,957,0.0,2136,0.3729540140296181,2566
hce,43,2,PC-1,4545,0.2319031903190319,0.7566556655665566,0.01144114411441144,0.9529152915291529,0.721012101210121,0.9851045545688915,3491,0.9528932829310847,3439,0.0,351,0.8199809251311397,4194
hce,43,2,PC-2,267,0.26591760299625467,0.7340823970037453,0.0,0.9662921348314607,0.700374531835206,1.0,196,0.9540816326530612,196,0.0,21,0.7967479674796748,246
hce,43,2,PC-3,1145,0.1240174672489083,0.8698689956331878,0.00611353711790393,0.9493449781659389,0.8253275109170306,0.9930209371884346,1003,0.9487951807228916,996,0.0,82,0.9369708372530574,1063
hce,43,2,PC-4,597,0.6147403685092128,0.37185929648241206,0.01340033500837521,0.9765494137353434,0.36180904522613067,0.9652173913043478,230,0.972972972972973,222,0.0,231,0.6065573770491803,366
hce,43,2,PC-5,584,0.008561643835616438,0.9914383561643836,0.0,0.9452054794520548,0.9366438356164384,1.0,579,0.9447322970639033,579,0.0,1,0.9931389365351629,583
hce,43,2,PC-6,734,0.06948228882833787,0.9250681198910081,0.005449591280653951,0.9141689373297003,0.8446866485013624,0.9941434846266471,683,0.9131075110456554,679,0.0,9,0.9365517241379311,725
hce,43,2,PRZ1,1648,0.3907766990291262,0.5412621359223301,0.06796116504854369,0.8216019417475728,0.4308252427184466,0.8884462151394422,1004,0.7959641255605381,892,0.0,510,0.7838312829525483,1138
hce,43,2,PRZ2,1821,0.3163097199341021,0.5908841295991214,0.0928061504667765,0.7402526084568918,0.42394288852278966,0.8642570281124498,1245,0.7174721189591078,1076,0.0,488,0.8072018004501126,1333
hce,43,2,PRZ3,2390,0.5447698744769874,0.41506276150627613,0.0401673640167364,0.9276150627615063,0.38284518828451886,0.9117647058823529,1088,0.9223790322580645,992,0.0,993,0.7100930565497494,1397
hce,43,2,PRZ4,1456,0.3021978021978022,0.6483516483516484,0.04945054945054945,0.8262362637362637,0.5240384615384616,0.9291338582677166,1016,0.8082627118644068,944,0.0,210,0.7576243980738363,1246
hce,43,2,PRZ5,5532,0.3163412870571222,0.648590021691974,0.03506869125090383,0.901120751988431,0.5847794649313087,0.9487043892120571,3782,0.9016164994425864,3588,0.0,1127,0.8145289443813848,4405
hce,43,2,PRZ6,2764,0.14254703328509408,0.8473227206946454,0.010130246020260492,0.8798842257597684,0.7373371924746743,0.9881856540084388,2370,0.8701964133219471,2342,0.0,229,0.9238658777120315,2535
hce,43,3,CRC11,17,0.0,1.0,0.0,0.9411764705882353,0.9411764705882353,1.0,17,0.9411764705882353,17,,0,1.0,17
hce,43,3,CRC13,9,0.0,1.0,0.0,1.0,1.0,1.0,9,1.0,9,,0,1.0,9
hce,43,3,CRC16,20,0.0,1.0,0.0,1.0,1.0,1.0,20,1.0,20,,0,1.0,20
hce,43,3,CRC17,48,0.0,1.0,0.0,0.6666666666666666,0.6666666666666666,1.0,48,0.6666666666666666,48,,0,1.0,48
hce,43,3,CRC22,2,0.0,1.0,0.0,1.0,1.0,1.0,2,1.0,2,,0,1.0,2
hce,43,3,CRC23,9,0.0,1.0,0.0,1.0,1.0,1.0,9,1.0,9,,0,1.0,9
hce,43,3,CRC24,3,0.0,1.0,0.0,1.0,1.0,1.0,3,1.0,3,,0,1.0,3
hce,43,3,CRC25,37,0.0,1.0,0.0,1.0,1.0,1.0,37,1.0,37,,0,1.0,37
hce,43,3,GC28_P_cDNA,14,0.0,1.0,0.0,1.0,1.0,1.0,14,1.0,14,,0,1.0,14
hce,43,3,GC29_P_cDNA,15,0.0,1.0,0.0,1.0,1.0,1.0,15,1.0,15,,0,1.0,15
hce,43,3,GC2_P_cDNA,1,0.0,1.0,0.0,1.0,1.0,1.0,1,1.0,1,,0,1.0,1
hce,43,3,GC30_P_cDNA,11,0.0,1.0,0.0,1.0,1.0,1.0,11,1.0,11,,0,1.0,11
hce,43,3,GC31_P_cDNA,20,0.0,1.0,0.0,1.0,1.0,1.0,20,1.0,20,,0,1.0,20
hce,43,3,GC32_P_cDNA,6,0.0,1.0,0.0,1.0,1.0,1.0,6,1.0,6,,0,1.0,6
hce,43,3,GC36_P_cDNA,11,0.0,1.0,0.0,1.0,1.0,1.0,11,1.0,11,,0,1.0,11
hce,43,3,HCC-1,10,0.0,1.0,0.0,1.0,1.0,1.0,10,1.0,10,,0,1.0,10
hce,43,3,HCC-2-1_1,6,0.0,1.0,0.0,1.0,1.0,1.0,6,1.0,6,,0,1.0,6
hce,43,3,HCC-2-2,19,0.0,1.0,0.0,1.0,1.0,1.0,19,1.0,19,,0,1.0,19
hce,43,3,HCC-22,5,0.0,1.0,0.0,1.0,1.0,1.0,5,1.0,5,,0,1.0,5
hce,43,3,HCC-3-1_2,13,0.0,1.0,0.0,1.0,1.0,1.0,13,1.0,13,,0,1.0,13
hce,43,3,HCC-3-2_1,15,0.0,1.0,0.0,1.0,1.0,1.0,15,1.0,15,,0,1.0,15
hce,43,3,PBMC-1,108,0.018518518518518517,0.9814814814814815,0.0,1.0,0.9814814814814815,1.0,106,1.0,106,0.0,1,0.9906542056074766,107
hce,43,3,PBMC-2,371,0.04043126684636118,0.9595687331536388,0.0,0.9892183288409704,0.9487870619946092,1.0,356,0.9887640449438202,356,0.0,11,0.9888888888888889,360
hce,43,3,PBMC-3,131,0.05343511450381679,0.9465648854961832,0.0,0.9847328244274809,0.9312977099236641,1.0,124,0.9838709677419355,124,0.0,5,0.9841269841269841,126
hce,43,3,PBMC-4,287,0.0627177700348432,0.9372822299651568,0.0,1.0,0.9372822299651568,1.0,269,1.0,269,0.0,12,0.9781818181818182,275
hce,43,3,PBMC-5,120,0.075,0.925,0.0,0.9916666666666667,0.9166666666666666,1.0,111,0.990990990990991,111,0.0,4,0.9568965517241379,116
hce,43,3,PBMC-6,134,0.2537313432835821,0.746268656716418,0.0,0.9925373134328358,0.7388059701492538,1.0,100,0.99,100,0.0,22,0.8928571428571429,112
hce,43,3,PC-1,98,0.0,1.0,0.0,1.0,1.0,1.0,98,1.0,98,,0,1.0,98
hce,43,3,PC-2,2,0.0,1.0,0.0,1.0,1.0,1.0,2,1.0,2,,0,1.0,2
hce,43,3,PC-3,2,0.0,1.0,0.0,1.0,1.0,1.0,2,1.0,2,,0,1.0,2
hce,43,3,PC-5,11,0.0,1.0,0.0,1.0,1.0,1.0,11,1.0,11,,0,1.0,11
hce,43,3,PC-6,11,0.0,1.0,0.0,1.0,1.0,1.0,11,1.0,11,,0,1.0,11
hce,43,3,PRZ1,1,0.0,1.0,0.0,1.0,1.0,1.0,1,1.0,1,,0,1.0,1
hce,43,3,PRZ2,4,0.0,1.0,0.0,1.0,1.0,1.0,4,1.0,4,,0,1.0,4
hce,43,3,PRZ3,2,0.0,1.0,0.0,1.0,1.0,1.0,2,1.0,2,,0,1.0,2
hce,43,3,PRZ4,10,0.0,1.0,0.0,1.0,1.0,1.0,10,1.0,10,,0,1.0,10
hce,43,3,PRZ5,14,0.07142857142857142,0.9285714285714286,0.0,1.0,0.9285714285714286,1.0,13,1.0,13,0.0,1,1.0,13
hce,43,3,PRZ6,42,0.0,1.0,0.0,1.0,1.0,1.0,42,1.0,42,,0,1.0,42
hce,43,4,CRC11,3220,0.5006211180124224,0.0953416149068323,0.40403726708074533,0.5565217391304348,0.055900621118012424,0.19092039800995025,1608,0.5863192182410424,307,0.08370044052863436,3178,0.9761904761904762,42
hce,43,4,CRC13,2601,0.5936178392925798,0.11995386389850057,0.2864282968089196,0.6705113417916186,0.07689350249903883,0.29517502365184484,1057,0.6410256410256411,312,0.05932565087494665,2343,0.6705426356589147,258
hce,43,4,CRC16,3959,0.019701944935589796,0.7946451124021218,0.18565294266228846,0.11593836827481688,0.09623642333922708,0.8106158206647771,3881,0.12110616656071202,3146,0.5742003146303094,1907,0.9995126705653021,2052
hce,43,4,CRC17,2750,0.11163636363636363,0.5618181818181818,0.3265454545454545,0.208,0.09636363636363636,0.6324191567744576,2443,0.1715210355987055,1545,0.269280205655527,1556,0.9430485762144054,1194
hce,43,4,CRC22,3623,0.42147391664366546,0.4062931272426166,0.17223295611371792,0.669058791057135,0.2475848744134695,0.7022900763358778,2096,0.609375,1472,0.25511644318983767,2834,0.9493029150823827,789
hce,43,4,CRC23,2883,0.34408602150537637,0.5622615331252168,0.09365244536940687,0.7322233784252514,0.3881373569198751,0.8572184029613961,1891,0.690314620604565,1621,0.20262295081967213,1525,0.9661266568483063,1358
hce,43,4,CRC24,2677,0.34478894284646994,0.5233470302577512,0.13186402689577886,0.6858423608516997,0.34105341800522976,0.798745724059293,1754,0.6516773733047823,1401,0.3368421052631579,1900,0.9794079794079794,777
hce,43,4,CRC25,3070,0.08273615635179153,0.8667752442996742,0.050488599348534204,0.48697068403908794,0.4042345276872964,0.9449573863636364,2816,0.4663660278090943,2661,0.585195530726257,716,0.9524214103653356,2354
hce,43,4,GC28_P_cDNA,2915,0.3289879931389365,0.5276157804459691,0.14339622641509434,0.6572898799313893,0.3283018867924528,0.7862985685071575,1956,0.6222366710013004,1538,0.43715143715143717,2331,0.8886986301369864,584
hce,43,4,GC29_P_cDNA,1576,0.42576142131979694,0.22208121827411167,0.35215736040609136,0.5291878172588832,0.1034263959390863,0.3867403314917127,905,0.4657142857142857,350,0.12058823529411765,1360,0.8611111111111112,216
hce,43,4,GC2_P_cDNA,2334,0.40616966580976865,0.2746358183376178,0.31919451585261355,0.5402742073693231,0.13410454155955442,0.4624819624819625,1386,0.48829953198127923,641,0.25121627598407786,2261,1.0,73
hce,43,4,GC30_P_cDNA,2820,0.43120567375886526,0.3322695035460993,0.23652482269503547,0.5957446808510638,0.16453900709219857,0.5841645885286783,1604,0.4951974386339381,937,0.2330137557315548,2399,0.8978622327790974,421
hce,43,4,GC31_P_cDNA,3440,0.5578488372093023,0.14040697674418604,0.30174418604651165,0.6290697674418605,0.07122093023255814,0.3175542406311637,1521,0.5072463768115942,483,0.057475196715703045,2923,0.6092843326885881,517
hce,43,4,GC32_P_cDNA,3824,0.339173640167364,0.49110878661087864,0.16971757322175732,0.6273535564853556,0.2881799163179916,0.7431737237831421,2527,0.5867944621938233,1878,0.013083048919226393,1758,0.8978702807357212,2066
hce,43,4,GC36_P_cDNA,3337,0.6293077614623914,0.020077914294276297,0.35061432424333233,0.6356008390770153,0.006293077614623914,0.054163298302344384,1237,0.31343283582089554,67,0.008513225904530252,3289,0.8125,48
hce,43,4,HCC-1,3021,0.3204237007613373,0.506454816285998,0.1731214829526647,0.5630585898709036,0.24263488910956638,0.7452508524111057,2053,0.47908496732026146,1530,0.1870463428252373,1791,0.9715447154471545,1230
hce,43,4,HCC-2-1_1,2442,0.2633087633087633,0.5896805896805897,0.147010647010647,0.592956592956593,0.3296478296478296,0.8004446914952752,1799,0.5590277777777778,1440,0.4778714436248683,1898,0.9797794117647058,544
hce,43,4,HCC-2-2,2589,0.2950946311317111,0.5492468134414832,0.1556585554268057,0.5925067593665508,0.2974121282348397,0.7791780821917809,1825,0.5414908579465542,1422,0.42395149065184434,1979,0.9557377049180328,610
hce,43,4,HCC-22,3858,0.5461378952825298,0.2423535510627268,0.2115085536547434,0.6858475894245724,0.1397096941420425,0.5339805825242718,1751,0.5764705882352941,935,0.164545980335454,3458,0.915,400
hce,43,4,HCC-24,4670,0.4627408993576017,0.3708779443254818,0.1663811563169165,0.6997858672376873,0.23704496788008567,0.6903148664806696,2509,0.6391454965357968,1732,0.10878152537222728,3291,0.9963741841914431,1379
hce,43,4,HCC-3-1_2,2988,0.15896921017402946,0.7670682730923695,0.07396251673360107,0.607095046854083,0.44812583668005357,0.9120573020294469,2513,0.5842059336823735,2292,0.623773173391494,1834,0.9948006932409013,1154
hce,43,4,HCC-3-2_1,2875,0.1857391304347826,0.7537391304347826,0.060521739130434786,0.6629565217391304,0.4772173913043478,0.9256727894062367,2341,0.633133364097831,2167,0.48642699926632427,1363,0.9947089947089947,1512
hce,43,4,PBMC-1,10190,0.09038272816486752,0.6033366045142297,0.30628066732090287,0.23974484789008832,0.14936211972522082,0.663286222893516,9269,0.2475601821730644,6148,0.4920303109485237,7654,0.9392744479495269,2536
hce,43,4,PBMC-2,7284,0.1471718835804503,0.5258099945085118,0.3270181219110379,0.300109829763866,0.15293794618341572,0.6165486155827431,6212,0.2908616187989556,3830,0.24700564971751413,4425,0.9573277369709688,2859
hce,43,4,PBMC-3,10547,0.03119370437091116,0.9252868114155685,0.043519484213520435,0.38560728169147623,0.3544135773205651,0.955079271873165,10218,0.3830310482631417,9759,0.7261987491313412,2878,1.0,7669
hce,43,4,PBMC-4,9607,0.046008119079837616,0.832934318725929,0.12105756219423337,0.30821276152805244,0.26220464244821484,0.8731042007637753,9165,0.3147963009247688,8002,0.6939828080229227,5235,0.9993138151875571,4372
hce,43,4,PBMC-5,7598,0.18662806001579363,0.45893656225322454,0.3544353777309818,0.32627007107133454,0.13964201105554094,0.5642394822006472,6180,0.30427301405219387,3487,0.33898578811369506,6192,0.9871977240398293,1406
hce,43,4,PBMC-6,7271,0.14193370925594828,0.6378764956677211,0.22018979507633063,0.3177004538577912,0.17576674460184294,0.7433883635197949,6239,0.2755498059508409,4638,0.49201402415270745,5134,0.988301357042583,2137
hce,43,4,PC-1,7456,0.48699034334763946,0.1719420600858369,0.3410675965665236,0.6148068669527897,0.12781652360515022,0.3351633986928105,3825,0.7433697347893916,1282,0.12487440792306588,6967,0.8425357873210634,489
hce,43,4,PC-2,978,0.450920245398773,0.18200408997955012,0.3670756646216769,0.5460122699386503,0.0950920245398773,0.33147113594040967,537,0.5224719101123596,178,0.1598317560462671,951,0.9629629629629629,27
hce,43,4,PC-3,2310,0.4692640692640693,0.21298701298701297,0.3177489177489177,0.5839826839826839,0.11471861471861472,0.401305057096248,1226,0.5386178861788617,492,0.04671280276816609,1734,0.7135416666666666,576
hce,43,4,PC-4,570,0.34912280701754383,0.45789473684210524,0.19298245614035087,0.6508771929824562,0.3017543859649123,0.7035040431266847,371,0.6590038314176245,261,0.26618705035971224,417,0.9803921568627451,153
hce,43,4,PC-5,1972,0.4949290060851927,0.13387423935091278,0.3711967545638945,0.5806288032454361,0.08569979716024341,0.26506024096385544,996,0.6401515151515151,264,0.004329004329004329,1617,0.723943661971831,355
hce,43,4,PC-6,2377,0.5729911653344552,0.10222970130416491,0.32477913336137987,0.6377787126630207,0.06478754732856541,0.23940886699507388,1015,0.6337448559670782,243,0.0432780847145488,2172,0.7268292682926829,205
hce,43,4,PRZ1,3411,0.4992670771034887,0.2776311931984755,0.22310172969803577,0.662855467604808,0.16358839050131926,0.5544496487119438,1708,0.5892291446673706,947,0.14747191011235955,2848,0.9360568383658969,563
hce,43,4,PRZ2,7220,0.48545706371191133,0.3156509695290859,0.19889196675900278,0.6951523545706371,0.20969529085872576,0.6134589502018842,3715,0.6643264589732338,2279,0.15966386554621848,5593,0.8518746158574063,1627
hce,43,4,PRZ3,4300,0.4509302325581395,0.3681395348837209,0.18093023255813953,0.6288372093023256,0.17790697674418604,0.6704786107581533,2361,0.4832596336070752,1583,0.2079446283478784,3323,0.9129989764585466,977
hce,43,4,PRZ4,4819,0.46835443037974683,0.29798713426021994,0.2336584353600332,0.6347789997924881,0.16642456941274122,0.5604996096799375,2562,0.5584958217270195,1436,0.264340239912759,4585,0.9572649572649573,234
hce,43,4,PRZ5,4429,0.3122601038609167,0.4687288326936103,0.21901106344547303,0.5393994129600361,0.22713930909911945,0.6815495732107683,3046,0.48458574181117536,2076,0.3099294947121034,3404,0.9960975609756098,1025
hce,43,4,PRZ6,3309,0.3940767603505591,0.27712299788455724,0.32880024176488365,0.5200967059534602,0.12601994560290117,0.457356608478803,2005,0.4547437295528899,917,0.12321024868123587,2654,0.9007633587786259,655
cascade,17,-1,CRC11,7469,0.23778283572098005,0.5720980050876958,0.19011915919132413,0.579461775338064,0.34167893961708395,0.7505708765150184,5693,0.5972384741399485,4273,0.04836722119531731,3246,0.9746625621596022,4223
cascade,17,-1,CRC13,5062,0.3632951402607665,0.4109047807190834,0.22580007902015015,0.7046621888581588,0.3413670485973923,0.6453614644740925,3223,0.8307692307692308,2080,0.045454545454545456,2970,0.9297323135755258,2092
cascade,17,-1,CRC16,7478,0.20794330034768654,0.5454667023268254,0.2465899973254881,0.3169296603369885,0.10898635998930195,0.6886712814452136,5923,0.19980387349840648,4079,0.2804474955504704,3933,0.8394922425952045,3545
cascade,17,-1,CRC17,6427,0.1846895907888595,0.5330636377781235,0.28224677143301696,0.41170063793371714,0.22701104714485762,0.6538167938931297,5240,0.4258610624635143,3426,0.12706212706212705,2849,0.8563443264393515,3578
cascade,17,-1,CRC22,5203,0.43282721506822985,0.38477801268498946,0.1823947722467807,0.6744186046511628,0.24159138958293291,0.6784140969162996,2951,0.6278721278721279,2002,0.1596309756779424,3577,0.8800738007380073,1626
cascade,17,-1,CRC23,6110,0.4153846153846154,0.4955810147299509,0.08903436988543371,0.7978723404255319,0.38248772504091655,0.8477043673012318,3572,0.7717965653896962,3028,0.12451984635083227,3124,0.8837910247823175,2986
cascade,17,-1,CRC24,7254,0.31320650675489387,0.5778880617590295,0.10890543148607665,0.7758478081058726,0.46264130135097875,0.8414291449217182,4982,0.8005725190839694,4192,0.09946236559139784,2976,0.9107059373539037,4278
cascade,17,-1,CRC25,7233,0.2910272362781695,0.5231577492050324,0.18581501451679802,0.6121941103276649,0.32116687404949534,0.7379095163806553,5128,0.6139006342494715,3784,0.07117331745086361,3358,0.9148387096774193,3875
cascade,17,-1,GC28_P_cDNA,7320,0.40901639344262297,0.38934426229508196,0.20163934426229507,0.6725409836065573,0.2635245901639344,0.6588072122052705,4326,0.6768421052631579,2850,0.13250161325016133,4649,0.8363908648446274,2671
cascade,17,-1,GC29_P_cDNA,5117,0.2855188587062732,0.5270666406097323,0.18741450068399454,0.6408051592730115,0.3552863005667383,0.737691466083151,3656,0.6740823136818688,2697,0.10168793742280774,2429,0.9114583333333334,2688
cascade,17,-1,GC2_P_cDNA,4443,0.29214494710781,0.5077650236326806,0.20009002925950933,0.5426513616925501,0.25050641458474004,0.717329093799682,3145,0.4933510638297872,2256,0.16531932093775262,2474,0.9380396140172677,1969
cascade,17,-1,GC30_P_cDNA,7164,0.2696817420435511,0.5829145728643216,0.1474036850921273,0.6266052484645449,0.35692350642099385,0.7981651376146789,5232,0.6123084291187739,4176,0.1492204899777283,3143,0.921909972643621,4021
cascade,17,-1,GC31_P_cDNA,7103,0.3264817682669295,0.47346191749964806,0.2000563142334225,0.6711248768126143,0.3446431085456849,0.7029682274247492,4784,0.727921498661909,3363,0.15709748350842903,4093,0.9036544850498339,3010
cascade,17,-1,GC32_P_cDNA,7179,0.283047778242095,0.5301574035380973,0.18679481821980778,0.6718205878256025,0.38877280958350746,0.7394598795414805,5147,0.733315817130846,3806,0.042633228840125395,3190,0.9200300827275006,3989
cascade,17,-1,GC36_P_cDNA,7234,0.3469726292507603,0.46599391761128006,0.18703345313795963,0.7009952999723528,0.3540226707215925,0.7135901778154107,4724,0.759715218036191,3371,0.06084126189283926,3994,0.9654320987654321,3240
cascade,17,-1,HCC-1,7055,0.406094968107725,0.42409638554216866,0.1698086463501063,0.6881644223954642,0.2820694542877392,0.7140811455847256,4190,0.6651069518716578,2992,0.0986857825567503,4185,0.8986062717770035,2870
cascade,17,-1,HCC-2-1_1,6913,0.4565311731520324,0.4168957037465644,0.12657312310140315,0.7150296542745552,0.25849848112252277,0.7671014107000266,3757,0.6200555170020818,2882,0.23341926411999062,4267,0.7127739984882842,2646
cascade,17,-1,HCC-2-2,7179,0.4412870873380694,0.39267307424432374,0.16603983841760692,0.7126340715977155,0.2713469842596462,0.7028172525554724,4011,0.691025186236254,2819,0.22267389340560073,4428,0.6663031624863686,2751
cascade,17,-1,HCC-22,7019,0.42570166690411737,0.42327966946858525,0.15101866362729732,0.7872916369853256,0.36158997008120813,0.7370379558422228,4031,0.85425782564793,2971,0.06151051128990397,3853,0.8635502210991788,3166
cascade,17,-1,HCC-24,7039,0.44310271345361557,0.4134109958800966,0.14348629066628782,0.7513851399346498,0.3082824264810342,0.7423469387755102,3920,0.7457044673539519,2910,0.07626918536009446,4235,0.9226105563480742,2804
cascade,17,-1,HCC-3-1_2,7198,0.418866351764379,0.4384551264240067,0.14267852181161433,0.6976938038343985,0.27882745207001947,0.7544824288787951,4183,0.6359315589353612,3156,0.23375984251968504,4064,0.7038927887683472,3134
cascade,17,-1,HCC-3-2_1,7285,0.46520247083047356,0.41400137268359644,0.12079615648592999,0.7353466026080988,0.27014413177762525,0.7741273100616016,3896,0.6525198938992043,3016,0.15991810737033668,4396,0.8006230529595015,2889
cascade,17,-1,PBMC-1,22144,0.23523302023121387,0.5328757225433526,0.23189125722543352,0.4917810693641618,0.256548049132948,0.6967818128136994,16935,0.4814406779661017,11800,0.3173753872148691,10653,0.7326603428770342,11491
cascade,17,-1,PBMC-2,16302,0.19666298613667035,0.5882100355784566,0.215126978284873,0.49865047233468285,0.3019874861980125,0.7322083078802688,13096,0.5134007717175931,9589,0.1794617563739377,7060,0.9004544470893746,9242
cascade,17,-1,PBMC-3,21398,0.25221983362931116,0.68408262454435,0.06369754182633891,0.5621553416207122,0.30993550799140107,0.9148178238860071,16001,0.4530673589288154,14638,0.2579169175195665,8305,0.9544031161689452,13093
cascade,17,-1,PBMC-4,22627,0.3144915366597428,0.5677730145401512,0.11773544880010607,0.538383347328413,0.22389181066867017,0.828250918702856,15511,0.39433330738693856,12847,0.37694981727426685,11219,0.7554347826086957,11408
cascade,17,-1,PBMC-5,19153,0.3287735602777633,0.4463008405993839,0.22492559912285282,0.5845037330966428,0.25573017281887955,0.664903546981954,12856,0.5729995320542817,8548,0.1840024026429072,9989,0.7322130074203405,9164
cascade,17,-1,PBMC-6,15164,0.34555526246372986,0.4617515167501978,0.1926932207860723,0.5556581376945396,0.2101028752308098,0.7055622732769045,9924,0.455012853470437,7002,0.3326819174617772,8699,0.6354215003866976,6465
cascade,17,-1,PC-1,17977,0.2637258719474885,0.553151248817934,0.1831228792345775,0.7051788396284141,0.4414529676809256,0.7512843759443941,13236,0.7980691874497184,9944,0.15273214068394791,8217,0.8902663934426229,9760
cascade,17,-1,PC-2,1929,0.31052358735095903,0.46967340590979784,0.21980300673924313,0.6402280974598238,0.3297045101088647,0.681203007518797,1330,0.7019867549668874,906,0.05860113421550094,1058,0.9690011481056258,871
cascade,17,-1,PC-3,4981,0.30817104998996186,0.463963059626581,0.22786589038345714,0.677173258381851,0.3690022083918892,0.6706326175275682,3446,0.7953266983989615,2311,0.04282907662082515,2545,0.9039408866995073,2436
cascade,17,-1,PC-4,2060,0.3029126213592233,0.6174757281553398,0.07961165048543689,0.6674757281553398,0.36456310679611653,0.8857938718662952,1436,0.5904088050314465,1272,0.22331460674157302,712,0.8256676557863502,1348
cascade,17,-1,PC-5,3977,0.3573045008800603,0.33392004023133015,0.3087754588886095,0.5908976615539351,0.23359316067387478,0.5195618153364632,2556,0.6995481927710844,1328,0.02985638699924414,2646,0.9383921863260706,1331
cascade,17,-1,PC-6,6890,0.3690856313497823,0.3571843251088534,0.2737300435413643,0.6004354136429608,0.2313497822931785,0.5661375661375662,4347,0.6477041852905323,2461,0.08196366782006921,4624,0.9187996469549867,2266
cascade,17,-1,PRZ1,8750,0.30022857142857146,0.5627428571428571,0.13702857142857142,0.7604571428571428,0.46022857142857143,0.804180957047199,6123,0.8178310316815597,4924,0.0622245268343272,3857,0.9572859186593092,4893
cascade,17,-1,PRZ2,12428,0.399983907306083,0.4356292243321532,0.16438686836176375,0.7078371419375603,0.3078532346314773,0.7260292342765187,7457,0.7066863686738086,5414,0.11099123398516521,7415,0.9158188709355676,5013
cascade,17,-1,PRZ3,9117,0.40824832730064714,0.42162992212350553,0.17012175057584733,0.6909070966326643,0.2826587693320171,0.7125115848007414,5395,0.6703954214360042,3844,0.0731752160323589,5439,0.9369222403480152,3678
cascade,17,-1,PRZ4,7719,0.368182407047545,0.46638165565487755,0.1654359372975774,0.6976292265837544,0.32944681953620936,0.7381587041213861,4877,0.7063888888888888,3600,0.23065723793677204,4808,0.8557196839574029,2911
cascade,17,-1,PRZ5,12944,0.2613566131025958,0.6410692212608158,0.09757416563658838,0.68278739184178,0.42143077873918416,0.8679008471917163,9561,0.6573873222463245,8298,0.2552016985138004,4710,0.8617925674034491,8234
cascade,17,-1,PRZ6,8748,0.32636031092821216,0.479652491998171,0.19398719707361683,0.66986739826246,0.34350708733424784,0.7120312234854913,5893,0.7161582459485224,4196,0.10350877192982456,4560,0.889207258834766,4188
cascade,17,0,CRC11,324,0.037037037037037035,0.9598765432098766,0.0030864197530864196,0.7962962962962963,0.7592592592592593,0.9967948717948718,312,0.7909967845659164,311,0.0,8,0.9841772151898734,316
cascade,17,0,CRC13,209,0.16267942583732056,0.8229665071770335,0.014354066985645933,0.9234449760765551,0.7607655502392344,0.9828571428571429,175,0.9244186046511628,172,0.0,30,0.9608938547486033,179
cascade,17,0,CRC16,167,0.0718562874251497,0.9221556886227545,0.005988023952095809,0.844311377245509,0.7724550898203593,0.9935483870967742,155,0.8376623376623377,154,0.13333333333333333,15,1.0,152
cascade,17,0,CRC17,269,0.03717472118959108,0.9553903345724907,0.007434944237918215,0.7769516728624535,0.7397769516728625,0.9922779922779923,259,0.77431906614786,257,0.07692307692307693,13,1.0,256
cascade,17,0,CRC22,213,0.19248826291079812,0.8075117370892019,0.0,0.7605633802816901,0.568075117370892,1.0,172,0.7034883720930233,172,0.0,37,0.9772727272727273,176
cascade,17,0,CRC23,91,0.17582417582417584,0.8241758241758241,0.0,0.8791208791208791,0.7032967032967034,1.0,75,0.8533333333333334,75,0.0,15,0.9868421052631579,76
cascade,17,0,CRC24,238,0.14285714285714285,0.8571428571428571,0.0,0.9201680672268907,0.7773109243697479,1.0,204,0.9068627450980392,204,0.0,29,0.9760765550239234,209
cascade,17,0,CRC25,501,0.08782435129740519,0.906187624750499,0.005988023952095809,0.8143712574850299,0.7265469061876247,0.9934354485776805,457,0.801762114537445,454,0.0,41,0.9869565217391304,460
cascade,17,0,GC28_P_cDNA,337,0.27596439169139464,0.7181008902077152,0.005934718100890208,0.9258160237388724,0.6498516320474778,0.9918032786885246,244,0.9049586776859504,242,0.010752688172043012,93,0.9877049180327869,244
cascade,17,0,GC29_P_cDNA,225,0.0044444444444444444,0.9955555555555555,0.0,0.9422222222222222,0.9377777777777778,1.0,224,0.9419642857142857,224,0.0,1,1.0,224
cascade,17,0,GC2_P_cDNA,226,0.05752212389380531,0.9424778761061947,0.0,0.8141592920353983,0.7566371681415929,1.0,213,0.8028169014084507,213,0.0,10,0.9861111111111112,216
cascade,17,0,GC30_P_cDNA,400,0.0375,0.96,0.0025,0.94,0.9025,0.9974025974025974,385,0.9401041666666666,384,0.0,15,0.9974025974025974,385
cascade,17,0,GC31_P_cDNA,939,0.03514376996805112,0.9627263045793397,0.002129925452609159,0.9382321618743344,0.9030883919062833,0.9977924944812362,906,0.9380530973451328,904,0.0,30,0.9944994499449945,909
cascade,17,0,GC32_P_cDNA,713,0.15287517531556802,0.8288920056100981,0.0182328190743338,0.8457223001402524,0.6928471248246845,0.9784768211920529,604,0.8358714043993232,591,0.0,112,0.9833610648918469,601
cascade,17,0,GC36_P_cDNA,790,0.15443037974683543,0.8430379746835444,0.002531645569620253,0.9518987341772152,0.7974683544303798,0.9970059880239521,668,0.9459459459459459,666,0.0,123,0.9985007496251874,667
cascade,17,0,HCC-1,390,0.04871794871794872,0.9512820512820512,0.0,0.9641025641025641,0.9153846153846154,1.0,371,0.9622641509433962,371,0.0,18,0.9973118279569892,372
cascade,17,0,HCC-2-1_1,200,0.03,0.97,0.0,0.98,0.95,1.0,194,0.979381443298969,194,0.0,6,1.0,194
cascade,17,0,HCC-2-2,309,0.003236245954692557,0.9967637540453075,0.0,0.9546925566343042,0.9514563106796117,1.0,308,0.9545454545454546,308,0.0,1,1.0,308
cascade,17,0,HCC-22,679,0.2650957290132548,0.7334315169366715,0.0014727540500736377,0.9204712812960235,0.6553755522827688,0.9979959919839679,499,0.893574297188755,498,0.0,175,0.9880952380952381,504
cascade,17,0,HCC-24,401,0.20448877805486285,0.7680798004987531,0.02743142144638404,0.9077306733167082,0.7032418952618454,0.9655172413793104,319,0.9155844155844156,308,0.01098901098901099,91,0.9903225806451613,310
cascade,17,0,HCC-3-1_2,202,0.0049504950495049506,0.995049504950495,0.0,0.9603960396039604,0.9554455445544554,1.0,201,0.9601990049751243,201,0.0,1,1.0,201
cascade,17,0,HCC-3-2_1,230,0.02608695652173913,0.9739130434782609,0.0,0.9695652173913043,0.9434782608695652,1.0,224,0.96875,224,0.0,6,1.0,224
cascade,17,0,PBMC-1,2772,0.049422799422799424,0.8253968253968254,0.12518037518037517,0.42063492063492064,0.3712121212121212,0.8683111954459203,2635,0.44973776223776224,2288,0.0975609756097561,41,0.8363236909556939,2731
cascade,17,0,PBMC-2,2118,0.05240793201133145,0.8720491029272899,0.07554296506137866,0.31633616619452315,0.26392823418319167,0.9202790234180369,2007,0.30265295073091497,1847,0.16176470588235295,136,0.920787083753784,1982
cascade,17,0,PBMC-3,2459,0.022366815778771858,0.9589263928426189,0.01870679137860919,0.6718178121187475,0.6494509963399756,0.980865224625624,2404,0.6772688719253604,2358,0.14084507042253522,71,0.983249581239531,2388
cascade,17,0,PBMC-4,2612,0.02526799387442573,0.9521439509954058,0.02258805513016845,0.5424961715160797,0.5172281776416539,0.9768263943440691,2546,0.5432247687977483,2487,0.10144927536231885,69,0.9752261108926464,2543
cascade,17,0,PBMC-5,1529,0.06605624591236102,0.9123610202746893,0.02158273381294964,0.6082406801831263,0.5421844342707652,0.976890756302521,1428,0.5942652329749104,1395,0.08080808080808081,99,0.9699300699300699,1430
cascade,17,0,PBMC-6,1231,0.04061738424045491,0.9333874898456539,0.025995125913891144,0.5523964256701869,0.511779041429732,0.9729043183742591,1181,0.5483028720626631,1149,0.0,28,0.9551122194513716,1203
cascade,17,0,PC-1,2813,0.008887308922858158,0.9868467827941699,0.004265908282971916,0.9089939566299324,0.9001066477070743,0.9956958393113343,2788,0.9121037463976945,2776,0.0,28,0.9967684021543985,2785
cascade,17,0,PC-2,344,0.029069767441860465,0.9680232558139535,0.0029069767441860465,0.8924418604651163,0.8633720930232558,0.9970059880239521,334,0.8918918918918919,333,0.0,8,0.9910714285714286,336
cascade,17,0,PC-3,497,0.04426559356136821,0.9557344064386318,0.0,0.9275653923541247,0.8832997987927566,1.0,475,0.9242105263157895,475,0.0,16,0.9875259875259875,481
cascade,17,0,PC-4,132,0.05303030303030303,0.9393939393939394,0.007575757575757576,0.6818181818181818,0.6287878787878788,0.992,125,0.6693548387096774,124,0.0,1,0.9465648854961832,131
cascade,17,0,PC-5,207,0.06280193236714976,0.9371980676328503,0.0,0.8454106280193237,0.782608695652174,1.0,194,0.8350515463917526,194,0.0,7,0.97,200
cascade,17,0,PC-6,268,0.06716417910447761,0.9291044776119403,0.0037313432835820895,0.8731343283582089,0.8059701492537313,0.996,250,0.8674698795180723,249,0.0,16,0.9880952380952381,252
cascade,17,0,PRZ1,2651,0.01848359109769898,0.98113919275745,0.0003772161448509996,0.971331572991324,0.9528479818936251,0.9996156802459646,2602,0.9711649365628604,2601,0.06060606060606061,33,0.9927425515660809,2618
cascade,17,0,PRZ2,1922,0.09157127991675339,0.9032258064516129,0.005202913631633715,0.9349635796045785,0.8433922996878251,0.9942726231386025,1746,0.9337557603686636,1736,0.021052631578947368,95,0.9490968801313628,1827
cascade,17,0,PRZ3,584,0.03424657534246575,0.9623287671232876,0.003424657534246575,0.9537671232876712,0.9195205479452054,0.9964539007092199,564,0.9555160142348754,562,0.0,10,0.9790940766550522,574
cascade,17,0,PRZ4,1085,0.1336405529953917,0.8626728110599078,0.003686635944700461,0.9576036866359448,0.823963133640553,0.9957446808510638,940,0.9551282051282052,936,0.0,15,0.874766355140187,1070
cascade,17,0,PRZ5,406,0.14039408866995073,0.854679802955665,0.0049261083743842365,0.9088669950738916,0.7684729064039408,0.994269340974212,349,0.899135446685879,347,0.0,18,0.8943298969072165,388
cascade,17,0,PRZ6,406,0.06157635467980296,0.9359605911330049,0.0024630541871921183,0.896551724137931,0.8349753694581281,0.9973753280839895,381,0.8921052631578947,380,0.0,16,0.9743589743589743,390
cascade,17,1,CRC11,2305,0.004772234273318872,0.9921908893709328,0.003036876355748373,0.323644251626898,0.3188720173535792,0.9969485614646905,2294,0.32138172278093574,2287,0.11764705882352941,17,0.9986888111888111,2288
cascade,17,1,CRC13,887,0.17812852311161217,0.4363021420518602,0.3855693348365276,0.342728297632469,0.16459977452085683,0.5308641975308642,729,0.3772609819121447,387,0.1373913043478261,575,0.9871794871794872,312
cascade,17,1,CRC16,973,0.045220966084275435,0.8427543679342241,0.11202466598150052,0.18396711202466598,0.13874614594039056,0.8826695371367062,929,0.16463414634146342,820,0.058823529411764705,136,0.970131421744325,837
cascade,17,1,CRC17,1047,0.23018147086914995,0.19579751671442217,0.5740210124164279,0.2903533906399236,0.06017191977077364,0.2543424317617866,806,0.3073170731707317,205,0.028968713789107765,863,0.9782608695652174,184
cascade,17,1,CRC22,603,0.06799336650082918,0.7927031509121062,0.13930348258706468,0.30845771144278605,0.24046434494195687,0.8505338078291815,562,0.303347280334728,478,0.19607843137254902,153,0.9955555555555555,450
cascade,17,1,CRC23,743,0.12920592193808883,0.6608344549125168,0.20995962314939434,0.4360699865410498,0.30686406460296095,0.758887171561051,647,0.46435845213849286,491,0.2088607594936709,316,0.9953161592505855,427
cascade,17,1,CRC24,1275,0.027450980392156862,0.9176470588235294,0.054901960784313725,0.44,0.4125490196078431,0.9435483870967742,1240,0.4495726495726496,1170,0.2857142857142857,147,1.0,1128
cascade,17,1,CRC25,2612,0.5513016845329249,0.021822358346094948,0.4268759571209801,0.55895865237366,0.007656967840735069,0.04863481228668942,1172,0.3508771929824561,57,0.008550330353672756,2573,0.8974358974358975,39
cascade,17,1,GC28_P_cDNA,2914,0.4835277968428277,0.2010981468771448,0.31537405628002746,0.5583390528483184,0.07481125600549074,0.3893687707641196,1505,0.3720136518771331,586,0.03696013289036545,2408,0.9822134387351779,506
cascade,17,1,GC29_P_cDNA,2010,0.26119402985074625,0.5706467661691542,0.1681592039800995,0.5064676616915423,0.245273631840796,0.7723905723905724,1485,0.42981691368788144,1147,0.08297413793103449,928,0.988909426987061,1082
cascade,17,1,GC2_P_cDNA,1331,0.07663410969196092,0.8812922614575507,0.042073628850488355,0.3275732531930879,0.25093914350112695,0.9544344995931652,1229,0.2847399829497016,1173,0.16939890710382513,183,0.9947735191637631,1148
cascade,17,1,GC30_P_cDNA,2289,0.07121013543031891,0.8597640891218873,0.0690257754477938,0.40454346876365227,0.3333333333333333,0.9256820319849483,2126,0.3877032520325203,1968,0.2641509433962264,424,0.9951742627345844,1865
cascade,17,1,GC31_P_cDNA,1645,0.23161094224924011,0.44376899696048633,0.32462006079027356,0.39270516717325227,0.16109422492401215,0.5775316455696202,1264,0.363013698630137,730,0.08450704225352113,994,0.9923195084485407,651
cascade,17,1,GC32_P_cDNA,1335,0.39176029962546816,0.08089887640449438,0.5273408239700375,0.40898876404494383,0.017228464419475654,0.1330049261083744,812,0.21296296296296297,108,0.0315955766192733,1266,0.9855072463768116,69
cascade,17,1,GC36_P_cDNA,1385,0.17472924187725633,0.6476534296028881,0.1776173285198556,0.40938628158844764,0.23465703971119134,0.7847769028871391,1143,0.36231884057971014,897,0.23742138364779874,636,0.9959946595460614,749
cascade,17,1,HCC-1,1749,0.5437392795883362,0.12407089765580331,0.3321898227558605,0.5894797026872498,0.045740423098913664,0.2719298245614035,798,0.3686635944700461,217,0.014819587628865979,1552,0.9847715736040609,197
cascade,17,1,HCC-2-1_1,2075,0.49301204819277106,0.24240963855421688,0.26457831325301207,0.6062650602409638,0.11325301204819277,0.4781368821292776,1052,0.4671968190854871,503,0.03916768665850673,1634,0.9954648526077098,441
cascade,17,1,HCC-2-2,1981,0.5759717314487632,0.10550227158001009,0.31852599697122663,0.6239273094396769,0.04795557799091368,0.2488095238095238,840,0.45454545454545453,209,0.016102165463631316,1801,1.0,180
cascade,17,1,HCC-22,172,0.13372093023255813,0.7848837209302325,0.08139534883720931,0.7209302325581395,0.5872093023255814,0.9060402684563759,149,0.7481481481481481,135,0.16666666666666666,36,0.9485294117647058,136
cascade,17,1,HCC-24,143,0.0979020979020979,0.8531468531468531,0.04895104895104895,0.6993006993006993,0.6013986013986014,0.9457364341085271,129,0.7049180327868853,122,0.5434782608695652,46,1.0,97
cascade,17,1,HCC-3-1_2,1370,0.3854014598540146,0.34963503649635036,0.26496350364963506,0.5678832116788322,0.18248175182481752,0.5688836104513064,842,0.5219206680584552,479,0.05714285714285714,945,1.0,425
cascade,17,1,HCC-3-2_1,1443,0.4781704781704782,0.17186417186417186,0.34996534996534995,0.5703395703395704,0.09216909216909216,0.3293492695883134,753,0.5362903225806451,248,0.02457002457002457,1221,0.9819819819819819,222
cascade,17,1,PBMC-1,2920,0.47054794520547943,0.09794520547945205,0.4315068493150685,0.5041095890410959,0.03356164383561644,0.18499353169469598,1546,0.34265734265734266,286,0.01615933859451334,2661,0.9382239382239382,259
cascade,17,1,PBMC-2,2459,0.5534770231801546,0.07970719804798698,0.3668157787718585,0.5790971939812932,0.025620170801138674,0.1785063752276867,1098,0.32142857142857145,196,0.007095343680709534,2255,0.8823529411764706,204
cascade,17,1,PBMC-3,3357,0.2460530235329163,0.5850461721775395,0.16890080428954424,0.5117664581471552,0.2657134346142389,0.7759778743579613,2531,0.45417515274949083,1964,0.11010362694300518,1544,0.9895201323772752,1813
cascade,17,1,PBMC-4,3132,0.28192848020434225,0.37484035759897827,0.34323116219667943,0.41219667943805877,0.13026819923371646,0.5220097821253891,2249,0.3475298126064736,1174,0.04034729315628192,1958,0.9327086882453152,1174
cascade,17,1,PBMC-5,2640,0.43977272727272726,0.17613636363636365,0.3840909090909091,0.5106060606060606,0.07083333333333333,0.3144016227180527,1479,0.4021505376344086,465,0.013425925925925926,2160,0.9083333333333333,480
cascade,17,1,PBMC-6,1826,0.4222343921139102,0.22289156626506024,0.3548740416210296,0.5076670317634173,0.08543263964950712,0.385781990521327,1055,0.3832923832923833,407,0.035196687370600416,1449,0.9442970822281167,377
cascade,17,1,PC-1,3065,0.1862969004893964,0.6548123980424143,0.15889070146818923,0.4704730831973899,0.2841761827079935,0.8047313552526063,2494,0.43398106626806177,2007,0.17854346123727485,1277,0.9949664429530202,1788
cascade,17,1,PC-2,338,0.08284023668639054,0.8165680473372781,0.10059171597633136,0.3254437869822485,0.24260355029585798,0.8903225806451613,310,0.2971014492753623,276,0.27058823529411763,85,1.0,253
cascade,17,1,PC-3,1027,0.40311587147030187,0.186952288218111,0.40993184031158714,0.47030185004868547,0.06718597857838364,0.3132137030995106,613,0.359375,192,0.053409090909090906,880,0.9863945578231292,147
cascade,17,1,PC-4,761,0.0735873850197109,0.8515111695137977,0.07490144546649145,0.4231274638633377,0.3495400788436268,0.9191489361702128,705,0.4104938271604938,648,0.16101694915254236,118,0.9782270606531882,643
cascade,17,1,PC-5,1203,0.34746467165419787,0.26433915211970077,0.3881961762261014,0.4106400665004156,0.06317539484621779,0.4050955414012739,785,0.2389937106918239,318,0.06256627783669141,943,0.9961538461538462,260
cascade,17,1,PC-6,3500,0.34085714285714286,0.332,0.3271428571428571,0.48742857142857143,0.14657142857142857,0.5036844386649328,2307,0.4414802065404475,1162,0.11465451784358391,2634,0.9930715935334873,866
cascade,17,1,PRZ1,1039,0.19056785370548604,0.6256015399422522,0.18383060635226178,0.4359961501443696,0.24542829643888353,0.7728894173602854,841,0.3923076923076923,650,0.14666666666666667,450,0.9915110356536503,589
cascade,17,1,PRZ2,1461,0.17248459958932238,0.6632443531827515,0.16427104722792607,0.42573579739904177,0.2532511978097194,0.8014888337468983,1209,0.38183694530443757,969,0.19540229885057472,609,0.9976525821596244,852
cascade,17,1,PRZ3,1841,0.3269961977186312,0.31993481803367735,0.35306898424769145,0.4600760456273764,0.13307984790874525,0.47538337368845845,1239,0.4159592529711375,589,0.07737656595431099,1357,1.0,484
cascade,17,1,PRZ4,349,0.12034383954154727,0.7621776504297995,0.1174785100286533,0.38108882521489973,0.2607449856733524,0.8664495114006515,307,0.34210526315789475,266,0.06896551724137931,87,0.9923664122137404,262
cascade,17,1,PRZ5,2563,0.03823644166991806,0.944596176355833,0.017167381974248927,0.43776824034334766,0.3995317986734296,0.9821501014198782,2465,0.42296571664601407,2421,0.21951219512195122,164,0.9941642350979575,2399
cascade,17,1,PRZ6,2227,0.4369106421194432,0.28917826672653796,0.27391109115401885,0.5671306690615178,0.13022002694207455,0.5135566188197768,1254,0.4503105590062112,644,0.017845761631612493,1569,0.9361702127659575,658
cascade,17,2,CRC11,1603,0.07735495945102933,0.9226450405489707,0.0,0.9806612601372426,0.9033063006862133,1.0,1479,0.9790398918187965,1479,0.0,26,0.937856689917565,1577
cascade,17,2,CRC13,1356,0.05457227138643068,0.9454277286135693,0.0,0.9896755162241888,0.9351032448377581,1.0,1282,0.9890795631825273,1282,0.0,8,0.9510385756676558,1348
cascade,17,2,CRC16,2359,0.602797795676134,0.22891055532005086,0.16829164900381519,0.7058075455701568,0.1030097498940229,0.576307363927428,937,0.45,540,0.036337209302325583,1376,0.49847405900305186,983
cascade,17,2,CRC17,2313,0.29442282749675747,0.6156506701253783,0.08992650237786425,0.6826632079550368,0.3882403804582793,0.8725490196078431,1632,0.6306179775280899,1424,0.08396946564885496,524,0.7713806595863612,1789
cascade,17,2,CRC22,762,0.3989501312335958,0.6010498687664042,0.0,0.9973753280839895,0.5984251968503937,1.0,458,0.9956331877729258,458,0.0,142,0.7387096774193549,620
cascade,17,2,CRC23,2384,0.5075503355704698,0.4836409395973154,0.008808724832214765,0.9848993288590604,0.4773489932885906,0.9821124361158433,1174,0.986990459670425,1153,0.06082289803220036,1118,0.8570300157977883,1266
cascade,17,2,CRC24,3061,0.2188827180659915,0.779483828814113,0.001633453119895459,0.9895459000326691,0.7706631819666776,0.9979088247595148,2391,0.9886839899413243,2386,0.0,307,0.8663761801016703,2754
cascade,17,2,CRC25,1013,0.3079960513326752,0.6692991115498519,0.022704837117472853,0.8963474827245804,0.5883514313919053,0.9671897289586305,701,0.8790560471976401,678,0.0,156,0.7911318553092183,857
cascade,17,2,GC28_P_cDNA,1140,0.25,0.7315789473684211,0.018421052631578946,0.9236842105263158,0.6736842105263158,0.9754385964912281,855,0.920863309352518,834,0.0,31,0.7520288548241659,1109
cascade,17,2,GC29_P_cDNA,1291,0.17195972114639815,0.820294345468629,0.0077459333849728895,0.9512006196746708,0.7792408985282726,0.990645463049579,1069,0.9499527856468366,1059,0.0,24,0.8358326756116812,1267
cascade,17,2,GC2_P_cDNA,551,0.22686025408348456,0.7586206896551724,0.014519056261343012,0.9092558983666061,0.6823956442831216,0.9812206572769953,426,0.8995215311004785,418,0.0,24,0.793168880455408,527
cascade,17,2,GC30_P_cDNA,1644,0.22931873479318735,0.7098540145985401,0.06082725060827251,0.8929440389294404,0.6636253041362531,0.9210734017363852,1267,0.9348757497857755,1167,0.0,206,0.8115438108484005,1438
cascade,17,2,GC31_P_cDNA,1059,0.20396600566572237,0.7837582625118036,0.012275731822474031,0.9423984891406988,0.7384324834749764,0.9845788849347569,843,0.9421686746987952,830,,0,0.7837582625118036,1059
cascade,17,2,GC32_P_cDNA,1301,0.042275172943889314,0.9538816295157571,0.003843197540353574,0.9323597232897771,0.8900845503458877,0.9959871589085072,1246,0.9331184528605962,1241,0.0,5,0.9575617283950617,1296
cascade,17,2,GC36_P_cDNA,1711,0.04032729398012858,0.9561659848042081,0.0035067212156633548,0.9362945645821157,0.8959672706019871,0.9963459196102314,1642,0.937041564792176,1636,0.0,11,0.9623529411764706,1700
cascade,17,2,HCC-1,1885,0.5045092838196287,0.4610079575596817,0.034482758620689655,0.9278514588859417,0.423342175066313,0.930406852248394,934,0.9182968929804373,869,0.009828009828009828,814,0.803921568627451,1071
cascade,17,2,HCC-2-1_1,2190,0.8255707762557077,0.11552511415525114,0.0589041095890411,0.9264840182648402,0.10091324200913242,0.662303664921466,382,0.8735177865612648,253,0.004191114836546521,1193,0.24874623871614845,997
cascade,17,2,HCC-2-2,2281,0.6028057869355545,0.36168347216133273,0.03551074090311267,0.9302937308198159,0.3274879438842613,0.9105960264900662,906,0.9054545454545454,825,0.0017793594306049821,562,0.47934845840605,1719
cascade,17,2,HCC-22,2305,0.196529284164859,0.7887201735357917,0.01475054229934924,0.9388286334056399,0.7422993492407809,0.9816414686825053,1852,0.9411441144114412,1818,0.016129032258064516,124,0.8326455754241173,2181
cascade,17,2,HCC-24,1825,0.4378082191780822,0.5336986301369863,0.028493150684931506,0.936986301369863,0.49917808219178084,0.949317738791423,1026,0.9353182751540041,974,0.032520325203252036,738,0.8739650413983441,1087
cascade,17,2,HCC-3-1_2,2625,0.638095238095238,0.3001904761904762,0.061714285714285715,0.8902857142857142,0.2521904761904762,0.8294736842105264,950,0.8401015228426396,788,0.0743427017225748,1103,0.46386333771353483,1522
cascade,17,2,HCC-3-2_1,2722,0.7773695811903012,0.15429831006612785,0.0683321087435709,0.9074210139603233,0.13005143277002204,0.693069306930693,606,0.8428571428571429,420,0.003981797497155859,1758,0.4284232365145228,964
cascade,17,2,PBMC-1,6154,0.4127396815079623,0.5201494962625934,0.06711082222944427,0.8776405589860253,0.464900877478063,0.8857221914775871,3614,0.8937831927522649,3201,0.002347417840375587,426,0.5586592178770949,5728
cascade,17,2,PBMC-2,4070,0.17936117936117937,0.7955773955773956,0.02506142506142506,0.8732186732186732,0.6938574938574938,0.9694610778443113,3340,0.8721432983323039,3238,0.0,171,0.8304693511156707,3899
cascade,17,2,PBMC-3,4904,0.8811174551386624,0.01896411092985318,0.0999184339314845,0.8945758564437194,0.013458401305057096,0.1595197255574614,583,0.7096774193548387,93,0.00023348120476301658,4283,0.14814814814814814,621
cascade,17,2,PBMC-4,6989,0.8112748604950637,0.10802689941336385,0.08069824009157248,0.9072828730862784,0.09600801259121476,0.5724033358605004,1319,0.8887417218543047,755,0.0022185246810870773,3606,0.2208099320130062,3383
cascade,17,2,PBMC-5,7266,0.49834847233691165,0.43875584916047344,0.06289567850261492,0.8728323699421965,0.3744838976052849,0.8746227709190673,3645,0.8535131744040151,3188,0.003990877993158495,1754,0.5771044992743106,5512
cascade,17,2,PBMC-6,4702,0.6931093151850276,0.22011909825606124,0.0867715865589111,0.8845172267120375,0.19140791152700978,0.7172557172557172,1443,0.8695652173913043,1035,0.0006872852233676976,1455,0.3184477979673545,3247
cascade,17,2,PC-1,4545,0.24818481848184817,0.7386138613861386,0.013201320132013201,0.9564356435643564,0.7082508250825083,0.9824407374890255,3417,0.9588918677390528,3357,0.0,296,0.7900682513532596,4249
cascade,17,2,PC-2,267,0.15355805243445692,0.846441947565543,0.0,0.9662921348314607,0.8127340823970037,1.0,226,0.9601769911504425,226,0.0,21,0.9186991869918699,246
cascade,17,2,PC-3,1145,0.08209606986899563,0.914410480349345,0.0034934497816593887,0.9493449781659389,0.8672489082969432,0.9961941008563273,1051,0.9484240687679083,1047,0.0,44,0.9509536784741145,1101
cascade,17,2,PC-4,597,0.5711892797319933,0.4053601340033501,0.023450586264656615,0.9514237855946399,0.38023450586264657,0.9453125,256,0.9380165289256198,242,0.0,146,0.5365853658536586,451
cascade,17,2,PC-5,584,0.023972602739726026,0.976027397260274,0.0,0.946917808219178,0.922945205479452,1.0,570,0.9456140350877194,570,0.0,5,0.9844559585492227,579
cascade,17,2,PC-6,734,0.07220708446866485,0.9237057220708447,0.004087193460490463,0.9155313351498637,0.8433242506811989,0.9955947136563876,681,0.9129793510324484,678,0.0,25,0.9562764456981664,709
cascade,17,2,PRZ1,1648,0.25,0.7141990291262136,0.035800970873786406,0.8240291262135923,0.5740291262135923,0.9522653721682848,1236,0.8037383177570093,1177,0.002898550724637681,345,0.9025326170376056,1303
cascade,17,2,PRZ2,1821,0.20647995606809447,0.7364085667215815,0.057111477210323995,0.7457440966501923,0.5392641405820977,0.9280276816608997,1445,0.732289336316182,1341,0.0,292,0.8770438194898627,1529
cascade,17,2,PRZ3,2390,0.5192468619246862,0.4393305439330544,0.04142259414225941,0.909205020920502,0.3899581589958159,0.9138381201044387,1149,0.8876190476190476,1050,0.03408210689388071,1291,0.9153776160145587,1099
cascade,17,2,PRZ4,1456,0.37774725274725274,0.5597527472527473,0.0625,0.8221153846153846,0.44436813186813184,0.8995584988962473,906,0.7938650306748466,815,0.010282776349614395,389,0.7600749765698219,1067
cascade,17,2,PRZ5,5532,0.3244757772957339,0.6400939985538684,0.035430224150397684,0.9023861171366594,0.5779103398409255,0.9475515119079475,3737,0.9028523016097147,3541,0.05242718446601942,1030,0.7745446468236339,4502
cascade,17,2,PRZ6,2764,0.23914616497829233,0.7387843704775687,0.02206946454413893,0.8965267727930536,0.6573806078147613,0.9709938183547313,2103,0.8898139079333987,2042,0.0030303030303030303,330,0.8385373870172556,2434
cascade,17,3,CRC11,17,0.0,1.0,0.0,0.9411764705882353,0.9411764705882353,1.0,17,0.9411764705882353,17,,0,1.0,17
cascade,17,3,CRC13,9,0.0,1.0,0.0,1.0,1.0,1.0,9,1.0,9,,0,1.0,9
cascade,17,3,CRC16,20,0.0,1.0,0.0,1.0,1.0,1.0,20,1.0,20,,0,1.0,20
cascade,17,3,CRC17,48,0.0,1.0,0.0,0.625,0.625,1.0,48,0.625,48,,0,1.0,48
cascade,17,3,CRC22,2,0.0,1.0,0.0,1.0,1.0,1.0,2,1.0,2,,0,1.0,2
cascade,17,3,CRC23,9,0.0,1.0,0.0,1.0,1.0,1.0,9,1.0,9,,0,1.0,9
cascade,17,3,CRC24,3,0.0,1.0,0.0,1.0,1.0,1.0,3,1.0,3,,0,1.0,3
cascade,17,3,CRC25,37,0.0,1.0,0.0,1.0,1.0,1.0,37,1.0,37,,0,1.0,37
cascade,17,3,GC28_P_cDNA,14,0.0,1.0,0.0,1.0,1.0,1.0,14,1.0,14,,0,1.0,14
cascade,17,3,GC29_P_cDNA,15,0.0,1.0,0.0,1.0,1.0,1.0,15,1.0,15,,0,1.0,15
cascade,17,3,GC2_P_cDNA,1,0.0,1.0,0.0,1.0,1.0,1.0,1,1.0,1,,0,1.0,1
cascade,17,3,GC30_P_cDNA,11,0.0,1.0,0.0,1.0,1.0,1.0,11,1.0,11,,0,1.0,11
cascade,17,3,GC31_P_cDNA,20,0.0,1.0,0.0,1.0,1.0,1.0,20,1.0,20,,0,1.0,20
cascade,17,3,GC32_P_cDNA,6,0.0,1.0,0.0,1.0,1.0,1.0,6,1.0,6,,0,1.0,6
cascade,17,3,GC36_P_cDNA,11,0.0,1.0,0.0,1.0,1.0,1.0,11,1.0,11,,0,1.0,11
cascade,17,3,HCC-1,10,0.0,1.0,0.0,1.0,1.0,1.0,10,1.0,10,,0,1.0,10
cascade,17,3,HCC-2-1_1,6,0.0,1.0,0.0,1.0,1.0,1.0,6,1.0,6,,0,1.0,6
cascade,17,3,HCC-2-2,19,0.0,1.0,0.0,1.0,1.0,1.0,19,1.0,19,,0,1.0,19
cascade,17,3,HCC-22,5,0.0,1.0,0.0,1.0,1.0,1.0,5,1.0,5,,0,1.0,5
cascade,17,3,HCC-3-1_2,13,0.0,1.0,0.0,1.0,1.0,1.0,13,1.0,13,,0,1.0,13
cascade,17,3,HCC-3-2_1,15,0.0,1.0,0.0,1.0,1.0,1.0,15,1.0,15,,0,1.0,15
cascade,17,3,PBMC-1,108,0.018518518518518517,0.9814814814814815,0.0,1.0,0.9814814814814815,1.0,106,1.0,106,,0,0.9814814814814815,108
cascade,17,3,PBMC-2,371,0.03234501347708895,0.967654986522911,0.0,0.9649595687331537,0.9326145552560647,1.0,359,0.9637883008356546,359,0.0,1,0.9702702702702702,370
cascade,17,3,PBMC-3,131,0.08396946564885496,0.916030534351145,0.0,0.9847328244274809,0.9007633587786259,1.0,120,0.9833333333333333,120,0.3333333333333333,6,0.944,125
cascade,17,3,PBMC-4,287,0.059233449477351915,0.9407665505226481,0.0,1.0,0.9407665505226481,1.0,270,1.0,270,0.07692307692307693,13,0.9817518248175182,274
cascade,17,3,PBMC-5,120,0.125,0.875,0.0,1.0,0.875,1.0,105,1.0,105,0.0,5,0.9130434782608695,115
cascade,17,3,PBMC-6,134,0.26865671641791045,0.7313432835820896,0.0,0.9925373134328358,0.7238805970149254,1.0,98,0.9897959183673469,98,0.0,20,0.8596491228070176,114
cascade,17,3,PC-1,98,0.0,1.0,0.0,1.0,1.0,1.0,98,1.0,98,,0,1.0,98
cascade,17,3,PC-2,2,0.0,1.0,0.0,1.0,1.0,1.0,2,1.0,2,,0,1.0,2
cascade,17,3,PC-3,2,0.0,1.0,0.0,1.0,1.0,1.0,2,1.0,2,,0,1.0,2
cascade,17,3,PC-5,11,0.0,1.0,0.0,1.0,1.0,1.0,11,1.0,11,,0,1.0,11
cascade,17,3,PC-6,11,0.0,1.0,0.0,1.0,1.0,1.0,11,1.0,11,,0,1.0,11
cascade,17,3,PRZ1,1,0.0,1.0,0.0,1.0,1.0,1.0,1,1.0,1,,0,1.0,1
cascade,17,3,PRZ2,4,0.0,1.0,0.0,1.0,1.0,1.0,4,1.0,4,,0,1.0,4
cascade,17,3,PRZ3,2,0.0,1.0,0.0,1.0,1.0,1.0,2,1.0,2,,0,1.0,2
cascade,17,3,PRZ4,10,0.0,1.0,0.0,1.0,1.0,1.0,10,1.0,10,,0,1.0,10
cascade,17,3,PRZ5,14,0.07142857142857142,0.9285714285714286,0.0,1.0,0.9285714285714286,1.0,13,1.0,13,,0,0.9285714285714286,14
cascade,17,3,PRZ6,42,0.0,1.0,0.0,1.0,1.0,1.0,42,1.0,42,,0,1.0,42
cascade,17,4,CRC11,3220,0.5059006211180124,0.055590062111801244,0.43850931677018634,0.5391304347826087,0.03322981366459627,0.1125078566939032,1591,0.5977653631284916,179,0.048513302034428794,3195,0.96,25
cascade,17,4,CRC13,2601,0.6047673971549404,0.08842752787389466,0.30680507497116494,0.6608996539792388,0.05613225682429835,0.2237354085603113,1028,0.6347826086956522,230,0.023759015697921087,2357,0.7131147540983607,244
cascade,17,4,CRC16,3959,0.01944935589795403,0.642839100783026,0.33771154331902,0.0921949987370548,0.07274564283910079,0.6555899021123133,3882,0.1131630648330059,2545,0.4334995843724023,2406,0.9671603348358017,1553
cascade,17,4,CRC17,2750,0.09272727272727273,0.5425454545454546,0.36472727272727273,0.19054545454545455,0.09781818181818182,0.5979959919839679,2495,0.18029490616621985,1492,0.2015182884748102,1449,0.9223674096848578,1301
cascade,17,4,CRC22,3623,0.5150427822246757,0.2462048026497378,0.23875241512558654,0.6621584322384764,0.14711565001380073,0.5076835515082527,1757,0.5975336322869955,892,0.16671802773497688,3245,0.9285714285714286,378
cascade,17,4,CRC23,2883,0.42178286507110646,0.45091918140825527,0.12729795352063822,0.7332639611515782,0.31148109608047175,0.7798440311937612,1667,0.6907692307692308,1300,0.15223880597014924,1675,0.8650662251655629,1208
cascade,17,4,CRC24,2677,0.5726559581621218,0.16025401568920433,0.2670900261486739,0.6783713111692192,0.1057153530070975,0.375,1144,0.6596736596736597,429,0.10188527878058563,2493,0.9510869565217391,184
cascade,17,4,CRC25,3070,0.1006514657980456,0.8332247557003257,0.06612377850162866,0.5260586319218241,0.4254071661237785,0.9264759145237232,2761,0.5105551211884285,2558,0.36904761904761907,588,0.943190975020145,2482
cascade,17,4,GC28_P_cDNA,2915,0.41406518010291593,0.4027444253859348,0.18319039451114924,0.6576329331046312,0.24356775300171526,0.6873536299765808,1708,0.6047700170357752,1174,0.24846480869154464,2117,0.8120300751879699,798
cascade,17,4,GC29_P_cDNA,1576,0.45241116751269034,0.1598984771573604,0.3876903553299492,0.5114213197969543,0.05901015228426396,0.29200463499420626,863,0.36904761904761907,252,0.11517615176151762,1476,0.82,100
cascade,17,4,GC2_P_cDNA,2334,0.45329905741216797,0.1932305055698372,0.35347043701799485,0.5522707797772065,0.09897172236503857,0.35344827586206895,1276,0.5121951219512195,451,0.16747895436420027,2257,0.948051948051948,77
cascade,17,4,GC30_P_cDNA,2820,0.48829787234042554,0.22907801418439716,0.2826241134751773,0.6056737588652482,0.1173758865248227,0.44767844767844767,1443,0.5123839009287926,646,0.14291433146517213,2498,0.8975155279503105,322
cascade,17,4,GC31_P_cDNA,3440,0.49098837209302326,0.25552325581395346,0.2534883720930233,0.6459302325581395,0.15494186046511627,0.5019988577955454,1751,0.6063708759954494,879,0.18214402085369827,3069,0.862533692722372,371
cascade,17,4,GC32_P_cDNA,3824,0.35172594142259417,0.48640167364016734,0.1618723849372385,0.6419979079497908,0.29027196652719667,0.7503025413473174,2479,0.5967741935483871,1860,0.053126729385722195,1807,0.8745661874070402,2017
cascade,17,4,GC36_P_cDNA,3337,0.6224153431225652,0.04824692837878334,0.3293377284986515,0.6409949056038358,0.0185795624812706,0.12777777777777777,1260,0.38509316770186336,161,0.028535980148883373,3224,0.6106194690265486,113
cascade,17,4,HCC-1,3021,0.31247931148626285,0.5047997351870241,0.182720953326713,0.5590863952333665,0.2466070837471036,0.7342320654790563,2077,0.4885245901639344,1525,0.21210438645197113,1801,0.9368852459016394,1220
cascade,17,4,HCC-2-1_1,2442,0.13063063063063063,0.7886977886977887,0.08067158067158067,0.5954135954135954,0.46478296478296477,0.9072067828544512,2123,0.5893042575285566,1926,0.6464435146443515,1434,0.9910714285714286,1008
cascade,17,4,HCC-2-2,2589,0.2514484356894554,0.5631517960602549,0.1853997682502897,0.5577443028196215,0.3062958671301661,0.7523219814241486,1938,0.5438957475994513,1458,0.4631782945736434,2064,0.9561904761904761,525
cascade,17,4,HCC-22,3858,0.6044582685329186,0.1334888543286677,0.2620528771384137,0.6759979263867288,0.07153965785381027,0.33748361730013104,1526,0.5359223300970873,515,0.06509380329732803,3518,0.8411764705882353,340
cascade,17,4,HCC-24,4670,0.47623126338329763,0.32248394004282654,0.2012847965738758,0.6670235546038544,0.19079229122055674,0.615699100572363,2446,0.5916334661354582,1506,0.08125,3360,0.9412213740458015,1310
cascade,17,4,HCC-3-1_2,2988,0.2714190093708166,0.5605756358768407,0.1680053547523427,0.5689424364123159,0.2975234270414993,0.7694074414331649,2177,0.5307462686567164,1675,0.40397022332506205,2015,0.8848920863309353,973
cascade,17,4,HCC-3-2_1,2875,0.20069565217391305,0.7335652173913043,0.0657391304347826,0.6351304347826087,0.43443478260869567,0.9177545691906005,2298,0.5922238027501185,2109,0.47200566973777464,1411,0.985655737704918,1464
cascade,17,4,PBMC-1,10190,0.11344455348380765,0.5808635917566242,0.3056918547595682,0.2691854759568204,0.15574092247301274,0.6551914987823777,9034,0.2681196147997973,5919,0.4429235880398671,7525,0.9703564727954972,2665
cascade,17,4,PBMC-2,7284,0.13618890719384955,0.5421471718835804,0.32166392092257,0.2914607358594179,0.15527182866556838,0.6276223776223776,6292,0.2864016206634591,3949,0.273293306648877,4497,0.9759598134194475,2787
cascade,17,4,PBMC-3,10547,0.017445719161846972,0.9579027211529345,0.024651559685218545,0.3928131222148478,0.37536740305300087,0.974910740133166,10363,0.3918638028308423,10103,0.8159100374843815,2401,0.999754480726737,8146
cascade,17,4,PBMC-4,9607,0.04996356823149787,0.8494847507026126,0.10055168106588945,0.29624232330592276,0.2462787550744249,0.8941601840692451,9127,0.28991545153780174,8161,0.7417907769603446,5573,0.9982647496281606,4034
cascade,17,4,PBMC-5,7598,0.18412740194788102,0.44682811266122663,0.36904448539089235,0.32311134509081335,0.13898394314293236,0.5476689788675593,6199,0.3110456553755523,3395,0.3004521855635572,5971,0.984019668100799,1627
cascade,17,4,PBMC-6,7271,0.15458671434465684,0.593178379865218,0.25223490579012514,0.3475450419474625,0.19295832760280568,0.7016430779241907,6147,0.325295617899374,4313,0.4945188794153471,5747,0.9652230971128609,1524
cascade,17,4,PC-1,7456,0.40464055793991416,0.22880901287553648,0.36655042918454933,0.5677306866952789,0.1630901287553648,0.38432079297138994,4439,0.712778429073857,1706,0.155229746070133,6616,0.8083333333333333,840
cascade,17,4,PC-2,978,0.5316973415132924,0.0705521472392638,0.39775051124744376,0.5705521472392638,0.03885480572597137,0.15065502183406113,458,0.5507246376811594,69,0.0413135593220339,944,0.8823529411764706,34
cascade,17,4,PC-3,2310,0.43506493506493504,0.25757575757575757,0.30735930735930733,0.5800865800865801,0.14502164502164502,0.4559386973180077,1305,0.5630252100840336,595,0.038629283489096576,1605,0.7560283687943262,705
cascade,17,4,PC-4,570,0.38596491228070173,0.45263157894736844,0.16140350877192983,0.6929824561403509,0.30701754385964913,0.7371428571428571,350,0.6782945736434108,258,0.3131991051454139,447,0.959349593495935,123
cascade,17,4,PC-5,1972,0.4949290060851927,0.1191683569979716,0.3859026369168357,0.5664300202839757,0.07150101419878296,0.2359437751004016,996,0.6,235,0.011827321111768185,1691,0.7651245551601423,281
cascade,17,4,PC-6,2377,0.5380732015145141,0.15187210769877998,0.31005469078670594,0.6369373159444678,0.09886411442995373,0.32877959927140255,1098,0.6509695290858726,361,0.03950743971267317,1949,0.6635514018691588,428
cascade,17,4,PRZ1,3411,0.5769569041336852,0.14511873350923482,0.27792436235708,0.6646144825564351,0.08765757842274993,0.34303534303534305,1443,0.604040404040404,495,0.05645427533839551,3029,0.8481675392670157,382
cascade,17,4,PRZ2,7220,0.5771468144044322,0.1889196675900277,0.23393351800554016,0.6947368421052632,0.11759002770083103,0.4467736652472977,3053,0.6224340175953079,1364,0.10936282910110609,6419,0.8264669163545568,801
cascade,17,4,PRZ3,4300,0.4323255813953488,0.3816279069767442,0.18604651162790697,0.6325581395348837,0.2002325581395349,0.6722654649733716,2441,0.5246800731261426,1641,0.0895361380798274,2781,0.9163923633969717,1519
cascade,17,4,PRZ4,4819,0.43681261672546173,0.32641626893546377,0.2367711143390745,0.6237808673998755,0.18696825067441378,0.5795873249815771,2714,0.5727908455181182,1573,0.2545749362983553,4317,0.9442231075697212,502
cascade,17,4,PRZ5,4429,0.3233235493339354,0.44615037254459244,0.2305260781214721,0.5285617520885075,0.20523820275457214,0.659325992659326,2997,0.4600202429149798,1976,0.31789594053744996,3498,0.9280343716433942,931
cascade,17,4,PRZ6,3309,0.36143850105772135,0.32880024176488365,0.309761257177395,0.5176790571169537,0.1562405560592324,0.514907714150497,2113,0.47518382352941174,1088,0.16748582230623818,2645,0.9713855421686747,664
cascade,29,-1,CRC11,7469,0.2498326415852189,0.5702235908421476,0.17994376757263356,0.5913776944704779,0.34154505288525905,0.7601285025878993,5603,0.598966893637004,4259,0.07316332726168792,3294,0.9623952095808384,4175
cascade,29,-1,CRC13,5062,0.3644804425128408,0.41939944685894903,0.21612011062821018,0.7040695377321217,0.33958909521928093,0.6599316133043208,3217,0.8097032501177579,2123,0.06817414782315222,2963,0.9151977131967604,2099
cascade,29,-1,CRC16,7478,0.24297940625835784,0.5855843808504948,0.17143621289114735,0.35571008290986894,0.1127306766515111,0.7735382441264794,5661,0.19250970541219456,4379,0.3436181434599156,3792,0.834508952794357,3686
cascade,29,-1,CRC17,6427,0.19106892796016803,0.5103469737046834,0.2985840983351486,0.40485451999377625,0.21378559203360822,0.6308905558761301,5199,0.4189024390243902,3280,0.18050657261942932,3119,0.8213422007255139,3308
cascade,29,-1,CRC22,5203,0.42283298097251587,0.402075725542956,0.17509129348452815,0.6678839131270421,0.24505093215452622,0.6966366966366966,3003,0.6094646271510517,2092,0.21854485776805252,3656,0.8358112475759535,1547
cascade,29,-1,CRC23,6110,0.42356792144026184,0.5029459901800327,0.0734860883797054,0.8018003273322423,0.37823240589198037,0.8725156161272004,3522,0.7520338431500163,3073,0.12173629242819843,3064,0.886408404464872,3046
cascade,29,-1,CRC24,7254,0.35497656465398403,0.5532120209539564,0.09181141439205956,0.7751585332230494,0.42018196856906537,0.8576618935670015,4679,0.759531522551707,4013,0.19095971175892565,3053,0.8164722685074982,4201
cascade,29,-1,CRC25,7233,0.2824554126918291,0.5373980367758883,0.1801465505322826,0.6211806995714089,0.3387252868795797,0.7489402697495183,5190,0.6303061487007975,3887,0.1,3350,0.9147566314705124,3883
cascade,29,-1,GC28_P_cDNA,7320,0.4,0.40382513661202185,0.19617486338797815,0.6530054644808743,0.2530054644808743,0.6730418943533698,4392,0.6265223274695535,2956,0.19670421360033374,4794,0.7969121140142518,2526
cascade,29,-1,GC29_P_cDNA,5117,0.28942739886652336,0.5241352354895447,0.18643736564393198,0.6468633965213992,0.3574359976548759,0.7376237623762376,3636,0.6819537658463833,2682,0.10452674897119342,2430,0.9036099739486416,2687
cascade,29,-1,GC2_P_cDNA,4443,0.2734638757596219,0.5271213144271888,0.1994148098131893,0.5230699977492685,0.24960612198964663,0.7255266418835192,3228,0.4735269000853971,2342,0.20393120393120392,2442,0.9215392303848076,2001
cascade,29,-1,GC30_P_cDNA,7164,0.26563372417643777,0.618788386376326,0.11557788944723618,0.6405639307649358,0.37493020658849807,0.8426154723436609,5261,0.6059102188134446,4433,0.20277589708869329,2954,0.910688836104513,4210
cascade,29,-1,GC31_P_cDNA,7103,0.3346473321131916,0.4384063071941433,0.22694636069266508,0.6640855976348022,0.3294382655216106,0.6589081675835802,4726,0.7514450867052023,3114,0.11809290953545232,4090,0.8732160637238633,3013
cascade,29,-1,GC32_P_cDNA,7179,0.24265217996935506,0.5906115057807494,0.16673631424989552,0.6676417328318708,0.42498955286251566,0.7798418245355895,5437,0.7195754716981132,4240,0.0665938864628821,2748,0.9155946738885128,4431
cascade,29,-1,GC36_P_cDNA,7234,0.3507050041470832,0.4698645286148742,0.17943046723804257,0.7051423831904894,0.35443737904340616,0.7236533957845434,4697,0.754339511621065,3399,0.078643216080402,3980,0.9483712354025814,3254
cascade,29,-1,HCC-1,7055,0.41828490432317506,0.42891566265060244,0.15279943302622254,0.6912827781715095,0.2729978738483345,0.7373294346978557,4104,0.6364838070059484,3026,0.13259276766721814,4231,0.8728753541076487,2824
cascade,29,-1,HCC-2-1_1,6913,0.45797772313033414,0.3847822942282656,0.15723998264140027,0.7127151743092723,0.25473745117893826,0.7099012543368027,3747,0.66203007518797,2660,0.24821387416455404,4339,0.614996114996115,2574
cascade,29,-1,HCC-2-2,7179,0.45967404931048894,0.3891906950828806,0.15113525560663044,0.7280958350745229,0.26842178576403397,0.7202887342098478,3879,0.6896921975662134,2794,0.18127090301003346,4485,0.7353377876763177,2694
cascade,29,-1,HCC-22,7019,0.4663057415586266,0.38751958968514033,0.14617466875623308,0.7871491665479413,0.32084342498931473,0.7261078483715964,3746,0.8279411764705882,2720,0.12661050545094152,4036,0.740529668119343,2983
cascade,29,-1,HCC-24,7039,0.45503622673675237,0.40573945162665154,0.13922432163659612,0.7772410853814462,0.32220485864469384,0.7445255474452555,3836,0.7941176470588235,2856,0.060810810810810814,4292,0.9446669093556607,2747
cascade,29,-1,HCC-3-1_2,7198,0.4298416226729647,0.45262572936926926,0.11753264795776605,0.7157543762156154,0.2859127535426507,0.793859649122807,4104,0.6316758747697975,3258,0.3310328415040457,4202,0.6231642189586115,2996
cascade,29,-1,HCC-3-2_1,7285,0.46273164035689773,0.42814001372683597,0.1091283459162663,0.7338366506520247,0.27110501029512696,0.7968829841594277,3914,0.6332157742866303,3119,0.15226806473672214,4387,0.8457556935817805,2898
cascade,29,-1,PBMC-1,22144,0.2061958092485549,0.5223085260115607,0.2714956647398844,0.44888005780346824,0.2426842485549133,0.657981567868927,17578,0.46463773128134184,11566,0.36193029490616624,10817,0.6754657014213825,11327
cascade,29,-1,PBMC-2,16302,0.21420684578579316,0.5719543614280457,0.21383879278616122,0.4987118145012882,0.284504968715495,0.7278688524590164,12810,0.4974259974259974,9324,0.1892460198257735,6658,0.836167565325591,9644
cascade,29,-1,PBMC-3,21398,0.26409010187868026,0.6452472193662959,0.09066267875502383,0.5572950743060099,0.2932049724273297,0.8768019305264495,15747,0.45440718476135294,13807,0.2882105263157895,9500,0.930324424272987,11898
cascade,29,-1,PBMC-4,22627,0.28496928448313963,0.5748442126662836,0.14018650285057674,0.5360852079374199,0.2511159234542803,0.8039433833982322,16179,0.4368417006227416,13007,0.3734342615121204,11097,0.7686903729401561,11530
cascade,29,-1,PBMC-5,19153,0.34459353626063804,0.4388346473137367,0.21657181642562523,0.5931707826450164,0.24857724638437842,0.669561061100932,12553,0.5664485425342058,8405,0.23097529516817145,10079,0.6697156711483359,9074
cascade,29,-1,PBMC-6,15164,0.32854128198364546,0.45172777631231864,0.21973094170403587,0.5518332893695594,0.223292007385914,0.6727558436456492,10182,0.4943065693430657,6850,0.26836059867734074,8619,0.6932009167303285,6545
cascade,29,-1,PC-1,17977,0.212438115369639,0.5539300216943873,0.23363186293597374,0.6247983534516326,0.4123602380819937,0.703347930498658,14158,0.7444265916850773,9958,0.1259132976132489,8212,0.9138760880696365,9765
cascade,29,-1,PC-2,1929,0.28149300155520995,0.465526179367548,0.25298081907724207,0.6091238983929497,0.32763089683773977,0.6479076479076479,1386,0.7037861915367484,898,0.05725190839694656,1048,0.9511918274687855,881
cascade,29,-1,PC-3,4981,0.3270427624974905,0.4430837181288898,0.22987351937361974,0.6757679180887372,0.3487251555912467,0.6584128878281623,3352,0.7870412324422292,2207,0.06105491329479769,2768,0.920921825576141,2213
cascade,29,-1,PC-4,2060,0.3092233009708738,0.6189320388349514,0.07184466019417475,0.6723300970873787,0.36310679611650487,0.8959943780744906,1423,0.5866666666666667,1275,0.17766497461928935,788,0.8922955974842768,1272
cascade,29,-1,PC-5,3977,0.34221775207442795,0.35353281367865225,0.3042494342469198,0.5956751320090521,0.2534573799346241,0.5374617737003058,2616,0.716927453769559,1406,0.039666798889329634,2521,0.896978021978022,1456
cascade,29,-1,PC-6,6890,0.35573294629898405,0.3891146589259797,0.25515239477503626,0.5949201741654572,0.23918722786647315,0.6039648569497634,4439,0.6146960089518836,2681,0.08173719376391982,4490,0.9641666666666666,2400
cascade,29,-1,PRZ1,8750,0.2974857142857143,0.5747428571428571,0.12777142857142856,0.7580571428571429,0.4605714285714286,0.8181226614608752,6147,0.8013521574865778,5029,0.11831862999481059,3854,0.9340277777777778,4896
cascade,29,-1,PRZ2,12428,0.38960411972964276,0.4442388155777277,0.16615706469262956,0.7050209205020921,0.3154168007724493,0.7277880305826523,7586,0.7100163013946749,5521,0.11265068588055979,7217,0.9034734216081366,5211
cascade,29,-1,PRZ3,9117,0.4060546232313261,0.4454316112756389,0.148513765493035,0.7012175057584732,0.29516288252714706,0.7499538319482918,5415,0.662644668800788,4061,0.14291003332099222,5402,0.8853297442799462,3715
cascade,29,-1,PRZ4,7719,0.335924342531416,0.5338774452649306,0.13019821220365332,0.7105842725741677,0.37465993004275167,0.8039406944986344,5126,0.7017714147051687,4121,0.3618269432222921,4773,0.8126272912423625,2946
cascade,29,-1,PRZ5,12944,0.2875463535228677,0.6103213844252163,0.10213226205191595,0.698933868974042,0.4113875154511743,0.8566471481240512,9222,0.6740506329113924,7900,0.22554517133956387,4815,0.8382334850535121,8129
cascade,29,-1,PRZ6,8748,0.29286694101508914,0.5184042066758117,0.18872885230909922,0.6587791495198903,0.3659122085048011,0.7331070158422244,6186,0.7058434399117971,4535,0.11684911946692052,4202,0.8895732512098549,4546
cascade,29,0,CRC11,324,0.037037037037037035,0.9629629629629629,0.0,0.7993827160493827,0.7623456790123457,1.0,312,0.7916666666666666,312,0.0,9,0.9904761904761905,315
cascade,29,0,CRC13,209,0.14832535885167464,0.8421052631578947,0.009569377990430622,0.9282296650717703,0.7799043062200957,0.9887640449438202,178,0.9261363636363636,176,0.0,29,0.9777777777777777,180
cascade,29,0,CRC16,167,0.07784431137724551,0.9161676646706587,0.005988023952095809,0.8502994011976048,0.7724550898203593,0.9935064935064936,154,0.8431372549019608,153,0.125,16,1.0,151
cascade,29,0,CRC17,269,0.03717472118959108,0.9553903345724907,0.007434944237918215,0.8252788104089219,0.7881040892193308,0.9922779922779923,259,0.8249027237354085,257,0.0,12,1.0,257
cascade,29,0,CRC22,213,0.19718309859154928,0.8028169014084507,0.0,0.7183098591549296,0.5211267605633803,1.0,171,0.6491228070175439,171,0.0,41,0.9941860465116279,172
cascade,29,0,CRC23,91,0.15384615384615385,0.8351648351648352,0.01098901098901099,0.9120879120879121,0.7582417582417582,0.987012987012987,77,0.9078947368421053,76,0.0,15,1.0,76
cascade,29,0,CRC24,238,0.15546218487394958,0.8445378151260504,0.0,0.9369747899159664,0.7815126050420168,1.0,201,0.9253731343283582,201,0.0,36,0.995049504950495,202
cascade,29,0,CRC25,501,0.08582834331337326,0.9121756487025948,0.001996007984031936,0.8802395209580839,0.7944111776447106,0.9978165938864629,458,0.8708971553610503,457,0.025,40,0.9891540130151844,461
cascade,29,0,GC28_P_cDNA,337,0.28486646884273,0.7091988130563798,0.005934718100890208,0.9347181008902077,0.6498516320474778,0.991701244813278,241,0.9163179916317992,239,0.0,95,0.987603305785124,242
cascade,29,0,GC29_P_cDNA,225,0.0044444444444444444,0.9955555555555555,0.0,0.9466666666666667,0.9422222222222222,1.0,224,0.9464285714285714,224,0.0,1,1.0,224
cascade,29,0,GC2_P_cDNA,226,0.06637168141592921,0.9336283185840708,0.0,0.8407079646017699,0.7743362831858407,1.0,211,0.8293838862559242,211,0.06666666666666667,15,0.995260663507109,211
cascade,29,0,GC30_P_cDNA,400,0.0325,0.965,0.0025,0.9325,0.9,0.9974160206718347,387,0.9326424870466321,386,0.0,12,0.9948453608247423,388
cascade,29,0,GC31_P_cDNA,939,0.0362087326943557,0.9616613418530351,0.002129925452609159,0.9456869009584664,0.9094781682641108,0.9977900552486187,905,0.9457364341085271,903,0.0,33,0.9966887417218543,906
cascade,29,0,GC32_P_cDNA,713,0.15287517531556802,0.8373071528751753,0.009817671809256662,0.8667601683029453,0.7138849929873773,0.9884105960264901,604,0.8525963149078727,597,0.009523809523809525,105,0.9802631578947368,608
cascade,29,0,GC36_P_cDNA,790,0.15316455696202533,0.8443037974683544,0.002531645569620253,0.9531645569620253,0.8,0.9970104633781763,669,0.9475262368815592,667,0.0,119,0.9940387481371088,671
cascade,29,0,HCC-1,390,0.04871794871794872,0.9512820512820512,0.0,0.9564102564102565,0.9076923076923077,1.0,371,0.954177897574124,371,0.0,14,0.9867021276595744,376
cascade,29,0,HCC-2-1_1,200,0.03,0.97,0.0,0.98,0.95,1.0,194,0.979381443298969,194,0.0,6,1.0,194
cascade,29,0,HCC-2-2,309,0.003236245954692557,0.9935275080906149,0.003236245954692557,0.9546925566343042,0.9514563106796117,0.9967532467532467,308,0.9576547231270358,307,0.0,1,0.9967532467532467,308
cascade,29,0,HCC-22,679,0.28276877761413843,0.711340206185567,0.005891016200294551,0.9322533136966127,0.6494845360824743,0.9917864476386037,487,0.9130434782608695,483,0.02040816326530612,196,0.9917184265010351,483
cascade,29,0,HCC-24,401,0.20698254364089774,0.7481296758104738,0.04488778054862843,0.9102244389027432,0.7032418952618454,0.9433962264150944,318,0.94,300,0.010101010101010102,99,0.9900662251655629,302
cascade,29,0,HCC-3-1_2,202,0.0049504950495049506,0.995049504950495,0.0,0.9554455445544554,0.9504950495049505,1.0,201,0.9552238805970149,201,0.0,1,1.0,201
cascade,29,0,HCC-3-2_1,230,0.017391304347826087,0.9826086956521739,0.0,0.9652173913043478,0.9478260869565217,1.0,226,0.9646017699115044,226,0.0,3,0.9955947136563876,227
cascade,29,0,PBMC-1,2772,0.09415584415584416,0.6944444444444444,0.2113997113997114,0.43867243867243866,0.3445165945165945,0.7666268418956591,2511,0.4961038961038961,1925,0.09734513274336283,113,0.7198194810078977,2659
cascade,29,0,PBMC-2,2118,0.060906515580736544,0.876770538243626,0.06232294617563739,0.4230406043437205,0.362134088762984,0.9336349924585219,1989,0.4130317716747442,1857,0.2619047619047619,168,0.9297435897435897,1950
cascade,29,0,PBMC-3,2459,0.032126880845872306,0.9328995526636844,0.03497356649044327,0.6547376982513217,0.6226108174054493,0.9638655462184874,2380,0.6673931996512642,2294,0.058823529411764705,85,0.964195450716091,2374
cascade,29,0,PBMC-4,2612,0.04134762633996937,0.9180704441041347,0.04058192955589587,0.5513016845329249,0.5099540581929556,0.957667731629393,2504,0.5554628857381151,2398,0.07272727272727272,110,0.9552358113509193,2502
cascade,29,0,PBMC-5,1529,0.060824068018312624,0.9267495094833225,0.012426422498364944,0.6631785480706344,0.6023544800523217,0.9867688022284122,1436,0.6499647141848977,1417,0.056338028169014086,71,0.9691358024691358,1458
cascade,29,0,PBMC-6,1231,0.03411860276198213,0.9212022745735174,0.04467912266450041,0.48984565393988627,0.45572705117790413,0.9537426408746846,1189,0.4947089947089947,1134,0.1568627450980392,51,0.9542372881355933,1180
cascade,29,0,PC-1,2813,0.007465339495200853,0.9904017063633132,0.002132954141485958,0.9189477426235336,0.9114824031283327,0.9978510028653295,2792,0.9203158650394831,2786,0.038461538461538464,26,0.9992823824901328,2787
cascade,29,0,PC-2,344,0.04941860465116279,0.9476744186046512,0.0029069767441860465,0.9011627906976745,0.8517441860465116,0.9969418960244648,327,0.8987730061349694,326,0.0,14,0.9878787878787879,330
cascade,29,0,PC-3,497,0.0482897384305835,0.9496981891348089,0.002012072434607646,0.9134808853118712,0.8651911468812877,0.9978858350951374,473,0.9110169491525424,472,0.3235294117647059,34,0.9956803455723542,463
cascade,29,0,PC-4,132,0.022727272727272728,0.9772727272727273,0.0,0.6893939393939394,0.6666666666666666,1.0,129,0.6821705426356589,129,0.5,2,0.9846153846153847,130
cascade,29,0,PC-5,207,0.12077294685990338,0.8743961352657005,0.004830917874396135,0.8599033816425121,0.7391304347826086,0.9945054945054945,182,0.8453038674033149,181,0.0,18,0.9576719576719577,189
cascade,29,0,PC-6,268,0.06343283582089553,0.9365671641791045,0.0,0.8731343283582089,0.8097014925373134,1.0,251,0.8645418326693227,251,0.0,13,0.984313725490196,255
cascade,29,0,PRZ1,2651,0.016597510373443983,0.98113919275745,0.002263296869105998,0.971331572991324,0.9547340626178801,0.997698504027618,2607,0.9730872741253364,2601,0.0,42,0.9969336910693752,2609
cascade,29,0,PRZ2,1922,0.06503642039542143,0.9297606659729448,0.005202913631633715,0.9308012486992716,0.8657648283038502,0.9944351697273233,1797,0.9311695579182988,1787,0.037037037037037035,81,0.9690385659967409,1841
cascade,29,0,PRZ3,584,0.0821917808219178,0.9126712328767124,0.005136986301369863,0.9554794520547946,0.8732876712328768,0.9944029850746269,536,0.9568480300187617,533,0.09090909090909091,11,0.9284467713787086,573
cascade,29,0,PRZ4,1085,0.22211981566820277,0.7723502304147466,0.005529953917050691,0.9520737327188941,0.7299539170506912,0.9928909952606635,844,0.9451073985680191,838,0.0,10,0.7795348837209303,1075
cascade,29,0,PRZ5,406,0.07389162561576355,0.9236453201970444,0.0024630541871921183,0.9137931034482759,0.8399014778325123,0.9973404255319149,376,0.9093333333333333,375,0.09090909090909091,11,0.9468354430379747,395
cascade,29,0,PRZ6,406,0.10591133004926108,0.8891625615763546,0.0049261083743842365,0.9014778325123153,0.7955665024630542,0.9944903581267218,363,0.8947368421052632,361,0.045454545454545456,22,0.9375,384
cascade,29,1,CRC11,2305,0.011279826464208243,0.9744034707158351,0.014316702819956615,0.32885032537960956,0.3175704989154013,0.9855199648968846,2279,0.3259127337488869,2246,0.28205128205128205,78,0.998652896273013,2227
cascade,29,1,CRC13,887,0.1600901916572717,0.46786922209695603,0.37204058624577224,0.342728297632469,0.1826381059751973,0.5570469798657718,745,0.39036144578313253,415,0.14389799635701275,549,0.9940828402366864,338
cascade,29,1,CRC16,973,0.029804727646454265,0.8581706063720452,0.11202466598150052,0.23638232271325796,0.2065775950668037,0.8845338983050848,944,0.2407185628742515,835,0.016,125,0.9823113207547169,848
cascade,29,1,CRC17,1047,0.12225405921680993,0.19866284622731614,0.6790830945558739,0.16141356255969436,0.039159503342884434,0.22633297062023938,919,0.1971153846153846,208,0.016587677725118485,844,0.9556650246305419,203
cascade,29,1,CRC22,603,0.07960199004975124,0.7678275290215588,0.15257048092868988,0.3150912106135987,0.23548922056384744,0.8342342342342343,555,0.30669546436285094,463,0.25,184,0.9952267303102625,419
cascade,29,1,CRC23,743,0.13055181695827725,0.6244952893674294,0.2449528936742934,0.44952893674293404,0.3189771197846568,0.718266253869969,646,0.5107758620689655,464,0.12302839116719243,317,0.9976525821596244,426
cascade,29,1,CRC24,1275,0.03686274509803922,0.8949019607843137,0.06823529411764706,0.4376470588235294,0.40078431372549017,0.9291530944625407,1228,0.44785276073619634,1141,0.3282828282828283,198,0.9990714948932219,1077
cascade,29,1,CRC25,2612,0.5551301684532925,0.01110260336906585,0.43376722817764163,0.557427258805513,0.002297090352220521,0.02495697074010327,1162,0.20689655172413793,29,0.0019319938176197836,2588,1.0,24
cascade,29,1,GC28_P_cDNA,2914,0.45538778311599176,0.2638984214138641,0.28071379547014413,0.5432395332875772,0.08785175017158545,0.4845620667926906,1587,0.3328998699609883,769,0.05846153846153846,2275,0.9953051643192489,639
cascade,29,1,GC29_P_cDNA,2010,0.26119402985074625,0.5656716417910448,0.17313432835820897,0.518905472636816,0.25771144278606967,0.7656565656565657,1485,0.455584872471416,1137,0.05573770491803279,915,0.9917808219178083,1095
cascade,29,1,GC2_P_cDNA,1331,0.05785123966942149,0.9218632607062359,0.0202854996243426,0.3065364387678437,0.24868519909842224,0.9784688995215312,1254,0.2697636511817441,1227,0.1953125,128,0.999168744804655,1203
cascade,29,1,GC30_P_cDNA,2289,0.06815203145478375,0.8676277850589778,0.06422018348623854,0.4438619484491044,0.37570991699432066,0.9310829817158931,2133,0.43303121852970794,1986,0.31527093596059114,406,0.9867233138608603,1883
cascade,29,1,GC31_P_cDNA,1645,0.29726443768996963,0.2613981762917933,0.4413373860182371,0.37933130699088147,0.08206686930091185,0.3719723183391003,1156,0.313953488372093,430,0.09463487332339791,1342,1.0,303
cascade,29,1,GC32_P_cDNA,1335,0.41797752808988764,0.0651685393258427,0.5168539325842697,0.4337078651685393,0.015730337078651686,0.11196911196911197,777,0.2413793103448276,87,0.036293436293436294,1295,1.0,40
cascade,29,1,GC36_P_cDNA,1385,0.19927797833935018,0.6310469314079422,0.16967509025270758,0.43032490974729243,0.23104693140794225,0.78809738503156,1109,0.36613272311212813,874,0.1853035143769968,626,0.9986824769433466,759
cascade,29,1,HCC-1,1749,0.5483133218982276,0.11663807890222985,0.3350485991995426,0.5917667238421955,0.04345340194396798,0.2582278481012658,790,0.37254901960784315,204,0.015306122448979591,1568,0.994475138121547,181
cascade,29,1,HCC-2-1_1,2075,0.5306024096385542,0.16819277108433736,0.30120481927710846,0.6062650602409638,0.07566265060240963,0.35831622176591377,974,0.4498567335243553,349,0.036292573981016193,1791,1.0,284
cascade,29,1,HCC-2-2,1981,0.5835436648157496,0.11004543160020192,0.30641090358404843,0.6330136294800606,0.04946996466431095,0.2642424242424242,825,0.44954128440366975,218,0.009029345372460496,1772,0.9665071770334929,209
cascade,29,1,HCC-22,172,0.14534883720930233,0.7906976744186046,0.06395348837209303,0.7209302325581395,0.5755813953488372,0.9251700680272109,147,0.7279411764705882,136,0.08,25,0.9115646258503401,147
cascade,29,1,HCC-24,143,0.17482517482517482,0.7132867132867133,0.11188811188811189,0.6433566433566433,0.46853146853146854,0.864406779661017,118,0.6568627450980392,102,0.2692307692307692,52,0.967032967032967,91
cascade,29,1,HCC-3-1_2,1370,0.3956204379562044,0.32554744525547447,0.27883211678832115,0.5635036496350365,0.1678832116788321,0.538647342995169,828,0.515695067264574,446,0.043568464730290454,964,0.9950738916256158,406
cascade,29,1,HCC-3-2_1,1443,0.4934164934164934,0.1781011781011781,0.3284823284823285,0.5841995841995842,0.09078309078309078,0.35157318741450067,731,0.5097276264591439,257,0.0326530612244898,1225,0.9954128440366973,218
cascade,29,1,PBMC-1,2920,0.3339041095890411,0.16027397260273973,0.5058219178082192,0.3934931506849315,0.05958904109589041,0.24061696658097687,1945,0.3717948717948718,468,0.057892705519104595,2591,0.9665653495440729,329
cascade,29,1,PBMC-2,2459,0.4847498983326555,0.09190727938186255,0.4233428222854819,0.5189101260675071,0.03416022773485156,0.17837411207576953,1267,0.37168141592920356,226,0.010240427426536063,2246,0.9530516431924883,213
cascade,29,1,PBMC-3,3357,0.2642240095323205,0.5582365207030087,0.17753946976467083,0.5224903187369675,0.258266309204647,0.7587044534412956,2470,0.4626467449306297,1874,0.08244178728760226,1589,0.9858597285067874,1768
cascade,29,1,PBMC-4,3132,0.2570242656449553,0.427522349936143,0.31545338441890164,0.41507024265644954,0.15804597701149425,0.5754189944134078,2327,0.3696788648244959,1339,0.05129589632829374,1852,0.971875,1280
cascade,29,1,PBMC-5,2640,0.403030303030303,0.2636363636363636,0.3333333333333333,0.5200757575757575,0.11704545454545455,0.4416243654822335,1576,0.44396551724137934,696,0.02059732234809475,1942,0.9398280802292264,698
cascade,29,1,PBMC-6,1826,0.4129244249726177,0.21960569550930997,0.3674698795180723,0.4939759036144578,0.08105147864184009,0.37406716417910446,1072,0.3690773067331671,401,0.024844720496894408,1449,0.9681697612732095,377
cascade,29,1,PC-1,3065,0.1262642740619902,0.731484502446982,0.14225122349102773,0.4042414355628059,0.27797716150081564,0.8371919342793129,2678,0.3800178412132025,2242,0.1038374717832957,886,0.9866911427260211,2179
cascade,29,1,PC-2,338,0.047337278106508875,0.8520710059171598,0.10059171597633136,0.28402366863905326,0.23668639053254437,0.8944099378881988,322,0.2777777777777778,288,0.2222222222222222,63,0.9963636363636363,275
cascade,29,1,PC-3,1027,0.37195715676728336,0.24634858812074,0.38169425511197663,0.46932814021421615,0.09737098344693282,0.3922480620155039,645,0.3952569169960474,253,0.06432038834951456,824,0.9852216748768473,203
cascade,29,1,PC-4,761,0.07621550591327202,0.8515111695137977,0.07227332457293036,0.4099868593955322,0.33377135348226017,0.9217638691322901,703,0.39197530864197533,648,0.22535211267605634,142,0.9951534733441034,619
cascade,29,1,PC-5,1203,0.372402327514547,0.21280133000831256,0.4147963424771405,0.4314214463840399,0.05901911886949293,0.3390728476821192,755,0.27734375,256,0.08678881388621022,1037,1.0,166
cascade,29,1,PC-6,3500,0.30257142857142855,0.41628571428571426,0.28114285714285714,0.48,0.17742857142857144,0.596886521917247,2441,0.42621825669183255,1457,0.12430347192456065,2333,1.0,1167
cascade,29,1,PRZ1,1039,0.1588065447545717,0.7006737247353224,0.14051973051010588,0.4379210779595765,0.2791145332050048,0.8329519450800915,874,0.3983516483516483,728,0.21079691516709512,389,0.9938461538461538,650
cascade,29,1,PRZ2,1461,0.21697467488021902,0.5605749486652978,0.22245037645448323,0.4195756331279945,0.2026009582477755,0.7159090909090909,1144,0.3614163614163614,819,0.16251638269986893,763,0.995702005730659,698
cascade,29,1,PRZ3,1841,0.36556219445953286,0.2949483976099946,0.33948940793047255,0.47474198804997286,0.10917979359043997,0.4648972602739726,1168,0.3701657458563536,543,0.07096774193548387,1395,0.9955156950672646,446
cascade,29,1,PRZ4,349,0.11174785100286533,0.7736389684813754,0.11461318051575932,0.4154727793696275,0.3037249283667622,0.8709677419354839,310,0.3925925925925926,270,0.12359550561797752,89,0.9961538461538462,260
cascade,29,1,PRZ5,2563,0.0499414748341787,0.9168942645337496,0.03316426063207179,0.4541552867733125,0.4042138119391338,0.9650924024640657,2435,0.4408510638297872,2350,0.18565400843881857,237,0.9914015477214101,2326
cascade,29,1,PRZ6,2227,0.5074090704984284,0.15446789402784014,0.33812303547373146,0.5657835653345308,0.05837449483610238,0.31358249772105745,1097,0.37790697674418605,344,0.04285714285714286,1960,0.9737827715355806,267
cascade,29,2,CRC11,1603,0.11915159076731129,0.8802245789145352,0.0006238303181534623,0.9806612601372426,0.8615096693699313,0.9992917847025495,1412,0.9787384833451452,1411,0.0,42,0.9039077514413837,1561
cascade,29,2,CRC13,1356,0.1224188790560472,0.8768436578171092,0.0007374631268436578,0.9896755162241888,0.8672566371681416,0.9991596638655462,1190,0.9890664423885618,1189,0.058823529411764705,51,0.9088122605363985,1305
cascade,29,2,CRC16,2359,0.7214921576939382,0.11827045358202629,0.16023738872403562,0.7821110640101738,0.06061890631623569,0.4246575342465753,657,0.5125448028673835,279,0.007270323859881031,1513,0.31678486997635935,846
cascade,29,2,CRC17,2313,0.3363597060095115,0.514483354950281,0.14915693904020752,0.6826632079550368,0.3463035019455253,0.7752442996742671,1535,0.673109243697479,1190,0.03035413153456998,593,0.6813953488372093,1720
cascade,29,2,CRC22,762,0.42782152230971127,0.5695538057742782,0.0026246719160104987,0.994750656167979,0.5669291338582677,0.9954128440366973,436,0.9953917050691244,434,0.0,110,0.6656441717791411,652
cascade,29,2,CRC23,2384,0.6803691275167785,0.3074664429530201,0.012164429530201342,0.9848993288590604,0.30453020134228187,0.9619422572178478,762,0.990450204638472,733,0.006369426751592357,1413,0.7456230690010298,971
cascade,29,2,CRC24,3061,0.3779810519438092,0.6187520418163999,0.003266906239790918,0.9888925187847108,0.6109114668409017,0.9947478991596639,1904,0.9873284054910243,1894,0.0,411,0.7147169811320755,2650
cascade,29,2,CRC25,1013,0.28232971372161897,0.6969397828232972,0.02073050345508391,0.9042448173741362,0.6219151036525172,0.9711141678129298,727,0.8923512747875354,706,0.0,86,0.761596548004315,927
cascade,29,2,GC28_P_cDNA,1140,0.36929824561403507,0.6096491228070176,0.021052631578947368,0.9228070175438596,0.5535087719298246,0.9666203059805285,719,0.9079136690647482,695,0.0,55,0.6405529953917051,1085
cascade,29,2,GC29_P_cDNA,1291,0.20681642137877615,0.7807900852052673,0.012393493415956624,0.9481022463206816,0.7412858249419055,0.984375,1024,0.9494047619047619,1008,0.0,56,0.8161943319838056,1235
cascade,29,2,GC2_P_cDNA,551,0.2885662431941924,0.6932849364791288,0.018148820326678767,0.9092558983666061,0.6206896551724138,0.9744897959183674,392,0.8952879581151832,382,0.0,18,0.7166979362101313,533
cascade,29,2,GC30_P_cDNA,1644,0.36982968369829683,0.5711678832116789,0.05900243309002433,0.9057177615571776,0.5358880778588808,0.9063706563706564,1036,0.9382321618743344,939,0.01639344262295082,427,0.7658175842235004,1217
cascade,29,2,GC31_P_cDNA,1059,0.12936732766761094,0.8649669499527857,0.0056657223796034,0.9423984891406988,0.8130311614730878,0.9934924078091106,922,0.9399563318777293,916,0.0,2,0.8666035950804163,1057
cascade,29,2,GC32_P_cDNA,1301,0.05534204458109147,0.9385088393543428,0.006149116064565719,0.9323597232897771,0.8770176787086856,0.9934906427990235,1229,0.9344799344799345,1221,0.0,11,0.9465116279069767,1290
cascade,29,2,GC36_P_cDNA,1711,0.06370543541788427,0.9286966686148451,0.007597895967270602,0.9362945645821157,0.8725891291642315,0.9918851435705368,1602,0.9395846444304594,1589,0.0,6,0.9319648093841643,1705
cascade,29,2,HCC-1,1885,0.6270557029177719,0.33262599469496024,0.040318302387267906,0.929973474801061,0.3029177718832891,0.8918918918918919,703,0.9106858054226475,627,0.010040160642570281,996,0.6940382452193475,889
cascade,29,2,HCC-2-1_1,2190,0.6214611872146119,0.33744292237442924,0.0410958904109589,0.9246575342465754,0.30319634703196346,0.8914354644149578,829,0.8985115020297699,739,0.0,470,0.42965116279069765,1720
cascade,29,2,HCC-2-2,2281,0.6006137658921525,0.36606751424813677,0.033318719859710653,0.9281017097764138,0.3274879438842613,0.9165751920965971,911,0.8946107784431138,835,0.00784313725490196,765,0.5468337730870713,1516
cascade,29,2,HCC-22,2305,0.37787418655097615,0.5939262472885033,0.028199566160520606,0.9396963123644252,0.561822125813449,0.9546722454672245,1434,0.9459459459459459,1369,0.004761904761904762,210,0.6529832935560859,2095
cascade,29,2,HCC-24,1825,0.37095890410958904,0.606027397260274,0.023013698630136987,0.9358904109589041,0.564931506849315,0.9634146341463414,1148,0.9321880650994575,1106,0.007974481658692184,627,0.9190317195325542,1198
cascade,29,2,HCC-3-1_2,2625,0.7607619047619048,0.1580952380952381,0.08114285714285714,0.8925714285714286,0.13180952380952382,0.660828025477707,628,0.8337349397590361,415,0.0081374321880651,1106,0.2672811059907834,1519
cascade,29,2,HCC-3-2_1,2722,0.8398236590742102,0.08706833210874357,0.0731080088170463,0.90852314474651,0.06869948567229978,0.5435779816513762,436,0.7890295358649789,237,0.004333172845450169,2077,0.35348837209302325,645
cascade,29,2,PBMC-1,6154,0.39957751056223595,0.521774455638609,0.07864803379915503,0.8774780630484238,0.47790055248618785,0.8690121786197564,3695,0.9159140454687014,3211,0.0,187,0.5381263616557734,5967
cascade,29,2,PBMC-2,4070,0.3235872235872236,0.6206388206388206,0.055773955773955775,0.8781326781326781,0.5545454545454546,0.9175444969124591,2753,0.8935075217735551,2526,0.0,270,0.6647368421052632,3800
cascade,29,2,PBMC-3,4904,0.8421696574225123,0.06423327895595432,0.09359706362153344,0.8907014681892332,0.04853181076672104,0.4069767441860465,774,0.7555555555555555,315,0.0023148148148148147,3888,0.30118110236220474,1016
cascade,29,2,PBMC-4,6989,0.6799255973672914,0.2539705251108885,0.06610387752182001,0.8992702818715124,0.21934468450422093,0.7934734018775146,2237,0.8636619718309859,1775,0.0036010082823190494,2777,0.4190408357075024,4212
cascade,29,2,PBMC-5,7266,0.5456922653454446,0.37090558766859344,0.08340214698596202,0.8766859344894027,0.33099366914395817,0.8164192668888216,3301,0.8923933209647495,2695,0.0,1681,0.4825425246195166,5585
cascade,29,2,PBMC-6,4702,0.5910250957039558,0.32879625691195236,0.08017864738409188,0.8851552530837942,0.2941301573798384,0.8039521580863235,1923,0.8945666235446313,1546,0.001583531274742676,1263,0.44896772317534167,3439
cascade,29,2,PC-1,4545,0.2572057205720572,0.7317931793179318,0.011001100110011002,0.933993399339934,0.6767876787678768,0.9851895734597157,3376,0.9248346361996392,3326,0.002207505518763797,453,0.8125610948191594,4092
cascade,29,2,PC-2,267,0.149812734082397,0.850187265917603,0.0,0.9700374531835206,0.8202247191011236,1.0,227,0.9647577092511013,227,0.0,4,0.8631178707224335,263
cascade,29,2,PC-3,1145,0.12925764192139738,0.8655021834061135,0.005240174672489083,0.9502183406113537,0.8209606986899564,0.9939819458375125,997,0.9485368314833501,991,0.0,62,0.9150507848568791,1083
cascade,29,2,PC-4,597,0.6080402010050251,0.38190954773869346,0.010050251256281407,0.9765494137353434,0.3685092127303183,0.9743589743589743,234,0.9649122807017544,228,0.0,244,0.6458923512747875,353
cascade,29,2,PC-5,584,0.011986301369863013,0.9863013698630136,0.0017123287671232876,0.9486301369863014,0.9366438356164384,0.9982668977469671,577,0.9496527777777778,576,,0,0.9863013698630136,584
cascade,29,2,PC-6,734,0.06403269754768393,0.9332425068119891,0.0027247956403269754,0.9155313351498637,0.8514986376021798,0.9970887918486172,687,0.9124087591240876,685,0.0,18,0.9567039106145251,716
cascade,29,2,PRZ1,1648,0.33737864077669905,0.6098300970873787,0.05279126213592233,0.8246359223300971,0.48725728155339804,0.9203296703296703,1092,0.7990049751243781,1005,0.008108108108108109,370,0.784037558685446,1278
cascade,29,2,PRZ2,1821,0.24931356397583745,0.6842394288852279,0.06644700713893466,0.7451949478308622,0.4958813838550247,0.9114850036576445,1367,0.7247191011235955,1246,0.005221932114882507,383,0.8650904033379694,1438
cascade,29,2,PRZ3,2390,0.5548117154811716,0.40460251046025103,0.040585774058577405,0.9259414225941422,0.3711297071129707,0.9088345864661654,1064,0.9172699069286453,967,0.004363001745200698,1146,0.7733118971061094,1244
cascade,29,2,PRZ4,1456,0.37774725274725274,0.5625,0.059752747252747256,0.820054945054945,0.4423076923076923,0.9039735099337748,906,0.7863247863247863,819,0.014450867052023121,346,0.7333333333333333,1110
cascade,29,2,PRZ5,5532,0.3749096167751265,0.5849602313810557,0.04013015184381779,0.9031091829356471,0.5281995661605207,0.9358010410641989,3458,0.9029666254635352,3236,0.0009699321047526673,1031,0.7187291712952677,4501
cascade,29,2,PRZ6,2764,0.15412445730824892,0.8332127351664255,0.012662807525325614,0.8947178002894356,0.7405933429811867,0.9850299401197605,2338,0.8888406426400347,2303,0.009433962264150943,106,0.8660647103085026,2658
cascade,29,3,CRC11,17,0.0,1.0,0.0,0.9411764705882353,0.9411764705882353,1.0,17,0.9411764705882353,17,,0,1.0,17
cascade,29,3,CRC13,9,0.0,1.0,0.0,1.0,1.0,1.0,9,1.0,9,,0,1.0,9
cascade,29,3,CRC16,20,0.0,1.0,0.0,1.0,1.0,1.0,20,1.0,20,,0,1.0,20
cascade,29,3,CRC17,48,0.0,1.0,0.0,0.625,0.625,1.0,48,0.625,48,,0,1.0,48
cascade,29,3,CRC22,2,0.0,1.0,0.0,1.0,1.0,1.0,2,1.0,2,,0,1.0,2
cascade,29,3,CRC23,9,0.0,1.0,0.0,1.0,1.0,1.0,9,1.0,9,,0,1.0,9
cascade,29,3,CRC24,3,0.0,1.0,0.0,1.0,1.0,1.0,3,1.0,3,,0,1.0,3
cascade,29,3,CRC25,37,0.0,1.0,0.0,1.0,1.0,1.0,37,1.0,37,,0,1.0,37
cascade,29,3,GC28_P_cDNA,14,0.0,1.0,0.0,1.0,1.0,1.0,14,1.0,14,,0,1.0,14
cascade,29,3,GC29_P_cDNA,15,0.0,1.0,0.0,1.0,1.0,1.0,15,1.0,15,,0,1.0,15
cascade,29,3,GC2_P_cDNA,1,0.0,1.0,0.0,1.0,1.0,1.0,1,1.0,1,,0,1.0,1
cascade,29,3,GC30_P_cDNA,11,0.0,1.0,0.0,1.0,1.0,1.0,11,1.0,11,,0,1.0,11
cascade,29,3,GC31_P_cDNA,20,0.0,1.0,0.0,1.0,1.0,1.0,20,1.0,20,,0,1.0,20
cascade,29,3,GC32_P_cDNA,6,0.0,1.0,0.0,1.0,1.0,1.0,6,1.0,6,,0,1.0,6
cascade,29,3,GC36_P_cDNA,11,0.0,1.0,0.0,1.0,1.0,1.0,11,1.0,11,,0,1.0,11
cascade,29,3,HCC-1,10,0.0,1.0,0.0,1.0,1.0,1.0,10,1.0,10,,0,1.0,10
cascade,29,3,HCC-2-1_1,6,0.0,1.0,0.0,1.0,1.0,1.0,6,1.0,6,,0,1.0,6
cascade,29,3,HCC-2-2,19,0.0,1.0,0.0,1.0,1.0,1.0,19,1.0,19,,0,1.0,19
cascade,29,3,HCC-22,5,0.0,1.0,0.0,1.0,1.0,1.0,5,1.0,5,,0,1.0,5
cascade,29,3,HCC-3-1_2,13,0.0,1.0,0.0,1.0,1.0,1.0,13,1.0,13,,0,1.0,13
cascade,29,3,HCC-3-2_1,15,0.0,1.0,0.0,1.0,1.0,1.0,15,1.0,15,,0,1.0,15
cascade,29,3,PBMC-1,108,0.0,1.0,0.0,1.0,1.0,1.0,108,1.0,108,1.0,1,1.0,107
cascade,29,3,PBMC-2,371,0.016172506738544475,0.9838274932614556,0.0,0.9326145552560647,0.9164420485175202,1.0,365,0.9315068493150684,365,0.0,2,0.989159891598916,369
cascade,29,3,PBMC-3,131,0.11450381679389313,0.8854961832061069,0.0,0.9847328244274809,0.8702290076335878,1.0,116,0.9827586206896551,116,0.42105263157894735,19,0.9642857142857143,112
cascade,29,3,PBMC-4,287,0.3310104529616725,0.6689895470383276,0.0,1.0,0.6689895470383276,1.0,192,1.0,192,0.12727272727272726,55,0.7974137931034483,232
cascade,29,3,PBMC-5,120,0.008333333333333333,0.9916666666666667,0.0,1.0,0.9916666666666667,1.0,119,1.0,119,,0,0.9916666666666667,120
cascade,29,3,PBMC-6,134,0.08955223880597014,0.9104477611940298,0.0,1.0,0.9104477611940298,1.0,122,1.0,122,0.0,6,0.953125,128
cascade,29,3,PC-1,98,0.0,1.0,0.0,1.0,1.0,1.0,98,1.0,98,,0,1.0,98
cascade,29,3,PC-2,2,0.0,1.0,0.0,1.0,1.0,1.0,2,1.0,2,,0,1.0,2
cascade,29,3,PC-3,2,0.0,1.0,0.0,1.0,1.0,1.0,2,1.0,2,,0,1.0,2
cascade,29,3,PC-5,11,0.0,1.0,0.0,1.0,1.0,1.0,11,1.0,11,,0,1.0,11
cascade,29,3,PC-6,11,0.0,1.0,0.0,1.0,1.0,1.0,11,1.0,11,,0,1.0,11
cascade,29,3,PRZ1,1,0.0,1.0,0.0,1.0,1.0,1.0,1,1.0,1,,0,1.0,1
cascade,29,3,PRZ2,4,0.0,1.0,0.0,1.0,1.0,1.0,4,1.0,4,,0,1.0,4
cascade,29,3,PRZ3,2,0.0,1.0,0.0,1.0,1.0,1.0,2,1.0,2,,0,1.0,2
cascade,29,3,PRZ4,10,0.0,1.0,0.0,1.0,1.0,1.0,10,1.0,10,,0,1.0,10
cascade,29,3,PRZ5,14,0.0,1.0,0.0,1.0,1.0,1.0,14,1.0,14,,0,1.0,14
cascade,29,3,PRZ6,42,0.0,1.0,0.0,1.0,1.0,1.0,42,1.0,42,,0,1.0,42
cascade,29,4,CRC11,3220,0.5083850931677019,0.08478260869565217,0.40683229813664595,0.5627329192546584,0.05434782608695652,0.1724573594440935,1583,0.6410256410256411,273,0.06919431279620854,3165,0.9818181818181818,55
cascade,29,4,CRC13,2601,0.5790080738177624,0.12841214917339486,0.29257977700884275,0.6593617839292579,0.08035371011149559,0.3050228310502283,1095,0.625748502994012,334,0.05141388174807198,2334,0.8014981273408239,267
cascade,29,4,CRC16,3959,0.018438999747410964,0.7810053043697903,0.20055569588279867,0.10684516291992928,0.08840616317251832,0.795676788471436,3886,0.11319534282018111,3092,0.6024321796071095,2138,0.9906644700713894,1821
cascade,29,4,CRC17,2750,0.11345454545454546,0.5734545454545454,0.3130909090909091,0.21890909090909091,0.10545454545454545,0.6468416735028713,2438,0.18389346861128725,1577,0.31796407185628744,1670,0.9685185185185186,1080
cascade,29,4,CRC22,3623,0.4924096052994756,0.28208666850676234,0.22550372619376208,0.6547060447143251,0.16229643941484959,0.55573681348559,1839,0.5753424657534246,1022,0.22673893405600723,3321,0.890728476821192,302
cascade,29,4,CRC23,2883,0.29656607700312176,0.6212278876170656,0.08220603537981269,0.7370794311481096,0.4405133541449879,0.8831360946745562,2028,0.7091010608598548,1791,0.24639878695981804,1319,0.9373401534526854,1564
cascade,29,4,CRC24,2677,0.4983190138214419,0.28912962271199105,0.21255136346656706,0.6768771012327232,0.1785580874112813,0.5763216679076694,1343,0.6175710594315246,774,0.21511627906976744,2408,0.9516728624535316,269
cascade,29,4,CRC25,3070,0.08599348534201955,0.8657980456026059,0.04820846905537459,0.5351791530944625,0.449185667752443,0.947255880256593,2806,0.5188111361926261,2658,0.5172955974842768,636,0.956861133935908,2434
cascade,29,4,GC28_P_cDNA,2915,0.3718696397941681,0.4250428816466552,0.20308747855917667,0.6229845626072041,0.25111492281303605,0.6766794101583834,1831,0.5907990314769975,1239,0.3419164204305614,2369,0.7857142857142857,546
cascade,29,4,GC29_P_cDNA,1576,0.4365482233502538,0.18908629441624367,0.3743654822335025,0.5171319796954315,0.08058375634517767,0.3355855855855856,888,0.4261744966442953,298,0.1392318244170096,1458,0.8050847457627118,118
cascade,29,4,GC2_P_cDNA,2334,0.4130248500428449,0.22322193658954584,0.36375321336760924,0.5244215938303342,0.11139674378748929,0.3802919708029197,1370,0.4990403071017274,521,0.20692678649715038,2281,0.9245283018867925,53
cascade,29,4,GC30_P_cDNA,2820,0.399290780141844,0.39397163120567374,0.20673758865248226,0.6028368794326241,0.20354609929078013,0.6558441558441559,1694,0.5166516651665166,1111,0.2200094831673779,2109,0.909985935302391,711
cascade,29,4,GC31_P_cDNA,3440,0.4991279069767442,0.24563953488372092,0.2552325581395349,0.6357558139534883,0.13662790697674418,0.4904236796285548,1723,0.5562130177514792,845,0.1312200516033911,2713,0.672627235213205,727
cascade,29,4,GC32_P_cDNA,3824,0.2622907949790795,0.6090481171548117,0.12866108786610878,0.6216004184100419,0.35930962343096234,0.825593761077632,2821,0.5899527694289395,2329,0.10097232610321616,1337,0.8821873743466023,2487
cascade,29,4,GC36_P_cDNA,3337,0.6086305064429128,0.0773149535510938,0.3140545400059934,0.6409949056038358,0.032364399160922985,0.19754977029096477,1306,0.4186046511627907,258,0.06100960049550944,3229,0.5648148148148148,108
cascade,29,4,HCC-1,3021,0.261833829857663,0.6004634227077127,0.1377027474346243,0.5647136709698776,0.3028798411122145,0.8134529147982063,2230,0.5044101433296582,1814,0.31881427707199034,1653,0.9407894736842105,1368
cascade,29,4,HCC-2-1_1,2442,0.2858312858312858,0.5618345618345618,0.15233415233415235,0.5904995904995906,0.3046683046683047,0.786697247706422,1744,0.5422740524781341,1372,0.48841698841698844,2072,0.972972972972973,370
cascade,29,4,HCC-2-2,2589,0.29857087678640404,0.5465430668211665,0.1548860563924295,0.5955967555040557,0.2970258787176516,0.7791850220264317,1816,0.5434628975265018,1415,0.40626605033384694,1947,0.9719626168224299,642
cascade,29,4,HCC-22,3858,0.566355624675998,0.18843960601347848,0.2452047693105236,0.6731467081389321,0.10679108346293416,0.43454871488344293,1673,0.5667125171939478,727,0.13980582524271845,3605,0.8814229249011858,253
cascade,29,4,HCC-24,4670,0.5177730192719486,0.2886509635974304,0.19357601713062098,0.7079229122055675,0.19014989293361884,0.5985790408525755,2252,0.658753709198813,1348,0.06858281161070005,3514,0.9576124567474048,1156
cascade,29,4,HCC-3-1_2,2988,0.1854082998661312,0.7305890227576974,0.08400267737617136,0.6127844712182061,0.42737617135207495,0.8968775677896467,2434,0.5849748053137883,2183,0.6288127639605818,2131,0.9836639439906651,857
cascade,29,4,HCC-3-2_1,2875,0.12834782608695652,0.8292173913043478,0.042434782608695654,0.6236521739130435,0.49530434782608695,0.951316839584996,2506,0.5973154362416108,2384,0.5720887245841035,1082,0.9843837144450641,1793
cascade,29,4,PBMC-1,10190,0.08547595682041217,0.5744847890088322,0.34003925417075564,0.2028459273797841,0.11736997055937193,0.6281789891619273,9319,0.2043047488896481,5854,0.4735646687697161,7925,0.9275938189845475,2265
cascade,29,4,PBMC-2,7284,0.11641954969796815,0.5971993410214168,0.28638110928061505,0.2797913234486546,0.16337177375068643,0.6758856432566812,6436,0.2735632183908046,4350,0.30035246727089626,3972,0.9532004830917874,3312
cascade,29,4,PBMC-3,10547,0.05119939319237698,0.8730444676211245,0.07575613918649853,0.3853228406181853,0.3341234474258083,0.9201558908763865,10007,0.38271068635968725,9208,0.6596070426129115,3919,0.9992456246228123,6628
cascade,29,4,PBMC-4,9607,0.07161444779848028,0.7601748724888102,0.16821067971270948,0.29332778182575203,0.22171333402727178,0.8188137683596816,8919,0.29166096124880186,7303,0.6384261462795494,6303,0.9924334140435835,3304
cascade,29,4,PBMC-5,7598,0.19439326138457488,0.4577520400105291,0.34785469860489604,0.32692813898394313,0.13253487759936824,0.5682078091815063,6121,0.28953421506613,3478,0.3577133907595928,6385,0.9843363561417972,1213
cascade,29,4,PBMC-6,7271,0.19185806629074406,0.5015816256360885,0.30656030807316736,0.3530463485077706,0.16118828221702655,0.6206603131381893,5876,0.3213600219358377,3647,0.3875213675213675,5850,0.9711470795214637,1421
cascade,29,4,PC-1,7456,0.30069742489270385,0.20198497854077252,0.4973175965665236,0.4110783261802575,0.11038090128755365,0.28883774453394706,5214,0.546480743691899,1506,0.1372864028041478,6847,0.9293924466338259,609
cascade,29,4,PC-2,978,0.48057259713701433,0.05623721881390593,0.46319018404907975,0.5194274028629857,0.03885480572597137,0.10826771653543307,508,0.6909090909090909,55,0.047569803516028956,967,0.8181818181818182,11
cascade,29,4,PC-3,2310,0.4653679653679654,0.21168831168831168,0.3229437229437229,0.5800865800865801,0.11471861471861472,0.39595141700404857,1235,0.5419222903885481,489,0.056818181818181816,1848,0.8311688311688312,462
cascade,29,4,PC-4,570,0.3736842105263158,0.47368421052631576,0.15263157894736842,0.7,0.3263157894736842,0.7563025210084033,357,0.6888888888888889,270,0.2675,400,0.9588235294117647,170
cascade,29,4,PC-5,1972,0.44675456389452334,0.19371196754563894,0.35953346855983775,0.5613590263691683,0.11460446247464504,0.35013748854262144,1091,0.5916230366492147,382,0.0068212824010914054,1466,0.7351778656126482,506
cascade,29,4,PC-6,2377,0.5586874211190577,0.11653344551956248,0.32477913336137987,0.6318889356331511,0.07320151451409339,0.2640610104861773,1049,0.628158844765343,277,0.03621825023518344,2126,0.796812749003984,251
cascade,29,4,PRZ1,3411,0.5388449135150982,0.20345939607153327,0.25769569041336854,0.6575784227499267,0.11873350923482849,0.44119516846789575,1573,0.5835734870317003,694,0.12151981657386178,3053,0.9022346368715084,358
cascade,29,4,PRZ2,7220,0.5465373961218837,0.23060941828254847,0.22285318559556785,0.692382271468144,0.1458448753462604,0.5085522296884545,3274,0.6324324324324324,1665,0.11419031719532555,5990,0.7975609756097561,1230
cascade,29,4,PRZ3,4300,0.38488372093023254,0.4688372093023256,0.14627906976744187,0.6386046511627907,0.25372093023255815,0.7621928166351607,2645,0.5411706349206349,2016,0.23403508771929823,2850,0.9303448275862068,1450
cascade,29,4,PRZ4,4819,0.3658435360033202,0.4532060593484125,0.18095040464826728,0.6439095247976758,0.2780659887943557,0.7146596858638743,3056,0.6135531135531136,2184,0.39533271719038815,4328,0.9633401221995926,491
cascade,29,4,PRZ5,4429,0.3364190562203658,0.43463535786859336,0.22894558591104086,0.5649130729284263,0.22849401670806052,0.6549846886696156,2939,0.5257142857142857,1925,0.29411764705882354,3536,0.9910414333706606,893
cascade,29,4,PRZ6,3309,0.2910244786944696,0.4487760652765186,0.2601994560290118,0.49017830160169235,0.19915382290722272,0.6329923273657289,2346,0.44377104377104376,1485,0.19157994323557237,2114,0.9037656903765691,1195
cascade,43,-1,CRC11,7469,0.29856741196947384,0.5808006426563127,0.12063194537421341,0.6406480117820325,0.34208059981255856,0.8280206146211109,5239,0.5889810972798525,4338,0.12254753999396317,3313,0.9461020211742059,4156
cascade,43,-1,CRC13,5062,0.3759383642828921,0.4099170288423548,0.21414460687475306,0.7080205452390359,0.33208218095614384,0.6568534346312124,3159,0.8101204819277108,2075,0.07715531700771554,2981,0.8865929841422393,2081
cascade,43,-1,CRC16,7478,0.23442096817330837,0.6079165552286707,0.15766247659802085,0.3641347953998395,0.12971382722653116,0.7940611353711791,5725,0.2133743950725913,4546,0.49478649453823237,4028,0.74,3450
cascade,43,-1,CRC17,6427,0.18391162284113893,0.4946320211607282,0.3214563559981329,0.410144702038276,0.2262330791971371,0.6061010486177312,5245,0.45737653350110097,3179,0.14262078093977498,3022,0.8070484581497798,3405
cascade,43,-1,CRC22,5203,0.41206995963867,0.41822025754372477,0.16970978281760524,0.6726888333653661,0.2606188737266961,0.7113435763321346,3059,0.6231617647058824,2176,0.21918964546989309,3554,0.8471801091570649,1649
cascade,43,-1,CRC23,6110,0.42618657937806875,0.5050736497545009,0.06873977086743044,0.802454991816694,0.3762684124386252,0.8802053622361665,3506,0.7449773169151005,3086,0.12330097087378641,3090,0.8956953642384106,3020
cascade,43,-1,CRC24,7254,0.37854976564653986,0.53584229390681,0.08560794044665013,0.7765370829886958,0.39798731734215603,0.8622448979591837,4508,0.7427321842037561,3887,0.238621997471555,3164,0.7657701711491443,4090
cascade,43,-1,CRC25,7233,0.2878473662380755,0.5372597815567538,0.17489285220517076,0.5953269735932532,0.30747960735517765,0.7544166181324015,5151,0.5723108594956253,3886,0.09746529873264936,3314,0.9091605001275835,3919
cascade,43,-1,GC28_P_cDNA,7320,0.38702185792349725,0.4243169398907104,0.18866120218579235,0.6551912568306011,0.26816939890710384,0.6922219745932694,4487,0.6320025756600128,3106,0.2586490939044481,4856,0.7508116883116883,2464
cascade,43,-1,GC29_P_cDNA,5117,0.2988078952511237,0.4852452608950557,0.2159468438538206,0.6437365643931992,0.34492866914207543,0.6920289855072463,3588,0.7108336689488522,2483,0.08857896720693555,2653,0.9123376623376623,2464
cascade,43,-1,GC2_P_cDNA,4443,0.26063470627954083,0.4949358541525996,0.24442943956785956,0.49831195138419987,0.237677245104659,0.6694063926940639,3285,0.48021828103683495,2199,0.12366912366912367,2442,0.9480259870064968,2001
cascade,43,-1,GC30_P_cDNA,7164,0.27540480178671134,0.5940815187046343,0.1305136795086544,0.63107202680067,0.3556672250139587,0.8198805625120401,5191,0.5986842105263158,4256,0.16752910737386806,3092,0.9179764243614931,4072
cascade,43,-1,GC31_P_cDNA,7103,0.33929325637054764,0.4482612980430804,0.21244544558637196,0.6732366605659581,0.3339434041954104,0.6784572767952269,4693,0.7449748743718593,3184,0.1131199609088688,4093,0.9039867109634552,3010
cascade,43,-1,GC32_P_cDNA,7179,0.23540883131355342,0.5979941496030088,0.1665970190834378,0.6425686028694805,0.40715977155592703,0.782109673893241,5489,0.680875844397857,4293,0.05001866368047779,2679,0.9242222222222222,4500
cascade,43,-1,GC36_P_cDNA,7234,0.3460049764998618,0.484241083771081,0.16975393972905722,0.7014100082941664,0.35540503179430466,0.7404354259141831,4731,0.7339423351413075,3503,0.12509382036527394,3997,0.927710843373494,3237
cascade,43,-1,HCC-1,7055,0.41190644932671866,0.428632175761871,0.15946137491141035,0.6834868887313962,0.2715804394046775,0.7288503253796096,4149,0.6335978835978836,3024,0.08820709491850431,4172,0.9212625737079431,2883
cascade,43,-1,HCC-2-1_1,6913,0.46419788803703166,0.3943295240850571,0.14147258787791117,0.7093881093591784,0.24519022132214668,0.7359611231101512,3704,0.6217901687454145,2726,0.176443310920473,4313,0.7557692307692307,2600
cascade,43,-1,HCC-2-2,7179,0.44588382783117425,0.37985791893021315,0.17425825323861263,0.7271207689093189,0.28123694107814456,0.6855203619909502,3978,0.7403740374037404,2727,0.1377666817975488,4406,0.7645149657410747,2773
cascade,43,-1,HCC-22,7019,0.4455050577005271,0.4013392221114119,0.15315572018806098,0.7689129505627582,0.3234078928622311,0.723792394655704,3892,0.8058217962371317,2817,0.17790167257982767,3946,0.688252521965506,3073
cascade,43,-1,HCC-24,7039,0.46086091774399773,0.4038925983804518,0.1352464838755505,0.7819292513141071,0.3210683335701094,0.7491436100131752,3795,0.7949349278930707,2843,0.07483306470181902,4343,0.9339762611275965,2696
cascade,43,-1,HCC-3-1_2,7198,0.4153931647679911,0.48763545429285915,0.09697138093914977,0.7193664906918589,0.3039733259238677,0.8341254752851711,4208,0.6233618233618233,3510,0.17934647044150662,4009,0.8751959862025713,3189
cascade,43,-1,HCC-3-2_1,7285,0.4668496911461908,0.4175703500343171,0.11557995881949211,0.7438572409059712,0.27700754975978037,0.7832131822863028,3884,0.663379355687048,3042,0.11688014638609331,4372,0.8688637143837967,2913
cascade,43,-1,PBMC-1,22144,0.17765534682080925,0.5732026734104047,0.24914197976878613,0.46504696531791906,0.2873916184971098,0.6970345963756178,18210,0.5013787126762783,12693,0.18660647103085026,9303,0.8532824546374893,12841
cascade,43,-1,PBMC-2,16302,0.17924181082075819,0.6572199730094467,0.1635382161697951,0.4854619065145381,0.3062200956937799,0.8007473841554559,13380,0.4659324248646631,10714,0.2023529411764706,5525,0.8904147722000557,10777
cascade,43,-1,PBMC-3,21398,0.2579680343957379,0.6585194878025984,0.08351247780166371,0.5550518740069166,0.2970838396111786,0.887454339337448,15878,0.45113902490951674,14091,0.2466454400727769,8794,0.9458901935893367,12604
cascade,43,-1,PBMC-4,22627,0.3111769125381182,0.5965881469041411,0.09223494055774076,0.545940690325717,0.23476377778759888,0.8660977800590274,15586,0.3935106304170679,13499,0.3491869536610584,10639,0.8161494828161495,11988
cascade,43,-1,PBMC-5,19153,0.32903461598705164,0.459196992638229,0.21176839137471937,0.5979219965540646,0.268887380567013,0.6843825383238659,12851,0.5855599772598067,8795,0.21438908414306387,9674,0.7090410380841861,9479
cascade,43,-1,PBMC-6,15164,0.3326299129517278,0.44645212345027696,0.22091796359799526,0.5292798733843314,0.19664996043260352,0.6689723320158103,10120,0.4404726735598227,6770,0.2856817923348118,8793,0.6683409197928112,6371
cascade,43,-1,PC-1,17977,0.18284474606441564,0.5479223452188908,0.26923290871669353,0.6153418256661289,0.4324970796017133,0.6705241660993874,14690,0.7893401015228426,9850,0.0616827041697508,8106,0.94721912673488,9871
cascade,43,-1,PC-2,1929,0.3011923276308968,0.465526179367548,0.2332814930015552,0.6236391912908242,0.3224468636599274,0.6661721068249258,1348,0.6926503340757239,898,0.041666666666666664,1056,0.9782359679266895,873
cascade,43,-1,PC-3,4981,0.3184099578397912,0.43806464565348324,0.24352539650672556,0.6747641035936559,0.3563541457538647,0.6427098674521355,3395,0.8134738771769019,2182,0.03449568803899512,2667,0.9031979256698358,2314
cascade,43,-1,PC-4,2060,0.3145631067961165,0.6305825242718447,0.054854368932038836,0.691747572815534,0.37718446601941746,0.919971671388102,1412,0.5981524249422633,1299,0.14709677419354839,775,0.9221789883268483,1285
cascade,43,-1,PC-5,3977,0.32562232838823235,0.38119185315564497,0.2931858184561227,0.591903444807644,0.2662811164194116,0.5652498135719612,2682,0.6985488126649076,1516,0.04699093157460841,2426,0.903932946486138,1551
cascade,43,-1,PC-6,6890,0.3336719883889695,0.40333817126269955,0.2629898403483309,0.5708272859216256,0.23715529753265602,0.6053147462426487,4591,0.5879812882331774,2779,0.10179775280898877,4450,0.9532786885245902,2440
cascade,43,-1,PRZ1,8750,0.2988571428571429,0.564,0.13714285714285715,0.7587428571428572,0.4598857142857143,0.80440097799511,6135,0.8154002026342452,4935,0.0907436297451898,3846,0.9351549755301795,4904
cascade,43,-1,PRZ2,12428,0.4074670099774702,0.42018023817186995,0.1723527518506598,0.7052623109108465,0.29779530093337625,0.7091254752851711,7364,0.7087322864802758,5222,0.09051724137931035,7424,0.9092725819344525,5004
cascade,43,-1,PRZ3,9117,0.3897115279148843,0.4569485576395744,0.1533399144455413,0.6856422068662937,0.29593067895140945,0.7487419122933142,5564,0.6476236197791647,4166,0.11477272727272728,5280,0.9278081834766745,3837
cascade,43,-1,PRZ4,7719,0.31908278274387875,0.5616012436844151,0.11931597357170617,0.7074750615364684,0.3883922787925897,0.8247716894977168,5256,0.6915801614763553,4335,0.35968552085608213,4579,0.8560509554140128,3140
cascade,43,-1,PRZ5,12944,0.27070457354758964,0.6456273176761433,0.083668108776267,0.6983930778739185,0.4276885043263288,0.8852754237288135,9440,0.6624386741653704,8357,0.27316969953449005,4726,0.8598199075200779,8218
cascade,43,-1,PRZ6,8748,0.31870141746684955,0.4987425697302241,0.18255601280292638,0.6611796982167353,0.3424782807498857,0.7320469798657718,5960,0.6866834746733899,4363,0.12340425531914893,4465,0.8900303525566192,4283
cascade,43,0,CRC11,324,0.06481481481481481,0.9228395061728395,0.012345679012345678,0.7746913580246914,0.7098765432098766,0.9867986798679867,303,0.7692307692307693,299,0.16666666666666666,6,0.9371069182389937,318
cascade,43,0,CRC13,209,0.17703349282296652,0.8181818181818182,0.004784688995215311,0.9090909090909091,0.7320574162679426,0.9941860465116279,172,0.8947368421052632,171,0.0,29,0.95,180
cascade,43,0,CRC16,167,0.017964071856287425,0.9580838323353293,0.023952095808383235,0.8143712574850299,0.7964071856287425,0.975609756097561,164,0.83125,160,0.5,14,1.0,153
cascade,43,0,CRC17,269,0.03717472118959108,0.9591078066914498,0.0037174721189591076,0.8215613382899628,0.7843866171003717,0.9961389961389961,259,0.8178294573643411,258,0.0,11,1.0,258
cascade,43,0,CRC22,213,0.15492957746478872,0.8450704225352113,0.0,0.7417840375586855,0.5868544600938967,1.0,180,0.6944444444444444,180,0.0,31,0.989010989010989,182
cascade,43,0,CRC23,91,0.18681318681318682,0.8131868131868132,0.0,0.9120879120879121,0.7252747252747253,1.0,74,0.8918918918918919,74,0.0,15,0.9736842105263158,76
cascade,43,0,CRC24,238,0.13025210084033614,0.8697478991596639,0.0,0.9285714285714286,0.7983193277310925,1.0,207,0.9178743961352657,207,0.0,29,0.9904306220095693,209
cascade,43,0,CRC25,501,0.10179640718562874,0.8862275449101796,0.011976047904191617,0.7904191616766467,0.688622754491018,0.9866666666666667,450,0.777027027027027,444,0.0,49,0.9823008849557522,452
cascade,43,0,GC28_P_cDNA,337,0.27299703264094954,0.7210682492581603,0.005934718100890208,0.9317507418397626,0.658753709198813,0.9918367346938776,245,0.9135802469135802,243,0.011111111111111112,90,0.979757085020243,247
cascade,43,0,GC29_P_cDNA,225,0.0044444444444444444,0.9955555555555555,0.0,0.9555555555555556,0.9511111111111111,1.0,224,0.9553571428571429,224,0.0,1,1.0,224
cascade,43,0,GC2_P_cDNA,226,0.05752212389380531,0.9424778761061947,0.0,0.8097345132743363,0.7522123893805309,1.0,213,0.7981220657276995,213,0.0,12,0.9953271028037384,214
cascade,43,0,GC30_P_cDNA,400,0.04,0.96,0.0,0.94,0.9,1.0,384,0.9375,384,0.1,10,0.982051282051282,390
cascade,43,0,GC31_P_cDNA,939,0.027689030883919063,0.9712460063897763,0.0010649627263045794,0.9414270500532481,0.9137380191693291,0.9989047097480832,913,0.9407894736842105,912,0.0,25,0.9978118161925602,914
cascade,43,0,GC32_P_cDNA,713,0.16129032258064516,0.8274894810659187,0.011220196353436185,0.8330995792426368,0.6718092566619915,0.9866220735785953,598,0.811864406779661,590,0.009174311926605505,109,0.9751655629139073,604
cascade,43,0,GC36_P_cDNA,790,0.16962025316455695,0.8278481012658228,0.002531645569620253,0.9544303797468354,0.7848101265822784,0.9969512195121951,656,0.9480122324159022,654,0.0,131,0.992412746585736,659
cascade,43,0,HCC-1,390,0.041025641025641026,0.958974358974359,0.0,0.9564102564102565,0.9153846153846154,1.0,374,0.9545454545454546,374,0.0625,16,0.9973262032085561,374
cascade,43,0,HCC-2-1_1,200,0.03,0.97,0.0,0.98,0.95,1.0,194,0.979381443298969,194,0.0,6,1.0,194
cascade,43,0,HCC-2-2,309,0.003236245954692557,0.9967637540453075,0.0,0.9546925566343042,0.9514563106796117,1.0,308,0.9545454545454546,308,0.0,1,1.0,308
cascade,43,0,HCC-22,679,0.25920471281296026,0.7363770250368189,0.004418262150220913,0.9234167893961709,0.6642120765832106,0.9940357852882704,503,0.902,500,0.017341040462427744,173,0.9822134387351779,506
cascade,43,0,HCC-24,401,0.20448877805486285,0.7930174563591023,0.0024937655860349127,0.9750623441396509,0.770573566084788,0.9968652037617555,319,0.9716981132075472,318,0.024096385542168676,83,0.9937106918238994,318
cascade,43,0,HCC-3-1_2,202,0.0049504950495049506,0.995049504950495,0.0,0.9554455445544554,0.9504950495049505,1.0,201,0.9552238805970149,201,0.0,1,1.0,201
cascade,43,0,HCC-3-2_1,230,0.021739130434782608,0.9782608695652174,0.0,0.9695652173913043,0.9478260869565217,1.0,225,0.9688888888888889,225,0.0,4,0.995575221238938,226
cascade,43,0,PBMC-1,2772,0.0183982683982684,0.943001443001443,0.0386002886002886,0.37554112554112556,0.35714285714285715,0.9606762219772143,2721,0.37872991583779647,2614,0.12195121951219512,41,0.9553277187843281,2731
cascade,43,0,PBMC-2,2118,0.03918791312559018,0.9296506137865911,0.031161473087818695,0.35646836638338053,0.31728045325779036,0.9675675675675676,2035,0.3412899949212798,1969,0.3113207547169811,106,0.9622266401590457,2012
cascade,43,0,PBMC-3,2459,0.028060187067913786,0.9499796665311102,0.021960146400976006,0.6518910126067508,0.623830825538837,0.9774058577405857,2390,0.6566780821917808,2336,0.0625,80,0.9798234552332913,2379
cascade,43,0,PBMC-4,2612,0.01569678407350689,0.968989280245023,0.015313935681470138,0.5532159264931087,0.5375191424196019,0.9844418514196811,2571,0.5547214539707626,2531,0.2535211267605634,71,0.9889807162534435,2541
cascade,43,0,PBMC-5,1529,0.07521255722694571,0.9018966644865926,0.02289077828646174,0.6468279921517331,0.5716154349247874,0.9752475247524752,1414,0.6337926033357505,1379,0.06666666666666667,90,0.9541348158443363,1439
cascade,43,0,PBMC-6,1231,0.023558082859463852,0.8968318440292445,0.07961007311129163,0.421608448415922,0.3980503655564582,0.9184692179700499,1202,0.4438405797101449,1104,0.0,45,0.9308600337268128,1186
cascade,43,0,PC-1,2813,0.007820831852115179,0.9911126910771418,0.001066477070742979,0.9182367579097049,0.9104159260575898,0.9989251164457184,2791,0.9185796269727403,2788,0.0,19,0.9978525411596277,2794
cascade,43,0,PC-2,344,0.0377906976744186,0.9593023255813954,0.0029069767441860465,0.8866279069767442,0.8488372093023255,0.9969788519637462,331,0.8848484848484849,330,0.0,10,0.9880239520958084,334
cascade,43,0,PC-3,497,0.04627766599597585,0.9476861167002012,0.006036217303822937,0.9154929577464789,0.869215291750503,0.9936708860759493,474,0.9171974522292994,471,0.08695652173913043,23,0.989451476793249,474
cascade,43,0,PC-4,132,0.015151515151515152,0.9848484848484849,0.0,0.6742424242424242,0.6590909090909091,1.0,130,0.6692307692307692,130,0.0,2,1.0,130
cascade,43,0,PC-5,207,0.04830917874396135,0.9516908212560387,0.0,0.8405797101449275,0.7922705314009661,1.0,197,0.8324873096446701,197,0.2,5,0.9702970297029703,202
cascade,43,0,PC-6,268,0.09701492537313433,0.8955223880597015,0.007462686567164179,0.8731343283582089,0.7761194029850746,0.9917355371900827,242,0.8666666666666667,240,0.041666666666666664,24,0.9795081967213115,244
cascade,43,0,PRZ1,2651,0.014334213504337986,0.985288570350811,0.0003772161448509996,0.9720860052810261,0.957751791776688,0.9996172981247609,2613,0.972052067381317,2612,0.0,34,0.9980894153611005,2617
cascade,43,0,PRZ2,1922,0.0691987513007284,0.9292403746097815,0.0015608740894901144,0.9318418314255983,0.8626430801248699,0.9983230855226384,1789,0.9283314669652856,1786,0.0136986301369863,73,0.965386695511087,1849
cascade,43,0,PRZ3,584,0.1506849315068493,0.8441780821917808,0.005136986301369863,0.958904109589041,0.8082191780821918,0.9939516129032258,496,0.9574036511156186,493,0.0625,16,0.8661971830985915,568
cascade,43,0,PRZ4,1085,0.21658986175115208,0.7778801843317973,0.005529953917050691,0.9539170506912442,0.7373271889400922,0.9929411764705882,850,0.9478672985781991,844,0.0,21,0.793233082706767,1064
cascade,43,0,PRZ5,406,0.16502463054187191,0.8300492610837439,0.0049261083743842365,0.9039408866995073,0.7389162561576355,0.9941002949852508,339,0.8902077151335311,337,0.0,12,0.8553299492385786,394
cascade,43,0,PRZ6,406,0.07635467980295567,0.9236453201970444,0.0,0.8891625615763546,0.812807881773399,1.0,375,0.88,375,0.0,18,0.9664948453608248,388
cascade,43,1,CRC11,2305,0.006941431670281995,0.9869848156182213,0.006073752711496746,0.33926247288503253,0.33232104121475053,0.9938837920489296,2289,0.3367032967032967,2275,0.4,40,0.9973509933774835,2265
cascade,43,1,CRC13,887,0.18602029312288612,0.4024802705749718,0.41149943630214203,0.3314543404735062,0.14543404735062007,0.49445983379501385,722,0.36134453781512604,357,0.14638157894736842,608,0.9605734767025089,279
cascade,43,1,CRC16,973,0.030832476875642344,0.8612538540596094,0.1079136690647482,0.2446043165467626,0.21377183967112023,0.8886532343584306,943,0.24821002386634844,838,0.1232876712328767,146,0.9915356711003628,827
cascade,43,1,CRC17,1047,0.1279847182425979,0.25787965616045844,0.6141356255969437,0.18529130850047756,0.05730659025787966,0.29572836801752467,913,0.2222222222222222,270,0.05012224938875306,818,1.0,229
cascade,43,1,CRC22,603,0.13598673300165837,0.6019900497512438,0.2620232172470978,0.3150912106135987,0.1791044776119403,0.6967370441458733,521,0.2975206611570248,363,0.17073170731707318,287,0.9936708860759493,316
cascade,43,1,CRC23,743,0.10363391655450875,0.6796769851951547,0.21668909825033647,0.45625841184387617,0.35262449528936746,0.7582582582582582,666,0.5188118811881188,505,0.2,295,0.9955357142857143,448
cascade,43,1,CRC24,1275,0.04941176470588235,0.851764705882353,0.0988235294117647,0.4345098039215686,0.38509803921568625,0.8960396039603961,1212,0.4521178637200737,1086,0.24897959183673468,245,0.9951456310679612,1030
cascade,43,1,CRC25,2612,0.5440275650842267,0.034839203675344564,0.4211332312404288,0.5616385911179173,0.01761102603369066,0.0764063811922754,1191,0.5054945054945055,91,0.019477989871445268,2567,0.9111111111111111,45
cascade,43,1,GC28_P_cDNA,2914,0.44852436513383664,0.26904598490048043,0.2824296499656829,0.5439258750857927,0.09540150995195608,0.4878655880522713,1607,0.35459183673469385,784,0.057358826144953315,2249,0.9849624060150376,665
cascade,43,1,GC29_P_cDNA,2010,0.3238805970149254,0.43283582089552236,0.24328358208955222,0.5149253731343284,0.191044776119403,0.6401766004415012,1359,0.4413793103448276,870,0.06342668863261944,1214,0.9962311557788944,796
cascade,43,1,GC2_P_cDNA,1331,0.048835462058602556,0.9316303531179564,0.019534184823441023,0.3148009015777611,0.2659654395191585,0.9794628751974723,1266,0.2854838709677419,1240,0.18181818181818182,110,0.9991809991809992,1221
cascade,43,1,GC30_P_cDNA,2289,0.062035823503713415,0.8802970729576234,0.057667103538663174,0.41721275666229796,0.35517693315858456,0.9385188635305077,2147,0.40347394540942927,2015,0.28291316526610644,357,0.9906832298136646,1932
cascade,43,1,GC31_P_cDNA,1645,0.296048632218845,0.32948328267477206,0.37446808510638296,0.4267477203647416,0.13069908814589665,0.4680483592400691,1158,0.3966789667896679,542,0.06683587140439932,1182,1.0,463
cascade,43,1,GC32_P_cDNA,1335,0.41048689138576777,0.10636704119850188,0.48314606741573035,0.4419475655430712,0.03146067415730337,0.18043202033036848,787,0.29577464788732394,142,0.07387247278382582,1286,0.9591836734693877,49
cascade,43,1,GC36_P_cDNA,1385,0.1963898916967509,0.6151624548736462,0.1884476534296029,0.41732851985559566,0.22093862815884477,0.7654986522911051,1113,0.3591549295774648,852,0.20566318926974664,671,1.0,714
cascade,43,1,HCC-1,1749,0.534019439679817,0.12235563178959405,0.3436249285305889,0.5717552887364208,0.03773584905660377,0.2625766871165644,815,0.308411214953271,214,0.00981675392670157,1528,0.9004524886877828,221
cascade,43,1,HCC-2-1_1,2075,0.5334939759036145,0.1566265060240964,0.30987951807228914,0.6173493975903614,0.08385542168674699,0.3357438016528926,968,0.5353846153846153,325,0.03316749585406302,1809,0.9962406015037594,266
cascade,43,1,HCC-2-2,1981,0.5865724381625441,0.10146390711761737,0.31196365471983845,0.6330136294800606,0.04644119131751641,0.2454212454212454,819,0.4577114427860697,201,0.014966740576496674,1804,0.9830508474576272,177
cascade,43,1,HCC-22,172,0.16279069767441862,0.7906976744186046,0.046511627906976744,0.7616279069767442,0.5988372093023255,0.9444444444444444,144,0.7573529411764706,136,0.0,26,0.9315068493150684,146
cascade,43,1,HCC-24,143,0.13286713286713286,0.7482517482517482,0.11888111888111888,0.6293706293706294,0.4965034965034965,0.8629032258064516,124,0.6635514018691588,107,0.2564102564102564,39,0.9326923076923077,104
cascade,43,1,HCC-3-1_2,1370,0.36715328467153285,0.4021897810218978,0.23065693430656933,0.591970802919708,0.22481751824817517,0.635524798154556,867,0.558983666061706,551,0.0683371298405467,878,0.9979674796747967,492
cascade,43,1,HCC-3-2_1,1443,0.5128205128205128,0.14275814275814275,0.3444213444213444,0.586971586971587,0.07415107415107415,0.2930298719772404,703,0.5194174757281553,206,0.021479713603818614,1257,0.9623655913978495,186
cascade,43,1,PBMC-1,2920,0.40273972602739727,0.06746575342465753,0.5297945205479452,0.42397260273972603,0.021232876712328767,0.11295871559633028,1744,0.3147208121827411,197,0.005152741994847258,2717,0.9014778325123153,203
cascade,43,1,PBMC-2,2459,0.47173647824318826,0.07360715738104921,0.4546563643757625,0.4949166327775518,0.023180154534363562,0.13933795227097767,1299,0.3149171270718232,181,0.008296943231441048,2290,0.9585798816568047,169
cascade,43,1,PBMC-3,3357,0.25856419422103066,0.5680667262436699,0.17336907953529937,0.5171283884420613,0.25856419422103066,0.7661711530735235,2489,0.4551651809124279,1907,0.08136482939632546,1524,0.9727223131478451,1833
cascade,43,1,PBMC-4,3132,0.26883780332056195,0.42432950191570884,0.30683269476372926,0.429757343550447,0.16091954022988506,0.5803493449781659,2290,0.3792325056433409,1329,0.09435897435897436,1950,0.9686971235194586,1182
cascade,43,1,PBMC-5,2640,0.43257575757575756,0.19924242424242425,0.36818181818181817,0.5170454545454546,0.08446969696969697,0.35113484646194926,1498,0.42395437262357416,526,0.027595884003741813,2138,0.9302788844621513,502
cascade,43,1,PBMC-6,1826,0.3368017524644031,0.2628696604600219,0.400328587075575,0.43811610076670315,0.10131434830230011,0.3963666391412056,1211,0.3854166666666667,480,0.04008746355685131,1372,0.9361233480176211,454
cascade,43,1,PC-1,3065,0.13115823817292008,0.7611745513866232,0.10766721044045677,0.45546492659053833,0.3243066884176183,0.8760796094630117,2663,0.42606086583797687,2333,0.06116642958748222,703,0.9695173581710415,2362
cascade,43,1,PC-2,338,0.07100591715976332,0.8431952662721893,0.08579881656804733,0.2692307692307692,0.19822485207100593,0.9076433121019108,314,0.23508771929824562,285,0.3026315789473684,76,1.0,262
cascade,43,1,PC-3,1027,0.38266796494644595,0.23271665043816941,0.38461538461538464,0.47322297955209347,0.09055501460564752,0.37697160883280756,634,0.3891213389121339,239,0.09216589861751152,868,1.0,159
cascade,43,1,PC-4,761,0.052562417871222074,0.9106438896189225,0.03679369250985545,0.469119579500657,0.41655716162943496,0.9611650485436893,721,0.4574314574314574,693,0.23863636363636365,88,0.9985141158989599,673
cascade,43,1,PC-5,1203,0.38320864505403157,0.1396508728179551,0.4771404821280133,0.4147963424771405,0.03158769742310889,0.22641509433962265,742,0.2261904761904762,168,0.03367633302151544,1069,0.9850746268656716,134
cascade,43,1,PC-6,3500,0.2785714285714286,0.40114285714285713,0.3202857142857143,0.4248571428571429,0.1462857142857143,0.5560396039603961,2525,0.3646723646723647,1404,0.12494776431257835,2393,0.998193315266486,1107
cascade,43,1,PRZ1,1039,0.18383060635226178,0.6535129932627527,0.16265640038498555,0.44177093358999037,0.2579403272377286,0.8007075471698113,848,0.3946980854197349,679,0.10075566750629723,397,0.9953271028037384,642
cascade,43,1,PRZ2,1461,0.2053388090349076,0.5859000684462696,0.20876112251882273,0.41546885694729635,0.21013004791238876,0.7372954349698536,1161,0.35864485981308414,856,0.19544846050870146,747,0.9943977591036415,714
cascade,43,1,PRZ3,1841,0.3253666485605649,0.30798479087452474,0.36664856056491035,0.4356328082563824,0.11026615969581749,0.45652173913043476,1242,0.35802469135802467,567,0.06092124814264487,1346,0.9797979797979798,495
cascade,43,1,PRZ4,349,0.09742120343839542,0.8022922636103151,0.10028653295128939,0.41260744985673353,0.3151862464183381,0.8888888888888888,315,0.39285714285714285,280,0.1282051282051282,78,0.996309963099631,271
cascade,43,1,PRZ5,2563,0.035505267264923916,0.9504486929379633,0.01404603979711276,0.48419820522824814,0.4486929379633242,0.9854368932038835,2472,0.4720853858784893,2436,0.13740458015267176,131,0.9942434210526315,2432
cascade,43,1,PRZ6,2227,0.5042658284687921,0.1522227211495285,0.3435114503816794,0.5630893578805568,0.058823529411764705,0.3070652173913043,1104,0.3864306784660767,339,0.02081165452653486,1922,0.980327868852459,305
cascade,43,2,CRC11,1603,0.18340611353711792,0.8122270742358079,0.004366812227074236,0.9794135995009358,0.7960074859638179,0.9946524064171123,1309,0.9800307219662059,1302,0.0,108,0.8709030100334448,1495
cascade,43,2,CRC13,1356,0.14749262536873156,0.8517699115044248,0.0007374631268436578,0.9896755162241888,0.8421828908554573,0.9991349480968859,1156,0.9887445887445887,1155,0.0,58,0.8898305084745762,1298
cascade,43,2,CRC16,2359,0.678677405680373,0.06994489190334888,0.2513777024162781,0.7164052564646036,0.037727850784230604,0.21767810026385223,758,0.5393939393939394,165,0.002291825821237586,1309,0.15428571428571428,1050
cascade,43,2,CRC17,2313,0.27496757457846954,0.603112840466926,0.1219195849546044,0.682230869001297,0.4072632944228275,0.8318425760286225,1677,0.6752688172043011,1395,0.027093596059113302,406,0.7257472469847929,1907
cascade,43,2,CRC22,762,0.5,0.49868766404199477,0.0013123359580052493,0.9960629921259843,0.49606299212598426,0.9973753280839895,381,0.9947368421052631,380,0.0,181,0.6540447504302926,581
cascade,43,2,CRC23,2384,0.7336409395973155,0.25461409395973156,0.01174496644295302,0.985738255033557,0.2520973154362416,0.9559055118110236,635,0.9901153212520593,607,0.0057692307692307696,1560,0.7257281553398058,824
cascade,43,2,CRC24,3061,0.49591636720026133,0.4988565828160732,0.005227049983665469,0.9885658281607318,0.4926494609604704,0.9896305897602073,1543,0.9875573018991487,1527,0.0,600,0.6204794798862251,2461
cascade,43,2,CRC25,1013,0.36525172754195456,0.6021717670286278,0.03257650542941757,0.9072063178677197,0.5419545903257651,0.9486780715396579,643,0.9,610,0.00510204081632653,196,0.7454100367197063,817
cascade,43,2,GC28_P_cDNA,1140,0.46842105263157896,0.5043859649122807,0.027192982456140352,0.9228070175438596,0.4543859649122807,0.9488448844884488,606,0.9008695652173913,575,0.0,32,0.5189530685920578,1108
cascade,43,2,GC29_P_cDNA,1291,0.15027110766847404,0.8412083656080558,0.008520526723470178,0.9488768396591789,0.7986057319907048,0.9899726526891522,1097,0.9493554327808471,1086,0.0,19,0.8537735849056604,1272
cascade,43,2,GC2_P_cDNA,551,0.1724137931034483,0.8166969147005445,0.010889292196007259,0.9092558983666061,0.7368421052631579,0.9868421052631579,456,0.9022222222222223,450,0.0,2,0.819672131147541,549
cascade,43,2,GC30_P_cDNA,1644,0.3236009732360097,0.6137469586374696,0.06265206812652069,0.9008515815085159,0.5772506082725061,0.9073741007194245,1112,0.9405351833498513,1009,0.010869565217391304,368,0.7876175548589341,1276
cascade,43,2,GC31_P_cDNA,1059,0.14258734655335223,0.8498583569405099,0.007554296506137866,0.9414542020774316,0.7988668555240793,0.9911894273127754,908,0.94,900,0.0,2,0.8514664143803217,1057
cascade,43,2,GC32_P_cDNA,1301,0.022290545734050732,0.9769408147578785,0.0007686395080707148,0.9331283627978478,0.9108378170637971,0.9992138364779874,1272,0.932336742722266,1271,0.0,13,0.9868012422360248,1288
cascade,43,2,GC36_P_cDNA,1711,0.1016949152542373,0.886031560490941,0.012273524254821741,0.9362945645821157,0.8345996493278784,0.9863370201691607,1537,0.941952506596306,1516,0.05,40,0.9060442848593656,1671
cascade,43,2,HCC-1,1885,0.5862068965517241,0.3713527851458886,0.042440318302387266,0.9305039787798408,0.3442970822281167,0.8974358974358975,780,0.9271428571428572,700,0.01725790987535954,1043,0.8099762470308789,842
cascade,43,2,HCC-2-1_1,2190,0.7420091324200914,0.20776255707762556,0.0502283105022831,0.9223744292237442,0.18036529680365296,0.8053097345132744,565,0.8681318681318682,455,0.0017777777777777779,1125,0.4253521126760563,1065
cascade,43,2,HCC-2-2,2281,0.47654537483559845,0.49408154318281455,0.029373081981587022,0.9302937308198159,0.4537483559842174,0.9438860971524288,1194,0.9183673469387755,1127,0.0036363636363636364,550,0.6499133448873483,1731
cascade,43,2,HCC-22,2305,0.4008676789587852,0.5731019522776573,0.026030368763557483,0.9392624728850325,0.5383947939262473,0.9565532223026793,1381,0.939439818319455,1321,0.0,60,0.5884187082405345,2245
cascade,43,2,HCC-24,1825,0.44931506849315067,0.5216438356164383,0.02904109589041096,0.9353424657534246,0.486027397260274,0.9472636815920398,1005,0.9317226890756303,952,0.0,720,0.8615384615384616,1105
cascade,43,2,HCC-3-1_2,2625,0.8441904761904762,0.06247619047619048,0.09333333333333334,0.8918095238095238,0.047619047619047616,0.40097799511002447,409,0.7621951219512195,164,0.0014423076923076924,2080,0.29541284403669726,545
cascade,43,2,HCC-3-2_1,2722,0.8218221895664952,0.10213078618662748,0.0760470242468773,0.90852314474651,0.0867009551800147,0.5731958762886598,485,0.8489208633093526,278,0.0028680688336520078,2092,0.43174603174603177,630
cascade,43,2,PBMC-1,6154,0.2642183945401365,0.6948326291842704,0.04094897627559311,0.8774780630484238,0.6132596685082873,0.9443462897526502,4528,0.882600561272217,4276,0.0,258,0.7252374491180461,5896
cascade,43,2,PBMC-2,4070,0.2562653562653563,0.7002457002457002,0.04348894348894349,0.8783783783783784,0.6221130221130221,0.9415262636273538,3027,0.888421052631579,2850,0.0,263,0.7486209613869188,3807
cascade,43,2,PBMC-3,4904,0.8493066884176182,0.052202283849918436,0.0984910277324633,0.8839722675367048,0.03466557911908646,0.34641407307171856,739,0.6640625,256,0.0,4080,0.3106796116504854,824
cascade,43,2,PBMC-4,6989,0.8461868650736872,0.06796394333953355,0.08584919158677923,0.9057089712405209,0.059522106166833594,0.4418604651162791,1075,0.8757894736842106,475,0.004524886877828055,4420,0.1771117166212534,2569
cascade,43,2,PBMC-5,7266,0.48788879713735206,0.4410955133498486,0.07101568951279934,0.8770988164051748,0.3892100192678227,0.861327600107498,3721,0.8823712948517941,3205,0.004056795131845842,1479,0.5527907378607223,5787
cascade,43,2,PBMC-6,4702,0.6575925138239047,0.2543598468736708,0.0880476393024245,0.8851552530837942,0.2275627392598894,0.7428571428571429,1610,0.8946488294314381,1196,0.001935483870967742,1550,0.378489847715736,3152
cascade,43,2,PC-1,4545,0.13333333333333333,0.8611661166116612,0.005500550055005501,0.9489548954895489,0.8156215621562156,0.9936532114749936,3939,0.9471129279509454,3914,0.0,211,0.9030918320258422,4334
cascade,43,2,PC-2,267,0.0599250936329588,0.9400749063670412,0.0,0.9662921348314607,0.9063670411985019,1.0,251,0.9641434262948207,251,0.0,3,0.9507575757575758,264
cascade,43,2,PC-3,1145,0.04192139737991266,0.9563318777292577,0.0017467248908296944,0.9502183406113537,0.9082969432314411,0.9981768459434822,1097,0.9497716894977168,1095,0.02564102564102564,39,0.9891500904159132,1106
cascade,43,2,PC-4,597,0.7353433835845896,0.25125628140703515,0.01340033500837521,0.983249581239531,0.24790619765494137,0.9493670886075949,158,0.9866666666666667,150,0.0,350,0.6072874493927125,247
cascade,43,2,PC-5,584,0.06506849315068493,0.928082191780822,0.00684931506849315,0.946917808219178,0.8818493150684932,0.9926739926739927,546,0.9501845018450185,542,0.0,4,0.9344827586206896,580
cascade,43,2,PC-6,734,0.12670299727520437,0.8637602179836512,0.009536784741144414,0.9155313351498637,0.7888283378746594,0.9890795631825273,641,0.9132492113564669,634,0.0,55,0.9337260677466863,679
cascade,43,2,PRZ1,1648,0.2712378640776699,0.6923543689320388,0.03640776699029126,0.8258495145631068,0.5546116504854369,0.9500416319733556,1201,0.8010517090271692,1141,0.0,221,0.7995795374912403,1427
cascade,43,2,PRZ2,1821,0.2070291048874245,0.741900054914882,0.051070840197693576,0.7451949478308622,0.5381658429434377,0.935595567867036,1444,0.7253886010362695,1351,0.006514657980456026,307,0.8910171730515192,1514
cascade,43,2,PRZ3,2390,0.5845188284518829,0.36903765690376567,0.046443514644351466,0.9205020920502092,0.33598326359832636,0.8882175226586103,993,0.9104308390022676,882,0.008468595624558928,1417,0.894141829393628,973
cascade,43,2,PRZ4,1456,0.47596153846153844,0.43612637362637363,0.08791208791208792,0.8214285714285714,0.34546703296703296,0.8322411533420708,763,0.7921259842519685,635,0.0032733224222585926,611,0.749112426035503,845
cascade,43,2,PRZ5,5532,0.38575560375994217,0.5733911785972523,0.040853217642805494,0.9023861171366594,0.5166305133767173,0.9334902884049441,3398,0.9010088272383354,3172,0.007627765064836003,1311,0.7491115849324804,4221
cascade,43,2,PRZ6,2764,0.2528943560057887,0.7250361794500724,0.02206946454413893,0.8939942112879884,0.6410998552821997,0.9704600484261501,2065,0.8842315369261478,2004,0.0,365,0.8353480616923719,2399
cascade,43,3,CRC11,17,0.0,1.0,0.0,0.9411764705882353,0.9411764705882353,1.0,17,0.9411764705882353,17,,0,1.0,17
cascade,43,3,CRC13,9,0.0,1.0,0.0,1.0,1.0,1.0,9,1.0,9,,0,1.0,9
cascade,43,3,CRC16,20,0.0,1.0,0.0,1.0,1.0,1.0,20,1.0,20,,0,1.0,20
cascade,43,3,CRC17,48,0.020833333333333332,0.9791666666666666,0.0,0.8958333333333334,0.875,1.0,47,0.8936170212765957,47,,0,0.9791666666666666,48
cascade,43,3,CRC22,2,0.0,1.0,0.0,1.0,1.0,1.0,2,1.0,2,,0,1.0,2
cascade,43,3,CRC23,9,0.0,1.0,0.0,1.0,1.0,1.0,9,1.0,9,,0,1.0,9
cascade,43,3,CRC24,3,0.0,1.0,0.0,1.0,1.0,1.0,3,1.0,3,,0,1.0,3
cascade,43,3,CRC25,37,0.0,1.0,0.0,1.0,1.0,1.0,37,1.0,37,,0,1.0,37
cascade,43,3,GC28_P_cDNA,14,0.0,1.0,0.0,1.0,1.0,1.0,14,1.0,14,,0,1.0,14
cascade,43,3,GC29_P_cDNA,15,0.0,1.0,0.0,1.0,1.0,1.0,15,1.0,15,,0,1.0,15
cascade,43,3,GC2_P_cDNA,1,0.0,1.0,0.0,1.0,1.0,1.0,1,1.0,1,,0,1.0,1
cascade,43,3,GC30_P_cDNA,11,0.0,1.0,0.0,1.0,1.0,1.0,11,1.0,11,,0,1.0,11
cascade,43,3,GC31_P_cDNA,20,0.0,1.0,0.0,1.0,1.0,1.0,20,1.0,20,,0,1.0,20
cascade,43,3,GC32_P_cDNA,6,0.0,1.0,0.0,1.0,1.0,1.0,6,1.0,6,,0,1.0,6
cascade,43,3,GC36_P_cDNA,11,0.0,1.0,0.0,1.0,1.0,1.0,11,1.0,11,,0,1.0,11
cascade,43,3,HCC-1,10,0.0,1.0,0.0,1.0,1.0,1.0,10,1.0,10,,0,1.0,10
cascade,43,3,HCC-2-1_1,6,0.0,1.0,0.0,1.0,1.0,1.0,6,1.0,6,,0,1.0,6
cascade,43,3,HCC-2-2,19,0.0,1.0,0.0,1.0,1.0,1.0,19,1.0,19,,0,1.0,19
cascade,43,3,HCC-22,5,0.0,1.0,0.0,1.0,1.0,1.0,5,1.0,5,,0,1.0,5
cascade,43,3,HCC-3-1_2,13,0.0,1.0,0.0,1.0,1.0,1.0,13,1.0,13,,0,1.0,13
cascade,43,3,HCC-3-2_1,15,0.0,1.0,0.0,1.0,1.0,1.0,15,1.0,15,,0,1.0,15
cascade,43,3,PBMC-1,108,0.0,1.0,0.0,1.0,1.0,1.0,108,1.0,108,,0,1.0,108
cascade,43,3,PBMC-2,371,0.09703504043126684,0.9029649595687331,0.0,0.9946091644204852,0.8975741239892183,1.0,335,0.9940298507462687,335,0.0,2,0.907859078590786,369
cascade,43,3,PBMC-3,131,0.13740458015267176,0.8625954198473282,0.0,0.9923664122137404,0.8549618320610687,1.0,113,0.9911504424778761,113,0.0,12,0.9495798319327731,119
cascade,43,3,PBMC-4,287,0.08710801393728224,0.9128919860627178,0.0,1.0,0.9128919860627178,1.0,262,1.0,262,0.125,8,0.9354838709677419,279
cascade,43,3,PBMC-5,120,0.10833333333333334,0.8916666666666667,0.0,1.0,0.8916666666666667,1.0,107,1.0,107,0.0,1,0.8991596638655462,119
cascade,43,3,PBMC-6,134,0.26865671641791045,0.7313432835820896,0.0,0.9925373134328358,0.7238805970149254,1.0,98,0.9897959183673469,98,0.034482758620689655,29,0.9238095238095239,105
cascade,43,3,PC-1,98,0.0,1.0,0.0,1.0,1.0,1.0,98,1.0,98,,0,1.0,98
cascade,43,3,PC-2,2,0.0,1.0,0.0,1.0,1.0,1.0,2,1.0,2,,0,1.0,2
cascade,43,3,PC-3,2,0.0,1.0,0.0,1.0,1.0,1.0,2,1.0,2,,0,1.0,2
cascade,43,3,PC-5,11,0.0,1.0,0.0,1.0,1.0,1.0,11,1.0,11,,0,1.0,11
cascade,43,3,PC-6,11,0.0,1.0,0.0,1.0,1.0,1.0,11,1.0,11,,0,1.0,11
cascade,43,3,PRZ1,1,0.0,1.0,0.0,1.0,1.0,1.0,1,1.0,1,,0,1.0,1
cascade,43,3,PRZ2,4,0.0,1.0,0.0,1.0,1.0,1.0,4,1.0,4,,0,1.0,4
cascade,43,3,PRZ3,2,0.0,1.0,0.0,1.0,1.0,1.0,2,1.0,2,,0,1.0,2
cascade,43,3,PRZ4,10,0.0,1.0,0.0,1.0,1.0,1.0,10,1.0,10,,0,1.0,10
cascade,43,3,PRZ5,14,0.0,1.0,0.0,1.0,1.0,1.0,14,1.0,14,,0,1.0,14
cascade,43,3,PRZ6,42,0.0,1.0,0.0,1.0,1.0,1.0,42,1.0,42,,0,1.0,42
cascade,43,4,CRC11,3220,0.5897515527950311,0.13819875776397517,0.2720496894409938,0.6726708074534161,0.0829192546583851,0.3368660105980318,1321,0.6,445,0.12314023425134536,3159,0.9180327868852459,61
cascade,43,4,CRC13,2601,0.5770857362552865,0.14725105728565935,0.27566320645905423,0.6724336793540946,0.09534794309880815,0.3481818181818182,1100,0.6475195822454308,383,0.06167979002624672,2286,0.7682539682539683,315
cascade,43,4,CRC16,3959,0.030058095478656226,0.8494569335690831,0.12048497095226067,0.16140439504925486,0.13134629957059862,0.87578125,3840,0.15462384775498067,3363,0.7678780773739742,2559,0.9985714285714286,1400
cascade,43,4,CRC17,2750,0.14581818181818182,0.43963636363636366,0.41454545454545455,0.21818181818181817,0.07236363636363637,0.5146871008939975,2349,0.16459884201819686,1209,0.21208729714605484,1787,0.8618899273104881,963
cascade,43,4,CRC22,3623,0.45487165332597296,0.34529395528567486,0.19983439138835218,0.6599503174165057,0.20507866409053271,0.6334177215189873,1975,0.5939248601119105,1251,0.23895253682487724,3055,0.9172535211267606,568
cascade,43,4,CRC23,2883,0.26396115157821715,0.6559139784946236,0.08012486992715921,0.7360388484217829,0.4720776968435657,0.8911404335532517,2122,0.7197250132205183,1891,0.2565573770491803,1220,0.9488875526157546,1663
cascade,43,4,CRC24,2677,0.42360851699663804,0.3974598431079567,0.1789316398954053,0.6832274934628315,0.2596189764661935,0.6895657809462087,1543,0.6531954887218046,1064,0.30305676855895197,2290,0.9560723514211886,387
cascade,43,4,CRC25,3070,0.0781758957654723,0.8807817589576548,0.04104234527687296,0.4843648208469055,0.4061889250814332,0.9554770318021202,2830,0.46116863905325445,2704,0.5418326693227091,502,0.9470404984423676,2568
cascade,43,4,GC28_P_cDNA,2915,0.30874785591766724,0.5111492281303602,0.18010291595197256,0.6281303602058319,0.31938250428816467,0.739454094292804,2015,0.6248322147651006,1490,0.45311871227364187,2485,0.8465116279069768,430
cascade,43,4,GC29_P_cDNA,1576,0.4333756345177665,0.18274111675126903,0.38388324873096447,0.5101522842639594,0.07677664974619289,0.322508398656215,893,0.4201388888888889,288,0.1113460183227625,1419,0.8280254777070064,157
cascade,43,4,GC2_P_cDNA,2334,0.4220222793487575,0.1263924592973436,0.45158526135389887,0.4755784061696658,0.05355612682090831,0.21868050407709413,1349,0.423728813559322,295,0.12165660051768766,2318,0.8125,16
cascade,43,4,GC30_P_cDNA,2820,0.4549645390070922,0.2968085106382979,0.24822695035460993,0.6021276595744681,0.14716312056737588,0.5445673389720235,1537,0.4958183990442055,837,0.17479847263470513,2357,0.91792656587473,463
cascade,43,4,GC31_P_cDNA,3440,0.5075581395348837,0.23546511627906977,0.2569767441860465,0.6334302325581396,0.1258720930232558,0.4781582054309327,1694,0.5345679012345679,810,0.13314840499306518,2884,0.7661870503597122,556
cascade,43,4,GC32_P_cDNA,3824,0.26098326359832635,0.5972803347280334,0.14173640167364016,0.5776673640167364,0.31668410041841005,0.808209483368719,2826,0.5302101576182137,2284,0.02989771833202203,1271,0.8797493145319232,2553
cascade,43,4,GC36_P_cDNA,3337,0.5762661072819898,0.14084507042253522,0.28288882229547496,0.6379982019778244,0.06173209469583458,0.3323903818953324,1414,0.43829787234042555,470,0.11410459587955626,3155,0.6043956043956044,182
cascade,43,4,HCC-1,3021,0.2816948030453492,0.5713339953657729,0.14697120158887786,0.5577623303541873,0.27606752730883816,0.7953917050691244,2170,0.4831981460023175,1726,0.2107255520504732,1585,0.9693593314763231,1436
cascade,43,4,HCC-2-1_1,2442,0.1928746928746929,0.714987714987715,0.09213759213759214,0.5737100737100738,0.3808353808353808,0.8858447488584474,1971,0.5326460481099656,1746,0.5091041514930809,1373,0.9794200187090739,1069
cascade,43,4,HCC-2-2,2589,0.36732329084588644,0.41405948242564694,0.2186172267284666,0.5909617612977984,0.22363847045191193,0.6544566544566545,1638,0.5401119402985075,1072,0.2818137493905412,2051,0.9182156133828996,538
cascade,43,4,HCC-22,3858,0.5181441161223432,0.22161741835147744,0.26023846552617935,0.6399688958009331,0.12182477967858994,0.45992469069392145,1859,0.5497076023391813,855,0.18958502847843775,3687,0.9122807017543859,171
cascade,43,4,HCC-24,4670,0.4974304068522484,0.3139186295503212,0.18865096359743042,0.7100642398286938,0.2126338329764454,0.6246271836386876,2347,0.6773533424283765,1466,0.08940302770636961,3501,0.9863130881094953,1169
cascade,43,4,HCC-3-1_2,2988,0.09036144578313253,0.8637884872824632,0.045850066934404285,0.6091030789825971,0.5187416331994645,0.9495952906548933,2718,0.6005424254165053,2581,0.6247619047619047,1050,0.9932920536635707,1938
cascade,43,4,HCC-3-2_1,2875,0.14573913043478262,0.8062608695652174,0.048,0.6473043478260869,0.5015652173913043,0.9438110749185668,2456,0.6220880069025022,2318,0.4690873405299313,1019,0.9913793103448276,1856
cascade,43,4,PBMC-1,10190,0.10608439646712463,0.5395485770363101,0.35436702649656526,0.2464180569185476,0.14033366045142295,0.6035788780327149,9109,0.2600945798472172,5498,0.27310322888500077,6287,0.9687419933384576,3903
cascade,43,4,PBMC-2,7284,0.08237232289950576,0.7384678747940692,0.17915980230642503,0.2742998352553542,0.19192751235584843,0.8047576301615799,6684,0.2598996095928611,5379,0.3722067039106145,2864,0.9757918552036199,4420
cascade,43,4,PBMC-3,10547,0.03792547643879776,0.89873897790841,0.06333554565279226,0.3861761638380582,0.34825068739926046,0.9341677343057061,10147,0.3874881316594577,9479,0.65848934796643,3098,0.9986575379245536,7449
cascade,43,4,PBMC-4,9607,0.0227958780056209,0.9266160091599875,0.05058811283439159,0.3065473092536692,0.2837514312480483,0.9482317852577758,9388,0.3062233206021119,8902,0.8334128878281623,4190,0.9987077718294258,5417
cascade,43,4,PBMC-5,7598,0.19570939720979205,0.47091339826270073,0.33337720452750724,0.3428533824690708,0.14714398525927877,0.5855015545737196,6111,0.3124650642817216,3578,0.3357358364063024,5966,0.9650735294117647,1632
cascade,43,4,PBMC-6,7271,0.17494154861779673,0.5352771283179755,0.28978132306422777,0.3317287855865768,0.15678723696878008,0.6487747957992999,5999,0.29290853031860226,3892,0.42314990512333966,5797,0.9762550881953868,1474
cascade,43,4,PC-1,7456,0.30270922746781115,0.09616416309012875,0.6011266094420601,0.3583690987124464,0.055659871244635194,0.13791113675706868,5199,0.5788005578800558,717,0.06371113899344764,7173,0.9187279151943463,283
cascade,43,4,PC-2,978,0.5398773006134969,0.03067484662576687,0.4294478527607362,0.5593047034764826,0.019427402862985686,0.06666666666666667,450,0.6333333333333333,30,0.02171664943123061,967,0.8181818181818182,11
cascade,43,4,PC-3,2310,0.4857142857142857,0.16233766233766234,0.35194805194805195,0.5757575757575758,0.09004329004329005,0.31565656565656564,1188,0.5546666666666666,375,0.0051813471502590676,1737,0.6387434554973822,573
cascade,43,4,PC-4,570,0.2929824561403509,0.5719298245614035,0.13508771929824562,0.6877192982456141,0.39473684210526316,0.8089330024813896,403,0.6901840490797546,326,0.27761194029850744,335,0.9914893617021276,235
cascade,43,4,PC-5,1972,0.39858012170385393,0.30324543610547666,0.29817444219066935,0.5664300202839757,0.1678498985801217,0.5042158516020236,1186,0.5535117056856187,598,0.05712166172106825,1348,0.8349358974358975,624
cascade,43,4,PC-6,2377,0.5069415229280606,0.20614219604543543,0.286916281026504,0.6432477913336138,0.1363062684055532,0.4180887372013652,1172,0.6612244897959184,490,0.07735085945399393,1978,0.8446115288220551,399
cascade,43,4,PRZ1,3411,0.5684549985341542,0.14717091761946643,0.28437408384637936,0.6569920844327177,0.08853708589856348,0.34103260869565216,1472,0.601593625498008,502,0.09674389480275516,3194,0.8894009216589862,217
cascade,43,4,PRZ2,7220,0.589196675900277,0.16966759002770082,0.24113573407202216,0.6933518005540166,0.1041551246537396,0.4130141604855024,2966,0.6138775510204082,1225,0.08305542321740511,6297,0.7605633802816901,923
cascade,43,4,PRZ3,4300,0.34162790697674417,0.5167441860465116,0.14162790697674418,0.6248837209302326,0.28325581395348837,0.7848816672553868,2831,0.5481548154815482,2222,0.20431827269092362,2501,0.9510839355197331,1799
cascade,43,4,PRZ4,4819,0.3114754098360656,0.5324756173479975,0.1560489728159369,0.6383067026354016,0.326831292799336,0.7733574442435202,3318,0.6137957911145752,2566,0.4225898164900491,3869,0.98,950
cascade,43,4,PRZ5,4429,0.27365093700609616,0.5414314743734477,0.1849175886204561,0.5477534432151727,0.27410250620907656,0.7454149829033261,3217,0.5062552126772311,2398,0.3860024449877751,3272,0.9809853068280034,1157
cascade,43,4,PRZ6,3309,0.2825627077666969,0.4844363856149894,0.23300090661831369,0.5004533091568449,0.21789060139014807,0.6752316764953664,2374,0.4497816593886463,1603,0.23657407407407408,2160,0.9503916449086162,1149
