width,model,true_subtype,predicted_subtype,delta_rna_minus_paired,ci_low,ci_high,true_class_patients,rna_cells_mean,rna_patient_rate,paired_cells_mean,paired_patient_rate,rescued_cells_mean,rescued_patient_rate,harmed_cells_mean,harmed_patient_rate,rerouted_out_cells_mean,rerouted_out_patient_rate,rerouted_in_cells_mean,rerouted_in_patient_rate,delta_seed_20260912,delta_seed_20260913,delta_seed_20260914,rescue_patients_union,harm_patients_union
2000,sgd,Atypical Memory B,Atypical Memory B,-0.0008554727708166664,-0.01752675289355554,0.019147328724071943,34,171.66666666666666,0.08346697650360074,168.0,0.08432244927441741,0.0,0.0,0.0,0.0,0.0,0.0,0.0,0.0,-0.00471765905351284,0.006698134000038309,-0.004546893258975469,0,0
2000,sgd,Atypical Memory B,CD14 Monocyte-1,0.03177705830008222,-0.011959449306298147,0.10454707902665207,34,100.33333333333333,0.2167339890937033,80.0,0.18495693079362108,6.333333333333333,0.001921285941747156,4.0,0.003853522803065248,37.333333333333336,0.05412300479843035,19.333333333333332,0.02041370963703003,0.08105699652242264,0.01786795653471001,-0.0035937781568859783,4,7
2000,sgd,Atypical Memory B,CD14 Monocyte-2,-0.012404013189823699,-0.0588235294117647,0.012214851165232785,34,5.666666666666667,0.03231303177707571,6.666666666666667,0.0447170449668994,0.0,0.0,0.3333333333333333,0.0008912655971479501,1.0,0.008746635909265667,1.6666666666666667,0.020259383501941414,-0.029411764705882353,0.006905607489352436,-0.014705882352941176,0,1
2000,sgd,Atypical Memory B,CD14 Monocyte-3,0.0072225130027865,-0.004102951564805124,0.019781657420496992,34,54.666666666666664,0.01867023371131987,39.0,0.01144772070853337,6.0,0.0014580531091723831,6.333333333333333,0.001500300828220019,32.666666666666664,0.011771104592436294,16.666666666666668,0.004506343870602162,0.011715874955956732,-0.0010474711729403115,0.010999135225343078,4,5
2000,sgd,Atypical Memory B,CD16 Monocyte-1,0.010026248404527113,-0.019679390982979873,0.061926017816316646,34,69.33333333333333,0.19818221883172973,72.0,0.18815597042720258,3.0,0.002758996318834047,4.333333333333333,0.004511385291737707,10.333333333333334,0.022409662245769294,11.666666666666666,0.010631024868338524,0.033918447693753594,-0.00917359112132412,0.00533388864115186,3,4
2000,sgd,Atypical Memory B,CD16 Monocyte-2,0.00702726141783751,-0.03658640245145766,0.032479482540500294,34,82.0,0.08878637139450962,64.66666666666667,0.08175910997667211,7.333333333333333,0.005286915178814949,5.0,0.0011305516484328385,24.0,0.016974794739576363,9.0,0.014103896852120962,0.009900542902031632,0.0233744916499182,-0.012193250298437295,6,3
2000,sgd,Atypical Memory B,CD16 NK,-0.015052885720610034,-0.03773631891025273,0.004160536826616341,34,1.6666666666666667,0.00724881455850314,24.666666666666668,0.022301700279113174,0.3333333333333333,0.0012254901960784314,1.0,0.000224517287831163,0.3333333333333333,0.0010893246187363833,22.666666666666668,0.017143183247593688,-0.02815881110043171,0.004131288085798553,-0.021131134147196945,1,1
2000,sgd,Atypical Memory B,CD4 + Tcm-1,-0.08005200941930922,-0.14158425060369306,-0.031226720322418893,34,12.333333333333334,0.029880816196964297,108.66666666666667,0.1099328256162735,0.0,0.0,8.0,0.0021277173036315217,5.666666666666667,0.015525001963984028,94.0,0.09344929407966172,-0.0960453919999745,-0.07831791107679933,-0.06579272518115381,0,4
2000,sgd,Atypical Memory B,CD4 + Tcm-2,0.0006709956422815375,-0.0077099000104265784,0.008267800945959951,34,24.333333333333332,0.010253843908657892,33.666666666666664,0.009582848266376355,1.6666666666666667,0.0003804967492046624,3.6666666666666665,0.0008142268558689043,11.333333333333334,0.005314390939747444,18.666666666666668,0.004209665190801664,0.0002802779442916939,-3.4650974896881195e-05,0.0017673599574497998,3,2
2000,sgd,Atypical Memory B,CD4 Monocyte-4,0.00048328052814527577,-0.0010884353741496598,0.0021864451654967677,34,3.0,0.0009840747155520392,1.3333333333333333,0.0005007941874067634,0.0,0.0,0.3333333333333333,0.00013616557734204792,3.0,0.0009840747155520392,1.0,0.0003646286100647156,0.0007996323913438324,-0.0006158188466226185,0.0012660280397146135,0,1
2000,sgd,Atypical Memory B,CD56 NK,0.03786525794641082,0.006757295002329495,0.10197330600065654,34,39.0,0.04100746198581209,11.0,0.0031422040394012787,0.6666666666666666,0.00021489511835268455,0.6666666666666666,0.00014967819188744198,30.333333333333332,0.038454348544482105,2.3333333333333335,0.0006543075245365322,0.020329081550828052,0.03762308447233368,0.0556436078160707,2,1
2000,sgd,Atypical Memory B,CD8 + CTL-1,0.009533496628361232,0.0025830281244961016,0.019052446050221692,34,16.666666666666668,0.009533496628361232,0.0,0.0,1.3333333333333333,0.0004704794539174893,0.0,0.0,15.333333333333334,0.009063017174443742,0.0,0.0,0.008431564681508753,0.010183221895569375,0.009985703308005568,2,0
2000,sgd,Atypical Memory B,CD8 + CTL-2,0.0013100067613252197,0.0,0.006946439974457205,34,0.6666666666666666,0.0013100067613252197,0.0,0.0,0.0,0.0,0.0,0.0,0.6666666666666666,0.0013100067613252197,0.0,0.0,0.0,0.0002535496957403651,0.003676470588235294,0,0
2000,sgd,Atypical Memory B,CD8 + CTL-3,0.013035944714033484,0.0028942235394251717,0.02709953562194268,34,32.666666666666664,0.013035944714033484,0.0,0.0,2.0,0.0005176308008446449,0.0,0.0,30.666666666666668,0.012518313913188838,0.0,0.0,0.012292022370708276,0.012330374613816785,0.01448543715757539,3,0
2000,sgd,Atypical Memory B,CD8 Tem-1,0.015282583621683969,-0.014296218487394957,0.05555555555555555,34,2.0,0.025086505190311418,0.6666666666666666,0.00980392156862745,0.0,0.0,0.0,0.0,1.6666666666666667,0.020184544405997693,0.3333333333333333,0.004901960784313725,0.0017301038062283742,0.014705882352941176,0.029411764705882353,0,0
2000,sgd,Atypical Memory B,CD8 Tem-2,0.0,0.0,0.0,34,0.0,0.0,0.0,0.0,0.0,0.0,0.0,0.0,0.0,0.0,0.0,0.0,0.0,0.0,0.0,0,0
2000,sgd,Atypical Memory B,Cycling T,-0.0015586420493700365,-0.0043199835242464305,0.0,34,1.0,0.007352941176470587,4.0,0.008911583225840626,0.0,0.0,0.0,0.0,0.0,0.0,3.0,0.0015586420493700365,0.0,-0.002117157542628702,-0.002558768605481408,0,0
2000,sgd,Atypical Memory B,Erythrocyte,0.0,0.0,0.0,34,0.0,0.0,0.0,0.0,0.0,0.0,0.0,0.0,0.0,0.0,0.0,0.0,0.0,0.0,0.0,0,0
2000,sgd,Atypical Memory B,GCB,0.0023804364750655295,-0.004107941792371435,0.008274537492248641,34,28.666666666666668,0.00865224089090026,19.666666666666668,0.006271804415834729,5.0,0.0013043797475014794,2.0,0.0005194273716746227,13.0,0.003957320769134725,7.0,0.0023618366698960522,0.002539907435560102,0.0060107444965142665,-0.0014093425068777807,5,3
2000,sgd,Atypical Memory B,Memory B-1,-0.025125216317313914,-0.08880782555559752,0.035620218492110306,34,53.333333333333336,0.13595284397848484,59.666666666666664,0.16107806029579877,1.0,0.00035684771993088426,3.0,0.003341687552213868,13.333333333333334,0.021090410817482346,17.666666666666668,0.04323078730251328,-0.036937981518376156,-0.045457915359066875,0.0070202479255012905,2,3
2000,sgd,Atypical Memory B,Memory B-2,0.0018987944897956948,0.0004339995941558441,0.00392237278932587,34,9.666666666666666,0.005203445107878884,3.3333333333333335,0.0033046506180831902,0.0,0.0,0.0,0.0,6.333333333333333,0.0018987944897956948,0.0,0.0,0.001784391576578857,0.0013608473095349561,0.0025511445832732712,0,0
2000,sgd,Atypical Memory B,Naive T,0.01919044880322041,0.0072338656998890225,0.03226041474237213,34,41.0,0.023342063971666147,7.333333333333333,0.004151615168445733,5.666666666666667,0.005462360819802188,0.3333333333333333,7.483909594372099e-05,32.0,0.015055984922729158,3.6666666666666665,0.0012530578433672156,0.02100639547888096,0.016675898411742874,0.0198890525190374,7,1
2000,sgd,Atypical Memory B,Plasma,-0.010762604769103104,-0.034435354634511715,-0.00014712855270130975,34,0.3333333333333333,7.483909594372099e-05,4.666666666666667,0.010837443865046823,0.0,0.0,0.0,0.0,0.0,0.0,4.333333333333333,0.010762604769103104,-0.022728999193088247,-0.000224517287831163,-0.009334297826389903,0,0
2000,sgd,Atypical Memory B,Tcm,0.00211732275607444,-0.0005163021527525343,0.009009009009009009,34,1.0,0.0022534883334164877,0.3333333333333333,0.00013616557734204792,0.0,0.0,0.0,0.0,1.0,0.0022534883334164877,0.3333333333333333,0.00013616557734204792,0.003492491144040313,-0.00040849673202614375,0.00326797385620915,0,0
2000,sgd,Atypical Memory B,cDC2,-0.010739269372527782,-0.05095941483160405,0.02470779056402619,34,27.333333333333332,0.039622118282768216,59.0,0.050361387655296,0.6666666666666666,0.00016903313049357674,5.333333333333333,0.0012560500864718938,5.333333333333333,0.014788572555112551,32.333333333333336,0.024440824971662015,0.013710182830623734,-0.021949041089953252,-0.023978949858253818,1,4
2000,sgd,Atypical Memory B,pDC,-0.0031353703054144526,-0.010358784549278924,0.0016109540824415978,34,2.6666666666666665,0.0010522331910110322,12.333333333333334,0.004187603496425485,0.0,0.0,0.3333333333333333,0.00014005602240896358,1.6666666666666667,0.0006398460139179727,11.0,0.003635160296923462,-0.004987305713491735,0.001633986928104575,-0.006052792130856198,0,1
2000,sgd,Atypical Memory B,platelet,-0.00013616557734204792,-0.0007716049382716049,0.0,34,0.0,0.0,0.3333333333333333,0.00013616557734204792,0.0,0.0,0.0,0.0,0.0,0.0,0.3333333333333333,0.00013616557734204792,0.0,-0.00040849673202614375,0.0,0,0
2000,sgd,CD14 Monocyte-1,Atypical Memory B,0.002098048773683257,0.00039975946673347903,0.003892444826398058,40,311.3333333333333,0.009254481084866813,234.0,0.007156432311183555,95.0,0.0024955491642571484,48.0,0.001427990597545938,76.0,0.002484341532664447,45.666666666666664,0.0014538513256923998,0.001816269800272213,0.0024978971680792153,0.0019799793526983434,33,27
2000,sgd,CD14 Monocyte-1,CD14 Monocyte-1,-0.005366236481024876,-0.0330348153859545,0.027952578926142065,40,19456.0,0.616397375876772,19744.0,0.6217636123577969,0.0,0.0,0.0,0.0,0.0,0.0,0.0,0.0,0.01816133449294119,-0.011740657751329795,-0.022519386184686026,0,0
2000,sgd,CD14 Monocyte-1,CD14 Monocyte-2,0.005966721797472128,-0.0023225620700301985,0.014087388476954413,40,1602.0,0.06281917047232806,1394.0,0.05685244867485593,494.3333333333333,0.017556351452334685,315.3333333333333,0.011684331078562094,170.33333333333334,0.006816515820633556,141.33333333333334,0.0067218143969340225,0.007065466274744886,0.0069837836384618575,0.0038509154792096406,31,36
2000,sgd,CD14 Monocyte-1,CD14 Monocyte-3,0.007922437636524898,-0.011012114940886332,0.02389544987062981,40,2744.0,0.07218098854788789,2478.6666666666665,0.064258550911363,658.6666666666666,0.01724562517270015,481.3333333333333,0.01232543789221615,367.3333333333333,0.010485830462897172,279.3333333333333,0.007483580106856273,0.01348503898051634,-0.0076310774937374,0.017913351422795758,36,33
2000,sgd,CD14 Monocyte-1,CD16 Monocyte-1,0.00013273408908862764,-0.005738483032890569,0.00805784086506886,40,1137.3333333333333,0.06153236112815617,1183.0,0.061399627039067546,233.66666666666666,0.008662646476172407,257.0,0.008265105367874523,170.0,0.008368111995634718,192.33333333333334,0.008632919014843976,-0.003699344137202186,0.000250290010317707,0.003847256394150361,36,36
2000,sgd,CD14 Monocyte-1,CD16 Monocyte-2,-0.001697507973323211,-0.011637879888525186,0.006179658349167588,40,1517.0,0.050442923278629904,1517.3333333333333,0.05214043125195311,224.66666666666666,0.006606197062310126,194.0,0.007440903919119927,245.66666666666666,0.009195603853553015,276.6666666666667,0.010058404970066421,-0.007735257231805103,-3.393685028914364e-05,0.0026766701621246166,36,36
2000,sgd,CD14 Monocyte-1,CD16 NK,-0.0037146607515985267,-0.009684020222805723,0.0027902094890025837,40,147.66666666666666,0.008012660955860859,250.33333333333334,0.011727321707459387,19.333333333333332,0.000774389123332204,54.333333333333336,0.0024212912815130545,54.666666666666664,0.003470416859920224,122.33333333333333,0.005538175453337901,-0.006533840507447997,0.0031182802018082764,-0.00772842194915586,20,32
2000,sgd,CD14 Monocyte-1,CD4 + Tcm-1,-0.01778842927704871,-0.034911535045565885,-0.005951260886196413,40,317.3333333333333,0.017258764518587846,739.3333333333334,0.035047193795636554,66.33333333333333,0.003110053591935341,276.6666666666667,0.011845088330341811,94.66666666666667,0.005147638940095641,306.3333333333333,0.01420103347873788,-0.024860139949250085,-0.009629571425429318,-0.018875576456466717,28,34
2000,sgd,CD14 Monocyte-1,CD4 + Tcm-2,0.0012136058833141488,-0.00047665314184381843,0.003024905107810721,40,88.33333333333333,0.004077765492004836,64.33333333333333,0.0028641596086906875,23.0,0.0009729077031533457,9.0,0.0003056516364071722,42.666666666666664,0.0018149806318776467,32.666666666666664,0.0012686308153096715,0.00028230272445715676,0.002758889342709272,0.0005996255827760177,22,14
2000,sgd,CD14 Monocyte-1,CD4 Monocyte-4,0.005143082666688556,-0.0009791846486625177,0.011085820216421446,40,976.6666666666666,0.027344515561977114,783.3333333333334,0.022201432895288555,261.6666666666667,0.00754828963132428,156.66666666666666,0.004838488234280553,197.66666666666666,0.005610945575247719,109.33333333333333,0.00317766430560289,0.000644932241879159,0.0064945673380301825,0.008289748420156326,37,36
2000,sgd,CD14 Monocyte-1,CD56 NK,0.004339504058939726,0.002042119233180723,0.007995897708531046,40,156.0,0.006145514919994484,45.0,0.0018060108610547588,33.666666666666664,0.001226901544716943,2.6666666666666665,9.209226068603852e-05,95.66666666666667,0.004011757158827806,15.666666666666666,0.0008070623839189859,0.006999588231626436,0.0037255254320046035,0.0022933985131881364,26,7
2000,sgd,CD14 Monocyte-1,CD8 + CTL-1,0.0012898379933453817,0.000699500091192833,0.0021944096903011726,40,44.333333333333336,0.0017022169581135608,10.666666666666666,0.0004123789647681793,16.0,0.0006238028651602061,1.6666666666666667,4.728258108429118e-05,23.666666666666668,0.0008639981691406148,4.333333333333333,0.00015068045987114793,0.0012138052732492686,0.001607740799091436,0.0010479679076954406,24,5
2000,sgd,CD14 Monocyte-1,CD8 + CTL-2,0.0005479620788214071,0.00023658836176418329,0.0010101121246492652,40,19.0,0.0007771247499185228,5.666666666666667,0.00022916267109711577,5.333333333333333,0.0002268236329652834,0.3333333333333333,1.030078285949732e-05,10.0,0.0003707253759109037,1.6666666666666667,3.928614719528272e-05,0.0004069150282574952,0.0003998798095574663,0.0008370913986492599,10,1
2000,sgd,CD14 Monocyte-1,CD8 + CTL-3,0.0022297156304223716,0.001012602544173887,0.003729538829693167,40,82.0,0.0025224837463566547,5.666666666666667,0.00029276811593428306,22.333333333333332,0.000651784143466475,2.0,0.00017120351021614319,58.0,0.001829475616182818,2.0,8.034061901077835e-05,0.0014531191868558978,0.0023357588002835897,0.002900268904127627,16,2
2000,sgd,CD14 Monocyte-1,CD8 Tem-1,-0.00036081795728263704,-0.0010246500822281368,0.00012322107781281478,40,22.666666666666668,0.0014822518054008916,25.666666666666668,0.001843069762683529,0.3333333333333333,1.8155410312273058e-05,0.6666666666666666,3.4056343594067864e-05,8.666666666666666,0.0005971406857095449,11.333333333333334,0.000942057709710387,-0.0005547228934209663,-0.00040431378354366024,-0.00012341719488328452,1,2
2000,sgd,CD14 Monocyte-1,CD8 Tem-2,0.0003290670251194828,-3.833173256752643e-05,0.0007561240788853034,40,24.666666666666668,0.0008900446759240802,15.0,0.0005609776508045974,4.0,9.3427736452262e-05,1.0,2.9030266463108578e-05,11.666666666666666,0.0004942601762003956,5.0,0.00022959062107006623,0.00016789240881150851,0.0005045591719861277,0.00031474949456081213,8,3
2000,sgd,CD14 Monocyte-1,Cycling T,-0.000516062968079371,-0.0019184764483122993,0.0004465124438465957,40,23.0,0.0010055157771710927,32.333333333333336,0.0015215787452504635,4.0,0.0001286564444270207,7.333333333333333,0.00022973847063162954,8.666666666666666,0.0005046207847329256,14.666666666666666,0.0009196017266076876,0.00035046409679051336,-0.0011890268992416871,-0.0007096261017869388,7,13
2000,sgd,CD14 Monocyte-1,Erythrocyte,-1.7356159237038436e-05,-0.00018813388417482724,0.00012197072435593027,40,33.333333333333336,0.0010708550616105588,36.0,0.0010882112208475973,0.0,0.0,2.0,3.187745891009879e-05,1.6666666666666667,5.592081052297149e-05,2.3333333333333335,4.1399510849911134e-05,-0.00010870906538740378,8.85647817732711e-05,-3.1924194096982635e-05,0,3
2000,sgd,CD14 Monocyte-1,GCB,4.658441788100298e-05,-0.0002201766414591716,0.00022900357936325952,40,3.0,0.00011143526094196277,0.6666666666666666,6.485084306095979e-05,1.3333333333333333,3.525129423807627e-05,0.0,0.0,1.6666666666666667,7.618396670388651e-05,0.6666666666666666,6.485084306095979e-05,-6.136530012861678e-05,7.07984807719505e-05,0.00013032007299967525,4,0
2000,sgd,CD14 Monocyte-1,Memory B-1,4.6848631997178416e-05,-0.00047219790522307,0.0006963293273332891,40,7.333333333333333,0.0005043489481979511,10.333333333333334,0.0004575003162007726,0.6666666666666666,1.528242985774356e-05,2.0,5.813338182137149e-05,3.6666666666666665,0.00030001959067300964,5.333333333333333,0.00021032000671220325,-0.0004322568294658338,0.00017627561449588667,0.00039652711096148255,2,4
2000,sgd,CD14 Monocyte-1,Memory B-2,7.59903440831595e-05,-1.363884342607747e-05,0.0002351497254393579,40,5.0,0.0001653601292046444,3.6666666666666665,8.936978512148488e-05,0.6666666666666666,3.0358227079538556e-05,0.0,0.0,1.0,5.2451538716659684e-05,0.3333333333333333,6.819421713038735e-06,0.00016623506527368572,1.619862635648497e-05,4.553734061930783e-05,1,0
2000,sgd,CD14 Monocyte-1,Naive T,0.003249896434745343,0.0014829964637616583,0.00542557901167548,40,100.33333333333333,0.005044351633388182,39.666666666666664,0.0017944551986428386,24.333333333333332,0.0010265683463896787,9.333333333333334,0.0004041514777704382,61.666666666666664,0.0033609557742617095,16.0,0.000733476208135607,0.003550935380773929,0.002109021301734784,0.004089732621727316,24,19
2000,sgd,CD14 Monocyte-1,Plasma,0.0003286430452549141,-0.001142239582019619,0.0031117701554180376,40,8.0,0.001206913280857511,21.333333333333332,0.0008782702356025972,4.333333333333333,0.0001447163033333551,5.0,0.00016900902700963286,1.3333333333333333,0.0009695559433779329,14.0,0.0006166201744467409,0.0010514441259771522,-0.0002157672048849561,0.0001502522146725461,11,10
2000,sgd,CD14 Monocyte-1,Tcm,-0.0006679232153116911,-0.002734932303628572,0.00036935699265927297,40,26.666666666666668,0.0010976258780923016,35.666666666666664,0.001765549093403993,4.0,0.00016472585719290648,8.666666666666666,0.00042261160807985934,12.666666666666666,0.0004417408853394738,17.0,0.0008517783497642121,-0.0010081934641743562,-0.0006924665826967977,-0.0003031095990639193,10,3
2000,sgd,CD14 Monocyte-1,cDC2,-0.004292890010477164,-0.016007401571833356,0.004384405542302183,40,991.0,0.045873625993267275,1158.0,0.050166516003744444,242.0,0.010354724478169723,314.0,0.011914827091655464,199.33333333333334,0.00868982056877358,294.3333333333333,0.011422607965765006,-0.01122321936788278,-0.0020672121421772094,0.00041176147862849525,37,38
2000,sgd,CD14 Monocyte-1,pDC,-0.0004863204043032969,-0.0015628525996563747,0.0004171488175531044,40,24.666666666666668,0.0010215977857557198,35.333333333333336,0.0015079181900590165,6.0,0.0001622585437798036,9.0,0.0003528265192251164,11.666666666666666,0.00041690696566165446,19.333333333333332,0.0007126593945196385,-0.0005892259965024939,0.000424179457223761,-0.0012939146736311575,8,14
2000,sgd,CD14 Monocyte-1,platelet,-5.247530969506883e-05,-0.0003528210058241131,6.823887023310658e-05,40,2.3333333333333335,5.772647873309542e-05,2.0,0.00011020178842816425,0.3333333333333333,1.2218963831867058e-05,0.0,0.0,1.0,1.887101935079152e-05,1.0,8.356529287772742e-05,-9.468569759011372e-06,4.1820158644090536e-05,-0.00018977751797028566,1,0
2000,sgd,CD14 Monocyte-2,Atypical Memory B,0.001496968410700134,-6.265903307888041e-05,0.004415365011840581,40,6.333333333333333,0.004937493473111496,4.0,0.003440525062411362,0.0,0.0,0.0,0.0,2.6666666666666665,0.0015605816422522966,0.3333333333333333,6.361323155216285e-05,0.0007120154210305492,0.0027197295057263407,0.0010591603053435115,0,0
2000,sgd,CD14 Monocyte-2,CD14 Monocyte-1,0.032127977303133846,0.0059538190454778645,0.0544610910135245,40,840.0,0.17302580011129462,713.3333333333334,0.14089782280816074,176.33333333333334,0.03718502445784485,102.0,0.021335657037164113,123.0,0.03508082278394606,70.66666666666667,0.018802212901492945,0.04918317501347278,0.021942235443100637,0.025258521452828125,35,28
2000,sgd,CD14 Monocyte-2,CD14 Monocyte-2,-0.056786267855729045,-0.08987942525995826,-0.024026151923473203,40,1952.0,0.41081760861588923,2158.3333333333335,0.4676038764716182,0.0,0.0,0.0,0.0,0.0,0.0,0.0,0.0,-0.055747070637649124,-0.0620322699394259,-0.052579462990112104,0,0
2000,sgd,CD14 Monocyte-2,CD14 Monocyte-3,0.0019037150010386503,-0.0023334702323896247,0.006185738786067721,40,12.333333333333334,0.011178981157883754,9.666666666666666,0.009275266156845104,0.6666666666666666,0.0004663742690058479,0.0,0.0,4.666666666666667,0.0039083928280848985,2.6666666666666665,0.002471052096052096,0.0011924686543240096,0.0004484125482649835,0.004070263800526958,2,0
2000,sgd,CD14 Monocyte-2,CD16 Monocyte-1,-0.006801091686517618,-0.04820526960124011,0.00540596952823987,40,43.0,0.02632638092755284,43.0,0.03312747261407045,9.666666666666666,0.002330772239326556,2.6666666666666665,0.000739759224515322,16.0,0.0037764424393011953,23.0,0.012168547140630046,0.002996388107007143,-0.024899608366073862,0.00149994519951387,15,5
2000,sgd,CD14 Monocyte-2,CD16 Monocyte-2,-0.003513763211404585,-0.020829718371994665,0.014860529584726863,40,140.66666666666666,0.06717338796561324,154.66666666666666,0.07068715117701783,22.666666666666668,0.009475544481935003,21.666666666666668,0.004507149204173405,25.333333333333332,0.012365831772656537,40.333333333333336,0.020847990261822723,-0.010037855676415432,0.006086646414114473,-0.006590080371912799,22,17
2000,sgd,CD14 Monocyte-2,CD16 NK,0.006241495861753213,-0.023841297426322412,0.05542572749950129,40,67.66666666666667,0.03256933860862128,56.0,0.026327842746868068,16.0,0.003355688033270967,6.0,0.0016079398251020824,34.666666666666664,0.022049981154267397,33.0,0.01755623350068307,-0.015653890156281068,0.043677194981662185,-0.009298817240121481,18,12
2000,sgd,CD14 Monocyte-2,CD4 + Tcm-1,-0.011594493841707097,-0.03524669699590804,0.017382068302365397,40,248.33333333333334,0.070834070884172,295.0,0.08242856472587912,71.66666666666667,0.017673727170194244,38.666666666666664,0.008426704045330389,72.0,0.023123407764080516,151.66666666666666,0.043964924730651465,-0.01446832733230396,-0.02206710948820949,0.0017519552953921685,32,27
2000,sgd,CD14 Monocyte-2,CD4 + Tcm-2,-0.0013018140352564717,-0.011588856534808924,0.007561395414687513,40,45.333333333333336,0.017549512611372158,39.333333333333336,0.018851326646628627,11.666666666666666,0.0031389688072120544,2.0,0.00040868870775751073,17.0,0.0046955358505161365,20.666666666666668,0.008727629985227152,-0.00848652532888404,0.0038753791271596096,0.0007057040959550148,18,5
2000,sgd,CD14 Monocyte-2,CD4 Monocyte-4,0.00018326516490932204,-0.002060683603092313,0.002104366997954659,40,8.333333333333334,0.0035343219183200814,6.666666666666667,0.003351056753410759,1.0,8.929374718848403e-05,1.0,0.0001448203427791225,2.6666666666666665,0.0007783639721727777,1.0,0.0005395722116728172,0.0012145748987854252,-0.0008913234781175192,0.00022654407406006035,2,3
2000,sgd,CD14 Monocyte-2,CD56 NK,0.02067884545757151,0.00846556323401962,0.037005510537490655,40,82.66666666666667,0.03136777281705692,25.0,0.01068892735948541,21.0,0.006217133833241348,4.666666666666667,0.0012534237758275125,50.0,0.019011384954185907,8.666666666666666,0.0032962495540282363,0.030395800978543542,0.02115872955674907,0.010482005837421903,19,7
2000,sgd,CD14 Monocyte-2,CD8 + CTL-1,0.002480685190792375,-0.0005352860684950521,0.006589194886440163,40,9.666666666666666,0.003807014396267225,2.6666666666666665,0.00132632920547485,1.0,0.0008003181029496818,0.0,0.0,8.333333333333334,0.0028909555525768026,2.3333333333333335,0.0012105884647341093,0.002505863767658853,0.002064612276643352,0.0028715795280749206,3,0
2000,sgd,CD14 Monocyte-2,CD8 + CTL-2,0.0015524521130024546,-0.0003201151643086962,0.003996330906992445,40,5.666666666666667,0.002646737470383248,2.0,0.0010942853573807938,1.0,0.0006118324008023558,0.0,0.0,3.0,0.0013792162034281692,0.3333333333333333,0.0004385964912280702,0.0020628007254422974,0.00041183618893577697,0.0021827194246292897,3,0
2000,sgd,CD14 Monocyte-2,CD8 + CTL-3,0.00010121457489878541,0.0,0.0003036437246963563,40,1.0,0.00010121457489878541,0.0,0.0,0.3333333333333333,3.3738191632928474e-05,0.0,0.0,0.6666666666666666,6.747638326585695e-05,0.0,0.0,0.00010121457489878542,0.00010121457489878542,0.00010121457489878542,1,0
2000,sgd,CD14 Monocyte-2,CD8 Tem-1,0.007249584595650754,-0.006794485672677057,0.025635719337505608,40,323.6666666666667,0.08690079408229019,284.6666666666667,0.07965120948663945,99.66666666666667,0.027374201184270582,50.333333333333336,0.013869605798018029,44.333333333333336,0.012590116474877192,54.666666666666664,0.018845127265478993,-0.00021810479311668712,0.0063616117331978615,0.01560524684687109,32,28
2000,sgd,CD14 Monocyte-2,CD8 Tem-2,0.003018292053684138,0.00033585002374647154,0.006608096406824759,40,11.333333333333334,0.005896546930219297,6.0,0.0028782548765351602,1.3333333333333333,0.0002751564298674671,0.3333333333333333,3.687315634218289e-05,5.666666666666667,0.003057786557936631,1.3333333333333333,0.0002777777777777778,0.0022146909663595437,0.0024958189430410596,0.00434436625165181,4,1
2000,sgd,CD14 Monocyte-2,Cycling T,-0.0014722780727626956,-0.006252334235743801,0.001992060417007129,40,7.333333333333333,0.002067135414545661,9.0,0.003539413487308357,1.0,0.0001714885409575675,1.6666666666666667,0.0002512584862124756,4.666666666666667,0.001198255618290158,5.666666666666667,0.002590763745797946,3.141001169122051e-05,-0.0021539332227190244,-0.0022943110072602842,3,3
2000,sgd,CD14 Monocyte-2,Erythrocyte,0.0006613756613756613,0.0,0.0023809523809523807,40,8.666666666666666,0.0024229595890297457,7.666666666666667,0.0017615839276540843,0.0,0.0,0.0,0.0,1.0,0.0006613756613756613,0.0,0.0,0.0,0.0007142857142857143,0.0012698412698412698,0,0
2000,sgd,CD14 Monocyte-2,GCB,0.0004884674864754546,0.0,0.0020296815982821957,40,1.3333333333333333,0.0004884674864754547,0.0,0.0,0.0,0.0,0.0,0.0,1.3333333333333333,0.0004884674864754547,0.0,0.0,0.0,0.0,0.001465402459426364,0,0
2000,sgd,CD14 Monocyte-2,Memory B-1,0.0023118103236824455,0.0007846891702446295,0.004295587247105911,40,9.666666666666666,0.0025201367996597556,1.0,0.00020832647597731038,2.6666666666666665,0.0004942542960072702,0.0,0.0,7.0,0.0020258825036524853,1.0,0.00020832647597731038,0.002436397133378452,0.0028949232875527227,0.001604110550116162,8,0
2000,sgd,CD14 Monocyte-2,Memory B-2,-6.775067750677508e-05,-0.0004065040650406504,0.0,40,1.0,0.0005681818181818182,1.3333333333333333,0.0006359324956885932,0.0,0.0,0.3333333333333333,6.775067750677508e-05,0.0,0.0,0.0,0.0,0.0,0.0,-0.00020325203252032523,0,1
2000,sgd,CD14 Monocyte-2,Naive T,0.008367382373101433,0.002465147381182047,0.015582645150562941,40,53.0,0.022054864670436363,28.0,0.013687482297334934,12.0,0.002930681874819189,3.3333333333333335,0.0010811395993088578,28.333333333333332,0.010746361880693509,12.0,0.004228521783102405,0.011019360756600764,0.00479166633304753,0.00929112002965601,19,6
2000,sgd,CD14 Monocyte-2,Plasma,-0.0007521803094256898,-0.004480555119268761,0.0015485562382469983,40,2.6666666666666665,0.0013869822064221584,8.0,0.0021391625158478484,1.3333333333333333,0.0008525607455301091,5.333333333333333,0.00136758183669813,1.0,0.0005155677655677655,2.3333333333333335,0.0007527269838254348,0.0011428812415654522,-0.000751865671641791,-0.0026475564982007304,3,7
2000,sgd,CD14 Monocyte-2,Tcm,8.437632707033011e-05,-0.002059613759078128,0.002162372076023384,40,2.3333333333333335,0.001151056362951577,1.6666666666666667,0.001066680035881247,0.6666666666666666,0.00013550135501355016,0.0,0.0,1.0,0.0005400853603677738,1.0,0.0005912103883109937,-0.00014397018970189698,0.0016202560811033211,-0.0012231569101904339,1,0
2000,sgd,CD14 Monocyte-2,cDC2,-0.005342572926643491,-0.016213271895626345,0.004607731902861033,40,42.0,0.014835478755023349,65.0,0.02017805168166684,6.333333333333333,0.002040743722214646,11.333333333333334,0.0036939128541725826,19.666666666666668,0.007765826373199929,37.666666666666664,0.011455230167885482,0.0005054759021906653,-0.009983120395376077,-0.006550074286745064,11,18
2000,sgd,CD14 Monocyte-2,pDC,-0.0011094372783729473,-0.0038880344089058535,0.0016359167901333442,40,5.0,0.003837760352327708,7.666666666666667,0.004947197630700656,0.6666666666666666,0.000147984267453294,0.6666666666666666,0.00018525334314808,2.0,0.0006853901199621332,4.666666666666667,0.0017575583226402947,-0.0023400000280549703,0.0014146778520802467,-0.002402989659144119,2,2
2000,sgd,CD14 Monocyte-2,platelet,-0.00020625800351410108,-0.0008104716675600821,0.0,40,0.0,0.0,1.3333333333333333,0.00020625800351410108,0.0,0.0,0.3333333333333333,3.720238095238095e-05,0.0,0.0,1.0,0.00016905562256172013,-0.0006187740105423032,0.0,0.0,0,1
2000,sgd,CD14 Monocyte-3,Atypical Memory B,0.0005884358783929678,-0.0016502365605360508,0.003239116919026504,32,13.666666666666666,0.004563861139680349,8.666666666666666,0.003975425261287381,4.333333333333333,0.0002475518290740159,1.0,5.234505862646566e-05,3.6666666666666665,0.0009506109595443958,2.0,0.0005573818515989783,-0.0014092975265379926,0.0010220240805069755,0.00215258108120992,3,1
2000,sgd,CD14 Monocyte-3,CD14 Monocyte-1,0.018687554005172604,-0.05202530135869702,0.07958992106824933,32,393.6666666666667,0.29012831625186375,306.0,0.27144076224669117,151.33333333333334,0.009330728754554615,107.66666666666667,0.008200980283537267,70.66666666666667,0.06358292292686717,26.666666666666668,0.0460251173927119,0.04149689839871714,-0.019452650399730903,0.034018414016531565,6,7
2000,sgd,CD14 Monocyte-3,CD14 Monocyte-2,-0.010530131357629502,-0.0481044812713086,0.01951250623171835,32,11.333333333333334,0.10410879629629628,13.666666666666666,0.1146389276539258,0.0,0.0,1.3333333333333333,7.674006252966629e-05,3.6666666666666665,0.01747685185185185,4.666666666666667,0.02793024314695169,-0.013698701842546065,-0.002037994176581581,-0.01585369805376087,0,2
2000,sgd,CD14 Monocyte-3,CD14 Monocyte-3,0.004528216148705198,-0.026496113096670312,0.03246523610523883,32,1571.3333333333333,0.11075483685437286,1488.6666666666667,0.10622662070566764,0.0,0.0,0.0,0.0,0.0,0.0,0.0,0.0,0.012027905295027536,-0.013566057733314507,0.015122800884402567,0,0
2000,sgd,CD14 Monocyte-3,CD16 Monocyte-1,0.007927492925053903,-0.0212876551096492,0.046417344641216766,32,24.666666666666668,0.04184728971126995,37.666666666666664,0.03391979678621605,1.3333333333333333,7.607322870998882e-05,7.666666666666667,0.0008661350784066418,6.0,0.01639284027430028,12.666666666666666,0.007675285499549721,-0.0035767420902089067,0.012418111814051093,0.014941109051319519,2,4
2000,sgd,CD14 Monocyte-3,CD16 Monocyte-2,-0.010591715348151268,-0.07892512933891734,0.04848563251448048,32,272.6666666666667,0.08733509342360152,243.33333333333334,0.09792680877175279,59.0,0.0032054614115064697,42.0,0.003072902433280311,41.666666666666664,0.03250762018482034,29.333333333333332,0.04323189451119777,-0.020599600784752706,0.04105882600464695,-0.05223437126434805,5,6
2000,sgd,CD14 Monocyte-3,CD16 NK,0.0010492535273025003,-0.04628837332036992,0.06761924534686438,32,11.333333333333334,0.05185134959456974,102.66666666666667,0.05080209606726724,0.3333333333333333,1.741917502787068e-05,38.0,0.0023378531355981585,5.666666666666667,0.02508859501634809,59.333333333333336,0.021718907528475304,-0.026492414043312706,0.04982229004999879,-0.020182115424778588,1,5
2000,sgd,CD14 Monocyte-3,CD4 + Tcm-1,-0.054998550524696384,-0.12146413500153028,0.00018258130217150594,32,9.666666666666666,0.03986822091968841,173.0,0.09486677144438478,0.3333333333333333,1.7448352875488554e-05,68.33333333333333,0.003333406820864649,4.333333333333333,0.015839328746937442,99.66666666666667,0.06752192080364466,-0.044329962187636913,-0.08893432705342078,-0.03173136233303146,1,4
2000,sgd,CD14 Monocyte-3,CD4 + Tcm-2,-0.015243023480056178,-0.045979515777956545,0.012517798658987668,32,81.0,0.043145268314928924,130.66666666666666,0.05838829179498511,8.666666666666666,0.0009300947402889893,37.666666666666664,0.0031390334137275833,21.333333333333332,0.007718072649474807,42.0,0.02075215745609239,-0.03320492103834108,0.007962100481117368,-0.020486249882944823,6,7
2000,sgd,CD14 Monocyte-3,CD4 Monocyte-4,0.0174063991674662,-0.002796671274684182,0.05756113872859593,32,49.666666666666664,0.03352081005847076,38.333333333333336,0.01611441089100456,12.333333333333334,0.0009878235098621246,12.333333333333334,0.000685234621426518,16.0,0.01998762387247874,4.666666666666667,0.0028838135934481507,0.00929178070450046,0.017146303912485557,0.025781112885412585,6,5
2000,sgd,CD14 Monocyte-3,CD56 NK,0.025397378517210977,-0.004647975207628908,0.06107357572525795,32,265.0,0.06467779125691117,191.33333333333334,0.0392804127397002,42.666666666666664,0.002960397858287152,37.666666666666664,0.004881164688383451,88.66666666666667,0.038197933787412194,20.0,0.010879788440104924,0.04557171516676453,-0.0020690370188893676,0.03268945740375775,6,6
2000,sgd,CD14 Monocyte-3,CD8 + CTL-1,0.0011708865009546763,-0.0034311781315827265,0.004602688825894703,32,54.666666666666664,0.006226794325084244,27.666666666666668,0.0050559078241295685,14.666666666666666,0.0009642018733089439,5.333333333333333,0.0004453060499093737,24.0,0.0023898187168472644,6.333333333333333,0.0017378280392921581,0.0030564876658314023,-0.0015452811520657074,0.0020014529890983344,6,6
2000,sgd,CD14 Monocyte-3,CD8 + CTL-2,0.010746014375814053,-0.0009562584542823238,0.032447507232558404,32,16.666666666666668,0.013606787005146864,14.0,0.002860772629332811,3.0,0.000316191750905624,3.0,0.0003131979341150195,9.0,0.011255792112877874,6.333333333333333,0.0005127715538544256,0.009390801792250894,0.011767177555428155,0.01108006377976311,5,2
2000,sgd,CD14 Monocyte-3,CD8 + CTL-3,0.004709311444163912,0.0007658114697747675,0.01128967018998936,32,43.333333333333336,0.004709311444163912,0.0,0.0,9.666666666666666,0.0006468153602303606,0.0,0.0,33.666666666666664,0.004062496083933551,0.0,0.0,0.004717120532631707,0.0029310886815318423,0.006479725118328186,5,0
2000,sgd,CD14 Monocyte-3,CD8 Tem-1,-0.005208333333333333,-0.03472222222222222,0.014336917562724013,32,1.0,0.024305555555555552,1.3333333333333333,0.029513888888888885,0.0,0.0,0.0,0.0,0.3333333333333333,0.003472222222222222,0.6666666666666666,0.008680555555555554,0.010416666666666666,-0.026041666666666664,0.0,0,0
2000,sgd,CD14 Monocyte-3,CD8 Tem-2,0.006716444299265332,-0.0001352495888381119,0.031119061091704637,32,5.0,0.0207151625883089,3.3333333333333335,0.013998718289043569,0.3333333333333333,1.741917502787068e-05,0.0,0.0,2.3333333333333335,0.006770876468307708,1.0,7.185134407024694e-05,4.274965800273598e-05,0.020113108387121492,-6.525147328233729e-06,1,0
2000,sgd,CD14 Monocyte-3,Cycling T,-0.0013025691387230818,-0.004467290487159047,0.0,32,0.0,0.0,8.333333333333334,0.0013025691387230818,0.0,0.0,1.0,7.251817788992442e-05,0.0,0.0,7.333333333333333,0.0012300509608331575,-0.00014637002341920375,-0.001008586152262167,-0.002752751240487875,0,2
2000,sgd,CD14 Monocyte-3,Erythrocyte,4.274965800273598e-05,0.0,0.0001369168356997965,32,3.6666666666666665,0.007637147236155444,2.6666666666666665,0.007594397578152709,0.0,0.0,0.0,0.0,1.0,4.274965800273598e-05,0.0,0.0,4.274965800273598e-05,4.274965800273598e-05,4.274965800273598e-05,0,0
2000,sgd,CD14 Monocyte-3,GCB,0.0003646705750977107,0.0,0.0015034321936479786,32,1.0,0.0003646705750977107,0.0,0.0,0.3333333333333333,1.7448352875488554e-05,0.0,0.0,0.6666666666666666,0.00034722222222222224,0.0,0.0,0.0,0.0005208333333333333,0.000573178391959799,1,0
2000,sgd,CD14 Monocyte-3,Memory B-1,-0.0010416666666666667,-0.005555555555555557,0.0,32,0.0,0.0,0.3333333333333333,0.0010416666666666667,0.0,0.0,0.0,0.0,0.0,0.0,0.3333333333333333,0.0010416666666666667,-0.003125,0.0,0.0,0,0
2000,sgd,CD14 Monocyte-3,Memory B-2,0.0,0.0,0.0,32,0.0,0.0,0.0,0.0,0.0,0.0,0.0,0.0,0.0,0.0,0.0,0.0,0.0,0.0,0.0,0,0
2000,sgd,CD14 Monocyte-3,Naive T,0.011981478830812022,-0.005106563038698948,0.0420735933913007,32,93.33333333333333,0.02351596967388674,49.333333333333336,0.011534490843074716,17.0,0.00617700961377284,10.0,0.000681864692031629,53.666666666666664,0.01017757335158074,16.666666666666668,0.0036912394425099282,0.018774848427644104,0.004831226298220156,0.012338361766571805,6,5
2000,sgd,CD14 Monocyte-3,Plasma,-0.0008143980756514183,-0.0036012187615985613,2.7126524724821198e-05,32,0.3333333333333333,2.3728170083523156e-05,1.3333333333333333,0.0008381262457349414,0.0,0.0,0.0,0.0,0.3333333333333333,2.3728170083523156e-05,1.3333333333333333,0.0008381262457349414,0.0,0.0,-0.002443194226954255,0,0
2000,sgd,CD14 Monocyte-3,Tcm,-0.005569465179607775,-0.016057599979750887,0.00013295565617251826,32,1.3333333333333333,0.0015403231801805854,1.6666666666666667,0.00710978835978836,0.0,0.0,0.0,0.0,1.0,5.222794208534714e-05,1.3333333333333333,0.005621693121693121,-0.004464285714285714,-0.004350351546032409,-0.0078937582785052,0,0
2000,sgd,CD14 Monocyte-3,cDC2,-0.005788360152796473,-0.02791708020826031,0.013645360487245108,32,50.333333333333336,0.024244233776710006,129.0,0.03003259392950648,7.333333333333333,0.00039307904156415143,41.666666666666664,0.002639859376194792,8.0,0.010229760226413668,52.333333333333336,0.0137713400445795,-0.006783986679664453,-0.01068214588256399,0.00010105210383902496,4,6
2000,sgd,CD14 Monocyte-3,pDC,-0.0002518007661862271,-0.006536467968293719,0.004778422033547313,32,2.0,0.0012849544778892605,4.0,0.0015367552440754874,0.0,0.0,0.6666666666666666,3.483835005574136e-05,0.6666666666666666,0.0010590858416945374,2.0,0.001276048257825023,0.0029303734544152494,5.225752508361204e-05,-0.0037380332780575422,0,1
2000,sgd,CD14 Monocyte-3,platelet,2.3728170083523156e-05,0.0,0.00012312996367666072,32,0.3333333333333333,2.3728170083523156e-05,0.0,0.0,0.0,0.0,0.0,0.0,0.3333333333333333,2.3728170083523156e-05,0.0,0.0,7.118451025056947e-05,0.0,0.0,0,0
2000,sgd,CD16 Monocyte-1,Atypical Memory B,0.0005495832580248172,-0.002871439920707483,0.002603619901809566,40,64.0,0.004257639888530347,59.333333333333336,0.0037080566305055305,29.333333333333332,0.0016964488184584656,30.0,0.0017778259974475755,7.666666666666667,0.0007538988834606036,2.3333333333333335,0.00012293844644667708,0.0017594261757631828,0.0011869169743912505,-0.0012975933760799821,26,17
2000,sgd,CD16 Monocyte-1,CD14 Monocyte-1,-0.003471279686097019,-0.009447207491160155,0.0017641858535363485,40,529.3333333333334,0.03316260373693467,588.3333333333334,0.036633883423031685,124.66666666666667,0.0073005188789112795,173.33333333333334,0.010664131043130692,43.666666666666664,0.003248408932182719,54.0,0.003356076454060325,0.0015794909376578494,-0.006608370545423829,-0.005384959450525077,36,32
2000,sgd,CD16 Monocyte-1,CD14 Monocyte-2,0.00023326801374494538,-0.0015089035163794798,0.002138282988202179,40,107.66666666666667,0.007230489935357245,103.0,0.006997221921612299,27.666666666666668,0.0019296840611325104,26.0,0.0016241305580738125,17.333333333333332,0.0010576826526519972,14.333333333333334,0.0011299681419657496,0.00045015842325059514,-5.642921047386319e-05,0.00030607482845810424,22,24
2000,sgd,CD16 Monocyte-1,CD14 Monocyte-3,0.0009362927842984592,-0.0027512638867810382,0.0032285365886502333,40,59.333333333333336,0.005138667631452228,43.0,0.004202374847153769,20.333333333333332,0.001551490340647131,6.666666666666667,0.000559137429349286,16.666666666666668,0.001335231814611433,14.0,0.0013912919416108188,0.0024178199199183167,-0.0009511129943868657,0.0013421714273639273,16,6
2000,sgd,CD16 Monocyte-1,CD16 Monocyte-1,0.013638102430888416,-0.01246309306222503,0.051860856458612645,40,12732.333333333334,0.8576300171901622,12600.333333333334,0.8439919147592739,0.0,0.0,0.0,0.0,0.0,0.0,0.0,0.0,-0.005720173459092669,0.04199080126665359,0.004643679485104332,0,0
2000,sgd,CD16 Monocyte-1,CD16 Monocyte-2,-0.0025487109999197334,-0.02151276244277576,0.012123698262790358,40,672.3333333333334,0.05436567830215252,657.6666666666666,0.05691438930207226,205.66666666666666,0.01496850054392293,201.66666666666666,0.017918792882365742,54.333333333333336,0.003675387388441869,43.666666666666664,0.0032738060499187854,0.004011237954802033,-0.01354247418726209,0.0018851032327008618,38,40
2000,sgd,CD16 Monocyte-1,CD16 NK,-0.0022168247396699777,-0.005726183915925722,0.0004942198444564962,40,38.333333333333336,0.0023584553565368037,66.0,0.0045752800962067805,13.0,0.0008907660913448252,33.666666666666664,0.0023779961764562193,15.666666666666666,0.0008864527150357696,22.666666666666668,0.0016160473695943534,-0.0014480167144111564,-0.0005364954076751969,-0.00466596209692358,17,22
2000,sgd,CD16 Monocyte-1,CD4 + Tcm-1,-0.007574258095229348,-0.018962410685992172,-0.0011626674197434451,40,63.666666666666664,0.00503022782754508,147.33333333333334,0.01260448592277443,23.333333333333332,0.0014429700097060825,87.0,0.0075473208586079215,16.666666666666668,0.0013305102744714861,36.666666666666664,0.0028004175207989937,-0.005115038743489927,-0.014517581633804715,-0.0030901539083934017,19,25
2000,sgd,CD16 Monocyte-1,CD4 + Tcm-2,0.0005836877113584598,-0.00015410198473279806,0.0012561589349134202,40,20.0,0.0012985147142102562,9.333333333333334,0.0007148270028517965,7.333333333333333,0.00041338583953899735,4.333333333333333,0.00033120833503607754,10.0,0.0006744628940524526,2.3333333333333335,0.00017295268719691255,0.0007700188961625913,0.0002303611313493645,0.0007506831065634235,11,9
2000,sgd,CD16 Monocyte-1,CD4 Monocyte-4,0.002434663342507105,-0.0015062907056391456,0.006834039240522497,40,229.33333333333334,0.01672039262227077,202.0,0.014285729279763666,86.33333333333333,0.006174583195562566,63.666666666666664,0.004297642845247398,25.666666666666668,0.0021460913090683388,21.0,0.0015883683168764016,0.0010144671410205965,0.0010397174233565364,0.005249805463144182,36,29
2000,sgd,CD16 Monocyte-1,CD56 NK,5.674789538624533e-05,-0.0013748646074096887,0.0007806262983444458,40,13.0,0.0007793913228548828,9.666666666666666,0.0007226434274686374,3.6666666666666665,0.00024264657064360066,4.666666666666667,0.0003772774119657122,6.333333333333333,0.00033646540734271504,2.0,0.00014508667063435819,0.00021064339119776992,-0.0007128725731866132,0.0006724728681475796,9,5
2000,sgd,CD16 Monocyte-1,CD8 + CTL-1,0.00018165991260791234,0.0,0.0004167191424105258,40,2.3333333333333335,0.00018165991260791234,0.0,0.0,1.3333333333333333,9.146578226047254e-05,0.0,0.0,1.0,9.01941303474398e-05,0.0,0.0,0.00019853628153223296,0.00013808388508624122,0.0002083595712052629,4,0
2000,sgd,CD16 Monocyte-1,CD8 + CTL-2,6.862893018499425e-05,0.0,0.00023291925465838506,40,1.0,6.862893018499425e-05,0.0,0.0,0.6666666666666666,5.1759834368530014e-05,0.0,0.0,0.3333333333333333,1.6869095816464237e-05,0.0,0.0,0.00012824703900218774,0.0,7.763975155279502e-05,1,0
2000,sgd,CD16 Monocyte-1,CD8 + CTL-3,0.0024557600164714015,0.00043926032442385916,0.005838384743463911,40,19.666666666666668,0.0026039348059349013,1.6666666666666667,0.0001481747894635,7.0,0.0009930524277154164,0.3333333333333333,2.9655990510083035e-05,12.333333333333334,0.001581226387709402,1.0,8.886280844333391e-05,0.00175518027614082,0.00339658827550426,0.0022155114977691244,8,1
2000,sgd,CD16 Monocyte-1,CD8 Tem-1,-2.4597265303187058e-05,-0.00027069078473688547,0.00016817469681221857,40,2.3333333333333335,0.00010981337737898108,2.6666666666666665,0.00013441064268216815,0.3333333333333333,3.0303030303030302e-05,0.6666666666666666,4.221781509420751e-05,1.0,4.202908770563593e-05,1.0,5.471156821764579e-05,7.726560590312762e-05,-1.3643485005963283e-05,-0.00013741391680672553,1,2
2000,sgd,CD16 Monocyte-1,CD8 Tem-2,0.0002355340879014164,2.6156520926923656e-05,0.0005552006524022683,40,5.333333333333333,0.00034459499188818735,2.0,0.00010906090398677091,1.6666666666666667,8.330000556455858e-05,0.0,0.0,2.0,0.0001680468590604505,0.3333333333333333,1.5812776723592664e-05,0.00015344104387223547,0.00013406160216153249,0.0004190996176704812,4,0
2000,sgd,CD16 Monocyte-1,Cycling T,-0.00041318749441620245,-0.0011333283476610068,3.994822841165246e-05,40,4.666666666666667,0.00033395082643976863,8.333333333333334,0.0007471383208559711,1.0,5.011016281825919e-05,3.3333333333333335,0.00033996185813117897,0.6666666666666666,5.9101654846335695e-05,2.0,0.0001824374539496184,-4.870845684128833e-05,-0.0004861575570907519,-0.0007046964693165673,2,8
2000,sgd,CD16 Monocyte-1,Erythrocyte,-0.00016032921391760804,-0.000494285309545651,0.00013035336330189157,40,18.333333333333332,0.0009650232296256573,21.666666666666668,0.0011253524435432653,0.6666666666666666,2.952372157924977e-05,3.6666666666666665,0.00020963887861188813,0.3333333333333333,4.930966469428008e-05,0.6666666666666666,2.952372157924977e-05,-0.0002885428007388741,-0.0001217732884399551,-7.067155257399488e-05,2,4
2000,sgd,CD16 Monocyte-1,GCB,2.5252525252525253e-05,0.0,0.00015151515151515152,40,0.3333333333333333,2.5252525252525253e-05,0.0,0.0,0.0,0.0,0.0,0.0,0.3333333333333333,2.5252525252525253e-05,0.0,0.0,0.0,7.575757575757576e-05,0.0,0,0
2000,sgd,CD16 Monocyte-1,Memory B-1,8.549195197405973e-05,-0.00013764859807201708,0.00035475585075257337,40,2.6666666666666665,0.0002302794557008605,2.6666666666666665,0.00014478750372680073,1.0,0.00011052588884253465,1.6666666666666667,7.026530076175466e-05,1.3333333333333333,9.009757634824277e-05,0.6666666666666666,4.486621245496303e-05,0.00010499952427599714,6.282384937667856e-05,8.865248226950354e-05,3,2
2000,sgd,CD16 Monocyte-1,Memory B-2,3.748125937031484e-05,0.0,0.0001124437781109445,40,3.0,0.00010856553847990982,2.0,7.108427910959496e-05,0.0,0.0,0.0,0.0,1.0,3.748125937031484e-05,0.0,0.0,3.748125937031484e-05,3.748125937031484e-05,3.748125937031484e-05,0,0
2000,sgd,CD16 Monocyte-1,Naive T,0.0006173502111440683,1.1226488759266948e-05,0.0013961768772828822,40,14.666666666666666,0.0012598831612944778,3.6666666666666665,0.0006425329501504095,6.666666666666667,0.0004243803372631498,1.0,7.123906593395169e-05,6.333333333333333,0.0004608365291122003,1.0,0.00019662758929733012,0.000607407478356379,0.0003784139411289958,0.0008662292139468303,12,3
2000,sgd,CD16 Monocyte-1,Plasma,-0.000277037171084301,-0.0008343950173151963,0.0,40,0.0,0.0,4.666666666666667,0.000277037171084301,0.0,0.0,3.0,0.0001629256066851994,0.0,0.0,1.6666666666666667,0.00011411156439910164,-0.00015368235893162984,-6.345177664974618e-05,-0.0006139773776715271,0,4
2000,sgd,CD16 Monocyte-1,Tcm,-0.0008508876766258376,-0.002723604034551374,0.0,40,0.0,0.0,6.666666666666667,0.0008508876766258376,0.0,0.0,3.6666666666666665,0.0004415465821457552,0.0,0.0,3.0,0.00040934109448008236,-0.0014296451141237927,-0.0005773122849625582,-0.0005457056307911618,0,3
2000,sgd,CD16 Monocyte-1,cDC2,-0.0042227055155080895,-0.0117025830419042,9.141429389990425e-06,40,69.66666666666667,0.005483315151980437,126.33333333333333,0.009706020667488527,20.0,0.001505898922422753,61.666666666666664,0.004519807456356192,13.0,0.0012122318508114224,28.0,0.0024210288323860724,-0.0006976350697641978,-0.010392187162588168,-0.0015782943141719017,27,27
2000,sgd,CD16 Monocyte-1,pDC,-0.0003796864733438379,-0.0008225332776420274,6.223551258844649e-05,40,4.0,0.00022219422799719233,9.0,0.0006018807013410302,0.3333333333333333,7.322788517867603e-06,4.0,0.00026401759050197405,2.3333333333333335,0.00011760849623449653,3.6666666666666665,0.00024060016759422799,-0.0003743786308326847,-9.114507718602814e-05,-0.000673535712012801,1,10
2000,sgd,CD16 Monocyte-1,platelet,0.0,0.0,0.0,40,0.6666666666666666,9.082533722708942e-05,0.6666666666666666,9.082533722708942e-05,0.0,0.0,0.0,0.0,0.0,0.0,0.0,0.0,0.0,0.0,0.0,0,0
2000,sgd,CD16 Monocyte-2,Atypical Memory B,-0.0010536105187553668,-0.009858724984699493,0.0032140339590058563,40,22.333333333333332,0.004725106215090993,16.666666666666668,0.005778716733846359,8.333333333333334,0.0014883504768193636,5.0,0.0011626183156861582,4.666666666666667,0.0011940177658122991,2.3333333333333335,0.002573360445700871,-0.0008367727705446987,0.0019751637863278724,-0.004299222572049274,10,9
2000,sgd,CD16 Monocyte-2,CD14 Monocyte-1,-0.004266459110440595,-0.016425992636055216,0.008204445212175244,40,372.0,0.07997088197618586,349.0,0.08423734108662646,60.333333333333336,0.00844663134257295,36.333333333333336,0.011136233309972937,45.0,0.010997113892544206,46.0,0.012573971035584821,0.0027452633428549965,-0.006175455247999748,-0.009369185426177037,25,26
2000,sgd,CD16 Monocyte-2,CD14 Monocyte-2,0.0029526270313034995,-0.011907790935646456,0.02030592737199515,40,213.0,0.08372024525892434,202.0,0.08076761822762082,39.0,0.015214716085237704,25.0,0.0076587523624224345,32.0,0.012020094365254667,35.0,0.016623431056766436,0.0002647983135601564,0.005930837915413264,0.0026622448649370792,27,24
2000,sgd,CD16 Monocyte-2,CD14 Monocyte-3,0.0015460823155046316,-0.002185057896257955,0.004678277052963835,40,70.66666666666667,0.007283532883305718,69.33333333333333,0.005737450567801086,14.333333333333334,0.0014990580223980916,19.0,0.0013502687051246964,21.666666666666668,0.002709856086196893,15.666666666666666,0.0013125630879656566,0.0020440924906094038,-0.0006661151261299987,0.003260269582034489,11,9
2000,sgd,CD16 Monocyte-2,CD16 Monocyte-1,0.0013912580717461535,-0.015298029836051451,0.020270309620320205,40,487.3333333333333,0.1419051410916131,520.0,0.14051388301986698,61.333333333333336,0.016085448005881995,102.33333333333333,0.01967879563676409,37.666666666666664,0.012581935576140735,29.333333333333332,0.007597329873512487,-0.002075142248248477,0.009940522041505301,-0.0036916055780183616,29,33
2000,sgd,CD16 Monocyte-2,CD16 Monocyte-2,-0.006896985929816297,-0.03743153219860033,0.019830830922793686,40,3659.0,0.582981956323414,3684.6666666666665,0.5898789422532303,0.0,0.0,0.0,0.0,0.0,0.0,0.0,0.0,0.003916301515278729,-0.008674298838846552,-0.015932960465881066,0,0
2000,sgd,CD16 Monocyte-2,CD16 NK,-0.0006422756640011657,-0.006979741907090025,0.005449900301527979,40,27.333333333333332,0.009293934999360579,35.333333333333336,0.009936210663361747,6.0,0.0013549899332474774,9.0,0.0024317941490838374,11.0,0.005025177334756425,16.0,0.0045906487829212314,-0.00491956074747754,0.003506541521595639,-0.0005138077661215947,9,10
2000,sgd,CD16 Monocyte-2,CD4 + Tcm-1,-0.009162956012886341,-0.023528576908511345,0.0032139561611017825,40,35.666666666666664,0.01529864839596654,69.0,0.024461604408852883,8.666666666666666,0.003217004214729459,14.333333333333334,0.007150380186822406,13.333333333333334,0.007417702326768342,41.0,0.012647282367561736,-0.014786298573586898,-0.007011046201034536,-0.005691523264037592,13,20
2000,sgd,CD16 Monocyte-2,CD4 + Tcm-2,0.0002554242140706686,-0.004761227000385269,0.004387206717005666,40,22.333333333333332,0.0057538003575723085,19.0,0.00549837614350164,6.0,0.001573675332015517,4.0,0.0012416469061184196,10.666666666666666,0.002683133223944352,9.333333333333334,0.002759737435770782,-0.0011268187628520354,0.0018544397189406258,3.8651686123414296e-05,10,9
2000,sgd,CD16 Monocyte-2,CD4 Monocyte-4,0.004735491786667478,-0.0013442264232346969,0.017258924991816662,40,51.666666666666664,0.011992104521339976,51.0,0.0072566127346725,11.666666666666666,0.006169756905230461,8.666666666666666,0.0010720711320482998,8.0,0.0009799447036612245,10.333333333333334,0.001342138690175908,0.006029033411702981,-0.0008580044101965927,0.009035446358496043,16,10
2000,sgd,CD16 Monocyte-2,CD56 NK,0.007924719581387117,0.0030185476312327942,0.012804826894450365,40,63.333333333333336,0.012581419501158278,29.666666666666668,0.00465669991977116,19.333333333333332,0.0033615776791412564,3.0,0.00042575074354333364,26.666666666666668,0.006259546950410279,9.333333333333334,0.0012706543046210827,0.011283238847860836,0.006430675224351853,0.0060602446719486645,19,6
2000,sgd,CD16 Monocyte-2,CD8 + CTL-1,0.0005559636197003859,-0.0009815851477924023,0.002735639074653143,40,8.0,0.0012299826696918076,2.6666666666666665,0.0006740190499914216,2.3333333333333335,0.00043426008681740435,0.0,0.0,4.333333333333333,0.0005982185714641696,1.3333333333333333,0.00047651503858118805,-7.458272607790398e-05,-0.00027899834566106897,0.0020214719308401306,4,0
2000,sgd,CD16 Monocyte-2,CD8 + CTL-2,0.0011944596668966218,0.000135699052663568,0.003035255210695482,40,5.666666666666667,0.004765888238325193,1.0,0.0035714285714285713,3.0,0.0008566410996800359,0.0,0.0,1.6666666666666667,0.0003378185672165859,0.0,0.0,0.0016502819644269744,0.0014191262595389742,0.000513970776723917,6,0
2000,sgd,CD16 Monocyte-2,CD8 + CTL-3,0.0003754458627545206,6.097560975609756e-05,0.000974574851057545,40,4.333333333333333,0.0003754458627545206,0.0,0.0,0.3333333333333333,1.614987080103359e-05,0.0,0.0,4.0,0.000359295991953487,0.0,0.0,0.00015863782058439519,0.00069068912959133,0.0002770106380878364,1,0
2000,sgd,CD16 Monocyte-2,CD8 Tem-1,-0.0037171801015355916,-0.018393189231417823,0.006042722085421908,40,8.333333333333334,0.006433099877962062,9.0,0.010150279979497653,1.6666666666666667,0.0026491019414926734,1.0,0.004656862745098039,3.0,0.001052070989274403,4.333333333333333,0.0027614902872046287,-0.006768371250734717,-0.009221709332361298,0.004838540278489242,4,2
2000,sgd,CD16 Monocyte-2,CD8 Tem-2,0.0003218246292714378,-0.0014492753623188406,0.002197537983909397,40,3.0,0.0008924407281484062,1.6666666666666667,0.0005706160988769684,0.6666666666666666,0.00037898550724637677,0.0,0.0,2.0,0.0004142488716956802,1.3333333333333333,0.00047140974967061915,0.00045454545454545455,-0.000859683794466403,0.0013706122277352619,2,0
2000,sgd,CD16 Monocyte-2,Cycling T,-0.0002567823860524073,-0.00265531162464986,0.0009301408556794808,40,2.3333333333333335,0.0006176403127593717,2.3333333333333335,0.0008744226988117791,0.3333333333333333,9.920634920634919e-05,0.3333333333333333,6.127450980392157e-05,1.6666666666666667,0.0005020297640779569,1.6666666666666667,0.0007967439895327919,0.00027373229180458093,-0.0012334733893557422,0.0001893939393939394,1,1
2000,sgd,CD16 Monocyte-2,Erythrocyte,1.614987080103359e-05,0.0,9.689922480620155e-05,40,4.666666666666667,0.0012163156403355174,4.333333333333333,0.0012001657695344837,0.0,0.0,0.0,0.0,0.3333333333333333,1.614987080103359e-05,0.0,0.0,0.0,0.0,4.8449612403100775e-05,0,0
2000,sgd,CD16 Monocyte-2,GCB,0.00016260302988442232,0.0,0.0008771929824561402,40,1.0,0.00019806402279222372,0.3333333333333333,3.546099290780142e-05,0.3333333333333333,0.0001461988304093567,0.0,0.0,0.3333333333333333,1.6404199475065617e-05,0.0,0.0,0.0,0.0,0.000487809089653267,1,0
2000,sgd,CD16 Monocyte-2,Memory B-1,-0.0001490062098324683,-0.0025132610038332047,0.002070189287688385,40,2.6666666666666665,0.001044716185616161,3.3333333333333335,0.001193722395448629,1.0,0.0004256825670939462,1.0,0.0003459776266496104,1.0,0.00037728461705069887,1.6666666666666667,0.000605995767327503,0.001453298618253183,-0.0019324738973613051,3.215664961071785e-05,3,3
2000,sgd,CD16 Monocyte-2,Memory B-2,-5.026545905968785e-05,-0.0005822741326004809,0.00018742740998838392,40,1.6666666666666667,0.00021093135143289733,1.0,0.00026119681049258515,0.3333333333333333,2.6455026455026456e-05,0.3333333333333333,0.00011737089201877935,0.6666666666666666,4.065040650406504e-05,0.0,0.0,0.00014034068912117693,0.0,-0.0002911370663002405,1,1
2000,sgd,CD16 Monocyte-2,Naive T,0.005639180278820617,0.0009088401363494744,0.013870912056990509,40,26.0,0.008383192225620407,12.0,0.0027440119467997894,8.0,0.0024325998071607945,3.6666666666666665,0.0006910094641682517,13.333333333333334,0.004830207492734201,3.6666666666666665,0.0009326175569061274,0.005976877264290165,0.0032701646618376553,0.0076704989103340325,14,6
2000,sgd,CD16 Monocyte-2,Plasma,-0.0009566336298998725,-0.003099906449482687,5.109335039886157e-05,40,3.0,0.0004847853094057262,5.0,0.0014414189393055987,1.0,6.853185904953371e-05,0.0,0.0,0.0,0.0,3.0,0.0010251654889494065,-0.00013024642365317562,-0.0010416666666666667,-0.0016979877993797752,3,0
2000,sgd,CD16 Monocyte-2,Tcm,9.916859003457144e-05,-0.0003380722776170264,0.0007008534202342149,40,1.3333333333333333,0.00023361161180153686,0.6666666666666666,0.00013444302176696544,0.0,0.0,0.0,0.0,1.3333333333333333,0.00023361161180153686,0.6666666666666666,0.00013444302176696544,0.0001743610796741363,0.00012314469042957804,0.0,0,0
2000,sgd,CD16 Monocyte-2,cDC2,-0.00016941302115341226,-0.012556981841544098,0.01186321218890043,40,40.333333333333336,0.016418562410018052,47.333333333333336,0.016587975431171464,14.666666666666666,0.0030180320310568714,9.333333333333334,0.0027196869020488738,9.666666666666666,0.008155813148542185,22.0,0.008623571298703597,-0.004945486747218457,0.0014852131277021529,0.0029520345560560663,11,15
2000,sgd,CD16 Monocyte-2,pDC,0.00015116949459003935,-0.0018005669282820898,0.003122552912666814,40,5.0,0.001988552029404464,5.666666666666667,0.001837382534814424,1.6666666666666667,0.0004816351890819976,2.3333333333333335,0.0006472086456352993,1.3333333333333333,0.0007329330875842505,1.3333333333333333,0.0004161901364409094,-0.0009015228541732687,0.0013264071728456557,2.862416509773081e-05,4,3
2000,sgd,CD16 Monocyte-2,platelet,0.0,0.0,0.0,40,0.0,0.0,0.0,0.0,0.0,0.0,0.0,0.0,0.0,0.0,0.0,0.0,0.0,0.0,0.0,0,0
2000,sgd,CD16 NK,Atypical Memory B,0.0008699121885077274,0.00014205513674567737,0.0013620140020877425,40,116.66666666666667,0.001957521880584002,54.0,0.0010876096920762748,33.0,0.0004987864011440422,5.333333333333333,0.00011361400219827399,43.666666666666664,0.0006890243313203615,8.666666666666666,0.00020428454175840235,0.0011007371290009723,0.0010018798725673632,0.0005071195639548469,23,10
2000,sgd,CD16 NK,CD14 Monocyte-1,-0.00015806133649474874,-0.0007389290291611608,0.00038861985647272893,40,143.0,0.0026484552830891316,155.66666666666666,0.0028065166195838805,36.666666666666664,0.0006532492898909332,33.0,0.0005339852048877131,49.333333333333336,0.0009222414287043146,65.66666666666667,0.0011995668502022834,-0.00013882737096458734,-6.125648267256527e-05,-0.0002741001558470937,28,27
2000,sgd,CD16 NK,CD14 Monocyte-2,0.0014864311620857529,0.0005207163450396644,0.0026460132914420988,40,252.0,0.0053646547075839645,174.66666666666666,0.0038782235454982114,41.0,0.0006583327768147335,18.666666666666668,0.0003395195189634631,105.33333333333333,0.0023083462360661985,50.333333333333336,0.0011407283318317161,0.001959880969855071,0.0016108400763261556,0.0008885724400760321,27,21
2000,sgd,CD16 NK,CD14 Monocyte-3,0.0035806937921852625,0.0009641805492846626,0.006998253321857849,40,227.0,0.00616730371409738,121.66666666666667,0.002586609921912118,74.66666666666667,0.0017011697393499953,29.666666666666668,0.0004987333631391179,118.0,0.003683713675433272,57.666666666666664,0.0013054562594588882,0.0032333660867594634,0.0023158948725309977,0.0051928204172653255,36,20
2000,sgd,CD16 NK,CD16 Monocyte-1,-0.006650129910888077,-0.02327553774077858,0.00026264517737469863,40,106.33333333333333,0.002000502093107276,931.6666666666666,0.008650632003995353,40.333333333333336,0.000681357296419919,553.0,0.004569880387650445,37.0,0.0007178910133084166,349.6666666666667,0.0034794978329659664,6.0106911621714406e-05,-0.019880105993608486,-0.00013039065067745712,27,24
2000,sgd,CD16 NK,CD16 Monocyte-2,0.0010871299776848591,0.00043753699193392013,0.0018215495928009821,40,133.66666666666666,0.002649541158974273,84.0,0.001562411181289414,39.666666666666664,0.0006994275578549686,19.666666666666668,0.00029018037483067227,59.666666666666664,0.0012697215832928846,30.0,0.0005918387886323218,0.0014317438293312101,0.0007155507682783296,0.0011140953354450375,29,16
2000,sgd,CD16 NK,CD16 NK,-0.02302205829054117,-0.05326636215557259,0.011796722193806017,40,33649.0,0.49235592691664576,34723.0,0.5153779852071868,0.0,0.0,0.0,0.0,0.0,0.0,0.0,0.0,-0.010936422953061334,-0.019292401565688545,-0.038837350352873626,0,0
2000,sgd,CD16 NK,CD4 + Tcm-1,-0.018014329951051067,-0.02782022452413148,-0.008342791073665234,40,2381.0,0.04443191497703516,3313.0,0.062446244928086224,449.0,0.007690266917425886,652.6666666666666,0.011170969023321773,554.3333333333334,0.010481275742914983,1282.6666666666667,0.025014903588070164,-0.013396929685807635,-0.023453644978313294,-0.01719241518903228,33,34
2000,sgd,CD16 NK,CD4 + Tcm-2,0.0024232561199199463,0.0002590131936877795,0.004400802193446693,40,349.6666666666667,0.008042168695464388,219.0,0.005618912575544442,65.66666666666667,0.001295830175344486,17.0,0.00029008164338983314,184.0,0.004315736179455515,102.0,0.002898228591490222,0.0020830081451333133,0.0026166815201509918,0.002570078694475534,31,17
2000,sgd,CD16 NK,CD4 Monocyte-4,0.0008087057147584969,0.0004191390092072356,0.0011937627035490759,40,103.33333333333333,0.0018757165236854055,58.666666666666664,0.0010670108089269085,20.666666666666668,0.00038344398311833074,4.666666666666667,6.467677749768794e-05,39.0,0.0006540106369606314,10.333333333333334,0.00016407212782277737,0.0007988035139044503,0.0005753855570199259,0.0010519280733511142,22,9
2000,sgd,CD16 NK,CD56 NK,0.009424312007390538,-0.01237813572746309,0.033804177207369,40,4625.666666666667,0.10743649739477111,3820.3333333333335,0.09801218538738056,1481.3333333333333,0.024647225872456685,810.6666666666666,0.014532299023444599,978.6666666666666,0.023542499926891575,844.0,0.02423311476851311,0.01959193820776915,0.014922412599092893,-0.006241414784690419,40,40
2000,sgd,CD16 NK,CD8 + CTL-1,0.010413604698817872,0.0027415937384470445,0.01799346822971495,40,1390.0,0.033405724190304915,957.3333333333334,0.02299211949148705,284.3333333333333,0.005774444485788055,120.33333333333333,0.002412335540994078,482.6666666666667,0.012848828284087588,214.0,0.005797332530063696,0.014287476780726515,0.004131987304275403,0.012821350011451692,40,38
2000,sgd,CD16 NK,CD8 + CTL-2,0.009921324472105761,-0.013084323376045232,0.023642200940525947,40,1403.3333333333333,0.03369559284883782,916.6666666666666,0.023774268376732063,532.3333333333334,0.009645181433949757,224.33333333333334,0.00451068491969672,512.0,0.014899841173836866,333.3333333333333,0.01011301321598414,0.007792424154647003,0.0042775951238412605,0.017693954137829024,39,37
2000,sgd,CD16 NK,CD8 + CTL-3,-0.002831864707543227,-0.0369871334562192,0.01794214983331487,40,1229.3333333333333,0.030671169502234825,596.6666666666666,0.03350303420977805,569.6666666666666,0.010492241890604962,152.33333333333334,0.010141093056227955,466.3333333333333,0.011136139168863834,251.0,0.014319152710784067,-0.006951198057000919,-0.00044083484060984944,-0.0011035612250189148,39,22
2000,sgd,CD16 NK,CD8 Tem-1,0.0027691808145677062,-0.012729460149156525,0.014367359388651723,40,4282.0,0.07853871413393015,3929.3333333333335,0.07576953331936245,1284.6666666666667,0.020211096887672964,948.3333333333334,0.015812338273350376,773.6666666666666,0.013673896045669869,757.3333333333334,0.01530347384542475,0.010464744520393112,0.007083341935387397,-0.009240544012077388,32,33
2000,sgd,CD16 NK,CD8 Tem-2,0.0015281028077648445,-0.018090858444450925,0.013686517730946542,40,1932.6666666666667,0.03528902941749663,2446.0,0.03376092660973178,548.0,0.008820544365991577,1011.3333333333334,0.01016073361652025,468.3333333333333,0.01035476653348486,518.3333333333334,0.007486474475191344,-0.014982356719985726,0.01159454273843728,0.007972122404842973,38,33
2000,sgd,CD16 NK,Cycling T,0.005889142433913037,0.0004572049929190027,0.009934286995795318,40,2667.3333333333335,0.04295804354976826,2111.3333333333335,0.03706890111585523,661.0,0.009015161842579845,341.6666666666667,0.005382039932713203,595.6666666666666,0.010128750137656723,359.0,0.00787272961361033,0.0072593697240319836,0.003654725974813002,0.0067533316028941266,36,37
2000,sgd,CD16 NK,Erythrocyte,-0.0012099187901291662,-0.0034347323513769143,-3.4774427551648636e-05,40,260.6666666666667,0.00378797348123487,434.0,0.004997892271364037,22.333333333333332,0.00029712964693022107,92.33333333333333,0.0008155277573708712,13.666666666666666,0.00022609707944637537,117.0,0.0009176177591348915,-0.001170503973275027,-0.0008265414638885724,-0.0016327109332238993,8,18
2000,sgd,CD16 NK,GCB,0.0019474008458065246,-0.005198008161858776,0.005648834875574367,40,337.0,0.006987724157011615,219.33333333333334,0.00504032331120509,131.66666666666666,0.0023079775014224944,67.66666666666667,0.0014929031106455193,136.0,0.0033097388423504875,82.33333333333333,0.0021774123873209363,-0.002437202016470765,0.0036849077966792402,0.0045944967572111,39,24
2000,sgd,CD16 NK,Memory B-1,-0.010321307578457048,-0.034583406893216755,0.0007394353981409138,40,210.66666666666666,0.004318035430375073,1386.0,0.014639343008832122,39.333333333333336,0.0007956091647866965,749.3333333333334,0.006602158577730118,92.66666666666667,0.001850784633057873,558.0,0.006365542798571499,-0.031208331216385353,-3.833035539292349e-05,0.0002827388364071322,28,26
2000,sgd,CD16 NK,Memory B-2,0.0004715706555637742,0.00026693098438492695,0.0007138901890418608,40,44.333333333333336,0.0008327550249538095,16.666666666666668,0.0003611843693900353,14.666666666666666,0.00019079458616740218,1.3333333333333333,1.9269941318053837e-05,16.0,0.0003212778579656973,1.6666666666666667,2.1231847251271447e-05,0.0005098477158120335,0.0003705753546320116,0.0005342888962472775,18,2
2000,sgd,CD16 NK,Naive T,0.001456125359921149,-0.0115728821960147,0.007929460774687773,40,580.6666666666666,0.012676476986974883,516.6666666666666,0.011220351627053732,129.66666666666666,0.0025731775365058656,81.0,0.0014963237760247442,273.6666666666667,0.006167787804168805,258.3333333333333,0.005788516204728776,0.00722877971550571,-0.008256964646629743,0.005396561010887482,38,31
2000,sgd,CD16 NK,Plasma,-0.00013202778289682848,-0.0008898026759444521,0.0003967048044564925,40,65.66666666666667,0.0012159226505757288,64.0,0.001347950433472557,23.0,0.00043664121110954427,15.0,0.00026197398991535155,22.666666666666668,0.0004414464503659186,29.0,0.0007481414544569398,3.8002356335438065e-05,0.000115674249406984,-0.0005497599544329074,24,16
2000,sgd,CD16 NK,Tcm,0.008367015954057803,-0.01956664066498978,0.026475360176189358,40,1780.3333333333333,0.03617295639871554,1042.6666666666667,0.027805940444657746,827.0,0.012898747704870565,345.0,0.007988087811030975,583.3333333333334,0.012605376940120774,327.6666666666667,0.009149020879902565,0.0021038338238298787,0.013122671930587493,0.009874542107756028,39,27
2000,sgd,CD16 NK,cDC2,-0.0006384336686869658,-0.003119928289739839,0.0005470471148294364,40,75.33333333333333,0.0014512343060171303,88.66666666666667,0.0020896679747040964,20.666666666666668,0.00034533694416229665,22.666666666666668,0.0004189051146992553,36.333333333333336,0.0006632932097651779,47.666666666666664,0.001228158707915185,0.00011926722801950907,0.00022821727175936687,-0.0022627855058397735,24,24
2000,sgd,CD16 NK,pDC,0.00032666864198361575,-0.0005381325176116434,0.001146655868250008,40,109.0,0.0021214932486950215,84.0,0.0017948246067114057,35.0,0.00046486901463617375,19.0,0.0003254527561928465,44.0,0.0009689894029695291,35.0,0.0007817370194292406,0.0009583732306430691,0.00037227912102160516,-0.0003506464257138271,22,23
2000,sgd,CD16 NK,platelet,0.00020755436965362833,-0.00017060197450100554,0.0006270362753850958,40,51.333333333333336,0.0009469513278359235,42.0,0.0007393969581822951,11.333333333333334,0.0001823161607070657,6.666666666666667,9.453460341039533e-05,20.333333333333332,0.0003886839681317056,15.666666666666666,0.0002689111557747476,0.00020006794963175613,-0.000145083740003718,0.0005676788993328469,19,13
2000,sgd,CD4 + Tcm-1,Atypical Memory B,0.0021979241847728077,0.000197744232832252,0.003626900701711532,40,517.6666666666666,0.006439640384917855,295.3333333333333,0.004241716200145048,73.66666666666667,0.000887581999314515,42.333333333333336,0.0005147791158691159,269.3333333333333,0.003045684683936355,78.33333333333333,0.001220563382608946,0.002587981177000428,0.0029232225763986914,0.0010825688009193039,31,20
2000,sgd,CD4 + Tcm-1,CD14 Monocyte-1,-0.0010049073394147808,-0.0030187658061199716,0.0009209896695183288,40,656.6666666666666,0.008825524351121846,743.6666666666666,0.009830431690536628,134.33333333333334,0.0017892551587494851,156.66666666666666,0.001967640284000832,291.6666666666667,0.0037561340533635973,356.3333333333333,0.004582656267527031,-0.00033971660996112235,-0.0006980609952322415,-0.0019769444130509793,33,30
2000,sgd,CD4 + Tcm-1,CD14 Monocyte-2,0.008096800781037763,0.00383927925171951,0.012310504130694384,40,2065.6666666666665,0.02810203893472198,1375.6666666666667,0.020005238153684223,329.3333333333333,0.004190674084171246,109.33333333333333,0.001472799269844832,834.0,0.010945998324025574,364.0,0.005567072357314227,0.009912772434495221,0.007749832536921126,0.00662779737169694,31,31
2000,sgd,CD4 + Tcm-1,CD14 Monocyte-3,0.004733677334282915,0.001899885832540962,0.008268177107735284,40,446.6666666666667,0.00856204724348807,244.0,0.0038283699092051533,73.0,0.001071956206080487,57.333333333333336,0.0006645710595585991,304.3333333333333,0.006186776391090329,117.33333333333333,0.001860484203329302,0.004723639865668643,0.0036728185447376513,0.005804573592442454,34,19
2000,sgd,CD4 + Tcm-1,CD16 Monocyte-1,-0.017993738326531585,-0.06524628436731225,0.0025210610301997275,40,452.6666666666667,0.00607895492835375,2563.6666666666665,0.02407269325488533,122.66666666666667,0.00161542711024965,731.6666666666666,0.0065017551375355824,211.0,0.0028609278114265523,1713.0,0.0159683381106722,0.0011489387252436388,-0.05724803750265961,0.002117883797821229,31,30
2000,sgd,CD4 + Tcm-1,CD16 Monocyte-2,0.0022770258355658377,0.0008478618347118085,0.0037313859745657903,40,578.6666666666666,0.00797832197059148,364.0,0.005701296135025644,143.33333333333334,0.0017784566175700432,53.666666666666664,0.0007749448905229506,278.3333333333333,0.003756954051180429,153.33333333333334,0.002483439942661685,0.0029206953132154814,0.0021970662469338854,0.0017133159465481447,32,28
2000,sgd,CD4 + Tcm-1,CD16 NK,-0.0012033720564518095,-0.010606684535066694,0.00983795065284595,40,4328.666666666667,0.06196215096865169,4301.666666666667,0.06316552302510349,788.0,0.010382260203391972,673.3333333333334,0.008993750235538443,1542.6666666666667,0.021499102535391557,1630.3333333333333,0.024090984559696896,0.005041661586183499,-0.0009555048009910957,-0.007696272954547831,35,34
2000,sgd,CD4 + Tcm-1,CD4 + Tcm-1,-0.027811838828309492,-0.062194648773281236,0.007346335944143692,40,24448.666666666668,0.30058131649362135,26589.666666666668,0.32839315532193086,0.0,0.0,0.0,0.0,0.0,0.0,0.0,0.0,-0.02075910210304855,-0.014239276839883108,-0.048437137541996814,0,0
2000,sgd,CD4 + Tcm-1,CD4 + Tcm-2,0.00898514850989242,-0.013372851224211234,0.030518773563689604,40,4430.333333333333,0.09119415937952342,3502.0,0.08220901086963099,1038.0,0.013183138387349342,420.0,0.006304558226849148,1460.6666666666667,0.03087785049854258,1150.3333333333333,0.02877128214915035,-0.0032607338722337744,0.015172205370562495,0.015043974031348545,38,40
2000,sgd,CD4 + Tcm-1,CD4 Monocyte-4,0.0030658227712585754,0.002115274653411201,0.0041632956950642345,40,496.6666666666667,0.006621478607081206,244.0,0.00355565583582263,93.33333333333333,0.0012428802591413427,17.666666666666668,0.0002591974044397634,243.0,0.00304853104650349,66.0,0.0009663911299464936,0.0029705672569599563,0.0031377671562014585,0.003089133900614313,30,17
2000,sgd,CD4 + Tcm-1,CD56 NK,0.0028471505822833935,-0.0032677774396586818,0.008153634956436851,40,1472.3333333333333,0.02400003480030581,1165.0,0.021152884218022416,335.3333333333333,0.004274588617914575,159.0,0.0019544321194241393,729.3333333333334,0.012132051023989343,598.3333333333334,0.011605056940196383,0.004907496894944547,0.0032411733252945933,0.00039278152661104094,36,36
2000,sgd,CD4 + Tcm-1,CD8 + CTL-1,0.008549690205650025,-0.0010038994950457483,0.015848575902901847,40,1584.0,0.029260662033446034,1011.6666666666666,0.02071097182779601,301.0,0.004234355964379565,99.33333333333333,0.001547701980628287,763.3333333333334,0.014575380331473245,392.6666666666667,0.008712344109574499,0.013054492726845524,0.001625021377648138,0.010969556512456412,38,39
2000,sgd,CD4 + Tcm-1,CD8 + CTL-2,0.008073563900251443,0.0015602135729938,0.013692849829925502,40,1287.3333333333333,0.0224690372387663,701.3333333333334,0.014395473338514854,297.3333333333333,0.003946252899568573,98.66666666666667,0.0015229885545429544,721.6666666666666,0.013328329090527391,334.3333333333333,0.007678029535301567,0.00663018461451539,0.008187920125978989,0.009402586960259949,37,31
2000,sgd,CD4 + Tcm-1,CD8 + CTL-3,-0.009274568382766475,-0.04175606086543355,0.011552867914862208,40,1498.0,0.027458690748546413,845.0,0.03673325913131289,377.3333333333333,0.005130323938443422,99.66666666666667,0.005268463807498,876.0,0.014309818400560871,500.6666666666667,0.023446246914272773,-0.010298030948552268,-0.004433667031160833,-0.013092007168586323,36,18
2000,sgd,CD4 + Tcm-1,CD8 Tem-1,-0.0044976552605092215,-0.035023645974809094,0.01684305687537611,40,7274.333333333333,0.09254366250477412,7372.0,0.09704131776528331,1474.3333333333333,0.01722307002612312,1304.0,0.016039518541038324,1839.0,0.022486914434147843,2107.0,0.02816812117974186,0.011727891780798692,0.006687729608932577,-0.031908587171258926,32,37
2000,sgd,CD4 + Tcm-1,CD8 Tem-2,0.0045637773764169165,-0.0035728194152578234,0.012214450911245102,40,2783.6666666666665,0.039907372802644225,2636.3333333333335,0.035343595426227316,530.3333333333334,0.006882504844624572,446.3333333333333,0.005446002779570836,1012.0,0.015543527997802,948.6666666666666,0.012416252686438816,-0.0009733662488919465,0.009876105797331683,0.004788592580811019,38,36
2000,sgd,CD4 + Tcm-1,Cycling T,0.012550593533496966,0.00579852689764098,0.018988900966207183,40,4179.666666666667,0.053378798059247085,3064.0,0.04082820452575012,844.3333333333334,0.010314716956865944,469.6666666666667,0.006005772869417166,1401.6666666666667,0.01774560815334375,660.6666666666666,0.009503958707295559,0.015025992371239943,0.013629711099305265,0.00899607712994569,36,36
2000,sgd,CD4 + Tcm-1,Erythrocyte,-0.005414465059190229,-0.015497111436857884,-0.0007117429305144799,40,671.6666666666666,0.007401627668084211,1615.3333333333333,0.012816092727274441,66.0,0.0008540124653924284,304.0,0.0018768951740508828,38.666666666666664,0.0006227212032944184,744.3333333333334,0.005014303553826194,-0.0037140270397385184,-0.003433622520890334,-0.009095745616941837,9,21
2000,sgd,CD4 + Tcm-1,GCB,-0.0003677644261986379,-0.010949091264637438,0.004670811171894871,40,540.6666666666666,0.008176739827322102,441.0,0.00854450425352074,115.33333333333333,0.0015794989757175377,94.33333333333333,0.0015890438673615938,294.6666666666667,0.0045251185543629955,216.0,0.0048833380889175765,-0.006096753641371628,0.0011221379086381884,0.003871322454137527,32,26
2000,sgd,CD4 + Tcm-1,Memory B-1,-0.026266506794747412,-0.08360477728546267,0.0009908767755652094,40,1320.6666666666667,0.015847749400283828,4222.0,0.04211425619503124,302.0,0.003427920319003117,1193.6666666666667,0.011171189690348532,479.6666666666667,0.005829539045247761,2489.3333333333335,0.02435277646864975,-0.0763372306880848,-0.0002726124834483704,-0.002189677212709054,32,32
2000,sgd,CD4 + Tcm-1,Memory B-2,0.001224696215886421,0.0006281395578624894,0.0019186773835635233,40,193.33333333333334,0.0024821856528033617,76.33333333333333,0.0012574894369169404,42.0,0.00045084224498572666,7.333333333333333,9.289476015187758e-05,112.66666666666667,0.0014614581644045237,30.333333333333332,0.0005947094333519518,0.000886308901528184,0.0011966156537558845,0.0015911640923751955,29,10
2000,sgd,CD4 + Tcm-1,Naive T,0.017860677622800716,-0.01831674597112652,0.04348744890398227,40,5650.666666666667,0.09151893504653329,4635.666666666667,0.07365825742373255,1487.3333333333333,0.018826998453304128,832.0,0.009444441918947258,1991.6666666666667,0.034031729307566774,1632.0,0.025553608219122923,0.036305206622853504,-0.013482005117763901,0.030758831363312554,38,40
2000,sgd,CD4 + Tcm-1,Plasma,7.848838423290378e-05,-0.002764589382671293,0.0017425253881660893,40,338.3333333333333,0.004350483688338613,303.0,0.004271995304105709,83.0,0.0009797296484265088,66.0,0.0007744192249530377,158.66666666666666,0.0021361804734562604,140.33333333333334,0.002263002512696828,0.001316373678456727,0.0006327382134371163,-0.0017136467391951318,30,28
2000,sgd,CD4 + Tcm-1,Tcm,0.006748908206563227,-0.02210658955481756,0.02691057200632645,40,2309.6666666666665,0.039948178483661737,1421.3333333333333,0.033199270277098514,775.6666666666666,0.009544370346907577,346.6666666666667,0.006912208352898648,1062.3333333333333,0.01766924598211927,603.0,0.01355249976956497,-0.0011779497717826451,0.011959782139484098,0.009464892251988228,37,31
2000,sgd,CD4 + Tcm-1,cDC2,0.0009644728823236929,-0.0005108150086096842,0.0023147915687836136,40,416.0,0.005822222404881082,327.3333333333333,0.004857749522557389,112.0,0.0013983216296673245,72.66666666666667,0.0010780003375293432,215.33333333333334,0.0031823124912189874,166.0,0.002538160901033276,0.0013592233470670564,0.00145223701127906,8.195828862496211e-05,33,31
2000,sgd,CD4 + Tcm-1,pDC,0.000472315504949278,-0.0012081024085910282,0.002195909610208442,40,497.3333333333333,0.006436929301499052,406.0,0.005964613796549774,107.33333333333333,0.001370872461762987,71.33333333333333,0.0009114520593479872,244.0,0.003018909718338996,188.66666666666666,0.0030060146158047175,0.0013165335492019534,0.0007478026989922913,-0.0006473897333464102,31,31
2000,sgd,CD4 + Tcm-1,platelet,0.0005440826424543258,-0.0005866823930747837,0.0013606156973165926,40,213.0,0.002651057076790099,186.0,0.0021069744343357737,45.333333333333336,0.0005763561288576736,24.0,0.00025510545778523246,98.33333333333333,0.0012549376589778818,92.66666666666667,0.0010321056875959975,0.001120950077446871,-0.0004491000998036924,0.0009603979497197985,30,20
2000,sgd,CD4 + Tcm-2,Atypical Memory B,0.0007120682638639452,-0.0011774157332461216,0.003025930477016766,39,18.0,0.0023743102802001553,8.333333333333334,0.0016622420163362104,4.333333333333333,0.0008480568506409077,0.0,0.0,6.666666666666667,0.000439290834656305,1.3333333333333333,0.0005752794214332677,0.001112150474505531,-0.0002957911769586671,0.0013198454940449712,6,0
2000,sgd,CD4 + Tcm-2,CD14 Monocyte-1,0.0004824333818891846,-0.0021258262207354372,0.003330494978878723,39,11.666666666666666,0.0048711330482384295,7.666666666666667,0.004388699666349244,3.0,0.0004977771328550643,0.3333333333333333,0.0005698005698005698,6.0,0.002114164762826647,4.666666666666667,0.0015597079439919565,-0.00031639027502189496,0.00031973056710573943,0.0014439598535837099,6,1
2000,sgd,CD4 + Tcm-2,CD14 Monocyte-2,0.0036147435670964914,-0.008311093033325894,0.018397455867243534,39,106.0,0.04130551727499008,102.33333333333333,0.03769077370789359,5.333333333333333,0.0014947025452524073,6.0,0.0013024634833989867,36.333333333333336,0.012788023862305965,32.0,0.009365519357062894,-0.0002580780894569948,0.016380600913517646,-0.005278292122771174,9,11
2000,sgd,CD4 + Tcm-2,CD14 Monocyte-3,0.003908431159102415,0.0006845739407218344,0.007979383101413901,39,212.33333333333334,0.006606101219578925,96.0,0.0026976700604765098,96.33333333333333,0.0011744489479072592,28.666666666666668,0.0009300106181052548,84.0,0.004351070404572238,35.333333333333336,0.000687077575271828,0.004357959698630967,0.004092151054553602,0.003275182724122675,9,9
2000,sgd,CD4 + Tcm-2,CD16 Monocyte-1,-0.004802743280602769,-0.0207505166853422,0.0033479085201065816,39,4.666666666666667,0.0015337033694328552,21.333333333333332,0.0063364466500356225,0.6666666666666666,1.7204463991461385e-05,5.0,0.00144801459367774,2.3333333333333335,0.0011065083476223517,14.666666666666666,0.004478441498538839,0.0005758772381017148,-0.01746706711502233,0.0024829600351123147,2,6
2000,sgd,CD4 + Tcm-2,CD16 Monocyte-2,0.0016086719868436449,-0.0014740875380836165,0.004726762017822438,39,37.0,0.0058861466334257226,33.666666666666664,0.004277474646582076,12.0,0.0007611192849102593,4.666666666666667,0.00013563331355413854,15.0,0.003894606909609296,19.0,0.0029114208941217723,0.0015641946358857927,0.0008932336205143803,0.0023685877041307608,8,5
2000,sgd,CD4 + Tcm-2,CD16 NK,0.00017389603935062323,-0.009465915074981294,0.008618835993919051,39,68.0,0.022467418759551907,70.33333333333333,0.022293522720201284,3.3333333333333335,8.482547095570852e-05,4.333333333333333,0.0019942265643776887,44.333333333333336,0.013316100683132851,45.666666666666664,0.011232803550360248,0.0026200764045739237,0.002176925634012188,-0.004275313920534242,4,12
2000,sgd,CD4 + Tcm-2,CD4 + Tcm-1,-0.06851578495130047,-0.10866412877784329,-0.031717373989390236,39,591.0,0.19553793926281227,833.6666666666666,0.2640537242141127,95.66666666666667,0.010819643075829886,140.33333333333334,0.03517038187308827,193.0,0.05000025350004881,391.0,0.09416529965409089,-0.04793175513121838,-0.08755500815869455,-0.07006059156398847,25,34
2000,sgd,CD4 + Tcm-2,CD4 + Tcm-2,0.014445025269113567,-0.015887633498299282,0.045959691212036274,39,8727.333333333334,0.2654194414516923,10024.333333333334,0.2509744161825787,0.0,0.0,0.0,0.0,0.0,0.0,0.0,0.0,0.006248015881111571,0.009257386526634857,0.02782967339959427,0,0
2000,sgd,CD4 + Tcm-2,CD4 Monocyte-4,0.0011189193163461196,-0.0010975535823016611,0.00668074573022893,39,17.333333333333332,0.0025305148745303333,4.0,0.001411595558184214,6.0,6.879137476139685e-05,0.6666666666666666,0.00018975782158020828,10.0,0.0016650129065143074,2.0,0.0004251271433493766,-9.097363479294644e-05,-0.0004531243075595855,0.0039008558913908907,6,2
2000,sgd,CD4 + Tcm-2,CD56 NK,0.016744188515302152,0.002809148795953958,0.032370495553402726,39,672.0,0.04608611863865399,668.3333333333334,0.029341930123351834,207.66666666666666,0.006059395185713762,141.0,0.006018894552451352,204.0,0.02726958407284867,267.0,0.01056589619080893,0.015059316119232275,0.02359459616633894,0.011578653260335232,18,14
2000,sgd,CD4 + Tcm-2,CD8 + CTL-1,0.00753254708394855,-0.0011168103614841076,0.015875408040921687,39,1770.6666666666667,0.03862943944628964,1412.0,0.031096892362341085,509.0,0.006993793495887777,240.0,0.005480273354875993,279.6666666666667,0.011561085901663645,190.0,0.005542058958726881,0.01166513819847775,0.0022884716117870145,0.008644031441580885,12,17
2000,sgd,CD4 + Tcm-2,CD8 + CTL-2,0.013384562731688164,0.00501615345984071,0.02447879239206535,39,804.3333333333334,0.02866882784324229,707.3333333333334,0.015284265111554125,307.6666666666667,0.005114694433044549,167.33333333333334,0.0030657616996700512,280.6666666666667,0.0174434806118686,324.0,0.006107850613554934,0.015456137606885413,0.01556714439945403,0.009130406188725057,15,11
2000,sgd,CD4 + Tcm-2,CD8 + CTL-3,0.002011239486093286,-0.0012313749098858413,0.005618715095960903,39,164.33333333333334,0.0043441673857530115,114.33333333333333,0.002332927899659726,65.33333333333333,0.0008158307084350499,30.666666666666668,0.0005494103239577815,81.33333333333333,0.002808248484786573,66.0,0.0010634293831705555,0.0025640999423516345,0.002092246331635964,0.0013773721842922592,8,6
2000,sgd,CD4 + Tcm-2,CD8 Tem-1,-0.009817781146816121,-0.03646603490866777,0.010709549914556065,39,340.3333333333333,0.15320302078267103,344.3333333333333,0.16302080192948717,20.0,0.006286932810160104,23.666666666666668,0.00793394384653234,105.0,0.04114589367128166,105.33333333333333,0.04931666378172555,-0.007790941684686914,-1.6540564982710973e-05,-0.021645861190778746,17,21
2000,sgd,CD4 + Tcm-2,CD8 Tem-2,-0.005932772050286664,-0.0276154822132881,0.009068189386276708,39,336.3333333333333,0.032241791920991754,210.0,0.03817456397127842,104.66666666666667,0.0030932179724747037,24.333333333333332,0.003468117264400736,103.66666666666667,0.01455380254999051,57.666666666666664,0.020111675308351146,-0.020037940517465228,0.006394309134657739,-0.004154684768052512,14,13
2000,sgd,CD4 + Tcm-2,Cycling T,0.003470784496197912,-0.0020788327070341505,0.012029870663270928,39,78.66666666666667,0.01359450057947035,112.33333333333333,0.01012371608327244,14.666666666666666,0.000994927498349424,24.0,0.0004061136010627793,28.0,0.008314839940002032,52.333333333333336,0.005432869341090764,0.002817490369773767,0.0009660585870209138,0.006628804531799053,10,9
2000,sgd,CD4 + Tcm-2,Erythrocyte,-0.0025099664243469137,-0.009794745194888555,0.001171416408632761,39,21.333333333333332,0.003721491517187746,30.0,0.006231457941534659,2.0,2.0713379987050546e-05,1.3333333333333333,0.00033905958279898226,3.3333333333333335,0.00044503712342082273,12.666666666666666,0.0026366573449558054,-0.0016998876709162552,-0.0016925746936815817,-0.004137436908442905,2,3
2000,sgd,CD4 + Tcm-2,GCB,0.002672295425823579,-0.0006007795165671193,0.006137069328319001,39,147.0,0.005878671122114018,57.0,0.003206375696290438,67.33333333333333,0.0010729758790433916,14.666666666666666,0.0007322319463200092,58.0,0.0033714379698410956,20.666666666666668,0.0010398864767408994,0.0010594529403214527,0.0018883861215707226,0.005069047215578561,10,7
2000,sgd,CD4 + Tcm-2,Memory B-1,-0.013408319705726812,-0.04358012581068156,0.0020984284111295447,39,15.0,0.0051733616474941985,54.666666666666664,0.01858168135322101,0.3333333333333333,0.00027570995312930797,8.666666666666666,0.0031597244749626712,9.333333333333334,0.0032073031369500506,40.666666666666664,0.013731608320843499,-0.039410661130489924,-0.0003273202897678654,-0.00048697769692264946,1,7
2000,sgd,CD4 + Tcm-2,Memory B-2,-3.237196320478943e-05,-0.0011092600512728804,0.0004608427690232549,39,14.0,0.0008709361514058372,6.0,0.0009033081146106267,3.3333333333333335,3.7190404150979035e-05,0.3333333333333333,4.191764858758484e-06,6.0,0.00016712109892387886,1.0,0.00023249170142088885,0.0002847943253825026,-0.0004772780635932703,9.536784859639931e-05,3,1
2000,sgd,CD4 + Tcm-2,Naive T,0.031221868225078983,0.008562027496334078,0.053415093975377,39,2334.0,0.10248123377648295,1708.3333333333333,0.07125936555140398,832.3333333333334,0.016926503567734254,289.6666666666667,0.006104363142014173,438.6666666666667,0.04157917200769166,355.6666666666667,0.02117944420833276,0.04929917333400106,0.01915417002675967,0.025212261314476236,26,17
2000,sgd,CD4 + Tcm-2,Plasma,-0.0005499310509005468,-0.0030253623972803234,0.0010127963538249694,39,17.666666666666668,0.000993290463755644,33.0,0.0015432215146561907,8.0,0.0002480091618091435,4.333333333333333,6.605220398292155e-05,6.666666666666667,0.00048115077921419345,25.666666666666668,0.0012130387879409623,0.00020867696337705812,0.0005052584174545116,-0.00236372853353321,6,3
2000,sgd,CD4 + Tcm-2,Tcm,0.0038110814530505437,-0.0020510799359245028,0.009313107465131861,39,316.3333333333333,0.010233170332337997,153.33333333333334,0.006422088879287454,140.0,0.0025924987201426195,52.666666666666664,0.0018861122887556625,128.33333333333334,0.005580370959073167,52.666666666666664,0.0024756759374095793,0.005324447989671362,0.0041918506776722625,0.001916945691808007,9,6
2000,sgd,CD4 + Tcm-2,cDC2,-0.0007972965977421893,-0.003558072622242514,0.0019724136531130442,39,11.666666666666666,0.0018374523876682368,15.333333333333334,0.002634748985410426,1.6666666666666667,0.0004183560428024555,3.0,0.0005623095908774967,6.666666666666667,0.0007848586899316541,9.0,0.0014382017395988024,-0.00042615169976437496,-0.0028418167273810205,0.0008760786339188278,2,7
2000,sgd,CD4 + Tcm-2,pDC,-6.854812822049772e-05,-0.003214537276077335,0.0034583920097405233,39,13.333333333333334,0.002644090562835493,25.0,0.0027126386910559905,3.3333333333333335,0.0004900735455486608,2.0,2.32859005444109e-05,6.333333333333333,0.00173436829571673,19.333333333333332,0.002269704068941478,-0.0011834146246677457,0.001576962676000474,-0.0005991924359942215,7,3
2000,sgd,CD4 + Tcm-2,platelet,-0.00047724110164138904,-0.0019180534104015954,0.00088431194255075,39,10.666666666666666,0.0008662092671928544,8.0,0.0013434503688342433,2.6666666666666665,0.00023499016827988043,2.0,0.00034727296726205824,4.666666666666667,0.00035758913595644376,2.6666666666666665,0.000722547438615655,-0.0010708076638031017,-0.00021296136904909072,-0.00014795427207197432,3,4
2000,sgd,CD4 Monocyte-4,Atypical Memory B,-0.0003971608367212762,-0.0037545136229346758,0.0014005602240896359,35,0.6666666666666666,0.0005098686417367735,0.6666666666666666,0.0009070294784580498,0.0,0.0,0.0,0.0,0.6666666666666666,0.0005098686417367735,0.6666666666666666,0.0009070294784580498,0.0013605442176870747,-0.0011914825101638287,-0.0013605442176870747,0,0
2000,sgd,CD4 Monocyte-4,CD14 Monocyte-1,0.02571945280305135,-0.009177315180143739,0.06335721680038661,35,162.33333333333334,0.19148546496451843,153.66666666666666,0.16576601216146705,20.333333333333332,0.0167983845385769,18.333333333333332,0.010129187552010635,40.666666666666664,0.04880769505079158,34.0,0.029757439234306488,0.038099998920620444,0.028774717208265407,0.010283642280268207,20,13
2000,sgd,CD4 Monocyte-4,CD14 Monocyte-2,0.007764030066342686,0.0001709965670594645,0.02070560086496454,35,9.666666666666666,0.014067091406034063,5.333333333333333,0.006303061339691375,0.6666666666666666,0.0009490509490509492,0.0,0.0,5.333333333333333,0.008852310596015154,1.6666666666666667,0.00203733147872342,0.01603416889817294,0.003100702857922383,0.0041572184429327285,2,0
2000,sgd,CD4 Monocyte-4,CD14 Monocyte-3,0.010758131078964452,-0.009410793516903871,0.030892226519889352,35,174.0,0.03445669001022879,114.0,0.023698558931264338,43.666666666666664,0.00877921590621533,22.666666666666668,0.00419957518197708,56.0,0.009857780364668592,17.0,0.0036792900099423894,0.019714402779063275,-0.0056314685307303726,0.01819145898856045,7,6
2000,sgd,CD4 Monocyte-4,CD16 Monocyte-1,0.026154322297085777,-0.004761272839501504,0.05710492921064352,35,162.33333333333334,0.2245052247238378,156.66666666666666,0.198350902426752,12.333333333333334,0.015504010032639072,10.333333333333334,0.004587014312025153,21.666666666666668,0.031127919612236755,18.0,0.0158905930357649,0.04740644999148432,0.022245340187158784,0.008811176712614228,17,8
2000,sgd,CD4 Monocyte-4,CD16 Monocyte-2,-0.0035376935213308354,-0.026614720159042055,0.018009426930951474,35,106.66666666666667,0.07757530009089354,115.66666666666667,0.08111299361222439,7.0,0.0022838610770205734,12.333333333333334,0.0026731412421172897,23.0,0.016321390954691175,26.666666666666668,0.019469804310925296,-0.015128665152584797,0.007432791785765039,-0.0029172071971727523,8,8
2000,sgd,CD4 Monocyte-4,CD16 NK,-0.005026439873786936,-0.02123975822370955,0.009538323858943161,35,4.666666666666667,0.006970859476402713,15.0,0.011997299350189646,0.3333333333333333,0.00039682539682539677,0.6666666666666666,0.00016145470690925236,3.3333333333333335,0.005905566060776703,13.333333333333334,0.01116737662447978,0.0023844338585085633,0.0025293960788094127,-0.01999314955867878,1,2
2000,sgd,CD4 Monocyte-4,CD4 + Tcm-1,-0.06670025869891712,-0.11574656145234323,-0.0240800039922745,35,24.666666666666668,0.029732527466129016,116.33333333333333,0.09643278616504612,1.3333333333333333,0.0008816386865167352,20.666666666666668,0.004074967028319002,10.0,0.01419740435185024,82.33333333333333,0.07770433470896508,-0.08412516896656799,-0.066288213376376,-0.049687393753807374,2,5
2000,sgd,CD4 Monocyte-4,CD4 + Tcm-2,0.008539122584662473,-0.004822269895737655,0.028529528050986627,35,18.0,0.01530856978886635,18.0,0.0067694472042038835,2.3333333333333335,0.003569321679732346,1.3333333333333333,0.00022541561003099465,13.333333333333334,0.010822885916548041,14.333333333333334,0.005627669401586919,-0.0025391269305891266,0.0218227429760154,0.006333751708561144,5,1
2000,sgd,CD4 Monocyte-4,CD4 Monocyte-4,-0.04207383921493397,-0.0772248836448816,-0.005565269981261754,35,509.3333333333333,0.19770449796867096,518.6666666666666,0.23977833718360494,0.0,0.0,0.0,0.0,0.0,0.0,0.0,0.0,-0.07325307090580702,-0.03765452197058689,-0.015313924768408002,0,0
2000,sgd,CD4 Monocyte-4,CD56 NK,0.020695391580989504,0.0038467460505083044,0.04782199042160659,35,33.0,0.02314675318020625,9.333333333333334,0.002451361599216745,3.0,0.0046911576530344855,0.3333333333333333,3.935458480913026e-05,23.666666666666668,0.017531636144506795,2.6666666666666665,0.0014880476317426464,0.023673640197641326,0.013706105443293695,0.024706429102033498,6,1
2000,sgd,CD4 Monocyte-4,CD8 + CTL-1,0.001964115530213723,0.0,0.00504326422866273,35,7.333333333333333,0.003947907074444828,1.6666666666666667,0.0019837915442311046,1.3333333333333333,0.0005976346885437795,0.3333333333333333,0.00011337868480725623,5.666666666666667,0.001762970798599461,1.0,0.00028311127212226115,0.0013381895944494637,0.00353850598054069,0.0010156510156510157,3,1
2000,sgd,CD4 Monocyte-4,CD8 + CTL-2,0.0029332247387448,5.9725342530772404e-05,0.010174768924768915,35,4.0,0.0029332247387448,0.0,0.0,0.0,0.0,0.0,0.0,4.0,0.0029332247387448,0.0,0.0,0.000169061707523246,0.002198948934190437,0.006431663574520717,0,0
2000,sgd,CD4 Monocyte-4,CD8 + CTL-3,0.022494835965976522,0.007082034188298891,0.04621270636056299,35,37.0,0.022494835965976522,0.0,0.0,7.666666666666667,0.008208624564547998,0.0,0.0,29.333333333333332,0.014286211401428517,0.0,0.0,0.0248561996529797,0.03329791784268309,0.009330390402266762,11,0
2000,sgd,CD4 Monocyte-4,CD8 Tem-1,-0.00039682539682539677,-0.001736111111111111,0.0,35,0.0,0.0,0.3333333333333333,0.00039682539682539677,0.0,0.0,0.0,0.0,0.0,0.0,0.3333333333333333,0.00039682539682539677,-0.0011904761904761904,0.0,0.0,0,0
2000,sgd,CD4 Monocyte-4,CD8 Tem-2,0.011044477431593447,-0.0017144114325297751,0.026023575419280465,35,17.333333333333332,0.032834987600779096,10.666666666666666,0.02179051016918565,1.3333333333333333,0.0024895545801469146,0.3333333333333333,6.144393241167435e-05,7.333333333333333,0.011536760366272695,1.6666666666666667,0.0029203935824144885,0.009567195191022582,0.01757531040805197,0.005990926695705786,4,1
2000,sgd,CD4 Monocyte-4,Cycling T,0.0016239707233607116,-0.004631272988807256,0.01188623917149412,35,2.3333333333333335,0.0037692247307848075,5.666666666666667,0.0021452540074240957,0.3333333333333333,0.00023228803716608595,0.0,0.0,1.0,0.002956567242281528,4.666666666666667,0.0015648845560869021,0.007509157509157509,-0.003643598293480276,0.0010063529544049024,1,0
2000,sgd,CD4 Monocyte-4,Erythrocyte,0.00015741833923652105,0.0,0.0006887052341597796,35,1.3333333333333333,0.00015741833923652105,0.0,0.0,0.3333333333333333,3.935458480913026e-05,0.0,0.0,1.0,0.0001180637544273908,0.0,0.0,0.0003541912632821724,0.0001180637544273908,0.0,1,0
2000,sgd,CD4 Monocyte-4,GCB,0.0,0.0,0.0,35,0.0,0.0,0.0,0.0,0.0,0.0,0.0,0.0,0.0,0.0,0.0,0.0,0.0,0.0,0.0,0,0
2000,sgd,CD4 Monocyte-4,Memory B-1,0.0,0.0,0.0,35,0.0,0.0,0.0,0.0,0.0,0.0,0.0,0.0,0.0,0.0,0.0,0.0,0.0,0.0,0.0,0,0
2000,sgd,CD4 Monocyte-4,Memory B-2,0.0007086167800453516,0.0,0.0030292873728438694,35,0.6666666666666666,0.0007086167800453516,0.0,0.0,0.3333333333333333,0.00011337868480725623,0.0,0.0,0.3333333333333333,0.0005952380952380952,0.0,0.0,0.0021258503401360546,0.0,0.0,1,0
2000,sgd,CD4 Monocyte-4,Naive T,0.007560076996862785,-0.0034678494725131613,0.02380742647044658,35,17.666666666666668,0.00884495869425105,1.0,0.001284881697388266,2.3333333333333335,0.0024132477308708195,0.0,0.0,15.333333333333334,0.0064317109633802326,1.0,0.001284881697388266,-0.00026357905135919576,0.00013724278535357816,0.02280656725659397,7,0
2000,sgd,CD4 Monocyte-4,Plasma,-0.010797807174113794,-0.041889080506966686,0.0,35,0.0,0.0,7.666666666666667,0.010797807174113794,0.0,0.0,1.3333333333333333,0.0006596578025149454,0.0,0.0,6.333333333333333,0.01013814937159885,-0.002857142857142857,0.0,-0.029536278665198524,0,2
2000,sgd,CD4 Monocyte-4,Tcm,0.0007284951239121601,-0.0001388530376321679,0.003025975792193662,35,2.3333333333333335,0.0023772406436254213,1.3333333333333333,0.0016487455197132614,1.0,0.0015873015873015875,0.0,0.0,1.3333333333333333,0.0007899390563238344,1.3333333333333333,0.0016487455197132614,0.0001478941163862394,0.0004502896680486533,0.0015873015873015873,1,0
2000,sgd,CD4 Monocyte-4,cDC2,-0.02100311153676156,-0.05189186883382267,0.0024658481288622074,35,61.333333333333336,0.07611694443632007,100.33333333333333,0.09712005597308164,3.6666666666666665,0.0019157313677523795,11.0,0.00322301574658893,15.0,0.011574238994957136,46.666666666666664,0.031270066152882144,-0.00832401358276527,-0.04675204460060133,-0.007933276426918079,5,8
2000,sgd,CD4 Monocyte-4,pDC,-0.0006840527932822944,-0.0049355481274568815,0.002369443386157586,35,8.333333333333334,0.006851552863092372,9.0,0.007535605656374668,0.0,0.0,0.6666666666666666,0.00022675736961451246,5.0,0.0021381682760481685,5.0,0.002595463699715951,-0.00267090717135315,0.0018195157475899425,-0.0012007669560836754,0,1
2000,sgd,CD4 Monocyte-4,platelet,0.0017715070056309092,-0.006575716891920438,0.012215554399389377,35,40.0,0.023500240415174494,44.0,0.021728733409543583,3.0,0.0016477024202680047,2.6666666666666665,0.0006500811967559227,6.0,0.006203643052617659,10.333333333333334,0.005429757270498832,-0.00438922742946934,0.00241373762382281,0.007290010822539257,5,4
2000,sgd,CD56 NK,Atypical Memory B,0.0009647600603482066,0.00035706010046042625,0.0018224666561864394,40,28.0,0.0015740070695304858,4.333333333333333,0.000609247009182279,8.333333333333334,4.173094967392676e-05,0.0,0.0,16.0,0.0009560838815468473,0.6666666666666666,3.3054770872567486e-05,0.0006844310078355455,0.0012612640438406434,0.0009485851293684316,6,0
2000,sgd,CD56 NK,CD14 Monocyte-1,-0.00048329781191013634,-0.005139755692943193,0.002766591619890423,40,20.0,0.0036145814834373114,20.333333333333332,0.0040978792953474475,3.0,0.00019985237131572216,2.3333333333333335,0.00010153162911443955,9.666666666666666,0.001812818735582395,10.666666666666666,0.0023944372896938138,0.00027563153442311495,-0.0026412899138543357,0.0009157649437008123,7,6
2000,sgd,CD56 NK,CD14 Monocyte-2,0.0010204363105916546,-0.00518721401211735,0.005702206026779748,40,136.33333333333334,0.023050724505803883,122.66666666666667,0.02203028819521222,9.666666666666666,0.0017567062858206337,6.666666666666667,0.0008373178116609579,57.666666666666664,0.009080488796498053,47.0,0.008979440960066075,-0.0007402283294232856,0.0008013445332105493,0.0030001927279877006,20,10
2000,sgd,CD56 NK,CD14 Monocyte-3,0.001811914304525922,-0.0007945541356200029,0.0042742600629870125,40,552.0,0.005166624720162751,249.33333333333334,0.0033547104156368304,253.33333333333334,0.001762151752918225,96.0,0.0007247688514638488,207.33333333333334,0.002069566691904915,62.0,0.0012950352888333686,0.002594543744163908,0.0004212806373714786,0.002419918532042379,13,10
2000,sgd,CD56 NK,CD16 Monocyte-1,-0.003948362915560097,-0.013476208661458579,0.00032617787537549727,40,12.333333333333334,0.0008743075418075043,54.0,0.004822670457367601,0.6666666666666666,2.6180917294457586e-06,11.666666666666666,0.0013668671393601301,9.0,0.0007365831367490372,39.666666666666664,0.00332069700467845,-0.0003379662724480685,-0.011207519184253606,-0.00029960328997861616,2,9
2000,sgd,CD56 NK,CD16 Monocyte-2,0.00013988250304316824,-0.004001152472801017,0.005012945378178442,40,97.0,0.005971411902214593,74.0,0.0058315293991714244,19.666666666666668,0.0005371570082566023,14.666666666666666,0.0006708782378644962,41.666666666666664,0.0033407490218391417,23.666666666666668,0.0030671452891880787,0.0019704573909554517,-0.0006905155184137004,-0.0008602943634122466,14,14
2000,sgd,CD56 NK,CD16 NK,-0.022930339304111397,-0.05664675559715683,0.015061309563947134,40,2811.0,0.2645380300497593,3590.6666666666665,0.28746836935387066,588.6666666666666,0.0157025054526852,964.3333333333334,0.027803583932340295,646.6666666666666,0.055592349695922805,1050.6666666666667,0.0664216105203791,-0.05058568307837854,0.014159918419354314,-0.03236525325330995,35,36
2000,sgd,CD56 NK,CD4 + Tcm-1,-0.021707005341144087,-0.03506099796751874,-0.008960807805906986,40,351.0,0.05731857691760478,801.3333333333334,0.07902558225874885,19.0,0.0016913087239193287,124.0,0.008247946433748798,148.33333333333334,0.022764704405660235,493.6666666666667,0.037915072036974855,-0.019364130636291353,-0.027230000587511422,-0.018526884799629488,18,32
2000,sgd,CD56 NK,CD4 + Tcm-2,0.004727860367607095,-0.0056066344779775795,0.014720577455697652,40,1255.3333333333333,0.03034553953142578,1761.6666666666667,0.02561767916381868,236.33333333333334,0.0034586564669978853,425.3333333333333,0.004824358231589869,287.0,0.014700792615710353,604.3333333333334,0.008607230483511271,-0.0038241071201241066,0.00852666326621566,0.009481024956729733,17,22
2000,sgd,CD56 NK,CD4 Monocyte-4,0.0005405234929234103,9.520432920922012e-05,0.0012074300995516434,40,20.0,0.003683270498086463,7.333333333333333,0.0031427470051630523,4.666666666666667,0.0001006511767044913,0.3333333333333333,5.270925574530888e-06,9.333333333333334,0.0005047587467940533,1.0,5.961550500060341e-05,0.0002237633608974194,0.0005742251291681463,0.0008235819887046651,6,1
2000,sgd,CD56 NK,CD56 NK,0.030671265501370528,-0.00698186542572155,0.06907275447200509,40,22596.333333333332,0.2547689052224567,22134.666666666668,0.2240976397210862,0.0,0.0,0.0,0.0,0.0,0.0,0.0,0.0,0.06304301273929185,0.02092254317358002,0.008048240591239712,0,0
2000,sgd,CD56 NK,CD8 + CTL-1,0.003733176920443008,-0.017496838949701277,0.015606597736080322,40,1750.0,0.027948641620699603,1465.6666666666667,0.024215464700256595,377.6666666666667,0.0034235892684736195,219.66666666666666,0.0020947304326833917,517.3333333333334,0.011639696918337097,391.0,0.009235378833684317,0.00996155496071668,-0.010226398453406067,0.011464374254018412,20,18
2000,sgd,CD56 NK,CD8 + CTL-2,-0.0027438572147968684,-0.029521257876102557,0.013808116362102633,40,3903.6666666666665,0.03758522634716459,4399.333333333333,0.04032908356196145,1743.3333333333333,0.01176674118981555,2384.3333333333335,0.017156152109145267,781.3333333333334,0.012586632493240319,636.0,0.009941078788707475,-0.005832052523936372,-0.008337630465927018,0.00593811134547278,24,22
2000,sgd,CD56 NK,CD8 + CTL-3,0.002439308668684305,-0.004708607164387901,0.007587174107442096,40,644.0,0.006655655063356955,493.0,0.004216346394672651,180.66666666666666,0.0011875970916611033,160.66666666666666,0.0014924700977079163,363.6666666666667,0.004677556149065548,232.66666666666666,0.0019333744743344307,0.0003162439509708331,0.0032812120264464643,0.003720470028635617,12,7
2000,sgd,CD56 NK,CD8 Tem-1,-0.0073329144491546495,-0.023810117996810286,0.007016449812528381,40,905.6666666666666,0.15817429391686755,936.0,0.16550720836602217,39.333333333333336,0.004838555627807481,81.33333333333333,0.008341853889981056,260.3333333333333,0.03850877070921684,248.66666666666666,0.04233838689619792,-0.00022445485649585372,-0.015243499710154488,-0.0065307887808136065,24,32
2000,sgd,CD56 NK,CD8 Tem-2,0.0036939632861423925,-0.00804262584244853,0.013139338686458554,40,977.0,0.03275870069107289,556.3333333333334,0.029064737404930503,327.0,0.004386907787437717,72.66666666666667,0.004042224888907461,307.6666666666667,0.015085113075068365,141.33333333333334,0.01173583268745623,-0.007275604819688515,0.00927131101590474,0.00908618366221095,24,26
2000,sgd,CD56 NK,Cycling T,-0.0008365640764717137,-0.007407880901264372,0.004908541156833793,40,268.0,0.026184018473343233,374.6666666666667,0.02702058254981495,35.333333333333336,0.0011673268520787778,88.33333333333333,0.0024792640972862586,100.66666666666667,0.008039626009705488,154.33333333333334,0.0075642528409697206,0.004180058701933558,-0.0023563553519745767,-0.004333395579374122,17,20
2000,sgd,CD56 NK,Erythrocyte,-0.0012604741662987035,-0.00397586880417491,0.00012467957539617422,40,134.0,0.0031040029040659335,125.66666666666667,0.004364477070364637,9.333333333333334,6.228680966954505e-05,2.6666666666666665,7.231859715603585e-05,18.0,9.41391322444426e-05,16.333333333333332,0.0013445815110566552,-0.0014625972218939424,-0.0002123387614312901,-0.0021064865155708784,3,4
2000,sgd,CD56 NK,GCB,0.0012333021847978486,-0.002965713520837407,0.004263891268203042,40,269.0,0.004868349775073934,54.333333333333336,0.003635047590276086,128.66666666666666,0.0009408568654571315,15.666666666666666,0.0014795201649239577,118.66666666666667,0.0029124460241561068,17.0,0.001140480539891432,-0.0011643001166851117,0.0025531841435945638,0.0023110225274840922,12,14
2000,sgd,CD56 NK,Memory B-1,-0.006667217067328895,-0.02153518570941737,0.0005930816470055794,40,37.333333333333336,0.004966260185490808,114.0,0.011633477252819704,1.3333333333333333,6.444209039548022e-05,19.666666666666668,0.0018726367312610407,19.0,0.0024091655791621757,77.33333333333333,0.007268188005625513,-0.01861118478518321,-0.0009159466156529125,-0.00047451980115056723,2,11
2000,sgd,CD56 NK,Memory B-2,0.0004290399805407544,3.811620937585785e-05,0.00165879715146421,40,15.0,0.0004495316656468538,4.333333333333333,2.0491685106099297e-05,4.333333333333333,5.2221411156946706e-05,0.3333333333333333,1.5434957090819288e-06,6.666666666666667,0.0003783620650928897,0.0,0.0,0.000141340257704475,0.0009489559057133846,0.00019682377820440358,6,1
2000,sgd,CD56 NK,Naive T,0.008046130926373593,-0.007173039020636901,0.02731470825847292,40,521.0,0.02123174965969882,506.6666666666667,0.013185618733325228,84.66666666666667,0.0009995665627955009,92.0,0.0012073480247948975,242.66666666666666,0.01456077958764211,221.0,0.006306867199269119,0.021726859831663316,-0.004645974676339951,0.007057507623797417,16,16
2000,sgd,CD56 NK,Plasma,-0.0020689096367781054,-0.004521931918132504,-0.00016000773358122562,40,28.0,0.0011850758037105075,43.0,0.003253985440488613,9.666666666666666,4.881614060257615e-05,6.666666666666667,0.0006053423355562253,12.0,0.0005978688007108693,30.0,0.0021102522425353256,-0.0010468254424771755,-0.0019721595156333475,-0.0031877439522237936,6,6
2000,sgd,CD56 NK,Tcm,0.0063437018426270725,-0.002322485647377448,0.013192903353011516,40,1035.0,0.014179742133084802,418.6666666666667,0.007836040290457728,376.0,0.003260410694805666,130.66666666666666,0.002103423136274005,523.0,0.008484596068424414,152.0,0.003297881784329003,0.0027054525050340845,0.009491229018288902,0.00683442400455823,16,10
2000,sgd,CD56 NK,cDC2,0.003584847434548727,-0.0026913356830569318,0.023753747937047605,40,21.0,0.005740565911117231,73.33333333333333,0.002155718476568505,3.0,7.396135620900391e-05,5.666666666666667,0.0002121108548979806,11.666666666666666,0.005260461548882245,61.333333333333336,0.0015374646156445417,0.0004275061913079423,0.012466561644056252,-0.0021395255317180166,6,9
2000,sgd,CD56 NK,pDC,0.0009207492392925754,-0.0015207693289642288,0.004780568320002596,40,35.333333333333336,0.003351180613634329,42.666666666666664,0.0024304313743417536,3.6666666666666665,1.944199586403499e-05,7.0,0.00041560147435617953,18.666666666666668,0.002124920285333213,22.666666666666668,0.0008080115675484934,0.0017505093730413861,0.0020841022731975423,-0.0010723639283612024,6,11
2000,sgd,CD56 NK,platelet,-0.00032192104030560344,-0.001761033452707637,0.0007227612314140075,40,18.666666666666668,0.0007110257936824441,14.0,0.0010329468339880478,4.666666666666667,0.0001444828972022106,1.0,0.00020274489946621094,5.333333333333333,0.0002939881695312266,4.333333333333333,0.0005576472075728297,0.0004677696530859905,-0.0010841664753899524,-0.0003493662986128484,10,3
2000,sgd,CD8 + CTL-1,Atypical Memory B,0.0006437004240446564,-0.0011265767129132014,0.004438899946111924,40,5.666666666666667,0.0010469807653575305,1.0,0.0004032803413128742,2.0,5.123426465481088e-05,0.3333333333333333,0.00019841269841269839,3.3333333333333335,0.0009892915562152423,0.3333333333333333,0.00019841269841269839,0.0023018334200233218,8.584737640267076e-05,-0.0004565795242920235,3,1
2000,sgd,CD8 + CTL-1,CD14 Monocyte-1,-0.0021850896666029906,-0.010142353027501582,0.0022149319881946466,40,3.3333333333333335,0.0016874784705835576,2.3333333333333335,0.0038725681371865484,0.3333333333333333,1.2201073694485114e-05,0.0,0.0,2.0,0.0008471041009723653,1.3333333333333333,0.003044394841269841,0.000812528344816885,-0.0024416387284378676,-0.0049261586161879894,1,0
2000,sgd,CD8 + CTL-1,CD14 Monocyte-2,0.007410294307899767,-0.0073330182126994424,0.02894764726746952,40,17.333333333333332,0.04156212324392535,19.333333333333332,0.034151828936025586,1.0,0.0007008993889319219,2.6666666666666665,0.0011663269009083417,5.666666666666667,0.011982758620689654,6.0,0.004107036800813467,-0.003753844455406338,0.0073109321837460635,0.018673795195359576,2,4
2000,sgd,CD8 + CTL-1,CD14 Monocyte-3,0.018305622812726005,-0.0001841202707858551,0.07588398668762308,40,82.66666666666667,0.02007065025165414,34.666666666666664,0.001765027438928135,18.666666666666668,0.0004565186456175592,13.0,0.00033796798397996874,52.333333333333336,0.018626153460020427,10.0,0.0004390813089320122,0.028042780410416586,0.00033029082941846984,0.02654379719834296,6,5
2000,sgd,CD8 + CTL-1,CD16 Monocyte-1,-0.004908075314857848,-0.01771595982142857,0.0,40,0.0,0.0,5.0,0.004908075314857848,0.0,0.0,2.0,0.0008290409233234563,0.0,0.0,3.0,0.004079034391534391,-8.680555555555555e-05,-0.014637420389017988,0.0,0,3
2000,sgd,CD8 + CTL-1,CD16 Monocyte-2,0.0005385974375103617,-0.0010729565254393159,0.0032000613992534755,40,12.333333333333334,0.0021386009490223486,12.666666666666666,0.0016000035115119866,3.3333333333333335,8.317259852322845e-05,4.333333333333333,0.00044650324040377306,5.666666666666667,0.0011167693495481082,5.0,0.00021484127015720207,0.000354861979370092,0.0015700407029364872,-0.000309110369775494,4,5
2000,sgd,CD8 + CTL-1,CD16 NK,-0.03789891359406136,-0.09298282743067006,0.0076383002068910084,40,127.33333333333333,0.11612007557814023,239.0,0.1540189891722016,20.333333333333332,0.008751367861660494,80.66666666666667,0.011323750619445669,56.333333333333336,0.041437170189260734,107.66666666666667,0.07676370102553692,-0.06866312825790093,-0.012592027219128887,-0.03244158530515431,13,16
2000,sgd,CD8 + CTL-1,CD4 + Tcm-1,-0.04153729747680702,-0.08537273231967064,-0.001613291563878152,40,129.0,0.13097613226287344,258.3333333333333,0.1725134297396805,7.0,0.0033687447645232606,52.666666666666664,0.011728141822282606,49.666666666666664,0.0410883281093101,133.33333333333334,0.07426622852835778,-0.022044504840720878,-0.048702099813066974,-0.05386528777663322,12,16
2000,sgd,CD8 + CTL-1,CD4 + Tcm-2,0.0027484387324349137,-0.029196881111594214,0.03345257594321152,40,737.0,0.07922001531227642,1214.6666666666667,0.0764715765798415,123.33333333333333,0.005774742666226122,410.6666666666667,0.014608296174361666,108.33333333333333,0.028649533965726615,298.6666666666667,0.01706754172515616,-0.025064462449349532,0.016774654566516913,0.016535124080137364,12,12
2000,sgd,CD8 + CTL-1,CD4 Monocyte-4,0.00015191409366043814,1.8656018181962523e-05,0.0003434074200884965,40,7.0,0.00017776796762952098,1.3333333333333333,2.5853873969082842e-05,0.6666666666666666,1.3453080318289193e-05,0.0,0.0,5.0,0.00013846101334214896,0.0,0.0,0.000256938453092147,8.071848190973518e-05,0.00011808534597943226,2,0
2000,sgd,CD8 + CTL-1,CD56 NK,0.01685253768311856,-0.019143531650122624,0.05916502640084702,40,520.3333333333334,0.05815007038622231,664.6666666666666,0.04129753270310376,73.66666666666667,0.0029821021657359076,199.33333333333334,0.005569121852973417,159.0,0.03819557812653829,177.66666666666666,0.018756020756182212,0.03316588767049079,0.024873187863138246,-0.007481462484273368,10,8
2000,sgd,CD8 + CTL-1,CD8 + CTL-1,0.03652166791608943,-0.015068052208549645,0.09443276505596308,40,4541.666666666667,0.24609480057245425,3969.3333333333335,0.2095731326563648,0.0,0.0,0.0,0.0,0.0,0.0,0.0,0.0,0.08300336629921432,-0.004639935323903457,0.031201572772957438,0,0
2000,sgd,CD8 + CTL-1,CD8 + CTL-2,0.008287085882637433,-0.008911906916079867,0.03185878052117228,40,169.33333333333334,0.019823081287314012,169.0,0.011535995404676582,30.666666666666668,0.0007633868659776749,69.0,0.002222640407327813,100.66666666666667,0.014811353972070921,62.0,0.00506501454808335,0.017285602747261552,-0.006104973313178771,0.01368062821382951,8,9
2000,sgd,CD8 + CTL-1,CD8 + CTL-3,0.0011800901166346591,-0.004471427372092019,0.005678088680965746,40,181.0,0.006096443396411452,150.66666666666666,0.004916353279776791,42.333333333333336,0.0011781636229914693,47.333333333333336,0.0017396089936614274,100.33333333333333,0.00391350187191949,65.0,0.0021719663846148734,-0.00017638741387789072,0.00282082476473923,0.0008958329990426384,7,7
2000,sgd,CD8 + CTL-1,CD8 Tem-1,0.0024450950113965014,-0.029617525826695808,0.035174507470560716,40,86.0,0.15252498090271796,93.33333333333333,0.15007988589132149,4.666666666666667,0.005394401476230148,6.0,0.002373185571301836,22.333333333333332,0.03941651729564633,28.333333333333332,0.03999263818917814,-0.00946173160193727,0.014243963636098334,0.002553053000028435,7,10
2000,sgd,CD8 + CTL-1,CD8 Tem-2,-0.008868979547876096,-0.03837495206322931,0.00869615540767014,40,176.0,0.018497846351330536,109.66666666666667,0.027366825899206637,33.333333333333336,0.0007946523538856133,16.666666666666668,0.005088194843209407,68.66666666666667,0.008686881396937062,19.0,0.013262318455489369,-0.011096360712454529,0.0066249526351636594,-0.022135530566337415,7,11
2000,sgd,CD8 + CTL-1,Cycling T,0.011631643690527736,-0.006450603779268271,0.0304589570822458,40,50.0,0.0365435752700439,63.0,0.024911931579516166,6.0,0.0034739181467455227,19.666666666666668,0.0012012231919036238,24.0,0.019087483028672192,23.333333333333332,0.009728534292986353,-0.0010571117209913898,0.020220268489488255,0.015731774303086338,9,10
2000,sgd,CD8 + CTL-1,Erythrocyte,0.0014496274755804916,-0.003494117818809384,0.010183016455991335,40,7.666666666666667,0.004598960818841791,5.666666666666667,0.003149333343261299,2.0,0.002804683938414356,1.3333333333333333,0.0008267195767195767,2.3333333333333335,6.690120912380787e-05,1.0,0.0005952380952380952,0.003082360865208464,-0.0017725498490772501,0.0030390714106102623,3,2
2000,sgd,CD8 + CTL-1,GCB,-0.0031774801917863805,-0.019462185122000743,0.004943864810760586,40,42.333333333333336,0.0038243928258631637,10.0,0.007001873017649545,11.333333333333334,0.0002776577053514975,3.0,0.004614866722322139,28.0,0.0029632352325099777,4.0,0.0018035064073257158,-0.010733708922937466,-0.0016906851096593189,0.0028919534572376428,7,5
2000,sgd,CD8 + CTL-1,Memory B-1,0.0012950099945461082,-0.02239771872991186,0.02738554652615731,40,4.333333333333333,0.011319102353585112,10.333333333333334,0.010024092359039003,0.3333333333333333,0.002777777777777778,2.6666666666666665,0.002797460235492769,2.6666666666666665,0.007668308702791462,6.333333333333333,0.006353616250530362,-0.019017930542677464,0.015766369047619046,0.007136591478696742,1,5
2000,sgd,CD8 + CTL-1,Memory B-2,-0.0001492908624236018,-0.0010668361916395114,0.00013054830287206266,40,3.6666666666666665,0.0002733884083708779,2.0,0.0004226792707944797,1.3333333333333333,3.541420800872684e-05,0.0,0.0,1.3333333333333333,0.00021937300988596057,1.0,0.00040407808031828917,-0.000551721994280741,8.011932204080956e-05,2.3730084969126066e-05,3,0
2000,sgd,CD8 + CTL-1,Naive T,0.0008705734046461523,-0.014082427691369642,0.016636172645369193,40,113.66666666666667,0.016914691203101396,111.66666666666667,0.016044117798455243,12.333333333333334,0.00046845544467366806,20.666666666666668,0.0008069973639366045,62.666666666666664,0.008862745290743127,52.333333333333336,0.0076536299668340385,0.012217346240739786,-0.004573206005520624,-0.005032420021280705,7,8
2000,sgd,CD8 + CTL-1,Plasma,-0.004324398069196436,-0.025000930059523814,0.000171363300383599,40,7.0,0.000249258886972928,14.0,0.004573656956169365,0.6666666666666666,1.2400793650793649e-05,7.0,0.0001961843327577783,3.6666666666666665,0.00012835172055359118,4.333333333333333,0.004268966250643043,3.6603221083455344e-05,0.00011051295518207283,-0.013120310383854838,1,2
2000,sgd,CD8 + CTL-1,Tcm,0.012510032319378183,-0.009756293144812644,0.04230233409180433,40,255.0,0.024983467443392696,115.33333333333333,0.012473435124014512,52.333333333333336,0.0015996912317178067,58.666666666666664,0.0059943682461190105,172.33333333333334,0.020270446704763096,26.333333333333332,0.0033657373709837083,0.01828441332644431,0.02064273642950183,-0.00139705279781159,8,5
2000,sgd,CD8 + CTL-1,cDC2,-0.010487501979230067,-0.05158276724198537,0.0016009330016561899,40,5.333333333333333,0.0013628484403057988,10.333333333333334,0.011850350419535865,1.3333333333333333,3.4484790940905995e-05,1.6666666666666667,3.7257208658153e-05,2.3333333333333335,0.0007445950988431829,7.0,0.011229324660356,-0.0025192153378457,-0.026600903402699667,-0.002342387197144832,3,3
2000,sgd,CD8 + CTL-1,pDC,-0.010028695631445683,-0.047229123157834285,0.006024529915710038,40,6.666666666666667,0.00322838272493145,8.666666666666666,0.013257078356377135,0.3333333333333333,7.25268349289237e-06,3.0,0.004244831897645501,3.0,0.003141468181507076,2.3333333333333335,0.00893258459880015,-0.024718301719233494,-0.007875543782725558,0.002507758607622006,1,5
2000,sgd,CD8 + CTL-1,platelet,0.0007237910314560873,2.7382957111355347e-05,0.0029330204571869833,40,11.333333333333334,0.0025148839266777804,7.0,0.001791092895221693,0.6666666666666666,1.2655341312874233e-05,0.0,0.0,3.6666666666666665,0.000711135690143213,0.0,0.0,0.00010069254700744898,9.55636525145134e-05,0.0019751168948462993,2,0
2000,sgd,CD8 + CTL-2,Atypical Memory B,0.0,0.0,0.0,33,0.0,0.0,0.0,0.0,0.0,0.0,0.0,0.0,0.0,0.0,0.0,0.0,0.0,0.0,0.0,0,0
2000,sgd,CD8 + CTL-2,CD14 Monocyte-1,2.6757642651682387e-05,0.0,0.00011037527593818985,33,0.6666666666666666,2.6757642651682387e-05,0.0,0.0,0.0,0.0,0.0,0.0,0.6666666666666666,2.6757642651682387e-05,0.0,0.0,0.0,4.013646397752358e-05,4.013646397752358e-05,0,0
2000,sgd,CD8 + CTL-2,CD14 Monocyte-2,0.013408078506348106,-0.018984094982078856,0.048927033552369555,33,10.0,0.04299929797152613,8.666666666666666,0.02959121946517802,0.6666666666666666,0.0008551296630766829,0.0,0.0,3.0,0.022811447811447814,2.3333333333333335,0.010258498968176386,0.010638644509612251,0.01569670212054318,0.013888888888888888,2,0
2000,sgd,CD8 + CTL-2,CD14 Monocyte-3,0.0044833688609285365,-0.0012642213601096741,0.01848401871511887,33,45.333333333333336,0.0067005133437174035,49.666666666666664,0.0022171444827888674,5.333333333333333,0.00046726249463734625,10.666666666666666,0.00039324737247146843,27.0,0.005397657034864025,26.0,0.000988303296101367,0.0021101655568435025,0.0008869990730477701,0.010452941952894337,4,3
2000,sgd,CD8 + CTL-2,CD16 Monocyte-1,-0.002693602693602693,-0.030652804384844613,0.013333333333333336,33,1.0,0.004882154882154883,1.0,0.007575757575757575,0.0,0.0,0.0,0.0,1.0,0.004882154882154883,1.0,0.007575757575757575,0.0,-0.011616161616161613,0.003535353535353536,0,0
2000,sgd,CD8 + CTL-2,CD16 Monocyte-2,-0.0008306141161708966,-0.004496087375760273,0.00025963012411610526,33,3.0,0.00030918242688167223,3.0,0.001139796543052569,0.3333333333333333,1.1136725579944985e-05,0.0,0.0,0.6666666666666666,0.00011845198761086612,1.0,0.0009602028293617077,-3.8739895410237204e-05,-0.000211055818532454,-0.0022420466345699987,1,0
2000,sgd,CD8 + CTL-2,CD16 NK,-0.0025135009374555625,-0.06743484179326419,0.07949261107261645,33,74.0,0.12083129146066135,191.0,0.12334479239811691,19.0,0.0014658830597361892,40.666666666666664,0.0021842682640898386,22.333333333333332,0.043414098712105005,117.66666666666667,0.045209214445206924,-0.04845685261549381,0.036621648842252476,0.004294700960874644,6,7
2000,sgd,CD8 + CTL-2,CD4 + Tcm-1,-0.03223755754077309,-0.09801569442453098,0.031431258368810513,33,20.0,0.04926924688082751,78.0,0.08150680442160059,1.0,0.00011667541472073203,26.0,0.0020508007081164793,13.333333333333334,0.028558786171311856,46.333333333333336,0.058862218418689195,-0.03830213414880603,0.014576870851955756,-0.072987409325469,2,5
2000,sgd,CD8 + CTL-2,CD4 + Tcm-2,-0.0013738105988024094,-0.032566419568563085,0.04216819830281772,33,325.3333333333333,0.08075085161470509,475.0,0.08212466221350749,41.666666666666664,0.002033285325168004,63.333333333333336,0.002961535547554016,61.666666666666664,0.030557652272054193,189.66666666666666,0.031003212648470585,-0.015028947339314957,0.027673142125340788,-0.016765626582433055,6,7
2000,sgd,CD8 + CTL-2,CD4 Monocyte-4,0.0002832058906825262,0.0,0.0009345794392523363,33,1.0,0.0002832058906825262,0.0,0.0,0.0,0.0,0.0,0.0,1.0,0.0002832058906825262,0.0,0.0,0.0002832058906825262,0.0002832058906825262,0.0002832058906825262,0,0
2000,sgd,CD8 + CTL-2,CD56 NK,0.04829274894317348,-0.010773419267780181,0.11278957843775442,33,1702.0,0.18687646124358223,1438.3333333333333,0.13858371230040875,433.3333333333333,0.021481725763265073,238.66666666666666,0.011149021073858179,241.66666666666666,0.07073584750865977,172.66666666666666,0.03277580325489318,0.09706815250567968,0.04259660639918608,0.005213487924654686,8,8
2000,sgd,CD8 + CTL-2,CD8 + CTL-1,0.002261818125622758,-0.0073545799320087705,0.011677910935861844,33,87.66666666666667,0.013063687904429149,70.66666666666667,0.010801869778806393,9.0,0.0012241212213664103,7.666666666666667,0.0008871496822920148,43.0,0.008878041464776047,27.333333333333332,0.006953194878227685,0.006395759356202985,-0.0021215767873806863,0.0025112718080459746,6,6
2000,sgd,CD8 + CTL-2,CD8 + CTL-2,-0.009860893498229066,-0.04444215533004895,0.022948308872743132,33,1074.3333333333333,0.054630133649593814,1247.0,0.06449102714782289,0.0,0.0,0.0,0.0,0.0,0.0,0.0,0.0,-0.028164597997408156,-0.001594840811188056,0.00017675831390901277,0,0
2000,sgd,CD8 + CTL-2,CD8 + CTL-3,0.011033212995863769,-0.0008772478000873599,0.03299113081730572,33,34.333333333333336,0.013089306184199076,7.0,0.002056093188335307,7.666666666666667,0.00043417107979495706,1.0,0.0002190889989813167,24.333333333333332,0.011683350185395451,3.6666666666666665,0.000865219270345322,0.010882336216326333,0.011372239428518435,0.010845063342746538,5,3
2000,sgd,CD8 + CTL-2,CD8 Tem-1,-0.0032963484707950624,-0.1064296112362615,0.08634736247855969,33,68.66666666666667,0.2903863516804253,70.0,0.29368270015122033,0.0,0.0,1.3333333333333333,0.0013665878504272235,18.666666666666668,0.08383373241434598,18.666666666666668,0.08576349303471381,0.0028113534783282723,-0.0676292807713504,0.05492888188063696,0,2
2000,sgd,CD8 + CTL-2,CD8 Tem-2,-0.014214531805352948,-0.0546632714233289,0.01413151603161926,33,80.33333333333333,0.03580859102158127,36.0,0.05002312282693422,14.333333333333334,0.000599640859561762,1.6666666666666667,0.0001060933480130346,44.666666666666664,0.01676364290265729,13.0,0.03147172221955897,-0.027464296012570978,-0.011987897441877032,-0.0031914019616108382,4,2
2000,sgd,CD8 + CTL-2,Cycling T,0.005446212930195486,-0.01620624002839843,0.030040117609785175,33,12.0,0.032653756592058596,35.333333333333336,0.027207543661863103,1.3333333333333333,0.0021368774349227525,8.666666666666666,0.0023787162989544093,3.6666666666666665,0.008950299459351316,19.666666666666668,0.003262247665124172,0.0200099200223384,-0.014392430800388434,0.010721149568636497,3,5
2000,sgd,CD8 + CTL-2,Erythrocyte,-0.0032783992659400404,-0.018432368283523248,0.00021946916264275625,33,10.666666666666666,0.0010146329040571734,8.333333333333334,0.004293032169997214,0.3333333333333333,1.1136725579944985e-05,0.0,0.0,2.3333333333333335,7.746737548338096e-05,0.3333333333333333,0.003367003367003367,2.9679755438815193e-05,0.00014336286013369733,-0.010008240413392634,1,0
2000,sgd,CD8 + CTL-2,GCB,0.002386069176031865,-7.181056921150063e-05,0.006413228138116731,33,29.666666666666668,0.004292668244560919,17.666666666666668,0.001906599068529053,6.666666666666667,0.0005700993970874172,4.333333333333333,0.0004078784580680156,19.666666666666668,0.002589308209271043,10.0,0.0003654599722585794,0.0033431899754497105,0.0021131611180956887,0.0017018564345501971,5,4
2000,sgd,CD8 + CTL-2,Memory B-1,-0.015235690235690234,-0.0606366825254594,0.010837511055252984,33,2.3333333333333335,0.009164222873900294,4.333333333333333,0.024399913109590526,0.0,0.0,0.0,0.0,1.6666666666666667,0.007228195937873358,3.6666666666666665,0.022463886173563593,-0.029545454545454545,-0.008870967741935484,-0.007290648419680677,0,0
2000,sgd,CD8 + CTL-2,Memory B-2,0.0,0.0,0.0,33,0.0,0.0,0.0,0.0,0.0,0.0,0.0,0.0,0.0,0.0,0.0,0.0,0.0,0.0,0.0,0,0
2000,sgd,CD8 + CTL-2,Naive T,-0.0033350605105413457,-0.04275575612583086,0.03526153546343253,33,396.0,0.04065107109762633,292.0,0.04398613160816767,87.33333333333333,0.004586641073507322,63.0,0.002531728745165579,164.33333333333334,0.02420683758191075,84.66666666666667,0.02959681042079385,0.021192408627756457,-0.03755817910664034,0.00636058894725984,7,6
2000,sgd,CD8 + CTL-2,Plasma,3.333666700003334e-05,-4.200136504436394e-05,0.0001547029702970297,33,1.6666666666666667,7.966014220994734e-05,1.0,4.6323475209914025e-05,0.3333333333333333,1.1136725579944985e-05,0.3333333333333333,1.1136725579944985e-05,0.6666666666666666,3.333666700003334e-05,0.0,0.0,-3.341017673983495e-05,8.341517723988496e-05,5.000500050005001e-05,1,1
2000,sgd,CD8 + CTL-2,Tcm,0.0032315153488098694,-0.008425894291444984,0.019331003612678154,33,61.666666666666664,0.008381315635238718,5.333333333333333,0.005149800286428846,13.666666666666666,0.0005937083929217361,0.0,0.0,46.333333333333336,0.006315785232522339,3.6666666666666665,0.0036779782766342057,0.013220450053586838,0.0009498055556496329,-0.0044757095628068615,4,0
2000,sgd,CD8 + CTL-2,cDC2,-0.0017870466845955107,-0.014149650478292862,0.003584640825401344,33,0.6666666666666666,0.003367003367003367,3.3333333333333335,0.005154050051598877,0.0,0.0,2.0,8.027292795504716e-05,0.3333333333333333,0.0008417508417508417,1.0,0.0025485245983913048,-2.9679755438815187e-05,0.002525252525252525,-0.007856712823600242,0,1
2000,sgd,CD8 + CTL-2,pDC,-0.00022926872935925268,-0.001591640639656802,0.0005188360857789719,33,6.666666666666667,0.000488635345725572,6.333333333333333,0.0007179040750848248,1.3333333333333333,4.3303428552773355e-05,1.3333333333333333,5.3515285303364774e-05,2.0,0.00014984073967245004,1.6666666666666667,0.00036889761228111126,-0.000921153461608403,0.0004198424635785349,-0.00018649519004788973,2,1
2000,sgd,CD8 + CTL-2,platelet,0.0,0.0,0.0,33,0.0,0.0,0.0,0.0,0.0,0.0,0.0,0.0,0.0,0.0,0.0,0.0,0.0,0.0,0.0,0,0
2000,sgd,CD8 + CTL-3,Atypical Memory B,0.0033828596382180867,0.0003418972413207971,0.012697529532900532,27,22.666666666666668,0.0038821031778611833,5.333333333333333,0.0004992435396430957,10.0,0.0008219872830365636,0.6666666666666666,5.1887257274462666e-05,11.0,0.0029265906756410546,3.0,0.0003138310631850683,0.001550123810836917,0.0015628838093760782,0.007035571294441266,6,2
2000,sgd,CD8 + CTL-3,CD14 Monocyte-1,-0.00931037175890321,-0.04734531112415382,0.0013803156002770872,27,9.666666666666666,0.008940581677235408,2.0,0.018250953436138622,4.666666666666667,0.00036065327485274083,0.3333333333333333,0.004115226337448559,5.0,0.008579928402382668,1.6666666666666667,0.014135727098690062,0.0006518803190384246,0.0007796581812604105,-0.02936265377700847,4,1
2000,sgd,CD8 + CTL-3,CD14 Monocyte-2,0.003908819615877198,-0.007337504487217985,0.018255301797493014,27,8.666666666666666,0.014400490966399579,31.666666666666668,0.010491671350522378,0.6666666666666666,5.438625115570784e-05,2.6666666666666665,0.00019995140871272653,2.3333333333333335,0.009762444624632395,23.333333333333332,0.005708059851198176,0.004535411477535129,0.0032418922148062554,0.003949155155290212,1,4
2000,sgd,CD8 + CTL-3,CD14 Monocyte-3,-0.0007174811422223289,-0.02561255678269454,0.013939659316041431,27,91.33333333333333,0.00915052242158152,22.0,0.009868003563803846,32.666666666666664,0.0026371361005824057,2.3333333333333335,0.00016984199534274705,48.666666666666664,0.005715558909253585,9.666666666666666,0.008900334156715572,-0.0016470255660092678,-0.008471268961237337,0.007965851100579614,6,3
2000,sgd,CD8 + CTL-3,CD16 Monocyte-1,-0.012199891321429438,-0.09964709484513373,0.03741260967439658,27,5.666666666666667,0.016229840812006402,4.0,0.028429732133435835,2.3333333333333335,0.00017738193009015594,0.6666666666666666,5.2759312018571286e-05,3.3333333333333335,0.016052458881916247,3.3333333333333335,0.028376972821417264,0.018007021360934454,-0.06708529449106836,0.01247859916584559,3,1
2000,sgd,CD8 + CTL-3,CD16 Monocyte-2,5.530367818795243e-06,-0.0004021758981743958,0.0005050752031359135,27,7.0,0.0005611681969661999,6.333333333333333,0.0005556378291474047,2.6666666666666665,0.00021563511549156674,1.6666666666666667,0.00013236469094334816,2.6666666666666665,0.00020794610429336366,3.0,0.000285686161022787,-5.8610283156979515e-05,0.0001814545620534409,-0.00010625317544007568,5,4
2000,sgd,CD8 + CTL-3,CD16 NK,-0.04473498321776468,-0.1505143071834318,0.05578953101021083,27,404.6666666666667,0.22937386891625663,305.0,0.2741088521340213,115.66666666666667,0.008762271679714186,46.333333333333336,0.0037087597319198974,123.33333333333333,0.04938925310239234,93.0,0.0991777482679513,-0.03087405334245893,-0.037734656014757104,-0.06559624029607798,6,7
2000,sgd,CD8 + CTL-3,CD4 + Tcm-1,-0.03470424313079593,-0.14003773569309183,0.045985198852625316,27,215.0,0.14559347114236587,98.0,0.1802977142731618,81.33333333333333,0.006344443820828904,18.333333333333332,0.007590430486795012,101.0,0.04361520351877695,47.0,0.07707345998360676,-0.09911655001358417,-0.03836485407319182,0.03336867469438819,6,5
2000,sgd,CD8 + CTL-3,CD4 + Tcm-2,0.02317974288113189,-0.008223062606635658,0.0934838248849394,27,195.66666666666666,0.050565617686708066,273.0,0.02738587480557618,41.0,0.00326840317015863,31.666666666666668,0.002558047649532668,48.333333333333336,0.0328893477873545,135.0,0.010419960426848571,0.05741353916200693,-0.0037527108816222112,0.015878400363010945,6,6
2000,sgd,CD8 + CTL-3,CD4 Monocyte-4,0.0016210618101004063,0.0005149459031966141,0.0030534691173327707,27,24.666666666666668,0.0019103348266461503,3.6666666666666665,0.0002892730165457438,11.666666666666666,0.0009103765609007924,0.0,0.0,9.666666666666666,0.0007370649052088999,0.3333333333333333,2.6379656009285643e-05,0.001598661248892285,0.001329430669556615,0.0019350935118523191,6,0
2000,sgd,CD8 + CTL-3,CD56 NK,0.03736125676026777,-0.011264106318731794,0.12190137337146266,27,155.66666666666666,0.05563703216170269,187.66666666666666,0.018275775401434925,27.666666666666668,0.002204269499661602,13.666666666666666,0.0011046984235946837,56.666666666666664,0.047681984482955096,102.66666666666667,0.011420298798754239,0.038944898565807184,0.04091675658749167,0.032222115127504454,6,6
2000,sgd,CD8 + CTL-3,CD8 + CTL-1,0.023325902149776246,-0.01698880788615271,0.07570932384411666,27,250.33333333333334,0.09892483540636883,205.33333333333334,0.0755989332565926,60.0,0.004640762238425921,23.333333333333332,0.0019585205514109356,76.0,0.03622288126492645,67.66666666666667,0.015579220802165186,0.016561093223713828,0.017201610477097624,0.036215002748517286,6,6
2000,sgd,CD8 + CTL-3,CD8 + CTL-2,0.0022017727955497457,-0.006973401654119679,0.009939005632635615,27,123.33333333333333,0.009754183054628973,101.33333333333333,0.007552410259079227,31.0,0.002486335052350592,9.666666666666666,0.000827417925725312,60.666666666666664,0.004861315641953534,60.0,0.004318459973029068,-0.0017009661700495419,0.0012016143844420914,0.007104670172256688,5,4
2000,sgd,CD8 + CTL-3,CD8 + CTL-3,-0.02697407962924279,-0.07268956238445336,0.01705866199885361,27,684.6666666666666,0.0674096799571436,1181.6666666666667,0.0943837595863864,0.0,0.0,0.0,0.0,0.0,0.0,0.0,0.0,-0.03759022978921678,-0.011933845115814376,-0.03139816398269722,0,0
2000,sgd,CD8 + CTL-3,CD8 Tem-1,0.030124024363509614,-0.0695271606670948,0.1450093732043265,27,7.666666666666667,0.06580787280580996,24.666666666666668,0.035683848442300346,0.3333333333333333,2.1285653469561513e-05,0.3333333333333333,2.719312557785392e-05,5.333333333333333,0.05644574851634759,22.333333333333332,0.026315816680729673,0.10288577177601291,0.06254624590473015,-0.07505994459021421,1,1
2000,sgd,CD8 + CTL-3,CD8 Tem-2,0.015672529675917302,0.0037359070220533692,0.034719954861456195,27,164.66666666666666,0.02714563345776158,54.0,0.01147310378184428,58.0,0.004307311850374551,3.0,0.00025518900313356503,64.0,0.01227776035020759,8.333333333333334,0.0006573535215312756,0.016391324963587514,0.008261039845061342,0.022365224219103048,6,3
2000,sgd,CD8 + CTL-3,Cycling T,0.021321332310362984,-0.03752316304665292,0.07304758892944413,27,138.66666666666666,0.07019160871997292,82.66666666666667,0.048870276409609927,47.0,0.0037938599830983437,14.666666666666666,0.0011833991823762952,50.333333333333336,0.04545314584108633,26.666666666666668,0.0267422743314454,-0.00702790968170442,0.04658718837881786,0.02440471823397552,6,4
2000,sgd,CD8 + CTL-3,Erythrocyte,-0.0027483249091151195,-0.016577924300589075,0.0008595357610525654,27,14.0,0.021639329039461603,9.666666666666666,0.024387653948576723,0.0,0.0,0.3333333333333333,2.6379656009285643e-05,5.0,0.00036447449998058666,0.3333333333333333,0.0030864197530864196,-0.008895441084199025,0.000507470428417128,0.0001429959284365415,0,1
2000,sgd,CD8 + CTL-3,GCB,0.0015326425647321264,0.00022138711269725507,0.0033875797204336758,27,26.333333333333332,0.002102830609914072,8.0,0.0005701880451819452,7.0,0.0005558928490547181,0.6666666666666666,4.2571306939123026e-05,16.333333333333332,0.0013210669804725498,4.333333333333333,0.00030174595785601815,0.0006825771774829718,0.0021599134743506294,0.001755437042362779,5,1
2000,sgd,CD8 + CTL-3,Memory B-1,-0.030026443922624005,-0.10695586692605345,0.0038884647823467936,27,4.0,0.008480316806358948,2.6666666666666665,0.03850676072898295,2.0,0.00014190509871898175,0.0,0.0,1.6666666666666667,0.006280798538915687,2.3333333333333335,0.03644914756025867,-0.07200425096183531,0.0002980013753395762,-0.01837308218137627,3,0
2000,sgd,CD8 + CTL-3,Memory B-2,0.0028687108089092465,0.0002455528199534249,0.012311340938391943,27,22.333333333333332,0.003853659598506936,12.666666666666666,0.0009849487895976898,11.666666666666666,0.0008903534957367738,2.0,0.0001560962766205944,6.666666666666667,0.002628425935411511,6.666666666666667,0.0004939723456184442,0.0010553991192394036,0.0008114879523353735,0.006739245355152961,6,3
2000,sgd,CD8 + CTL-3,Naive T,0.006907363594930149,-0.050041905512673644,0.06654242497272321,27,285.0,0.04375504687814322,275.3333333333333,0.03684768328321307,79.0,0.006012913807613002,41.333333333333336,0.003284921065915209,74.66666666666667,0.02448005758549461,102.66666666666667,0.020300686732262256,0.014852481467766809,-0.030834760101804522,0.03670436941882816,6,6
2000,sgd,CD8 + CTL-3,Plasma,0.0005881649929601829,-0.0010213640599297071,0.0024539013904282606,27,17.333333333333332,0.0013842410621017496,9.0,0.0007960760691415664,10.666666666666666,0.0008374549865407811,2.3333333333333335,0.0001886607648871639,4.0,0.00031794952831191997,4.0,0.00037857875700535447,0.000736140594021731,0.0010289587588311428,-6.043739723253146e-07,3,3
2000,sgd,CD8 + CTL-3,Tcm,-0.015031957876977307,-0.07493681383574964,0.0261650513318468,27,317.3333333333333,0.03138193467100139,298.3333333333333,0.046413892547978695,85.0,0.006419904823397618,21.666666666666668,0.002143950572029814,118.66666666666667,0.012864338702152638,163.0,0.032172250830497746,-0.030359397022043908,0.007681058540653933,-0.02241753514954194,6,3
2000,sgd,CD8 + CTL-3,cDC2,-0.006282276129420772,-0.03369854328376899,0.001514186444323439,27,21.666666666666668,0.001735678349952625,22.666666666666668,0.008017954479373398,11.0,0.0008696541057238842,4.333333333333333,0.0003521565214443363,5.666666666666667,0.00045344465805669004,13.333333333333334,0.00725321837175701,0.0003803847058167287,0.0009288711078287845,-0.02015608420190783,5,4
2000,sgd,CD8 + CTL-3,pDC,0.002457690744995888,-0.0004887688443077012,0.011876226784284218,27,23.666666666666668,0.0038902765081280746,17.0,0.001432585763132187,7.0,0.0004639076696171007,1.6666666666666667,0.00014077668043486566,9.0,0.002772512852530475,7.666666666666667,0.0006379530967168223,0.0006055231254239081,0.0008114732228413783,0.005956075886722377,3,3
2000,sgd,CD8 + CTL-3,platelet,0.006270647963437931,0.0,0.023957103502558048,27,2.3333333333333335,0.006297841089015786,0.3333333333333333,2.719312557785392e-05,0.6666666666666666,4.6793254734738536e-05,0.0,0.0,1.3333333333333333,0.006223854708703193,0.0,0.0,0.01242220181614121,0.0001403797642042156,0.00624936230996837,2,0
2000,sgd,CD8 Tem-1,Atypical Memory B,0.0009393562072415561,0.0003883820503987,0.0016244311168873019,40,41.0,0.0019393649380981743,25.333333333333332,0.0010000087308566182,6.666666666666667,0.00026810226166047165,0.3333333333333333,1.970055161544523e-05,11.0,0.0007447910207838481,1.6666666666666667,5.383652358731844e-05,0.0009965565056355963,0.0008813764006357708,0.000940135715453301,13,1
2000,sgd,CD8 Tem-1,CD14 Monocyte-1,0.0009620447094490439,-0.0007942663712830469,0.0022654482356340593,40,89.66666666666667,0.0037629732186682803,62.666666666666664,0.002800928509219236,22.333333333333332,0.0007153823560972655,12.0,0.00035690518496557543,42.333333333333336,0.0018542273550607783,25.666666666666668,0.0012506598167434243,0.0011166862262494573,0.001503979353218505,0.0002654685488791693,27,16
2000,sgd,CD8 Tem-1,CD14 Monocyte-2,0.00012429016342053374,-0.014165241538554254,0.0103862372525552,40,2514.0,0.0889117541132843,2312.0,0.08878746394986377,591.6666666666666,0.01873547669563307,447.3333333333333,0.01599242911090797,324.3333333333333,0.012269249791994022,266.6666666666667,0.014888007213298587,0.0016431628747627617,-0.004393608301114692,0.0031233159166135366,31,34
2000,sgd,CD8 Tem-1,CD14 Monocyte-3,0.002745664042599197,0.0002990411663658475,0.006136074070324267,40,26.0,0.004034603521548633,9.0,0.001288939478949436,4.333333333333333,0.000134531058778764,0.0,0.0,16.666666666666668,0.0031398351632197694,4.0,0.0005287021793993365,0.0020977292852066864,0.0025951276211474547,0.0035441352214434486,7,0
2000,sgd,CD8 Tem-1,CD16 Monocyte-1,-0.0017556615636689504,-0.009145967256564531,0.0011459293474743119,40,64.66666666666667,0.002401041189999673,88.33333333333333,0.004156702753668624,22.0,0.0007597547435363458,28.0,0.0008880832456627857,29.666666666666668,0.0012345410274098682,47.333333333333336,0.002861874088952379,0.00026073136682935497,-0.006037747411519042,0.0005100313536828353,25,26
2000,sgd,CD8 Tem-1,CD16 Monocyte-2,-0.001381886333735434,-0.00793092445732029,0.0017174123931432222,40,86.66666666666667,0.004609503926306555,91.66666666666667,0.00599139026004199,20.333333333333332,0.0006741737334556172,18.333333333333332,0.0007369667209153394,30.0,0.0018492507313074898,37.0,0.003168344077583202,0.000938520117503165,4.273884455294674e-06,-0.0050884530031647624,25,20
2000,sgd,CD8 Tem-1,CD16 NK,0.0023190474882959938,-0.017604455171587128,0.022753808465461642,40,3459.6666666666665,0.11769939407495693,3457.0,0.11538034658666092,850.0,0.02816388387495183,757.0,0.021265126131803643,500.0,0.020309706746427087,590.3333333333334,0.02488941700127928,-0.004602141150179,0.02338551967246689,-0.011826236057399908,38,35
2000,sgd,CD8 Tem-1,CD4 + Tcm-1,-0.012798719745193454,-0.02748122805707999,0.0026451734386512254,40,2458.6666666666665,0.08425568821797465,2900.0,0.09705440796316811,631.6666666666666,0.01967450544337966,695.0,0.020758952832983266,453.3333333333333,0.021338554413520703,831.3333333333334,0.03305282676911055,-0.005309485015772895,-0.016981291405974163,-0.016105382813833304,35,33
2000,sgd,CD8 Tem-1,CD4 + Tcm-2,-6.667537410818582e-05,-0.013436104988963174,0.00879691536278924,40,482.3333333333333,0.03742442340607715,424.6666666666667,0.037491098780185333,98.33333333333333,0.003659570558179176,66.66666666666667,0.001984481313651156,186.33333333333334,0.012114267179382583,160.33333333333334,0.013856031798018795,-0.009980437512280439,0.0073562801544395096,0.002424131235516367,34,31
2000,sgd,CD8 Tem-1,CD4 Monocyte-4,0.0009051024165161527,0.0002363663557868632,0.0018732648509003475,40,30.0,0.0016554420657246237,18.333333333333332,0.0007503396492084712,6.333333333333333,0.0002089079705393849,2.3333333333333335,6.806144504204903e-05,10.333333333333334,0.0008350220319252481,2.6666666666666665,7.076614090643136e-05,0.0009709794718673109,0.00044653526007875,0.001297792517602397,13,7
2000,sgd,CD8 Tem-1,CD56 NK,0.008378173966669773,-0.006656158787848093,0.02630999462736011,40,876.0,0.060567661547630165,600.0,0.05218948758096039,184.0,0.007505985757652743,84.0,0.0021956387053870268,361.3333333333333,0.02064006960256858,185.33333333333334,0.01757224268816452,0.018190562645931344,0.011270467524394378,-0.004326508270316405,36,30
2000,sgd,CD8 Tem-1,CD8 + CTL-1,0.004268761556635779,-0.004227276309379337,0.011771828113712671,40,168.33333333333334,0.014550580363528265,106.66666666666667,0.010281818806892485,29.666666666666668,0.0009970769554198567,17.666666666666668,0.0004912660564401267,87.33333333333333,0.008449304952603787,37.666666666666664,0.004686354294947737,0.007143939095231683,-0.001571366666466624,0.007233712241142281,27,21
2000,sgd,CD8 Tem-1,CD8 + CTL-2,0.003672032387046439,-0.009145417274318035,0.01316513890555058,40,167.33333333333334,0.015462579340898052,112.0,0.011790546953851613,24.333333333333332,0.000770705334806535,7.666666666666667,0.00019001362739867693,87.33333333333333,0.00958536757882922,48.666666666666664,0.006494026899190639,-0.00022734133633258436,0.0011253391891988679,0.010118099308273037,21,12
2000,sgd,CD8 Tem-1,CD8 + CTL-3,0.0018333339129589117,-0.004823957764373341,0.008292047828234747,40,31.333333333333332,0.00609258771915553,13.666666666666666,0.004259253806196618,1.6666666666666667,4.997924873489318e-05,1.0,0.0014096185737976783,26.0,0.005224049974006298,9.0,0.0020310767359846024,-0.0007957278936193163,0.003648523108001403,0.002647206524494647,4,2
2000,sgd,CD8 Tem-1,CD8 Tem-1,-0.027190663701685793,-0.05019652009208224,0.00020762664170287772,40,13628.0,0.42604952537338986,14171.333333333334,0.4532401890750757,0.0,0.0,0.0,0.0,0.0,0.0,0.0,0.0,-0.029169769584636657,-0.03820878005661028,-0.014193441463810425,0,0
2000,sgd,CD8 Tem-1,CD8 Tem-2,0.010436939416894083,0.004268611544278023,0.017263234996702643,40,787.6666666666666,0.03405889199263521,614.0,0.023621952575741133,193.66666666666666,0.006773450858614374,107.33333333333333,0.002974276895009621,244.0,0.013206132094861005,156.66666666666666,0.006568366641571678,0.007785232864518652,0.01411957124634108,0.009406014139822512,36,30
2000,sgd,CD8 Tem-1,Cycling T,0.001550296951561167,-0.0006560027602914416,0.003588489099078134,40,299.3333333333333,0.011234476713373612,259.3333333333333,0.009684179761812446,68.0,0.0020868292394961717,35.666666666666664,0.0009960442559760476,107.33333333333333,0.004445346938064222,99.66666666666667,0.003985834970023178,0.0019522683163645926,0.00041454333635512216,0.0022840792019637865,31,27
2000,sgd,CD8 Tem-1,Erythrocyte,-0.0005735595359672443,-0.0023345478319828656,0.0004825541151542913,40,75.66666666666667,0.004309148769310969,82.33333333333333,0.004882708305278214,1.3333333333333333,0.00013255239844103738,1.0,2.7991294570090187e-05,5.0,0.0002318212713932038,12.0,0.0009099419112313954,-0.0008801183260670308,-9.571498550781785e-05,-0.0007448452963268842,4,3
2000,sgd,CD8 Tem-1,GCB,0.00222204397041892,0.0008877679736938084,0.0038492380921000173,40,47.666666666666664,0.003237739690884138,19.333333333333332,0.001015695720465218,12.0,0.0003748323329267833,2.0,4.756387470188835e-05,24.0,0.0023318348435931243,5.666666666666667,0.0004370593313990988,0.002084165435004059,0.0027338612644579913,0.0018481052117947105,19,4
2000,sgd,CD8 Tem-1,Memory B-1,-0.0011809113028139239,-0.017132081560507925,0.006234808633656986,40,376.0,0.013202860422673235,436.3333333333333,0.014383771725487158,145.66666666666666,0.006000365930998706,160.66666666666666,0.00439736388154386,129.0,0.004157621197656627,174.33333333333334,0.006941534549925395,-0.011648743121234546,0.003801064529899113,0.004304944682893665,33,30
2000,sgd,CD8 Tem-1,Memory B-2,0.0003681715649522901,9.647895325550186e-05,0.0008972127695993837,40,11.666666666666666,0.0005121417313478459,5.0,0.00014397016639555583,2.0,6.923868547642321e-05,0.0,0.0,5.0,0.000311520996293591,0.3333333333333333,1.2588116817724068e-05,0.00031631114602057573,0.0006232281903356,0.0001649753585006946,6,0
2000,sgd,CD8 Tem-1,Naive T,0.00803446409949739,-0.007238968772988804,0.025524323933529866,40,771.0,0.04741525230283286,649.3333333333334,0.039380788203335466,188.0,0.007066819667254612,128.0,0.003471865077329342,271.3333333333333,0.01822972254981117,209.66666666666666,0.013790213040239046,0.022013679868108444,-0.0044493196677702785,0.006539032098154013,35,32
2000,sgd,CD8 Tem-1,Plasma,-0.0009441103911654421,-0.0035472418714236243,0.0003733181871957074,40,23.333333333333332,0.0011766826162000904,35.666666666666664,0.0021207930073655324,5.333333333333333,0.00017502490677510593,5.333333333333333,0.000228630259966057,8.333333333333334,0.0003738740168437872,20.666666666666668,0.0012643790548182785,-0.00011740921029236017,-2.3752682832362477e-05,-0.0026911692803716037,11,10
2000,sgd,CD8 Tem-1,Tcm,-0.0022546403079844466,-0.015809489442112412,0.006327598446010397,40,90.33333333333333,0.009170589774675515,95.66666666666667,0.011425230082659962,15.0,0.0007469245218300466,8.0,0.0005293722043223445,36.333333333333336,0.004289124522778148,48.666666666666664,0.006761317148270297,-0.003364656150144735,-0.002834550554201829,-0.0005647142196067784,19,11
2000,sgd,CD8 Tem-1,cDC2,-0.0002976316065231325,-0.001972541833319519,0.0009711522633210795,40,43.0,0.0021979896055225995,57.0,0.0024956212120457316,14.333333333333334,0.0005781319550076897,11.666666666666666,0.0003192599569618922,21.333333333333332,0.001190526389037284,38.0,0.0017470299936062142,6.188835260569746e-05,-0.0002647321384900053,-0.0006900510336850897,20,16
2000,sgd,CD8 Tem-1,pDC,-0.0003690343150481921,-0.0031323820688611104,0.0016023087357480699,40,36.666666666666664,0.003263904432689691,45.0,0.003632938747737883,6.666666666666667,0.0003513725932786554,6.666666666666667,0.00019424328520924725,18.666666666666668,0.0016794478492203914,27.0,0.0022056114723379918,-0.0013749427894771999,0.0006858621316120125,-0.0004180222872793885,14,11
2000,sgd,CD8 Tem-1,platelet,5.3771323736955365e-05,-0.00039078398235642723,0.00036257531528678536,40,28.0,0.000803198930613376,22.333333333333332,0.0007494276068764207,6.0,0.0001700961904459578,4.333333333333333,0.00010915708552426201,10.0,0.00028701793128508516,6.0,0.00029418571246982557,-0.00010164148180261867,0.00026531100344933365,-2.355550435848876e-06,14,11
2000,sgd,CD8 Tem-2,Atypical Memory B,0.0006208238837839008,-0.0002243730448509381,0.001667531540743129,40,10.0,0.0010232936790907875,5.0,0.0004024697953068865,1.3333333333333333,0.0001911302886163075,1.0,0.0001824817518248175,5.666666666666667,0.0006701083977733543,1.0,5.793305078094341e-05,0.000705641084319055,0.0006015814227091182,0.0005552491443235293,4,1
2000,sgd,CD8 Tem-2,CD14 Monocyte-1,0.00042919931590169647,-0.0006037076348375131,0.0015769195064270203,40,10.666666666666666,0.002161802822492061,11.333333333333334,0.0017326035065903646,0.3333333333333333,9.057971014492754e-05,0.6666666666666666,7.742751621252218e-05,5.666666666666667,0.00110653831442758,6.0,0.0006904911924582889,0.0005014184810972851,0.000355951711840565,0.0004302277547672392,1,2
2000,sgd,CD8 Tem-2,CD14 Monocyte-2,4.5331490390315464e-06,-0.00793564930321595,0.005391761982069756,40,111.33333333333333,0.023313003074590537,106.66666666666667,0.0233084699255515,6.0,0.0011486281508810135,4.666666666666667,0.0025033625259293373,40.333333333333336,0.00771394853149808,37.0,0.006354681007410723,-0.0013329913929226126,0.0013137632427043149,3.282759733539316e-05,11,9
2000,sgd,CD8 Tem-2,CD14 Monocyte-3,0.0010906615775655932,-0.0006340380334109533,0.0029923232012802475,40,38.333333333333336,0.0024917426204245975,21.666666666666668,0.0014010810428590039,4.666666666666667,0.0003385061241110551,4.333333333333333,0.0003134942872714852,27.0,0.001694849133469703,10.666666666666666,0.0006291993927436796,0.0010023744630853748,6.807042819727189e-05,0.0022015398414141326,6,4
2000,sgd,CD8 Tem-2,CD16 Monocyte-1,-0.0022219605190057956,-0.008449377038386604,0.000996446389448574,40,2.6666666666666665,0.0005136532441377513,24.666666666666668,0.0027356137631435475,0.0,0.0,7.666666666666667,0.0010737884275470728,1.3333333333333333,0.0003823726617293493,15.666666666666666,0.0015305447531880718,0.0007630233301374241,-0.007518449836005652,8.954494885083983e-05,0,7
2000,sgd,CD8 Tem-2,CD16 Monocyte-2,-0.0013409965404053922,-0.0033027982188255757,0.0003267103071997528,40,13.333333333333334,0.0023918589862571772,23.666666666666668,0.00373285552666257,1.6666666666666667,0.00025304429570918214,1.0,0.000320167856405883,5.666666666666667,0.0005890955952447441,16.666666666666668,0.0018629685749534358,-0.002690412221135317,-0.000707408398776937,-0.0006251690013039228,4,3
2000,sgd,CD8 Tem-2,CD16 NK,-0.025707496117570117,-0.05691918876774832,0.006267665096127727,40,668.6666666666666,0.10454249750337068,974.6666666666666,0.1302499936209408,68.0,0.008938586716183165,148.66666666666666,0.013356679800092123,156.66666666666666,0.026913933050258576,382.0,0.04820333608391972,-0.03267193207070482,0.003971034052164183,-0.048421590334169706,25,26
2000,sgd,CD8 Tem-2,CD4 + Tcm-1,-0.030341894011473663,-0.050644715469753104,-0.002756244378742183,40,480.6666666666667,0.1081774053811891,806.6666666666666,0.13851929939266275,54.0,0.011788750809705007,110.0,0.013434801074758147,147.0,0.03370864411319443,417.0,0.06240448785961494,-0.039230974477510464,-0.033911526402623585,-0.017883181154286942,27,31
2000,sgd,CD8 Tem-2,CD4 + Tcm-2,0.0009512272032871008,-0.02383564125680493,0.02116542220557826,40,593.6666666666666,0.037559885734446324,918.0,0.03660865853115922,74.66666666666667,0.004998422452237256,227.66666666666666,0.005844042985220509,182.0,0.016930126818036583,353.3333333333333,0.01513327908176623,-0.022968319717492486,0.016774928104607248,0.009047073222746536,22,18
2000,sgd,CD8 Tem-2,CD4 Monocyte-4,0.0057194594324269,0.0013278600675273643,0.010320320544266393,40,244.33333333333334,0.022250538275315663,160.33333333333334,0.01653107884288876,87.66666666666667,0.006638602226387247,29.0,0.0029707208530134073,65.0,0.005761477411037021,39.666666666666664,0.0037098993519839607,0.0062861773619796975,0.0059167131133135795,0.004955487821987422,29,22
2000,sgd,CD8 Tem-2,CD56 NK,0.013806942046471793,-0.00430281640958103,0.029025411970514874,40,1060.3333333333333,0.05461172203573133,1056.3333333333333,0.04080477998925954,97.0,0.006530621628873536,210.0,0.0060026081041082285,370.3333333333333,0.026698080145662124,253.33333333333334,0.013419151623955641,0.02599137000279956,0.00901797967529069,0.006411476461325125,26,19
2000,sgd,CD8 Tem-2,CD8 + CTL-1,0.007756832491220209,-0.00746326093574885,0.0255983733294028,40,307.0,0.023031247989535847,250.0,0.015274415498315643,32.666666666666664,0.0041007943959638065,51.0,0.00184406510465171,153.0,0.012354772994850646,77.66666666666667,0.006854669794942536,0.013276385774973715,-0.007931983903504603,0.01792609560219151,19,14
2000,sgd,CD8 Tem-2,CD8 + CTL-2,0.003894639573821129,-0.010135928533508002,0.013834379652639055,40,361.0,0.017747673320818388,407.6666666666667,0.013853033746997262,29.333333333333332,0.0018699065554410733,133.66666666666666,0.002870863552146906,224.33333333333334,0.011929316162737888,166.66666666666666,0.007033719592210928,-0.001963740536315056,0.0019118951772944958,0.011735764080483949,19,7
2000,sgd,CD8 Tem-2,CD8 + CTL-3,0.008467895378951084,-0.000528624328146881,0.015662947923876992,40,238.33333333333334,0.012767700950244156,49.333333333333336,0.004299805571293073,47.0,0.0025074163344305862,15.666666666666666,0.0008708022884262352,179.0,0.00952465471284104,21.333333333333332,0.0026933733798943094,0.011444738572413071,0.009441446625351863,0.004517500939088315,17,7
2000,sgd,CD8 Tem-2,CD8 Tem-1,0.001098376422928827,-0.01378403288918829,0.018565832055243644,40,339.3333333333333,0.08552162597632033,350.6666666666667,0.08442324955339149,21.0,0.00564520961904916,30.0,0.004817560185485685,98.33333333333333,0.02668395505044474,100.66666666666667,0.026413228061079385,-0.00893339481243573,0.006644344448167488,0.005584179633054719,24,23
2000,sgd,CD8 Tem-2,CD8 Tem-2,-0.0016034202937495572,-0.028121877446924487,0.031028058775564877,40,3670.0,0.2952518743261749,3235.0,0.29685529461992444,0.0,0.0,0.0,0.0,0.0,0.0,0.0,0.0,0.0143647015575524,-0.0035048877753822484,-0.015670074663418816,0,0
2000,sgd,CD8 Tem-2,Cycling T,-0.00202582008647246,-0.013392639524741902,0.007540224726765945,40,168.33333333333334,0.029362871862056678,178.0,0.03138869194852914,21.666666666666668,0.0020248016412378195,18.333333333333332,0.0022288687173321465,73.66666666666667,0.010853900629432187,86.66666666666667,0.01267565363981032,0.004420175583260955,-0.004677329780404046,-0.00582030606227429,17,19
2000,sgd,CD8 Tem-2,Erythrocyte,-0.00016352535257676434,-0.0012507640850769601,0.0003543400088933235,40,75.0,0.013076016617943742,74.0,0.013239541970520506,0.3333333333333333,1.1655011655011655e-05,0.0,0.0,5.0,0.00019980064435199386,4.333333333333333,0.0003749810085837699,-0.0006463384887832593,0.00016047334145225938,-4.710910399293117e-06,1,0
2000,sgd,CD8 Tem-2,GCB,0.0017142198765518603,-9.827942831734494e-05,0.003959861835565081,40,20.333333333333332,0.003231328651127239,8.666666666666666,0.0015171087745753783,2.3333333333333335,0.00015472081956871946,0.3333333333333333,5.355612682090831e-06,13.666666666666666,0.002186344826206842,4.0,0.0006214901565416103,0.0018375288325706354,0.001615417952034824,0.0016897128450501207,4,1
2000,sgd,CD8 Tem-2,Memory B-1,-0.0009587716464329247,-0.0077942668042519925,0.004900337400143194,40,8.666666666666666,0.002991373824918144,31.0,0.003950145471351069,1.0,0.00010170353419781338,2.6666666666666665,0.000362014303620143,6.0,0.0027269059704581092,26.666666666666668,0.0034253668474687037,-0.006602808831904988,0.0006163458118959202,0.003110148080710294,2,3
2000,sgd,CD8 Tem-2,Memory B-2,0.0015008529569035184,-0.0004609507263288197,0.003655128643603208,40,46.333333333333336,0.0032704440039996105,41.333333333333336,0.0017695910470960918,11.666666666666666,0.001199201500790881,16.333333333333332,0.00043839070730256746,20.333333333333332,0.0014581035895826237,10.666666666666666,0.0007180614261674186,0.0003072518092559331,0.002535245168634721,0.0016600618928199011,15,6
2000,sgd,CD8 Tem-2,Naive T,0.013225208141253835,-0.0056501348351012505,0.02974505321546283,40,621.6666666666666,0.04066297347276623,473.3333333333333,0.02743776533151238,57.0,0.003317307041711359,96.33333333333333,0.003006756902796146,330.0,0.023134544342200053,142.33333333333334,0.01021988633986143,0.027216167943978863,-0.003744540635483925,0.01620399711526656,20,16
2000,sgd,CD8 Tem-2,Plasma,-0.002766737167539522,-0.010742054737714068,0.001561689132578961,40,10.333333333333334,0.0016463682274909426,36.0,0.004413105395030466,1.0,0.00012986591639801924,4.333333333333333,0.00044106724742297714,6.0,0.0012327566885988123,28.333333333333332,0.0036882925251133774,0.0009995742971390528,-2.5112475481103498e-05,-0.00927467332427652,3,6
2000,sgd,CD8 Tem-2,Tcm,0.0055645385255394956,-0.0006258799065208214,0.011535599986200741,40,132.33333333333334,0.013158630015643366,35.0,0.007594091490103871,13.0,0.0013863790921029885,5.666666666666667,0.0011650905859046411,108.33333333333333,0.00830157613899698,18.333333333333332,0.0029583261196558324,0.003075639455431993,0.008059201197405358,0.0055587749237811365,14,9
2000,sgd,CD8 Tem-2,cDC2,-0.0018803041481600122,-0.005283474017179275,0.0007807111927514081,40,15.333333333333334,0.0027180165261883327,37.0,0.004598320674348344,0.3333333333333333,1.6600265604249667e-05,3.0,0.00019436904870747906,8.666666666666666,0.0016555404326064527,27.666666666666668,0.003358075797663235,0.0002887625941907536,-0.0034458668479178736,-0.002483808190752916,1,4
2000,sgd,CD8 Tem-2,pDC,-0.0006621160757362072,-0.005384411639498509,0.002964808378440108,40,34.333333333333336,0.0046552014140951534,40.0,0.005317317489831361,2.3333333333333335,0.0002863604869862614,3.6666666666666665,0.00032894199629917887,20.0,0.0026476607151449372,24.333333333333332,0.0032671952815682263,0.0008779337182489893,0.0015381754645220993,-0.004402457409979708,5,10
2000,sgd,CD8 Tem-2,platelet,0.003827631983476439,-0.008891996794353083,0.016373322186856342,40,1265.6666666666667,0.091869249463631,1192.0,0.08804161748015453,142.66666666666666,0.010338965897083151,88.0,0.0077506187861586,151.33333333333334,0.014870361080238656,132.33333333333334,0.013631076207686771,0.003682047686769954,-0.005075460882006029,0.012876309145665394,28,32
2000,sgd,Cycling T,Atypical Memory B,0.000712815764899098,0.00011378475831600833,0.0015008019096560744,40,5.0,0.0013006908909579187,2.0,0.0005878751260588206,1.3333333333333333,0.0002494149369149369,0.3333333333333333,4.2735042735042735e-05,2.0,0.0005061358707192041,0.0,0.0,0.0010954034391534389,0.00046234077484077487,0.0005807030807030806,3,1
2000,sgd,Cycling T,CD14 Monocyte-1,-0.0002573559219082287,-0.0013182798271710197,0.0005900579742366668,40,6.666666666666667,0.0014330677928937692,8.0,0.001690423714801998,0.3333333333333333,7.309941520467835e-05,0.3333333333333333,8.169934640522875e-05,1.3333333333333333,0.00032477025898078527,2.6666666666666665,0.0005735262496884636,-0.00025405378804655397,-0.0006887873785716704,0.0001707734008935382,1,1
2000,sgd,Cycling T,CD14 Monocyte-2,0.0007367697978429263,-0.0007588335244785052,0.002123702603922158,40,17.666666666666668,0.003941719821839476,13.333333333333334,0.0032049500239965507,0.6666666666666666,0.00016142335336396843,0.6666666666666666,0.00016319942611190818,8.0,0.0017652076816470268,3.6666666666666665,0.001026661811056161,0.0008338814226086705,0.0014121678759836654,-3.573990506355717e-05,2,2
2000,sgd,Cycling T,CD14 Monocyte-3,-0.00040203879081800956,-0.0023085566531730753,0.0016507076802904249,40,6.0,0.002074595937086792,6.666666666666667,0.0024766347279048012,3.0,0.0009723634857692175,1.6666666666666667,0.0006842459895455287,1.0,0.00021194616297962756,3.0,0.0009021024500213259,0.00013337615185781397,-0.0012889947243032798,-5.0497800008563215e-05,6,3
2000,sgd,Cycling T,CD16 Monocyte-1,-0.005287089100199036,-0.019436859822909644,0.0018469729146604243,40,7.666666666666667,0.0018389927258040042,30.0,0.00712608182600304,1.6666666666666667,0.00033747700397099485,13.666666666666666,0.003347447342814801,3.3333333333333335,0.000833762428726371,13.666666666666666,0.0031108811900816004,0.0001984126984126984,-0.017516728612046357,0.0014570486130365521,4,8
2000,sgd,Cycling T,CD16 Monocyte-2,0.0006209949870296928,-0.00113177443525257,0.002217681768974602,40,6.666666666666667,0.001735925128402457,3.6666666666666665,0.001114930141372764,1.3333333333333333,0.00030075325014197784,1.3333333333333333,0.0005932198726731486,4.0,0.0011453232936284301,1.0,0.00023186168406756644,0.0010975131679466046,0.000565872415911518,0.00019959937723095615,4,3
2000,sgd,Cycling T,CD16 NK,-0.005419484521501625,-0.019472492578805095,0.008597309746054004,40,341.3333333333333,0.08529623490140825,359.3333333333333,0.09071571942290986,60.666666666666664,0.015591472252442248,62.666666666666664,0.016003009506708497,66.66666666666667,0.01696499528901038,82.66666666666667,0.021972942556245757,-0.016069778882406592,0.003504679544891596,-0.0036933542269898833,33,33
2000,sgd,Cycling T,CD4 + Tcm-1,-0.005325738740750297,-0.022430385709957968,0.009835898824189953,40,325.3333333333333,0.08669660431075486,369.6666666666667,0.09202234305150515,47.333333333333336,0.01180265476199438,68.33333333333333,0.01557614096430525,72.66666666666667,0.02118311193834105,96.0,0.02273536447678048,-0.011986904354659714,0.0004633925960092194,-0.004453704463600395,31,29
2000,sgd,Cycling T,CD4 + Tcm-2,-0.0009131993561257186,-0.008155014517804895,0.0052560155045150965,40,52.0,0.018550233966026067,47.0,0.019463433322151783,6.333333333333333,0.00199791242090365,11.333333333333334,0.004901318313561498,22.0,0.006972216399262772,12.0,0.004982009862730642,-0.0036095936811081945,0.00043967868050754993,0.00043031693222348973,8,13
2000,sgd,Cycling T,CD4 Monocyte-4,0.0008635269395031705,0.00018504050925925925,0.0017316868279569889,40,7.0,0.0017457567049784975,3.0,0.0008822297654753272,0.6666666666666666,0.0001540098566308244,0.0,0.0,3.6666666666666665,0.0008021096754649387,0.3333333333333333,9.259259259259259e-05,0.0008266129032258064,0.0008785512486170381,0.0008854166666666666,2,0
2000,sgd,Cycling T,CD56 NK,0.009493879599605482,-0.002306530075705465,0.019026783532937307,40,87.0,0.03175641526126937,59.0,0.02226253566166388,17.666666666666668,0.006557767895708405,8.666666666666666,0.003378990543748149,34.666666666666664,0.01095812353748378,15.666666666666666,0.004643021289838553,0.016108301882003004,0.0070260103251180315,0.005347326591695416,23,13
2000,sgd,Cycling T,CD8 + CTL-1,0.0006974564292030862,-0.002046952787018206,0.0040039354393090155,40,20.666666666666668,0.006745036423454979,18.666666666666668,0.006047579994251893,3.3333333333333335,0.001080414653784219,3.3333333333333335,0.0011570509528128106,9.333333333333334,0.003146084722577429,7.333333333333333,0.0023719919943457515,0.00038632897033142536,-0.0006716485440813197,0.0023776888613591526,6,8
2000,sgd,Cycling T,CD8 + CTL-2,-0.0025642503418036922,-0.013850782020322822,0.005530794657014993,40,29.0,0.00991899431472311,31.666666666666668,0.012483244656526804,4.0,0.0009230199972681176,9.0,0.0038367744823149448,14.0,0.0050718601560003265,11.666666666666666,0.0047223560127571925,-0.006900862700988391,-0.002572188510726078,0.0017803001863033908,9,9
2000,sgd,Cycling T,CD8 + CTL-3,-0.0010661232659999085,-0.015006225245594933,0.00927513340787381,40,23.666666666666668,0.008809936641873212,14.0,0.009876059907873118,5.333333333333333,0.002115814870033212,4.333333333333333,0.0025305729839309554,15.333333333333334,0.005198178874014118,6.666666666666667,0.0058495440261162835,-0.0020124815629029777,-0.0006954665961277182,-0.0004904216389690276,7,6
2000,sgd,Cycling T,CD8 Tem-1,-0.001233296268369194,-0.012443974267578747,0.008246133407392673,40,133.66666666666666,0.037380074220355324,141.33333333333334,0.03861337048872451,15.333333333333334,0.0039216713747259975,21.666666666666668,0.005602746291565851,38.666666666666664,0.010961705858538062,40.0,0.010513927210067402,0.0011478937234769711,0.00523561861404845,-0.010083401142633005,17,21
2000,sgd,Cycling T,CD8 Tem-2,0.0005477650829859311,-0.008406932110647214,0.006811167433345475,40,47.666666666666664,0.013073933197807286,47.666666666666664,0.012526168114821351,7.333333333333333,0.0021528364294607525,9.666666666666666,0.0023379450869619872,20.666666666666668,0.005029752375470911,18.333333333333332,0.004296878634983744,-0.006606912395601112,0.005163591464927829,0.0030866161796310786,13,11
2000,sgd,Cycling T,Cycling T,0.02037990398974676,-0.013014271667168288,0.06502566840766577,40,2402.0,0.6454278870396948,2337.6666666666665,0.6250479830499479,0.0,0.0,0.0,0.0,0.0,0.0,0.0,0.0,0.057533139313191685,0.00103771899821749,0.002568853657831112,0,0
2000,sgd,Cycling T,Erythrocyte,-0.0008798137587769806,-0.002195969640404431,9.789671307369814e-05,40,10.666666666666666,0.0020493895761890452,15.0,0.0029292033349660267,0.3333333333333333,8.680555555555556e-05,1.6666666666666667,0.00035817067067067063,1.0,0.00021803915135608048,4.0,0.000826487795017946,-0.0006061824230986062,-0.0007890609851577024,-0.0012441978680746333,1,2
2000,sgd,Cycling T,GCB,-0.00045181817450710114,-0.00356757931737756,0.0019482118124157792,40,7.333333333333333,0.0020093878156705776,7.666666666666667,0.0024612059901776783,1.6666666666666667,0.0004117563833682879,1.6666666666666667,0.0004428625734221143,3.3333333333333335,0.0009832031501005878,3.6666666666666665,0.0014039151345538621,-0.0016101406206743677,0.00039024989604844525,-0.00013556379889538025,4,3
2000,sgd,Cycling T,Memory B-1,-0.011255734640923528,-0.03573728145914508,0.0012532285578112407,40,11.0,0.00250353659777277,57.0,0.013759271238696295,0.6666666666666666,0.0001488988988988989,25.0,0.006018400645554243,6.666666666666667,0.0013838633360511287,28.333333333333332,0.006770096230319309,-0.03264355561670416,0.000981038001406268,-0.002104686307472685,2,8
2000,sgd,Cycling T,Memory B-2,0.0006934633497133498,0.0,0.0015807739557739554,40,2.6666666666666665,0.0006934633497133498,0.0,0.0,0.3333333333333333,5.630630630630631e-05,0.0,0.0,2.3333333333333335,0.0006371570434070434,0.0,0.0,0.0009401873464373465,0.00048564189189189186,0.0006545608108108108,1,0
2000,sgd,Cycling T,Naive T,0.0025198392913871968,-0.005031212645271588,0.008450071519471936,40,48.0,0.013656297756839283,43.333333333333336,0.011136458465452087,9.666666666666666,0.002863517504124976,6.333333333333333,0.0016558871248101622,21.666666666666668,0.006211840405092664,20.333333333333332,0.0048996314930202815,0.006278864163905516,-0.0038241722618917776,0.005104825972147852,15,12
2000,sgd,Cycling T,Plasma,-0.0005248905891600843,-0.002170037964304736,0.0005324835526315785,40,3.0,0.0005772114593409687,4.333333333333333,0.001102102048501053,0.3333333333333333,7.309941520467835e-05,0.3333333333333333,0.00010683760683760684,1.0,0.00020477207977207977,2.3333333333333335,0.0006959244772992355,0.0,0.00012447986954565904,-0.0016991516370259117,1,1
2000,sgd,Cycling T,Tcm,-0.0019260980315949578,-0.019169526474874944,0.00910435941778367,40,43.0,0.01437728839752849,25.666666666666668,0.016303386429123445,6.0,0.001611289081731804,7.666666666666667,0.005132703512458948,29.333333333333332,0.0076420492507388105,10.333333333333334,0.006046732851606625,-0.004930552889612133,0.0006333180335374201,-0.0014810592387101591,12,6
2000,sgd,Cycling T,cDC2,-0.0006407398946239441,-0.0022755630895644383,0.0007217572515069793,40,6.666666666666667,0.001610154836540946,8.0,0.0022508947311648906,1.0,0.0002018607239643825,1.3333333333333333,0.0004902862045719189,3.0,0.000693873729038533,4.0,0.001046188143054941,-0.0004154622828403316,-0.0007607483013486949,-0.0007460090996828059,3,2
2000,sgd,Cycling T,pDC,0.0006018601165114769,-0.0014109560306389654,0.002638545548053839,40,13.0,0.004170394625944576,11.666666666666666,0.003568534509433098,3.6666666666666665,0.0011090996359720553,4.0,0.0010050115812826235,4.666666666666667,0.0014590280957648362,3.0,0.0009612560339427911,0.0007710036854688606,8.428424093703335e-05,0.0009502924231285369,8,10
2000,sgd,Cycling T,platelet,0.00027939604863413476,-0.0005993666466285341,0.001127153205292472,40,2.6666666666666665,0.0006267763051299637,1.6666666666666667,0.0003473802564958289,0.6666666666666666,0.00011261261261261261,0.0,0.0,1.3333333333333333,0.00040155107990473847,1.0,0.00023476764388321634,0.00029556233062330627,-8.083855818527552e-05,0.0006234643734643735,1,0
2000,sgd,Erythrocyte,Atypical Memory B,0.012820512820512818,0.0,0.06623931623931624,6,3.3333333333333335,0.014245014245014244,0.3333333333333333,0.0014245014245014244,0.0,0.0,0.0,0.0,3.0,0.012820512820512822,0.0,0.0,0.0,0.03846153846153846,0.0,0,0
2000,sgd,Erythrocyte,CD14 Monocyte-1,0.0,0.0,0.0,6,0.0,0.0,0.0,0.0,0.0,0.0,0.0,0.0,0.0,0.0,0.0,0.0,0.0,0.0,0.0,0,0
2000,sgd,Erythrocyte,CD14 Monocyte-2,0.0,0.0,0.0,6,0.0,0.0,0.0,0.0,0.0,0.0,0.0,0.0,0.0,0.0,0.0,0.0,0.0,0.0,0.0,0,0
2000,sgd,Erythrocyte,CD14 Monocyte-3,0.0,0.0,0.0,6,0.0,0.0,0.0,0.0,0.0,0.0,0.0,0.0,0.0,0.0,0.0,0.0,0.0,0.0,0.0,0,0
2000,sgd,Erythrocyte,CD16 Monocyte-1,0.0,0.0,0.0,6,0.0,0.0,0.0,0.0,0.0,0.0,0.0,0.0,0.0,0.0,0.0,0.0,0.0,0.0,0.0,0,0
2000,sgd,Erythrocyte,CD16 Monocyte-2,-0.0014245014245014244,-0.006410256410256411,0.0,6,0.3333333333333333,0.0014245014245014244,0.6666666666666666,0.0028490028490028487,0.0,0.0,0.0,0.0,0.0,0.0,0.3333333333333333,0.0014245014245014244,-0.004273504273504273,0.0,0.0,0,0
2000,sgd,Erythrocyte,CD16 NK,0.0,0.0,0.0,6,0.0,0.0,0.0,0.0,0.0,0.0,0.0,0.0,0.0,0.0,0.0,0.0,0.0,0.0,0.0,0,0
2000,sgd,Erythrocyte,CD4 + Tcm-1,0.0,0.0,0.0,6,0.0,0.0,0.0,0.0,0.0,0.0,0.0,0.0,0.0,0.0,0.0,0.0,0.0,0.0,0.0,0,0
2000,sgd,Erythrocyte,CD4 + Tcm-2,0.0,0.0,0.0,6,0.0,0.0,0.0,0.0,0.0,0.0,0.0,0.0,0.0,0.0,0.0,0.0,0.0,0.0,0.0,0,0
2000,sgd,Erythrocyte,CD4 Monocyte-4,0.0,0.0,0.0,6,0.0,0.0,0.0,0.0,0.0,0.0,0.0,0.0,0.0,0.0,0.0,0.0,0.0,0.0,0.0,0,0
2000,sgd,Erythrocyte,CD56 NK,0.0,0.0,0.0,6,0.0,0.0,0.0,0.0,0.0,0.0,0.0,0.0,0.0,0.0,0.0,0.0,0.0,0.0,0.0,0,0
2000,sgd,Erythrocyte,CD8 + CTL-1,0.0,0.0,0.0,6,0.0,0.0,0.0,0.0,0.0,0.0,0.0,0.0,0.0,0.0,0.0,0.0,0.0,0.0,0.0,0,0
2000,sgd,Erythrocyte,CD8 + CTL-2,0.0,0.0,0.0,6,0.0,0.0,0.0,0.0,0.0,0.0,0.0,0.0,0.0,0.0,0.0,0.0,0.0,0.0,0.0,0,0
2000,sgd,Erythrocyte,CD8 + CTL-3,0.008547008547008546,0.0,0.034188034188034185,6,3.0,0.012820512820512818,1.0,0.004273504273504273,0.0,0.0,0.0,0.0,2.6666666666666665,0.011396011396011395,0.6666666666666666,0.0028490028490028487,0.008547008547008548,0.017094017094017092,0.0,0,0
2000,sgd,Erythrocyte,CD8 Tem-1,0.0,0.0,0.0,6,0.0,0.0,0.0,0.0,0.0,0.0,0.0,0.0,0.0,0.0,0.0,0.0,0.0,0.0,0.0,0,0
2000,sgd,Erythrocyte,CD8 Tem-2,-0.01851851851851852,-0.08600427350427352,0.00326236263736264,6,49.0,0.29914529914529914,53.333333333333336,0.3176638176638176,0.0,0.0,0.0,0.0,0.6666666666666666,0.0028490028490028487,5.0,0.02136752136752137,-0.01282051282051283,-0.04700854700854701,0.0042735042735042765,0,0
2000,sgd,Erythrocyte,Cycling T,0.0,0.0,0.0,6,0.0,0.0,0.0,0.0,0.0,0.0,0.0,0.0,0.0,0.0,0.0,0.0,0.0,0.0,0.0,0,0
2000,sgd,Erythrocyte,Erythrocyte,0.0,0.0,0.0,6,8.0,0.6666666666666666,8.0,0.6666666666666666,0.0,0.0,0.0,0.0,0.0,0.0,0.0,0.0,0.0,0.0,0.0,0,0
2000,sgd,Erythrocyte,GCB,0.0,0.0,0.0,6,0.0,0.0,0.0,0.0,0.0,0.0,0.0,0.0,0.0,0.0,0.0,0.0,0.0,0.0,0.0,0,0
2000,sgd,Erythrocyte,Memory B-1,0.0,0.0,0.0,6,0.0,0.0,0.0,0.0,0.0,0.0,0.0,0.0,0.0,0.0,0.0,0.0,0.0,0.0,0.0,0,0
2000,sgd,Erythrocyte,Memory B-2,0.0,0.0,0.0,6,0.0,0.0,0.0,0.0,0.0,0.0,0.0,0.0,0.0,0.0,0.0,0.0,0.0,0.0,0.0,0,0
2000,sgd,Erythrocyte,Naive T,0.0,0.0,0.0,6,0.0,0.0,0.0,0.0,0.0,0.0,0.0,0.0,0.0,0.0,0.0,0.0,0.0,0.0,0.0,0,0
2000,sgd,Erythrocyte,Plasma,0.0,0.0,0.0,6,0.0,0.0,0.0,0.0,0.0,0.0,0.0,0.0,0.0,0.0,0.0,0.0,0.0,0.0,0.0,0,0
2000,sgd,Erythrocyte,Tcm,-5.782411586589357e-19,-0.010989010989010992,0.010256410256410256,6,1.3333333333333333,0.005698005698005697,1.3333333333333333,0.005698005698005698,0.0,0.0,0.0,0.0,1.0,0.004273504273504273,1.0,0.004273504273504273,0.008547008547008546,-0.004273504273504273,-0.004273504273504275,0,0
2000,sgd,Erythrocyte,cDC2,-0.0014245014245014244,-0.0073599240265906935,0.0,6,0.0,0.0,0.3333333333333333,0.0014245014245014244,0.0,0.0,0.0,0.0,0.0,0.0,0.3333333333333333,0.0014245014245014244,0.0,-0.004273504273504273,0.0,0,0
2000,sgd,Erythrocyte,pDC,0.0,0.0,0.0,6,0.0,0.0,0.0,0.0,0.0,0.0,0.0,0.0,0.0,0.0,0.0,0.0,0.0,0.0,0.0,0,0
2000,sgd,Erythrocyte,platelet,0.0,0.0,0.0,6,0.0,0.0,0.0,0.0,0.0,0.0,0.0,0.0,0.0,0.0,0.0,0.0,0.0,0.0,0.0,0,0
2000,sgd,GCB,Atypical Memory B,0.001608777098858141,-0.0018025482053122901,0.005446301541501569,31,28.0,0.0035631925610516944,15.666666666666666,0.001954415462193554,9.0,0.000466762802224139,4.0,0.0003747911967139018,11.666666666666666,0.0027770698133214207,4.333333333333333,0.001260264319973518,0.0015815916468481064,0.0009369179852454284,0.0023078216644808872,4,4
2000,sgd,GCB,CD14 Monocyte-1,0.0,0.0,0.0,31,0.0,0.0,0.0,0.0,0.0,0.0,0.0,0.0,0.0,0.0,0.0,0.0,0.0,0.0,0.0,0,0
2000,sgd,GCB,CD14 Monocyte-2,0.005666957279860506,-0.0019412015565861722,0.029107653326403315,31,1.6666666666666667,0.012697561084657858,1.0,0.007030603804797353,0.0,0.0,0.0,0.0,1.0,0.006494087139248429,0.3333333333333333,0.0008271298593879239,0.014519482261417744,0.0,0.0024813895781637717,0,0
2000,sgd,GCB,CD14 Monocyte-3,0.0002723648884268473,-6.987684608855327e-05,0.0013051177826243906,31,3.3333333333333335,0.00036440193620694474,1.3333333333333333,9.203704778009737e-05,0.0,0.0,0.0,0.0,2.6666666666666665,0.0003026048777469274,0.6666666666666666,3.023998932008007e-05,-5.1713843998778267e-05,5.1284681265705936e-05,0.0008175238280136143,0,0
2000,sgd,GCB,CD16 Monocyte-1,0.0,0.0,0.0,31,0.0,0.0,0.0,0.0,0.0,0.0,0.0,0.0,0.0,0.0,0.0,0.0,0.0,0.0,0.0,0,0
2000,sgd,GCB,CD16 Monocyte-2,-1.3002041320487317e-05,-7.328423289729213e-05,0.0,31,0.3333333333333333,1.3002041320487317e-05,0.6666666666666666,2.6004082640974634e-05,0.0,0.0,0.3333333333333333,1.3002041320487317e-05,0.0,0.0,0.0,0.0,0.0,0.0,-3.900612396146195e-05,0,1
2000,sgd,GCB,CD16 NK,-0.007870561447771473,-0.03279457377373505,0.023251074039601097,31,25.666666666666668,0.033882909987306004,168.33333333333334,0.04175347143507748,2.0,0.000134820642103179,56.666666666666664,0.00405791633743982,7.333333333333333,0.014965820548495401,95.33333333333333,0.018913286300930237,-0.01924158108562586,0.008168974468519231,-0.012539077726207791,3,5
2000,sgd,GCB,CD4 + Tcm-1,-0.06288621104177561,-0.14417583885780835,-0.005971117083830473,31,13.333333333333334,0.03996750989588615,123.66666666666667,0.10285372093766175,0.3333333333333333,1.3002041320487317e-05,29.333333333333332,0.0020537658101651237,4.666666666666667,0.022580454095704725,86.0,0.0834259013686357,-0.06074347080090299,-0.03636248999238729,-0.09155267233203654,1,6
2000,sgd,GCB,CD4 + Tcm-2,0.021259828400275193,-0.04704591004824987,0.10229917709002297,31,162.0,0.07639014121742631,310.0,0.05513031281715112,25.333333333333332,0.0016290646763597394,83.0,0.004825795531673039,33.666666666666664,0.04672151720142325,124.0,0.022264957945834756,0.021414094945167318,0.006589150772408242,0.03577623948325002,6,6
2000,sgd,GCB,CD4 Monocyte-4,0.0,0.0,0.0,31,0.3333333333333333,1.7094893755235313e-05,0.3333333333333333,1.7094893755235313e-05,0.0,0.0,0.0,0.0,0.0,0.0,0.0,0.0,0.0,0.0,0.0,0,0
2000,sgd,GCB,CD56 NK,0.02361422770047768,0.0017268673689622245,0.05080425577805491,31,290.3333333333333,0.046676577213081244,239.33333333333334,0.02306234951260357,32.666666666666664,0.0026900996818851816,71.66666666666667,0.0032266122162023033,122.0,0.028809074379744365,32.0,0.004658334144949566,0.020707626727724388,0.017316369255337423,0.03281868711837122,6,5
2000,sgd,GCB,CD8 + CTL-1,0.002069064560362596,-0.005108537458987234,0.00786279133208609,31,48.333333333333336,0.004943786549551692,17.333333333333332,0.0028747219891890967,5.333333333333333,0.000904940696346398,2.6666666666666665,0.000306554675937318,32.333333333333336,0.003190763321957698,4.0,0.0017200847820041836,0.005466326885723885,-0.0027088181378310144,0.003449684933194916,5,4
2000,sgd,GCB,CD8 + CTL-2,-0.0011103989430860746,-0.008289607011480783,0.0032456743102308692,31,39.666666666666664,0.0035265140065324496,53.0,0.004636912949618525,5.0,0.0009647015557239695,9.666666666666666,0.0008005560754105195,22.0,0.0016402882053231846,30.666666666666668,0.0029148326287227098,-0.003406203309375442,-0.0015583977028699105,0.001633404182987128,5,4
2000,sgd,GCB,CD8 + CTL-3,0.007541788924996274,-0.005200445970922846,0.024935211755033236,31,34.666666666666664,0.010269110146212845,1.6666666666666667,0.002727321221216572,4.666666666666667,0.0003297723425639845,0.3333333333333333,0.0013440860215053762,29.333333333333332,0.009913333721007887,0.6666666666666666,0.0013572311170702211,0.00709285625326983,0.014326314767992074,0.0012061957537269168,4,1
2000,sgd,GCB,CD8 Tem-1,-0.0004083538563124228,-0.018742481977776095,0.016672794992950365,31,5.333333333333333,0.01989081720264516,6.333333333333333,0.020299171058957583,0.0,0.0,0.6666666666666666,2.6290191129689513e-05,2.0,0.006000044709722129,2.3333333333333335,0.0063821083749048615,-0.002603048667407055,-0.007515580096225257,0.008893567194695045,0,1
2000,sgd,GCB,CD8 Tem-2,0.0007957478574221788,-4.3198189190648853e-05,0.0038100996142108566,31,4.333333333333333,0.002294387008503198,1.6666666666666667,0.0014986391510810194,0.0,0.0,0.6666666666666666,3.897471806455256e-05,3.3333333333333335,0.0008347225754867312,0.0,0.0,3.900612396146195e-05,0.0021904963015269368,0.00015774114677813707,0,2
2000,sgd,GCB,Cycling T,-0.00012485085476292233,-0.011914641763308887,0.012532083348627978,31,3.3333333333333335,0.008408332261999881,14.333333333333334,0.008533183116762806,0.0,0.0,4.666666666666667,0.0003517638152207498,2.3333333333333335,0.0029928704036694654,8.666666666666666,0.0027659574432116374,-9.467120741981169e-05,-0.008498190599372308,0.008218309242503352,0,4
2000,sgd,GCB,Erythrocyte,3.943528669453427e-05,0.0,0.00015774114677813707,31,1.0,3.943528669453427e-05,0.0,0.0,0.0,0.0,0.0,0.0,1.0,3.943528669453427e-05,0.0,0.0,7.887057338906853e-05,3.943528669453427e-05,0.0,0,0
2000,sgd,GCB,GCB,0.021421683056383922,-0.007145977173933694,0.04630786181386283,31,1704.0,0.13367232832133377,1531.6666666666667,0.11225064526494986,0.0,0.0,0.0,0.0,0.0,0.0,0.0,0.0,0.01963391218386469,0.03272604233715861,0.01190509464812846,0,0
2000,sgd,GCB,Memory B-1,-0.016491922176322255,-0.08895371847001722,0.050807101885775766,31,577.6666666666666,0.5391342626948251,515.3333333333334,0.5556261848711473,142.0,0.010123909365951245,130.66666666666666,0.02034268362278216,109.0,0.062352883406813664,58.0,0.068626031326305,0.002095734909888444,-0.047948178364104053,-0.0036233230747511488,8,11
2000,sgd,GCB,Memory B-2,0.002625032188346624,-0.0018009654966958753,0.008740033467371986,31,171.66666666666666,0.018386019647742693,135.66666666666666,0.015760987459396067,34.666666666666664,0.00242761911400151,24.666666666666668,0.0030276894345144614,53.333333333333336,0.004899469008896945,27.333333333333332,0.001674366500037369,0.0039331385003055375,0.0038566986106025347,8.525945413180099e-05,6,7
2000,sgd,GCB,Naive T,0.019680523796570294,-0.0020998818064747174,0.06619592763444444,31,135.33333333333334,0.03037694591985869,99.33333333333333,0.0106964221232884,21.333333333333332,0.0016318719627152704,31.333333333333332,0.00177883424806014,77.66666666666667,0.024684936166629947,31.666666666666668,0.004857450084714785,0.018418263235308326,0.005311900500667562,0.03531140765373499,6,6
2000,sgd,GCB,Plasma,-0.009810012678552962,-0.03687607773451693,0.009595611733688579,31,18.666666666666668,0.011149772456731835,32.333333333333336,0.020959785135284795,0.6666666666666666,6.17970584600173e-05,4.333333333333333,0.00020048907057931736,5.333333333333333,0.00565998554699067,15.333333333333334,0.015331306213424331,-0.015610883277123289,0.010669182645353615,-0.02448833740388922,1,3
2000,sgd,GCB,Tcm,-0.0004594124446820386,-0.003725326757451736,0.0007908531718755092,31,9.666666666666666,0.0025447302179046464,4.0,0.0030041426625866847,0.0,0.0,0.3333333333333333,1.7094893755235313e-05,8.333333333333334,0.0003770976897408093,2.3333333333333335,0.0008194152406676126,0.0005874720035014189,0.00018265784481233757,-0.002148367182359872,0,1
2000,sgd,GCB,cDC2,0.0002626900565589348,-0.0036635775676912875,0.004303297324991384,31,1.0,0.0012282493307161238,3.0,0.0009655592741571892,0.0,0.0,0.0,0.0,1.0,0.0012282493307161238,3.0,0.0009655592741571892,0.0024538036860404094,0.0009961434545637743,-0.0026618769709273794,0,0
2000,sgd,GCB,pDC,-0.00768339561064747,-0.03126322551390568,0.001587301587301587,31,3.3333333333333335,0.0005629181180554104,7.0,0.008246313728702881,0.3333333333333333,1.3002041320487317e-05,0.6666666666666666,2.614713688533207e-05,1.6666666666666667,0.00044012559528966194,5.0,0.008110376110372288,-0.016270607744557387,0.0012300859806418179,-0.008009665068026842,1,2
2000,sgd,GCB,platelet,0.0,0.0,0.0,31,0.0,0.0,0.0,0.0,0.0,0.0,0.0,0.0,0.0,0.0,0.0,0.0,0.0,0.0,0.0,0,0
2000,sgd,Memory B-1,Atypical Memory B,0.004578610364589979,0.0014217700757042718,0.008020066339958054,40,475.3333333333333,0.014444322610048072,288.6666666666667,0.009865712245458094,167.0,0.004835427514745956,41.0,0.0013559058234205452,117.33333333333333,0.0031844458244465763,56.666666666666664,0.0020853571511820087,0.00352920324256886,0.00481697203008484,0.005389655821116236,34,23
2000,sgd,Memory B-1,CD14 Monocyte-1,4.5997359624507996e-05,-0.0004383618334904493,0.0006156633139560184,40,8.333333333333334,0.0006460937004073383,6.333333333333333,0.0006000963407828303,2.6666666666666665,0.00012376546933822236,0.3333333333333333,4.930966469428008e-05,2.3333333333333335,0.00024008297991676402,2.6666666666666665,0.00026854142493619833,-0.00016263541070343782,8.678409378315099e-05,0.0002138433957938108,7,1
2000,sgd,Memory B-1,CD14 Monocyte-2,0.0017018289784597616,-0.00016273347556962424,0.0034287028791885905,40,150.66666666666666,0.00995649974188173,120.33333333333333,0.008254670763421967,40.0,0.0019862403280098396,19.333333333333332,0.00116059729487597,33.666666666666664,0.0024065690000830624,24.0,0.0015303830547571708,0.0020818933453609968,0.0023691615845114243,0.0006544320055068635,20,20
2000,sgd,Memory B-1,CD14 Monocyte-3,0.0002989431016333814,4.098355826791801e-05,0.0006709200294352633,40,6.666666666666667,0.0003209460745603643,1.6666666666666667,2.2002972926982882e-05,2.6666666666666665,0.00014679979199087035,0.0,0.0,3.3333333333333335,0.00016758201842350472,1.0,1.5438708780993644e-05,0.00022150064540824992,0.00025730808007563746,0.0004180205794162569,5,0
2000,sgd,Memory B-1,CD16 Monocyte-1,-0.00018950503717792062,-0.0015101593334200794,0.0004783811113015037,40,4.666666666666667,0.0004635790069899588,18.0,0.0006530840441678794,1.3333333333333333,0.0001061048479742605,7.333333333333333,0.000361340587508705,3.3333333333333335,0.00035747415901569833,10.666666666666666,0.00029174345665917436,0.0001878470510115541,-0.000927315504457501,0.0001709533419121851,4,8
2000,sgd,Memory B-1,CD16 Monocyte-2,0.00032739548911340783,-0.0003860902321429182,0.0011211796396305683,40,12.333333333333334,0.0009278899232553271,6.0,0.0006004944341419192,3.3333333333333335,0.00021567757240203381,1.0,0.00014287198602148262,6.0,0.00046713698945785646,2.0,0.00021254708672499982,0.00011530268512149043,0.0007231133440518184,0.00014377043816691469,6,3
2000,sgd,Memory B-1,CD16 NK,-0.002439008082920494,-0.008628134096777665,0.0028911100466410856,40,245.0,0.014698997030793248,294.0,0.01713800511371374,78.0,0.004267017131460295,64.0,0.004399976030615428,50.333333333333336,0.0030159910484404487,113.33333333333333,0.00532204023220581,-0.007161414806930691,0.0027675200380287064,-0.0029231294798594985,30,31
2000,sgd,Memory B-1,CD4 + Tcm-1,-0.008152304717176864,-0.02245408071761227,0.00027621414310243555,40,371.3333333333333,0.021142086420931322,506.0,0.029294391138108184,146.0,0.0074771734959300186,176.0,0.010131301422166474,71.66666666666667,0.0042827161508642705,176.33333333333334,0.009780892941804677,-0.016316484265889393,-0.0036945094355496583,-0.004445920450091541,32,34
2000,sgd,Memory B-1,CD4 + Tcm-2,0.0006078637867974008,-0.0021873384030787852,0.0027468088300294426,40,122.33333333333333,0.00519202675229716,141.0,0.00458416296549976,37.666666666666664,0.0015505442490395523,35.666666666666664,0.0011524249502606761,42.0,0.0018948007923343076,62.666666666666664,0.0016850563043157825,-0.0011201467242469136,0.0014080140030754869,0.00153572408156363,26,20
2000,sgd,Memory B-1,CD4 Monocyte-4,0.00018141321049737044,-7.309941520467836e-05,0.000506840323815269,40,8.333333333333334,0.00045060185340954666,4.333333333333333,0.00026918864291217615,2.6666666666666665,0.00011586605305666589,0.3333333333333333,2.4366471734892787e-05,2.0,0.00011428010091049013,0.3333333333333333,2.4366471734892787e-05,0.0002914837818195672,0.0003160088686582387,-6.325301898569451e-05,6,1
2000,sgd,Memory B-1,CD56 NK,0.004007847742448868,0.0021379797247257372,0.005903043031448941,40,117.33333333333333,0.005974339941471048,53.666666666666664,0.001966492199022181,46.0,0.0024821900163274732,7.333333333333333,0.0003672982074239929,49.666666666666664,0.00259094272925838,24.666666666666668,0.0006979867957129927,0.005125949252313558,0.003588555431570474,0.0033090385434625695,28,13
2000,sgd,Memory B-1,CD8 + CTL-1,0.001056841297466587,0.0002625910053119033,0.0018674151882468945,40,37.333333333333336,0.001722156754770948,13.666666666666666,0.0006653154573043615,18.666666666666668,0.0008530065479664759,1.6666666666666667,0.00018386520997782738,12.666666666666666,0.000547129269530323,6.0,0.00015942931005238488,0.0013843562073050254,0.0007505205153505534,0.0010356471697441816,21,5
2000,sgd,Memory B-1,CD8 + CTL-2,0.0011521258794025175,0.000390187183984979,0.0020490409608466863,40,30.666666666666668,0.001461678843934539,10.666666666666666,0.00030955296453202136,11.333333333333334,0.000486844367146001,0.0,0.0,15.666666666666666,0.0008084308895415612,7.0,0.00014314937728504467,0.0009022254022351706,0.0009696270727015844,0.0015845251632707973,16,0
2000,sgd,Memory B-1,CD8 + CTL-3,0.002216633201758333,0.0011456400974307263,0.003443159126489839,40,79.33333333333333,0.0023367462654312085,3.0,0.00012011306367287488,25.0,0.0008307296534789263,0.0,0.0,53.666666666666664,0.0014939774270794463,2.3333333333333335,0.00010807387880003894,0.0029182738989003217,0.0015933749884147468,0.0021382507179599324,22,0
2000,sgd,Memory B-1,CD8 Tem-1,-0.004653357054537809,-0.008797270026866479,-0.0009610933778922732,40,322.3333333333333,0.01909273428719179,362.6666666666667,0.0237460913417296,64.66666666666667,0.003156926399969666,78.66666666666667,0.005363265082708168,40.666666666666664,0.002285011359175835,67.0,0.004732029730975141,-0.007120580490086856,-0.005013184733533202,-0.0018263059399933688,24,31
2000,sgd,Memory B-1,CD8 Tem-2,0.0001909691430132611,-0.00037536111579206517,0.0007512802097675227,40,23.333333333333332,0.0011988676529884608,17.666666666666668,0.0010078985099751998,8.0,0.0003609756055823544,3.0,0.0002640861210795711,6.333333333333333,0.0003945739553781449,5.666666666666667,0.0003004942968676671,7.24659705545019e-05,0.00016407553026516797,0.0003363659282201133,10,9
2000,sgd,Memory B-1,Cycling T,0.0005538433698234584,-0.000480478002075935,0.0015610957391183453,40,61.0,0.002807470778118177,38.666666666666664,0.0022536274082947186,27.333333333333332,0.0010563314572450478,4.666666666666667,0.00020454551717588893,15.333333333333334,0.0005790043831660402,15.666666666666666,0.0008769469534117405,0.0014301457232143106,2.277479451774098e-05,0.00020860959173832363,20,9
2000,sgd,Memory B-1,Erythrocyte,-0.0006220420193577404,-0.0018221159549049134,0.0002037281404735909,40,26.666666666666668,0.0015070099108300714,56.333333333333336,0.002129051930187812,1.3333333333333333,0.00012876741017922114,17.0,0.0005118432718386794,1.0,3.4206743246291265e-05,15.0,0.0002731729009445734,-0.0007253355525479034,-0.0009128153338059822,-0.00022797517171933577,3,5
2000,sgd,Memory B-1,GCB,0.02284131418053978,-0.0013661302253282412,0.049733344595350844,40,3066.0,0.08337784798085102,2371.6666666666665,0.06053653380031126,1010.0,0.031221792120248226,460.3333333333333,0.013471342959120308,370.3333333333333,0.010850851916819497,225.66666666666666,0.005759986897407636,0.019425203561111513,0.04053767439377344,0.008561064586734387,39,29
2000,sgd,Memory B-1,Memory B-1,-0.03527303462240939,-0.0656096894595233,0.0034877285508381037,40,16525.333333333332,0.7334476626867725,17673.0,0.768720697309182,0.0,0.0,0.0,0.0,0.0,0.0,0.0,0.0,-0.009688954105980044,-0.05921999463846959,-0.036910155122778544,0,0
2000,sgd,Memory B-1,Memory B-2,0.007125256712548075,-0.004215554034502757,0.01523239741869422,40,1526.6666666666667,0.04945611452481905,1328.3333333333333,0.04233085781227099,535.6666666666666,0.01839598954727791,260.6666666666667,0.00922977703751098,184.33333333333334,0.005326788579172317,261.0,0.0073677443763911716,0.0031124082124259727,0.005343036319225635,0.012920325605992617,40,35
2000,sgd,Memory B-1,Naive T,0.004953185134921339,0.0011564172059792923,0.009611309501471975,40,165.33333333333334,0.007953603870281137,86.33333333333333,0.0030004187353598,68.33333333333333,0.0030944552817479404,19.666666666666668,0.0007463241726977485,68.66666666666667,0.003731752590181022,38.333333333333336,0.0011266985643098748,0.005789051676101283,0.0013240236309313169,0.007746480097731416,31,17
2000,sgd,Memory B-1,Plasma,-0.0008172037187253538,-0.005052137510573585,0.0026197030026254425,40,190.0,0.01219595498342999,188.66666666666666,0.013013158702155343,66.33333333333333,0.0035009775007760757,47.0,0.003253896397921915,29.666666666666668,0.0019647775797467185,47.666666666666664,0.003029062401326233,-0.0031293481959830116,0.0008024179352658443,-0.00012468089545889552,30,35
2000,sgd,Memory B-1,Tcm,0.00037241638454932406,-0.0018251141827355507,0.001815673072454692,40,29.666666666666668,0.001688184683680406,15.666666666666666,0.0013157682991310818,15.333333333333334,0.0008501613562639466,2.6666666666666665,0.00018916764832317505,11.0,0.0006265650552492886,9.666666666666666,0.0009151423786407361,8.444634539750382e-05,0.00044660181485730395,0.0005862009933931643,18,3
2000,sgd,Memory B-1,cDC2,-0.0002067258599850661,-0.001566441353110213,0.0008557363080674626,40,36.333333333333336,0.00211354057777033,35.333333333333336,0.002320266437755396,18.666666666666668,0.0008856592785402086,13.333333333333334,0.0009460277822208201,10.333333333333334,0.0006024359451267965,14.666666666666666,0.0007487933014312508,-0.0009063114167610197,0.00020047529494255766,8.565854186326415e-05,20,17
2000,sgd,Memory B-1,pDC,2.5896114524292184e-05,-0.0015519367634728122,0.0015156590299485189,40,76.0,0.005139954761834175,76.66666666666667,0.005114058647309883,31.0,0.0016770209122505657,20.333333333333332,0.0010678450041684171,12.0,0.0007144313351273908,23.333333333333332,0.0012977111286852471,-0.0004104871598384839,0.0011577984959065262,-0.0006696229924951658,26,18
2000,sgd,Memory B-1,platelet,0.00011479966057899623,-5.1625774115324456e-05,0.00041899477699842416,40,3.6666666666666665,0.00028308838125099136,3.6666666666666665,0.00016828872067199514,1.0,5.691892906245093e-05,1.0,1.2949572134866233e-05,1.3333333333333333,0.00011308472609427023,1.3333333333333333,4.225442244285869e-05,6.994112811787762e-05,0.00012198138582373934,0.00015247646779537174,2,2
2000,sgd,Memory B-2,Atypical Memory B,0.0015739480733422712,0.0003833596439543144,0.0031315783905233444,33,19.666666666666668,0.002448917816856594,7.333333333333333,0.0008749697435143224,8.0,0.000841401653961138,1.3333333333333333,0.0001661032802901315,7.666666666666667,0.0011594090334296882,2.0,0.00026075933375842346,0.0012702562802951321,0.0018669646829821758,0.0015846232567495056,5,2
2000,sgd,Memory B-2,CD14 Monocyte-1,0.0,0.0,0.0,33,0.0,0.0,0.0,0.0,0.0,0.0,0.0,0.0,0.0,0.0,0.0,0.0,0.0,0.0,0.0,0,0
2000,sgd,Memory B-2,CD14 Monocyte-2,0.0025252525252525255,0.0,0.014285714285714285,33,0.6666666666666666,0.003443526170798898,0.3333333333333333,0.0009182736455463728,0.0,0.0,0.0,0.0,0.3333333333333333,0.0025252525252525255,0.0,0.0,0.0,0.007575757575757576,0.0,0,0
2000,sgd,Memory B-2,CD14 Monocyte-3,3.2869422340899185e-05,-0.0004891866089284172,0.00041574121638196293,33,2.3333333333333335,0.00018105049961733097,2.0,0.0001481810772764318,0.3333333333333333,2.4696846212738633e-05,0.0,0.0,1.3333333333333333,0.00010695996097911507,1.3333333333333333,9.878738485095453e-05,7.40905386382159e-05,-0.0002963621545528636,0.00032087988293734524,1,0
2000,sgd,Memory B-2,CD16 Monocyte-1,0.0,0.0,0.0,33,0.0,0.0,0.0,0.0,0.0,0.0,0.0,0.0,0.0,0.0,0.0,0.0,0.0,0.0,0.0,0,0
2000,sgd,Memory B-2,CD16 Monocyte-2,0.000777000777000777,0.0,0.004524886877828055,33,1.0,0.0008263944694262542,0.6666666666666666,4.9393692425477266e-05,0.0,0.0,0.0,0.0,0.3333333333333333,0.000777000777000777,0.0,0.0,0.0,0.0,0.002331002331002331,0,0
2000,sgd,Memory B-2,CD16 NK,0.003891786498245623,-0.01742249138028269,0.043106844568293765,33,9.333333333333334,0.02200858312862566,34.333333333333336,0.018116796630380034,0.3333333333333333,2.4696846212738633e-05,6.333333333333333,0.001065869990866364,5.666666666666667,0.017573498745048117,24.666666666666668,0.012640539102148872,0.013614150456481608,-0.00019332019270300446,-0.0017454707690417357,1,4
2000,sgd,Memory B-2,CD4 + Tcm-1,-0.040544503279728146,-0.10570760218264412,-0.0020964124593188297,33,15.666666666666666,0.03303329535940001,64.33333333333333,0.07357779863912815,2.0,0.0011636238570814465,10.666666666666666,0.001066797667782469,6.333333333333333,0.013505030504208829,46.333333333333336,0.05414635997323595,-0.03724249727888384,-0.025697652073664687,-0.05869336048663592,5,4
2000,sgd,Memory B-2,CD4 + Tcm-2,-0.006300640728335649,-0.06160547414119262,0.017941041763705118,33,25.666666666666668,0.014388799702656342,39.333333333333336,0.02068944043099199,5.0,0.0021724860094953606,11.0,0.001406018359033883,13.333333333333334,0.008870657094745056,21.0,0.01593776547354218,0.004670975192790481,-0.036609746649180576,0.013036849271383147,8,4
2000,sgd,Memory B-2,CD4 Monocyte-4,-0.0007947669927886753,-0.00500058950485863,0.0027326435393525954,33,4.0,0.003468839276165187,2.6666666666666665,0.004263606268953863,0.3333333333333333,0.0006313131313131314,0.6666666666666666,0.0012626262626262627,2.6666666666666665,0.0009019493429650934,1.0,0.0010654032044406375,-0.0007189469745356481,-0.0018963049700754621,0.0002309509662450838,1,1
2000,sgd,Memory B-2,CD56 NK,0.025527876629819993,0.0014372363606771023,0.06725870499173638,33,27.333333333333332,0.03010149517302198,29.0,0.004573618543201981,2.6666666666666665,0.00036509654133862836,5.333333333333333,0.0003784921817708703,13.0,0.027462574845975325,12.0,0.0019213025757230818,0.03228912638533953,0.032814810254733255,0.011479693249387206,4,1
2000,sgd,Memory B-2,CD8 + CTL-1,0.001387962027688884,-8.128460868375524e-05,0.005109238459428256,33,6.333333333333333,0.001650188658942373,2.0,0.0002622266312534886,1.3333333333333333,0.0005591495785473801,0.0,0.0,4.666666666666667,0.0010673833190343134,1.6666666666666667,0.0002385708698928092,0.0007805243705261626,0.003275550056781642,0.00010781165575884856,4,0
2000,sgd,Memory B-2,CD8 + CTL-2,0.0012038216645131191,-0.000713121434392828,0.0057700211464657815,33,5.666666666666667,0.0015001838190659828,4.0,0.0002963621545528636,0.3333333333333333,5.372877713303245e-05,0.6666666666666666,4.9393692425477266e-05,4.666666666666667,0.001397061349507473,2.6666666666666665,0.00019757476970190906,0.00013805363518778888,-0.000302608663665219,0.003776020022016788,1,1
2000,sgd,Memory B-2,CD8 + CTL-3,0.015398714295534044,0.0020434343481324922,0.06267441110887385,33,35.333333333333336,0.01577458510794456,4.0,0.00037587081241051483,8.333333333333334,0.0009858855951551204,0.6666666666666666,4.835260757341802e-05,25.666666666666668,0.014631848266097897,2.0,0.0001706669581455546,0.009303382553377395,0.002948693041462663,0.033944067291762074,6,2
2000,sgd,Memory B-2,CD8 Tem-1,0.002501596763891846,-0.00010072775805192516,0.013867204440974931,33,0.6666666666666666,0.0030864197530864196,0.6666666666666666,0.0005848229891945738,0.0,0.0,0.0,0.0,0.3333333333333333,0.0025252525252525255,0.3333333333333333,2.3655761360679393e-05,0.007575757575757576,0.0,-7.096728408203818e-05,0,0
2000,sgd,Memory B-2,CD8 Tem-2,0.0048689181325713505,-0.009629287158769618,0.02072918460416953,33,24.666666666666668,0.027330765637999743,19.333333333333332,0.02246184750542839,2.6666666666666665,0.00056819700775724,0.6666666666666666,0.00019805902158843337,9.666666666666666,0.010303822044898618,6.333333333333333,0.005805041898496074,-0.007508680063928063,0.01346463927004701,0.008650795191595107,3,1
2000,sgd,Memory B-2,Cycling T,0.02215710486946826,-0.0014363697564360285,0.08259205143959544,33,5.0,0.023594941330506592,7.666666666666667,0.0014378364610383324,0.6666666666666666,6.99031840900353e-05,1.0,0.00012599658617357733,3.3333333333333335,0.023227949614033915,5.666666666666667,0.0010147513424821051,0.03491667186454505,0.002029013556799418,0.029525629187060316,1,2
2000,sgd,Memory B-2,Erythrocyte,4.731152272135879e-05,0.0,0.00026021337496747333,33,1.0,8.226311476637644e-05,0.3333333333333333,3.495159204501765e-05,0.0,0.0,0.0,0.0,0.6666666666666666,4.731152272135879e-05,0.0,0.0,0.00014193456816407636,0.0,0.0,0,0
2000,sgd,Memory B-2,GCB,0.018982870476466258,0.005323194845418187,0.04174584469472679,33,230.33333333333334,0.04389097793501645,128.66666666666666,0.024908107458550197,72.33333333333333,0.007208437796766433,21.0,0.0020333287099013075,67.33333333333333,0.017597550938902782,17.0,0.003789789549301649,0.0140891721733613,0.013274196927527454,0.02958524232851002,7,7
2000,sgd,Memory B-2,Memory B-1,-0.09385002105960612,-0.20716733144422217,-0.0050919409008807325,33,460.0,0.3619822474529903,374.6666666666667,0.45583226851259645,136.0,0.020840614226885476,49.333333333333336,0.06583995528194302,59.666666666666664,0.03660844447924422,61.0,0.0854591244837928,-0.14472428858432246,-0.016782285112577212,-0.12004348948191865,10,17
2000,sgd,Memory B-2,Memory B-2,0.0330125960399422,-0.024676270187101796,0.11017386792440283,33,1108.0,0.23969845821855248,1237.6666666666667,0.20668586217861026,0.0,0.0,0.0,0.0,0.0,0.0,0.0,0.0,0.0402269341357544,-0.005976503636493885,0.06478735762056609,0,0
2000,sgd,Memory B-2,Naive T,0.010467535716267228,-0.004581557942374655,0.03303513729570527,33,19.0,0.01465167061532304,11.333333333333334,0.004184134899055808,3.3333333333333335,0.0003365497358023322,3.3333333333333335,0.0002591492749754705,14.666666666666666,0.013017543024849426,7.0,0.0026274077694090573,0.0055486598541446535,0.0007976093597093689,0.02505633793494767,5,2
2000,sgd,Memory B-2,Plasma,-0.00916105417140658,-0.03392665343360204,0.0030254408478863582,33,52.333333333333336,0.047419398315701154,75.0,0.056580452487107726,10.0,0.0009888881686748402,14.333333333333334,0.0029811556152795475,9.666666666666666,0.003640221968868485,28.0,0.010809008693670357,-0.004791159390081824,0.0008509964309651693,-0.023542999555103084,6,7
2000,sgd,Memory B-2,Tcm,-0.0011878178930456525,-0.006618185198816118,0.0032748854485307862,33,6.0,0.0037089906944410135,6.666666666666667,0.004896808587486666,0.3333333333333333,2.4696846212738633e-05,1.0,0.0007083522654456909,3.0,0.001303735729965238,3.0,0.0018078982037779384,0.0007389695914286078,-0.001133377972074468,-0.003169045298491098,1,2
2000,sgd,Memory B-2,cDC2,-0.000503685704271163,-0.0015722734389914718,0.00016422777178122335,33,0.6666666666666666,0.00010182882523308058,7.333333333333333,0.0006055145295042437,0.3333333333333333,5.372877713303245e-05,1.0,8.434528447049491e-05,0.3333333333333333,4.81000481000481e-05,6.333333333333333,0.0005211692450337488,-0.0002590594969810551,-0.001042288063562328,-0.0002097095522701059,1,2
2000,sgd,Memory B-2,pDC,0.008806034979489933,-0.016394058637322656,0.05475583579586295,33,11.333333333333334,0.03327535676511379,9.666666666666666,0.02446932178562386,3.0,0.0028471275947637696,0.6666666666666666,0.0001471295588942648,3.6666666666666665,0.014019750101600935,4.333333333333333,0.007913713157980512,0.03611392332440342,0.0030918293282553057,-0.01278764771418893,5,2
2000,sgd,Memory B-2,platelet,-0.0008207105853745995,-0.02146930286631092,0.02458796338275092,33,58.0,0.0723508221587484,61.0,0.07317153274412301,4.0,0.005546230328646306,2.6666666666666665,0.0004979229020844453,4.333333333333333,0.004283935514572171,8.666666666666666,0.01015295352650863,-0.0062479507114624805,0.007940389003528656,-0.004154570048189974,7,4
2000,sgd,Naive T,Atypical Memory B,0.0008716559913002956,-0.0008685871427106234,0.003070507945665221,40,40.333333333333336,0.0031833364326153517,11.666666666666666,0.002311680441315056,11.333333333333334,0.00038208692675297196,1.6666666666666667,6.90994921502929e-05,21.666666666666668,0.0013046030280066975,2.6666666666666665,0.0007459344713090814,0.001490174460302462,0.0016846518550796725,-0.0005598583414812475,8,3
2000,sgd,Naive T,CD14 Monocyte-1,-0.0002625385828534731,-0.0034473096003308033,0.0023904638727255227,40,25.333333333333332,0.004539549611522834,17.333333333333332,0.004802088194376307,2.6666666666666665,0.00035177137213218153,0.3333333333333333,4.14181577203446e-06,16.333333333333332,0.002725582593053545,10.666666666666666,0.0033357507322671655,0.0006138547115152242,-0.0006996503185432221,-0.0007018201415324211,6,1
2000,sgd,Naive T,CD14 Monocyte-2,-0.014271370091668248,-0.06792725454603095,0.007666230213914491,40,136.33333333333334,0.04902082731606353,157.66666666666666,0.06329219740773179,7.333333333333333,0.0013710862128085341,21.333333333333332,0.0017427146215412415,55.666666666666664,0.017661541445263062,63.0,0.03156128312819861,-0.020949708015293528,0.00048534216342124153,-0.02234974442313245,11,16
2000,sgd,Naive T,CD14 Monocyte-3,0.002341707091831766,0.00021262167182813088,0.005199036048505288,40,304.0,0.005036855027657631,133.66666666666666,0.0026951479358258653,102.0,0.001002044355322033,50.0,0.000481947575538701,151.33333333333334,0.0026393065013616793,33.0,0.0008176961893132458,0.0014277440186609204,0.001707157626174129,0.0038902196306602466,7,6
2000,sgd,Naive T,CD16 Monocyte-1,-0.008368521977989549,-0.030204526350172893,0.001709496578794135,40,11.0,0.0024177456141383996,45.666666666666664,0.010786267592127948,0.6666666666666666,5.2742616033755275e-05,8.0,0.0015577551848097778,5.333333333333333,0.0016632385064212628,32.666666666666664,0.008526747915634788,-0.0006046217379879172,-0.0253874891365173,0.0008865449405365768,1,10
2000,sgd,Naive T,CD16 Monocyte-2,-0.0001236858367585524,-0.003773061451383038,0.0035314416091848768,40,58.0,0.0057029995055063775,59.666666666666664,0.00582668534226493,6.666666666666667,0.00042062674284651245,10.0,0.0005199792265597147,33.333333333333336,0.0036109814269453915,31.666666666666668,0.0036353147799907414,0.0025030316543465793,-0.0009610926356528521,-0.0019129965289693845,8,9
2000,sgd,Naive T,CD16 NK,-0.005017448443641828,-0.012213845568696837,0.002023976745564705,40,117.33333333333333,0.026192653462840776,169.0,0.0312101019064826,10.0,0.0005195890196739027,49.666666666666664,0.0033904836862099497,68.0,0.015340306244062492,80.0,0.017486860021168275,-0.006653075067851122,-0.00410862814658332,-0.004290642116491039,8,21
2000,sgd,Naive T,CD4 + Tcm-1,-0.042532685276084614,-0.071821035825957,-0.011858975017898886,40,1021.6666666666666,0.23705918726215214,1256.3333333333333,0.27959187253823675,125.0,0.011358375273517025,270.6666666666667,0.03479323551001746,324.6666666666667,0.065912720652682,413.6666666666667,0.08501054569226618,-0.0447891627517656,-0.03963288497393289,-0.043176008102555355,32,37
2000,sgd,Naive T,CD4 + Tcm-2,0.007317251795064469,-0.017537947184369997,0.026849071920449094,40,2496.0,0.10199764684358494,3779.0,0.09468039504852048,394.3333333333333,0.007919039219325524,1392.6666666666667,0.019073927984877243,419.0,0.039375405761401416,703.6666666666666,0.02090326520078523,-0.007621560358627757,0.011374731489589519,0.018198584254231636,18,22
2000,sgd,Naive T,CD4 Monocyte-4,0.0011063051114884944,-0.0006199121892049566,0.0029282267606903245,40,28.333333333333332,0.0035176526819139125,8.666666666666666,0.0024113475704254177,7.0,0.00010087474886973514,0.3333333333333333,3.892262182780632e-06,15.333333333333334,0.001785975762181284,2.3333333333333335,0.0007766531373797438,0.0007304322912404885,0.0009291107533782207,0.0016593722898467743,6,1
2000,sgd,Naive T,CD56 NK,0.002995672167902403,-0.004691640926265315,0.00994018341111496,40,340.0,0.01832086504749872,497.6666666666667,0.015325192879596316,50.666666666666664,0.0010588661131328686,181.33333333333334,0.0028765505035977744,161.33333333333334,0.011514412663968238,188.33333333333334,0.006701056105600934,0.008039012659651509,0.00039288268666872876,0.0005551211573869688,11,15
2000,sgd,Naive T,CD8 + CTL-1,0.002495488763254635,-0.0053273027082351475,0.007409069055733008,40,231.66666666666666,0.011717831382984989,265.0,0.009222342619730354,42.333333333333336,0.0008723316141901807,67.0,0.001165551890591245,124.0,0.007881133835830991,132.66666666666666,0.005092424796175292,0.005334325707919628,-0.003361250264247782,0.0055133908460920575,13,10
2000,sgd,Naive T,CD8 + CTL-2,0.00859044241021682,-0.0044621644340497955,0.019394991499413056,40,1203.6666666666667,0.02744757787978323,1217.3333333333333,0.01885713546956641,427.6666666666667,0.007135260855770158,616.6666666666666,0.0064903248076237504,417.6666666666667,0.013759025359719838,242.33333333333334,0.005813518997649428,0.0008243687349883813,0.009300049122486727,0.01564690937317535,16,8
2000,sgd,Naive T,CD8 + CTL-3,-0.0006227161701617372,-0.010302543859127714,0.0058629033439550815,40,382.3333333333333,0.006973133834503239,369.6666666666667,0.007595850004664975,152.33333333333334,0.0016740999305620348,122.66666666666667,0.002052132770670878,157.66666666666666,0.00433499169729664,174.66666666666666,0.004579675027349535,-0.002396720115394906,0.003198076839527768,-0.0026695052346180736,6,7
2000,sgd,Naive T,CD8 Tem-1,0.009547374872871968,-0.02527861569645852,0.06280352435561681,40,515.6666666666666,0.17006119673759676,559.6666666666666,0.1605138218647248,31.333333333333332,0.007520015253431722,57.0,0.01046595192040208,154.0,0.06347656407921307,172.33333333333334,0.05098325253937075,0.030705890725162326,-0.0031313626852358294,0.001067596578689406,25,31
2000,sgd,Naive T,CD8 Tem-2,0.0018820614535303773,-0.006971737192782286,0.009237918919813917,40,424.3333333333333,0.030867067228034003,245.0,0.028985005774503626,88.66666666666667,0.0020781423985693093,34.333333333333336,0.003831577936281126,187.0,0.01414963520287476,62.0,0.010514138211632567,-0.0036770474750734625,0.004614368362112764,0.004708863473551831,15,22
2000,sgd,Naive T,Cycling T,0.001284043893541251,-0.007054662670535432,0.009871012170443207,40,169.66666666666666,0.026773319096245324,181.33333333333334,0.02548927520270407,27.333333333333332,0.0011306326550608282,46.333333333333336,0.0023955619414515144,70.33333333333333,0.012021426169798961,63.0,0.009472452989867023,0.005688819417025451,0.003217425921275907,-0.0050541136576776014,13,18
2000,sgd,Naive T,Erythrocyte,-0.0027817043241488097,-0.010920099964126302,0.0010556331040704955,40,35.0,0.005187446042722944,40.666666666666664,0.007969150366871755,4.333333333333333,0.00026933967584120223,3.3333333333333335,0.0005668934240362812,8.666666666666666,0.00027195738895217496,15.333333333333334,0.002756107964905906,-0.0007753801343684337,-0.0021669783902996107,-0.005402754447778385,4,1
2000,sgd,Naive T,GCB,0.0014056781871070359,-0.001902023819157647,0.004055405706703723,40,197.33333333333334,0.005106908888547084,117.66666666666667,0.003701230701440048,66.0,0.0011226190488274402,53.333333333333336,0.0006799634521235254,87.33333333333333,0.002607612884049946,20.333333333333332,0.001644590293646825,-0.0005967265016176259,0.0030177343310783477,0.0017960267318603853,10,8
2000,sgd,Naive T,Memory B-1,-0.015083584161997052,-0.05140351385703362,0.0037112459995693797,40,48.666666666666664,0.013803676377109877,107.33333333333333,0.028887260539106927,3.6666666666666665,0.0008992424577230818,13.666666666666666,0.0032557965770210104,23.333333333333332,0.007404167641235277,72.0,0.0201311976839344,-0.04462313577779146,0.0025734721779167263,-0.0032010888861164306,6,14
2000,sgd,Naive T,Memory B-2,0.0006824165149977978,-1.046461712410445e-05,0.001894249335951114,40,17.0,0.001010536415635095,8.666666666666666,0.0003281199006372972,2.3333333333333335,2.2610049181757705e-05,1.3333333333333333,1.0934747579352061e-05,10.666666666666666,0.0007580728062096344,3.3333333333333335,8.733159281424205e-05,0.0009673256327711723,0.0002665080239579999,0.0008134158882642213,4,2
2000,sgd,Naive T,Naive T,0.05247779339233837,0.021941226508285703,0.08860661149504405,40,9839.333333333334,0.22416627676469078,8358.0,0.1716884833723524,0.0,0.0,0.0,0.0,0.0,0.0,0.0,0.0,0.07654904196712418,0.03653487385290605,0.04434946435698488,0,0
2000,sgd,Naive T,Plasma,-0.0005321328975711611,-0.0041429186723702755,0.00216978648332102,40,25.0,0.0022047742337348588,33.0,0.00273690713130602,6.333333333333333,7.909093435495855e-05,4.333333333333333,0.0002551959884638053,14.333333333333334,0.0016681639070299764,24.333333333333332,0.002024191750492291,0.0018184311801029147,-5.6552583167389455e-06,-0.0034091746144996595,4,6
2000,sgd,Naive T,Tcm,-0.0031127760638604307,-0.018238529436012126,0.007045978530435739,40,166.0,0.010604780618208109,153.66666666666666,0.01371755668206854,38.333333333333336,0.0010030169709730234,48.333333333333336,0.004211641520304464,94.33333333333333,0.006215102807623866,72.0,0.006119254322152855,-0.005142041081227177,-0.00083762301878137,-0.0033586640915727432,12,6
2000,sgd,Naive T,cDC2,-0.0008515139168115936,-0.0030496328872812186,0.0012507891714147392,40,23.333333333333332,0.0021844869442013016,37.666666666666664,0.003036000861012895,3.3333333333333335,8.841977154232061e-05,9.0,0.0006060493509232343,15.666666666666666,0.0017912543267069637,24.333333333333332,0.002125138664137644,-8.65248126506405e-05,-0.0018569967304900652,-0.0006110202072940744,5,10
2000,sgd,Naive T,pDC,0.0010780548000803834,-0.0020488712235940446,0.004407294021817949,40,87.66666666666667,0.003918268321637461,118.0,0.0028402135215570778,19.666666666666668,0.0003403511581429302,49.333333333333336,0.0006160670916377087,30.0,0.0028266470683227813,30.666666666666668,0.00147287633474762,0.0013202246059770884,0.00343499244874606,-0.0015210526544819983,6,6
2000,sgd,Naive T,platelet,-0.0005152687019790121,-0.0018561579519468976,0.0003958620528119963,40,15.0,0.0009834004288703316,11.0,0.0014986691308493435,1.0,0.0001439182292167669,1.0,0.0002766157137741837,7.666666666666667,0.00028117569407884116,3.6666666666666665,0.0006637469115004364,-9.697393713870455e-05,-0.000581766095718871,-0.0008670660730794606,3,2
2000,sgd,Plasma,Atypical Memory B,0.0,-0.0007751937984496124,0.0007751937984496124,40,2.3333333333333335,0.00566549656281995,2.3333333333333335,0.00566549656281995,0.3333333333333333,0.0001937984496124031,0.3333333333333333,0.0001937984496124031,0.0,0.0,0.0,0.0,0.0005813953488372093,0.0,-0.0005813953488372093,1,1
2000,sgd,Plasma,CD14 Monocyte-1,0.00030864197530864197,0.0,0.0018518518518518517,40,0.3333333333333333,0.00030864197530864197,0.0,0.0,0.3333333333333333,0.00030864197530864197,0.0,0.0,0.0,0.0,0.0,0.0,0.0,0.0,0.0009259259259259259,1,0
2000,sgd,Plasma,CD14 Monocyte-2,0.0001155407822334523,-0.0002966192865424084,0.0007447659407274354,40,3.0,0.0010310254827121687,2.6666666666666665,0.0009154847004787164,0.6666666666666666,0.00018616225116000598,0.3333333333333333,7.062146892655367e-05,0.0,0.0,0.0,0.0,0.0005584867534800179,-0.000211864406779661,0.0,2,1
2000,sgd,Plasma,CD14 Monocyte-3,0.00030864197530864197,0.0,0.0018518518518518517,40,0.3333333333333333,0.00030864197530864197,0.0,0.0,0.3333333333333333,0.00030864197530864197,0.0,0.0,0.0,0.0,0.0,0.0,0.0,0.0,0.0009259259259259259,1,0
2000,sgd,Plasma,CD16 Monocyte-1,0.0,0.0,0.0,40,0.0,0.0,0.0,0.0,0.0,0.0,0.0,0.0,0.0,0.0,0.0,0.0,0.0,0.0,0.0,0,0
2000,sgd,Plasma,CD16 Monocyte-2,0.0,0.0,0.0,40,0.0,0.0,0.0,0.0,0.0,0.0,0.0,0.0,0.0,0.0,0.0,0.0,0.0,0.0,0.0,0,0
2000,sgd,Plasma,CD16 NK,0.0002207030686099204,-0.0013938338493292054,0.001973684210526316,40,3.0,0.006001146825059869,2.3333333333333335,0.005780443756449948,1.0,0.000491928864905245,0.3333333333333333,0.00012254901960784314,0.6666666666666666,0.0002899197145405888,0.6666666666666666,0.0004385964912280702,0.0010297562646532905,0.0006578947368421052,-0.0010255417956656348,3,1
2000,sgd,Plasma,CD4 + Tcm-1,8.961279440745436e-05,-0.007071527421774308,0.00736787825313993,40,4.333333333333333,0.005102784376300036,4.333333333333333,0.005013171581892582,0.6666666666666666,0.000211864406779661,0.3333333333333333,0.00012254901960784314,1.0,0.002102832512315271,1.3333333333333333,0.0021025351050796347,0.005232889118902834,-4.283224828551201e-05,-0.004921218487394958,2,1
2000,sgd,Plasma,CD4 + Tcm-2,0.00024521434386945337,-0.0009712204036744728,0.0015586820785805202,40,4.666666666666667,0.001491172413559571,3.3333333333333335,0.0012459580696901177,2.0,0.0007644384139045921,0.0,0.0,0.3333333333333333,6.361323155216285e-05,1.0,0.0005828373015873016,0.000211864406779661,6.0631361323155236e-05,0.00046314726350554374,5,0
2000,sgd,Plasma,CD4 Monocyte-4,0.0,0.0,0.0,40,0.0,0.0,0.0,0.0,0.0,0.0,0.0,0.0,0.0,0.0,0.0,0.0,0.0,0.0,0.0,0,0
2000,sgd,Plasma,CD56 NK,0.0012451332932805579,0.0,0.0035879629629629625,40,2.3333333333333335,0.0013087465248327209,0.3333333333333333,6.361323155216285e-05,1.0,0.0005024635401941381,0.0,0.0,1.3333333333333333,0.0008062829846385825,0.3333333333333333,6.361323155216285e-05,0.0011167656205824145,0.0024277945646027704,0.00019083969465648855,3,0
2000,sgd,Plasma,CD8 + CTL-1,0.0,0.0,0.0,40,0.0,0.0,0.0,0.0,0.0,0.0,0.0,0.0,0.0,0.0,0.0,0.0,0.0,0.0,0.0,0,0
2000,sgd,Plasma,CD8 + CTL-2,0.0013503086419753086,0.0,0.004514371141975306,40,1.3333333333333333,0.0013503086419753086,0.0,0.0,1.0,0.0006558641975308641,0.0,0.0,0.3333333333333333,0.0006944444444444445,0.0,0.0,0.0005208333333333333,0.0005208333333333333,0.0030092592592592593,2,0
2000,sgd,Plasma,CD8 + CTL-3,0.001984126984126984,0.0,0.007142857142857143,40,2.0,0.0023809523809523807,0.3333333333333333,0.00039682539682539677,1.3333333333333333,0.001587301587301587,0.0,0.0,0.3333333333333333,0.00039682539682539677,0.0,0.0,0.0023809523809523807,0.0023809523809523807,0.0011904761904761904,1,0
2000,sgd,Plasma,CD8 Tem-1,0.0012515191153414415,-0.005795361247947456,0.010582964482349131,40,3.6666666666666665,0.004754935370084833,3.6666666666666665,0.0035034162547433914,0.6666666666666666,0.00012370002518982332,0.6666666666666666,0.00025149125467596804,0.6666666666666666,0.0033333333333333335,0.6666666666666666,0.001954022988505747,-0.005595238095238096,0.00397869536569295,0.00537110007556947,2,2
2000,sgd,Plasma,CD8 Tem-2,0.0,0.0,0.0,40,0.0,0.0,0.0,0.0,0.0,0.0,0.0,0.0,0.0,0.0,0.0,0.0,0.0,0.0,0.0,0,0
2000,sgd,Plasma,Cycling T,0.00016595179738562098,-0.00217792693966711,0.0032682064483632424,40,4.0,0.00315559398194306,4.0,0.002989642184557439,1.6666666666666667,0.0010884447352387282,0.0,0.0,0.3333333333333333,0.0006944444444444445,2.0,0.0016169373822975516,-0.0006254673479561317,-0.000390625,0.0015139477401129942,4,0
2000,sgd,Plasma,Erythrocyte,0.0,0.0,0.0,40,2.3333333333333335,0.0011984126984126984,2.3333333333333335,0.0011984126984126984,0.0,0.0,0.0,0.0,0.0,0.0,0.0,0.0,0.0,0.0,0.0,0,0
2000,sgd,Plasma,GCB,0.000979018556740435,-0.0009046052631578948,0.003414354091417268,40,3.0,0.0023437850092984697,2.0,0.001364766452558035,0.3333333333333333,0.00030864197530864197,0.6666666666666666,0.0002961601307189542,1.6666666666666667,0.0012269533788174137,0.3333333333333333,0.00026041666666666666,0.0006578947368421052,0.0008025706627680311,0.0014765902706111683,1,2
2000,sgd,Plasma,Memory B-1,-0.01010232180739683,-0.02871584054980305,0.0017700693474124276,40,17.666666666666668,0.023302796564367,22.666666666666668,0.03340511837176383,3.3333333333333335,0.0016075231404083686,8.0,0.00774629196448369,2.6666666666666665,0.0012094076668915953,3.0,0.005172960650213103,-0.0227341210325779,-0.0069752631366183995,-0.0005975812529941882,6,14
2000,sgd,Plasma,Memory B-2,0.0005292961043011162,-0.005648040416046131,0.006201636904761897,40,5.333333333333333,0.006431397655961609,6.0,0.005902101551660492,0.3333333333333333,0.00039682539682539677,1.6666666666666667,0.001323036398467433,1.0,0.0016493055555555556,0.3333333333333333,0.0001937984496124031,0.004055059523809523,-0.0024671712109061747,0.0,1,2
2000,sgd,Plasma,Naive T,-8.934372969460686e-05,-0.001239035087719298,0.0010093810916179215,40,0.3333333333333333,0.0002192982456140351,0.3333333333333333,0.00030864197530864197,0.0,0.0,0.0,0.0,0.3333333333333333,0.0002192982456140351,0.3333333333333333,0.00030864197530864197,0.0,-0.0009259259259259259,0.0006578947368421052,0,0
2000,sgd,Plasma,Plasma,0.0012041638154231486,-0.013850964942462896,0.018175476703063482,40,2109.6666666666665,0.9287570859393653,2112.3333333333335,0.9275529221239421,0.0,0.0,0.0,0.0,0.0,0.0,0.0,0.0,0.012741613640407847,-0.00047358521384116006,-0.008655536980297241,0,0
2000,sgd,Plasma,Tcm,0.00030864197530864197,0.0,0.0018518518518518517,40,0.3333333333333333,0.00030864197530864197,0.0,0.0,0.3333333333333333,0.00030864197530864197,0.0,0.0,0.0,0.0,0.0,0.0,0.0,0.0,0.0009259259259259259,1,0
2000,sgd,Plasma,cDC2,0.0,0.0,0.0,40,0.0,0.0,0.0,0.0,0.0,0.0,0.0,0.0,0.0,0.0,0.0,0.0,0.0,0.0,0.0,0,0
2000,sgd,Plasma,pDC,-0.00011484968652938426,-0.0023809523809523807,0.002462587566248619,40,3.0,0.004579135400815098,4.0,0.004693985087344483,0.3333333333333333,0.0002192982456140351,0.6666666666666666,0.00034184726522187825,0.3333333333333333,0.0006944444444444445,1.0,0.0006867451113659854,-0.0001326846528084919,0.0006578947368421052,-0.0008697591436217662,1,2
2000,sgd,Plasma,platelet,0.0,0.0,0.0,40,0.0,0.0,0.0,0.0,0.0,0.0,0.0,0.0,0.0,0.0,0.0,0.0,0.0,0.0,0.0,0,0
2000,sgd,Tcm,Atypical Memory B,0.001548106364781845,0.0,0.006744823521661172,36,1.3333333333333333,0.0030962127295636904,0.6666666666666666,0.001548106364781845,0.0,0.0,0.0,0.0,1.0,0.0015530028530204804,0.3333333333333333,4.8964882386352505e-06,1.4689464715905752e-05,0.004629629629629629,0.0,0,0
2000,sgd,Tcm,CD14 Monocyte-1,0.0031206951707568663,0.0,0.017557891953575103,36,2.6666666666666665,0.0031206951707568663,0.0,0.0,0.0,0.0,0.0,0.0,2.6666666666666665,0.0031206951707568663,0.0,0.0,0.009273948723975165,5.875785886362301e-05,2.9378929431811505e-05,0,0
2000,sgd,Tcm,CD14 Monocyte-2,-0.00120637228979376,-0.006756756756756757,0.0,36,0.0,0.0,3.6666666666666665,0.00120637228979376,0.0,0.0,0.3333333333333333,4.8964882386352505e-06,0.0,0.0,3.3333333333333335,0.0012014758015551246,0.0,-0.00361911686938128,0.0,0,1
2000,sgd,Tcm,CD14 Monocyte-3,0.0019596061871513747,0.0,0.006349206349206348,36,8.666666666666666,0.0019840886283445506,1.6666666666666667,2.4482441193176255e-05,0.0,0.0,0.0,0.0,8.333333333333334,0.0019791921401059154,1.3333333333333333,1.9585952954541002e-05,0.0022542678544793826,0.0031892460060977596,0.00043530470087698174,0,0
2000,sgd,Tcm,CD16 Monocyte-1,-0.009582590699283806,-0.03763941096040515,0.0,36,0.6666666666666666,9.792976477270501e-06,3.0,0.009592383675761077,0.0,0.0,0.0,0.0,0.3333333333333333,4.8964882386352505e-06,2.6666666666666665,0.009587487187522442,-2.9378929431811505e-05,-0.024103453003505887,-0.004614940164913723,0,0
2000,sgd,Tcm,CD16 Monocyte-2,-0.00015489454343626442,-0.0007179113815627769,4.8964882386352505e-06,36,1.6666666666666667,2.4482441193176255e-05,3.6666666666666665,0.00017937698462944067,0.0,0.0,0.0,0.0,1.6666666666666667,2.4482441193176255e-05,3.6666666666666665,0.00017937698462944067,-4.406839414771726e-05,-5.875785886362301e-05,-0.000361857377297453,0,0
2000,sgd,Tcm,CD16 NK,-0.010270590208133087,-0.07817915920226128,0.05110485698847852,36,451.3333333333333,0.247688556214275,114.33333333333333,0.2579591464224081,11.0,0.0006636465678927748,2.3333333333333335,0.014932384937966935,359.0,0.06822979122753443,30.666666666666668,0.06423164306559336,-0.004672215284381137,-0.026452413927322876,0.0003128585873047519,2,4
2000,sgd,Tcm,CD4 + Tcm-1,-0.01134765192870508,-0.08120672646993068,0.06600065018697222,36,203.66666666666666,0.2448758139178291,72.33333333333333,0.25622346584653416,18.666666666666668,0.0020314219374259145,4.666666666666667,0.01746765053437008,142.66666666666666,0.07008828932389509,25.333333333333332,0.06599971265565602,-0.06722311117621371,0.007257309884003419,0.025922845506095048,2,6
2000,sgd,Tcm,CD4 + Tcm-2,-0.017356707248374518,-0.07802639889493573,0.03670784174695245,36,305.3333333333333,0.1255783125136681,175.33333333333334,0.14293501976204262,41.0,0.0037401584034634588,17.0,0.005754368863485103,153.66666666666666,0.042865721412078873,47.666666666666664,0.05820821820043174,-0.012818819827432404,-0.010341558975578412,-0.028909742942112737,2,6
2000,sgd,Tcm,CD4 Monocyte-4,0.003101109217802326,0.0,0.01755777598411682,36,1.6666666666666667,0.0031060057060409616,0.3333333333333333,4.8964882386352505e-06,0.0,0.0,0.0,0.0,1.6666666666666667,0.0031060057060409616,0.3333333333333333,4.8964882386352505e-06,0.009273948723975165,1.4689464715905752e-05,1.4689464715905752e-05,0,0
2000,sgd,Tcm,CD56 NK,-0.0012772554556374864,-0.03319417810076029,0.028346351987076846,36,245.33333333333334,0.03890762734325314,207.66666666666666,0.040184882798890625,7.333333333333333,0.0018878117304410122,8.333333333333334,0.006913773386171882,162.33333333333334,0.01841072777048745,123.66666666666667,0.014662021570394068,0.020823418563563383,-0.005691092878703823,-0.018964092051772016,3,4
2000,sgd,Tcm,CD8 + CTL-1,0.015661612441599016,-0.010017720818467085,0.0412638051106361,36,228.66666666666666,0.029066268130484057,127.0,0.013404655688885039,19.333333333333332,0.0007860587738586564,12.0,0.001009143414607399,150.0,0.024592294528670525,55.666666666666664,0.008707597446322764,0.02198219823434579,0.005277755178601291,0.01972488391184997,2,3
2000,sgd,Tcm,CD8 + CTL-2,0.0009939691050135965,-0.023202901752733165,0.02614824952464946,36,90.66666666666667,0.026390584652343053,32.666666666666664,0.025396615547329457,4.666666666666667,6.855083534089352e-05,1.6666666666666667,0.0034820151986994924,79.33333333333333,0.015075004353200264,24.333333333333332,0.010667570884828068,0.0007329703817173486,-0.0036362884858228525,0.005885225419146291,1,2
2000,sgd,Tcm,CD8 + CTL-3,0.002331888701901629,-0.0398096112548122,0.04612470806246724,36,160.0,0.028296720784161292,1082.0,0.025964832082259665,6.0,0.001935092151908651,81.33333333333333,0.003371164145519278,7.666666666666667,0.022352205152310914,854.3333333333334,0.018584244456798665,0.008688083906222456,0.006213568244239847,-0.007905986044757417,2,3
2000,sgd,Tcm,CD8 Tem-1,-0.020485519452115606,-0.070728028819647,0.015505429690036786,36,9.0,0.03754406839414772,8.666666666666666,0.05802958784626333,0.0,0.0,0.3333333333333333,0.004629629629629629,5.0,0.011844727461464637,4.333333333333333,0.02770061728395062,-0.04162259827251895,-0.0032113618113089287,-0.016622598272518954,0,1
2000,sgd,Tcm,CD8 Tem-2,-0.0015709769494789388,-0.01272907303627842,0.005525393683494634,36,37.333333333333336,0.013773562562167921,19.333333333333332,0.015344539511646863,0.6666666666666666,0.0002608242044861763,0.3333333333333333,4.8964882386352505e-06,24.666666666666668,0.0019698323145112937,7.0,0.0037967369802377735,-0.0004686686361123966,0.00046468363030879325,-0.004708945842633213,1,1
2000,sgd,Tcm,Cycling T,-0.02223723811948737,-0.06056513967936495,0.014702397295567136,36,61.666666666666664,0.05393776273797277,24.333333333333332,0.07617500085746014,3.0,0.000420615236161076,1.3333333333333333,0.009722222222222222,46.333333333333336,0.016989671674141973,10.666666666666666,0.029925302807568194,-0.004170706269463541,-0.0327052363045224,-0.029835771784476176,2,2
2000,sgd,Tcm,Erythrocyte,-0.003581291497737823,-0.015384615384615387,0.0003526662569497042,36,11.333333333333334,0.018655620189200306,3.6666666666666665,0.022236911686938126,0.0,0.0,0.3333333333333333,0.001851851851851852,8.333333333333334,0.00012241220596588128,0.3333333333333333,0.001851851851851852,-0.005320524120101065,7.344732357952876e-05,-0.005496797696691933,0,1
2000,sgd,Tcm,GCB,0.0025547427385079423,0.0,0.011135893251153326,36,17.333333333333332,0.0025645357149852127,0.6666666666666666,9.792976477270501e-06,1.0,1.4689464715905752e-05,0.0,0.0,16.0,0.0025449497620306715,0.3333333333333333,4.8964882386352505e-06,0.00023503143545449204,0.0071941653446148425,0.00023503143545449204,1,0
2000,sgd,Tcm,Memory B-1,-0.010339506172839507,-0.04076984126984127,0.005002314814814803,36,0.3333333333333333,0.001851851851851852,2.0,0.01219135802469136,0.0,0.0,0.0,0.0,0.3333333333333333,0.001851851851851852,2.0,0.01219135802469136,-0.02962962962962963,0.0,-0.0013888888888888885,0,0
2000,sgd,Tcm,Memory B-2,5.875785886362301e-05,0.0,0.00020009433018422973,36,5.333333333333333,7.834381181816401e-05,1.3333333333333333,1.9585952954541002e-05,0.0,0.0,0.0,0.0,5.333333333333333,7.834381181816401e-05,1.3333333333333333,1.9585952954541002e-05,8.813678829543451e-05,2.9378929431811505e-05,5.875785886362301e-05,0,0
2000,sgd,Tcm,Naive T,0.019635353080326347,-0.009714397624233689,0.0752870815019079,36,36.333333333333336,0.029759394938018824,15.333333333333334,0.010124041857692483,3.3333333333333335,0.0005070313571106802,1.0,1.4689464715905752e-05,28.0,0.026598787110568064,9.333333333333334,0.007455775922636489,0.03479388044432994,0.017865891966896728,0.006246286829752368,2,1
2000,sgd,Tcm,Plasma,0.0015236239235886684,-0.00018092229516148914,0.008591017469639195,36,10.333333333333334,0.001690104523702267,11.333333333333334,0.00016648060011359854,0.0,0.0,1.0,1.4689464715905752e-05,8.666666666666666,0.001665622082509091,8.666666666666666,0.0001273086942045165,1.4689464715905752e-05,0.00011751571772724602,0.004438666588322854,0,1
2000,sgd,Tcm,Tcm,0.058694637814763716,0.017534003083125308,0.10516071428571427,36,216.33333333333334,0.08779394156172203,201.0,0.02909930374695831,0.0,0.0,0.0,0.0,0.0,0.0,0.0,0.0,0.05773631976534656,0.06281252291526435,0.05553507076368022,0,0
2000,sgd,Tcm,cDC2,8.813678829543451e-05,0.0,0.00030218327415577553,36,10.333333333333334,0.00015179113539769278,4.333333333333333,6.365434710225826e-05,1.3333333333333333,1.9585952954541002e-05,0.0,0.0,7.0,0.00010282625301134027,2.3333333333333335,3.427541767044676e-05,5.875785886362301e-05,0.00011751571772724605,8.813678829543451e-05,1,0
2000,sgd,Tcm,pDC,-1.9585952954541002e-05,-0.00020881460658520972,8.575471293609844e-05,36,3.0,4.406839414771726e-05,4.333333333333333,6.365434710225826e-05,0.0,0.0,0.3333333333333333,4.8964882386352505e-06,2.6666666666666665,3.9171905909082004e-05,3.6666666666666665,5.3861370624987756e-05,2.9378929431811505e-05,4.406839414771726e-05,-0.00013220518244315177,0,1
2000,sgd,Tcm,platelet,-0.0018420588753745816,-0.010796518358654798,3.0218327415577548e-05,36,0.6666666666666666,9.792976477270501e-06,0.3333333333333333,0.001851851851851852,0.0,0.0,0.3333333333333333,0.001851851851851852,0.6666666666666666,9.792976477270501e-06,0.0,0.0,0.0,-0.00554086609083965,1.4689464715905752e-05,0,1
2000,sgd,cDC2,Atypical Memory B,0.00038775203957820925,-0.0006412967167922918,0.0014551707320232287,40,12.333333333333334,0.001591991812654412,9.666666666666666,0.0012042397730762028,5.0,0.0007425675247724315,2.0,0.00024214456184368723,1.6666666666666667,0.0002263422991098304,2.0,0.00033901322246036544,0.0012315406043766988,0.0003890317923844671,-0.0004573162780265383,11,5
2000,sgd,cDC2,CD14 Monocyte-1,-0.0030381055485256847,-0.009182999384716499,0.004144592278298708,40,313.6666666666667,0.05237354057573993,339.0,0.05541164612426561,72.0,0.010675775232810185,93.66666666666667,0.013523323822166615,13.333333333333334,0.002157436911693134,17.0,0.0023479938708623883,0.0013250906755267338,-0.006468064082305292,-0.003971343238798497,30,33
2000,sgd,cDC2,CD14 Monocyte-2,0.0009085801544931009,-0.0009091427772295089,0.0025759687378610033,40,42.0,0.005855004024496965,35.333333333333336,0.004946423870003863,13.666666666666666,0.0019760352012463743,11.0,0.0016026666690106396,7.666666666666667,0.0010932290694669815,3.6666666666666665,0.0005580174472096152,0.00016927113386515594,0.0015159413008623771,0.001040528028751769,16,14
2000,sgd,cDC2,CD14 Monocyte-3,0.0015295615949422064,-0.0008058987340980476,0.004315819116753195,40,49.333333333333336,0.0056731280686549744,36.666666666666664,0.004143566473712769,16.666666666666668,0.0018349501966124528,10.0,0.0011713360087014968,12.333333333333334,0.0015036199888696688,6.333333333333333,0.0006376725818384186,0.0007944772991044242,8.143787707727322e-05,0.0037127696086449217,12,8
2000,sgd,cDC2,CD16 Monocyte-1,0.0001017190493449775,-0.003192163023233288,0.003731238698892912,40,35.333333333333336,0.0076954934840808426,44.0,0.007593774434735864,11.0,0.0026265332922616007,17.666666666666668,0.0021899213868544496,2.3333333333333335,0.00043518007389550654,4.333333333333333,0.0007700729299576794,0.001597413161868668,-0.002461735902229187,0.0011694798883954524,13,16
2000,sgd,cDC2,CD16 Monocyte-2,-0.0006129182619095693,-0.0037273544942463864,0.0019122340967433404,40,52.666666666666664,0.007182959547309505,56.0,0.007795877809219073,15.0,0.0017960534020712545,16.666666666666668,0.002138524462669667,3.6666666666666665,0.0004254925989233024,5.333333333333333,0.0006959398002344593,-0.0016902623323627284,0.001138183276749361,-0.0012866757301153412,16,12
2000,sgd,cDC2,CD16 NK,-0.008464272042753107,-0.03002025877970092,0.00334260356643406,40,17.666666666666668,0.008610921830861476,17.333333333333332,0.017075193873614582,14.666666666666666,0.002211903598042402,9.666666666666666,0.0017449722386870196,1.6666666666666667,0.00013557737260402056,6.333333333333333,0.00906678077471251,-0.01072033515260889,-0.005040100587766575,-0.009632380387883856,12,10
2000,sgd,cDC2,CD4 + Tcm-1,3.7722701462763325e-05,-0.009579762211740091,0.020349499147835844,40,23.333333333333332,0.009437598759356028,52.333333333333336,0.009399876057893261,10.0,0.0014868644607582773,27.666666666666668,0.004040707642396508,5.333333333333333,0.004854073765284953,16.666666666666668,0.002262507882183957,0.009323361353698349,-0.0010991164912841581,-0.008111076758025897,15,16
2000,sgd,cDC2,CD4 + Tcm-2,0.00017213756847047636,-0.0010075170766182507,0.001208031098938498,40,7.666666666666667,0.0007397379754246295,4.0,0.0005676004069541532,5.333333333333333,0.0004739173662127219,0.3333333333333333,2.2341376228775695e-05,1.3333333333333333,0.0001440640283047696,2.6666666666666665,0.0004235024498182393,-0.0004018678879919932,0.0009804401011629786,-6.215950775955619e-05,8,1
2000,sgd,cDC2,CD4 Monocyte-4,-0.00010406058942714635,-0.0016720499522787586,0.001437990482172084,40,26.333333333333332,0.003575911227633191,22.666666666666668,0.003679971817060338,8.333333333333334,0.0011967941931117722,8.0,0.0016444992487010207,4.333333333333333,0.0005157254454464712,1.0,0.0001720809792843691,0.0003656845712660775,-0.0005897081264760745,-8.81582130714419e-05,18,13
2000,sgd,cDC2,CD56 NK,0.001101357714709414,0.0003979609047920244,0.00199639905460009,40,9.666666666666666,0.0012073911675170603,0.6666666666666666,0.00010603345280764636,6.0,0.0008223586833090556,0.3333333333333333,9.259259259259259e-05,3.3333333333333335,0.00037159162399295073,0.0,0.0,0.0013970391644110875,0.0007692605497483546,0.0011377734299687994,10,1
2000,sgd,cDC2,CD8 + CTL-1,0.0008194071290164013,6.792043612081466e-05,0.0019966402831029396,40,6.666666666666667,0.0010216900357107215,1.6666666666666667,0.00020228290669432026,3.0,0.0005023469979763285,0.3333333333333333,2.696871628910464e-05,2.3333333333333335,0.0003440288473291774,0.0,0.0,0.0013012330485135057,0.00045823512988149963,0.0006987532086541988,5,1
2000,sgd,cDC2,CD8 + CTL-2,0.00035047131549227747,-3.371882289556431e-05,0.001335998459526656,40,2.3333333333333335,0.00039092438992593444,0.3333333333333333,4.045307443365696e-05,1.6666666666666667,0.0003180287361573667,0.3333333333333333,4.045307443365696e-05,0.6666666666666666,7.289565376856776e-05,0.0,0.0,0.0007052963905886855,8.710801393728223e-05,0.00025900954195086454,4,1
2000,sgd,cDC2,CD8 + CTL-3,0.0011567361562695676,0.0,0.0026677372287238965,40,9.333333333333334,0.001264961264494676,0.3333333333333333,0.00010822510822510823,4.0,0.0004654970681058893,0.3333333333333333,0.00010822510822510823,5.333333333333333,0.0007994641963887865,0.0,0.0,0.0009570223590842147,0.0014000273039107252,0.0011131588058137629,6,1
2000,sgd,cDC2,CD8 Tem-1,0.0002479657421517183,-0.0007322954002389486,0.0013195412899000493,40,5.666666666666667,0.0029159565336204993,4.333333333333333,0.00266799079146878,1.3333333333333333,0.00016666666666666666,1.0,0.00022205834152736807,1.6666666666666667,0.0003302391374425272,0.6666666666666666,2.6881720430107527e-05,0.000964775362655872,0.000125,-0.00034587813620071687,1,2
2000,sgd,cDC2,CD8 Tem-2,3.0084235860409147e-05,0.0,0.00018050541516245492,40,0.3333333333333333,3.0084235860409147e-05,0.0,0.0,0.3333333333333333,3.0084235860409147e-05,0.0,0.0,0.0,0.0,0.0,0.0,0.0,9.025270758122745e-05,0.0,1,0
2000,sgd,cDC2,Cycling T,-0.00034904959132134317,-0.0011183686529678304,0.00029216588970324537,40,6.333333333333333,0.0007296810138288989,8.333333333333334,0.0010787306051502422,2.3333333333333335,0.00019485527372086535,2.3333333333333335,0.00030732545711673515,0.6666666666666666,6.585176168255902e-05,2.6666666666666665,0.00030243116960803235,3.428192757488296e-05,-0.00028231941219455296,-0.0007991112893443594,4,6
2000,sgd,cDC2,Erythrocyte,1.3440860215053762e-05,0.0,8.064516129032257e-05,40,8.0,0.0009231482385445655,7.666666666666667,0.0009097073783295119,0.3333333333333333,1.3440860215053763e-05,0.0,0.0,0.0,0.0,0.0,0.0,0.0,4.0322580645161284e-05,0.0,1,0
2000,sgd,cDC2,GCB,5.082191300690477e-05,-0.00012033694344163659,0.00024271844660194176,40,1.0,8.090614886731392e-05,0.3333333333333333,3.0084235860409147e-05,1.0,8.090614886731392e-05,0.3333333333333333,3.0084235860409147e-05,0.0,0.0,0.0,0.0,8.090614886731392e-05,8.090614886731392e-05,-9.34655871391352e-06,1,1
2000,sgd,cDC2,Memory B-1,-0.0003947451310738126,-0.0016913085383757152,0.00024546961352780886,40,2.6666666666666665,0.00034121441913448103,5.0,0.0007359595502082938,1.3333333333333333,0.0001745886924498008,4.0,0.0005709031894997591,0.6666666666666666,9.416195856873823e-05,0.3333333333333333,9.259259259259259e-05,-0.0011149833156591112,0.0001666666666666667,-0.00023591874422899356,4,5
2000,sgd,cDC2,Memory B-2,0.0,0.0,0.0,40,1.0,0.00017730496453900705,1.0,0.00017730496453900705,0.0,0.0,0.0,0.0,0.0,0.0,0.0,0.0,0.0,0.0,0.0,0,0
2000,sgd,cDC2,Naive T,0.000639378543619995,0.00010481622359602976,0.0013335522118731195,40,7.666666666666667,0.0010155626764359416,2.3333333333333335,0.00037618413281594656,2.3333333333333335,0.0002313610625554179,0.3333333333333333,2.2341376228775695e-05,3.6666666666666665,0.0004665907413513239,0.3333333333333333,3.6231884057971014e-05,0.0005092230882360169,0.000624727282219994,0.0007841852604039742,5,1
2000,sgd,cDC2,Plasma,-0.00017145852051512429,-0.00047619047619047624,0.0,40,0.3333333333333333,1.3440860215053763e-05,1.6666666666666667,0.00018489938073017805,0.3333333333333333,1.3440860215053763e-05,1.6666666666666667,0.00018489938073017805,0.0,0.0,0.0,0.0,-0.00011904761904761906,-0.00011904761904761906,-0.0002762803234501348,1,3
2000,sgd,cDC2,Tcm,0.0070256813058900405,0.0,0.02052093707639277,40,7.0,0.007413278205114847,1.3333333333333333,0.0003875968992248062,4.666666666666667,0.0008254995514118723,0.3333333333333333,9.689922480620155e-05,1.6666666666666667,0.006393980204090571,0.3333333333333333,9.689922480620155e-05,0.00812651445554426,0.006409831787707254,0.006540697674418605,4,1
2000,sgd,cDC2,cDC2,0.0025440911861432203,-0.016049941618746958,0.016347128063610012,40,6676.333333333333,0.8683650956726331,6657.0,0.8658210044864899,0.0,0.0,0.0,0.0,0.0,0.0,0.0,0.0,-0.0077258726152459965,0.0022002517466397946,0.013157894427035863,0,0
2000,sgd,cDC2,pDC,-0.003947828737886495,-0.012848645615745682,0.0004248620502765826,40,50.0,0.011205262035919136,65.33333333333333,0.015153090773805633,18.0,0.002416099134853769,29.666666666666668,0.003792036729229091,1.3333333333333333,0.00019933639663081168,5.0,0.0027712275401419843,-0.006985761822265615,-0.0006062276969121897,-0.004251496694481682,19,27
2000,sgd,cDC2,platelet,-3.4470787254456395e-05,-0.00025,0.00017572463768115944,40,1.3333333333333333,0.00016781083142639207,1.6666666666666667,0.00020228161868084845,0.3333333333333333,3.6231884057971014e-05,0.3333333333333333,4.1666666666666665e-05,0.0,0.0,0.3333333333333333,2.9036004645760743e-05,-0.000125,0.00010869565217391305,-8.710801393728223e-05,1,1
2000,sgd,pDC,Atypical Memory B,0.0003340533847731705,-0.0005747126436781609,0.0023809523809523807,40,1.3333333333333333,0.0007132207662565582,1.0,0.0003791673814833877,0.3333333333333333,8.090614886731392e-05,0.3333333333333333,0.00014367816091954023,0.3333333333333333,0.00039682539682539677,0.0,0.0,0.001433194637078132,0.0,-0.0004310344827586207,1,1
2000,sgd,pDC,CD14 Monocyte-1,0.0014253109356809326,-0.0011570928626405252,0.00627620076214587,40,7.333333333333333,0.0034698260707026495,5.333333333333333,0.0020445151350217167,2.3333333333333335,0.0009791119346344711,1.0,0.00029313779180894703,2.0,0.0013964892120560204,1.3333333333333333,0.000657152419200612,0.003590132157295661,-0.00011372909170861297,0.0007995297414557497,4,3
2000,sgd,pDC,CD14 Monocyte-2,0.0012111173783263,-0.0013579474342928662,0.005532263827686559,40,6.333333333333333,0.003293849563658808,5.0,0.002082732185332508,1.0,0.0002918544527128533,1.0,0.00047232820471360365,3.0,0.002092889380123423,1.6666666666666667,0.0007012982497963724,0.001790319609468546,0.002238030583427578,-0.0003949980579172241,3,3
2000,sgd,pDC,CD14 Monocyte-3,0.00027407813050677165,-0.000862160420009486,0.0017045454545454545,40,1.3333333333333333,0.0006450150593152621,1.0,0.00037093692880849056,1.0,0.00045562111992132273,0.6666666666666666,0.0002465588193557542,0.3333333333333333,0.0001893939393939394,0.3333333333333333,0.0001243781094527363,0.0005681818181818182,-0.0004365217522933002,0.0006905743256317969,3,2
2000,sgd,pDC,CD16 Monocyte-1,1.282916143597259e-05,-0.0010787598498995558,0.0013285370335002673,40,2.0,0.0007286096256684492,2.0,0.0007157804642324766,1.3333333333333333,0.0005325311942959002,0.3333333333333333,0.00013227513227513228,0.0,0.0,1.0,0.0003874269005847953,0.0001860516934046345,-0.0003289473684210526,0.0001813831593243358,3,1
2000,sgd,pDC,CD16 Monocyte-2,8.852487006417808e-05,-0.0014001024511288184,0.0016083376222336594,40,5.0,0.0015217280658461386,4.0,0.001433203195781961,2.6666666666666665,0.0009417939475821111,1.6666666666666667,0.0007997666242347093,0.3333333333333333,8.090614886731392e-05,0.3333333333333333,0.00013440860215053763,0.000888106692459959,-0.0005319148936170213,-9.061718865040354e-05,7,3
2000,sgd,pDC,CD16 NK,0.006452481468294205,-0.0015273770658536733,0.017410652856305425,40,14.333333333333334,0.015189866328479929,9.0,0.008737384860185727,5.666666666666667,0.002655070455799418,2.0,0.0003777510968976487,4.666666666666667,0.006820582754329931,3.0,0.0026454206449374965,0.011781789536695548,0.004431386909488683,0.003144267958698383,6,4
2000,sgd,pDC,CD4 + Tcm-1,-0.007876365439900236,-0.020688699788083312,0.0030680664739423692,40,34.666666666666664,0.01957569210408994,47.0,0.027452057543990174,6.666666666666667,0.001689373737107634,11.0,0.003580469696836324,10.0,0.007575800650968085,18.0,0.01356107013113963,-0.012309149835961217,-0.0088621138299056,-0.002457832653833889,10,17
2000,sgd,pDC,CD4 + Tcm-2,-0.0013147930904741515,-0.006805950411451653,0.0018447921688396608,40,8.666666666666666,0.003337629224280905,9.333333333333334,0.004652422314755056,2.0,0.0006685967806755928,2.6666666666666665,0.0009719924193398733,2.6666666666666665,0.0010037170452882555,2.6666666666666665,0.0020151144970981263,-0.0006856669648141984,0.0001870198944690254,-0.0034457322010772807,4,4
2000,sgd,pDC,CD4 Monocyte-4,0.0010582894774071245,-0.0009051783592224768,0.004081253713606655,40,3.0,0.002077586084939026,1.3333333333333333,0.0010192966075319016,1.3333333333333333,0.0006990422431598902,0.3333333333333333,0.00013227513227513228,1.3333333333333333,0.0011334458025634496,0.6666666666666666,0.0006419234360410831,5.8356676003734796e-05,0.0002257342330871743,0.0028907775231304645,3,1
2000,sgd,pDC,CD56 NK,0.0012645352791757455,-0.0013355759974592858,0.0040539033776947585,40,7.333333333333333,0.0036311634771725014,5.333333333333333,0.0023666281979967557,1.6666666666666667,0.0009767402357235043,1.0,0.00042606118344447975,2.6666666666666665,0.0014855541296187203,1.3333333333333333,0.000771697902721999,0.0016314451594916977,0.0020304451342907587,0.00013171554374478094,4,2
2000,sgd,pDC,CD8 + CTL-1,0.0012969784256175053,0.0,0.0030110502992091335,40,3.6666666666666665,0.0018288933192345265,1.0,0.0005319148936170213,2.3333333333333335,0.0012896721259997937,0.6666666666666666,0.0003546099290780142,1.0,0.0003619162286957257,0.0,0.0,0.0011805555555555556,0.0016042061986084755,0.0011061735226884845,5,2
2000,sgd,pDC,CD8 + CTL-2,-0.0001875409095874737,-0.0022088630225778404,0.001908727035579873,40,3.6666666666666665,0.002664896679198903,3.6666666666666665,0.0028524375887863766,1.0,0.0003666989039329465,1.0,0.0004225805104759519,1.0,0.0003038567749008598,1.0,0.0004355160779453281,-0.0014557670772676373,-0.0008525652411876921,0.0017457095896929082,2,3
2000,sgd,pDC,CD8 + CTL-3,-0.000535152085142636,-0.005570409982174687,0.0031914893617021275,40,5.0,0.002612011035424739,3.0,0.0031471631205673757,2.0,0.0009257121563767006,1.6666666666666667,0.0024379432624113476,1.6666666666666667,0.0009770790208920108,0.0,0.0,-0.00011994159365874011,-0.000416460817249632,-0.0010690538445195358,4,2
2000,sgd,pDC,CD8 Tem-1,-0.0006641059054920432,-0.00993365687192012,0.007171125132932144,40,10.0,0.013242456732600041,10.333333333333334,0.013906562638092083,2.3333333333333335,0.002080073408673814,0.6666666666666666,0.0009395424836601307,3.0,0.003269039542124618,5.0,0.005073676372630345,-0.005379791043624181,0.003933957599385715,-0.0005464842722376632,5,2
2000,sgd,pDC,CD8 Tem-2,0.00041848914783399615,-0.0004007992980382398,0.0018698331317250933,40,3.6666666666666665,0.0017969059505431532,3.0,0.001378416802709157,0.3333333333333333,8.090614886731392e-05,0.3333333333333333,8.865248226950355e-05,1.0,0.0004810600426396945,0.3333333333333333,5.482456140350877e-05,-0.0001292263117419285,0.0,0.001384693755243917,1,1
2000,sgd,pDC,Cycling T,0.003131907824200583,-0.004279745301996698,0.010444423996583385,40,38.333333333333336,0.015978960566562773,35.333333333333336,0.012847052742362192,9.333333333333334,0.004341227962936691,4.0,0.0008018046953531723,7.0,0.0033218087361909176,9.333333333333334,0.0037293241795738528,0.006105660627994605,-0.0001321439784629494,0.0034222068230700944,12,6
2000,sgd,pDC,Erythrocyte,-3.7163780030329624e-05,-0.0008522727272727272,0.0007426104770266316,40,16.333333333333332,0.004549831644724547,16.666666666666668,0.004586995424754877,0.3333333333333333,0.0001243781094527363,0.0,0.0,0.3333333333333333,0.00012254901960784314,1.0,0.0002840909090909091,-0.0002840909090909091,8.35561497326203e-05,8.90434192672999e-05,1,0
2000,sgd,pDC,GCB,0.00027107119571084776,-0.00041152263374485596,0.0014958074165882468,40,1.3333333333333333,0.00047683251258327563,0.6666666666666666,0.00020576131687242798,0.6666666666666666,0.000258211113406321,0.3333333333333333,0.00010288065843621399,0.3333333333333333,0.00011574074074074073,0.0,0.0,0.0,0.001121855562441185,-0.00030864197530864197,2,1
2000,sgd,pDC,Memory B-1,-0.004572170744841908,-0.014786600160891153,0.0030004071712377077,40,11.666666666666666,0.01217651462209674,22.666666666666668,0.01674868536693865,2.6666666666666665,0.001359541355334147,11.333333333333334,0.0030363462950799137,2.6666666666666665,0.001621905662584741,5.0,0.004517271467680882,-0.009477337332374247,-0.006421836940998101,0.002182662038846623,6,11
2000,sgd,pDC,Memory B-2,0.0007575757575757576,0.0,0.004545454545454545,40,0.3333333333333333,0.0007575757575757576,0.0,0.0,0.0,0.0,0.0,0.0,0.3333333333333333,0.0007575757575757576,0.0,0.0,0.0,0.0022727272727272726,0.0,0,0
2000,sgd,pDC,Naive T,0.006079387499033224,-0.0016977602583665122,0.012869576696517802,40,24.666666666666668,0.017618014360551906,11.666666666666666,0.01153862686151868,8.0,0.003708050843174183,2.6666666666666665,0.002571623093681917,9.666666666666666,0.006140951572532781,2.0,0.001197991822991823,0.01004414916022719,0.0018293842404243164,0.006364629096448168,15,6
2000,sgd,pDC,Plasma,-0.00015942811088232302,-0.003408187348496924,0.002194954412294645,40,5.666666666666667,0.0045405355698013685,5.0,0.004699963680683691,2.3333333333333335,0.0011367035304852312,2.0,0.0010883704522173978,1.3333333333333333,0.00047034338601324244,1.0,0.0006781045751633987,-0.001894240932868376,-0.00023791730513200533,0.0016538739053534133,6,5
2000,sgd,pDC,Tcm,-0.0032831364331677225,-0.013900709219858157,0.0013623593175181071,40,8.666666666666666,0.0064390857890544995,11.666666666666666,0.009722222222222222,1.0,0.0006175727866904337,3.3333333333333335,0.002777777777777778,1.3333333333333333,0.0005437352245862884,2.0,0.0016666666666666663,-0.0020479908597868554,-0.0022340425531914886,-0.0055673758865248234,3,1
2000,sgd,pDC,cDC2,-0.005307744070296848,-0.01453469793189874,0.0008757734432846198,40,34.0,0.02081529118089141,37.666666666666664,0.026123035251188257,7.666666666666667,0.0023772839016951773,10.0,0.006054121289926685,3.6666666666666665,0.0012499549105020244,5.0,0.002880861592567365,-0.006737698495419291,-0.005658487342464208,-0.0035270463730070457,13,13
2000,sgd,pDC,pDC,-4.395748601336973e-05,-0.01821787544810339,0.014810237104101228,40,2356.0,0.83993850126738,2361.0,0.8399824587533932,0.0,0.0,0.0,0.0,0.0,0.0,0.0,0.0,0.0008363058904120785,0.0069802451183091085,-0.007948423466761296,0,0
2000,sgd,pDC,platelet,-9.507187980727934e-05,-0.001091862471790787,0.0009815707943870435,40,0.6666666666666666,0.0003795066413662239,1.3333333333333333,0.00047457852117350325,0.0,0.0,1.0,0.0003401699190229656,0.3333333333333333,0.00024509803921568627,0.0,0.0,0.00042665214233841684,-0.0007118677817602549,0.0,0,2
2000,sgd,platelet,Atypical Memory B,0.0,0.0,0.0,38,0.0,0.0,0.0,0.0,0.0,0.0,0.0,0.0,0.0,0.0,0.0,0.0,0.0,0.0,0.0,0,0
2000,sgd,platelet,CD14 Monocyte-1,0.0,0.0,0.0,38,0.0,0.0,0.0,0.0,0.0,0.0,0.0,0.0,0.0,0.0,0.0,0.0,0.0,0.0,0.0,0,0
2000,sgd,platelet,CD14 Monocyte-2,0.0004385964912280702,0.0,0.0019047619047619048,38,0.3333333333333333,0.0004385964912280702,0.0,0.0,0.3333333333333333,0.0004385964912280702,0.0,0.0,0.0,0.0,0.0,0.0,0.0013157894736842105,0.0,0.0,1,0
2000,sgd,platelet,CD14 Monocyte-3,0.0,0.0,0.0,38,0.0,0.0,0.0,0.0,0.0,0.0,0.0,0.0,0.0,0.0,0.0,0.0,0.0,0.0,0.0,0,0
2000,sgd,platelet,CD16 Monocyte-1,0.0,0.0,0.0,38,0.0,0.0,0.0,0.0,0.0,0.0,0.0,0.0,0.0,0.0,0.0,0.0,0.0,0.0,0.0,0,0
2000,sgd,platelet,CD16 Monocyte-2,-0.0021233639654692285,-0.018827160493827162,0.006580687830687821,38,0.6666666666666666,0.002262600946811473,0.6666666666666666,0.0043859649122807015,0.3333333333333333,6.961849067112225e-05,0.0,0.0,0.3333333333333333,0.0021929824561403508,0.6666666666666666,0.0043859649122807015,-0.006578947368421052,0.006578947368421052,-0.0063700918964076855,1,0
2000,sgd,platelet,CD16 NK,-0.010559339945304856,-0.046153846153846156,0.004850209935680009,38,0.6666666666666666,0.0024291497975708503,1.6666666666666667,0.012988489742875706,0.0,0.0,0.6666666666666666,0.0035087719298245615,0.6666666666666666,0.0024291497975708503,1.0,0.009479717813051146,-9.907246749351989e-05,-0.021052631578947368,-0.010526315789473684,0,1
2000,sgd,platelet,CD4 + Tcm-1,-0.002923414765520029,-0.013706170372837043,0.005977364826049036,38,3.0,0.006833371307055519,5.0,0.009756786072575546,1.3333333333333333,0.003199286094022936,2.3333333333333335,0.00461574145784672,1.3333333333333333,0.0027568922305764416,2.3333333333333335,0.0042638516322726855,-0.005531748952801584,-0.003069153069153069,-0.00016934227460543264,4,6
2000,sgd,platelet,CD4 + Tcm-2,-0.0009487294575013875,-0.00780816611897693,0.004545814241760185,38,2.0,0.0023305602252970676,6.666666666666667,0.003279289682798455,0.3333333333333333,0.0007974481658692185,3.0,0.0012979771751701575,1.0,0.0010589536905326379,3.0,0.001507154138733086,-0.0007112375533428165,-0.005323204007414534,0.0031882531882531885,1,3
2000,sgd,platelet,CD4 Monocyte-4,0.0023327612929788947,-0.00039589412330376183,0.007512839544089543,38,11.333333333333334,0.005601220279323273,10.0,0.0032684589863443783,5.0,0.002029408500723122,5.666666666666667,0.0008948475711650295,2.0,0.0011982003634208019,0.0,0.0,0.0034140874514835733,-8.106721010969581e-05,0.0036652636375628066,6,6
2000,sgd,platelet,CD56 NK,0.002129118957373805,0.0,0.0061404327851696285,38,4.0,0.0022824743738871166,1.6666666666666667,0.00015335541651331127,1.3333333333333333,0.0006364595699775755,0.0,0.0,2.0,0.0015846726373042162,1.0,9.201324990798676e-05,0.0036637646748450075,0.002723592197276408,0.0,2,0
2000,sgd,platelet,CD8 + CTL-1,0.0,-0.0004299614582675175,0.00042964554242749727,38,0.6666666666666666,0.00013190871916633689,0.6666666666666666,0.00013190871916633689,0.6666666666666666,0.00013190871916633689,0.6666666666666666,0.00013190871916633689,0.0,0.0,0.0,0.0,0.00019786307874950534,-0.0003957261574990107,0.00019786307874950534,1,1
2000,sgd,platelet,CD8 + CTL-2,0.0,0.0,0.0,38,0.0,0.0,0.0,0.0,0.0,0.0,0.0,0.0,0.0,0.0,0.0,0.0,0.0,0.0,0.0,0,0
2000,sgd,platelet,CD8 + CTL-3,0.0001392369813422445,0.0,0.0006976767315113098,38,0.6666666666666666,0.0001392369813422445,0.0,0.0,0.6666666666666666,0.0001392369813422445,0.0,0.0,0.0,0.0,0.0,0.0,0.0,0.0004177109440267335,0.0,1,0
2000,sgd,platelet,CD8 Tem-1,0.007860086807455228,-0.03881624539519276,0.06950568990042671,38,1.3333333333333333,0.03508771929824561,1.6666666666666667,0.027227632490790386,0.3333333333333333,0.008771929824561403,0.6666666666666666,0.009009009009009009,0.3333333333333333,0.008771929824561403,0.3333333333333333,0.0006747638326585695,-0.02834008097165992,0.051920341394025606,0.0,1,2
2000,sgd,platelet,CD8 Tem-2,-0.007193304361895625,-0.033975088685245104,0.01624412622279934,38,20.0,0.039138981667544676,26.333333333333332,0.046332286029440305,6.0,0.008765260081049555,9.333333333333334,0.012523289912625649,1.3333333333333333,0.005093752900770444,4.333333333333333,0.008529027431089976,0.0014019515517195962,-0.0109244890641947,-0.01205737557321177,10,14
2000,sgd,platelet,Cycling T,0.0006815283823594073,-0.0007936507936507935,0.0028508771929824455,38,1.6666666666666667,0.000890383854372774,0.3333333333333333,0.00020885547201336674,1.3333333333333333,0.00026381743833267377,0.3333333333333333,0.00020885547201336674,0.3333333333333333,0.0006265664160401002,0.0,0.0,0.0007914523149980214,0.0012531328320802004,0.0,1,1
2000,sgd,platelet,Erythrocyte,0.00021469758311863573,0.0,0.0007872175901022028,38,17.0,0.007319261078659573,14.666666666666666,0.007104563495540939,2.0,0.00018402649981597352,0.0,0.0,0.3333333333333333,3.067108330266225e-05,0.0,0.0,0.0002760397497239602,9.201324990798674e-05,0.00027603974972396027,1,0
2000,sgd,platelet,GCB,2.642147537518495e-05,0.0,0.00015446400988569666,38,0.6666666666666666,5.28429507503699e-05,0.3333333333333333,2.642147537518495e-05,0.3333333333333333,2.642147537518495e-05,0.0,0.0,0.0,0.0,0.0,0.0,0.0,7.926442612555485e-05,0.0,1,0
2000,sgd,platelet,Memory B-1,0.0,0.0,0.0,38,0.0,0.0,0.0,0.0,0.0,0.0,0.0,0.0,0.0,0.0,0.0,0.0,0.0,0.0,0.0,0,0
2000,sgd,platelet,Memory B-2,0.0,0.0,0.0,38,0.3333333333333333,7.309941520467836e-05,0.3333333333333333,7.309941520467836e-05,0.3333333333333333,7.309941520467836e-05,0.3333333333333333,7.309941520467836e-05,0.0,0.0,0.0,0.0,0.0,0.0,0.0,1,1
2000,sgd,platelet,Naive T,0.0004459346564609724,-0.0034204144620811287,0.004492011316335637,38,1.0,0.001323127638917113,0.3333333333333333,0.0008771929824561404,0.0,0.0,0.3333333333333333,0.0008771929824561404,1.0,0.001323127638917113,0.0,0.0,0.003342816500711238,-0.002631578947368421,0.0006265664160401002,0,1
2000,sgd,platelet,Plasma,0.0007974481658692185,0.0,0.004545454545454545,38,0.3333333333333333,0.0007974481658692185,0.0,0.0,0.3333333333333333,0.0007974481658692185,0.0,0.0,0.0,0.0,0.0,0.0,0.0,0.0023923444976076554,0.0,1,0
2000,sgd,platelet,Tcm,0.0018431992116202643,-0.0007031553084184665,0.010787215491162846,38,1.6666666666666667,0.0020802783960678695,0.3333333333333333,0.0002370791844476055,0.3333333333333333,6.961849067112225e-05,0.3333333333333333,0.0002370791844476055,1.3333333333333333,0.0020106599053967473,0.0,0.0,0.0,0.005320742162847426,0.00020885547201336674,1,1
2000,sgd,platelet,cDC2,-0.0002370791844476055,-0.001386001386001386,0.0,38,0.0,0.0,0.3333333333333333,0.0002370791844476055,0.0,0.0,0.0,0.0,0.0,0.0,0.3333333333333333,0.0002370791844476055,0.0,0.0,-0.0007112375533428165,0,0
2000,sgd,platelet,pDC,-0.004162042943206378,-0.024999999999999998,0.0006269680611785853,38,2.0,0.0008087172907117506,0.6666666666666666,0.004970760233918128,0.6666666666666666,0.00013190871916633689,0.3333333333333333,0.0043859649122807015,1.0,9.201324990798676e-05,0.0,0.0,0.0003957261574990107,-0.012881854987118146,0.0,1,1
2000,sgd,platelet,platelet,0.011238244618163189,-0.029325269825214127,0.05263360146242623,38,1504.6666666666667,0.8899790211219744,1502.3333333333333,0.8787407765038112,0.0,0.0,0.0,0.0,0.0,0.0,0.0,0.0,0.02646159636030477,-0.014418384050513672,0.021671521544698463,0,0
2000,mlp,Atypical Memory B,Atypical Memory B,-0.011780560501049012,-0.10789400508091476,0.06842457029567578,34,477.6666666666667,0.2509798432665982,432.0,0.26276040376764725,0.0,0.0,0.0,0.0,0.0,0.0,0.0,0.0,0.029717014607189812,-0.07292130268461201,0.007862606574275153,0,0
2000,mlp,Atypical Memory B,CD14 Monocyte-1,0.005355585341988946,-0.03627374094365311,0.06218476032537721,34,71.33333333333333,0.2059774595552312,90.0,0.20062187421324226,7.666666666666667,0.026252445893283304,23.333333333333332,0.015179833842937885,6.0,0.01173725094999462,9.0,0.01745427765835109,-0.0047969693866849765,-0.0009374510895159544,0.021801176502167768,9,12
2000,mlp,Atypical Memory B,CD14 Monocyte-2,-0.003268410751109712,-0.04374336067350773,0.04414576469484498,34,5.666666666666667,0.033429013316556566,5.333333333333333,0.03669742406766628,0.3333333333333333,0.0008912655971479501,0.3333333333333333,0.00196078431372549,3.0,0.014804183705567788,2.6666666666666665,0.01700307574009996,-0.025512477718360068,0.039222239698018246,-0.023514994232987314,1,1
2000,mlp,Atypical Memory B,CD14 Monocyte-3,-0.0003580359121043298,-0.004464960269409693,0.0029396601624964405,34,12.333333333333334,0.004294016892681091,15.333333333333334,0.00465205280478542,2.6666666666666665,0.000722848449894262,8.0,0.0019470041738898491,3.3333333333333335,0.0010895116997834172,1.0,0.00022339188789215965,0.0018517070251078507,-0.0006398652561930895,-0.0022859495052277505,5,4
2000,mlp,Atypical Memory B,CD16 Monocyte-1,-0.00845303303145721,-0.05303619920601119,0.052252160307327246,34,50.333333333333336,0.1734069277755668,58.333333333333336,0.18185996080702405,4.0,0.022163006212024525,9.333333333333334,0.020024102231852164,3.3333333333333335,0.007455718785622264,6.0,0.01804765579725184,-0.04333684109567642,-0.010525356852667839,0.028503098853972626,8,12
2000,mlp,Atypical Memory B,CD16 Monocyte-2,-0.0034129481677766613,-0.021915100484518966,0.01270662387671359,34,25.0,0.03153067470344242,30.333333333333332,0.03494362287121908,5.0,0.003742449288387069,11.0,0.00672185818893692,4.666666666666667,0.01079054366738244,4.0,0.011224082934609253,0.0043570666299155075,-0.0029187546188965065,-0.011677156514348985,7,7
2000,mlp,Atypical Memory B,CD16 NK,0.0036764705882352936,0.0,0.014285714285714285,34,0.6666666666666666,0.0036764705882352936,0.0,0.0,0.0,0.0,0.0,0.0,0.6666666666666666,0.0036764705882352936,0.0,0.0,0.003676470588235294,0.007352941176470588,0.0,0,0
2000,mlp,Atypical Memory B,CD4 + Tcm-1,0.0021608885099933697,-0.00200298191953406,0.01217145191409896,34,1.0,0.0050381263616557734,0.6666666666666666,0.0028772378516624037,0.3333333333333333,0.00013616557734204792,0.0,0.0,0.3333333333333333,0.0024509803921568627,0.3333333333333333,0.0004262574595055413,0.007352941176470588,0.00040849673202614375,-0.001278772378516624,1,0
2000,mlp,Atypical Memory B,CD4 + Tcm-2,0.0008912655971479501,0.0,0.005054112554112535,34,0.3333333333333333,0.0008912655971479501,0.0,0.0,0.0,0.0,0.0,0.0,0.3333333333333333,0.0008912655971479501,0.0,0.0,0.0,0.0,0.0026737967914438505,0,0
2000,mlp,Atypical Memory B,CD4 Monocyte-4,-0.00024771621921009564,-0.005513773369983789,0.004586261972274583,34,5.0,0.0029337874217681176,7.0,0.0031815036409782132,0.6666666666666666,0.0013616557734204794,2.0,0.0007291214901903532,1.0,0.00035106069569473255,1.6666666666666667,0.001231311198134954,0.002415966386554622,-3.716164381917224e-05,-0.003121953400365736,2,3
2000,mlp,Atypical Memory B,CD56 NK,-0.0013487101217231434,-0.00881834852625777,0.0023928961673788884,34,1.0,0.0010409437890353923,1.0,0.002389653910758536,0.6666666666666666,0.0009661046930916712,0.0,0.0,0.3333333333333333,7.483909594372099e-05,1.0,0.002389653910758536,0.000224517287831163,-0.0044951649408317565,0.000224517287831163,2,0
2000,mlp,Atypical Memory B,CD8 + CTL-1,7.483909594372099e-05,0.0,0.0004240882103477524,34,0.3333333333333333,7.483909594372099e-05,0.0,0.0,0.0,0.0,0.0,0.0,0.3333333333333333,7.483909594372099e-05,0.0,0.0,0.0,0.000224517287831163,0.0,0,0
2000,mlp,Atypical Memory B,CD8 + CTL-2,0.0,0.0,0.0,34,0.0,0.0,0.0,0.0,0.0,0.0,0.0,0.0,0.0,0.0,0.0,0.0,0.0,0.0,0.0,0,0
2000,mlp,Atypical Memory B,CD8 + CTL-3,0.0004833358279698648,0.0,0.002249720348927171,34,1.3333333333333333,0.0004833358279698648,0.0,0.0,0.6666666666666666,0.00021100467328576892,0.0,0.0,0.6666666666666666,0.00027233115468409583,0.0,0.0,0.000224517287831163,0.0,0.0012254901960784314,2,0
2000,mlp,Atypical Memory B,CD8 Tem-1,0.012014609765474816,-0.019714622981545558,0.04789993775287893,34,2.6666666666666665,0.02566320645905421,1.3333333333333333,0.013648596693579393,0.0,0.0,0.0,0.0,2.0,0.017493271818531334,0.6666666666666666,0.005478662053056517,0.026239907727797,-0.016435986159169552,0.026239907727797,0,0
2000,mlp,Atypical Memory B,CD8 Tem-2,-7.483909594372099e-05,-0.0004240882103477524,0.0,34,0.0,0.0,0.3333333333333333,7.483909594372099e-05,0.0,0.0,0.0,0.0,0.0,0.0,0.3333333333333333,7.483909594372099e-05,0.0,-0.000224517287831163,0.0,0,0
2000,mlp,Atypical Memory B,Cycling T,-0.0024509803921568627,-0.014285714285714285,0.0,34,0.0,0.0,0.3333333333333333,0.0024509803921568627,0.0,0.0,0.3333333333333333,0.0024509803921568627,0.0,0.0,0.0,0.0,0.0,0.0,-0.007352941176470588,0,1
2000,mlp,Atypical Memory B,Erythrocyte,0.0,0.0,0.0,34,0.0,0.0,0.0,0.0,0.0,0.0,0.0,0.0,0.0,0.0,0.0,0.0,0.0,0.0,0.0,0,0
2000,mlp,Atypical Memory B,GCB,0.0025167106287825674,-0.0203608634024154,0.022197761847716515,34,23.666666666666668,0.013546820997651287,23.666666666666668,0.011030110368868721,10.666666666666666,0.003528547273063903,13.333333333333334,0.008021466953726616,4.666666666666667,0.00748756156307773,2.0,0.0004779312536324501,0.007540240056799356,0.014115379587365518,-0.014105487757817173,7,6
2000,mlp,Atypical Memory B,Memory B-1,0.00483989577548551,-0.052407810372938346,0.07671242891024802,34,79.0,0.2108349899672716,85.33333333333333,0.20599509419178608,12.666666666666666,0.025636080652177356,15.0,0.014345648483978115,9.333333333333334,0.02724631859607084,13.333333333333334,0.03369685498878458,-0.01693326517270688,0.04953308254432484,-0.018080130045161423,14,10
2000,mlp,Atypical Memory B,Memory B-2,-0.002557059954976292,-0.010586031148211945,0.005650969591424218,34,11.0,0.006722282974723745,17.0,0.009279342929700035,1.0,0.00032653298644161,9.0,0.0025361429697472785,4.0,0.003520368304249181,2.0,0.0038678182759198047,-0.0019765830186085657,-0.003961243071631721,-0.0017333537746885893,2,5
2000,mlp,Atypical Memory B,Naive T,0.0029469481813821276,-0.0053485765964139675,0.013865907285143614,34,3.3333333333333335,0.005640405243351301,1.0,0.0026934570619691726,0.0,0.0,0.0,0.0,3.3333333333333335,0.005640405243351301,1.0,0.0026934570619691726,0.009132329424543555,-0.0031251282191556,0.0028336433387584283,0,0
2000,mlp,Atypical Memory B,Plasma,0.0,0.0,0.0,34,0.0,0.0,0.0,0.0,0.0,0.0,0.0,0.0,0.0,0.0,0.0,0.0,0.0,0.0,0.0,0,0
2000,mlp,Atypical Memory B,Tcm,0.0,0.0,0.0,34,0.0,0.0,0.0,0.0,0.0,0.0,0.0,0.0,0.0,0.0,0.0,0.0,0.0,0.0,0.0,0,0
2000,mlp,Atypical Memory B,cDC2,-0.00328208810691967,-0.011777692819217315,0.004079018338727076,34,8.333333333333334,0.021425591646750796,11.666666666666666,0.02470767975367046,1.6666666666666667,0.00048476324769311605,2.0,0.0006843849022702487,1.3333333333333333,0.0027410722743203557,4.333333333333333,0.005823538726662893,-5.3596187862203034e-05,-0.0015791696461565788,-0.00821349848674023,4,3
2000,mlp,Atypical Memory B,pDC,0.002273832942022548,-0.00048754699248120296,0.010620915032679737,34,1.0,0.002409998519364596,0.3333333333333333,0.00013616557734204792,0.3333333333333333,9.518370454978107e-05,0.3333333333333333,0.00013616557734204792,0.6666666666666666,0.0023148148148148147,0.0,0.0,-0.00012294561837680057,0.006944444444444444,0.0,1,1
2000,mlp,Atypical Memory B,platelet,0.0,0.0,0.0,34,0.0,0.0,0.0,0.0,0.0,0.0,0.0,0.0,0.0,0.0,0.0,0.0,0.0,0.0,0.0,0,0
2000,mlp,CD14 Monocyte-1,Atypical Memory B,9.67739210804652e-05,-0.0003908918128931082,0.0006223975617957409,40,30.333333333333332,0.0010090548036814936,25.666666666666668,0.0009122808826010287,16.0,0.0004688650296912084,9.0,0.00037336176592117377,7.666666666666667,0.0003423083160849149,10.0,0.0003410376587744843,0.0002527889209477732,-9.252255404831929e-05,0.0001300553963419417,17,18
2000,mlp,CD14 Monocyte-1,CD14 Monocyte-1,-0.005156585757192402,-0.019922426322304836,0.012534378551602802,40,25249.0,0.7959995438642715,25483.333333333332,0.801156129621464,0.0,0.0,0.0,0.0,0.0,0.0,0.0,0.0,-0.004547676232387098,-0.002605578171109682,-0.008316502868080425,0,0
2000,mlp,CD14 Monocyte-1,CD14 Monocyte-2,-0.001120747135581224,-0.004505364366849161,0.0019213233724043415,40,642.3333333333334,0.028534724591238153,650.0,0.02965547172681938,250.33333333333334,0.009680880363794641,258.6666666666667,0.010564783427551171,91.33333333333333,0.0039686956721815625,90.66666666666667,0.0042055397440062545,-0.001796025095620099,-0.0010498025614865656,-0.0005164137496370064,30,34
2000,mlp,CD14 Monocyte-1,CD14 Monocyte-3,0.003993030001634874,-0.003148104035513268,0.010295288383984823,40,686.6666666666666,0.019298239734222317,550.3333333333334,0.01530520973258744,371.0,0.010105264893883782,234.33333333333334,0.0063929118715258864,58.666666666666664,0.0020840135527255958,59.0,0.0018033365734486165,0.005168743916314986,0.0016287676342719277,0.00518157845431771,36,29
2000,mlp,CD14 Monocyte-1,CD16 Monocyte-1,-0.0005573107749880171,-0.00879168991768988,0.004624623869011034,40,946.0,0.05445853714172701,924.0,0.05501584791671502,328.3333333333333,0.011021432432770909,291.0,0.009940008665417286,63.333333333333336,0.003703830259630918,78.66666666666667,0.005342564801972559,-0.005442648303074743,-0.00038595478276428203,0.004156670760874979,35,36
2000,mlp,CD14 Monocyte-1,CD16 Monocyte-2,-0.001860499020049692,-0.01735291055765273,0.008183481318778723,40,915.6666666666666,0.03418834241624367,917.3333333333334,0.03604884143629337,309.6666666666667,0.009077658390015007,305.0,0.011442863102895,109.66666666666667,0.006444728662883932,116.0,0.005940022970053631,0.0027867832713641323,-0.002643953148279099,-0.00572432718323411,38,37
2000,mlp,CD14 Monocyte-1,CD16 NK,-0.0011621437344428787,-0.0027032607238442283,3.4071476786022494e-05,40,65.0,0.0026389376657515256,84.33333333333333,0.0038010814001944045,10.666666666666666,0.0004781227497079662,16.0,0.000739973807920311,17.0,0.0006409610473862198,31.0,0.0015412537236167538,-0.002040525761650396,-0.0009413387128351495,-0.0005045667288430909,19,19
2000,mlp,CD14 Monocyte-1,CD4 + Tcm-1,0.002396000201850423,-0.00023824439517967412,0.005125285963653219,40,205.66666666666666,0.010732719895198075,172.33333333333334,0.00833671969334765,46.333333333333336,0.0021945694792245888,34.0,0.001267327985732217,74.33333333333333,0.004141765760156877,53.333333333333336,0.002673007051798826,0.003849925278480745,0.0017045270729065735,0.001633548254163951,25,23
2000,mlp,CD14 Monocyte-1,CD4 + Tcm-2,-0.00032656638266733855,-0.0016732669953608088,0.0006959866921232799,40,43.0,0.0021005026825608422,37.666666666666664,0.002427069065228181,10.333333333333334,0.00045961864597469855,8.666666666666666,0.0005228280734297985,20.333333333333332,0.0009088243290416506,16.666666666666668,0.0011721812842538893,-0.0009321779023422217,0.0004127230445998109,-0.000460244290259605,15,12
2000,mlp,CD14 Monocyte-1,CD4 Monocyte-4,-9.953483268000456e-05,-0.0010605677191609588,0.0008481723133142865,40,204.33333333333334,0.0054500774957438325,190.66666666666666,0.0055496123284238365,77.33333333333333,0.001979764958769052,57.333333333333336,0.0017805172141908045,25.333333333333332,0.0006922972781548794,31.666666666666668,0.0009910798554131313,-0.0001813780491695802,-0.00010226246646345047,-1.4963982406982846e-05,28,31
2000,mlp,CD14 Monocyte-1,CD56 NK,0.0006559146355985145,-0.0004084946688297657,0.002918246683205789,40,47.0,0.0026103028199569527,44.666666666666664,0.0019543881843584383,8.333333333333334,0.00033537290664152733,4.666666666666667,0.00020119840843992845,19.666666666666668,0.0013345947390450352,21.0,0.0008128546016481194,-6.75602493959916e-05,0.002094068245919251,-5.876408972771531e-05,13,11
2000,mlp,CD14 Monocyte-1,CD8 + CTL-1,0.0002683570464265568,-0.0002183073073311394,0.0006938068820516853,40,21.333333333333332,0.0007727968956532284,13.333333333333334,0.0005044398492266715,6.666666666666667,0.0002453831144383054,5.333333333333333,0.00019171366588716037,11.0,0.00041473710296925447,4.333333333333333,0.0002000495050938427,0.00041139658734580097,0.0003988864986402077,-5.211946706338167e-06,12,10
2000,mlp,CD14 Monocyte-1,CD8 + CTL-2,-5.2449727727807206e-05,-0.0002095004752057371,8.657859161590481e-05,40,1.0,3.927981961498223e-05,2.0,9.172954734278943e-05,0.3333333333333333,8.5295121119072e-06,0.0,0.0,0.6666666666666666,3.075030750307503e-05,2.0,9.172954734278943e-05,-2.8783233316777782e-05,-0.00012277224186578093,-5.793708000862915e-06,1,0
2000,mlp,CD14 Monocyte-1,CD8 + CTL-3,0.0017091332465787434,0.0008144708772821792,0.0028325198501236875,40,50.666666666666664,0.0019160822348271843,7.0,0.00020694898824844105,23.666666666666668,0.0007132620319427555,0.6666666666666666,1.7981274410956614e-05,22.666666666666668,0.0010668367746009902,2.0,5.2984285554045964e-05,0.001784654547071099,0.0015356507830116585,0.0018070944096534726,17,2
2000,mlp,CD14 Monocyte-1,CD8 Tem-1,0.00045873303944830705,-0.0010193159137559002,0.0021437258291654277,40,80.0,0.004726599197976041,72.66666666666667,0.004267866158527732,4.0,0.0001893543333118515,4.333333333333333,0.0002431065721811693,34.666666666666664,0.002176686227044166,27.0,0.0016642009487265411,0.00072550599540152,-0.0008295043266672072,0.0014801974496106087,7,8
2000,mlp,CD14 Monocyte-1,CD8 Tem-2,-0.00010068784822347824,-0.0005638825855747611,0.0003668591580337557,40,16.0,0.0006985374973880939,22.0,0.0007992253456115722,2.0,9.198566663955448e-05,2.6666666666666665,7.077935418610996e-05,6.0,0.0003243728533493379,11.333333333333334,0.00044626701402626065,0.00013058981216845368,-7.678505762269416e-05,-0.0003558682992161942,5,6
2000,mlp,CD14 Monocyte-1,Cycling T,-0.00020788391744521026,-0.0004972264572994059,-1.6722248647805077e-05,40,3.3333333333333335,8.930684541937307e-05,8.0,0.0002971907628645833,0.3333333333333333,6.915629322268326e-06,2.0,8.483674862208205e-05,1.0,1.8803408685083353e-05,4.0,0.0001487662068304799,-0.00017616681828763048,-0.00041293101635597274,-3.455391769202761e-05,1,5
2000,mlp,CD14 Monocyte-1,Erythrocyte,0.0,0.0,0.0,40,0.0,0.0,0.0,0.0,0.0,0.0,0.0,0.0,0.0,0.0,0.0,0.0,0.0,0.0,0.0,0,0
2000,mlp,CD14 Monocyte-1,GCB,-5.877724158885616e-05,-0.00018449816070661808,4.051655106374232e-05,40,0.6666666666666666,2.481506473480724e-05,2.3333333333333335,8.35923063236634e-05,0.0,0.0,0.6666666666666666,1.4908013956778748e-05,0.3333333333333333,1.6371971185330713e-05,1.3333333333333333,6.0241198817408136e-05,-2.4532848547778455e-05,-7.228985466535108e-05,-7.950902155343897e-05,0,2
2000,mlp,CD14 Monocyte-1,Memory B-1,0.000452629416513402,-0.0005270712239802717,0.0026419843642168273,40,11.0,0.0012212601659889165,10.0,0.0007686307494755145,2.0,0.00024427306676414183,1.3333333333333333,5.3904141154783064e-05,7.0,0.0007621951342143208,6.666666666666667,0.0004999346433102774,0.0014085481808926116,0.0003509088597327255,-0.0004015687910851308,3,2
2000,mlp,CD14 Monocyte-1,Memory B-2,1.926782273603083e-05,-4.091653027823241e-05,8.183306055646482e-05,40,1.3333333333333333,3.29066661621083e-05,0.6666666666666666,1.363884342607747e-05,0.0,0.0,0.0,0.0,1.3333333333333333,3.29066661621083e-05,0.6666666666666666,1.363884342607747e-05,8.44346896493004e-06,4.091653027823241e-05,8.44346896493004e-06,0,0
2000,mlp,CD14 Monocyte-1,Naive T,0.0006648134889392348,-0.000583042260801867,0.002105621162599457,40,84.0,0.0045780463454736945,76.33333333333333,0.00391323285653446,21.0,0.001408221501406953,18.333333333333332,0.0008508646233072914,33.333333333333336,0.0016462618177657971,28.333333333333332,0.001538805206926224,0.0010974568743178426,0.0003805398272327816,0.0005164437652670796,19,28
2000,mlp,CD14 Monocyte-1,Plasma,-2.229078307380584e-05,-9.074562477989926e-05,0.0,40,0.0,0.0,0.6666666666666666,2.229078307380584e-05,0.0,0.0,0.0,0.0,0.0,0.0,0.6666666666666666,2.229078307380584e-05,-6.687234922141752e-05,0.0,0.0,0,0
2000,mlp,CD14 Monocyte-1,Tcm,-0.0005540268055855914,-0.0018034664352447973,9.60858584864802e-05,40,7.333333333333333,0.00029294954145793353,17.666666666666668,0.000846976347043525,0.3333333333333333,4.9309664694280076e-06,4.333333333333333,0.00021283562540929928,3.0,9.155492076453693e-05,9.333333333333334,0.0004376770674102571,-0.000600216942044559,-0.000511051069051337,-0.0005508124056608783,1,1
2000,mlp,CD14 Monocyte-1,cDC2,0.0005129630696369195,-0.004434641024688627,0.0048843118773741045,40,551.0,0.02803782970182696,548.3333333333334,0.027524866632190045,221.66666666666666,0.011297472713869008,218.0,0.010045728980909966,55.0,0.0025189860171713607,56.0,0.0032577666804934832,-0.001760218639731392,0.0012228225386111805,0.00207628531003097,39,38
2000,mlp,CD14 Monocyte-1,pDC,5.188807080283421e-05,-0.00040402673612137754,0.0006489288325790285,40,8.333333333333334,0.0005486069128812297,9.666666666666666,0.0004967188420783955,2.6666666666666665,0.00024215489652601417,2.3333333333333335,8.501420303398903e-05,4.666666666666667,0.00025497078605450006,6.333333333333333,0.00036022340874369103,3.994557151979071e-05,7.693492801054548e-05,3.878371287816653e-05,6,4
2000,mlp,CD14 Monocyte-1,platelet,0.0,0.0,0.0,40,0.0,0.0,0.0,0.0,0.0,0.0,0.0,0.0,0.0,0.0,0.0,0.0,0.0,0.0,0.0,0,0
2000,mlp,CD14 Monocyte-2,Atypical Memory B,-0.000882936507936508,-0.0038467261904761908,0.0025306204212454165,40,1.0,0.00157967032967033,1.6666666666666667,0.0024626068376068376,0.0,0.0,0.0,0.0,0.6666666666666666,0.0009386446886446887,1.3333333333333333,0.0018215811965811967,-0.00125,0.0006730769230769232,-0.0020718864468864473,0,0
2000,mlp,CD14 Monocyte-2,CD14 Monocyte-1,0.010132802647501398,-0.024315570815408184,0.039287214016028284,40,911.6666666666666,0.2111676865245061,816.3333333333334,0.20103488387700472,280.3333333333333,0.05850429096284179,190.0,0.044452321833789867,56.333333333333336,0.01966971340800478,51.333333333333336,0.023588879889555308,-0.00037356959859370794,0.02593856833293483,0.004833409208163069,36,32
2000,mlp,CD14 Monocyte-2,CD14 Monocyte-2,-0.05447628824188535,-0.08984836183051974,-0.016393340929774368,40,1856.3333333333333,0.3957167917567899,2092.0,0.4501930799986753,0.0,0.0,0.0,0.0,0.0,0.0,0.0,0.0,-0.03460652961838364,-0.07811642793749225,-0.05070590716978015,0,0
2000,mlp,CD14 Monocyte-2,CD14 Monocyte-3,0.0025796496672902264,-0.004947956569491707,0.010707812351207845,40,17.666666666666668,0.01687052263573806,15.666666666666666,0.014290872968447832,2.6666666666666665,0.0022754515599343185,0.0,0.0,6.666666666666667,0.005943286479996912,7.333333333333333,0.005639088372641004,0.0020252634099616855,0.002407728054109634,0.00330595753779936,5,0
2000,mlp,CD14 Monocyte-2,CD16 Monocyte-1,0.0009216177965758236,-0.0019910107888007323,0.0034802754130913984,40,29.333333333333332,0.02206946668355836,21.666666666666668,0.021147848886982536,12.333333333333334,0.0022821921521485556,7.333333333333333,0.0015420177048671845,10.0,0.001985084417500517,7.333333333333333,0.0018036410682060646,0.0022913444051612304,0.0003549226207202663,0.00011858636384597457,16,11
2000,mlp,CD14 Monocyte-2,CD16 Monocyte-2,0.00479573629936223,-0.012864413198287983,0.02334373566724082,40,93.66666666666667,0.05104123828267368,98.66666666666667,0.04624550198331145,25.0,0.01017283933493773,24.333333333333332,0.006575090896328538,24.666666666666668,0.014228095145661977,30.333333333333332,0.013030107284908938,0.004991740931586666,0.007234890683160682,0.002160577283339343,24,21
2000,mlp,CD14 Monocyte-2,CD16 NK,0.0014008433996855693,-0.003762820512820513,0.006580579861564572,40,4.333333333333333,0.0034720320470782145,2.0,0.002071188647392645,1.0,8.333333333333333e-05,0.0,0.0,2.6666666666666665,0.0031436430716990983,1.3333333333333333,0.0018261330053468631,-0.0002636554262969985,0.004990139741413086,-0.0005239541160593794,1,0
2000,mlp,CD14 Monocyte-2,CD4 + Tcm-1,0.003967571236237954,-3.1013423473859124e-05,0.007855856309789737,40,24.666666666666668,0.006328059551226332,11.0,0.002360488314988377,10.0,0.0020797232096678893,3.0,0.0006936871215492711,12.0,0.003747544903097586,5.333333333333333,0.0011660097549782505,0.005716127717782379,0.002779314864178036,0.0034072711267534466,13,5
2000,mlp,CD14 Monocyte-2,CD4 + Tcm-2,-0.0014020313536556872,-0.01099519969225598,0.007280641748842172,40,27.0,0.010822693968854687,24.666666666666668,0.012224725322510377,10.0,0.0023649746483804914,7.333333333333333,0.003072410876333377,7.333333333333333,0.0036861556651124963,7.666666666666667,0.004380750790815297,-0.0013533153348448022,-0.0022192978059263043,-0.0006334809201959543,15,13
2000,mlp,CD14 Monocyte-2,CD4 Monocyte-4,-0.0029061831404553003,-0.007421077786947995,-6.41025641025641e-05,40,0.0,0.0,4.0,0.0029061831404553003,0.0,0.0,0.6666666666666666,3.770739064856712e-05,0.0,0.0,3.3333333333333335,0.0028684757498067333,-0.0029396582519647533,-0.0013157894736842105,-0.004463101695716938,0,1
2000,mlp,CD14 Monocyte-2,CD56 NK,-0.004821572533412455,-0.009651738209453316,-0.00038347478709642376,40,15.333333333333334,0.007277949760835094,24.0,0.01209952229424755,5.333333333333333,0.0009892385237962923,7.0,0.001404572862997983,3.3333333333333335,0.0014314419005443425,10.333333333333334,0.005837680094755107,-0.005236331782335129,-0.003785606943201192,-0.005442778874701043,10,10
2000,mlp,CD14 Monocyte-2,CD8 + CTL-1,0.0003387339308296459,-0.003019490203721952,0.004598239067960651,40,4.0,0.00253430387682404,3.3333333333333335,0.002195569945994394,1.6666666666666667,0.0004799069494191446,0.3333333333333333,0.00010683760683760684,2.0,0.0018018716748796429,2.6666666666666665,0.001836207086631535,0.0026802950869164793,3.825316389501239e-05,-0.001702346458322554,4,1
2000,mlp,CD14 Monocyte-2,CD8 + CTL-2,-0.0003749832596759073,-0.003756528726396142,0.0013157894736842105,40,0.6666666666666666,0.000502209722780233,0.6666666666666666,0.0008771929824561404,0.0,0.0,0.0,0.0,0.6666666666666666,0.000502209722780233,0.6666666666666666,0.0008771929824561404,0.0013157894736842105,-0.001124949779027722,-0.0013157894736842105,0,0
2000,mlp,CD14 Monocyte-2,CD8 + CTL-3,0.0,0.0,0.0,40,0.0,0.0,0.0,0.0,0.0,0.0,0.0,0.0,0.0,0.0,0.0,0.0,0.0,0.0,0.0,0,0
2000,mlp,CD14 Monocyte-2,CD8 Tem-1,0.0367940545427194,0.013114936502525699,0.05950294129560141,40,882.0,0.23587628545876216,755.3333333333334,0.1990822309160428,278.0,0.06836038563400315,154.66666666666666,0.03712385286249085,33.333333333333336,0.012874941915730164,30.0,0.007317420144523054,0.022849657672489948,0.03877225516420529,0.04876025079146297,34,32
2000,mlp,CD14 Monocyte-2,CD8 Tem-2,0.0027174371065159333,-0.000508889406819152,0.0063970289265146444,40,14.333333333333334,0.010122838438836143,10.0,0.007405401332320209,2.3333333333333335,0.0010209443338152783,0.0,0.0,4.333333333333333,0.00277287829146367,2.3333333333333335,0.0010763855187630141,0.003515900727737957,0.0009602110243557612,0.003676199567454083,6,0
2000,mlp,CD14 Monocyte-2,Cycling T,-0.00010548523206751054,-0.0029860434923726065,0.002564102564102564,40,0.3333333333333333,0.000641025641025641,0.6666666666666666,0.0007465108730931516,0.0,0.0,0.3333333333333333,0.00010548523206751055,0.3333333333333333,0.000641025641025641,0.3333333333333333,0.000641025641025641,0.0,-0.0022395326192794548,0.0019230769230769232,0,1
2000,mlp,CD14 Monocyte-2,Erythrocyte,0.0,0.0,0.0,40,0.0,0.0,0.0,0.0,0.0,0.0,0.0,0.0,0.0,0.0,0.0,0.0,0.0,0.0,0.0,0,0
2000,mlp,CD14 Monocyte-2,GCB,-0.001131854256854257,-0.003174603174603175,0.0,40,0.0,0.0,1.3333333333333333,0.001131854256854257,0.0,0.0,0.0,0.0,0.0,0.0,1.3333333333333333,0.001131854256854257,-0.0005681818181818182,-0.0019345238095238096,-0.0008928571428571428,0,0
2000,mlp,CD14 Monocyte-2,Memory B-1,0.0004649172688786585,-0.0038349444284082024,0.004459380987680616,40,8.0,0.0035529169327119907,4.333333333333333,0.0030879996638333317,2.6666666666666665,0.0007664870538950118,0.3333333333333333,0.00010683760683760684,4.666666666666667,0.0021116660461584095,3.3333333333333335,0.002306398224337156,-0.0007412373423019384,0.002420669228394114,-0.00028468007945619883,8,1
2000,mlp,CD14 Monocyte-2,Memory B-2,-0.0004385964912280702,-0.002631578947368421,0.0,40,0.0,0.0,0.3333333333333333,0.0004385964912280702,0.0,0.0,0.0,0.0,0.0,0.0,0.3333333333333333,0.0004385964912280702,0.0,-0.0013157894736842105,0.0,0,0
2000,mlp,CD14 Monocyte-2,Naive T,-0.003290685248176037,-0.010398250552243188,0.0025613242811452146,40,22.666666666666668,0.009941723068046013,34.333333333333336,0.01323240831622205,6.0,0.0011880504783545007,11.333333333333334,0.002784801605657572,10.0,0.0053834678295790845,16.333333333333332,0.00707740195045205,-0.005272252758345442,-0.0002554560210377761,-0.0043443469651448935,15,21
2000,mlp,CD14 Monocyte-2,Plasma,0.0,0.0,0.0,40,0.0,0.0,0.0,0.0,0.0,0.0,0.0,0.0,0.0,0.0,0.0,0.0,0.0,0.0,0.0,0,0
2000,mlp,CD14 Monocyte-2,Tcm,-0.00037084581372129506,-0.0024283269148480955,0.0002710027100271003,40,0.3333333333333333,6.775067750677508e-05,0.3333333333333333,0.0004385964912280702,0.0,0.0,0.0,0.0,0.3333333333333333,6.775067750677508e-05,0.3333333333333333,0.0004385964912280702,0.0,0.0,-0.0011125374411638852,0,0
2000,mlp,CD14 Monocyte-2,cDC2,0.0037919336269200354,0.000868657132156244,0.007036851577499707,40,13.333333333333334,0.0057758593879508125,6.333333333333333,0.0019839257610307776,5.0,0.0015750868630085215,0.6666666666666666,0.00018899273104880582,5.333333333333333,0.003032601365322169,2.6666666666666665,0.0006267618703618493,0.00504157901310471,0.002914925420388386,0.0034192964472670104,10,2
2000,mlp,CD14 Monocyte-2,pDC,0.0022961645565514996,-0.00017581607323973738,0.006124401913875597,40,4.333333333333333,0.0046389752546253556,2.3333333333333335,0.002342810698073856,1.0,0.0006795146873192401,0.3333333333333333,0.00015151515151515152,1.6666666666666667,0.0018322675848499754,0.3333333333333333,6.41025641025641e-05,0.002177033492822966,0.0028224186420249095,0.0018890415348066236,3,1
2000,mlp,CD14 Monocyte-2,platelet,0.0,0.0,0.0,40,0.0,0.0,0.0,0.0,0.0,0.0,0.0,0.0,0.0,0.0,0.0,0.0,0.0,0.0,0.0,0,0
2000,mlp,CD14 Monocyte-3,Atypical Memory B,0.0003837202391018474,-0.007566926963981035,0.008092914327098764,32,6.0,0.0034251191988811706,4.333333333333333,0.003041398959779323,2.0,0.0001116367682806434,2.0,0.00026454270394645363,3.0,0.003257418365668544,1.3333333333333333,0.0027207921909008868,0.002488231996954329,0.003428317665755747,-0.004765388945404535,2,5
2000,mlp,CD14 Monocyte-3,CD14 Monocyte-1,-0.02645190873676218,-0.09397789088342622,0.04634514648804699,32,563.0,0.42751641429499476,616.6666666666666,0.4539683230317569,195.66666666666666,0.017078395450911037,227.66666666666666,0.015263708790750313,21.333333333333332,0.05384005175072826,43.0,0.08210664714765116,-0.005994220474945286,-0.028419380939366863,-0.04494212479597437,8,8
2000,mlp,CD14 Monocyte-3,CD14 Monocyte-2,0.0054490773882603,-0.041989880594575216,0.06346836152326224,32,11.333333333333334,0.09931980544155646,14.666666666666666,0.09387072805329615,0.0,0.0,0.3333333333333333,2.3728170083523156e-05,5.666666666666667,0.05179398148148148,8.666666666666666,0.04632117592313765,-0.0002447956213616799,-0.015554139055705116,0.032146166841847706,0,1
2000,mlp,CD14 Monocyte-3,CD14 Monocyte-3,0.003174649936130633,-0.01722273146615668,0.023654150339726385,32,1800.3333333333333,0.12070412885007359,1756.6666666666667,0.11752947891394296,0.0,0.0,0.0,0.0,0.0,0.0,0.0,0.0,0.007779665254180167,-0.00031417856701420905,0.0020584631212259416,0,0
2000,mlp,CD14 Monocyte-3,CD16 Monocyte-1,-0.004416908236227974,-0.04567345171204994,0.03743300801272103,32,13.333333333333334,0.024744237069657237,19.0,0.029161145305885205,2.6666666666666665,0.0001583387410851586,4.666666666666667,0.0002438684503901895,2.6666666666666665,0.010563924405627227,6.333333333333333,0.014895302932550166,-0.006970355566586907,-0.005101208234969823,-0.0011791609071271898,3,1
2000,mlp,CD14 Monocyte-3,CD16 Monocyte-2,-0.007576315107026336,-0.03407594775098238,0.014859620174988732,32,140.66666666666666,0.04554589929171271,115.33333333333333,0.05312221439873904,28.333333333333332,0.0018875168620971384,26.0,0.0037289485887331123,35.0,0.013959825065205675,12.0,0.019694708445596038,-0.00564893000733346,-0.0005001202320089587,-0.016579895081736587,6,7
2000,mlp,CD14 Monocyte-3,CD16 NK,-0.001377604032318842,-0.019950008357695316,0.01299473692188188,32,2.0,0.014699074074074073,3.6666666666666665,0.016076678106392916,0.0,0.0,1.0,4.274965800273598e-05,1.0,0.0042824074074074075,1.6666666666666667,0.005617261781723514,-0.013627165982672138,0.009565538395966182,-7.118451025056947e-05,0,1
2000,mlp,CD14 Monocyte-3,CD4 + Tcm-1,0.0033441906669038103,-0.049999999999999996,0.06250315656565655,32,4.333333333333333,0.03652672558922559,4.666666666666667,0.03318253492232178,0.0,0.0,0.0,0.0,3.6666666666666665,0.03489583333333333,4.0,0.03155164266642952,-0.010937500000000003,-0.010748503807538293,0.03171857580824972,0,0
2000,mlp,CD14 Monocyte-3,CD4 + Tcm-2,0.017419682541901453,-0.007142332102285002,0.0546271333278382,32,59.0,0.05339803356842374,61.666666666666664,0.0359783510265223,8.333333333333334,0.0005772448523754815,12.0,0.0014513254610428684,14.333333333333334,0.024782553944966517,13.333333333333334,0.006488790794397675,0.005213357546831981,0.04404602686828339,0.0029996632105889873,6,7
2000,mlp,CD14 Monocyte-3,CD4 Monocyte-4,0.0009057420228538402,-0.04603597751994444,0.05113926704379812,32,99.66666666666667,0.030512947332805854,91.0,0.02960720530995202,16.0,0.0008403215976827125,18.333333333333332,0.001121237330818327,15.0,0.013285812897839845,4.0,0.012099155141850395,-0.03623919035027003,0.000697991645851192,0.03825842477298035,5,6
2000,mlp,CD14 Monocyte-3,CD56 NK,0.016807283324529725,-0.015438269332874373,0.059927772616215104,32,121.0,0.047636784624188945,130.0,0.030829501299659213,13.666666666666666,0.0007660950873982893,29.0,0.002276203969040635,17.0,0.03012148784771183,10.666666666666666,0.011804095641539758,0.02312669783320848,0.026983852057009542,0.0003113000833711594,5,6
2000,mlp,CD14 Monocyte-3,CD8 + CTL-1,-0.00010326138973543515,-0.0022235653688407165,0.001957984693113089,32,29.0,0.005232324967305025,31.333333333333332,0.00533558635704046,5.0,0.0004376514653128183,8.0,0.0010481335532020874,5.333333333333333,0.001379191987767094,4.666666666666667,0.0008719712896132602,0.0011317769466322528,-0.0006017895267452808,-0.000839771589093277,5,7
2000,mlp,CD14 Monocyte-3,CD8 + CTL-2,0.004168812077361551,-0.0014641220016105875,0.017195440586351234,32,3.0,0.005101295382069983,11.0,0.0009324833047084321,0.0,0.0,1.3333333333333333,7.287476183541227e-05,1.0,0.0049840456304009835,7.666666666666667,0.0007423587912040193,-0.0006842201752236902,0.0093442992444442,0.003846357162864147,0,3
2000,mlp,CD14 Monocyte-3,CD8 + CTL-3,0.0031336678840635144,0.00028523031565036417,0.009683939229898722,32,13.333333333333334,0.0032523087344811298,1.6666666666666667,0.00011864085041761578,6.0,0.0005614263643100526,0.3333333333333333,2.3728170083523156e-05,7.0,0.0026671542000875543,1.0,7.118451025056947e-05,0.0014164675356358046,0.004200383433088997,0.003784152683465741,5,1
2000,mlp,CD14 Monocyte-3,CD8 Tem-1,0.0035511363636363653,-0.05095484704441924,0.049742661216268226,32,3.6666666666666665,0.03963744588744589,3.0,0.03608630952380953,0.0,0.0,0.0,0.0,2.0,0.023516414141414144,1.3333333333333333,0.019965277777777776,0.036458333333333336,-0.0037878787878787862,-0.022017045454545456,0,0
2000,mlp,CD14 Monocyte-3,CD8 Tem-2,-0.013843680742918252,-0.049391103929974714,0.005790233880596053,32,16.0,0.0044631702519621974,31.0,0.018306850994880445,1.0,4.274965800273598e-05,4.0,0.00018364620512051376,3.3333333333333335,0.0027785170625210464,15.333333333333334,0.01648130125832152,0.003987338046389736,-0.016743327850353703,-0.028775052424790785,1,3
2000,mlp,CD14 Monocyte-3,Cycling T,-0.005208333333333333,-0.02857142857142857,0.0,32,0.0,0.0,0.3333333333333333,0.005208333333333333,0.0,0.0,0.0,0.0,0.0,0.0,0.3333333333333333,0.005208333333333333,-0.015625,0.0,0.0,0,0
2000,mlp,CD14 Monocyte-3,Erythrocyte,0.0,0.0,0.0,32,0.0,0.0,0.0,0.0,0.0,0.0,0.0,0.0,0.0,0.0,0.0,0.0,0.0,0.0,0.0,0,0
2000,mlp,CD14 Monocyte-3,GCB,0.00019733928119463427,-0.0004642993184868363,0.0011915784832451438,32,1.3333333333333333,0.0005445615034168565,0.6666666666666666,0.00034722222222222224,0.0,0.0,0.0,0.0,1.0,0.00037095039230574544,0.3333333333333333,0.00017361111111111112,0.0005208333333333333,-0.00044964882308276387,0.0005208333333333333,0,0
2000,mlp,CD14 Monocyte-3,Memory B-1,0.0013144841269841269,-0.0008249916583249915,0.007942176870748267,32,0.3333333333333333,0.001488095238095238,0.3333333333333333,0.00017361111111111112,0.0,0.0,0.0,0.0,0.3333333333333333,0.001488095238095238,0.3333333333333333,0.00017361111111111112,0.0,0.004464285714285714,-0.0005208333333333333,0,0
2000,mlp,CD14 Monocyte-3,Memory B-2,-9.624634797344756e-05,-0.0003528965402074928,0.0,32,0.6666666666666666,4.879000780640125e-05,2.0,0.0001450363557798488,0.0,0.0,0.6666666666666666,4.745634016704631e-05,0.0,0.0,0.6666666666666666,4.879000780640125e-05,0.0,-7.118451025056947e-05,-0.0002175545336697732,0,1
2000,mlp,CD14 Monocyte-3,Naive T,0.0055197499463191515,-0.021616827045802808,0.03162088992632434,32,65.0,0.03429033412366505,54.0,0.028770584177345893,15.666666666666666,0.0019901114641990756,5.0,0.000320823449740496,12.333333333333334,0.012971315628046239,12.0,0.009120853696185668,0.017945757797386046,-0.007937008708562357,0.006550500750133768,7,4
2000,mlp,CD14 Monocyte-3,Plasma,0.0,0.0,0.0,32,0.0,0.0,0.0,0.0,0.0,0.0,0.0,0.0,0.0,0.0,0.0,0.0,0.0,0.0,0.0,0,0
2000,mlp,CD14 Monocyte-3,Tcm,-0.002976190476190476,-0.015884353741496597,0.0,32,0.0,0.0,0.6666666666666666,0.002976190476190476,0.0,0.0,0.0,0.0,0.0,0.0,0.6666666666666666,0.002976190476190476,0.0,-0.008928571428571428,0.0,0,0
2000,mlp,CD14 Monocyte-3,cDC2,-0.0033365065717825466,-0.010924183247164914,0.0013221098220052483,32,23.666666666666668,0.0018950853931302145,23.333333333333332,0.0052315919649127615,7.666666666666667,0.0003983415999151284,5.666666666666667,0.0019289234197715401,2.6666666666666665,0.0007421906762251613,4.333333333333333,0.002548115428151296,-0.004149338970575872,-0.0035737545526368037,-0.002286426192134964,5,7
2000,mlp,CD14 Monocyte-3,pDC,1.741917502787068e-05,0.0,9.29022668153103e-05,32,0.3333333333333333,1.741917502787068e-05,0.0,0.0,0.3333333333333333,1.741917502787068e-05,0.0,0.0,0.0,0.0,0.0,0.0,5.225752508361204e-05,0.0,0.0,1,0
2000,mlp,CD14 Monocyte-3,platelet,0.0,0.0,0.0,32,0.0,0.0,0.0,0.0,0.0,0.0,0.0,0.0,0.0,0.0,0.0,0.0,0.0,0.0,0.0,0,0
2000,mlp,CD16 Monocyte-1,Atypical Memory B,-0.0002000131057600883,-0.0006322670188760577,0.0001998849342854599,40,7.333333333333333,0.0005737203616593185,9.0,0.0007737334674194069,2.0,9.886742880666951e-05,2.0,0.0001772973949810626,2.3333333333333335,0.00020930728255290102,4.0,0.0003308904221385962,-0.0003501113740018927,-0.00020121292564286453,-4.8715017635507634e-05,4,5
2000,mlp,CD16 Monocyte-1,CD14 Monocyte-1,0.0018777069910903014,-0.004075054896628372,0.008044751735584908,40,930.6666666666666,0.06056846801516557,899.6666666666666,0.05869076102407528,299.3333333333333,0.018898944659217497,269.0,0.018082352638003448,58.666666666666664,0.004750260908087007,58.0,0.0036891459382107582,-0.0008174922762931476,0.0071157826348182615,-0.00066516938525421,38,38
2000,mlp,CD16 Monocyte-1,CD14 Monocyte-2,-0.00010451355377415698,-0.0030294066784396414,0.003129128326869609,40,87.66666666666667,0.006322197918784256,79.66666666666667,0.006426711472558413,25.333333333333332,0.0017686466159729847,20.666666666666668,0.0013797191421889502,23.0,0.0014429582583353386,19.666666666666668,0.00193639928589353,-0.0006748339413228321,-0.0018024321154107223,0.0021637253954110832,18,19
2000,mlp,CD16 Monocyte-1,CD14 Monocyte-3,0.0005697290494368711,-0.000543956208845642,0.0023233977271533324,40,19.666666666666668,0.0020260545933815347,13.666666666666666,0.0014563255439446635,4.333333333333333,0.0003718993811577958,2.0,0.0001931491552752182,8.0,0.0008222063088111495,4.333333333333333,0.00043122748525685614,0.0001288036133343354,0.000517166713548803,0.0010632168214274747,6,4
2000,mlp,CD16 Monocyte-1,CD16 Monocyte-1,-0.0007791207936307132,-0.016949557142184726,0.0199171559500747,40,12788.0,0.864030909334622,12893.333333333334,0.8648100301282527,0.0,0.0,0.0,0.0,0.0,0.0,0.0,0.0,0.0038191175247100626,-0.002919005357740452,-0.0032374745478617505,0,0
2000,mlp,CD16 Monocyte-1,CD16 Monocyte-2,-0.0017517881557637983,-0.024164261538450315,0.014443019046564188,40,677.6666666666666,0.05339433321981837,625.0,0.05514612137558216,307.3333333333333,0.02187947860845098,261.0,0.023626070216415326,42.333333333333336,0.002822596410130775,36.0,0.002827792957930231,-0.004057346799120924,-0.0024439791716430945,0.001245961503472628,39,38
2000,mlp,CD16 Monocyte-1,CD16 NK,0.0001358474252247209,-0.00044342777148793347,0.0013959695547814733,40,9.666666666666666,0.0010097166550336217,11.333333333333334,0.0008738692298089008,3.0,0.0004039400648915685,2.0,0.00012183549536071111,3.0,0.000208803962556089,5.666666666666667,0.0003550611068622255,0.0007602133365624704,-0.0001832072621177005,-0.0001694637987706073,6,5
2000,mlp,CD16 Monocyte-1,CD4 + Tcm-1,-0.000909565926047894,-0.003562890750490493,0.0008660251451516702,40,22.0,0.002103254306174078,27.666666666666668,0.003012820232221972,9.333333333333334,0.0008138722546512297,10.0,0.0013556264555801834,5.0,0.0003487174006933289,10.0,0.0007165291258122694,0.0007715117478211806,-0.0010284470068895588,-0.0024717625190753033,17,16
2000,mlp,CD16 Monocyte-1,CD4 + Tcm-2,0.00018708646877637475,-5.440505325823601e-05,0.0004581531306188921,40,4.333333333333333,0.0002757389510458783,1.0,8.865248226950352e-05,2.6666666666666665,0.00013349732262166812,0.0,0.0,1.3333333333333333,0.00011269080100104233,0.6666666666666666,5.9101654846335695e-05,0.0001999918570274,0.00024576434556322646,0.00011550320373849787,5,0
2000,mlp,CD16 Monocyte-1,CD4 Monocyte-4,-0.0005476993372511627,-0.0017444745532678896,0.0004394896833403845,40,49.0,0.0035357452531822584,51.0,0.00408344459043342,17.666666666666668,0.0011474327809450893,15.0,0.0011429038607331278,4.333333333333333,0.0002463580079294976,9.0,0.0007985862653926216,-0.00011203105354667137,-0.0006821893123252949,-0.000848877645881522,20,24
2000,mlp,CD16 Monocyte-1,CD56 NK,-0.00037132368179758324,-0.0014733057445113446,0.00012169295559215089,40,3.6666666666666665,0.00020119178203499086,7.0,0.0005725154638325741,0.0,0.0,1.0,5.7736720554272516e-05,1.0,4.959626225146802e-05,3.3333333333333335,0.00036318322349477883,-0.0010058673113962086,-0.00017718743464306994,6.908370064652874e-05,0,1
2000,mlp,CD16 Monocyte-1,CD8 + CTL-1,4.962397295103173e-05,0.0,0.0001856075981551027,40,1.0,4.962397295103173e-05,0.0,0.0,0.3333333333333333,2.115059221658206e-05,0.0,0.0,0.6666666666666666,2.8473380734449664e-05,0.0,0.0,6.345177664974618e-05,8.5420142203349e-05,0.0,1,0
2000,mlp,CD16 Monocyte-1,CD8 + CTL-2,1.6869095816464237e-05,0.0,0.00010121457489878541,40,0.3333333333333333,1.6869095816464237e-05,0.0,0.0,0.0,0.0,0.0,0.0,0.3333333333333333,1.6869095816464237e-05,0.0,0.0,0.0,0.0,5.060728744939271e-05,0,0
2000,mlp,CD16 Monocyte-1,CD8 + CTL-3,0.0012769327626495116,0.00025246948950668845,0.0028603541571887493,40,12.666666666666666,0.0014703974071854755,2.0,0.00019346464453596373,7.0,0.0008723070673408951,0.6666666666666666,5.931198102016607e-05,4.666666666666667,0.0005092275314012464,0.3333333333333333,4.528985507246377e-05,0.001354879348468907,0.0007402010861132752,0.0017357178533663527,12,1
2000,mlp,CD16 Monocyte-1,CD8 Tem-1,-2.1499590835759768e-05,-0.0004469153899783693,0.00040166491296530804,40,10.666666666666666,0.0006124016835667069,10.333333333333334,0.0006339012744024665,3.0,0.00015813905039818935,1.6666666666666667,0.00013993860712425456,3.6666666666666665,0.0002145911297543883,4.666666666666667,0.00025429116386408286,0.00019710513379906993,-0.00038989548680461996,0.00012829158049827073,6,5
2000,mlp,CD16 Monocyte-1,CD8 Tem-2,-4.214974363352131e-05,-0.0001779359430604982,0.0,40,0.0,0.0,0.6666666666666666,4.214974363352131e-05,0.0,0.0,0.0,0.0,0.0,0.0,0.6666666666666666,4.214974363352131e-05,-8.89679715302491e-05,0.0,-3.748125937031484e-05,0,0
2000,mlp,CD16 Monocyte-1,Cycling T,-8.988963768533331e-05,-0.0004432624113475177,7.204610951008645e-05,40,0.6666666666666666,4.8030739673390963e-05,1.6666666666666667,0.00013792037735872427,0.3333333333333333,2.4015369836695482e-05,0.3333333333333333,2.9550827423167847e-05,0.0,0.0,1.0,8.435418009886094e-05,-1.6606372759417093e-05,-0.00025306254029658283,0.0,1,1
2000,mlp,CD16 Monocyte-1,Erythrocyte,0.0,0.0,0.0,40,0.0,0.0,0.0,0.0,0.0,0.0,0.0,0.0,0.0,0.0,0.0,0.0,0.0,0.0,0.0,0,0
2000,mlp,CD16 Monocyte-1,GCB,0.0,0.0,0.0,40,0.0,0.0,0.0,0.0,0.0,0.0,0.0,0.0,0.0,0.0,0.0,0.0,0.0,0.0,0.0,0,0
2000,mlp,CD16 Monocyte-1,Memory B-1,8.401616025486816e-05,-8.851634788666273e-05,0.00032129531468034887,40,1.3333333333333333,0.00012176243863083168,0.6666666666666666,3.774627837596354e-05,1.0,9.145940832780139e-05,0.0,0.0,0.3333333333333333,3.0303030303030302e-05,0.6666666666666666,3.774627837596354e-05,3.748125937031484e-05,0.0001994157062427745,1.5151515151515151e-05,3,0
2000,mlp,CD16 Monocyte-1,Memory B-2,-2.9239766081871346e-05,-0.00017543859649122806,0.0,40,0.0,0.0,0.3333333333333333,2.9239766081871346e-05,0.0,0.0,0.0,0.0,0.0,0.0,0.3333333333333333,2.9239766081871346e-05,0.0,0.0,-8.771929824561404e-05,0,0
2000,mlp,CD16 Monocyte-1,Naive T,7.128735467799511e-05,-0.0003961417020450508,0.0005526771064115583,40,9.0,0.0005661868861367021,7.666666666666667,0.0004948995314587069,3.3333333333333335,0.00022624053115779378,2.3333333333333335,0.00016344222899549452,3.3333333333333335,0.00019446662420077916,3.0,0.0001859775716850833,-0.00018280210975843528,-2.7703885256180227e-06,0.00039943456231803854,9,6
2000,mlp,CD16 Monocyte-1,Plasma,0.0,0.0,0.0,40,0.0,0.0,0.0,0.0,0.0,0.0,0.0,0.0,0.0,0.0,0.0,0.0,0.0,0.0,0.0,0,0
2000,mlp,CD16 Monocyte-1,Tcm,-2.152197078261235e-05,-0.00018214936247723133,9.855487840086506e-05,40,0.3333333333333333,2.4015369836695482e-05,0.3333333333333333,4.553734061930783e-05,0.3333333333333333,2.4015369836695482e-05,0.0,0.0,0.0,0.0,0.3333333333333333,4.553734061930783e-05,-0.0001366120218579235,0.0,7.204610951008645e-05,1,0
2000,mlp,CD16 Monocyte-1,cDC2,0.0005272604925091074,-0.0002255365441546937,0.0015420637048176498,40,40.333333333333336,0.0029137980281437347,35.0,0.002386537535634628,15.333333333333334,0.0009141873444784483,9.333333333333334,0.000590853230463162,8.666666666666666,0.0007783086015460241,9.333333333333334,0.0005743822230522027,3.4358058086636804e-05,0.001102951256985469,0.0004444721624552164,14,16
2000,mlp,CD16 Monocyte-1,pDC,7.196548965724637e-05,0.0,0.00020202020202020202,40,2.0,0.00013558398715696277,1.0,6.361849749971639e-05,1.0,6.330865056410259e-05,0.3333333333333333,1.249375312343828e-05,0.3333333333333333,2.115059221658206e-05,0.0,0.0,7.575757575757576e-05,7.668711656441718e-05,6.345177664974618e-05,3,1
2000,mlp,CD16 Monocyte-1,platelet,0.0,0.0,0.0,40,0.0,0.0,0.0,0.0,0.0,0.0,0.0,0.0,0.0,0.0,0.0,0.0,0.0,0.0,0.0,0,0
2000,mlp,CD16 Monocyte-2,Atypical Memory B,-0.00043613543478996123,-0.002244127617727161,0.0011935568662461344,40,11.666666666666666,0.0016553288660901538,14.666666666666666,0.002091464300880115,3.6666666666666665,0.0004180194406734501,5.333333333333333,0.000572284858309807,3.6666666666666665,0.0006421942543073466,5.0,0.0009240642714609509,-0.000780384338743702,-0.0012552079219788018,0.0007271859563526208,6,10
2000,mlp,CD16 Monocyte-2,CD14 Monocyte-1,-0.009023791253455682,-0.030272400576359437,0.013320272984259215,40,680.6666666666666,0.15874509577424753,720.6666666666666,0.16776888702770323,88.66666666666667,0.023367146488240214,123.0,0.03053170758314021,62.333333333333336,0.01980482466990072,68.0,0.0216640548284564,0.011922398979205684,-0.024767620983917854,-0.014226151755654875,33,37
2000,mlp,CD16 Monocyte-2,CD14 Monocyte-2,-0.000506294654654253,-0.015586304669245196,0.015161630010325524,40,228.0,0.08355022335929092,222.66666666666666,0.08405651801394516,43.0,0.012367661228320203,32.666666666666664,0.00868842589877349,49.0,0.017914954577469833,54.0,0.022100484561670797,0.009487809032512876,-0.0005642779532745043,-0.01044241504320113,25,26
2000,mlp,CD16 Monocyte-2,CD14 Monocyte-3,0.0009661402647015573,-0.0026749185616147626,0.004081453706866835,40,86.0,0.007546322547116231,90.0,0.006580182282414672,20.333333333333332,0.0019250623781491012,27.0,0.0017801227297399118,21.0,0.0023772810856854177,18.333333333333332,0.00155608046939305,0.0014619200372973675,-0.0002919581695879967,0.0017284589263953007,14,7
2000,mlp,CD16 Monocyte-2,CD16 Monocyte-1,0.010549444124014574,-0.009168604694505535,0.031498767458470266,40,532.6666666666666,0.17023402100951848,543.3333333333334,0.15968457688550391,119.66666666666667,0.03387670376562043,131.33333333333334,0.024237551138037865,31.333333333333332,0.008472196742750014,30.333333333333332,0.0075619052463180006,0.016237613560893368,0.014984601153670863,0.0004261176574794981,38,34
2000,mlp,CD16 Monocyte-2,CD16 Monocyte-2,-0.007899537804711919,-0.038510779019970846,0.02163534141466062,40,3384.0,0.5050460375851523,3349.6666666666665,0.5129455753898643,0.0,0.0,0.0,0.0,0.0,0.0,0.0,0.0,-0.03088985225221713,-0.004938685241912541,0.012129924079993916,0,0
2000,mlp,CD16 Monocyte-2,CD16 NK,-0.001992202030043569,-0.008720800327507376,0.003333522653357314,40,5.333333333333333,0.0025791095092662203,9.0,0.004571311539309789,0.6666666666666666,0.00044762382864792504,1.6666666666666667,0.0015987185472479588,2.0,0.0013532817907574999,4.666666666666667,0.002194389102201035,-0.00362301922408636,0.002237990462207529,-0.004591577328251875,2,4
2000,mlp,CD16 Monocyte-2,CD4 + Tcm-1,0.0028782467393854917,-0.005072820952558807,0.011074609320226145,40,17.666666666666668,0.009564896867064316,14.0,0.0066866501276788256,3.0,0.0020461655867530805,2.6666666666666665,0.0017331786096518788,8.0,0.004617287783005515,4.666666666666667,0.0020520280207212247,0.008352100983974941,0.0046424351791050705,-0.004359795944923535,8,7
2000,mlp,CD16 Monocyte-2,CD4 + Tcm-2,-0.0006971185498601634,-0.003794426752482895,0.0015458060196798344,40,11.333333333333334,0.002909114860062749,11.0,0.003606233409922912,3.6666666666666665,0.0010642530482302508,2.0,0.00017803631571985305,5.0,0.00122361834604952,6.333333333333333,0.0028069536284200808,-0.002232851723725734,0.00011732464128375534,2.41714328614878e-05,11,3
2000,mlp,CD16 Monocyte-2,CD4 Monocyte-4,-0.0003987599151929655,-0.0029868536383068694,0.0020216073148873184,40,58.333333333333336,0.006490099962686724,53.333333333333336,0.00688885987787969,13.333333333333334,0.0017276667541839517,7.333333333333333,0.001270800107440116,6.333333333333333,0.0009009051702922507,7.333333333333333,0.0017565317322290521,-0.0015076587669541008,0.0004419257816686728,-0.00013054676029346877,15,11
2000,mlp,CD16 Monocyte-2,CD56 NK,0.00013034921558618243,-0.005481312610402139,0.005498766316781285,40,20.0,0.006841814976645885,21.333333333333332,0.006711465761059704,4.0,0.000816446355680453,5.0,0.002801317448645053,5.666666666666667,0.0035754476786736453,6.0,0.0014602273701228618,-0.004084494713176099,0.004254562699622119,0.00022097966031252772,8,13
2000,mlp,CD16 Monocyte-2,CD8 + CTL-1,0.0002743712243865294,-0.0005155270757745781,0.0014796040231124857,40,2.6666666666666665,0.0005602777582414175,2.3333333333333335,0.00028590653385488824,0.6666666666666666,0.0001704296176301846,0.6666666666666666,4.065040650406504e-05,2.0,0.00038984814061123304,1.6666666666666667,0.00024525612735082315,1.2956482248283617e-05,0.0011535721174189754,-0.0003434149265076708,2,1
2000,mlp,CD16 Monocyte-2,CD8 + CTL-2,-0.00048143836673226635,-0.001229002835176624,0.0,40,0.6666666666666666,0.001210801393728223,4.666666666666667,0.0016922397604604894,0.0,0.0,1.6666666666666667,0.0001167618059159315,0.0,0.0,2.3333333333333335,0.0003646765608163348,-0.00018292682926829268,-0.0007165870603560573,-0.000544801210572449,0,2
2000,mlp,CD16 Monocyte-2,CD8 + CTL-3,0.00039333711860765793,0.0,0.0013219979739997954,40,2.3333333333333335,0.00039333711860765793,0.0,0.0,0.3333333333333333,0.00010040160642570282,0.0,0.0,2.0,0.0002929355121819551,0.0,0.0,0.00035439630863881057,5.319148936170213e-05,0.0007724235578224611,1,0
2000,mlp,CD16 Monocyte-2,CD8 Tem-1,0.004703067277889217,-0.005335589662755242,0.014667607929307642,40,37.333333333333336,0.025073657191250705,25.333333333333332,0.02037058991336149,6.666666666666667,0.001997092713852214,1.3333333333333333,0.0004822188343845594,19.0,0.009592855244446407,12.333333333333334,0.006404661846024844,-0.0013460918769917583,0.0029653739393779863,0.012489919771281426,9,3
2000,mlp,CD16 Monocyte-2,CD8 Tem-2,-0.00034916195850161354,-0.002746600772382638,0.0015348023477785057,40,3.3333333333333335,0.0008433218140177884,6.0,0.0011924837725194018,0.3333333333333333,0.00018115942028985507,1.3333333333333333,0.00011446599916562367,1.6666666666666667,0.0004936397090635163,3.3333333333333335,0.0009094950886893613,-0.001681693369401633,8.147448405107444e-05,0.0005527330098457179,1,2
2000,mlp,CD16 Monocyte-2,Cycling T,-0.0013060867391576053,-0.005357142857142856,0.0,40,0.0,0.0,1.0,0.0013060867391576053,0.0,0.0,0.0,0.0,0.0,0.0,1.0,0.0013060867391576053,0.0,-0.003869047619047619,-4.921259842519685e-05,0,0
2000,mlp,CD16 Monocyte-2,Erythrocyte,0.0,0.0,0.0,40,0.0,0.0,0.0,0.0,0.0,0.0,0.0,0.0,0.0,0.0,0.0,0.0,0.0,0.0,0.0,0,0
2000,mlp,CD16 Monocyte-2,GCB,0.0,0.0,0.0,40,0.0,0.0,0.0,0.0,0.0,0.0,0.0,0.0,0.0,0.0,0.0,0.0,0.0,0.0,0.0,0,0
2000,mlp,CD16 Monocyte-2,Memory B-1,0.00017260158969111908,-0.0021374650726075244,0.002764937361192822,40,4.0,0.0016413295984928679,5.0,0.001468728008801749,0.6666666666666666,0.00046519949901592414,1.0,0.0003402270161050693,2.6666666666666665,0.0009413883154393851,3.3333333333333335,0.000893759208659121,0.00011427464588029015,0.0018463934587444448,-0.0014428633355513779,2,2
2000,mlp,CD16 Monocyte-2,Memory B-2,-1.6404199475065617e-05,-6.602690288713909e-05,0.0,40,0.0,0.0,0.3333333333333333,1.6404199475065617e-05,0.0,0.0,0.0,0.0,0.0,0.0,0.3333333333333333,1.6404199475065617e-05,0.0,0.0,-4.921259842519685e-05,0,0
2000,mlp,CD16 Monocyte-2,Naive T,-0.00026039667470982103,-0.00368843116264565,0.0030489279294048702,40,21.333333333333332,0.0061547416079468795,24.666666666666668,0.0064151382826567,4.0,0.001092759271210803,5.333333333333333,0.0007322230323339587,7.666666666666667,0.0022466666276397696,9.666666666666666,0.002867599541226435,-0.0023073137959090427,0.0004490248979116927,0.001077098873867887,12,9
2000,mlp,CD16 Monocyte-2,Plasma,0.0,0.0,0.0,40,0.0,0.0,0.0,0.0,0.0,0.0,0.0,0.0,0.0,0.0,0.0,0.0,0.0,0.0,0.0,0,0
2000,mlp,CD16 Monocyte-2,Tcm,4.921259842519685e-05,0.0,0.00014763779527559055,40,1.0,4.921259842519685e-05,0.0,0.0,0.0,0.0,0.0,0.0,1.0,4.921259842519685e-05,0.0,0.0,4.921259842519685e-05,4.921259842519685e-05,4.921259842519685e-05,0,0
2000,mlp,CD16 Monocyte-2,cDC2,0.003751502350478149,-0.00016266300561048206,0.007844751545005952,40,30.333333333333332,0.007761513886278129,19.333333333333332,0.004010011535799981,5.333333333333333,0.0017285240609156132,2.6666666666666665,0.0004257043021721083,13.666666666666666,0.004137830465803771,5.333333333333333,0.0016891478740691274,0.001568679441390522,0.004928396574217736,0.004757431035826189,11,7
2000,mlp,CD16 Monocyte-2,pDC,-0.0005009449218807903,-0.002974005508951464,0.0019169383669724465,40,3.3333333333333335,0.0011497417158695103,3.6666666666666665,0.0016506866377503004,1.0,0.0005288428742410994,1.3333333333333333,0.0007772255000810705,2.0,0.00030038602111559016,2.0,0.0005529483171564094,-0.0009250751799934762,-0.0018020945269914402,0.0012243349413425457,3,4
2000,mlp,CD16 Monocyte-2,platelet,0.0,0.0,0.0,40,0.0,0.0,0.0,0.0,0.0,0.0,0.0,0.0,0.0,0.0,0.0,0.0,0.0,0.0,0.0,0,0
2000,mlp,CD16 NK,Atypical Memory B,0.0,0.0,0.0,40,0.0,0.0,0.0,0.0,0.0,0.0,0.0,0.0,0.0,0.0,0.0,0.0,0.0,0.0,0.0,0,0
2000,mlp,CD16 NK,CD14 Monocyte-1,6.7905991461700765e-06,-0.0003319877792384958,0.0003068679912687583,40,25.0,0.0005857527964007882,26.666666666666668,0.000578962197254618,8.666666666666666,0.0001516264253551167,7.666666666666667,0.00014610537273389483,11.0,0.00025615786638881005,13.666666666666666,0.0002548883198638618,0.0001583538835386831,-0.0002318230541270584,9.38409680268855e-05,14,13
2000,mlp,CD16 NK,CD14 Monocyte-2,-0.00010041966296515985,-0.0003615023600310219,7.369596141011083e-05,40,9.0,0.0001951857171192963,11.0,0.00029560538008445615,2.3333333333333335,3.7281113603991676e-05,1.6666666666666667,2.721214846691096e-05,5.333333333333333,0.00011546092101666652,8.0,0.00022594954911890714,-0.00017197949892802644,7.271725061355167e-05,-0.00020199674058100486,6,3
2000,mlp,CD16 NK,CD14 Monocyte-3,9.46099412346282e-05,-4.702350429221843e-05,0.0003159369057409695,40,4.0,0.00016484213692976752,3.0,7.02321956951393e-05,1.3333333333333333,3.904769885162043e-05,0.3333333333333333,3.567351598173516e-06,2.6666666666666665,0.0001257944380781471,2.6666666666666665,6.666484409696577e-05,7.626666824700858e-06,0.00024203592594860594,3.4167230930577896e-05,3,1
2000,mlp,CD16 NK,CD16 Monocyte-1,-5.198750923948703e-05,-0.00020892979806649194,0.0,40,0.6666666666666666,2.139530462883756e-05,2.0,7.338281386832459e-05,0.3333333333333333,4.761904761904762e-06,0.0,0.0,0.0,0.0,1.6666666666666667,5.674941400139179e-05,0.0,0.0,-0.00015596252771846107,1,0
2000,mlp,CD16 NK,CD16 Monocyte-2,1.0641072656472717e-05,-0.0001316218830801951,0.0001344060349433578,40,4.666666666666667,0.00011202663740814038,4.666666666666667,0.00010138556475166768,2.0,5.119366475172442e-05,1.6666666666666667,2.8362874502289316e-05,2.0,4.841369794205928e-05,2.3333333333333335,6.060341553502167e-05,8.00470738301147e-05,-6.349192422753254e-05,1.5368068366835982e-05,6,4
2000,mlp,CD16 NK,CD16 NK,-0.014783274801177743,-0.03255828775856282,0.006255334801385892,40,41398.666666666664,0.6219192622828176,42968.333333333336,0.6367025370839953,0.0,0.0,0.0,0.0,0.0,0.0,0.0,0.0,-0.018639119293247693,-0.007317558362712121,-0.018393146747573412,0,0
2000,mlp,CD16 NK,CD4 + Tcm-1,0.003765582434113811,-0.003776950007681586,0.01228180640614318,40,5660.333333333333,0.10855691218405934,5783.0,0.1047913297499455,1399.6666666666667,0.025562919295640876,1335.0,0.021855041998046984,696.6666666666666,0.01609998045342201,884.0,0.016042275316902093,0.0016810309516933173,0.0013715341293708203,0.008244182221277298,39,39
2000,mlp,CD16 NK,CD4 + Tcm-2,0.0009637760574329153,-0.0003216336589449495,0.0022875547240632805,40,159.0,0.004135272935665724,124.66666666666667,0.003171496878232809,33.333333333333336,0.0008195663558559009,18.666666666666668,0.00037811688410092486,83.33333333333333,0.0021139775620830064,63.666666666666664,0.0015916509764050668,0.00016596377959144284,0.0008615991284543049,0.0018637652642529985,27,25
2000,mlp,CD16 NK,CD4 Monocyte-4,0.0,0.0,0.0,40,0.0,0.0,0.0,0.0,0.0,0.0,0.0,0.0,0.0,0.0,0.0,0.0,0.0,0.0,0.0,0,0
2000,mlp,CD16 NK,CD56 NK,0.005523864655287677,-0.006233259514059848,0.015606186014682274,40,4439.0,0.1196993791399263,3892.6666666666665,0.11417551448463863,1537.3333333333333,0.028928525074415,984.0,0.02339561533307628,476.6666666666667,0.01305465331600073,483.6666666666667,0.01306369840205178,0.012797167957982181,-0.0009099207496737089,0.004684346757554558,40,40
2000,mlp,CD16 NK,CD8 + CTL-1,0.00042275538507141,-0.003088331345470018,0.0032319362251850615,40,505.0,0.014724167862767553,423.0,0.01430141247769614,134.0,0.0028165774289287773,73.33333333333333,0.0021046409875433,149.0,0.003967473098567317,127.66666666666667,0.004256654154881384,0.0006321115970148448,-0.0003158069525083373,0.0009519615107077221,39,38
2000,mlp,CD16 NK,CD8 + CTL-2,0.001208407089297007,-0.0031950819267541216,0.004238360062471396,40,199.66666666666666,0.005785456731452904,148.33333333333334,0.004577049642155896,81.66666666666667,0.0017854217049708381,39.666666666666664,0.0010213668500133274,83.0,0.0028298483377827964,73.66666666666667,0.0023854961034433,0.0012332363574510889,0.0017865144726584507,0.0006054704377814812,35,29
2000,mlp,CD16 NK,CD8 + CTL-3,-0.0021804161027995568,-0.012547217106400816,0.006417702468542306,40,808.6666666666666,0.018794313962200083,426.3333333333333,0.02097473006499964,449.6666666666667,0.006651673911970521,137.0,0.006952975040316347,202.0,0.0047485559574761095,132.33333333333334,0.006627670931929841,-0.002235951506199113,-0.0010779085332340902,-0.0032273882689654665,39,17
2000,mlp,CD16 NK,CD8 Tem-1,-0.0005664177081549619,-0.005081546960228823,0.0035994095230804,40,2630.3333333333335,0.05006695874416086,2530.6666666666665,0.050633376452315824,893.0,0.015139788542626972,785.6666666666666,0.014257814629586698,438.0,0.008235271517524853,445.6666666666667,0.009683663138720088,0.0002134623786331599,-8.397396387385385e-05,-0.0018287415392241914,31,35
2000,mlp,CD16 NK,CD8 Tem-2,0.0008741355332195518,-0.0010464467291256344,0.002688304753482117,40,522.3333333333334,0.011285634581354134,507.3333333333333,0.010411499048134584,182.33333333333334,0.003092817447871385,142.33333333333334,0.0025197837566693546,123.66666666666667,0.0031612801796080084,148.66666666666666,0.0028601783375904865,0.0011064530575762305,0.0009420134141742956,0.0005739401279081293,39,34
2000,mlp,CD16 NK,Cycling T,0.0010173370195128287,-0.0008973931337673997,0.0027357370830650785,40,918.3333333333334,0.015601146240026337,841.0,0.014583809220513508,348.0,0.005149085881945659,262.0,0.004207111880621649,153.66666666666666,0.00329160117854037,162.33333333333334,0.0032162381603515512,0.0011647022712176663,-1.3360549812367964e-07,0.001887442392818944,37,37
2000,mlp,CD16 NK,Erythrocyte,2.2586575852686845e-05,0.0,6.426853550119021e-05,40,2.3333333333333335,2.2586575852686845e-05,0.0,0.0,1.0,1.1668616855681177e-05,0.0,0.0,1.3333333333333333,1.0917958997005671e-05,0.0,0.0,3.500585056704353e-05,5.743165632896853e-06,2.7010711358120162e-05,3,0
2000,mlp,CD16 NK,GCB,-1.9671944712835167e-05,-0.00023599200020427868,0.00022880216972386952,40,4.333333333333333,0.00017914366260127096,6.333333333333333,0.00019881560731410618,1.0,4.513997565640758e-05,2.3333333333333335,6.247573620137566e-05,2.3333333333333335,0.0001057231439584381,3.0,0.00010805932812630517,7.208568427365357e-05,-0.00013230293591194307,1.2014174997839215e-06,3,5
2000,mlp,CD16 NK,Memory B-1,-0.000227630395012728,-0.0007458000433893192,0.0002825313041687238,40,45.0,0.0010417260418017751,52.333333333333336,0.001269356436814503,10.666666666666666,0.00021717541448767355,10.0,0.00022353679693131075,22.666666666666668,0.0005437975365346664,30.666666666666668,0.0007650665491037573,-0.0006816334842400718,6.611956627451973e-05,-6.737726707263213e-05,18,16
2000,mlp,CD16 NK,Memory B-2,6.07783811114844e-06,-6.76132521974307e-05,6.894345348151833e-05,40,1.0,2.298115116050611e-05,0.3333333333333333,1.6903313049357674e-05,0.0,0.0,0.0,0.0,1.0,2.298115116050611e-05,0.3333333333333333,1.6903313049357674e-05,-2.242939616164768e-05,0.0,4.0662910495093e-05,0,0
2000,mlp,CD16 NK,Naive T,0.001248683046921933,-0.000533174523129959,0.0030980485393157352,40,335.0,0.007830483897680903,258.6666666666667,0.006581800850758969,77.66666666666667,0.0015382565355244139,33.333333333333336,0.0006913137659667301,157.0,0.00353582137313337,125.0,0.003134081095769121,-7.587544322449424e-05,0.0027704357410790565,0.0010514888429112368,37,29
2000,mlp,CD16 NK,Plasma,4.450066840947127e-05,0.0,0.0002015164425915838,40,1.0,4.450066840947127e-05,0.0,0.0,0.0,0.0,0.0,0.0,1.0,4.450066840947127e-05,0.0,0.0,0.0,0.000108451905028013,2.5050100200400798e-05,0,0
2000,mlp,CD16 NK,Tcm,0.002584196756615783,-0.016863369025895143,0.014300935599060023,40,820.6666666666666,0.018832958818961198,488.0,0.016248762062345413,420.0,0.006547487007162914,181.0,0.005973657905790879,207.0,0.005787619686809499,113.33333333333333,0.0037772520315657505,0.0022642531522493216,0.001800078666542629,0.0036882584510553955,37,19
2000,mlp,CD16 NK,cDC2,9.856125415490058e-05,-1.396729694611188e-05,0.00024707735121099166,40,5.0,0.000155189862526787,2.0,5.662860837188638e-05,1.3333333333333333,4.3272153048562086e-05,0.3333333333333333,4.761904761904762e-06,3.0,7.858437614489158e-05,1.0,1.8533370276648288e-05,0.0001478268725023637,0.00012670908456727283,2.1147805395065282e-05,3,1
2000,mlp,CD16 NK,pDC,3.731219702407261e-05,-0.0001093798872066137,0.0001672304524121116,40,8.0,0.0002227220640877262,6.666666666666667,0.00018540986706365353,0.6666666666666666,7.215491173645856e-06,0.3333333333333333,3.765627353517096e-06,4.0,0.00011005082652536646,3.0,7.618849332142261e-05,6.766108705522697e-05,-2.103236857764938e-05,6.530787259464022e-05,2,1
2000,mlp,CD16 NK,platelet,0.0,0.0,0.0,40,0.0,0.0,0.0,0.0,0.0,0.0,0.0,0.0,0.0,0.0,0.0,0.0,0.0,0.0,0.0,0,0
2000,mlp,CD4 + Tcm-1,Atypical Memory B,6.783690132139524e-05,-1.2861327757924452e-05,0.00019137370845168946,40,3.0,8.863404066054209e-05,1.0,2.0797139339146864e-05,0.6666666666666666,1.5540348541537832e-05,0.3333333333333333,3.3003300330033004e-06,2.3333333333333335,7.309369211900427e-05,0.6666666666666666,1.749680930614356e-05,5.8464635046846856e-05,8.921048344403428e-05,5.583558547330457e-05,2,1
2000,mlp,CD4 + Tcm-1,CD14 Monocyte-1,0.00028243118902185387,-0.00017883385502088072,0.0007301936831756582,40,76.33333333333333,0.001372428506999708,65.66666666666667,0.001089997317977854,42.0,0.0006475058850955089,34.0,0.0005506418355357075,22.333333333333332,0.0004640559363082288,19.666666666666668,0.00027848879684617647,0.0005334762402301586,0.0002509082756045816,6.290905123082136e-05,29,27
2000,mlp,CD4 + Tcm-1,CD14 Monocyte-2,4.61549273999798e-05,-0.0005047144290981374,0.0005549988772786807,40,67.0,0.0009327618874950984,62.333333333333336,0.0008866069600951186,27.333333333333332,0.0003566258091470588,29.666666666666668,0.00042141084026547595,31.0,0.0004528458195822711,24.0,0.0003419058610638742,3.6250048101369066e-05,0.0003614787943035273,-0.00025926406020495695,24,22
2000,mlp,CD4 + Tcm-1,CD14 Monocyte-3,0.0004012865761148757,2.5536242405155797e-05,0.0009522119136930379,40,16.333333333333332,0.0005562158243888209,4.0,0.0001549292482739451,2.3333333333333335,6.610785564061265e-05,0.3333333333333333,2.05761316872428e-05,14.0,0.0004901079687482081,3.6666666666666665,0.00013435311658670232,0.00026718038391292966,0.0004995295906997822,0.0004371497537319151,4,1
2000,mlp,CD4 + Tcm-1,CD16 Monocyte-1,-3.579545871142854e-05,-0.00015013534429296908,7.566550838115563e-05,40,7.0,9.099578070236665e-05,7.333333333333333,0.0001267912394137952,4.0,4.9366415264780714e-05,5.0,9.252834035255993e-05,1.6666666666666667,2.1485614263931006e-05,1.0,1.4119147887580333e-05,1.2200202608827551e-05,-3.8815419010460645e-06,-0.00011570503684206711,10,10
2000,mlp,CD4 + Tcm-1,CD16 Monocyte-2,-5.908876020958333e-05,-0.00031372640818575366,0.00015547932477530632,40,11.666666666666666,0.00018753250052737144,14.333333333333334,0.0002466212607369548,5.0,6.339082134232175e-05,7.0,0.00010975014773819612,5.0,9.87670385595232e-05,5.666666666666667,0.00011149647237323221,-0.00010835458701875529,3.717173804995425e-05,-0.00010608343165994898,10,13
2000,mlp,CD4 + Tcm-1,CD16 NK,-0.006134040108419785,-0.014758428967856443,0.0015615785192300605,40,5141.333333333333,0.07413475282536418,5517.333333333333,0.08026879293378394,1514.3333333333333,0.01966544550563487,1622.0,0.023229226381802217,510.0,0.008547510235223063,778.3333333333334,0.011117769467475502,-0.003926103728156603,-0.006894552891384978,-0.007581463705717774,38,37
2000,mlp,CD4 + Tcm-1,CD4 + Tcm-1,0.004204359163467332,-0.01710640264700262,0.028123676976224907,40,50999.666666666664,0.6484393884158307,52332.666666666664,0.6442350292523634,0.0,0.0,0.0,0.0,0.0,0.0,0.0,0.0,-0.0009757792927506378,-8.056023000625051e-06,0.013596912806153263,0,0
2000,mlp,CD4 + Tcm-1,CD4 + Tcm-2,0.0014122167442494338,-0.009030721549740835,0.011915573557407971,40,2256.0,0.05837227668752356,2115.6666666666665,0.05696005994327413,727.6666666666666,0.013021665110910081,531.0,0.010659919115696281,390.6666666666667,0.011236508497060949,447.0,0.012186037748025319,-0.0026541387475410793,0.004084435162624,0.0028063538176653774,40,39
2000,mlp,CD4 + Tcm-1,CD4 Monocyte-4,-1.1411174064833242e-05,-3.752948518210478e-05,7.880220646178092e-06,40,0.3333333333333333,3.940110323089046e-06,1.0,1.535128438792229e-05,0.3333333333333333,3.940110323089046e-06,0.6666666666666666,9.368991973469069e-06,0.0,0.0,0.3333333333333333,5.982292414453219e-06,-4.466313981872927e-06,-1.1820330969267138e-05,-1.7946877243359657e-05,1,2
2000,mlp,CD4 + Tcm-1,CD56 NK,0.0021569843647097245,-0.001592802214075093,0.005481557264467322,40,969.3333333333334,0.0192275391884304,826.6666666666666,0.01707055482372068,298.6666666666667,0.004330980256089081,245.0,0.004070883166011997,369.3333333333333,0.008061590106035152,280.3333333333333,0.00616470283140251,0.004630689951351461,0.0003192909824220087,0.001520972160355705,40,40
2000,mlp,CD4 + Tcm-1,CD8 + CTL-1,-0.0008629518755932959,-0.0047648704043088096,0.002131575166552977,40,474.3333333333333,0.01177022431317981,434.0,0.012633176188773104,149.33333333333334,0.002253713489498322,105.33333333333333,0.0024312576433530805,159.33333333333334,0.0041837877295225956,163.0,0.0048691954512611315,0.0003260489706439991,-0.0014586903935666067,-0.0014562142038572802,39,36
2000,mlp,CD4 + Tcm-1,CD8 + CTL-2,0.0008217372110657619,-0.00023285587057869024,0.0021455233267131638,40,99.66666666666667,0.0023896571460069317,66.0,0.00156791993494117,31.333333333333332,0.0004512582192333617,18.666666666666668,0.00035244113735446764,56.666666666666664,0.0016234834779813598,35.666666666666664,0.0009005633487944922,0.0007913697743226207,0.0006185408258775974,0.0010553010329970673,30,17
2000,mlp,CD4 + Tcm-1,CD8 + CTL-3,-0.004197960809301016,-0.017154827665271547,0.00622163737757559,40,1235.6666666666667,0.023478444852380185,716.6666666666666,0.027676405661681207,681.6666666666666,0.006571499647430582,181.0,0.008277202175363601,246.33333333333334,0.0061638884504380854,228.0,0.008656146731806083,-0.002351266040596766,-0.0041658439955111525,-0.006076772391795132,40,18
2000,mlp,CD4 + Tcm-1,CD8 Tem-1,-0.0027363121027375367,-0.008037989658542355,0.0021606140104117317,40,3393.6666666666665,0.04571387097780869,3390.6666666666665,0.04845018308054624,1306.0,0.01612844024338274,1318.3333333333333,0.018533080764162227,482.6666666666667,0.006297246926942328,467.3333333333333,0.006628918508900375,-0.0017654103696067105,-0.002676167823643085,-0.003767358114962814,30,34
2000,mlp,CD4 + Tcm-1,CD8 Tem-2,0.0006984221261237018,-0.0013793654416518896,0.0026004119205398795,40,539.6666666666666,0.010517790530456384,525.0,0.00981936840433268,205.0,0.002856264514668635,192.0,0.002852391676649238,125.33333333333333,0.002861023522708426,123.66666666666667,0.0021664742346041202,0.0015682134647296505,5.332115664296909e-05,0.00047373175699848557,39,37
2000,mlp,CD4 + Tcm-1,Cycling T,0.0011829150235923103,-0.0005292664503373384,0.0030442269643440223,40,891.3333333333334,0.011857963688060537,816.0,0.010675048664468225,424.0,0.0049766151978996535,361.3333333333333,0.004761037831180852,148.66666666666666,0.0027427636488614802,136.0,0.0017754259919879715,0.001078081860884153,0.00047267066990890034,0.0019979925399838767,38,37
2000,mlp,CD4 + Tcm-1,Erythrocyte,1.0678174528844542e-05,0.0,3.196174396819761e-05,40,2.0,1.0678174528844542e-05,0.0,0.0,0.6666666666666666,2.6877385367951405e-06,0.0,0.0,1.3333333333333333,7.9904359920494e-06,0.0,0.0,8.063215610385422e-06,4.031607805192711e-06,1.9939700170955496e-05,1,0
2000,mlp,CD4 + Tcm-1,GCB,0.000302081317765487,-6.152384116364104e-07,0.0007234320392389184,40,15.0,0.0004946615507239803,8.0,0.0001925802329584932,4.0,0.00011503567260565048,3.0,5.402356220424727e-05,8.666666666666666,0.00030490245948778264,2.6666666666666665,6.383325212369888e-05,0.0003573591844021454,8.495852404451072e-05,0.00046392624484980496,6,7
2000,mlp,CD4 + Tcm-1,Memory B-1,-4.208770368656885e-05,-0.0007535153998263215,0.0005154646938162272,40,178.33333333333334,0.00233644883069743,176.66666666666666,0.002378536534383999,99.66666666666667,0.0011447328368952463,100.33333333333333,0.0013591329532420102,49.0,0.0007520228882927788,46.666666666666664,0.0005797104756325838,0.0001718803164177002,0.00016030134215907853,-0.00045844476963648515,33,30
2000,mlp,CD4 + Tcm-1,Memory B-2,8.962863952471064e-05,-5.0218210397188786e-05,0.0002814321093979036,40,7.666666666666667,0.0002134733400891131,4.333333333333333,0.00012384470056440243,3.0,5.834034489921811e-05,1.6666666666666667,3.5204445262301554e-05,3.3333333333333335,0.00011341084354626414,1.3333333333333333,4.691810365847006e-05,5.82055726329449e-05,7.772725446484603e-05,0.00013295309147634101,4,4
2000,mlp,CD4 + Tcm-1,Naive T,0.0026531852350718654,-0.006334210165684625,0.009708748401289866,40,3392.0,0.06841555232686285,2933.6666666666665,0.06576236709179097,1352.3333333333333,0.018064973879424604,943.3333333333334,0.015602909484040556,497.6666666666667,0.011515041201484994,448.3333333333333,0.011323920361797178,0.0029728703314800785,0.008470241387201252,-0.003483556013465733,40,40
2000,mlp,CD4 + Tcm-1,Plasma,-6.0739306130951374e-06,-7.771988309853637e-05,7.302143716329481e-05,40,4.666666666666667,6.559335614405634e-05,5.666666666666667,7.166728675715147e-05,3.3333333333333335,4.892178731792814e-05,2.3333333333333335,3.323056447054064e-05,1.0,1.0689276411674974e-05,3.0,3.245442987215762e-05,-7.199696241054856e-06,1.975335139492054e-05,-3.077544699315109e-05,6,5
2000,mlp,CD4 + Tcm-1,Tcm,-0.000510077662290083,-0.02289659364934706,0.012873535032635155,40,834.0,0.018499177089579526,593.3333333333334,0.019009254751869608,367.3333333333333,0.0050705916423815665,213.66666666666666,0.006702246490162011,221.33333333333334,0.005540577230072656,134.33333333333334,0.004419000044582298,-0.0011103193343699178,-0.0006110612082374275,0.000191147555737093,39,22
2000,mlp,CD4 + Tcm-1,cDC2,0.00021385976191357948,-2.807786180447117e-05,0.0005700751308056675,40,15.666666666666666,0.0003918644009799227,12.333333333333334,0.00017800463906634316,7.666666666666667,0.00010602251875796772,6.666666666666667,9.962320099588353e-05,7.0,0.0002602598365248195,4.666666666666667,5.2799392373324255e-05,0.0001778550705690154,0.00017211503479600687,0.0002916091803757161,18,10
2000,mlp,CD4 + Tcm-1,pDC,5.572634935039966e-05,-0.00026453728383644715,0.0003774650657867483,40,21.0,0.0004282365837887428,21.666666666666668,0.0003725102344383431,6.0,9.626369048221953e-05,8.0,0.00011603918390228979,10.666666666666666,0.0002692612911079015,9.333333333333334,0.00019375944833743155,-0.00012254667829175692,3.459780546861278e-05,0.0002551279208743432,15,10
2000,mlp,CD4 + Tcm-1,platelet,-3.7041195940297435e-06,-4.274107758233196e-05,4.6181102670837154e-05,40,0.3333333333333333,9.897070467141727e-06,1.0,1.3601190061171471e-05,0.3333333333333333,9.897070467141727e-06,0.3333333333333333,2.759381898454746e-06,0.0,0.0,0.6666666666666666,1.0841808162716725e-05,-2.262443438914027e-05,1.979022130241528e-05,-8.278145695364238e-06,1,1
2000,mlp,CD4 + Tcm-2,Atypical Memory B,-1.5253513368041546e-06,-2.6609898882384245e-05,1.3251610415015904e-05,39,0.6666666666666666,6.0466986537025445e-06,0.6666666666666666,7.572049990506699e-06,0.0,0.0,0.3333333333333333,4.548700663655427e-06,0.6666666666666666,6.0466986537025445e-06,0.3333333333333333,3.0233493268512723e-06,9.070047980553817e-06,0.0,-1.364610199096628e-05,0,1
2000,mlp,CD4 + Tcm-2,CD14 Monocyte-1,-6.688022865409102e-05,-0.0023287919946199716,0.0032744396705200684,39,4.0,0.0012076867569454743,4.666666666666667,0.0012745669855995653,0.3333333333333333,3.7852119340161856e-06,0.0,0.0,2.3333333333333335,0.0008164640746097126,3.3333333333333335,0.0008871295151978197,-0.0013121619043494446,0.00199620354771694,-0.0008846823293297688,1,0
2000,mlp,CD4 + Tcm-2,CD14 Monocyte-2,-0.0020800541719813597,-0.006332506397983945,0.0018093468267968119,39,6.0,0.0029441724947015285,11.0,0.005024226666682888,1.0,0.00044718849750296293,0.3333333333333333,0.00015262515262515263,4.666666666666667,0.002307050473931709,10.333333333333334,0.0046816679907908795,0.0005888275068301956,-0.0031016216164642747,-0.00372736840631,3,1
2000,mlp,CD4 + Tcm-2,CD14 Monocyte-3,0.00011386565672477377,0.0,0.0002842442483087856,39,21.333333333333332,0.000248137906585626,11.666666666666666,0.00013427224986085225,5.333333333333333,6.64632833407678e-05,1.3333333333333333,1.607241248127547e-05,9.0,0.00010412322556354978,3.3333333333333335,4.064843969826836e-05,0.00019823698256734147,0.00012064871600288269,2.271127160409712e-05,5,3
2000,mlp,CD4 + Tcm-2,CD16 Monocyte-1,0.0,0.0,0.0,39,0.0,0.0,0.0,0.0,0.0,0.0,0.0,0.0,0.0,0.0,0.0,0.0,0.0,0.0,0.0,0,0
2000,mlp,CD4 + Tcm-2,CD16 Monocyte-2,-0.0005973645297237119,-0.0023499716591789763,0.0006122178650743292,39,4.333333333333333,0.0006217536590647907,6.0,0.0012191181887885028,1.3333333333333333,1.495329894959867e-05,0.6666666666666666,2.6502352083747433e-05,1.3333333333333333,0.00020150676949936893,3.6666666666666665,0.0007873222460889321,-0.0005419161127388996,-0.0016838238085790953,0.0004336463321468592,2,1
2000,mlp,CD4 + Tcm-2,CD16 NK,-0.002857276770547735,-0.015441831994553838,0.008007066691556444,39,74.0,0.024743655406317816,64.0,0.027600932176865555,6.0,0.0010469073945314439,3.0,0.0005640426655253162,44.0,0.013800093888147394,37.0,0.017140235387701253,-0.0035594785874360946,0.0023247949487311603,-0.007337146672938269,11,6
2000,mlp,CD4 + Tcm-2,CD4 + Tcm-1,-0.010103684381373787,-0.04910366063953985,0.024026929389028534,39,1220.0,0.36703690444503617,1159.6666666666667,0.37714058882640994,231.0,0.024049399727187348,207.33333333333334,0.0326756607081564,327.3333333333333,0.07416049646187374,290.6666666666667,0.07563791986227847,-0.026149154842547075,-0.0008985323891805258,-0.003263365912393761,31,34
2000,mlp,CD4 + Tcm-2,CD4 + Tcm-2,-0.006317177139997823,-0.02996767518790003,0.01775880140998806,39,9754.0,0.23760178599317214,10349.0,0.24391896313316996,0.0,0.0,0.0,0.0,0.0,0.0,0.0,0.0,-0.007111729535544987,0.0035167685490974532,-0.015356570433545937,0,0
2000,mlp,CD4 + Tcm-2,CD4 Monocyte-4,-4.191764858758484e-06,-1.822107787041578e-05,0.0,39,0.0,0.0,0.3333333333333333,4.191764858758484e-06,0.0,0.0,0.0,0.0,0.0,0.0,0.3333333333333333,4.191764858758484e-06,0.0,0.0,-1.257529457627545e-05,0,0
2000,mlp,CD4 + Tcm-2,CD56 NK,0.001262389832312527,-0.010321558808070303,0.01225405433395143,39,921.3333333333334,0.03881888015093183,911.6666666666666,0.0375564903186193,243.33333333333334,0.007781455073562008,175.66666666666666,0.004739466102846038,203.33333333333334,0.01532412429792431,261.3333333333333,0.017103723436327753,0.0014934389122211603,-0.0060981561868078465,0.008391886771524268,19,16
2000,mlp,CD4 + Tcm-2,CD8 + CTL-1,0.0028158497395823893,-0.001430235517094336,0.0079416422836325,39,1118.6666666666667,0.023227842806721067,1066.6666666666667,0.020411993067138683,274.6666666666667,0.003996198445067823,204.0,0.0030689559586553096,130.66666666666666,0.006038693677319063,149.33333333333334,0.004150086424149187,0.0034881928105053393,0.0002920662472237126,0.004667290161018116,12,10
2000,mlp,CD4 + Tcm-2,CD8 + CTL-2,-0.0015182155797876153,-0.006356658198575801,0.0027954044109273894,39,216.0,0.0046174646973242625,201.66666666666666,0.006135680277111877,75.33333333333333,0.0009067026429231146,45.666666666666664,0.0009328551086307861,81.33333333333333,0.0024773492567257793,96.66666666666667,0.003969412370805722,0.0013450667002995126,-0.00448248411997469,-0.001417229319687668,8,10
2000,mlp,CD4 + Tcm-2,CD8 + CTL-3,0.0013574993338263354,-0.0008054485441224535,0.004970672197967258,39,124.66666666666667,0.0028104738708689815,90.0,0.0014529745370426457,34.333333333333336,0.0004061817008900565,13.666666666666666,0.00018978548879655796,57.666666666666664,0.0020300679341954653,43.666666666666664,0.0008889648124626284,0.0021654329903145657,0.0013622833538084094,0.0005447816573560313,7,6
2000,mlp,CD4 + Tcm-2,CD8 Tem-1,0.008982004043699516,-0.008188611226026496,0.024816595339982876,39,420.3333333333333,0.17841340803693928,387.6666666666667,0.16943140399323978,31.0,0.010665226294524368,20.333333333333332,0.0055222528876584616,124.33333333333333,0.04846717282327253,102.33333333333333,0.04462814218643892,0.012792908881454082,0.003321033227298101,0.010832070022346362,25,18
2000,mlp,CD4 + Tcm-2,CD8 Tem-2,-0.0008792041112677219,-0.005496258738511339,0.00421875443594506,39,242.66666666666666,0.012186899905170667,202.33333333333334,0.013066104016438387,49.0,0.0006486245726616675,19.666666666666668,0.0008732431462025154,47.666666666666664,0.004642624224066946,36.666666666666664,0.00529720976179382,0.00028246887208339277,0.0019228253374043059,-0.004842906543290864,8,12
2000,mlp,CD4 + Tcm-2,Cycling T,-0.0009292470976920569,-0.00325245665798437,0.0012371270813196344,39,28.333333333333332,0.00382384573584844,21.0,0.0047530928335404975,6.666666666666667,7.724359654508576e-05,3.0,3.675752638693373e-05,13.333333333333334,0.0018091897725622294,9.666666666666666,0.0027789229404124385,-0.0008723003020272899,-0.0009837649900001112,-0.0009316760010487696,6,5
2000,mlp,CD4 + Tcm-2,Erythrocyte,0.0,0.0,0.0,39,0.0,0.0,0.0,0.0,0.0,0.0,0.0,0.0,0.0,0.0,0.0,0.0,0.0,0.0,0.0,0,0
2000,mlp,CD4 + Tcm-2,GCB,0.00013023182571473998,-0.0010638153550821354,0.0011497957713581738,39,19.666666666666668,0.0005876708899364491,10.0,0.0004574390642217091,6.0,0.00025035608553113217,2.0,2.1475557713830396e-05,9.666666666666666,0.00029443246374878115,4.0,0.00039308116585134284,0.00017572645966521067,0.0005617738219689123,-0.00034680480448990317,6,4
2000,mlp,CD4 + Tcm-2,Memory B-1,-0.00019364632096616793,-0.0031537052167411616,0.0023963006824794697,39,11.0,0.003392982907802959,11.0,0.0035866292287691265,0.0,0.0,0.0,0.0,8.666666666666666,0.0024463981309737555,8.666666666666666,0.002640044451939923,0.0012749467504354866,-0.0010947042518182422,-0.000761181461515748,0,0
2000,mlp,CD4 + Tcm-2,Memory B-2,3.429902251593573e-06,-3.399106215371581e-05,4.368546711967597e-05,39,1.6666666666666667,1.967039074844053e-05,1.3333333333333333,1.6240488496846957e-05,0.0,0.0,0.0,0.0,1.6666666666666667,1.967039074844053e-05,1.3333333333333333,1.6240488496846957e-05,3.529144454779555e-05,5.042280467144598e-07,-2.5505965839729294e-05,0,0
2000,mlp,CD4 + Tcm-2,Naive T,0.007379033265382505,-0.0057610805977230325,0.022841002277895005,39,2507.0,0.09143169572274008,2294.6666666666665,0.08405266245735758,724.3333333333334,0.012532440861106572,462.3333333333333,0.008675540908418154,226.33333333333334,0.02960300437174122,276.0,0.02608087105904713,0.011547136663188332,0.000787718860375902,0.009802244272583286,20,18
2000,mlp,CD4 + Tcm-2,Plasma,5.510715119734134e-05,-3.0623292465860234e-05,0.00025799793601651185,39,0.3333333333333333,6.28456510809452e-05,0.6666666666666666,7.738499883603858e-06,0.0,0.0,0.0,0.0,0.3333333333333333,6.28456510809452e-05,0.6666666666666666,7.738499883603858e-06,-2.3215499650811574e-05,0.0001885369532428356,0.0,0,0
2000,mlp,CD4 + Tcm-2,Tcm,0.003443861033915575,0.0006882454543332456,0.006737764059154644,39,163.0,0.005747837358689469,52.666666666666664,0.0023039763247738937,75.66666666666667,0.001315869741004329,10.333333333333334,0.00038546452606864255,68.0,0.0036811612938177983,23.0,0.0011677054748379094,0.003674019292359073,0.003118874178243855,0.0035386896311437985,8,2
2000,mlp,CD4 + Tcm-2,cDC2,-0.0001818512456810329,-0.0010869565217391304,1.5427706223265838e-05,39,0.3333333333333333,3.9532879495876724e-06,0.3333333333333333,0.0001858045336306206,0.0,0.0,0.0,0.0,0.3333333333333333,3.9532879495876724e-06,0.3333333333333333,0.0001858045336306206,0.0,-0.0005455537370430987,0.0,0,0
2000,mlp,CD4 + Tcm-2,pDC,0.00019100019721095412,-0.00014726156804971492,0.0013025295335382513,39,1.3333333333333333,0.00023592160367248247,1.6666666666666667,4.492140646152833e-05,0.3333333333333333,4.191764858758484e-06,0.6666666666666666,6.8085612608674574e-06,0.6666666666666666,0.00022870648948687268,0.6666666666666666,3.508949587380959e-05,-0.00011433853560198261,0.0,0.000687339127234845,1,2
2000,mlp,CD4 + Tcm-2,platelet,-3.953287949587648e-06,-0.0008557980316645273,0.0008476833879785314,39,0.3333333333333333,0.00020846362309776944,0.6666666666666666,0.00021241691104735712,0.0,0.0,0.3333333333333333,3.9532879495876724e-06,0.3333333333333333,0.00020846362309776944,0.3333333333333333,0.00020846362309776944,0.0006135310054445454,-0.0006253908692933083,0.0,0,1
2000,mlp,CD4 Monocyte-4,Atypical Memory B,0.0,0.0,0.0,35,0.0,0.0,0.0,0.0,0.0,0.0,0.0,0.0,0.0,0.0,0.0,0.0,0.0,0.0,0.0,0,0
2000,mlp,CD4 Monocyte-4,CD14 Monocyte-1,-0.007119576557958369,-0.04040360830671267,0.019588171601150586,35,207.66666666666666,0.18949496927646214,224.66666666666666,0.19661454583442053,37.666666666666664,0.02692414207820472,49.333333333333336,0.030481135309204068,10.0,0.009280593157159697,15.333333333333334,0.012843176484118715,0.013059130196069106,-0.02681723355876198,-0.0076006263111822224,24,22
2000,mlp,CD4 Monocyte-4,CD14 Monocyte-2,-0.004701297863318769,-0.01627322346007646,0.004341367615925707,35,6.0,0.0069041494507333006,6.666666666666667,0.011605447314052072,0.0,0.0,0.0,0.0,3.0,0.003487041866959051,3.6666666666666665,0.00818833973027782,-0.00901360544217687,0.0003658556624016403,-0.005456143810181077,0,0
2000,mlp,CD4 Monocyte-4,CD14 Monocyte-3,-0.00046143488486755855,-0.0071215661922301825,0.004362009152167449,35,24.666666666666668,0.005640655622514344,31.666666666666668,0.006102090507381902,6.666666666666667,0.0012574929216237819,15.333333333333334,0.0029329034182562154,8.666666666666666,0.0026571827517800246,7.0,0.0014432071400151487,0.00022000412596868334,-0.0038663542622011907,0.002262045481629832,6,4
2000,mlp,CD4 Monocyte-4,CD16 Monocyte-1,-0.0011830977796252692,-0.025019876681038472,0.017966695205224256,35,105.33333333333333,0.1580696364831838,109.0,0.1592527342628091,16.333333333333332,0.021703444199850302,19.0,0.022472917292022707,3.3333333333333335,0.0037473852463054008,4.333333333333333,0.004161009933758263,0.0019299582411802106,0.004047642849549786,-0.009526894429605805,21,21
2000,mlp,CD4 Monocyte-4,CD16 Monocyte-2,0.0008819660725217938,-0.017601585363940173,0.022185591353831097,35,36.333333333333336,0.024802336147386587,34.666666666666664,0.023920370074864795,7.666666666666667,0.008451526032047513,8.666666666666666,0.0056986446852770704,8.666666666666666,0.006963117108123615,6.0,0.008834032382372261,-0.0034950734862812653,-0.009955885840027223,0.01609685754387387,13,12
2000,mlp,CD4 Monocyte-4,CD16 NK,-0.0007936507936507935,-0.004629629629629629,0.0,35,0.0,0.0,0.3333333333333333,0.0007936507936507935,0.0,0.0,0.0,0.0,0.0,0.0,0.3333333333333333,0.0007936507936507935,-0.0023809523809523807,0.0,0.0,0,0
2000,mlp,CD4 Monocyte-4,CD4 + Tcm-1,0.00021645021645021645,0.0,0.0011655011655011653,35,0.3333333333333333,0.00021645021645021645,0.0,0.0,0.0,0.0,0.0,0.0,0.3333333333333333,0.00021645021645021645,0.0,0.0,0.0006493506493506494,0.0,0.0,0,0
2000,mlp,CD4 Monocyte-4,CD4 + Tcm-2,0.0,0.0,0.0,35,0.0,0.0,0.0,0.0,0.0,0.0,0.0,0.0,0.0,0.0,0.0,0.0,0.0,0.0,0.0,0,0
2000,mlp,CD4 Monocyte-4,CD4 Monocyte-4,-0.020009956499723352,-0.07192954406045882,0.029856286779719805,35,941.3333333333334,0.46949440556065136,912.3333333333334,0.48950436206037473,0.0,0.0,0.0,0.0,0.0,0.0,0.0,0.0,-0.05358679847444189,0.01671769129656665,-0.02316076232129478,0,0
2000,mlp,CD4 Monocyte-4,CD56 NK,0.00021645021645021645,0.0,0.0012285012285012285,35,0.3333333333333333,0.00021645021645021645,0.0,0.0,0.0,0.0,0.0,0.0,0.3333333333333333,0.00021645021645021645,0.0,0.0,0.0,0.0,0.0006493506493506494,0,0
2000,mlp,CD4 Monocyte-4,CD8 + CTL-1,0.0,0.0,0.0,35,0.0,0.0,0.0,0.0,0.0,0.0,0.0,0.0,0.0,0.0,0.0,0.0,0.0,0.0,0.0,0,0
2000,mlp,CD4 Monocyte-4,CD8 + CTL-2,0.0,0.0,0.0,35,0.0,0.0,0.0,0.0,0.0,0.0,0.0,0.0,0.0,0.0,0.0,0.0,0.0,0.0,0.0,0,0
2000,mlp,CD4 Monocyte-4,CD8 + CTL-3,0.001444851444851445,0.0,0.004919031935160955,35,1.0,0.001444851444851445,0.0,0.0,0.0,0.0,0.0,0.0,1.0,0.001444851444851445,0.0,0.0,0.0,0.0019536019536019536,0.0023809523809523807,0,0
2000,mlp,CD4 Monocyte-4,CD8 Tem-1,0.0,-0.0015432098765432098,0.001828094541910328,35,0.6666666666666666,0.0007936507936507935,0.6666666666666666,0.0007936507936507935,0.0,0.0,0.0,0.0,0.3333333333333333,0.00039682539682539677,0.3333333333333333,0.00039682539682539677,-0.0011904761904761904,0.0,0.0011904761904761904,0,0
2000,mlp,CD4 Monocyte-4,CD8 Tem-2,0.028736345268990354,0.0041082783872909475,0.06984598846347542,35,45.333333333333336,0.08808956423707089,47.333333333333336,0.059353218968080525,13.666666666666666,0.029772000328973498,16.333333333333332,0.0062869275738829,5.333333333333333,0.00852468243715208,4.666666666666667,0.003273409923252329,0.04705255988575934,0.014675776566934192,0.02448069935427753,20,12
2000,mlp,CD4 Monocyte-4,Cycling T,0.0,0.0,0.0,35,0.0,0.0,0.0,0.0,0.0,0.0,0.0,0.0,0.0,0.0,0.0,0.0,0.0,0.0,0.0,0,0
2000,mlp,CD4 Monocyte-4,Erythrocyte,0.0,0.0,0.0,35,0.0,0.0,0.0,0.0,0.0,0.0,0.0,0.0,0.0,0.0,0.0,0.0,0.0,0.0,0.0,0,0
2000,mlp,CD4 Monocyte-4,GCB,0.0,0.0,0.0,35,0.0,0.0,0.0,0.0,0.0,0.0,0.0,0.0,0.0,0.0,0.0,0.0,0.0,0.0,0.0,0,0
2000,mlp,CD4 Monocyte-4,Memory B-1,0.0,0.0,0.0,35,0.0,0.0,0.0,0.0,0.0,0.0,0.0,0.0,0.0,0.0,0.0,0.0,0.0,0.0,0.0,0,0
2000,mlp,CD4 Monocyte-4,Memory B-2,-0.00011858557764264962,-0.000896057347670251,0.0005699744409421819,35,0.6666666666666666,0.00018354405451179645,1.6666666666666667,0.0003021296321544461,0.0,0.0,1.0,0.00017924176733109736,0.3333333333333333,0.0001221001221001221,0.3333333333333333,6.144393241167435e-05,-0.00018433179723502304,0.0003663003663003663,-0.0005377253019932921,0,2
2000,mlp,CD4 Monocyte-4,Naive T,0.0005613627564847076,-0.0008563762735778141,0.003952526132404178,35,0.3333333333333333,0.0007936507936507935,0.3333333333333333,0.00023228803716608595,0.0,0.0,0.0,0.0,0.3333333333333333,0.0007936507936507935,0.3333333333333333,0.00023228803716608595,0.0,0.0,0.001684088269454123,0,0
2000,mlp,CD4 Monocyte-4,Plasma,0.0,0.0,0.0,35,0.0,0.0,0.0,0.0,0.0,0.0,0.0,0.0,0.0,0.0,0.0,0.0,0.0,0.0,0.0,0,0
2000,mlp,CD4 Monocyte-4,Tcm,0.0,0.0,0.0,35,0.0,0.0,0.0,0.0,0.0,0.0,0.0,0.0,0.0,0.0,0.0,0.0,0.0,0.0,0.0,0,0
2000,mlp,CD4 Monocyte-4,cDC2,0.0035851743744131606,-0.005480990745850157,0.014049539152154615,35,29.0,0.051551545534636596,29.333333333333332,0.047966371160223446,4.0,0.0032608407682788386,4.666666666666667,0.0032556681679542054,1.6666666666666667,0.005090949423247559,1.3333333333333333,0.0015109476491590313,0.006063083134285287,0.006788457318411235,-0.002096017329457038,9,7
2000,mlp,CD4 Monocyte-4,pDC,0.00039682539682539677,0.0,0.0022522522522522522,35,0.3333333333333333,0.00039682539682539677,0.0,0.0,0.0,0.0,0.0,0.0,0.3333333333333333,0.00039682539682539677,0.0,0.0,0.0,0.0011904761904761904,0.0,0,0
2000,mlp,CD4 Monocyte-4,platelet,-0.0016518257902005437,-0.009113060428849901,0.0011384049365401527,35,5.666666666666667,0.0019073147709702451,6.333333333333333,0.0035591405611707897,1.3333333333333333,0.0002962518595272937,2.0,0.0003483034748543433,1.6666666666666667,0.0003931823635375897,1.6666666666666667,0.0019929565384110837,0.0008771515389503553,-0.00546632854325162,-0.0003663003663003663,3,2
2000,mlp,CD56 NK,Atypical Memory B,-2.8860453705413918e-05,-0.00018517617730216156,1.3161723988254828e-05,40,1.3333333333333333,7.0990168589612775e-06,1.0,3.59594705643752e-05,0.3333333333333333,2.0022425116130064e-06,0.0,0.0,0.6666666666666666,3.2045551526767604e-06,0.6666666666666666,3.406725136970369e-05,-5.676657584014532e-06,1.1683385118853552e-05,-9.258808865108078e-05,1,0
2000,mlp,CD56 NK,CD14 Monocyte-1,-0.0006488946436784096,-0.0018635482587999834,0.0002049654290694869,40,11.333333333333334,0.0011965256657611798,11.666666666666666,0.0018454203094395898,3.3333333333333335,9.05713892047759e-05,0.3333333333333333,0.0001366120218579235,4.0,0.00030121573451120573,7.333333333333333,0.0009040697455364677,-0.00025151622861754815,-0.0008209839171967132,-0.0008741837852209681,7,1
2000,mlp,CD56 NK,CD14 Monocyte-2,-0.002008636698664433,-0.005934902717616789,0.0007061511110906548,40,10.333333333333334,0.001793116084547063,20.0,0.003801752783211496,0.3333333333333333,1.736111111111111e-05,3.3333333333333335,0.0005474327042254672,7.666666666666667,0.0014121956704557699,14.333333333333334,0.002890760776005847,-0.0017096779259794012,0.0004198746574420739,-0.00473610682745597,1,8
2000,mlp,CD56 NK,CD14 Monocyte-3,0.0002719554721344989,1.4312590159080689e-05,0.000841235007878332,40,42.0,0.00043296754762874224,27.0,0.0001610120754942434,13.666666666666666,0.0001926889584720079,2.6666666666666665,1.4475415802999445e-05,12.0,0.00014104912526744642,8.0,4.7307195801956035e-05,0.00010609918888478324,4.915993333629765e-05,0.0006606072941824157,8,3
2000,mlp,CD56 NK,CD16 Monocyte-1,-7.118167381384831e-05,-0.00045871559633027525,2.108370229812355e-05,40,0.3333333333333333,5.270925574530888e-06,0.3333333333333333,7.645259938837921e-05,0.3333333333333333,5.270925574530888e-06,0.0,0.0,0.0,0.0,0.3333333333333333,7.645259938837921e-05,-0.00022935779816513763,1.5812776723592664e-05,0.0,1,0
2000,mlp,CD56 NK,CD16 Monocyte-2,-0.0001966576933080024,-0.0008228056426068728,0.00033972861839155863,40,15.0,0.0007918026272091468,11.666666666666666,0.000988460320517149,2.6666666666666665,2.6484404139220572e-05,0.3333333333333333,7.645259938837921e-05,7.333333333333333,0.00024106480829868754,6.333333333333333,0.0003877543063575313,-0.00013173955554637886,-8.045897038363717e-05,-0.00037777455399399114,5,1
2000,mlp,CD56 NK,CD16 NK,-0.013522676324881066,-0.03306077895490738,0.005414491306258592,40,3166.0,0.314451958289424,2891.3333333333335,0.3279746346143051,853.3333333333334,0.02133931711915435,652.3333333333334,0.03309704144740155,500.3333333333333,0.04916616237962862,426.6666666666667,0.050931114376262486,-0.02129843090712134,-0.015389944808195036,-0.0038796532593268207,36,37
2000,mlp,CD56 NK,CD4 + Tcm-1,0.002524753994471926,-0.016281368183904396,0.023621146657481832,40,774.0,0.119353453487731,776.3333333333334,0.11682869949325907,95.0,0.006161437942394074,70.66666666666667,0.006836894344094363,293.0,0.04598844764354629,319.6666666666667,0.042788237247374065,-6.52763909055526e-05,-0.004836592730457359,0.012476131104778698,31,31
2000,mlp,CD56 NK,CD4 + Tcm-2,0.0003808408492468702,-0.005188706244945217,0.005821019464708628,40,1148.6666666666667,0.02168204304311319,1188.3333333333333,0.02130120219386632,262.0,0.0035211790002465646,244.0,0.002472118637045931,201.33333333333334,0.007860601891829688,259.0,0.008528821405783453,0.0018504434853168072,-0.0033536363621310987,0.0026457154245549024,22,16
2000,mlp,CD56 NK,CD4 Monocyte-4,9.732893632210876e-05,0.0,0.0005747126436781609,40,0.6666666666666666,9.732893632210876e-05,0.0,0.0,0.0,0.0,0.0,0.0,0.6666666666666666,9.732893632210876e-05,0.0,0.0,0.0,0.0,0.00029198680896632627,0,0
2000,mlp,CD56 NK,CD56 NK,0.008561735065815855,-0.00669535925554226,0.022807088131658746,40,27777.0,0.27555956480752547,28212.333333333332,0.2669978297417096,0.0,0.0,0.0,0.0,0.0,0.0,0.0,0.0,0.008839968232348026,0.016148195594354292,0.0006970413707452425,0,0
2000,mlp,CD56 NK,CD8 + CTL-1,0.0031870988336282825,-0.0005737044070618821,0.0074075928802453525,40,1081.3333333333333,0.012613617093203187,1123.3333333333333,0.009426518259574903,295.0,0.0025891018586668116,292.3333333333333,0.001778036212497269,172.33333333333334,0.005627258509764758,217.0,0.0032512253223060186,0.0010664590615211994,0.0043278507120026646,0.004166986727360983,17,14
2000,mlp,CD56 NK,CD8 + CTL-2,0.001272626278794154,-0.0067194135332268754,0.006824913591228215,40,1363.3333333333333,0.012097058053607904,1488.3333333333333,0.01082443177481375,751.3333333333334,0.00517225209714408,862.3333333333334,0.005064200204469981,167.0,0.003965298512625262,181.0,0.0028007241265052066,0.0030383792977133383,0.001311210849896655,-0.0005317113112275323,19,16
2000,mlp,CD56 NK,CD8 + CTL-3,0.001317545382296686,-0.0005593403526586788,0.003747860285735298,40,300.3333333333333,0.0033848456463725445,290.3333333333333,0.002067300264075858,112.0,0.0006291497147552463,73.66666666666667,0.00046673118408196073,106.0,0.002264151950949696,134.33333333333334,0.0011090250993262953,0.002196963234902355,0.0005050991199383513,0.0012505737920493524,8,7
2000,mlp,CD56 NK,CD8 Tem-1,-0.0015571885751381944,-0.016310224902815564,0.011631545038385442,40,1080.0,0.18839743965675912,1044.0,0.18995462823189727,99.66666666666667,0.012607266896757332,81.33333333333333,0.01078985058268534,272.3333333333333,0.041525310986613405,254.66666666666666,0.04489991587582359,0.004349293273718588,-0.005212915346936881,-0.0038079436521962955,34,34
2000,mlp,CD56 NK,CD8 Tem-2,-0.0020283012567756564,-0.0055589605043342245,0.0011106379183904627,40,604.0,0.011697657206380822,535.0,0.013725958463156477,140.33333333333334,0.0011258766918206852,81.0,0.0017042809935393108,84.33333333333333,0.004574218892404431,74.66666666666667,0.006024115847461463,5.8850307467470715e-05,-0.0038662013944881397,-0.0022775526833063017,15,19
2000,mlp,CD56 NK,Cycling T,-0.002094672628288934,-0.020950364553462886,0.01507864175201144,40,108.66666666666667,0.012224324806392158,92.66666666666667,0.014318997434681091,28.666666666666668,0.0009921308667716871,16.666666666666668,0.0006133691033532118,47.333333333333336,0.008272420538192778,43.333333333333336,0.010745854929900185,-0.001113079740248774,0.007890821057134376,-0.013061759201752404,21,16
2000,mlp,CD56 NK,Erythrocyte,0.0,0.0,0.0,40,0.0,0.0,0.0,0.0,0.0,0.0,0.0,0.0,0.0,0.0,0.0,0.0,0.0,0.0,0.0,0,0
2000,mlp,CD56 NK,GCB,4.047881764622066e-06,-0.00021262311033696737,0.00018740917903240563,40,19.666666666666668,0.0001420318233313358,12.0,0.00013798394156671367,6.333333333333333,6.281153364892584e-05,1.3333333333333333,7.071169678082776e-06,7.666666666666667,4.745628723187245e-05,5.0,9.914876943809345e-05,-2.2761737830197575e-05,2.2545378618654402e-05,1.2360004505409372e-05,6,4
2000,mlp,CD56 NK,Memory B-1,0.00014569532553468143,-0.0008445781743564118,0.0011708988767725232,40,15.333333333333334,0.001747188855957208,14.0,0.001601493530422527,0.3333333333333333,3.217503217503217e-05,0.0,0.0,10.666666666666666,0.0010760438296331606,9.666666666666666,0.0009625235362735112,-2.1216456415386593e-05,0.0004632039991723788,-4.901566152947997e-06,1,0
2000,mlp,CD56 NK,Memory B-2,-2.009886395831112e-06,-2.4171949645322895e-05,1.4245187910298561e-05,40,2.0,9.134217864798316e-06,2.0,1.1144104260629427e-05,0.6666666666666666,3.0869914181638575e-06,1.0,6.98909700866648e-06,0.3333333333333333,1.8922191946715108e-06,0.0,0.0,-6.98909700866648e-06,-3.6710493060726424e-06,4.6304871272457865e-06,1,1
2000,mlp,CD56 NK,Naive T,0.0014403697680828635,-0.0030103383982713924,0.006852052648848495,40,495.3333333333333,0.015364907416012005,506.0,0.013924537647929142,94.66666666666667,0.0012586198327665342,89.33333333333333,0.0012698425496542815,146.0,0.008633617292396202,162.0,0.007182024807425593,0.0005891412710423617,0.001590394759139324,0.0021415732740669045,17,14
2000,mlp,CD56 NK,Plasma,7.508649486300137e-06,-0.0010706502170739374,0.0010877124692547837,40,1.6666666666666667,0.0002763258537873754,0.3333333333333333,0.00026881720430107527,1.0,6.202893714859583e-06,0.0,0.0,0.6666666666666666,0.00027012296007251576,0.3333333333333333,0.00026881720430107527,-0.0007955452485802377,4.6304871272457865e-06,0.0008134407099118923,2,0
2000,mlp,CD56 NK,Tcm,0.0026716534075797807,-0.0017601715412749177,0.006198348922985426,40,411.0,0.006273244339362463,188.0,0.003601590931782682,210.66666666666666,0.0014377057211484429,65.33333333333333,0.0009939105115888463,145.33333333333334,0.0038866616173292043,67.66666666666667,0.0016588034193090195,0.0026896293067239247,0.0010519168607872932,0.004273414055228126,11,6
2000,mlp,CD56 NK,cDC2,4.710583336248985e-05,1.8835011075317717e-06,0.00019305019305019308,40,2.3333333333333335,4.710583336248985e-05,0.0,0.0,0.6666666666666666,3.417727468664518e-05,0.0,0.0,1.6666666666666667,1.2928558675844665e-05,0.0,0.0,2.1489434307607195e-05,1.7626311670751287e-05,0.00010220175410911106,2,0
2000,mlp,CD56 NK,pDC,0.00022881415612866767,-0.0004993954624259375,0.0015473702216953623,40,8.666666666666666,0.0003443881573596562,4.333333333333333,0.00011557400123098857,1.3333333333333333,8.008970046452026e-06,0.0,0.0,4.333333333333333,0.00032237730759619856,1.3333333333333333,0.00010157212151398283,0.0008445516500561756,-0.0002695385706821942,0.00011142938901202158,1,0
2000,mlp,CD56 NK,platelet,0.0,-5.223023085762039e-06,5.223023085762039e-06,40,1.6666666666666667,9.6006085515475e-06,1.6666666666666667,9.6006085515475e-06,0.0,0.0,0.3333333333333333,1.3057557714405097e-06,0.3333333333333333,1.3057557714405097e-06,0.0,0.0,0.0,3.917267314321529e-06,-3.917267314321529e-06,0,1
2000,mlp,CD8 + CTL-1,Atypical Memory B,0.0,0.0,0.0,40,0.0,0.0,0.0,0.0,0.0,0.0,0.0,0.0,0.0,0.0,0.0,0.0,0.0,0.0,0.0,0,0
2000,mlp,CD8 + CTL-1,CD14 Monocyte-1,-0.0017309011047686544,-0.005883060720919694,1.8601190476190474e-05,40,1.0,2.0705763811181566e-05,1.6666666666666667,0.001751606868579836,0.0,0.0,0.0,0.0,0.6666666666666666,1.3453080318289196e-05,1.3333333333333333,0.0017443541850869439,-0.0007626488095238095,-0.0044300545047821546,0.0,0,0
2000,mlp,CD8 + CTL-1,CD14 Monocyte-2,-0.0028070795625942686,-0.010691773504273505,0.0006643767282554016,40,1.0,0.003910818713450293,2.6666666666666665,0.0067178982760445595,0.0,0.0,0.0,0.0,0.3333333333333333,0.0006944444444444445,2.0,0.0035015240070387127,-0.0010416666666666667,0.0,-0.00737957202111614,0,0
2000,mlp,CD8 + CTL-1,CD14 Monocyte-3,2.9636725369577394e-05,-0.00012483402839376563,0.00020670006461727318,40,7.666666666666667,0.00020610339380361335,6.333333333333333,0.00017646666843403597,0.6666666666666666,1.9453757187377483e-05,0.3333333333333333,3.0637254901960784e-05,4.0,0.00010863488791041738,3.0,6.78146648262567e-05,6.613214981564346e-05,6.2095879421921e-06,1.656843835089664e-05,2,1
2000,mlp,CD8 + CTL-1,CD16 Monocyte-1,0.0,0.0,0.0,40,0.0,0.0,0.0,0.0,0.0,0.0,0.0,0.0,0.0,0.0,0.0,0.0,0.0,0.0,0.0,0,0
2000,mlp,CD8 + CTL-1,CD16 Monocyte-2,2.4265420981737266e-05,-1.8601190476190474e-05,9.247807468998918e-05,40,1.6666666666666667,3.771850130002646e-05,0.6666666666666666,1.3453080318289196e-05,0.0,0.0,0.0,0.0,1.6666666666666667,3.771850130002646e-05,0.6666666666666666,1.3453080318289196e-05,4.788135246404806e-05,0.0,2.4914910481163745e-05,0,0
2000,mlp,CD8 + CTL-1,CD16 NK,-0.013442592066844635,-0.04443672158177661,0.021165770046660235,40,258.6666666666667,0.20614321364163013,199.66666666666666,0.21958580570847475,48.666666666666664,0.0043723644298338075,31.0,0.015107695390907073,109.0,0.0496585579005128,67.66666666666667,0.05236581900628418,-0.01235680601507226,0.004664913162094375,-0.03263588334755603,12,15
2000,mlp,CD8 + CTL-1,CD4 + Tcm-1,-0.01801695101493283,-0.0649925867471522,0.030698315911208227,40,238.33333333333334,0.2496281080851038,249.33333333333334,0.2676450591000366,26.333333333333332,0.005196634897194929,26.0,0.01579501003153919,96.66666666666667,0.07338787316046072,108.0,0.08080644904104929,-0.022056332660236357,-0.04557278317858185,0.013578262794019708,16,17
2000,mlp,CD8 + CTL-1,CD4 + Tcm-2,0.006926583974158933,-0.012931442724353901,0.02895813038963114,40,1117.6666666666667,0.07784470696648751,1201.0,0.07091812299232858,205.66666666666666,0.007604499808094696,232.66666666666666,0.008433897528163406,148.0,0.025070128015578567,204.33333333333334,0.017314146321350924,0.01599905363313931,-0.00010025611395023253,0.004880954403287717,12,12
2000,mlp,CD8 + CTL-1,CD4 Monocyte-4,-8.707767328456984e-06,-5.22466039707419e-05,0.0,40,0.0,0.0,0.3333333333333333,8.707767328456984e-06,0.0,0.0,0.0,0.0,0.0,0.0,0.3333333333333333,8.707767328456984e-06,0.0,0.0,-2.6123301985370955e-05,0,0
2000,mlp,CD8 + CTL-1,CD56 NK,-0.0008456724203783356,-0.017287974747628804,0.01594821464794542,40,1025.6666666666667,0.06289841267028295,1081.0,0.06374408509066129,204.33333333333334,0.006082970317990416,222.0,0.00713087203985278,176.33333333333334,0.02547143787750622,214.0,0.02526920857602219,-0.001328759224100181,0.0008932790979759638,-0.0021015371350107913,9,10
2000,mlp,CD8 + CTL-1,CD8 + CTL-1,0.023699830129298948,0.0014084604320946104,0.047003964666018104,40,3849.0,0.1667875434409877,3919.6666666666665,0.14308771331168874,0.0,0.0,0.0,0.0,0.0,0.0,0.0,0.0,0.022522911161681487,0.02556321794709791,0.023013361279117434,0,0
2000,mlp,CD8 + CTL-1,CD8 + CTL-2,0.001535788571154366,-0.0036536991755993387,0.009803854492511135,40,60.333333333333336,0.004272213500614072,46.0,0.002736424929459707,11.333333333333334,0.00024495794455017724,7.333333333333333,0.00021944306351272106,40.333333333333336,0.0038095454617821014,30.0,0.0022992717716651917,0.0003130203711488084,0.006185047611196612,-0.0018907022688823226,5,6
2000,mlp,CD8 + CTL-1,CD8 + CTL-3,0.003919543096182601,-0.0006381721449900805,0.010117817461985786,40,128.33333333333334,0.007278557189413687,113.33333333333333,0.003359014093231085,45.333333333333336,0.0020077323557332995,15.666666666666666,0.0004344359605036829,42.0,0.004116729302428451,56.666666666666664,0.001770482601475466,0.004172707913459544,0.005074357553100321,0.00251156382198794,8,7
2000,mlp,CD8 + CTL-1,CD8 Tem-1,-0.002416216810628148,-0.03406954242248582,0.028908409522395113,40,98.33333333333333,0.17034629553750302,94.33333333333333,0.17276251234813114,2.6666666666666665,0.002360246680209384,2.6666666666666665,0.004470724384504968,33.666666666666664,0.054569894760463616,29.666666666666668,0.05487563386679618,-0.003490127455300579,-0.005997918694411447,0.002239395717827583,6,6
2000,mlp,CD8 + CTL-1,CD8 Tem-2,-0.0005504111051871671,-0.006300259543333776,0.00410175785062865,40,214.66666666666666,0.008229822164890266,177.66666666666666,0.008780233270077435,39.0,0.00104310769240676,13.666666666666666,0.0003983685176618816,34.666666666666664,0.0021576526142697877,23.0,0.003352802894201833,0.0006524827906167808,-0.0038111481301309215,0.0015074320239526393,8,6
2000,mlp,CD8 + CTL-1,Cycling T,-0.0037459577488554475,-0.017618696285185784,0.007485640141161612,40,14.0,0.009116361700690133,12.666666666666666,0.012862319449545584,2.3333333333333335,6.376392938211432e-05,2.0,0.0006542854683830671,8.333333333333334,0.00549899300783501,7.333333333333333,0.008654429217689504,-0.007037398789438225,0.00153862939975372,-0.005739103856881836,4,3
2000,mlp,CD8 + CTL-1,Erythrocyte,0.0,0.0,0.0,40,0.0,0.0,0.0,0.0,0.0,0.0,0.0,0.0,0.0,0.0,0.0,0.0,0.0,0.0,0.0,0,0
2000,mlp,CD8 + CTL-1,GCB,0.00010057839352063372,6.018500117696044e-06,0.00023345965416439365,40,7.0,0.00017523927690368137,3.0,7.466088338304765e-05,2.3333333333333335,5.7508704850945445e-05,0.6666666666666666,1.8747656542932134e-05,3.0,7.472723418757523e-05,0.6666666666666666,1.2909888974954816e-05,0.00011716729164223038,7.632708206446303e-05,0.00010824080685520776,3,1
2000,mlp,CD8 + CTL-1,Memory B-1,0.0015310465999442378,-0.003159340659340659,0.011981150793650778,40,1.3333333333333333,0.002568897637795276,1.0,0.0010378510378510379,0.0,0.0,0.0,0.0,1.3333333333333333,0.002568897637795276,1.0,0.0010378510378510379,-0.0018040293040293043,-0.0005952380952380952,0.006992407199100113,0,0
2000,mlp,CD8 + CTL-1,Memory B-2,-2.707090459368694e-06,-4.610986823714647e-05,4.8804294777940456e-05,40,0.6666666666666666,2.4402147388970228e-05,1.0,2.7109237848338925e-05,0.0,0.0,0.0,0.0,0.3333333333333333,1.2201073694485114e-05,0.6666666666666666,1.4908164153853808e-05,0.0,1.0479919098084392e-05,-1.8601190476190474e-05,0,0
2000,mlp,CD8 + CTL-1,Naive T,0.0007830480385225203,-0.018665052978289232,0.01975768488385527,40,128.33333333333334,0.020125474550238106,130.33333333333334,0.019342426511715586,11.666666666666666,0.0002829405023890151,8.333333333333334,0.000217755274677929,56.0,0.015591212724230594,61.333333333333336,0.01487334991341916,0.005363106606553691,0.002381034193007771,-0.005394996683993904,6,6
2000,mlp,CD8 + CTL-1,Plasma,8.707767328456984e-06,0.0,5.22466039707419e-05,40,0.3333333333333333,8.707767328456984e-06,0.0,0.0,0.3333333333333333,8.707767328456984e-06,0.0,0.0,0.0,0.0,0.0,0.0,2.6123301985370955e-05,0.0,0.0,1,0
2000,mlp,CD8 + CTL-1,Tcm,0.005002370375857982,-0.005524959223770233,0.02279077056821164,40,146.0,0.010291629638134726,58.666666666666664,0.005289259262276743,52.333333333333336,0.001686952767611444,20.0,0.0018197991129101714,78.66666666666667,0.0073002494008952735,23.666666666666668,0.0021650326797385618,0.0005649443822837118,0.014113903163763274,0.00032826358152696197,6,2
2000,mlp,CD8 + CTL-1,cDC2,-1.2201073694485114e-05,-7.320644216691069e-05,0.0,40,1.0,2.175805047867711e-05,1.3333333333333333,3.395912417316222e-05,0.0,0.0,0.0,0.0,0.0,0.0,0.3333333333333333,1.2201073694485114e-05,0.0,0.0,-3.6603221083455344e-05,0,0
2000,mlp,CD8 + CTL-1,pDC,1.450536698578474e-05,0.0,5.802146794313896e-05,40,0.6666666666666666,1.450536698578474e-05,0.0,0.0,0.0,0.0,0.0,0.0,0.6666666666666666,1.450536698578474e-05,0.0,0.0,2.175805047867711e-05,0.0,2.175805047867711e-05,0,0
2000,mlp,CD8 + CTL-1,platelet,3.493306366028131e-06,-3.483106931382794e-05,4.8804294777940456e-05,40,1.3333333333333333,4.8804294777940456e-05,1.3333333333333333,4.531098841191233e-05,0.0,0.0,0.0,0.0,0.3333333333333333,1.2201073694485114e-05,0.3333333333333333,8.707767328456984e-06,1.0479919098084392e-05,0.0,0.0,0,0
2000,mlp,CD8 + CTL-2,Atypical Memory B,0.0,0.0,0.0,33,0.0,0.0,0.0,0.0,0.0,0.0,0.0,0.0,0.0,0.0,0.0,0.0,0.0,0.0,0.0,0,0
2000,mlp,CD8 + CTL-2,CD14 Monocyte-1,0.0,0.0,0.0,33,0.0,0.0,0.0,0.0,0.0,0.0,0.0,0.0,0.0,0.0,0.0,0.0,0.0,0.0,0.0,0,0
2000,mlp,CD8 + CTL-2,CD14 Monocyte-2,0.0016835016835016834,0.0,0.006756756756756757,33,0.6666666666666666,0.0016835016835016834,0.0,0.0,0.0,0.0,0.0,0.0,0.6666666666666666,0.0016835016835016834,0.0,0.0,0.0,0.002525252525252525,0.002525252525252525,0,0
2000,mlp,CD8 + CTL-2,CD14 Monocyte-3,6.123663860912407e-05,-0.00011746220107698035,0.0003877276802025287,33,4.333333333333333,0.0003272080854555929,5.0,0.0002659714468464688,0.0,0.0,0.0,0.0,1.3333333333333333,0.0001394819650037495,2.0,7.824532639462542e-05,0.00017091935455493043,-2.9679755438815187e-05,4.247031671125694e-05,0,0
2000,mlp,CD8 + CTL-2,CD16 Monocyte-1,0.0,0.0,0.0,33,0.0,0.0,0.0,0.0,0.0,0.0,0.0,0.0,0.0,0.0,0.0,0.0,0.0,0.0,0.0,0,0
2000,mlp,CD8 + CTL-2,CD16 Monocyte-2,-0.0003091707020164382,-0.0016977928692699488,8.153593137091462e-05,33,1.0,5.000500050005001e-05,1.0,0.00035917570251648817,0.3333333333333333,1.666833350001667e-05,0.0,0.0,0.0,0.0,0.3333333333333333,0.00032583903551645487,-0.0009775171065493646,5.000500050005001e-05,0.0,1,0
2000,mlp,CD8 + CTL-2,CD16 NK,-0.010391161833565274,-0.06622687032399582,0.048019760075677674,33,40.0,0.08971248954081124,34.333333333333336,0.1001036513743765,6.666666666666667,0.00025409271645912947,3.0,0.00012145680836085002,19.333333333333332,0.03047882953017772,17.333333333333332,0.041002627271841265,-0.018364470428478184,-0.016494993504612802,0.0036859784323951773,3,3
2000,mlp,CD8 + CTL-2,CD4 + Tcm-1,0.017838289537797248,-0.051560276903422804,0.08269851903337046,33,30.333333333333332,0.12001274486182704,25.0,0.10217445532402981,0.3333333333333333,9.440196356084206e-05,1.0,0.00019869717893462253,19.666666666666668,0.07667183608439698,13.666666666666666,0.058729251331225946,0.037289660730393706,-0.004845913069182518,0.02107112095218054,1,2
2000,mlp,CD8 + CTL-2,CD4 + Tcm-2,-0.013729515794188143,-0.04268799598343499,0.017420657194899124,33,348.6666666666667,0.07431543848347903,438.6666666666667,0.08804495427766716,29.333333333333332,0.0013401187257373291,40.333333333333336,0.0017788117844849364,53.333333333333336,0.025804439829645875,132.33333333333334,0.039095262565086414,-0.017381606434108902,-0.015169765805059379,-0.008637175143396156,6,6
2000,mlp,CD8 + CTL-2,CD4 Monocyte-4,0.0,0.0,0.0,33,0.0,0.0,0.0,0.0,0.0,0.0,0.0,0.0,0.0,0.0,0.0,0.0,0.0,0.0,0.0,0,0
2000,mlp,CD8 + CTL-2,CD56 NK,0.012510786458377998,-0.048243428139816566,0.08592596434436424,33,2033.0,0.19784698622714358,1858.6666666666667,0.18533619976876559,437.3333333333333,0.02085340583168631,290.3333333333333,0.013881710077675745,141.33333333333334,0.05939644369650491,114.0,0.053857352992137474,-0.0020130075803977006,0.007839371697780704,0.031705995257751,9,8
2000,mlp,CD8 + CTL-2,CD8 + CTL-1,0.0022417473601880726,-0.0030085831282528155,0.01075737439914564,33,50.666666666666664,0.007710913645534074,60.333333333333336,0.005469166285346001,2.3333333333333335,0.00017676972437244775,7.333333333333333,0.0006430746988537804,20.666666666666668,0.004995087742034683,25.333333333333332,0.0022870354073652776,-0.0020079300390113738,0.0026053252430627565,0.006127846876512835,4,5
2000,mlp,CD8 + CTL-2,CD8 + CTL-2,-0.007234408822850587,-0.03481189134558067,0.015964821617430514,33,1056.6666666666667,0.04787861591340443,1199.3333333333333,0.05511302473625502,0.0,0.0,0.0,0.0,0.0,0.0,0.0,0.0,-0.0053956600249272695,-0.009387462912251981,-0.006920103531372507,0,0
2000,mlp,CD8 + CTL-2,CD8 + CTL-3,0.00038903295147919744,-0.000992478086728848,0.002054119682503737,33,14.333333333333334,0.0017485763693117337,7.0,0.0013595434178325365,4.666666666666667,0.00025737046324992663,0.3333333333333333,9.440196356084206e-05,6.666666666666667,0.0007226113762492294,3.6666666666666665,0.0004965469244591166,-0.00015286328298006897,-0.00022108020502702521,0.0015410423424446862,3,1
2000,mlp,CD8 + CTL-2,CD8 Tem-1,-0.002544108555990314,-0.08121608189796124,0.05496264127431224,33,87.33333333333333,0.3706493264179354,85.0,0.3731934349739257,0.0,0.0,2.3333333333333335,7.727131814465363e-05,22.333333333333332,0.07260377022729692,17.666666666666668,0.07507060746514256,-0.010151003382966753,0.03379575448527849,-0.031277076770282686,0,3
2000,mlp,CD8 + CTL-2,CD8 Tem-2,0.001400435685216568,-0.014615106364756778,0.013852953697713484,33,58.333333333333336,0.012204878617523568,65.33333333333333,0.010804442932306998,4.0,0.00019082550875972775,5.0,0.00018144136494815661,14.333333333333334,0.007941117306363354,20.333333333333332,0.006550065764958357,0.0021447559922345353,0.003662523932884279,-0.0016059728694691122,3,4
2000,mlp,CD8 + CTL-2,Cycling T,-0.011724107784217586,-0.055284776539896524,0.013214087340106557,33,4.333333333333333,0.012709438910593424,5.333333333333333,0.02443354669481101,0.3333333333333333,9.893251812938396e-06,1.3333333333333333,6.33838218258912e-05,2.6666666666666665,0.0066222712646744055,2.6666666666666665,0.018292888478879044,0.008162506230198437,-0.03122117002206495,-0.012113659560786243,1,2
2000,mlp,CD8 + CTL-2,Erythrocyte,0.0,0.0,0.0,33,0.0,0.0,0.0,0.0,0.0,0.0,0.0,0.0,0.0,0.0,0.0,0.0,0.0,0.0,0.0,0,0
2000,mlp,CD8 + CTL-2,GCB,-3.394327586296244e-05,-0.00016414135715263646,2.8806821455320627e-05,33,3.0,8.903926631644557e-05,3.6666666666666665,0.000122982542179408,0.0,0.0,0.3333333333333333,9.893251812938396e-06,0.6666666666666666,1.978650362587679e-05,1.0,4.383652767590084e-05,2.9679755438815193e-05,-0.00010182982758888733,-2.9679755438815193e-05,0,1
2000,mlp,CD8 + CTL-2,Memory B-1,-0.0015993265993265995,-0.010001225490196079,0.004861580330330329,33,0.6666666666666666,0.0016835016835016836,0.6666666666666666,0.003282828282828283,0.0,0.0,0.0,0.0,0.6666666666666666,0.0016835016835016836,0.6666666666666666,0.003282828282828283,0.0,-0.003787878787878788,-0.0010101010101010108,0,0
2000,mlp,CD8 + CTL-2,Memory B-2,0.0,0.0,0.0,33,1.0,7.215007215007215e-05,1.0,7.215007215007215e-05,0.0,0.0,0.0,0.0,0.0,0.0,0.0,0.0,0.0,0.0,0.0,0,0
2000,mlp,CD8 + CTL-2,Naive T,0.0040331962646939735,-0.025926658619675965,0.04685620452457219,33,297.6666666666667,0.050109789644978094,257.3333333333333,0.04607659338028413,42.666666666666664,0.0023628382899971985,36.666666666666664,0.0013996674177326604,81.0,0.029991212221668093,46.666666666666664,0.02692118682923866,-0.0009443132754089664,0.021429966309374195,-0.0083860642398833,6,5
2000,mlp,CD8 + CTL-2,Plasma,0.0,0.0,0.0,33,0.0,0.0,0.0,0.0,0.0,0.0,0.0,0.0,0.0,0.0,0.0,0.0,0.0,0.0,0.0,0,0
2000,mlp,CD8 + CTL-2,Tcm,0.00989382752874665,-0.0018739588991263686,0.03229579110821414,33,16.0,0.01115645379137291,1.0,0.0012626262626262625,2.6666666666666665,0.00012783370004979707,0.0,0.0,13.0,0.010607744670447693,0.6666666666666666,0.0008417508417508417,0.00950743431476826,0.009318164518232308,0.010855883753239376,2,0
2000,mlp,CD8 + CTL-2,cDC2,-0.0025252525252525255,-0.014285714285714285,0.0,33,0.0,0.0,0.3333333333333333,0.0025252525252525255,0.0,0.0,0.0,0.0,0.0,0.0,0.3333333333333333,0.0025252525252525255,0.0,0.0,-0.007575757575757576,0,0
2000,mlp,CD8 + CTL-2,pDC,3.894178465990664e-05,0.0,0.00013373942824271347,33,1.0,3.894178465990664e-05,0.0,0.0,0.0,0.0,0.0,0.0,1.0,3.894178465990664e-05,0.0,0.0,8.341517723988496e-05,3.341017673983495e-05,0.0,0,0
2000,mlp,CD8 + CTL-2,platelet,0.0,0.0,0.0,33,0.0,0.0,0.0,0.0,0.0,0.0,0.0,0.0,0.0,0.0,0.0,0.0,0.0,0.0,0.0,0,0
2000,mlp,CD8 + CTL-3,Atypical Memory B,5.741576461139323e-05,-9.336522087958869e-05,0.0002539684385813913,27,1.0,8.379542062067886e-05,0.3333333333333333,2.6379656009285643e-05,0.6666666666666666,5.254053704512019e-05,0.0,0.0,0.3333333333333333,3.125488357555868e-05,0.3333333333333333,2.6379656009285643e-05,1.462568269881912e-05,0.00015762161113536057,0.0,2,0
2000,mlp,CD8 + CTL-3,CD14 Monocyte-1,-0.00797521053313592,-0.03421207900290647,0.0005479148955145751,27,3.6666666666666665,0.0002816217977704841,1.0,0.008256832330906405,2.0,0.0001574711140977993,0.0,0.0,1.6666666666666667,0.00012415068367268477,1.0,0.008256832330906405,0.0003207803646024841,-0.012200242675203431,-0.012046169288806814,5,0
2000,mlp,CD8 + CTL-3,CD14 Monocyte-2,0.0,0.0,0.0,27,0.0,0.0,0.0,0.0,0.0,0.0,0.0,0.0,0.0,0.0,0.0,0.0,0.0,0.0,0.0,0,0
2000,mlp,CD8 + CTL-3,CD14 Monocyte-3,0.0003181197603365611,0.0,0.000813252808115239,27,4.333333333333333,0.00034484200928103226,0.3333333333333333,2.6722248944471167e-05,1.6666666666666667,0.00013705751537234644,0.0,0.0,2.6666666666666665,0.0002077844939086859,0.3333333333333333,2.6722248944471167e-05,0.0001581021805290928,0.0005563997876913149,0.0002398573127892756,5,0
2000,mlp,CD8 + CTL-3,CD16 Monocyte-1,2.719312557785392e-05,0.0,0.00013349352556401016,27,0.6666666666666666,0.004142419463026413,0.3333333333333333,0.004115226337448559,0.0,0.0,0.0,0.0,0.3333333333333333,2.719312557785392e-05,0.0,0.0,0.0,0.0,8.157937673356176e-05,0,0
2000,mlp,CD8 + CTL-3,CD16 Monocyte-2,-4.633718204515966e-06,-0.00013852383755975158,0.00012021286289022522,27,0.3333333333333333,3.125488357555868e-05,0.3333333333333333,3.588860178007465e-05,0.0,0.0,0.0,0.0,0.3333333333333333,3.125488357555868e-05,0.3333333333333333,3.588860178007465e-05,0.0,-1.3901154613547898e-05,0.0,0,0
2000,mlp,CD8 + CTL-3,CD16 NK,-0.0025391961947726607,-0.07510348425645964,0.04878495732491905,27,665.3333333333334,0.31775576779446785,417.3333333333333,0.32029496398924046,158.33333333333334,0.012121602274519668,30.666666666666668,0.005914247264012875,178.0,0.03508761453290008,57.666666666666664,0.04383416573817953,-0.014750859224451674,0.0016835488210734332,0.005449721819060249,7,8
2000,mlp,CD8 + CTL-3,CD4 + Tcm-1,0.0070137507392782515,-0.05564357358733669,0.07880368875055105,27,836.3333333333334,0.47021085838426263,451.0,0.4631971076449844,267.6666666666667,0.021181038056837204,46.333333333333336,0.011771832604880827,284.3333333333333,0.05644079980958352,120.33333333333333,0.058836254522261655,0.043619461667574494,-0.023340436991964194,0.0007622275422244445,7,7
2000,mlp,CD8 + CTL-3,CD4 + Tcm-2,0.00683483999193196,-0.006591566829996131,0.03313250494993536,27,94.66666666666667,0.01770921544760236,142.33333333333334,0.010874375455670401,9.666666666666666,0.0007715695634063479,10.666666666666666,0.0008318367532045152,40.333333333333336,0.013458244642241138,87.0,0.0065631374605110105,0.0010728916039408733,0.004168755210031471,0.015262873161823533,6,6
2000,mlp,CD8 + CTL-3,CD4 Monocyte-4,0.000105331755163405,0.0,0.00033631398208200673,27,1.3333333333333333,0.000105331755163405,0.0,0.0,1.0,7.895209915411936e-05,0.0,0.0,0.3333333333333333,2.6379656009285643e-05,0.0,0.0,0.0,0.000155661771823388,0.000160333493666827,2,0
2000,mlp,CD8 + CTL-3,CD56 NK,0.009903188850451917,-0.005864321462565507,0.056411317666031344,27,170.0,0.026148590093791876,200.33333333333334,0.01624540124333996,27.0,0.0021656864196016325,9.666666666666666,0.0007531119976755225,62.0,0.017399809396078707,109.66666666666667,0.0089091949675529,-0.0013921881968628202,0.032198863190609335,-0.0010971084423907606,6,6
2000,mlp,CD8 + CTL-3,CD8 + CTL-1,-0.0016448460376300615,-0.0087869087446789,0.008992720216718085,27,138.0,0.016979857900240872,193.0,0.018624703937870937,22.333333333333332,0.0018024550917076574,22.0,0.0016531506178788368,21.666666666666668,0.003961450877291221,77.0,0.005755601388750103,0.0037034902621632957,-0.004583790670766526,-0.004054237704286955,6,6
2000,mlp,CD8 + CTL-3,CD8 + CTL-2,-0.0005055833847074616,-0.0016517297671154603,0.0003330471781769742,27,8.333333333333334,0.0006415371879005434,15.333333333333334,0.001147120572608005,1.3333333333333333,0.00010036603632187809,2.3333333333333335,0.00019431309018582893,4.666666666666667,0.000357169884434019,10.666666666666666,0.0007688062152775298,-0.0003245520806991496,-0.00043921881403567405,-0.0007529792593875613,4,3
2000,mlp,CD8 + CTL-3,CD8 + CTL-3,-0.023461997826626155,-0.060031499762406404,0.014563086396184928,27,681.3333333333334,0.06702996471766876,1128.6666666666667,0.09049196254429488,0.0,0.0,0.0,0.0,0.0,0.0,0.0,0.0,-0.032676436543278176,-0.010813384390432964,-0.02689617254616732,0,0
2000,mlp,CD8 + CTL-3,CD8 Tem-1,0.0002809637117321695,-0.01032147203115142,0.015324408949350641,27,1.6666666666666667,0.0031951922553978356,11.0,0.0029142285436656663,0.0,0.0,0.0,0.0,1.0,0.0031408060042421274,10.333333333333334,0.0028598422925099586,-0.0008133533586299127,-0.007074900942591397,0.008731145436417816,0,0
2000,mlp,CD8 + CTL-3,CD8 Tem-2,0.012488647303672877,0.0021456179083911473,0.033245972429667155,27,121.0,0.02071250026441973,66.33333333333333,0.008223852960746857,35.0,0.002760300922239323,3.0,0.0002269834449548446,33.666666666666664,0.010811259985498351,11.0,0.0008559301591099539,0.0035609080460377927,0.01966669228241104,0.0142383415825698,6,5
2000,mlp,CD8 + CTL-3,Cycling T,0.0033582949982459242,0.0005400867054791994,0.010961232878902797,27,35.333333333333336,0.004796901003707006,16.666666666666668,0.0014386060054610832,9.0,0.000759891605681768,1.6666666666666667,0.00013711610054788678,18.666666666666668,0.00337277728477769,7.333333333333333,0.0006372577916656479,0.0013533088071779212,0.0018046446920417921,0.0069169314955180574,7,3
2000,mlp,CD8 + CTL-3,Erythrocyte,2.719312557785392e-05,0.0,0.00013349352556401016,27,0.3333333333333333,2.719312557785392e-05,0.0,0.0,0.3333333333333333,2.719312557785392e-05,0.0,0.0,0.0,0.0,0.0,0.0,0.0,0.0,8.157937673356176e-05,1,0
2000,mlp,CD8 + CTL-3,GCB,0.00012930327138794927,-8.273071625344352e-05,0.0004083189400442665,27,2.6666666666666665,0.00020757018467169758,1.0,7.826691328374831e-05,0.6666666666666666,5.2759312018571286e-05,0.3333333333333333,2.5507601265177022e-05,1.6666666666666667,0.00012843121664384065,0.3333333333333333,2.6379656009285643e-05,0.0001607183447614187,0.0002221348964643984,5.056572938030693e-06,1,1
2000,mlp,CD8 + CTL-3,Memory B-1,0.0023908083328191957,5.5460438475612245e-05,0.010486250545065572,27,4.333333333333333,0.0023908083328191957,0.0,0.0,3.0,0.0002525575406281198,0.0,0.0,1.3333333333333333,0.002138250792191076,0.0,0.0,0.0065935811620506666,0.00024681025831773816,0.00033203357808918234,2,0
2000,mlp,CD8 + CTL-3,Memory B-2,0.0003062960885034377,-0.00022370383985414525,0.0009558677992598578,27,7.666666666666667,0.0006193325968261412,4.0,0.00031303650832270363,5.333333333333333,0.0004347061495734315,1.3333333333333333,0.00010203040506070809,1.3333333333333333,0.00010688899577788467,1.6666666666666667,0.00013326865178717032,0.0005071685099814495,-0.00013683153946547375,0.0005485512949943373,5,1
2000,mlp,CD8 + CTL-3,Naive T,-0.000724327210721101,-0.012905423834298584,0.019889938346512176,27,265.0,0.026748821738773586,349.3333333333333,0.027473148949494684,30.666666666666668,0.002447383116208922,35.0,0.002777586984015819,49.0,0.009949627429489327,129.0,0.010343750772403529,-0.007645263356668185,0.005947242459735856,-0.0004749607352309703,6,6
2000,mlp,CD8 + CTL-3,Plasma,0.0,0.0,0.0,27,0.0,0.0,0.0,0.0,0.0,0.0,0.0,0.0,0.0,0.0,0.0,0.0,0.0,0.0,0.0,0,0
2000,mlp,CD8 + CTL-3,Tcm,-0.006616855548523444,-0.045157760188247395,0.01724089507830684,27,195.0,0.019343324798342113,242.33333333333334,0.02596018034686556,37.0,0.0028534617036476994,4.666666666666667,0.0005024404249210451,81.66666666666667,0.008309253346079027,161.33333333333334,0.017277130173329127,-0.003686480169851592,-0.008566403973190076,-0.007597682502528665,5,1
2000,mlp,CD8 + CTL-3,cDC2,0.00018704628272983795,0.0,0.0005098606641634801,27,3.0,0.0002710604783239679,1.0,8.401419559412996e-05,1.6666666666666667,0.0001416487351789743,0.3333333333333333,2.6379656009285643e-05,0.6666666666666666,7.17772035601493e-05,0.0,0.0,0.00018752930145335208,0.00029447057870830477,7.913896802785693e-05,2,1
2000,mlp,CD8 + CTL-3,pDC,-7.97249790890631e-06,-0.0003095150167580522,0.0002908743569755107,27,2.0,0.0001700085155587566,2.0,0.0001779810134676629,0.6666666666666666,5.438625115570784e-05,0.0,0.0,1.3333333333333333,0.00011562226440304874,2.0,0.0001779810134676629,-3.9955806325686294e-05,-1.3901154613547898e-05,2.993946721251528e-05,1,0
2000,mlp,CD8 + CTL-3,platelet,5.222985020964819e-05,0.0,0.00018037518037518038,27,0.6666666666666666,5.222985020964819e-05,0.0,0.0,0.3333333333333333,2.5507601265177022e-05,0.0,0.0,0.3333333333333333,2.6722248944471167e-05,0.0,0.0,7.652280379553107e-05,8.01667468334135e-05,0.0,1,0
2000,mlp,CD8 Tem-1,Atypical Memory B,-7.027561754392839e-05,-0.000352112676056338,0.0,40,0.0,0.0,0.6666666666666666,7.027561754392839e-05,0.0,0.0,0.0,0.0,0.0,0.0,0.6666666666666666,7.027561754392839e-05,-0.00021082685263178517,0.0,0.0,0,0
2000,mlp,CD8 Tem-1,CD14 Monocyte-1,0.0006148461720540101,-0.0007003702012931825,0.0021778197678570537,40,31.0,0.0019890630574726305,26.333333333333332,0.0013742168854186205,9.666666666666666,0.0002778436181371246,6.666666666666667,0.0002196757074060428,17.666666666666668,0.001331830891702605,16.0,0.0007751526303796767,0.0015880969263474102,8.419946125351376e-06,0.0002480216436892686,15,16
2000,mlp,CD8 Tem-1,CD14 Monocyte-2,-0.0009720200155121234,-0.00567527977101867,0.007072246432075891,40,218.0,0.012478081834799351,265.6666666666667,0.013450101850311475,120.33333333333333,0.003964141212616558,139.33333333333334,0.0053124088383429665,56.333333333333336,0.0038523020992511253,85.0,0.00347605448903684,-0.0031382175715235815,0.004626686620423913,-0.0044045290954367045,31,31
2000,mlp,CD8 Tem-1,CD14 Monocyte-3,0.0014309805759737165,0.00022077922077922077,0.0031927566668071474,40,8.666666666666666,0.0022847317630582367,3.0,0.0008537511870845204,0.0,0.0,0.0,0.0,5.666666666666667,0.0014309805759737165,0.0,0.0,0.0014314535524212943,0.0007317801672640382,0.0021297080082358167,0,0
2000,mlp,CD8 Tem-1,CD16 Monocyte-1,6.004696530370288e-05,-7.208982820468775e-05,0.0003050663821946811,40,2.0,0.00010782904271723891,1.6666666666666667,4.778207741353602e-05,0.6666666666666666,1.8908315354763874e-05,0.0,0.0,1.3333333333333333,8.892072736247503e-05,1.6666666666666667,4.778207741353602e-05,1.6460432756261187e-05,0.0001932249101896513,-2.9544447034803825e-05,2,0
2000,mlp,CD8 Tem-1,CD16 Monocyte-2,-0.0006536561298164919,-0.0027430503673963923,0.0006474515005375973,40,10.333333333333334,0.0008263903987480223,16.666666666666668,0.0014800465285645145,2.6666666666666665,0.00013925259043536542,3.0,0.0001356900893473329,5.666666666666667,0.0004898469740586626,11.666666666666666,0.001147065604963187,-0.0007817446236607246,-0.0009552103375667498,-0.00022401342822200125,6,8
2000,mlp,CD8 Tem-1,CD16 NK,0.013058330563164626,0.0030152855177178845,0.021978844798030965,40,3317.0,0.11315905131632897,3097.6666666666665,0.10010072075316434,922.3333333333334,0.02864304395137059,804.6666666666666,0.02248844843415367,449.6666666666667,0.020569458669834204,348.0,0.013665723623886501,0.0077928986908108455,0.0165676617685864,0.014814431230096636,36,32
2000,mlp,CD8 Tem-1,CD4 + Tcm-1,0.02462286869319565,0.011892432222756025,0.04042807536215787,40,4174.666666666667,0.14542154881838917,3579.0,0.12079868012519353,1394.0,0.04406446421590008,972.6666666666666,0.027462174998004605,672.3333333333334,0.02856816353729544,498.0,0.020547584061995267,0.021929426628102475,0.01960238926990688,0.03233679018157759,37,33
2000,mlp,CD8 Tem-1,CD4 + Tcm-2,-0.0071640097596854455,-0.015088176497474704,-0.0013417440865501086,40,402.6666666666667,0.030738120801532626,490.0,0.03790213056121807,107.0,0.003799222617450932,131.33333333333334,0.006243100898884562,122.33333333333333,0.00788369224090067,185.33333333333334,0.012603823719152482,-0.008822293247265604,-0.009611247048180869,-0.003058488983609858,35,37
2000,mlp,CD8 Tem-1,CD4 Monocyte-4,-1.159017153453871e-05,-6.954102920723226e-05,0.0,40,0.0,0.0,0.3333333333333333,1.159017153453871e-05,0.0,0.0,0.0,0.0,0.0,0.0,0.3333333333333333,1.159017153453871e-05,0.0,0.0,-3.477051460361613e-05,0,0
2000,mlp,CD8 Tem-1,CD56 NK,-0.005967194826912668,-0.013456449293104066,0.001871636505429221,40,887.0,0.06714376163437329,968.0,0.07311095646128596,220.0,0.008306890846192098,258.3333333333333,0.009200158747224844,241.0,0.013814353549334196,283.6666666666667,0.018888280475214115,-0.0027124227545711646,-0.005659934748143967,-0.009529226978022868,35,36
2000,mlp,CD8 Tem-1,CD8 + CTL-1,-0.00255994661178765,-0.006690155180783541,0.0003585553281342904,40,86.33333333333333,0.007833157827396018,103.33333333333333,0.010393104439183667,18.333333333333332,0.0005119692885629297,27.0,0.00119367371722153,39.333333333333336,0.0036517805648153437,47.666666666666664,0.005530022747944394,-0.004492865951583549,-0.0025712713688141138,-0.0006157025149652875,22,30
2000,mlp,CD8 Tem-1,CD8 + CTL-2,0.0007061879759246509,-0.0038941841896008972,0.004166340103374531,40,44.0,0.005799501877735418,40.333333333333336,0.005093313901810766,9.666666666666666,0.000647100210941089,9.333333333333334,0.0003658448463086017,23.666666666666668,0.0034436773239600892,20.333333333333332,0.0030187447126679263,0.0030689821724988672,-0.00131400163787553,0.00036358339315061445,18,15
2000,mlp,CD8 Tem-1,CD8 + CTL-3,0.002427053269049092,-0.0017169575402602344,0.007554669770814853,40,21.333333333333332,0.00513155690527889,12.0,0.002704503636229799,1.0,3.416013076287071e-05,0.3333333333333333,1.6212710765239948e-05,19.0,0.004751518638315303,10.333333333333334,0.002342412789263842,0.002584615996277173,0.002963663559432169,0.0017328802514379334,3,1
2000,mlp,CD8 Tem-1,CD8 Tem-1,-0.019426953769777097,-0.03514941430852777,-0.00451708229154816,40,16223.0,0.5196909957666307,16671.666666666668,0.5391179495364077,0.0,0.0,0.0,0.0,0.0,0.0,0.0,0.0,-0.015358308664458808,-0.019723860704385355,-0.023198691940487133,0,0
2000,mlp,CD8 Tem-1,CD8 Tem-2,0.0025091507650474194,-0.0008139855294945381,0.006517775301173475,40,298.0,0.018733407956139845,313.3333333333333,0.016224257191092425,96.0,0.00351423656937337,81.0,0.002223648404393,91.0,0.006975230514877019,121.33333333333333,0.005756667914809971,0.001956950936106319,0.005092631241741057,0.0004778701172948813,33,30
2000,mlp,CD8 Tem-1,Cycling T,-0.00012564001091026675,-0.001379788111229547,0.001151503230647229,40,115.33333333333333,0.004067881665487855,117.66666666666667,0.004193521676398121,40.333333333333336,0.0012799324123036963,30.333333333333332,0.0009038272367159479,41.333333333333336,0.0016799820050695518,53.666666666666664,0.0021817271915675666,0.0005614834280937137,-0.0005757451777009942,-0.0003626582831235198,30,26
2000,mlp,CD8 Tem-1,Erythrocyte,0.0009204920883324639,-0.00023148148148148146,0.003169014084507043,40,6.333333333333333,0.0011519735698139455,1.0,0.00023148148148148146,0.0,0.0,0.0,0.0,5.666666666666667,0.0009976525821596245,0.3333333333333333,7.716049382716049e-05,0.001056338028169014,0.0006488002086593636,0.001056338028169014,0,0
2000,mlp,CD8 Tem-1,GCB,0.0004963266872984551,-0.00031811412426715883,0.0013741165407978903,40,5.0,0.0011094701053039455,4.666666666666667,0.0006131434180054904,0.6666666666666666,7.286468133846027e-05,0.0,0.0,3.3333333333333335,0.0007417336290936903,3.6666666666666665,0.00031827162313369554,0.0005947553963467737,0.0006143876780308072,0.000279836987517784,2,0
2000,mlp,CD8 Tem-1,Memory B-1,0.002437954989734065,-0.0005475278196855668,0.008028442557560645,40,130.66666666666666,0.006292232022471755,111.66666666666667,0.0038542770327376907,53.333333333333336,0.0031189329154580805,37.0,0.0010466193523562043,51.0,0.0020087028128615548,48.333333333333336,0.0016430613862293663,0.004764891959744779,0.002844417695144332,-0.00029544468568691514,32,26
2000,mlp,CD8 Tem-1,Memory B-2,0.00024100312832707203,-0.0009387487512487512,0.0019257825507825361,40,2.6666666666666665,0.0008371569744809182,1.6666666666666667,0.0005961538461538462,0.0,0.0,0.0,0.0,2.6666666666666665,0.0008371569744809182,1.6666666666666667,0.0005961538461538462,0.001329902491874323,-0.0003846153846153846,-0.00022227772227772228,0,0
2000,mlp,CD8 Tem-1,Naive T,-0.008007886540235718,-0.01418883962823751,-0.002530916537373043,40,678.6666666666666,0.04823213349563144,816.0,0.056240020035867165,161.66666666666666,0.005544332240968321,208.66666666666666,0.0075549553109147015,172.0,0.010599717598395482,262.3333333333333,0.016596981068684822,-0.008765814181314693,-0.006503563042128427,-0.008754282397264038,36,36
2000,mlp,CD8 Tem-1,Plasma,-0.0003553687783078464,-0.0015384615384615382,0.0,40,0.0,0.0,1.3333333333333333,0.0003553687783078464,0.0,0.0,0.0,0.0,0.0,0.0,1.3333333333333333,0.0003553687783078464,-0.0007692307692307692,0.0,-0.00029687556569277,0,0
2000,mlp,CD8 Tem-1,Tcm,-0.004877919697519647,-0.016869314603396135,0.0019118865082221246,40,38.666666666666664,0.004993159846179385,60.666666666666664,0.00987107954369903,3.3333333333333335,0.00017893373201335622,3.6666666666666665,0.00034162621733731523,15.0,0.0017681414646169614,36.666666666666664,0.006483368676812648,-0.004165392445061165,-0.006961153327079114,-0.0035072133204186577,8,6
2000,mlp,CD8 Tem-1,cDC2,0.00020648165001113436,-0.00038031279420858865,0.0011236700586782712,40,3.6666666666666665,0.0006685406263279744,3.6666666666666665,0.00046205897631684004,0.6666666666666666,1.5219711871569496e-05,0.3333333333333333,6.395497569710923e-06,2.0,0.00034590431671722657,2.3333333333333335,0.0001482468810079507,0.0005217114331702432,-0.0002723527390247057,0.0003700862558878657,2,1
2000,mlp,CD8 Tem-1,pDC,0.00046073840612736197,-0.0004039360629063734,0.0015204956572845319,40,9.0,0.0013102526937024015,6.0,0.0008495142875750396,2.0,0.00011227721739865294,1.3333333333333333,0.00010231170172654039,5.0,0.0008275220332072262,2.6666666666666665,0.00037674914275197675,1.914898858235139e-05,0.0006388924500112471,0.0007241737797884871,6,4
2000,mlp,CD8 Tem-1,platelet,0.0,0.0,0.0,40,0.0,0.0,0.0,0.0,0.0,0.0,0.0,0.0,0.0,0.0,0.0,0.0,0.0,0.0,0.0,0,0
2000,mlp,CD8 Tem-2,Atypical Memory B,0.0,0.0,0.0,40,0.0,0.0,0.0,0.0,0.0,0.0,0.0,0.0,0.0,0.0,0.0,0.0,0.0,0.0,0.0,0,0
2000,mlp,CD8 Tem-2,CD14 Monocyte-1,-2.5311960916166853e-05,-0.0010509374869168554,0.00104674186813781,40,5.333333333333333,0.0013414442268175717,6.333333333333333,0.0013667561877337387,0.0,0.0,1.0,0.00020607068026491128,3.3333333333333335,0.0005465052185759861,3.3333333333333335,0.00036574649922724165,9.257871908590251e-05,-0.000691836687242179,0.0005233220854077759,0,3
2000,mlp,CD8 Tem-2,CD14 Monocyte-2,-0.002589161488730472,-0.007005551792994169,0.0011132549191390027,40,12.0,0.0032858036951743,32.666666666666664,0.005874965183904772,0.6666666666666666,7.971187779444481e-05,6.666666666666667,0.0008682206930339096,7.0,0.0022488808386238375,21.666666666666668,0.004049533512114845,-0.00024856225140434154,-0.0027787707917074755,-0.004740151423079599,2,12
2000,mlp,CD8 Tem-2,CD14 Monocyte-3,-2.9775507218138715e-05,-0.0005468765372292117,0.0003375480797092719,40,4.0,0.00026753637009772685,4.0,0.00029731187731586554,1.0,3.7025102205556856e-05,0.6666666666666666,1.877613642015694e-05,2.3333333333333335,0.00011254304259746655,2.6666666666666665,0.00016056751560100516,-0.000325600822088611,-1.7881321980839208e-06,0.00023806243263227878,2,2
2000,mlp,CD8 Tem-2,CD16 Monocyte-1,-7.204000339011781e-05,-0.0006759047376896347,0.00019736842105261827,40,0.3333333333333333,4.8732943469785574e-05,0.3333333333333333,0.00012077294685990338,0.0,0.0,0.0,0.0,0.3333333333333333,4.8732943469785574e-05,0.3333333333333333,0.00012077294685990338,0.0,-0.00036231884057971015,0.00014619883040935673,0,0
2000,mlp,CD8 Tem-2,CD16 Monocyte-2,-0.00012958339571242803,-0.000978773861838378,0.00043864428945074107,40,1.0,0.00017981691368788142,1.0,0.00030940030940030945,0.0,0.0,0.3333333333333333,8.417508417508418e-05,1.0,0.00017981691368788142,0.6666666666666666,0.00022522522522522523,0.00043864428945074107,-0.00023703138622493464,-0.0005903630903630905,0,1
2000,mlp,CD8 Tem-2,CD16 NK,-0.004279970219781398,-0.016519930617567714,0.011422574847786523,40,563.3333333333334,0.10207785406192689,674.0,0.1063578242817083,77.33333333333333,0.011599408973268463,133.33333333333334,0.01753754823324157,70.66666666666667,0.01931553527277643,125.33333333333333,0.017657366232584727,-0.007195616107121794,0.0010843259864045784,-0.006728620538626981,33,34
2000,mlp,CD8 Tem-2,CD4 + Tcm-1,0.004013868742663179,-0.014404658398256338,0.021427923024925227,40,667.0,0.14847845269493995,708.6666666666666,0.14446458395227674,135.0,0.027917395295227538,141.33333333333334,0.01932293189076379,113.0,0.025010597186192068,148.33333333333334,0.029591191847992634,0.005511269380833591,0.004452748914230177,0.00207758793292577,35,32
2000,mlp,CD8 Tem-2,CD4 + Tcm-2,-0.0014304045435308344,-0.007696333807187953,0.0032220592099114227,40,260.3333333333333,0.014351401698789276,317.3333333333333,0.015781806242320107,38.333333333333336,0.0027080737790946123,86.66666666666667,0.0028759200718095055,52.666666666666664,0.004584151853318222,61.333333333333336,0.005846710104134164,-0.004426786738166948,-0.0004729111600590017,0.0006084842676334469,23,15
2000,mlp,CD8 Tem-2,CD4 Monocyte-4,-0.0002788230819680372,-0.001212311649473995,0.0004466523930416534,40,21.0,0.001285161889290769,13.666666666666666,0.0015639849712588063,6.666666666666667,0.00026570899107619623,2.0,0.00036613533824010657,5.0,0.00018375542475917105,2.3333333333333335,0.00036215215956329804,-0.0005530826938295754,-0.0002095634434391992,-7.382310863533715e-05,6,5
2000,mlp,CD8 Tem-2,CD56 NK,0.0032131441427129745,-0.0024788455757697976,0.008603348218934714,40,642.0,0.03391113393979677,672.3333333333334,0.030697989797083786,85.33333333333333,0.00557346975212908,148.33333333333334,0.0053880299895356495,93.0,0.010512168753048756,60.333333333333336,0.0074844643729292115,0.004144052448358092,0.0007792077184866367,0.004716172261294195,26,18
2000,mlp,CD8 Tem-2,CD8 + CTL-1,0.0005133662476844664,-0.002121140045416836,0.003068847394662392,40,137.66666666666666,0.008260429490273502,166.33333333333334,0.007747063242589037,24.333333333333332,0.002207421139286312,46.333333333333336,0.001470653611270784,27.666666666666668,0.0020985936828844206,34.333333333333336,0.0023219949632154826,0.0004618366495791573,0.0007825025729175424,0.0002957595205566997,17,13
2000,mlp,CD8 Tem-2,CD8 + CTL-2,0.0004867664342472647,-0.0018452288622036262,0.002667161298022454,40,36.666666666666664,0.0024707235553154626,59.333333333333336,0.001983957121068198,4.666666666666667,0.0006628455937599969,19.0,0.0005644596778155955,19.0,0.0014886761394090062,27.333333333333332,0.0011002956211061427,0.0019134581757280361,-0.0005686733397757533,0.0001155144667895111,10,9
2000,mlp,CD8 Tem-2,CD8 + CTL-3,0.0041430756807911565,0.0005724788130626705,0.00864617235899522,40,115.66666666666667,0.006613783491317141,52.333333333333336,0.0024707078105259852,20.666666666666668,0.0009554784607897212,17.0,0.0007075386388063556,72.66666666666667,0.004909611099046535,13.0,0.0010144752402387433,0.003209482642233648,0.0040629349846246585,0.005156809415515164,14,10
2000,mlp,CD8 Tem-2,CD8 Tem-1,-0.0046199931684442,-0.018007558223751004,0.00668055384953609,40,431.6666666666667,0.09852696337859346,439.3333333333333,0.10314695654703765,46.333333333333336,0.006872408896884552,53.0,0.009540877634325947,74.0,0.01750066408901217,75.0,0.01945218852001497,-0.009758951642978466,-0.0032141061561917206,-0.0008869217061624128,28,23
2000,mlp,CD8 Tem-2,CD8 Tem-2,-0.004535269782813795,-0.026820082090195402,0.016405498573400266,40,6973.0,0.5171055899011704,6745.666666666667,0.5216408596839842,0.0,0.0,0.0,0.0,0.0,0.0,0.0,0.0,0.010928730086112082,-0.01559492727017433,-0.008939612164379138,0,0
2000,mlp,CD8 Tem-2,Cycling T,0.004389363234267601,-0.0026247634244379583,0.016789125346644458,40,38.0,0.012740734234683209,31.666666666666668,0.00835137100041561,9.0,0.0058625691786874864,9.0,0.0014363411886088497,18.333333333333332,0.0030588676085098986,12.0,0.0030957323643209336,0.0004546919399600855,0.007300988092850386,0.005412409669992332,17,13
2000,mlp,CD8 Tem-2,Erythrocyte,0.002252915397813952,0.00010080645161290323,0.006141800815968637,40,18.333333333333332,0.0037126543437031646,6.666666666666667,0.0014597389458892134,8.0,0.001964988999871677,0.0,0.0,3.6666666666666665,0.00028792639794227444,0.0,0.0,0.001874455847935606,0.0023293909491835458,0.002554899396322703,5,0
2000,mlp,CD8 Tem-2,GCB,-2.5683212280898115e-05,-0.0001200264302268052,2.8211750648982353e-05,40,2.0,3.3263147716550136e-05,2.6666666666666665,5.894635999744824e-05,0.0,0.0,0.3333333333333333,1.6600265604249667e-05,0.3333333333333333,6.485084306095979e-06,0.6666666666666666,1.5568030982744427e-05,-8.043805171470979e-05,1.945525291828794e-05,-1.6066838046272492e-05,0,1
2000,mlp,CD8 Tem-2,Memory B-1,0.00048501197414396025,-0.0008869272726176107,0.0023409519104629754,40,6.333333333333333,0.0014157586610964474,6.0,0.0009307466869524872,1.6666666666666667,0.00022100131573275715,1.3333333333333333,0.000133360419958389,4.333333333333333,0.0011021647527710977,4.333333333333333,0.0007047936744015056,0.0002608318601042695,0.0008926876970566362,0.0003015163652709752,4,3
2000,mlp,CD8 Tem-2,Memory B-2,0.00013050767122781983,-0.0005138475422236969,0.0008235941570459562,40,11.666666666666666,0.000727012335345382,13.666666666666666,0.0005965046641175622,1.6666666666666667,0.000184305432805125,4.333333333333333,0.00022766694754745043,3.3333333333333335,0.00025180118169692634,2.6666666666666665,7.793199572678107e-05,0.0005566455835748637,2.119487254087593e-05,-0.0001863174424322801,3,4
2000,mlp,CD8 Tem-2,Naive T,0.001928724063248506,-0.002358867119897455,0.00643916417651324,40,363.6666666666667,0.022903889631868596,376.3333333333333,0.020975165568620096,45.0,0.003150937405673446,71.33333333333333,0.002597863316882099,68.0,0.007738740470157418,54.333333333333336,0.0063630904957002596,-0.0004947425079815055,0.005374263578935171,0.0009066511187918542,22,17
2000,mlp,CD8 Tem-2,Plasma,-0.0009425261915301755,-0.005555555555555554,0.0,40,0.0,0.0,0.6666666666666666,0.0009425261915301755,0.0,0.0,0.0,0.0,0.0,0.0,0.6666666666666666,0.0009425261915301755,0.0,-4.9800796812749006e-05,-0.0027777777777777775,0,0
2000,mlp,CD8 Tem-2,Tcm,-0.0008161068147460922,-0.006270262866169594,0.002352798507284832,40,18.666666666666668,0.002073892723107108,9.666666666666666,0.0028899995378532,2.6666666666666665,0.00040650871592411397,2.6666666666666665,0.0009009009009009009,14.666666666666666,0.0012169335567325437,5.666666666666667,0.001538648186501849,-0.0015519102542656045,-0.002318474865162476,0.0014220646751898034,7,1
2000,mlp,CD8 Tem-2,cDC2,-0.00015130734600780687,-0.0007575757575757576,0.0002908878605205523,40,1.0,0.00011143032481809928,1.3333333333333333,0.00026273767082590614,0.3333333333333333,3.401360544217687e-05,0.6666666666666666,9.438750247573777e-05,0.6666666666666666,7.741671937592242e-05,0.6666666666666666,0.00016835016835016836,-0.00028316250742721336,-0.00011984718129676114,-5.09123492994461e-05,1,2
2000,mlp,CD8 Tem-2,pDC,0.00030790819776637166,-0.003798819186295575,0.00485296610799001,40,9.333333333333334,0.002904272089740046,6.666666666666667,0.002596363891973674,1.3333333333333333,9.819307097533546e-05,0.3333333333333333,8.417508417508418e-05,3.6666666666666665,0.0015480035730833272,2.0,0.0012541133621172065,-0.0025433944447356247,-0.00038520620753732107,0.0038523252455720607,3,1
2000,mlp,CD8 Tem-2,platelet,-0.0019386950694966927,-0.005868140492640574,0.0017604326390957912,40,208.0,0.015172264257260556,199.33333333333334,0.01711095932675725,84.33333333333333,0.005773462241348092,76.0,0.007597024739306758,6.0,0.00023626792752996927,5.666666666666667,0.000351400499067995,-0.002384429601241686,-9.444436174680434e-05,-0.0033372112455015866,28,30
2000,mlp,Cycling T,Atypical Memory B,0.0,0.0,0.0,40,0.0,0.0,0.0,0.0,0.0,0.0,0.0,0.0,0.0,0.0,0.0,0.0,0.0,0.0,0.0,0,0
2000,mlp,Cycling T,CD14 Monocyte-1,-0.00046463347049033825,-0.0013686134895016474,0.0002103680251546089,40,5.0,0.0009828760690783287,6.666666666666667,0.0014475095395686671,0.0,0.0,0.0,0.0,1.3333333333333333,0.00021670020211907802,3.0,0.0006813336726094163,-0.00035790598290598295,3.085810210328825e-05,-0.0010668525306683201,0,0
2000,mlp,Cycling T,CD14 Monocyte-2,8.10791014341947e-05,-0.0008405039098972923,0.0007442151344590368,40,3.3333333333333335,0.0004762742338961852,2.3333333333333335,0.0003951951324619904,0.0,0.0,0.0,0.0,2.3333333333333335,0.0003522383781530123,1.3333333333333333,0.0002711592767188176,0.00037210756722951845,-0.0004476241716198674,0.0003187539086929331,0,0
2000,mlp,Cycling T,CD14 Monocyte-3,0.0,0.0,0.0,40,3.0,0.001299098406485882,3.0,0.001299098406485882,0.0,0.0,0.0,0.0,0.0,0.0,0.0,0.0,0.0,0.0,0.0,0,0
2000,mlp,Cycling T,CD16 Monocyte-1,7.507507507507507e-05,0.0,0.00045045045045045046,40,0.6666666666666666,0.00013294544544544546,0.3333333333333333,5.7870370370370366e-05,0.0,0.0,0.0,0.0,0.3333333333333333,7.507507507507507e-05,0.0,0.0,0.0,0.0,0.00022522522522522523,0,0
2000,mlp,Cycling T,CD16 Monocyte-2,0.00017598617042662948,-0.0004890004782400765,0.0009757005147630128,40,1.3333333333333333,0.00029833592333592334,0.6666666666666666,0.0001223497529092938,0.0,0.0,0.0,0.0,1.3333333333333333,0.00029833592333592334,0.6666666666666666,0.0001223497529092938,0.0001736111111111111,-0.0003670492587278814,0.0007213966588966588,0,0
2000,mlp,Cycling T,CD16 NK,0.009025246173295495,-0.0038401448168897665,0.021854484448497424,40,636.0,0.1639695291914041,616.6666666666666,0.1549442830181086,114.66666666666667,0.029503518247151046,94.0,0.024506049306293482,87.0,0.026131860723066214,88.33333333333333,0.022104083490628285,0.009350472423645303,0.00790174339182868,0.009823522704412498,34,36
2000,mlp,Cycling T,CD4 + Tcm-1,0.005033496198683626,-0.0062816777932393495,0.016476322146208762,40,680.0,0.17307167755248754,654.6666666666666,0.16803818135380388,102.66666666666667,0.024425727006518645,67.0,0.01743299998297551,87.0,0.02314419928788179,97.33333333333333,0.025103430112741302,0.011533588129600036,0.0022749401432577126,0.001291960323193131,32,37
2000,mlp,Cycling T,CD4 + Tcm-2,-0.008277838044917992,-0.017031732061487656,-0.00048019410313959656,40,42.333333333333336,0.016798256732242226,61.666666666666664,0.02507609477716022,2.3333333333333335,0.0011925873249545333,12.333333333333334,0.004945877706918568,8.333333333333334,0.002391521671913267,17.666666666666668,0.006916069334867224,-0.009471232904587302,-0.004816975710771715,-0.010545305519394959,6,9
2000,mlp,Cycling T,CD4 Monocyte-4,0.0,0.0,0.0,40,0.0,0.0,0.0,0.0,0.0,0.0,0.0,0.0,0.0,0.0,0.0,0.0,0.0,0.0,0.0,0,0
2000,mlp,Cycling T,CD56 NK,0.00327877053042522,-0.0026055986655289056,0.008967829212303309,40,106.33333333333333,0.04183079451629287,94.33333333333333,0.03855202398586765,12.666666666666666,0.004477063613892657,9.333333333333334,0.003432331960621276,37.0,0.011290716988783362,28.333333333333332,0.00905667811162952,0.004441645682981767,0.0011925394102017556,0.0042021264980921375,19,17
2000,mlp,Cycling T,CD8 + CTL-1,-0.0012167275498824242,-0.004580896587974384,0.0015037155610334674,40,8.0,0.0029763744362446055,9.0,0.004193101986127029,2.0,0.0006845034895820427,2.3333333333333335,0.0007057401576561488,5.666666666666667,0.0021066857614773773,6.333333333333333,0.0033021766432856955,-0.002878493422622984,-0.001352919952771143,0.0005812307257468547,5,3
2000,mlp,Cycling T,CD8 + CTL-2,-0.0025081445411310735,-0.010072565089067155,0.002958921067109626,40,11.666666666666666,0.004449401552602947,15.333333333333334,0.006957546093734022,0.3333333333333333,0.00017006802721088434,6.0,0.0027772172899291543,7.333333333333333,0.0024950765080841986,5.333333333333333,0.002396071786497002,-0.0016231899689215195,-0.004432149005652414,-0.0014690946488192865,1,3
2000,mlp,Cycling T,CD8 + CTL-3,0.00030315310047110134,-0.004899564324844087,0.005328287563181007,40,21.666666666666668,0.008179073161181393,15.666666666666666,0.00787592006071029,4.666666666666667,0.0016732414614478892,3.3333333333333335,0.0015853542080921969,9.666666666666666,0.003219560500153776,5.0,0.003004294653038367,0.002114454920808365,0.0009419372886234504,-0.002146932908018511,6,5
2000,mlp,Cycling T,CD8 Tem-1,0.0017262187825723772,-0.003874686249223054,0.0075895615930911264,40,170.33333333333334,0.045206526690599595,158.0,0.043480307908027205,22.666666666666668,0.005461314099234223,11.666666666666666,0.0031378583610534804,43.0,0.010235755575080824,41.666666666666664,0.010832992530689192,0.004144958752749032,-9.09565384250275e-05,0.0011246541333931272,23,17
2000,mlp,Cycling T,CD8 Tem-2,0.0007874953615412899,-0.002744600694590958,0.004349465367335512,40,23.666666666666668,0.007994342040954566,25.0,0.007206846679413274,2.6666666666666665,0.0007373033277638541,4.666666666666667,0.0013392255381075022,10.333333333333334,0.003946279122710602,9.666666666666666,0.0025568615508256634,0.001931065172671656,0.00040097047113306984,3.045044081914326e-05,7,10
2000,mlp,Cycling T,Cycling T,-0.004943715587522576,-0.02565338746426431,0.016349134466732414,40,1874.0,0.5034954149013197,1927.6666666666667,0.5084391304888424,0.0,0.0,0.0,0.0,0.0,0.0,0.0,0.0,-0.01175891235517984,-0.0013229952447687738,-0.0017492391626191199,0,0
2000,mlp,Cycling T,Erythrocyte,0.0,0.0,0.0,40,0.0,0.0,0.0,0.0,0.0,0.0,0.0,0.0,0.0,0.0,0.0,0.0,0.0,0.0,0.0,0,0
2000,mlp,Cycling T,GCB,-0.00028226648970620065,-0.001432252948756071,0.0006802721088435374,40,1.3333333333333333,0.0005800588150811915,2.0,0.0008623253047873921,0.0,0.0,0.3333333333333333,0.0001461988304093567,0.6666666666666666,0.00029261704681872745,1.0,0.00042868470611557137,-0.0004946782459638628,0.0,-0.00035212122315473915,0,1
2000,mlp,Cycling T,Memory B-1,0.0004462112816243989,-0.0016430169566665927,0.0022519017416217702,40,7.0,0.001764463232498301,5.666666666666667,0.0013182519508739023,1.6666666666666667,0.0004033695109377077,1.3333333333333333,0.00021268219438951147,3.3333333333333335,0.0009808332345927892,2.3333333333333335,0.0007253092695165865,-0.0007214992758927903,0.0003503347485043232,0.0017097983722616638,3,3
2000,mlp,Cycling T,Memory B-2,0.00026430540129170266,0.0,0.0009132420091324201,40,1.0,0.00026430540129170266,0.0,0.0,0.6666666666666666,0.00018923032621662758,0.0,0.0,0.3333333333333333,7.507507507507507e-05,0.0,0.0,0.00045045045045045046,0.00034246575342465754,0.0,2,0
2000,mlp,Cycling T,Naive T,0.0001293696383075361,-0.004511031525575722,0.004507446555157714,40,46.333333333333336,0.01521068695389706,48.0,0.015081317315589522,7.333333333333333,0.002012945106559218,5.0,0.00155000770884428,19.333333333333332,0.006218353033494454,23.333333333333332,0.006551920792901855,-0.0031564116420523406,0.0028969564159338824,0.0006475641410410668,14,10
2000,mlp,Cycling T,Plasma,-7.44047619047619e-05,-0.0004464285714285714,0.0,40,0.0,0.0,0.3333333333333333,7.44047619047619e-05,0.0,0.0,0.0,0.0,0.0,0.0,0.3333333333333333,7.44047619047619e-05,0.0,-0.0002232142857142857,0.0,0,0
2000,mlp,Cycling T,Tcm,-0.0033109854256303923,-0.019568154184857408,0.0060948969161477955,40,21.0,0.010138178023533057,15.333333333333334,0.01344916344916345,2.3333333333333335,0.0005329889149453429,5.0,0.004635989010989011,13.333333333333334,0.005084597087995693,5.0,0.004292582417582418,-0.0034137330989664023,-0.003399358766097998,-0.0031198644118267753,5,2
2000,mlp,Cycling T,cDC2,0.00015432098765432098,0.0,0.0009259259259259259,40,1.3333333333333333,0.00047483380816714147,1.0,0.0003205128205128205,0.0,0.0,0.0,0.0,0.3333333333333333,0.00015432098765432098,0.0,0.0,0.0,0.0004629629629629629,0.0,0,0
2000,mlp,Cycling T,pDC,-0.00032625435585961906,-0.0010080657651291213,8.780080790827888e-05,40,1.6666666666666667,0.0004065529119602659,3.3333333333333335,0.0007328072678198849,0.0,0.0,0.6666666666666666,0.00011261261261261261,0.6666666666666666,0.00018725466634623086,1.6666666666666667,0.0004008964095932372,-0.0006362973141541995,-0.00034246575342465754,0.0,0,1
2000,mlp,Cycling T,platelet,-7.575757575757576e-05,-0.0004545454545454545,0.0,40,0.0,0.0,0.3333333333333333,7.575757575757576e-05,0.0,0.0,0.0,0.0,0.0,0.0,0.3333333333333333,7.575757575757576e-05,0.0,0.0,-0.00022727272727272727,0,0
2000,mlp,Erythrocyte,Atypical Memory B,0.0,0.0,0.0,6,0.0,0.0,0.0,0.0,0.0,0.0,0.0,0.0,0.0,0.0,0.0,0.0,0.0,0.0,0.0,0,0
2000,mlp,Erythrocyte,CD14 Monocyte-1,0.0014245014245014244,0.0,0.007326007326007327,6,0.3333333333333333,0.0014245014245014244,0.0,0.0,0.0,0.0,0.0,0.0,0.3333333333333333,0.0014245014245014244,0.0,0.0,0.0,0.0,0.004273504273504273,0,0
2000,mlp,Erythrocyte,CD14 Monocyte-2,0.0,0.0,0.0,6,0.0,0.0,0.0,0.0,0.0,0.0,0.0,0.0,0.0,0.0,0.0,0.0,0.0,0.0,0.0,0,0
2000,mlp,Erythrocyte,CD14 Monocyte-3,0.0,0.0,0.0,6,0.0,0.0,0.0,0.0,0.0,0.0,0.0,0.0,0.0,0.0,0.0,0.0,0.0,0.0,0.0,0,0
2000,mlp,Erythrocyte,CD16 Monocyte-1,0.0,0.0,0.0,6,0.0,0.0,0.0,0.0,0.0,0.0,0.0,0.0,0.0,0.0,0.0,0.0,0.0,0.0,0.0,0,0
2000,mlp,Erythrocyte,CD16 Monocyte-2,0.0,0.0,0.0,6,0.0,0.0,0.0,0.0,0.0,0.0,0.0,0.0,0.0,0.0,0.0,0.0,0.0,0.0,0.0,0,0
2000,mlp,Erythrocyte,CD16 NK,0.011111111111111112,0.0,0.05925925925925926,6,0.3333333333333333,0.011111111111111112,0.0,0.0,0.3333333333333333,0.011111111111111112,0.0,0.0,0.0,0.0,0.0,0.0,0.0,0.03333333333333333,0.0,1,0
2000,mlp,Erythrocyte,CD4 + Tcm-1,-0.07150997150997151,-0.42763532763532763,0.09829059829059829,6,8.666666666666666,0.05641025641025641,2.3333333333333335,0.12792022792022792,0.0,0.0,0.3333333333333333,0.05555555555555555,7.0,0.0396011396011396,0.3333333333333333,0.05555555555555555,0.02991452991452991,-0.13247863247863248,-0.11196581196581197,0,1
2000,mlp,Erythrocyte,CD4 + Tcm-2,-0.0014245014245014244,-0.007326007326007327,0.0,6,0.0,0.0,0.3333333333333333,0.0014245014245014244,0.0,0.0,0.0,0.0,0.0,0.0,0.3333333333333333,0.0014245014245014244,0.0,0.0,-0.004273504273504273,0,0
2000,mlp,Erythrocyte,CD4 Monocyte-4,0.0,0.0,0.0,6,0.0,0.0,0.0,0.0,0.0,0.0,0.0,0.0,0.0,0.0,0.0,0.0,0.0,0.0,0.0,0,0
2000,mlp,Erythrocyte,CD56 NK,0.05555555555555555,0.0,0.2857142857142857,6,0.3333333333333333,0.05555555555555555,0.0,0.0,0.3333333333333333,0.05555555555555555,0.0,0.0,0.0,0.0,0.0,0.0,0.0,0.0,0.16666666666666666,1,0
2000,mlp,Erythrocyte,CD8 + CTL-1,0.0,0.0,0.0,6,0.0,0.0,0.0,0.0,0.0,0.0,0.0,0.0,0.0,0.0,0.0,0.0,0.0,0.0,0.0,0,0
2000,mlp,Erythrocyte,CD8 + CTL-2,0.0,0.0,0.0,6,0.0,0.0,0.0,0.0,0.0,0.0,0.0,0.0,0.0,0.0,0.0,0.0,0.0,0.0,0.0,0,0
2000,mlp,Erythrocyte,CD8 + CTL-3,0.021082621082621076,-0.15384615384615385,0.3032852564102564,6,2.6666666666666665,0.10427350427350428,12.666666666666666,0.08319088319088319,0.0,0.0,0.0,0.0,1.0,0.0680911680911681,11.0,0.04700854700854701,-0.039316239316239315,-0.06410256410256411,0.16666666666666666,0,0
2000,mlp,Erythrocyte,CD8 Tem-1,0.0,0.0,0.0,6,0.0,0.0,0.0,0.0,0.0,0.0,0.0,0.0,0.0,0.0,0.0,0.0,0.0,0.0,0.0,0,0
2000,mlp,Erythrocyte,CD8 Tem-2,-0.12075023741690409,-0.4307364446253335,0.16666666666666663,6,44.333333333333336,0.2775403608736942,34.333333333333336,0.39829059829059826,0.0,0.0,1.0,0.16666666666666666,13.0,0.07549857549857548,2.0,0.029582146248812915,-0.14017094017094017,-0.05056980056980057,-0.1715099715099715,0,2
2000,mlp,Erythrocyte,Cycling T,0.0,0.0,0.0,6,0.0,0.0,0.0,0.0,0.0,0.0,0.0,0.0,0.0,0.0,0.0,0.0,0.0,0.0,0.0,0,0
2000,mlp,Erythrocyte,Erythrocyte,0.15555555555555556,-0.16023809523809524,0.5,6,5.0,0.4777777777777777,4.333333333333333,0.3222222222222222,0.0,0.0,0.0,0.0,0.0,0.0,0.0,0.0,0.16666666666666666,0.3,0.0,0,0
2000,mlp,Erythrocyte,GCB,0.0,0.0,0.0,6,0.0,0.0,0.0,0.0,0.0,0.0,0.0,0.0,0.0,0.0,0.0,0.0,0.0,0.0,0.0,0,0
2000,mlp,Erythrocyte,Memory B-1,0.0,0.0,0.0,6,0.0,0.0,0.0,0.0,0.0,0.0,0.0,0.0,0.0,0.0,0.0,0.0,0.0,0.0,0.0,0,0
2000,mlp,Erythrocyte,Memory B-2,-0.007122507122507122,-0.034188034188034185,0.0,6,0.3333333333333333,0.0014245014245014244,2.0,0.008547008547008546,0.0,0.0,0.0,0.0,0.3333333333333333,0.0014245014245014244,2.0,0.008547008547008546,0.0,-0.017094017094017092,-0.004273504273504273,0,0
2000,mlp,Erythrocyte,Naive T,-0.008547008547008546,-0.034188034188034185,0.0,6,0.0,0.0,2.0,0.008547008547008546,0.0,0.0,0.0,0.0,0.0,0.0,2.0,0.008547008547008546,-0.021367521367521364,0.0,-0.004273504273504273,0,0
2000,mlp,Erythrocyte,Plasma,0.0,0.0,0.0,6,0.0,0.0,0.0,0.0,0.0,0.0,0.0,0.0,0.0,0.0,0.0,0.0,0.0,0.0,0.0,0,0
2000,mlp,Erythrocyte,Tcm,-0.033950617283950615,-0.13888888888888887,0.008547008547008546,6,3.0,0.014482431149097816,6.666666666666667,0.04843304843304843,0.0,0.0,0.0,0.0,2.6666666666666665,0.013057929724596391,6.333333333333333,0.04700854700854701,0.008547008547008546,-0.06908831908831908,-0.04131054131054131,0,0
2000,mlp,Erythrocyte,cDC2,0.0,0.0,0.0,6,0.0,0.0,0.0,0.0,0.0,0.0,0.0,0.0,0.0,0.0,0.0,0.0,0.0,0.0,0.0,0,0
2000,mlp,Erythrocyte,pDC,-0.0014245014245014244,-0.006410256410256411,0.0,6,0.0,0.0,0.3333333333333333,0.0014245014245014244,0.0,0.0,0.0,0.0,0.0,0.0,0.3333333333333333,0.0014245014245014244,-0.004273504273504273,0.0,0.0,0,0
2000,mlp,Erythrocyte,platelet,0.0,0.0,0.0,6,0.0,0.0,0.0,0.0,0.0,0.0,0.0,0.0,0.0,0.0,0.0,0.0,0.0,0.0,0.0,0,0
2000,mlp,GCB,Atypical Memory B,-0.010471489791905758,-0.060471978142078386,0.0020377531176271374,31,11.666666666666666,0.0010069937377895138,13.333333333333334,0.011478483529695271,1.6666666666666667,8.304974875631534e-05,2.3333333333333335,0.00012557042769313536,1.3333333333333333,0.00044502004187869595,2.3333333333333335,0.010873989154847635,-0.032463115420438615,0.0011930554764101415,-0.0001444094316888042,3,3
2000,mlp,GCB,CD14 Monocyte-1,2.5972676744065237e-05,-6.791632708503124e-05,0.00016132119707471388,31,0.6666666666666666,3.911777230891e-05,0.3333333333333333,1.3145095564844756e-05,0.0,0.0,0.0,0.0,0.6666666666666666,3.911777230891e-05,0.3333333333333333,1.3145095564844756e-05,0.00011735331692672999,-3.943528669453427e-05,0.0,0,0
2000,mlp,GCB,CD14 Monocyte-2,0.003742762613730356,-0.008135509791400597,0.02681335446960446,31,1.3333333333333333,0.012495021903624054,1.3333333333333333,0.008752259289893698,0.0,0.0,0.0,0.0,1.0,0.0071186778176025485,1.0,0.003375915203872193,-0.0011947431302270011,-0.0012246117084826766,0.013647642679900745,0,0
2000,mlp,GCB,CD14 Monocyte-3,3.4189787510470627e-05,-5.9213922418325604e-05,0.00019709636646570323,31,2.0,9.466976615063077e-05,1.3333333333333333,6.047997864016014e-05,0.0,0.0,0.0,0.0,1.3333333333333333,6.44297768305507e-05,0.6666666666666666,3.023998932008007e-05,6.31340758368776e-05,9.071996796024021e-05,-5.1284681265705936e-05,0,0
2000,mlp,GCB,CD16 Monocyte-1,0.0,0.0,0.0,31,0.0,0.0,0.0,0.0,0.0,0.0,0.0,0.0,0.0,0.0,0.0,0.0,0.0,0.0,0.0,0,0
2000,mlp,GCB,CD16 Monocyte-2,0.00039824771007566706,0.0,0.0021786492374727667,31,0.3333333333333333,0.00039824771007566706,0.0,0.0,0.0,0.0,0.0,0.0,0.3333333333333333,0.00039824771007566706,0.0,0.0,0.0,0.0,0.0011947431302270011,0,0
2000,mlp,GCB,CD16 NK,-0.00310678365272121,-0.015022875601043302,0.007057640284487654,31,5.666666666666667,0.014632280449726821,12.666666666666666,0.01773906410244803,0.0,0.0,3.0,0.001646833953496661,2.3333333333333335,0.003911934071375619,6.333333333333333,0.005371883770600168,-0.00030082795090460195,-0.005846996195274993,-0.003172526811984036,0,4
2000,mlp,GCB,CD4 + Tcm-1,-0.003788646115166379,-0.019099093953836497,0.007858725916057251,31,3.0,0.004843639130022092,3.3333333333333335,0.008632285245188472,0.0,0.0,0.0,0.0,2.6666666666666665,0.004445391419946425,3.0,0.008234037535112806,-0.008186288024997703,-0.001152073732718894,-0.0020275765877825398,0,0
2000,mlp,GCB,CD4 + Tcm-2,0.03011032742539785,-0.0005068765979895164,0.09284711508879354,31,57.666666666666664,0.052849840070006766,73.33333333333333,0.02273951264460892,9.666666666666666,0.003398700300863954,20.333333333333332,0.001276754286032037,9.333333333333334,0.03280460076401014,14.333333333333334,0.004816219353444211,0.04173301084741617,0.003518499547411506,0.04507947188136587,7,6
2000,mlp,GCB,CD4 Monocyte-4,0.0,0.0,0.0,31,0.0,0.0,0.0,0.0,0.0,0.0,0.0,0.0,0.0,0.0,0.0,0.0,0.0,0.0,0.0,0,0
2000,mlp,GCB,CD56 NK,0.0036130709142078482,-0.0035310907302679773,0.011579419277899619,31,80.66666666666667,0.013261340123108296,75.66666666666667,0.009648269208900447,13.0,0.0021754418796425816,15.666666666666666,0.0008947672760754732,14.0,0.004352882440441491,6.333333333333333,0.002020486129800751,0.005770506041944739,-0.0016985984131870607,0.006767305113865866,8,6
2000,mlp,GCB,CD8 + CTL-1,0.004053244207374718,-0.00025502303653150796,0.013287044262870236,31,11.333333333333334,0.005187867693945147,12.333333333333334,0.0011346234865704293,4.0,0.0022835295646741432,3.0,0.00012196954978527847,1.3333333333333333,0.002215628083461578,3.3333333333333335,0.0003239438909757243,0.0002680047906885685,0.005271906092750414,0.006619821738685171,6,3
2000,mlp,GCB,CD8 + CTL-2,-0.0013312999620186076,-0.004263309820778971,4.215496163898491e-05,31,11.333333333333334,0.0008659954447460286,22.0,0.002197295406764636,1.6666666666666667,6.515326084679403e-05,5.666666666666667,0.000414815125974778,1.6666666666666667,6.54393693355089e-05,8.333333333333334,0.0010470774662261326,-0.0029659156487568546,-0.0007163644083403449,-0.0003116198289586232,2,2
2000,mlp,GCB,CD8 + CTL-3,0.00042901089613638245,-0.005726068647852864,0.005665670659284343,31,5.0,0.0022648171495030026,3.0,0.0018358062533666197,0.3333333333333333,1.3145095564844756e-05,0.6666666666666666,0.0015508684863523572,4.0,0.0020317444935263316,1.6666666666666667,6.501020660243659e-05,-0.002323471716277723,0.0011647814527562103,0.002445722951930662,1,2
2000,mlp,GCB,CD8 Tem-1,-2.7749239043493856e-06,-0.03727553310886645,0.03535587778079627,31,10.666666666666666,0.05576757485359637,11.333333333333334,0.055770349777500706,0.0,0.0,0.3333333333333333,1.3145095564844756e-05,3.3333333333333335,0.015894264818996,3.6666666666666665,0.015883894647335504,-0.022844867199705906,0.029291508560378345,-0.0064549661323854875,0,1
2000,mlp,GCB,CD8 Tem-2,0.0006750169592824877,-0.0003320832404032479,0.003735017152036392,31,16.333333333333332,0.0014188465878151306,15.666666666666666,0.0007438296285326427,0.3333333333333333,1.3145095564844756e-05,2.3333333333333335,0.0001472757918611858,4.333333333333333,0.0008745870249143376,1.6666666666666667,6.54393693355089e-05,-0.0001169241541936577,0.002151919340298547,-9.944308257426051e-06,1,3
2000,mlp,GCB,Cycling T,-0.002150537634408602,-0.010818318318318318,0.0,31,0.0,0.0,0.3333333333333333,0.002150537634408602,0.0,0.0,0.0,0.0,0.0,0.0,0.3333333333333333,0.002150537634408602,0.0,-0.0064516129032258064,0.0,0,0
2000,mlp,GCB,Erythrocyte,0.0,0.0,0.0,31,0.0,0.0,0.0,0.0,0.0,0.0,0.0,0.0,0.0,0.0,0.0,0.0,0.0,0.0,0.0,0,0
2000,mlp,GCB,GCB,0.013777017122920147,-0.012689076082132482,0.04143686915085529,31,2022.0,0.16044275415327924,2105.3333333333335,0.14666573703035912,0.0,0.0,0.0,0.0,0.0,0.0,0.0,0.0,0.0180790489967233,0.018299171344672946,0.004952831027364193,0,0
2000,mlp,GCB,Memory B-1,-0.030179975866432382,-0.08473777968954711,0.01395560662268579,31,858.0,0.6366481355581485,713.3333333333334,0.6668281114245809,312.6666666666667,0.02142156262382205,195.66666666666666,0.034851814643333916,53.0,0.02842589151662872,25.333333333333332,0.04517561536354923,-0.015302756960618507,-0.026409320970910248,-0.048827849667768396,11,15
2000,mlp,GCB,Memory B-2,-0.003193519042475204,-0.01321019341417979,0.005081036995552496,31,139.66666666666666,0.014113351768645773,171.0,0.017306870811120978,33.0,0.002021020166008918,44.333333333333336,0.0026750008080135327,22.666666666666668,0.004927908277839917,42.666666666666664,0.007467446678310508,-0.0029347840374927313,-0.006103237985232104,-0.0005425351047007785,6,6
2000,mlp,GCB,Naive T,0.0016664248058822064,-0.010836072312354127,0.010946108625899953,31,41.333333333333336,0.015125175361824486,36.666666666666664,0.013458750555942284,10.333333333333334,0.001071552105942923,8.333333333333334,0.001124450935372146,9.0,0.005167219458792264,6.333333333333333,0.003447895823480835,0.007510597576476391,-0.003942314552469551,0.0014309913936397787,5,5
2000,mlp,GCB,Plasma,5.61946722879539e-05,-0.00717788108104592,0.009976675991926979,31,3.3333333333333335,0.003137889744586396,6.666666666666667,0.0030816950722984426,0.3333333333333333,3.089852923000865e-05,0.3333333333333333,2.5972676744065244e-05,0.6666666666666666,0.0025487853444842693,4.0,0.002497516524682259,0.005426897800066055,-0.0030446356760192254,-0.002213678107182968,1,1
2000,mlp,GCB,Tcm,-0.004288073227496717,-0.014770030005822025,4.3195077959285887e-05,31,0.3333333333333333,1.3002041320487317e-05,2.0,0.004301075268817205,0.0,0.0,0.6666666666666666,0.0014336917562724014,0.3333333333333333,1.3002041320487317e-05,1.3333333333333333,0.002867383512544803,-0.006412606779264344,-0.004301075268817204,-0.002150537634408602,0,1
2000,mlp,GCB,cDC2,0.0,-0.023809523809523808,0.022988505747126436,31,0.3333333333333333,0.005376344086021505,0.3333333333333333,0.005376344086021505,0.0,0.0,0.0,0.0,0.3333333333333333,0.005376344086021505,0.3333333333333333,0.005376344086021505,0.016129032258064516,0.0,-0.016129032258064516,0,0
2000,mlp,GCB,pDC,-6.837957502094125e-05,-0.00024841017488076315,0.0,31,0.3333333333333333,1.7094893755235313e-05,1.6666666666666667,8.547446877617657e-05,0.0,0.0,1.0,5.128468126570594e-05,0.0,0.0,0.3333333333333333,1.7094893755235313e-05,-5.1284681265705936e-05,-5.1284681265705936e-05,-0.00010256936253141187,0,1
2000,mlp,GCB,platelet,0.0,0.0,0.0,31,0.0,0.0,0.0,0.0,0.0,0.0,0.0,0.0,0.0,0.0,0.0,0.0,0.0,0.0,0.0,0,0
2000,mlp,Memory B-1,Atypical Memory B,-8.398924293236927e-05,-0.0007620154665133691,0.0004033392748633036,40,11.0,0.00047654356786692043,7.333333333333333,0.0005605328107992897,7.666666666666667,0.000267818553028645,2.0,0.00013381175174261579,2.0,5.925796723989309e-05,4.0,0.0002772540114582915,-0.0005265663894450429,0.00012186684761434879,0.00015273181303358634,11,6
2000,mlp,Memory B-1,CD14 Monocyte-1,0.00026316870774326605,-5.880235348585622e-05,0.0007679210645979568,40,4.666666666666667,0.0004066312213627143,2.6666666666666665,0.0001434625136194482,1.0,5.587392884026931e-05,1.0,6.448497121734987e-05,3.0,0.0003083515297765239,1.0,3.6571779656177265e-05,0.0005536960960074109,0.0001752773395710555,6.053268765133172e-05,2,3
2000,mlp,Memory B-1,CD14 Monocyte-2,0.00016910916967833589,-0.0016991600617156854,0.0015825880669158045,40,28.666666666666668,0.0019391308562602978,31.333333333333332,0.0017700216865819615,8.0,0.00044340343189505985,17.0,0.0009205688691902064,18.333333333333332,0.0013142356617057644,12.0,0.0006679610547322823,0.0008706735747547989,0.0010026899719898085,-0.0013660360377096,14,17
2000,mlp,Memory B-1,CD14 Monocyte-3,0.0,0.0,0.0,40,0.0,0.0,0.0,0.0,0.0,0.0,0.0,0.0,0.0,0.0,0.0,0.0,0.0,0.0,0.0,0,0
2000,mlp,Memory B-1,CD16 Monocyte-1,0.0,0.0,0.0,40,0.0,0.0,0.0,0.0,0.0,0.0,0.0,0.0,0.0,0.0,0.0,0.0,0.0,0.0,0.0,0,0
2000,mlp,Memory B-1,CD16 Monocyte-2,-3.699626096836802e-05,-0.0001664172035072614,6.038647342995168e-05,40,0.3333333333333333,2.0128824476650564e-05,1.0,5.7125085445018587e-05,0.0,0.0,0.3333333333333333,8.185985592665357e-06,0.3333333333333333,2.0128824476650564e-05,0.6666666666666666,4.8939099852353227e-05,-5.698441858882766e-05,-5.40043643162764e-05,0.0,0,1
2000,mlp,Memory B-1,CD16 NK,-0.0006795631478368993,-0.003184960412006268,0.0014915707247202584,40,121.33333333333333,0.0073306765305826286,145.33333333333334,0.008010239678419526,32.666666666666664,0.0019472953057115565,29.333333333333332,0.0016914831018854531,20.0,0.001473794701215222,47.333333333333336,0.0024091700528782243,0.0013867800220944675,-0.0024162255337404157,-0.0010092439318647496,22,26
2000,mlp,Memory B-1,CD4 + Tcm-1,0.0006439420472918877,-0.004437559296513995,0.006956774173607633,40,278.0,0.01747549678206964,289.6666666666667,0.01683155473477775,112.0,0.006453433316838171,93.33333333333333,0.005230010633920666,40.333333333333336,0.0027779311260933055,70.66666666666667,0.0033574117617189213,-0.00037008788866256845,-0.0037936516472982214,0.006095565677836456,29,30
2000,mlp,Memory B-1,CD4 + Tcm-2,0.00040450167999467063,-0.0008646656402061366,0.001648448004332589,40,58.333333333333336,0.003186236676524464,60.333333333333336,0.0027817349965297937,19.666666666666668,0.0012943874181151015,17.0,0.0006947210606921128,14.666666666666666,0.0006890459476032122,19.333333333333332,0.0008842106250315299,-0.00010746561215643378,0.0007617740873230577,0.0005591965648173881,21,18
2000,mlp,Memory B-1,CD4 Monocyte-4,0.0,0.0,0.0,40,0.0,0.0,0.0,0.0,0.0,0.0,0.0,0.0,0.0,0.0,0.0,0.0,0.0,0.0,0.0,0,0
2000,mlp,Memory B-1,CD56 NK,0.0006784813022760481,-0.00012724477268540748,0.00157202681874443,40,31.666666666666668,0.0019443925588203985,22.333333333333332,0.0012659112565443506,9.666666666666666,0.0005398942646970419,5.666666666666667,0.00031534327775218415,14.0,0.0009720060354508553,8.666666666666666,0.000518075720119665,0.0008047159017579204,0.0009445414733611071,0.00028618653170911675,14,11
2000,mlp,Memory B-1,CD8 + CTL-1,0.0003319190591043579,-0.00023618647302360492,0.0008896213593393371,40,10.666666666666666,0.0006256088483025324,7.666666666666667,0.0002936897891981746,3.0,0.00027384487249914035,1.3333333333333333,0.0001321548487507591,5.0,0.00026478244479794427,3.6666666666666665,7.455340944196768e-05,0.00037163881418162553,7.496052104096897e-05,0.0005491578420904791,7,4
2000,mlp,Memory B-1,CD8 + CTL-2,0.00017200791157770574,-0.00010940919037199122,0.0007020917051872577,40,2.6666666666666665,0.00024446361186891333,3.3333333333333335,7.24557002912076e-05,0.3333333333333333,3.282132072994617e-06,0.0,0.0,2.3333333333333335,0.00024118147979591871,3.3333333333333335,7.24557002912076e-05,6.362357758649282e-05,0.00020845329955084647,0.0002439468575957779,1,0
2000,mlp,Memory B-1,CD8 + CTL-3,0.0010045553215409363,0.00021302345394349364,0.0020955167432584777,40,60.666666666666664,0.0011645254428005129,5.0,0.0001599701212595764,26.333333333333332,0.0005735969937571326,0.6666666666666666,1.2156576707999027e-05,31.666666666666668,0.0005345494812858568,1.6666666666666667,9.143457679405385e-05,0.0006907376867898238,0.0010240540705059658,0.0012988742073270197,11,1
2000,mlp,Memory B-1,CD8 Tem-1,-0.005063380045984503,-0.009267318554263694,-0.001762725554730701,40,428.3333333333333,0.025948965332271895,487.0,0.031012345378256395,86.66666666666667,0.004823824410002414,125.0,0.00805832116120759,29.666666666666668,0.0019405629774092946,50.0,0.003769446272188623,-0.004469506044998349,-0.005000835018700657,-0.005719799074254505,27,34
2000,mlp,Memory B-1,CD8 Tem-2,7.027787876316012e-05,-0.0004297721012010324,0.0007526277995678528,40,12.333333333333334,0.0007397080139765586,13.333333333333334,0.0006694301352133983,3.3333333333333335,0.0001934956885715352,3.0,0.0001870037240875083,3.0,0.00026771758114734644,4.333333333333333,0.0002039316668682132,0.00027620923140714434,0.0002753506029477015,-0.0003407261980653654,5,8
2000,mlp,Memory B-1,Cycling T,5.936474438576347e-05,-0.0006113221672354986,0.000604088699895964,40,8.0,0.0003529392203218283,6.666666666666667,0.0002935744759360649,2.3333333333333335,0.00014561586890397853,1.6666666666666667,0.0001160118991864374,5.0,0.00014700696434947021,4.333333333333333,0.00011724618968124792,0.00017852372811676085,0.0005180394141865968,-0.0005184689091460675,7,4
2000,mlp,Memory B-1,Erythrocyte,9.716284492809949e-06,0.0,2.9148853478429846e-05,40,1.0,9.716284492809949e-06,0.0,0.0,0.3333333333333333,3.2387614976033164e-06,0.0,0.0,0.6666666666666666,6.477522995206633e-06,0.0,0.0,9.716284492809949e-06,9.716284492809949e-06,9.716284492809949e-06,1,0
2000,mlp,Memory B-1,GCB,0.004410643492220814,-0.0032509468593075173,0.011805413252762551,40,821.3333333333334,0.023724976874283963,690.0,0.019314333382063148,429.0,0.013096190619124213,312.3333333333333,0.008570551863799966,60.333333333333336,0.0018892905230944376,45.666666666666664,0.002004285786197871,0.006841120424091042,0.002657788082928294,0.0037330219696431037,37,28
2000,mlp,Memory B-1,Memory B-1,-0.013562658793825124,-0.026963721550040336,0.0003472113668694173,40,21033.333333333332,0.8841380679934977,21476.0,0.8977007267873228,0.0,0.0,0.0,0.0,0.0,0.0,0.0,0.0,-0.019932720598664234,-0.006374243696175466,-0.014381012086635673,0,0
2000,mlp,Memory B-1,Memory B-2,0.0085925902429959,0.0023170551189079474,0.016047036412495188,40,650.3333333333334,0.020353122201585576,367.0,0.011760531958589678,443.0,0.013568172491023942,164.66666666666666,0.005145954175555207,38.333333333333336,0.0012749449710471492,33.333333333333336,0.001104573043519984,0.009934066967505756,0.00718127290063636,0.008662430860845583,40,26
2000,mlp,Memory B-1,Naive T,0.002814919461355627,0.0014280188295721908,0.004397975751189205,40,102.0,0.005280553067940896,49.0,0.00246563360658527,44.666666666666664,0.002108301756496059,13.333333333333334,0.0008672500497056481,32.0,0.0020325517197748856,10.333333333333334,0.0004586839652096682,0.003040606023918732,0.0024754949982373773,0.0029286573619107725,23,18
2000,mlp,Memory B-1,Plasma,-0.0006809983229689202,-0.0023164762759410634,0.0006689558089992899,40,25.666666666666668,0.0018166712175684845,34.0,0.0024976695405374044,12.666666666666666,0.0009188904660219076,16.0,0.0011215939025618696,5.0,0.00032499122410407563,10.0,0.000803286110533034,-0.00024859154200645056,6.008413144668311e-05,-0.0018544875583469931,19,20
2000,mlp,Memory B-1,Tcm,-7.907540990564432e-05,-0.001770700519828984,0.001132830829871341,40,10.666666666666666,0.0008750291608917374,8.666666666666666,0.0009541045707973818,3.6666666666666665,0.0001908670336310769,2.3333333333333335,0.0002562242139706929,6.333333333333333,0.0006059148659148076,5.666666666666667,0.0006196330954808359,-0.00019906919804317516,-0.00024042370874057065,0.00020226667706681276,7,2
2000,mlp,Memory B-1,cDC2,3.757060253449583e-05,-0.0002551807300780859,0.00039676520031368744,40,3.6666666666666665,0.00030887824598174106,3.6666666666666665,0.00027130764344724523,1.3333333333333333,7.332239819777534e-05,2.3333333333333335,0.00012946033425777605,2.0,0.00013977040717093892,1.0,4.6061868576442397e-05,8.337010006629741e-05,9.162891108231652e-05,-6.228720354512643e-05,4,5
2000,mlp,Memory B-1,pDC,0.0004945851569725538,-0.00022940737779618978,0.001404285677176082,40,17.0,0.0015984138355781621,10.333333333333334,0.0011038286786056084,7.333333333333333,0.0006490133971637316,3.6666666666666665,0.00040581191247951253,5.333333333333333,0.00044075649994577043,2.3333333333333335,0.0001893728276574358,0.000805513259793998,0.00017902014003752867,0.0004992220710861345,13,10
2000,mlp,Memory B-1,platelet,2.930816149349967e-05,-5.8892815076560646e-05,0.00022492631485813194,40,0.3333333333333333,3.9123630672926444e-05,0.3333333333333333,9.815469179426775e-06,0.0,0.0,0.0,0.0,0.3333333333333333,3.9123630672926444e-05,0.3333333333333333,9.815469179426775e-06,0.0,0.00011737089201877934,-2.9446407538280326e-05,0,0
2000,mlp,Memory B-2,Atypical Memory B,0.00020524222688332976,0.0,0.0005349170773987393,33,4.666666666666667,0.00042228540339773763,2.6666666666666665,0.00021704317651440787,1.6666666666666667,0.0001897590416508109,0.0,0.0,1.3333333333333333,9.878738485095453e-05,1.0,8.330419961843569e-05,0.00021839068293836022,0.00010485477613505295,0.00029248122157657613,3,0
2000,mlp,Memory B-2,CD14 Monocyte-1,0.0,0.0,0.0,33,0.0,0.0,0.0,0.0,0.0,0.0,0.0,0.0,0.0,0.0,0.0,0.0,0.0,0.0,0.0,0,0
2000,mlp,Memory B-2,CD14 Monocyte-2,0.0,0.0,0.0,33,0.0,0.0,0.0,0.0,0.0,0.0,0.0,0.0,0.0,0.0,0.0,0.0,0.0,0.0,0.0,0,0
2000,mlp,Memory B-2,CD14 Monocyte-3,-2.4696846212738633e-05,-0.00013583265417006248,0.0,33,0.0,0.0,0.3333333333333333,2.4696846212738633e-05,0.0,0.0,0.0,0.0,0.0,0.0,0.3333333333333333,2.4696846212738633e-05,0.0,0.0,-7.40905386382159e-05,0,0
2000,mlp,Memory B-2,CD16 Monocyte-1,0.0,0.0,0.0,33,0.0,0.0,0.0,0.0,0.0,0.0,0.0,0.0,0.0,0.0,0.0,0.0,0.0,0.0,0.0,0,0
2000,mlp,Memory B-2,CD16 Monocyte-2,0.0,0.0,0.0,33,0.0,0.0,0.0,0.0,0.0,0.0,0.0,0.0,0.0,0.0,0.0,0.0,0.0,0.0,0.0,0,0
2000,mlp,Memory B-2,CD16 NK,-0.0007158343455298333,-0.008757467309371257,0.004333012666345978,33,4.333333333333333,0.0012104714606909995,3.6666666666666665,0.0019263058062208328,0.0,0.0,0.6666666666666666,4.731152272135879e-05,2.6666666666666665,0.0010880283144793655,1.3333333333333333,0.0017565511372878402,7.721379319439362e-05,0.0027548209366391185,-0.004979537766423012,0,1
2000,mlp,Memory B-2,CD4 + Tcm-1,0.0021952752189101006,-0.00014382281029771322,0.010101010101010102,33,0.6666666666666666,0.0022446689113355778,0.6666666666666666,4.9393692425477266e-05,0.0,0.0,0.0,0.0,0.6666666666666666,0.0022446689113355778,0.6666666666666666,4.9393692425477266e-05,0.0,-7.40905386382159e-05,0.0066599161953685175,0,0
2000,mlp,Memory B-2,CD4 + Tcm-2,-0.00012348423106369323,-0.007682131754231781,0.006349206349206348,33,1.0,0.003992950814466707,2.6666666666666665,0.0041164350455304005,0.0,0.0,0.0,0.0,0.3333333333333333,0.001443001443001443,2.0,0.0015664856740651362,0.004329004329004329,-0.004551275944918977,-0.0001481810772764318,0,0
2000,mlp,Memory B-2,CD4 Monocyte-4,0.0009666262531197908,0.0,0.005096348571287443,33,3.6666666666666665,0.001155872344005226,2.6666666666666665,0.00018924609088543515,0.3333333333333333,0.0009182736455463728,0.0,0.0,0.6666666666666666,4.835260757341803e-05,0.0,0.0,0.0028289114752773343,7.096728408203818e-05,0.0,1,0
2000,mlp,Memory B-2,CD56 NK,-0.0009312722607012509,-0.00466064807261346,0.0,33,0.3333333333333333,2.4696846212738633e-05,2.6666666666666665,0.0009559691069139895,0.0,0.0,0.0,0.0,0.3333333333333333,2.4696846212738633e-05,2.6666666666666665,0.0009559691069139895,0.0,-0.0026518822139396762,-0.00014193456816407636,0,0
2000,mlp,Memory B-2,CD8 + CTL-1,-7.096728408203818e-05,-0.000234192037470726,0.0,33,0.0,0.0,1.0,7.096728408203818e-05,0.0,0.0,0.0,0.0,0.0,0.0,1.0,7.096728408203818e-05,-7.096728408203818e-05,-7.096728408203818e-05,-7.096728408203818e-05,0,0
2000,mlp,Memory B-2,CD8 + CTL-2,-4.9393692425477266e-05,-0.0002573671342169605,0.0,33,0.0,0.0,0.6666666666666666,4.9393692425477266e-05,0.0,0.0,0.0,0.0,0.0,0.0,0.6666666666666666,4.9393692425477266e-05,-0.0001481810772764318,0.0,0.0,0,0
2000,mlp,Memory B-2,CD8 + CTL-3,0.0002539692010792309,-0.00045138041379883144,0.0011160215430075925,33,6.666666666666667,0.0007127295171825693,4.666666666666667,0.00045876031610333844,2.6666666666666665,0.00023651158332690662,1.3333333333333333,0.00012781931577124836,2.3333333333333335,0.000265637910031088,1.6666666666666667,0.00012036097650751544,9.86082670226975e-05,-0.00017374839504363915,0.0008370477312586343,3,2
2000,mlp,Memory B-2,CD8 Tem-1,0.002525252525252525,-0.006349206349206348,0.017006802721088433,33,0.6666666666666666,0.003968253968253968,0.3333333333333333,0.001443001443001443,0.0,0.0,0.0,0.0,0.6666666666666666,0.003968253968253968,0.3333333333333333,0.001443001443001443,-0.004329004329004329,0.0,0.011904761904761904,0,0
2000,mlp,Memory B-2,CD8 Tem-2,0.017005809077720476,-0.03526400145160679,0.0835945875549699,33,59.0,0.1458939159261142,66.66666666666667,0.12888810684839372,8.333333333333334,0.02978345454516451,13.666666666666666,0.00544545049930699,5.666666666666667,0.01767699359327649,8.0,0.025009188561413532,-0.002460831771580643,-0.01137694479077786,0.06485520379551993,10,10
2000,mlp,Memory B-2,Cycling T,0.0,0.0,0.0,33,0.0,0.0,0.0,0.0,0.0,0.0,0.0,0.0,0.0,0.0,0.0,0.0,0.0,0.0,0.0,0,0
2000,mlp,Memory B-2,Erythrocyte,0.0,0.0,0.0,33,0.0,0.0,0.0,0.0,0.0,0.0,0.0,0.0,0.0,0.0,0.0,0.0,0.0,0.0,0.0,0,0
2000,mlp,Memory B-2,GCB,0.011702445598717472,-0.0012292690272205494,0.034037256273203594,33,103.66666666666667,0.022308619901707,77.0,0.010606174302989524,40.0,0.004315852201265786,15.0,0.0018789063168600066,26.666666666666668,0.013008883664438356,25.0,0.003743383950126663,0.022844442902688313,0.0054566731374832535,0.006806220755980854,8,7
2000,mlp,Memory B-2,Memory B-1,-0.051461568940598945,-0.1517152145881711,0.051103574126629914,33,805.6666666666666,0.42545868595289743,597.0,0.4769202548934963,311.6666666666667,0.06688350151232562,106.0,0.11809044239777278,34.0,0.026442141316856405,31.0,0.026696769372008194,-0.001934691208723431,-0.043127758240940006,-0.10932225737213339,17,26
2000,mlp,Memory B-2,Memory B-2,0.043555406341305676,-0.06431346684237038,0.14767445836613305,33,1111.6666666666667,0.35605510217304775,1335.3333333333333,0.31249969583174203,0.0,0.0,0.0,0.0,0.0,0.0,0.0,0.0,0.011370908251018854,0.0827028714637497,0.03659243930914848,0,0
2000,mlp,Memory B-2,Naive T,0.0031565656565656565,-6.509981041596966e-05,0.014151890264302441,33,1.0,0.0031802214179263363,0.3333333333333333,2.3655761360679393e-05,0.3333333333333333,2.3655761360679393e-05,0.0,0.0,0.6666666666666666,0.0031565656565656565,0.3333333333333333,2.3655761360679393e-05,0.007504790291675538,0.0,0.001964906678021432,1,0
2000,mlp,Memory B-2,Plasma,-0.012204263761357187,-0.05138858852364476,0.0,33,0.3333333333333333,0.0003367003367003367,3.3333333333333335,0.012540964098057524,0.0,0.0,1.0,0.010184061741155166,0.3333333333333333,0.0003367003367003367,2.3333333333333335,0.0023569023569023568,-0.03347763347763348,-0.002125056796337073,-0.00101010101010101,0,3
2000,mlp,Memory B-2,Tcm,-0.0013468013468013469,-0.007407407407407408,0.00196078431372549,33,2.0,0.0020202020202020198,3.3333333333333335,0.003367003367003367,0.0,0.0,0.3333333333333333,0.0003367003367003367,1.3333333333333333,0.0013468013468013469,2.3333333333333335,0.0023569023569023568,0.00202020202020202,-0.0020202020202020206,-0.00404040404040404,0,1
2000,mlp,Memory B-2,cDC2,0.0,0.0,0.0,33,0.0,0.0,0.0,0.0,0.0,0.0,0.0,0.0,0.0,0.0,0.0,0.0,0.0,0.0,0.0,0,0
2000,mlp,Memory B-2,pDC,-0.004737153217379082,-0.02081273698003792,0.00393948814022679,33,2.0,0.0011150494563394848,1.3333333333333333,0.005852202673718565,1.6666666666666667,0.0010160199455452681,0.6666666666666666,0.005050505050505051,0.3333333333333333,9.902951079421669e-05,0.6666666666666666,0.0008016976232135156,-0.00961352100676322,-0.007575757575757576,0.0029778189303835524,3,1
2000,mlp,Memory B-2,platelet,-0.009901156173402682,-0.03223327798733736,0.002357230821566874,33,22.666666666666668,0.029899573549520015,23.666666666666668,0.039800729722922694,2.0,0.00029580532158732866,6.333333333333333,0.006057042718286034,5.666666666666667,0.00626019064574895,2.3333333333333335,0.010400109422452926,0.0007423581420417319,-0.017342503797452107,-0.013103322864797675,3,7
2000,mlp,Naive T,Atypical Memory B,-0.00012842558502944917,-0.0008003596552881359,2.6563055905808892e-05,40,1.3333333333333333,1.2078699011255007e-05,0.6666666666666666,0.00014050428404070413,1.0,9.661838995787103e-06,0.0,0.0,0.3333333333333333,2.416860015467904e-06,0.6666666666666666,0.00014050428404070413,-4.426206501938184e-06,-0.00038810112863281297,7.250580046403712e-06,2,0
2000,mlp,Naive T,CD14 Monocyte-1,-0.0008633471523895055,-0.0022555857332543718,0.00045536728987411135,40,11.666666666666666,0.001443783614584366,9.333333333333334,0.0023071307669738713,3.0,3.3687401520884864e-05,0.6666666666666666,0.00023389834149694936,5.0,0.0004949254218397953,5.0,0.0011580616342532362,-0.0016617704501527876,-0.0005510120118939528,-0.0003772589951217763,5,2
2000,mlp,Naive T,CD14 Monocyte-2,-0.001033778883569021,-0.0037152314159149195,0.0015591638922689596,40,8.0,0.002602392604935433,10.666666666666666,0.003636171488504454,1.0,0.00019837465441107448,0.6666666666666666,0.00036183724708314875,6.0,0.002068230104490611,9.0,0.002938546395387558,-0.0011687539626282282,-0.0018148824014566193,-0.00011770028662221564,3,2
2000,mlp,Naive T,CD14 Monocyte-3,4.078102562983331e-05,-0.00010565934258562,0.00017056950672057967,40,23.666666666666668,0.0002438052552629324,17.333333333333332,0.00020302422963309908,5.333333333333333,5.60426713065803e-05,4.0,5.780924631928513e-05,10.0,9.794029084288774e-05,5.0,5.539269020034961e-05,5.4523664657123305e-05,8.317819935270398e-05,-1.5358787120327353e-05,5,4
2000,mlp,Naive T,CD16 Monocyte-1,-5.6689342403628114e-05,-0.0003353023343908329,7.250580046403713e-06,40,0.6666666666666666,4.833720030935808e-06,1.0,6.152306243456392e-05,0.0,0.0,0.0,0.0,0.3333333333333333,2.416860015467904e-06,0.6666666666666666,5.910620241909602e-05,-0.00017006802721088434,7.250580046403712e-06,-7.250580046403712e-06,0,0
2000,mlp,Naive T,CD16 Monocyte-2,0.00029836344230101743,-0.0007754433222562033,0.0014440983479438747,40,6.0,0.0006167933340677872,2.3333333333333335,0.0003184298917667697,1.0,1.1386794752353659e-05,0.0,0.0,4.333333333333333,0.0006005728192844977,1.6666666666666667,0.0003135961717358339,-0.00020265029309979136,0.0004974281537750034,0.0006003124662278404,3,0
2000,mlp,Naive T,CD16 NK,-0.0144410461331797,-0.046437826266351165,0.0012411233097236382,40,130.0,0.027651124082503795,118.33333333333333,0.04209217021568349,16.333333333333332,0.0007421047166896031,10.333333333333334,0.002328875611307495,65.33333333333333,0.013235133095566195,59.666666666666664,0.026089408334128,-0.006133282572120946,-0.024401419897810785,-0.012788435929607374,10,11
2000,mlp,Naive T,CD4 + Tcm-1,0.026059592491808375,-0.01898741713658731,0.09217828600482594,40,2239.3333333333335,0.4776501193504579,1913.3333333333333,0.4515905268586497,425.3333333333333,0.03161187911194863,224.33333333333334,0.031373661507131605,511.3333333333333,0.0996787086740773,386.3333333333333,0.07385733378708598,0.014802937564512925,0.025945994908331226,0.03742984500258095,37,39
2000,mlp,Naive T,CD4 + Tcm-2,-0.0009534754500009677,-0.01361801574772483,0.012188608396591994,40,2536.3333333333335,0.07718434617949824,3004.6666666666665,0.07813782162949921,571.6666666666666,0.010943407906840142,899.6666666666666,0.012830615311336885,241.33333333333334,0.02230558287435377,381.6666666666667,0.021371850919857993,-0.0017838356522052908,0.00020958845681860253,-0.0012861791546162136,17,23
2000,mlp,Naive T,CD4 Monocyte-4,1.436448906514569e-06,-1.3566680233346898e-05,1.9312475859405175e-05,40,0.6666666666666666,8.720381147631925e-06,0.6666666666666666,7.2839322411173575e-06,0.0,0.0,0.0,0.0,0.6666666666666666,8.720381147631925e-06,0.6666666666666666,7.2839322411173575e-06,0.0,0.0,4.309346719543707e-06,0,0
2000,mlp,Naive T,CD56 NK,-0.0015606425495109256,-0.007887503600091411,0.004159230223376175,40,405.3333333333333,0.017454646903802967,453.3333333333333,0.019015289453313895,92.0,0.0019678149572386013,100.33333333333333,0.0015855465750816862,124.33333333333333,0.009203378439941729,164.0,0.011146289371609571,0.0026775332489778593,-0.0011592588098722656,-0.006200202087638369,15,12
2000,mlp,Naive T,CD8 + CTL-1,0.0016738389679470753,-0.0013499102399445902,0.004639084792678222,40,124.33333333333333,0.00607576173417123,142.33333333333334,0.004401922766224155,21.0,0.0004760961755324843,28.333333333333332,0.00034075456995500596,51.666666666666664,0.004153756137608633,62.333333333333336,0.0026152587752390354,0.0034546614458901477,0.0003333387996638535,0.0012335166582872242,9,7
2000,mlp,Naive T,CD8 + CTL-2,0.0006658350781009031,-0.0014126397565855677,0.0028600705325340795,40,221.33333333333334,0.004149648519030676,211.66666666666666,0.0034838134409297724,95.33333333333333,0.001289303540787696,87.0,0.0012612493112638408,69.0,0.001989210324323506,67.66666666666667,0.0013514294757464575,0.001241293602164716,-0.0007459429488947637,0.0015021545810327574,8,9
2000,mlp,Naive T,CD8 + CTL-3,0.0019463498570537784,-0.000684358347849204,0.0053961961227834004,40,284.6666666666667,0.005608368161424278,253.66666666666666,0.0036620183043705,107.66666666666667,0.0012796267902985168,54.666666666666664,0.0006385699637771751,88.66666666666667,0.0032288449436763083,110.66666666666667,0.0019235519131438714,0.002724785354901606,0.0020841006012869124,0.0010301636149728172,7,7
2000,mlp,Naive T,CD8 Tem-1,-0.014625442711770867,-0.06783265111884736,0.013830137997065612,40,499.6666666666667,0.14740167098929433,479.0,0.16202711370106518,35.333333333333336,0.009027723565453435,28.666666666666668,0.008758143472997639,165.66666666666666,0.04691648456227243,151.66666666666666,0.0618115073664991,-0.019532364300788876,-0.000322662754362954,-0.024021301080160755,24,27
2000,mlp,Naive T,CD8 Tem-2,0.0004105410130449797,-0.00220133395722508,0.0030145731206267625,40,288.3333333333333,0.007865364938752565,209.66666666666666,0.007454823925707585,59.0,0.0006743256951297461,20.0,0.0006927310579716923,68.66666666666667,0.004311321496277168,29.0,0.0038823751203902416,3.6537706183231276e-05,0.0007741893585996847,0.0004208959743520227,7,10
2000,mlp,Naive T,Cycling T,0.0002729453189478665,-0.0031037667120660246,0.003589834260834182,40,42.0,0.008960965936303933,31.333333333333332,0.008688020617356065,6.666666666666667,0.0005230651960186506,4.666666666666667,0.0010012206366027787,23.0,0.004281993588635101,14.333333333333334,0.003530892829103105,0.0002755940607391626,0.0009300527524247322,-0.0003868108563202943,9,8
2000,mlp,Naive T,Erythrocyte,0.0,0.0,0.0,40,0.0,0.0,0.0,0.0,0.0,0.0,0.0,0.0,0.0,0.0,0.0,0.0,0.0,0.0,0.0,0,0
2000,mlp,Naive T,GCB,0.00033586412810429557,3.2276613057277086e-06,0.0007793254706979239,40,22.666666666666668,0.000516728874286935,12.333333333333334,0.00018086474618263953,7.333333333333333,8.298335896097923e-05,4.333333333333333,4.5342179747043476e-05,11.333333333333334,0.0003677405109341184,4.0,6.951756204375856e-05,0.00031439402567327786,0.00037172959450876053,0.0003214687641308483,6,5
2000,mlp,Naive T,Memory B-1,-0.0002892406279135415,-0.0021223769866367923,0.0014677445079730605,40,13.333333333333334,0.0023995202354071712,12.333333333333334,0.002688760863320712,3.3333333333333335,0.000243351951925838,1.6666666666666667,0.0003844864878510045,8.0,0.0018009150710852635,8.666666666666666,0.0019490211630736384,0.0005198246865266081,-0.001136760204129421,-0.00025078636613781117,7,4
2000,mlp,Naive T,Memory B-2,3.3289012877133055e-05,0.0,9.706066972176631e-05,40,3.0,3.811713184198435e-05,0.3333333333333333,4.828118964851294e-06,1.3333333333333333,1.7323652749181933e-05,0.0,0.0,1.6666666666666667,2.079347909280242e-05,0.3333333333333333,4.828118964851294e-06,2.8968713789107764e-05,1.4484356894553882e-05,5.641396794773752e-05,2,0
2000,mlp,Naive T,Naive T,0.0035377269627553383,-0.0118516355907289,0.019863812062616046,40,11006.333333333334,0.20856897315721246,10996.0,0.20503124619445712,0.0,0.0,0.0,0.0,0.0,0.0,0.0,0.0,0.006652076837582749,0.00012465229246715198,0.003836451758216115,0,0
2000,mlp,Naive T,Plasma,4.828118964851294e-06,0.0,2.8968713789107764e-05,40,0.3333333333333333,4.828118964851294e-06,0.0,0.0,0.3333333333333333,4.828118964851294e-06,0.0,0.0,0.0,0.0,0.0,0.0,1.4484356894553882e-05,0.0,0.0,1,0
2000,mlp,Naive T,Tcm,-0.0013766449952750854,-0.008723013903053774,0.003093251918658954,40,75.0,0.0033954225941526792,70.66666666666667,0.004772067589427764,20.666666666666668,0.000290575992066723,17.333333333333332,0.0011239943641697305,38.666666666666664,0.0018852208899177566,37.666666666666664,0.0024284475130898343,-0.0021931246520463924,-0.0009080980966143994,-0.0010287122371644647,7,3
2000,mlp,Naive T,cDC2,-2.69534578275472e-06,-8.369410823880551e-05,4.614997148450651e-05,40,2.3333333333333335,2.3318735956033894e-05,0.6666666666666666,2.6014081738788615e-05,0.6666666666666666,6.558675787502363e-06,0.6666666666666666,2.6014081738788615e-05,1.6666666666666667,1.6760060168531533e-05,0.0,0.0,-3.3515323221652e-05,6.501919278642229e-06,1.892736659474561e-05,2,2
2000,mlp,Naive T,pDC,5.4865029348339044e-05,-8.793976517985011e-06,0.00014523302311029835,40,13.333333333333334,0.00011477448571473629,7.666666666666667,5.9909456366397226e-05,5.666666666666667,4.687736592561895e-05,4.0,2.9977130228483668e-05,6.333333333333333,5.628005964150806e-05,2.3333333333333335,1.8315265990304296e-05,8.617617148373044e-05,4.5648280219737585e-05,3.2770636341549095e-05,3,2
2000,mlp,Naive T,platelet,-4.828118964851294e-06,-2.8968713789107764e-05,0.0,40,0.3333333333333333,3.892262182780632e-06,0.6666666666666666,8.720381147631925e-06,0.0,0.0,0.0,0.0,0.0,0.0,0.3333333333333333,4.828118964851294e-06,0.0,0.0,-1.4484356894553882e-05,0,0
2000,mlp,Plasma,Atypical Memory B,-0.000961895479439339,-0.002777777777777777,0.0,40,0.0,0.0,1.3333333333333333,0.000961895479439339,0.0,0.0,0.3333333333333333,0.0001461988304093567,0.0,0.0,1.0,0.0008156966490299823,-0.0005952380952380952,-0.001364522417153996,-0.0009259259259259259,0,1
2000,mlp,Plasma,CD14 Monocyte-1,0.0008216666932724593,-0.0004629629629629629,0.0022253798309467923,40,2.3333333333333335,0.0010531481747539408,0.3333333333333333,0.00023148148148148146,2.0,0.0008547354763412422,0.3333333333333333,0.00023148148148148146,0.3333333333333333,0.00019841269841269839,0.0,0.0,0.0008359273981131171,0.0012896825396825397,0.00033939014202172095,5,1
2000,mlp,Plasma,CD14 Monocyte-2,5.075521731071281e-05,-0.001022593615211549,0.0013038474055022107,40,3.0,0.0010575717697212488,2.6666666666666665,0.001006816552410536,0.3333333333333333,0.00022522522522522523,0.6666666666666666,0.00034722222222222224,1.3333333333333333,0.00028944400212314224,0.6666666666666666,0.0001166917878154325,0.00028247398526547163,2.902733545647562e-05,-0.00015923566878980894,1,1
2000,mlp,Plasma,CD14 Monocyte-3,0.00019841269841269839,0.0,0.0011904761904761904,40,0.3333333333333333,0.00019841269841269839,0.0,0.0,0.0,0.0,0.0,0.0,0.3333333333333333,0.00019841269841269839,0.0,0.0,0.0005952380952380952,0.0,0.0,0,0
2000,mlp,Plasma,CD16 Monocyte-1,-0.00019841269841269839,-0.0011904761904761904,0.0,40,0.0,0.0,0.3333333333333333,0.00019841269841269839,0.0,0.0,0.0,0.0,0.0,0.0,0.3333333333333333,0.00019841269841269839,0.0,-0.0005952380952380952,0.0,0,0
2000,mlp,Plasma,CD16 Monocyte-2,-0.000842661598475552,-0.002820677820677821,0.0,40,0.0,0.0,1.3333333333333333,0.000842661598475552,0.0,0.0,1.0,0.0006442489000628536,0.0,0.0,0.3333333333333333,0.00019841269841269839,0.0,-0.0006756756756756757,-0.0018523091197509803,0,2
2000,mlp,Plasma,CD16 NK,0.0007297225643130815,-0.0006839679118773946,0.0026481039614121506,40,3.3333333333333335,0.006519311029009305,2.3333333333333335,0.005789588464696223,1.3333333333333333,0.0008351293103448275,0.3333333333333333,0.00013020833333333333,0.3333333333333333,0.00019841269841269839,0.3333333333333333,0.00017361111111111112,0.0012526939655172413,0.0014573070607553367,-0.0005208333333333333,2,1
2000,mlp,Plasma,CD4 + Tcm-1,0.0009080610089983442,-0.005289867494129165,0.009752700687591287,40,9.666666666666666,0.005792381957538337,9.666666666666666,0.0048843209485399915,4.0,0.0017642425441932064,5.333333333333333,0.0029088571059615303,2.6666666666666665,0.00259641091606134,1.3333333333333333,0.0005437353452946717,-0.004013910379025938,0.006094008122807945,0.000644085283213025,6,8
2000,mlp,Plasma,CD4 + Tcm-2,-0.00029413935222551043,-0.0023990564647272906,0.0019304389967498298,40,7.333333333333333,0.0024216945088187513,6.333333333333333,0.0027158338610442615,1.6666666666666667,0.0005429025423728814,1.0,0.0006944444444444446,2.3333333333333335,0.0007452488801618892,2.0,0.0008878463303158366,-0.0018144063180827886,0.0008244796859421734,0.00010750857546408394,3,2
2000,mlp,Plasma,CD4 Monocyte-4,0.0,0.0,0.0,40,0.0,0.0,0.0,0.0,0.0,0.0,0.0,0.0,0.0,0.0,0.0,0.0,0.0,0.0,0.0,0,0
2000,mlp,Plasma,CD56 NK,0.00033276905394926336,-0.0011122881355932204,0.002125537450149549,40,2.0,0.0009242238562091504,1.3333333333333333,0.0005914548022598869,1.3333333333333333,0.0005412581699346404,0.3333333333333333,7.062146892655367e-05,0.6666666666666666,0.0003829656862745098,1.0,0.0005208333333333333,2.5963775340644925e-06,0.0011488970588235295,-0.0001531862745098039,2,1
2000,mlp,Plasma,CD8 + CTL-1,0.0007575757575757576,0.0,0.004545454545454545,40,0.3333333333333333,0.0007575757575757576,0.0,0.0,0.3333333333333333,0.0007575757575757576,0.0,0.0,0.0,0.0,0.0,0.0,0.0,0.0022727272727272726,0.0,1,0
2000,mlp,Plasma,CD8 + CTL-2,3.8580246913580246e-05,-0.0012345679012345679,0.0010416666666666667,40,0.6666666666666666,0.00034722222222222224,0.3333333333333333,0.00030864197530864197,0.0,0.0,0.0,0.0,0.6666666666666666,0.00034722222222222224,0.3333333333333333,0.00030864197530864197,-0.0004050925925925926,0.0005208333333333333,0.0,0,0
2000,mlp,Plasma,CD8 + CTL-3,0.00039682539682539677,0.0,0.0015972222222221679,40,1.6666666666666667,0.001984126984126984,1.3333333333333333,0.001587301587301587,0.0,0.0,0.0,0.0,0.6666666666666666,0.0007936507936507935,0.3333333333333333,0.00039682539682539677,0.0,0.0011904761904761904,0.0,0,0
2000,mlp,Plasma,CD8 Tem-1,-0.00272814418514609,-0.01000428773204197,0.00015923566878980894,40,7.0,0.006482577673530201,10.0,0.00921072185867629,1.0,0.00035310734463276836,1.6666666666666667,0.0008385637809865128,0.3333333333333333,5.307855626326965e-05,2.6666666666666665,0.0022957663050556147,-0.0007262008517398399,-0.006512745822851435,-0.0009454858808469949,2,4
2000,mlp,Plasma,CD8 Tem-2,0.00012505885122410544,-0.0011622013300376646,0.0010416666666666667,40,1.6666666666666667,0.0007326977401129944,1.0,0.0006076388888888889,0.6666666666666666,0.000211864406779661,0.0,0.0,0.3333333333333333,0.00017361111111111112,0.3333333333333333,0.00026041666666666666,0.0005208333333333333,-0.000569385593220339,0.000423728813559322,2,0
2000,mlp,Plasma,Cycling T,-0.00023737950986222616,-0.0032882771164021163,0.0026525080061264262,40,2.6666666666666665,0.0016645100175894853,4.0,0.0019018895274517114,0.3333333333333333,0.00039682539682539677,2.0,0.0008946215733542897,1.0,0.0006396801109018622,0.6666666666666666,0.00037926344423519563,0.0006902020676691729,0.0014953115191462649,-0.0028976521164021164,1,5
2000,mlp,Plasma,Erythrocyte,0.0,0.0,0.0,40,0.0,0.0,0.0,0.0,0.0,0.0,0.0,0.0,0.0,0.0,0.0,0.0,0.0,0.0,0.0,0,0
2000,mlp,Plasma,GCB,0.001178191457062761,-0.0029878513600859447,0.006136265909872718,40,10.666666666666666,0.007626442053597672,9.0,0.00644825059653491,2.6666666666666665,0.001760213983422232,1.0,0.0006048021060275962,4.0,0.0030305799220272903,4.0,0.0030078003423591655,0.003930094421313595,-0.0016773449145740167,0.0012818248644487038,5,3
2000,mlp,Plasma,Memory B-1,-0.0015601382055314076,-0.010573802856514627,0.006757510445141217,40,61.0,0.04735175149108448,64.0,0.04891188969661588,18.333333333333332,0.007274530330009941,18.0,0.006516486825817993,5.333333333333333,0.0030191087378032117,8.666666666666666,0.0053372904475265685,-0.004529452274570442,-0.0038713858269338827,0.0037204234849101,18,18
2000,mlp,Plasma,Memory B-2,0.003555550427013537,-0.0012320077417992438,0.008522406785572553,40,18.0,0.012769050936288183,13.666666666666666,0.009213500509274644,4.666666666666667,0.002726968802370866,3.6666666666666665,0.001930332514361677,5.333333333333333,0.004065820003201878,2.0,0.001306905864197531,0.0030851485608413753,0.0036820383125595207,0.0038994644076397176,7,5
2000,mlp,Plasma,Naive T,-0.0005788271482298742,-0.002408642146667984,0.0006419871235466248,40,1.0,0.00051937441643324,1.6666666666666667,0.0010982015646631143,0.0,0.0,0.6666666666666666,0.0003617205315719116,0.6666666666666666,0.00032096171802054155,0.6666666666666666,0.0005380683346785041,0.0,-0.0011904761904761904,-0.0005460052542134322,0,2
2000,mlp,Plasma,Plasma,-0.0029198777280555785,-0.011678519088279864,0.0064006977437029875,40,2034.0,0.8952518521369593,2037.3333333333333,0.898171729865015,0.0,0.0,0.0,0.0,0.0,0.0,0.0,0.0,-0.0038775708995558295,-0.0031803668367634346,-0.0017016954478474705,0,0
2000,mlp,Plasma,Tcm,0.0009672619047619048,-0.000211864406779661,0.003563861985472155,40,1.3333333333333333,0.0010378833736884583,0.3333333333333333,7.062146892655367e-05,1.0,0.0008642722625773471,0.3333333333333333,7.062146892655367e-05,0.3333333333333333,0.00017361111111111112,0.0,0.0,0.0019231739305891847,0.0,0.0009786117836965294,2,1
2000,mlp,Plasma,cDC2,0.0,0.0,0.0,40,0.6666666666666666,0.00039682539682539677,0.6666666666666666,0.00039682539682539677,0.0,0.0,0.0,0.0,0.0,0.0,0.0,0.0,0.0,0.0,0.0,0,0
2000,mlp,Plasma,pDC,0.0002610446277446729,-0.002900326797385621,0.003827519379844961,40,4.333333333333333,0.0051113658055021265,4.0,0.004850321177757455,0.6666666666666666,0.00032400678294573646,0.3333333333333333,0.00012254901960784314,1.3333333333333333,0.0013516865079365077,1.3333333333333333,0.001292099643529728,0.0028434892753908814,-0.0003676470588235294,-0.0016927083333333332,2,1
2000,mlp,Plasma,platelet,0.0,0.0,0.0,40,0.0,0.0,0.0,0.0,0.0,0.0,0.0,0.0,0.0,0.0,0.0,0.0,0.0,0.0,0.0,0,0
2000,mlp,Tcm,Atypical Memory B,0.0,0.0,0.0,36,0.0,0.0,0.0,0.0,0.0,0.0,0.0,0.0,0.0,0.0,0.0,0.0,0.0,0.0,0.0,0,0
2000,mlp,Tcm,CD14 Monocyte-1,0.0018665413165677577,0.0,0.010810810810810811,36,1.3333333333333333,0.0018665413165677577,0.0,0.0,0.0,0.0,0.0,0.0,1.3333333333333333,0.0018665413165677577,0.0,0.0,1.4689464715905752e-05,0.005570245020271462,1.4689464715905752e-05,0,0
2000,mlp,Tcm,CD14 Monocyte-2,0.0,0.0,0.0,36,0.0,0.0,0.0,0.0,0.0,0.0,0.0,0.0,0.0,0.0,0.0,0.0,0.0,0.0,0.0,0,0
2000,mlp,Tcm,CD14 Monocyte-3,0.0,0.0,0.0,36,0.0,0.0,0.0,0.0,0.0,0.0,0.0,0.0,0.0,0.0,0.0,0.0,0.0,0.0,0.0,0,0
2000,mlp,Tcm,CD16 Monocyte-1,0.0,0.0,0.0,36,0.0,0.0,0.0,0.0,0.0,0.0,0.0,0.0,0.0,0.0,0.0,0.0,0.0,0.0,0.0,0,0
2000,mlp,Tcm,CD16 Monocyte-2,-0.00013041210224308815,-0.0006279342723004693,0.0,36,0.0,0.0,0.3333333333333333,0.00013041210224308815,0.0,0.0,0.0,0.0,0.0,0.0,0.3333333333333333,0.00013041210224308815,-0.0003912363067292645,0.0,0.0,0,0
2000,mlp,Tcm,CD16 NK,0.007733105674982359,-0.0415797496278717,0.05339275781409571,36,615.3333333333334,0.3325448539012046,619.6666666666666,0.3248117482262222,2.3333333333333335,0.0002853066456793526,3.0,0.0036510256510697194,163.0,0.05366444578358417,166.66666666666666,0.042565621103211444,0.03405521880130106,-0.015672999090310644,0.004817097313956665,2,4
2000,mlp,Tcm,CD4 + Tcm-1,-0.0030930087333804306,-0.06388923337970785,0.06672546822691049,36,566.0,0.33575145078755586,499.0,0.33884445952093634,11.0,0.002420865163955116,7.0,0.020849169909613125,188.0,0.05489023619768028,125.0,0.039554940185402704,0.008677856452619783,-0.04562514978143554,0.027668267128674467,2,6
2000,mlp,Tcm,CD4 + Tcm-2,-0.018141123514793498,-0.05683141397657564,0.01859464073448291,36,214.33333333333334,0.10308793308448211,143.33333333333334,0.12122905659927559,6.0,0.0010922617003310577,8.666666666666666,0.007249575324692695,102.0,0.023987533021057276,28.333333333333332,0.03597134291148913,-0.02894864230513637,0.006597017958734439,-0.03207174619797856,2,3
2000,mlp,Tcm,CD4 Monocyte-4,0.0,0.0,0.0,36,0.0,0.0,0.0,0.0,0.0,0.0,0.0,0.0,0.0,0.0,0.0,0.0,0.0,0.0,0.0,0,0
2000,mlp,Tcm,CD56 NK,-0.0022252885956687593,-0.027028445712533985,0.016936366683588056,36,319.0,0.049978190689488715,250.33333333333334,0.05220347928515747,5.666666666666667,0.0008363339840835168,3.3333333333333335,0.00350213850100886,139.66666666666666,0.0202897323206884,73.33333333333333,0.019849216399431813,0.002551077268791273,-0.012880858280366204,0.003653915224568654,2,3
2000,mlp,Tcm,CD8 + CTL-1,0.0031439982726872936,-0.0033334986050241725,0.011018216176449675,36,131.0,0.007377694706883129,110.33333333333333,0.004233696434195835,1.0,0.00014020507872035867,1.0,0.0002657206927248116,57.666666666666664,0.006049436066374467,37.0,0.0027799221796827207,0.0024651225476949256,0.004067498986909687,0.002899373283457269,2,2
2000,mlp,Tcm,CD8 + CTL-2,0.0016803115472249972,-0.006851823579597208,0.010768025753733104,36,11.666666666666666,0.0049792003846203005,1.6666666666666667,0.0032988888373953035,0.0,0.0,0.0,0.0,11.666666666666666,0.0049792003846203005,1.6666666666666667,0.0032988888373953035,0.0034501064170110534,0.003609861242258836,-0.002019033017594898,0,0
2000,mlp,Tcm,CD8 + CTL-3,0.011156108582514363,-0.017258831083993616,0.048148405927706764,36,126.66666666666667,0.030176344512894835,386.6666666666667,0.019020235930380474,1.3333333333333333,1.9585952954541002e-05,3.3333333333333335,4.896488238635251e-05,37.0,0.022384383868607385,295.0,0.011198896356661207,0.008267645060347335,0.021655303047423614,0.0035453776397721404,1,1
2000,mlp,Tcm,CD8 Tem-1,-0.02964921558258417,-0.07810441913412641,-2.7814828532911534e-05,36,3.6666666666666665,0.025328227928263187,7.666666666666667,0.054977443510847344,0.0,0.0,0.3333333333333333,0.0030864197530864196,2.0,0.006795019945028759,5.666666666666667,0.033357815774526504,-0.04816283761286406,-0.0034869116869381284,-0.03729789744795033,0,1
2000,mlp,Tcm,CD8 Tem-2,-0.0038942879995527042,-0.026118426118426116,0.01197350630226041,36,19.333333333333332,0.016305337222400507,8.0,0.020199625221953208,0.6666666666666666,9.792976477270501e-06,0.0,0.0,14.0,0.009049829761240536,3.3333333333333335,0.012953910737270513,-0.008518822351891272,0.006097304897542866,-0.009261346544309703,1,0
2000,mlp,Tcm,Cycling T,-0.0010424577483639072,-0.017122138180783127,0.014478264847413002,36,22.0,0.015653587847734574,5.333333333333333,0.01669604559609848,1.0,0.0002657206927248116,0.3333333333333333,0.0030864197530864196,18.333333333333332,0.008269515769956453,2.3333333333333335,0.0064912744579587525,0.0043446609106033655,-0.003005709305286249,-0.004466324850408836,2,1
2000,mlp,Tcm,Erythrocyte,0.0,0.0,0.0,36,0.0,0.0,0.0,0.0,0.0,0.0,0.0,0.0,0.0,0.0,0.0,0.0,0.0,0.0,0.0,0,0
2000,mlp,Tcm,GCB,4.8964882386352505e-06,0.0,2.711901178321062e-05,36,0.3333333333333333,4.8964882386352505e-06,0.0,0.0,0.0,0.0,0.0,0.0,0.3333333333333333,4.8964882386352505e-06,0.0,0.0,0.0,0.0,1.4689464715905752e-05,0,0
2000,mlp,Tcm,Memory B-1,-0.000462962962962963,-0.002631578947368422,0.0,36,0.3333333333333333,0.0015432098765432098,0.6666666666666666,0.002006172839506173,0.0,0.0,0.0,0.0,0.0,0.0,0.3333333333333333,0.000462962962962963,0.0,0.0,-0.001388888888888889,0,0
2000,mlp,Tcm,Memory B-2,0.0,0.0,0.0,36,0.0,0.0,0.0,0.0,0.0,0.0,0.0,0.0,0.0,0.0,0.0,0.0,0.0,0.0,0.0,0,0
2000,mlp,Tcm,Naive T,-0.0043278176276589815,-0.03826841011051537,0.02480278813369765,36,40.0,0.025463494874722506,36.333333333333336,0.029791312502381484,0.6666666666666666,9.792976477270501e-06,1.0,0.0007220436887279829,25.0,0.018380634453029513,21.0,0.021996201368437784,-0.002394062593692418,0.012454142504380475,-0.023043532793665,1,2
2000,mlp,Tcm,Plasma,0.0,0.0,0.0,36,0.0,0.0,0.0,0.0,0.0,0.0,0.0,0.0,0.0,0.0,0.0,0.0,0.0,0.0,0.0,0,0
2000,mlp,Tcm,Tcm,0.03738161298499309,0.007542974781175002,0.08778536627656765,36,49.0,0.04992434691368423,50.666666666666664,0.012542733928691131,0.0,0.0,0.0,0.0,0.0,0.0,0.0,0.0,0.024589224247228682,0.020620254486815388,0.06693536022093521,0,0
2000,mlp,Tcm,cDC2,0.0,0.0,0.0,36,1.0,1.4689464715905752e-05,1.0,1.4689464715905752e-05,0.0,0.0,0.0,0.0,0.0,0.0,0.0,0.0,0.0,0.0,0.0,0,0
2000,mlp,Tcm,pDC,0.0,0.0,0.0,36,0.0,0.0,0.0,0.0,0.0,0.0,0.0,0.0,0.0,0.0,0.0,0.0,0.0,0.0,0.0,0,0
2000,mlp,Tcm,platelet,0.0,0.0,0.0,36,0.0,0.0,0.0,0.0,0.0,0.0,0.0,0.0,0.0,0.0,0.0,0.0,0.0,0.0,0.0,0,0
2000,mlp,cDC2,Atypical Memory B,-0.00018444856424121043,-0.0007948781174827404,0.0003568380837832896,40,6.666666666666667,0.0005759843187273496,6.333333333333333,0.00076043288296856,1.6666666666666667,0.00012338301372812844,1.6666666666666667,0.00029480281055014847,1.6666666666666667,0.00014625742851609284,1.3333333333333333,0.00015928619593528318,-0.00044142337236967457,-0.0001229587906102822,1.1036470256325405e-05,3,5
2000,mlp,cDC2,CD14 Monocyte-1,0.0016814265714927713,-0.010427539068990126,0.011424515330283061,40,604.3333333333334,0.09448770085139822,604.3333333333334,0.09280627427990545,151.66666666666666,0.023373198467489517,162.0,0.02327110982226448,33.0,0.004667078546291539,22.666666666666668,0.003087740620023797,0.00846135549794728,-0.0061122414552061185,0.002695165671737157,38,38
2000,mlp,cDC2,CD14 Monocyte-2,-0.000512434377625137,-0.0031782446161948766,0.0018688911860550565,40,40.333333333333336,0.005570047496532248,46.333333333333336,0.006082481874157386,8.666666666666666,0.001297307070998905,12.666666666666666,0.0017240212206180716,13.333333333333334,0.0016280653463995598,15.333333333333334,0.00171378557440553,0.0012079315118509967,-0.0004744774836659473,-0.0022707571610604597,12,13
2000,mlp,cDC2,CD14 Monocyte-3,-0.0001412036618852843,-0.0025274646160075333,0.002231647352477286,40,22.333333333333332,0.0024388801249422116,24.333333333333332,0.0025800837868274963,11.333333333333334,0.0012309363352529922,9.0,0.000960007512140962,5.333333333333333,0.0006362878297699695,9.666666666666666,0.001048420314767284,0.001240485698505628,-0.000859736622596196,-0.0008043600615652849,10,6
2000,mlp,cDC2,CD16 Monocyte-1,-0.0005769306370260442,-0.0025484710005881568,0.0010421688356355113,40,27.666666666666668,0.0056545384083449305,31.0,0.006231469045370974,5.333333333333333,0.000920495577308564,5.666666666666667,0.0008974514347060181,5.666666666666667,0.0009490505378124785,8.666666666666666,0.0015490253174410683,0.000386815713679045,-0.002053564271239377,-6.404335351780106e-05,11,11
2000,mlp,cDC2,CD16 Monocyte-2,-0.0014041304646652695,-0.004644218286255274,0.0008147597072694268,40,21.333333333333332,0.0033628235151639016,24.333333333333332,0.004766953979829171,4.333333333333333,0.0004585048442221601,8.333333333333334,0.0018769699780263284,4.0,0.0004834293209695275,3.0,0.00046909465183062857,-0.001549267794596226,-0.0019994446301053654,-0.000663678969294217,8,10
2000,mlp,cDC2,CD16 NK,-0.013990883407284155,-0.04606785460645963,-0.00025906206765042086,40,4.0,0.00782103984753088,11.333333333333334,0.021811923254815038,0.6666666666666666,4.247686486081451e-05,4.666666666666667,0.0012351710663551561,0.0,0.0,3.3333333333333335,0.012798189205789812,-0.021913964529086314,-0.007250306216188629,-0.012808379476577526,2,10
2000,mlp,cDC2,CD4 + Tcm-1,-0.002873419298661955,-0.010987758272633727,0.0007066782971816739,40,33.0,0.004731335379509889,40.333333333333336,0.007604754678171843,10.333333333333334,0.0015329043333467587,13.333333333333334,0.0018753366129592869,7.0,0.0009840257606611759,11.333333333333334,0.0035150127797106026,-0.0003796692043256626,-0.0014599804513065722,-0.006780608240353631,12,15
2000,mlp,cDC2,CD4 + Tcm-2,0.0006679198720938988,0.0,0.0014715134871401215,40,6.333333333333333,0.0009603010917167701,2.3333333333333335,0.00029238121962287124,2.6666666666666665,0.00048131022064510574,0.0,0.0,2.3333333333333335,0.0003376059984378029,1.0,0.0001509963469890096,0.0007161911266187047,0.0003574265127323344,0.000930141976930658,6,0
2000,mlp,cDC2,CD4 Monocyte-4,0.00020454511148494615,-0.00045891084406949906,0.0009053587129513452,40,11.0,0.0011985547528735995,10.0,0.0009940096413886533,2.6666666666666665,0.00027842022534605527,1.6666666666666667,0.00022333523292557156,2.6666666666666665,0.00041275064353456735,2.6666666666666665,0.0002632905244701049,0.0002339842398733338,0.0005013899600232492,-0.00012173886544174449,6,4
2000,mlp,cDC2,CD56 NK,0.0002469432324213698,-0.0004012106093500012,0.000915277529828226,40,8.0,0.0010223087056701141,6.0,0.0007753654732487444,2.0,0.000324527147962991,0.6666666666666666,5.9120240506169894e-05,2.6666666666666665,0.0002744967145809466,2.0,0.0002929603896163979,0.0002073627108821246,0.00035059847540142486,0.00018286851098056,4,2
2000,mlp,cDC2,CD8 + CTL-1,3.968253968253968e-05,-0.00033003300330033004,0.00033003300330033004,40,1.3333333333333333,0.00019206656690513773,1.0,0.00015238402722259805,0.6666666666666666,0.00011270148754005835,0.3333333333333333,3.0193236714975845e-05,0.3333333333333333,3.968253968253969e-05,0.3333333333333333,8.250825082508251e-05,9.057971014492754e-05,0.00015694504233032,-0.00012847713342762848,2,1
2000,mlp,cDC2,CD8 + CTL-2,1.3440860215053763e-05,0.0,8.064516129032258e-05,40,0.3333333333333333,1.3440860215053763e-05,0.0,0.0,0.0,0.0,0.0,0.0,0.3333333333333333,1.3440860215053763e-05,0.0,0.0,4.032258064516129e-05,0.0,0.0,0,0
2000,mlp,cDC2,CD8 + CTL-3,0.0014537369981839391,0.0003595134244927754,0.0029658466581983867,40,13.666666666666666,0.0018086380491326986,3.0,0.0003549010509487594,8.333333333333334,0.0010340283205111916,1.3333333333333333,0.00011617319265568368,4.0,0.0005729189073654682,0.3333333333333333,3.7037037037037037e-05,0.001786780919291637,0.0008114189860880874,0.001763011089172093,12,3
2000,mlp,cDC2,CD8 Tem-1,0.004313275879967938,-0.0009738770272178115,0.016935912581922632,40,15.666666666666666,0.008299635490461865,14.333333333333334,0.003986359610493929,2.3333333333333335,0.0004354091424774537,2.3333333333333335,0.0002441557688442116,7.666666666666667,0.005047259132962489,6.333333333333333,0.0009252366266277939,0.0055421521790633655,0.0003306534156412949,0.007067022045199152,6,5
2000,mlp,cDC2,CD8 Tem-2,5.254731365157649e-05,-0.000200937568381895,0.00036528045889199884,40,3.3333333333333335,0.00037127955978909027,3.3333333333333335,0.0003187322461375138,0.3333333333333333,3.6231884057971014e-05,0.6666666666666666,4.247686486081451e-05,1.0,0.00011791253496058988,0.6666666666666666,5.9120240506169894e-05,1.8442944592685605e-05,4.447093343113882e-05,9.472806293090507e-05,1,2
2000,mlp,cDC2,Cycling T,-0.0002804528917786773,-0.0008365486396186149,0.00011061946902654867,40,0.6666666666666666,9.242871189773845e-05,2.3333333333333335,0.0003728816036764158,0.3333333333333333,3.687315634218289e-05,1.0,0.00015565781944232228,0.3333333333333333,5.5555555555555565e-05,1.3333333333333333,0.0002172237842340935,-0.0005456984967294246,-0.00023961298096648946,-5.6047197640118004e-05,1,3
2000,mlp,cDC2,Erythrocyte,0.0,0.0,0.0,40,0.0,0.0,0.0,0.0,0.0,0.0,0.0,0.0,0.0,0.0,0.0,0.0,0.0,0.0,0.0,0,0
2000,mlp,cDC2,GCB,-4.521463815291411e-05,-0.00032409520175655595,0.00022222222222222226,40,1.3333333333333333,0.00014814814814814815,2.0,0.00019336278630106225,0.6666666666666666,7.407407407407407e-05,0.0,0.0,0.0,0.0,1.3333333333333333,0.0001192887122269882,2.085840352988367e-05,-0.00017736072151850968,2.085840352988367e-05,1,0
2000,mlp,cDC2,Memory B-1,0.00033552182692092553,-0.000585576380456324,0.0014758137545222102,40,11.0,0.0011845453423795502,8.333333333333334,0.0008490235154586245,3.6666666666666665,0.00047700202422552217,2.0,0.00017491916281311116,3.6666666666666665,0.0003467742210080058,2.6666666666666665,0.0003133352554994911,-0.00019983845359714618,0.001383572159813921,-0.00017716822545399817,9,4
2000,mlp,cDC2,Memory B-2,7.753360940019256e-05,-8.917530229393833e-05,0.00032514866996163737,40,1.3333333333333333,0.00012001047426100706,0.6666666666666666,4.247686486081451e-05,0.6666666666666666,5.393743257820928e-05,0.3333333333333333,1.3440860215053763e-05,0.6666666666666666,6.607304168279779e-05,0.3333333333333333,2.9036004645760743e-05,0.00015169467933326373,0.00016801416280459616,-8.710801393728223e-05,1,1
2000,mlp,cDC2,Naive T,0.0005991641776224174,-0.0002842811947308194,0.0014827259601632693,40,14.0,0.0018200361567958293,10.666666666666666,0.001220871979173412,5.0,0.0007107666353350739,4.666666666666667,0.0005457263335129232,5.0,0.0006422275862623221,2.0,0.00020810371046205565,0.0009284319817764102,0.00035849825080577346,0.0005105623002850685,10,8
2000,mlp,cDC2,Plasma,0.0,0.0,0.0,40,0.0,0.0,0.0,0.0,0.0,0.0,0.0,0.0,0.0,0.0,0.0,0.0,0.0,0.0,0.0,0,0
2000,mlp,cDC2,Tcm,0.006029252700409819,-0.0008360179871807779,0.01889498205046985,40,2.0,0.0064168495996346255,1.3333333333333333,0.0003875968992248062,0.6666666666666666,6.995037482842361e-05,0.6666666666666666,0.0001937984496124031,1.3333333333333333,0.006346899224806202,0.6666666666666666,0.0001937984496124031,0.005959302325581396,0.006358225108225109,0.005770230667422953,2,1
2000,mlp,cDC2,cDC2,0.0013508233940002876,-0.011706359657101156,0.01493619339781912,40,6484.333333333333,0.8398349986186601,6471.333333333333,0.8384841752246599,0.0,0.0,0.0,0.0,0.0,0.0,0.0,0.0,-0.007952860419273075,0.011066277187149273,0.0009390534141246659,0,0
2000,mlp,cDC2,pDC,0.0029443520849876162,-0.002844422696401982,0.01570533893559767,40,41.666666666666664,0.011845371924663185,50.666666666666664,0.008901019839675568,19.333333333333332,0.0028171688608359907,23.333333333333332,0.003338563268244735,5.0,0.004679031207884276,10.0,0.0012132847154879148,0.0059029220327243915,-0.0010475538634618093,0.003977688085700268,23,23
2000,mlp,cDC2,platelet,-1.0482312146484051e-06,-0.00018050541516245492,0.00011684371291881696,40,0.3333333333333333,2.9036004645760743e-05,0.3333333333333333,3.0084235860409147e-05,0.0,0.0,0.0,0.0,0.3333333333333333,2.9036004645760743e-05,0.3333333333333333,3.0084235860409147e-05,8.710801393728223e-05,-9.025270758122745e-05,0.0,0,0
2000,mlp,pDC,Atypical Memory B,6.619385342789595e-05,-0.0007695473251028806,0.0009730430785395262,40,1.0,0.00040273464258306426,1.0,0.00033654078915516827,0.0,0.0,0.3333333333333333,0.00010288065843621399,0.6666666666666666,0.0002801856229752211,0.3333333333333333,0.00011111111111111113,-0.0006419753086419754,0.0005319148936170213,0.00030864197530864197,0,1
2000,mlp,pDC,CD14 Monocyte-1,-0.0005507361787677065,-0.003816852490296786,0.0032491205696494893,40,12.333333333333334,0.00512100343067996,16.333333333333332,0.005671739609447667,3.6666666666666665,0.001272991505645805,6.333333333333333,0.002205170358210905,2.3333333333333335,0.0014901474715162902,3.6666666666666665,0.0011087047977188967,0.0007625310202935223,-0.002593604622642556,0.00017886506604591345,8,10
2000,mlp,pDC,CD14 Monocyte-2,-0.00043136568443080236,-0.003224986693136535,0.002358250309416343,40,3.3333333333333335,0.001582206328267273,6.0,0.0020135720126980756,1.0,0.0003079176431201875,2.0,0.0005040526849037488,1.6666666666666667,0.001041958041958042,3.3333333333333335,0.0012771886846052831,-0.002119852196197628,0.001969540475148108,-0.0011437853322428869,3,3
2000,mlp,pDC,CD14 Monocyte-3,-0.00028216533526991043,-0.0018518518518518517,0.0007352941176470588,40,0.6666666666666666,0.00024509803921568627,1.6666666666666667,0.0005272633744855966,0.3333333333333333,0.00012254901960784314,0.6666666666666666,0.00021862139917695473,0.3333333333333333,0.00012254901960784314,1.0,0.00030864197530864197,0.0003676470588235294,-0.0005582788671023964,-0.0006558641975308642,1,2
2000,mlp,pDC,CD16 Monocyte-1,-0.0002412452361463261,-0.0014614449312530607,0.0008352033995416325,40,2.6666666666666665,0.000731531484066981,3.0,0.0009727767202133072,1.0,0.0003330721003134796,1.3333333333333333,0.0005382291147633602,0.6666666666666666,0.00014285714285714284,0.6666666666666666,0.00017894536455358842,-0.0008327724506730592,0.0004626623376623376,-0.0003536255954282567,2,4
2000,mlp,pDC,CD16 Monocyte-2,0.0006004424402339539,-0.0005785017055309514,0.002047973752541648,40,5.666666666666667,0.0017432492786886467,3.6666666666666665,0.0011428068384546927,2.0,0.0006890401614434461,0.6666666666666666,0.00018130775529301673,1.6666666666666667,0.00046851772094558047,1.0,0.0003758076868620561,-0.00013691683569979715,0.0004940636192497557,0.001444180537151903,5,2
2000,mlp,pDC,CD16 NK,0.000668167684421879,-0.0050852958005594045,0.008009714029162729,40,10.0,0.00952012853273758,11.666666666666666,0.008851960848315701,2.6666666666666665,0.000938433941690393,2.6666666666666665,0.0005855179796542728,1.6666666666666667,0.002684633112944599,3.3333333333333335,0.0023693813905588407,-0.000688095648226594,0.0006154310483167395,0.002077167653175492,8,5
2000,mlp,pDC,CD4 + Tcm-1,0.0030947804622666105,-0.011780566101016104,0.018141206248234957,40,79.0,0.03527677887570243,68.66666666666667,0.032181998413435824,18.666666666666668,0.007201314370390083,9.333333333333334,0.004077069919402703,18.0,0.011011477958311887,17.0,0.011040941947032654,0.007876063462576927,0.009885873801792048,-0.008477595877569143,19,15
2000,mlp,pDC,CD4 + Tcm-2,-0.0015896188344305371,-0.006380304362628479,0.002105172293149164,40,13.0,0.005147871315963637,12.666666666666666,0.006737490150394174,3.0,0.001019737303305679,3.0,0.001328527735514987,5.0,0.0016687257756397974,4.666666666666667,0.0029495541778610268,-0.003616503641436565,0.0009563641706772307,-0.0021087170325322776,7,5
2000,mlp,pDC,CD4 Monocyte-4,-0.0007699479398223646,-0.003947368421052632,0.000734495000724531,40,0.6666666666666666,0.0002052842583200502,1.0,0.0009752321981424148,0.3333333333333333,8.090614886731392e-05,1.0,0.0009752321981424148,0.3333333333333333,0.0001243781094527363,0.0,0.0,0.0006158527749601506,-0.0013157894736842105,-0.001609907120743034,1,2
2000,mlp,pDC,CD56 NK,0.0007906797580209667,-0.002369748095206728,0.004714735598912975,40,17.666666666666668,0.007363542839953221,14.666666666666666,0.006572863081932254,2.3333333333333335,0.0010557789510128126,1.6666666666666667,0.00132808181315644,3.6666666666666665,0.0017084074567659013,1.3333333333333333,0.0006454248366013071,0.0015022565992123837,-0.0008653561306062043,0.0017351388054567206,5,4
2000,mlp,pDC,CD8 + CTL-1,0.00038695382655160645,-0.0013424098998125766,0.0025,40,3.6666666666666665,0.0019336984986252897,3.6666666666666665,0.0015467446720736832,0.0,0.0,0.6666666666666666,0.0002469271290605794,1.6666666666666667,0.0010562839593668792,1.0,0.00042240300375469335,-0.00043936294746542616,0.0008333333333333333,0.0007668910937869124,0,2
2000,mlp,pDC,CD8 + CTL-2,-0.0014437160406331206,-0.004185139796659404,0.0003679312839593653,40,0.6666666666666666,0.00022295062603354594,4.666666666666667,0.0016666666666666668,0.0,0.0,2.6666666666666665,0.0008230452674897119,0.6666666666666666,0.00022295062603354594,2.0,0.0008436213991769547,-0.0021064814814814813,-0.0015613652868554828,-0.0006633013535623977,0,1
2000,mlp,pDC,CD8 + CTL-3,0.0008942996729950818,-0.0036004352687408403,0.005224749090650546,40,5.666666666666667,0.003654260040120655,4.666666666666667,0.0027599603671255735,2.6666666666666665,0.0013245418859344161,2.6666666666666665,0.0013636837713808926,2.3333333333333335,0.001975108225108225,1.3333333333333333,0.0010416666666666667,0.002533278513821627,-0.001517046161503048,0.0016666666666666666,4,2
2000,mlp,pDC,CD8 Tem-1,0.0020288415225587345,-0.012309706895122764,0.014946248713280689,40,31.666666666666668,0.02598394315564005,29.666666666666668,0.023955101633081316,3.0,0.001972943649386591,4.666666666666667,0.001169326509794375,11.0,0.010869200290978362,7.333333333333333,0.009643975908011844,0.009289603758890486,-0.006534771583062411,0.003331692391848129,8,8
2000,mlp,pDC,CD8 Tem-2,-0.000490007571595846,-0.00429660717697853,0.002716759931303856,40,7.333333333333333,0.00485254624751551,12.0,0.005342553819111358,1.3333333333333333,0.0006289840149063451,5.0,0.0014633939602340038,1.6666666666666667,0.0016798302170642598,2.6666666666666665,0.0013354278433324468,-0.0025316075569985024,0.0003392636340583989,0.0007223212081525667,3,8
2000,mlp,pDC,Cycling T,-0.000836083091345201,-0.005360007601720711,0.0035712562348741033,40,28.666666666666668,0.010262816135982117,29.333333333333332,0.011098899227327319,5.0,0.0015649869452934167,5.0,0.002368541927762122,6.666666666666667,0.0023906647770785875,7.333333333333333,0.0024231928859550834,-0.003234840176661616,-0.0006122898016285275,0.0013388807042545403,8,12
2000,mlp,pDC,Erythrocyte,0.0,0.0,0.0,40,0.0,0.0,0.0,0.0,0.0,0.0,0.0,0.0,0.0,0.0,0.0,0.0,0.0,0.0,0.0,0,0
2000,mlp,pDC,GCB,0.00039011595977989495,-0.0008452380952380954,0.0024893419096033444,40,4.0,0.0013417496628280942,3.0,0.000951633703048199,1.0,0.000360838779956427,1.3333333333333333,0.00047235680710463654,2.0,0.0006722689075630252,0.6666666666666666,0.00017063492063492064,0.000546218487394958,-0.0005119047619047619,0.0011360341538494889,2,3
2000,mlp,pDC,Memory B-1,0.0014607796475079534,-0.0066699037195834185,0.010923471341657233,40,40.333333333333336,0.031900367574851464,38.666666666666664,0.030439587927343515,14.333333333333334,0.00554226313772294,11.333333333333334,0.004180975490711319,7.0,0.005237648714100131,8.333333333333334,0.0051381567136038,0.0027769294999837276,0.007329587214447314,-0.005724177771907182,20,16
2000,mlp,pDC,Memory B-2,-0.00036086031741619056,-0.0019529691598155795,0.0016040620993731096,40,2.6666666666666665,0.0011976452568924604,3.6666666666666665,0.001558505574308651,0.0,0.0,1.3333333333333333,0.0005732313282549689,1.3333333333333333,0.0007389050075220288,1.0,0.0005265339966832504,-0.00041893811086411904,0.0005673758865248227,-0.0012310187279092753,0,3
2000,mlp,pDC,Naive T,0.0029891135555980847,-0.0016672401235224377,0.008729599076273287,40,28.666666666666668,0.016096896045271588,23.0,0.013107782489673502,5.666666666666667,0.0019136149836069703,5.333333333333333,0.002636316329439592,9.666666666666666,0.005114112195820072,4.333333333333333,0.0014022972943893656,0.002789075607010601,0.0019982782127116955,0.004179986847071957,12,11
2000,mlp,pDC,Plasma,-0.0007436970859839784,-0.003915995921484983,0.0006578947368421052,40,2.3333333333333335,0.000717917618678557,2.6666666666666665,0.0014616147046625355,1.0,0.00022538986354775825,1.6666666666666667,0.00036673735978519074,1.0,0.00043300394560698936,0.6666666666666666,0.0010353535353535353,-0.0018925750850291116,-0.0005029898571333499,0.0001644736842105263,2,4
2000,mlp,pDC,Tcm,-0.008699679312945897,-0.02801510687285875,0.001081963249516441,40,7.666666666666667,0.0052722705781216425,17.0,0.013971949891067537,0.6666666666666666,0.00018334945196647325,3.3333333333333335,0.002777777777777777,2.0,0.0009222544594885019,8.666666666666666,0.007027505446623093,-0.008130507199656136,-0.00944995164410058,-0.008518579095080973,2,1
2000,mlp,pDC,cDC2,-0.003422806560576529,-0.010699106092498988,0.0019348877732761076,40,43.0,0.0250378620012532,47.0,0.028460668561829727,10.333333333333334,0.002985990706116907,12.666666666666666,0.005626319435950634,3.0,0.0010535325764867653,4.666666666666667,0.0018360104072295662,-0.0013463455928352807,-0.0010235090363526847,-0.007898565052541622,14,17
2000,mlp,pDC,pDC,0.006388680147565536,-0.010673307064527352,0.02340965545791797,40,2261.3333333333335,0.8037741248982625,2254.6666666666665,0.797385444750697,0.0,0.0,0.0,0.0,0.0,0.0,0.0,0.0,-0.0012313245264092567,0.0010631685990374034,0.01933419637006846,0,0
2000,mlp,pDC,platelet,0.00010288065843621399,0.0,0.0005169753086419612,40,1.3333333333333333,0.00041152263374485596,1.0,0.00030864197530864197,0.0,0.0,0.0,0.0,0.3333333333333333,0.00010288065843621399,0.0,0.0,0.00030864197530864197,0.0,0.0,0,0
2000,mlp,platelet,Atypical Memory B,0.0,0.0,0.0,38,0.0,0.0,0.0,0.0,0.0,0.0,0.0,0.0,0.0,0.0,0.0,0.0,0.0,0.0,0.0,0,0
2000,mlp,platelet,CD14 Monocyte-1,0.0,0.0,0.0,38,0.0,0.0,0.0,0.0,0.0,0.0,0.0,0.0,0.0,0.0,0.0,0.0,0.0,0.0,0.0,0,0
2000,mlp,platelet,CD14 Monocyte-2,0.0,0.0,0.0,38,0.0,0.0,0.0,0.0,0.0,0.0,0.0,0.0,0.0,0.0,0.0,0.0,0.0,0.0,0.0,0,0
2000,mlp,platelet,CD14 Monocyte-3,0.0,0.0,0.0,38,0.0,0.0,0.0,0.0,0.0,0.0,0.0,0.0,0.0,0.0,0.0,0.0,0.0,0.0,0.0,0,0
2000,mlp,platelet,CD16 Monocyte-1,0.0,0.0,0.0,38,0.0,0.0,0.0,0.0,0.0,0.0,0.0,0.0,0.0,0.0,0.0,0.0,0.0,0.0,0.0,0,0
2000,mlp,platelet,CD16 Monocyte-2,0.0,0.0,0.0,38,0.0,0.0,0.0,0.0,0.0,0.0,0.0,0.0,0.0,0.0,0.0,0.0,0.0,0.0,0.0,0,0
2000,mlp,platelet,CD16 NK,0.0,0.0,0.0,38,0.0,0.0,0.0,0.0,0.0,0.0,0.0,0.0,0.0,0.0,0.0,0.0,0.0,0.0,0.0,0,0
2000,mlp,platelet,CD4 + Tcm-1,0.0,0.0,0.0,38,0.0,0.0,0.0,0.0,0.0,0.0,0.0,0.0,0.0,0.0,0.0,0.0,0.0,0.0,0.0,0,0
2000,mlp,platelet,CD4 + Tcm-2,0.0,0.0,0.0,38,0.0,0.0,0.0,0.0,0.0,0.0,0.0,0.0,0.0,0.0,0.0,0.0,0.0,0.0,0.0,0,0
2000,mlp,platelet,CD4 Monocyte-4,-0.00015084006312076487,-0.0005087505087505087,0.0,38,2.6666666666666665,0.013376396144309905,3.3333333333333335,0.013527236207430668,0.0,0.0,0.3333333333333333,6.961849067112225e-05,0.0,0.0,0.3333333333333333,8.122157244964262e-05,-0.00020885547201336674,0.0,-0.00024366471734892786,0,1
2000,mlp,platelet,CD56 NK,0.0,0.0,0.0,38,0.0,0.0,0.0,0.0,0.0,0.0,0.0,0.0,0.0,0.0,0.0,0.0,0.0,0.0,0.0,0,0
2000,mlp,platelet,CD8 + CTL-1,0.0,0.0,0.0,38,0.0,0.0,0.0,0.0,0.0,0.0,0.0,0.0,0.0,0.0,0.0,0.0,0.0,0.0,0.0,0,0
2000,mlp,platelet,CD8 + CTL-2,0.0,0.0,0.0,38,0.0,0.0,0.0,0.0,0.0,0.0,0.0,0.0,0.0,0.0,0.0,0.0,0.0,0.0,0.0,0,0
2000,mlp,platelet,CD8 + CTL-3,0.0,0.0,0.0,38,0.0,0.0,0.0,0.0,0.0,0.0,0.0,0.0,0.0,0.0,0.0,0.0,0.0,0.0,0.0,0,0
2000,mlp,platelet,CD8 Tem-1,-0.017543859649122806,-0.07017543859649122,0.0,38,0.0,0.0,0.6666666666666666,0.017543859649122806,0.0,0.0,0.0,0.0,0.0,0.0,0.6666666666666666,0.017543859649122806,-0.02631578947368421,-0.02631578947368421,0.0,0,0
2000,mlp,platelet,CD8 Tem-2,0.0714173145617264,0.008089189786299302,0.13471568845244442,38,276.6666666666667,0.4028234381865368,257.0,0.3314061236248104,68.0,0.0966138218590052,49.333333333333336,0.042821588518851254,1.0,0.01762508122157245,0.0,0.0,0.08946880771246896,0.03289093486324834,0.09189220110946193,31,27
2000,mlp,platelet,Cycling T,0.0,0.0,0.0,38,0.0,0.0,0.0,0.0,0.0,0.0,0.0,0.0,0.0,0.0,0.0,0.0,0.0,0.0,0.0,0,0
2000,mlp,platelet,Erythrocyte,0.0,0.0,0.0,38,0.0,0.0,0.0,0.0,0.0,0.0,0.0,0.0,0.0,0.0,0.0,0.0,0.0,0.0,0.0,0,0
2000,mlp,platelet,GCB,0.0,0.0,0.0,38,0.0,0.0,0.0,0.0,0.0,0.0,0.0,0.0,0.0,0.0,0.0,0.0,0.0,0.0,0.0,0,0
2000,mlp,platelet,Memory B-1,0.0,0.0,0.0,38,0.0,0.0,0.0,0.0,0.0,0.0,0.0,0.0,0.0,0.0,0.0,0.0,0.0,0.0,0.0,0,0
2000,mlp,platelet,Memory B-2,0.0,0.0,0.0,38,0.3333333333333333,2.642147537518495e-05,0.3333333333333333,2.642147537518495e-05,0.0,0.0,0.0,0.0,0.0,0.0,0.0,0.0,0.0,0.0,0.0,0,0
2000,mlp,platelet,Naive T,0.0,0.0,0.0,38,0.0,0.0,0.0,0.0,0.0,0.0,0.0,0.0,0.0,0.0,0.0,0.0,0.0,0.0,0.0,0,0
2000,mlp,platelet,Plasma,0.0,0.0,0.0,38,0.0,0.0,0.0,0.0,0.0,0.0,0.0,0.0,0.0,0.0,0.0,0.0,0.0,0.0,0.0,0,0
2000,mlp,platelet,Tcm,0.0,0.0,0.0,38,0.0,0.0,0.0,0.0,0.0,0.0,0.0,0.0,0.0,0.0,0.0,0.0,0.0,0.0,0.0,0,0
2000,mlp,platelet,cDC2,0.0,0.0,0.0,38,0.0,0.0,0.0,0.0,0.0,0.0,0.0,0.0,0.0,0.0,0.0,0.0,0.0,0.0,0.0,0,0
2000,mlp,platelet,pDC,0.0,0.0,0.0,38,0.0,0.0,0.0,0.0,0.0,0.0,0.0,0.0,0.0,0.0,0.0,0.0,0.0,0.0,0.0,0,0
2000,mlp,platelet,platelet,-0.053722614849482826,-0.11518662746884754,0.0058502527745201,38,1294.3333333333333,0.5837737441937781,1312.6666666666667,0.637496359043261,0.0,0.0,0.0,0.0,0.0,0.0,0.0,0.0,-0.06294416276677137,-0.006575145389564124,-0.09164853639211298,0,0
5000,sgd,Atypical Memory B,Atypical Memory B,-0.002474825979688814,-0.015535468438929414,0.010526513967702517,34,128.33333333333334,0.048017081702590635,120.33333333333333,0.05049190768227945,0.0,0.0,0.0,0.0,0.0,0.0,0.0,0.0,0.00773239800069241,-0.0077024151683507125,-0.007454460771408141,0,0
5000,sgd,Atypical Memory B,CD14 Monocyte-1,0.01688628742967657,-0.04005640378669157,0.07988389628713538,34,105.33333333333333,0.22970707356235107,100.33333333333333,0.2128207861326745,4.666666666666667,0.0026632005807476007,3.6666666666666665,0.0010012898443007483,30.333333333333332,0.051429379499070345,26.333333333333332,0.03620500280584063,-0.03142522271629045,0.04145508705332138,0.040628997951998765,7,4
5000,sgd,Atypical Memory B,CD14 Monocyte-2,0.022410532065263524,5.320817940702827e-05,0.05044207980949834,34,9.0,0.05589665378667936,5.0,0.03348612172141584,0.0,0.0,0.0,0.0,5.666666666666667,0.02960431867081483,1.6666666666666667,0.007193786605551311,0.020631968202300684,0.011782974059188893,0.034816653934300994,0,0
5000,sgd,Atypical Memory B,CD14 Monocyte-3,0.013552356104927632,-0.00582475532574236,0.04385572010651525,34,37.666666666666664,0.027406914820011553,32.666666666666664,0.013854558715083924,1.6666666666666667,0.00044407403048099596,2.6666666666666665,0.0006005124372798122,23.333333333333332,0.018558582092073523,17.333333333333332,0.004849787580347069,0.02383073047674647,0.02068536899293876,-0.0038590311549023277,4,2
5000,sgd,Atypical Memory B,CD16 Monocyte-1,0.017858437815117496,-0.01853814696373711,0.05262469468073533,34,73.33333333333333,0.18312666252556306,66.66666666666667,0.16526822471044558,2.3333333333333335,0.0008390581479617458,2.0,0.0009231059020208001,14.0,0.03265264092897425,7.666666666666667,0.014710155359797701,0.03755872797370349,-0.009504713036060194,0.02552129850770919,3,3
5000,sgd,Atypical Memory B,CD16 Monocyte-2,-0.00047360209212297526,-0.01633501822014774,0.012840862086514906,34,78.66666666666667,0.07517233979819399,85.0,0.07564594189031697,2.6666666666666665,0.0018741707209199469,2.0,0.0004650133144514508,11.0,0.009618069857889643,18.0,0.011500829356481114,-0.009947332527124245,0.007551226461683521,0.0009752997890717994,3,3
5000,sgd,Atypical Memory B,CD16 NK,-0.04333011582085337,-0.09578811408878893,-0.0056796575378609895,34,6.333333333333333,0.025894156334322193,26.0,0.06922427215517556,0.0,0.0,0.3333333333333333,7.483909594372099e-05,2.3333333333333335,0.009279204461241471,21.666666666666668,0.052534481186151116,-0.05708536319184068,-0.03155053489298131,-0.04135444937773811,0,1
5000,sgd,Atypical Memory B,CD4 + Tcm-1,-0.02917648822935526,-0.07381252917401873,0.016034311788267155,34,13.0,0.05373470141205513,48.666666666666664,0.08291118964141038,0.0,0.0,3.6666666666666665,0.0011949930275488114,7.666666666666667,0.03008753937141387,39.666666666666664,0.058069034573220324,-0.01255870203901038,-0.028305852248150392,-0.04666491040090503,0,3
5000,sgd,Atypical Memory B,CD4 + Tcm-2,-0.00025587439457675404,-0.011849156996650788,0.013828379567799327,34,21.666666666666668,0.012447809057978146,36.333333333333336,0.012703683452554898,0.3333333333333333,7.371369600471768e-05,4.333333333333333,0.0009639050477563463,11.666666666666666,0.008699591262082538,22.333333333333332,0.008065274304907664,-0.003971811766058387,-0.0012131046507545817,0.004417293233082707,1,2
5000,sgd,Atypical Memory B,CD4 Monocyte-4,0.0005678523932166531,-0.00021498072913375875,0.001725611554559354,34,2.3333333333333335,0.0007367497937711518,0.6666666666666666,0.00016889740055449874,0.0,0.0,0.0,0.0,2.0,0.0006415660892213707,0.3333333333333333,7.371369600471768e-05,0.00040849673202614375,0.0011077048036118248,0.00018735564401199076,0,0
5000,sgd,Atypical Memory B,CD56 NK,0.03276586539798595,0.0018378488902963041,0.08493807902651083,34,45.666666666666664,0.04030866248608131,23.666666666666668,0.007542797088095362,1.6666666666666667,0.0003719446798405984,0.6666666666666666,0.00014855279194843867,31.333333333333332,0.03540231470479913,10.333333333333334,0.0028598411947053453,0.067165396872981,0.0050337272632325885,0.026098472057744265,2,2
5000,sgd,Atypical Memory B,CD8 + CTL-1,0.009346639512406468,0.0011883468120790636,0.02369671213571229,34,28.666666666666668,0.010345923607383201,2.0,0.000999284094976733,1.0,0.00024274682649829443,0.0,0.0,27.666666666666668,0.010103176780884906,2.0,0.000999284094976733,0.018345537608073937,0.002974702999449035,0.00671967792969643,2,0
5000,sgd,Atypical Memory B,CD8 + CTL-2,0.00013616557734204792,0.0,0.0007716049382716049,34,0.6666666666666666,0.0002098792733467656,0.3333333333333333,7.371369600471768e-05,0.0,0.0,0.0,0.0,0.3333333333333333,0.00013616557734204792,0.0,0.0,0.0,0.00040849673202614375,0.0,0,0
5000,sgd,Atypical Memory B,CD8 + CTL-3,0.0051208328652345885,0.0002329654209258138,0.012487375728115173,34,15.666666666666666,0.0051208328652345885,0.0,0.0,2.0,0.0006629148937251851,0.0,0.0,13.666666666666666,0.004457917971509403,0.0,0.0,0.0052353914769866765,0.004122219430298506,0.006004887688418582,3,0
5000,sgd,Atypical Memory B,CD8 Tem-1,-0.0036764705882352945,-0.027777777777777776,0.01853174603174596,34,1.6666666666666667,0.00785755478662053,1.6666666666666667,0.011534025374855825,0.0,0.0,0.0,0.0,0.6666666666666666,0.006127450980392157,0.6666666666666666,0.00980392156862745,0.0,-0.011029411764705883,0.0,0,0
5000,sgd,Atypical Memory B,CD8 Tem-2,0.0012254901960784314,0.0,0.007142857142857143,34,0.3333333333333333,0.0012254901960784314,0.0,0.0,0.0,0.0,0.0,0.0,0.3333333333333333,0.0012254901960784314,0.0,0.0,0.0,0.0,0.003676470588235294,0,0
5000,sgd,Atypical Memory B,Cycling T,-0.011429864197771892,-0.041721563460693896,0.0,34,1.6666666666666667,0.007563945849756358,4.666666666666667,0.01899381004752825,0.0,0.0,0.0,0.0,0.3333333333333333,7.483909594372099e-05,3.3333333333333335,0.011504703293715612,-0.010252956144289777,-0.0031500209332543726,-0.020886615515771523,0,0
5000,sgd,Atypical Memory B,Erythrocyte,-0.0010893246187363833,-0.005851904536115062,0.0,34,0.3333333333333333,0.0010893246187363833,0.6666666666666666,0.0021786492374727667,0.0,0.0,0.0,0.0,0.0,0.0,0.3333333333333333,0.0010893246187363833,0.0,0.0,-0.00326797385620915,0,0
5000,sgd,Atypical Memory B,GCB,0.012557923307481596,-0.0024138454595465523,0.05655718156917608,34,39.333333333333336,0.021022846552264062,26.333333333333332,0.008464923244782464,4.333333333333333,0.0012758651290586892,2.6666666666666665,0.0006560518944419873,20.333333333333332,0.015144807892725229,9.0,0.003206697819860336,0.0019116384148726263,0.007109202269420991,0.028652929238151176,4,2
5000,sgd,Atypical Memory B,Memory B-1,-0.046202398129017254,-0.12867971278767323,0.0252451013587731,34,52.333333333333336,0.09892238500149197,78.0,0.14512478313050925,1.3333333333333333,0.0003595574652342076,5.666666666666667,0.002253023834105915,9.0,0.027660256015286728,30.333333333333332,0.07196918777543228,0.017038128344850134,-0.05477418031791227,-0.1008711424139896,3,5
5000,sgd,Atypical Memory B,Memory B-2,0.005966883626277869,-0.001907710536963403,0.014485839964557136,34,12.0,0.008762286722430304,3.3333333333333335,0.0027954030961524355,0.0,0.0,0.6666666666666666,0.00014742739200943535,10.333333333333334,0.007509824014859237,1.0,0.0013955129965719335,0.010048267520181633,0.006700042668363658,0.0011523406902883152,0,1
5000,sgd,Atypical Memory B,Naive T,0.015157214427976523,-0.004472470590412971,0.04437544009464688,34,37.666666666666664,0.02211045989487934,10.0,0.006953245466902819,3.0,0.0009260533680603345,0.6666666666666666,0.00015935566119050937,29.666666666666668,0.017172309581022234,4.333333333333333,0.0027817928599155363,-0.003554026307211078,0.009517158013500978,0.03950851157763967,3,2
5000,sgd,Atypical Memory B,Plasma,-0.0009057578211857037,-0.010162680041152262,0.006579827653803143,34,1.3333333333333333,0.0016852785933801227,1.0,0.0025910364145658262,0.0,0.0,0.0,0.0,1.3333333333333333,0.0016852785933801227,1.0,0.0025910364145658262,0.004647339048114224,-0.003676470588235294,-0.003688141923436041,0,0
5000,sgd,Atypical Memory B,Tcm,0.0027274946474880215,-0.0012201718092711698,0.012077292749160732,34,1.6666666666666667,0.003013045761137364,1.0,0.00028555111364934324,0.0,0.0,0.3333333333333333,9.518370454978107e-05,1.6666666666666667,0.003013045761137364,0.6666666666666666,0.00019036740909956213,0.0006446853550580538,0.008394451928354038,-0.0008566533409480298,0,1
5000,sgd,Atypical Memory B,cDC2,-0.017820793514776154,-0.0880768701400346,0.03788843345696021,34,58.666666666666664,0.05346058617893718,97.66666666666667,0.07128137969371336,5.666666666666667,0.00364873578585921,8.666666666666666,0.00207652800514552,17.666666666666668,0.021998821044081938,53.666666666666664,0.04139182233957178,-0.08530940550456835,0.017604345828912526,0.014242679131327348,5,4
5000,sgd,Atypical Memory B,pDC,0.00047102345459970027,-0.005604159378804657,0.008163132380691966,34,7.0,0.004992321688232205,8.666666666666666,0.004521298233632504,0.0,0.0,0.6666666666666666,0.00014742739200943535,4.666666666666667,0.0033387336182354663,5.666666666666667,0.00272028277162633,-0.0008403361344537813,0.006206445400361811,-0.003953038902108928,0,1
5000,sgd,Atypical Memory B,platelet,8.451656524678837e-05,-0.00024648652564474065,0.0005747126436781609,34,0.6666666666666666,0.00016903313049357674,0.3333333333333333,8.451656524678837e-05,0.0,0.0,0.0,0.0,0.6666666666666666,0.00016903313049357674,0.3333333333333333,8.451656524678837e-05,-0.0002535496957403651,0.0002535496957403651,0.0002535496957403651,0,0
5000,sgd,CD14 Monocyte-1,Atypical Memory B,-0.0006133365765950245,-0.004491098379216259,0.0021215452981181255,40,287.0,0.008615109437669152,301.3333333333333,0.009228446014264174,82.33333333333333,0.0022289156301676057,95.0,0.0026794971208655483,52.666666666666664,0.00177435128881408,54.333333333333336,0.0019371063747111623,-0.0034722192335296304,0.0012067520688268131,0.0004254574349177441,32,29
5000,sgd,CD14 Monocyte-1,CD14 Monocyte-1,0.013915159840322234,-0.008174168685557719,0.039002942458310375,40,20553.333333333332,0.6503055948327234,20404.0,0.6363904349924012,0.0,0.0,0.0,0.0,0.0,0.0,0.0,0.0,0.007475610345479657,0.002792945670418251,0.031476923505068796,0,0
5000,sgd,CD14 Monocyte-1,CD14 Monocyte-2,0.0007330602685271921,-0.0062265716924222595,0.006889275712105738,40,1361.6666666666667,0.04941055699584135,1246.3333333333333,0.04867749672731416,401.6666666666667,0.012699681954116993,329.0,0.012531340087809923,214.33333333333334,0.008226354729290576,171.66666666666666,0.007661636327070453,0.004800052066987785,0.0016552869676199566,-0.0042561582290261656,31,36
5000,sgd,CD14 Monocyte-1,CD14 Monocyte-3,0.005193562665989216,-0.005350457338974753,0.016942522667737155,40,1797.3333333333333,0.04809793257903536,1627.0,0.042904369913046136,536.3333333333334,0.014294202719344415,443.3333333333333,0.0114715454935318,281.3333333333333,0.007897570069656489,204.0,0.005526664629479886,0.010129220144952105,0.002078986945685951,0.0033724809073295905,36,34
5000,sgd,CD14 Monocyte-1,CD16 Monocyte-1,0.0013964889707986474,-0.007393662993963646,0.010288700534320436,40,1154.3333333333333,0.062206289340593336,1110.0,0.0608098003697947,248.0,0.00854150095678656,274.3333333333333,0.009798351654707443,244.66666666666666,0.00953920334685577,174.0,0.0068858636781362415,0.009922951890511957,-0.0017306877338085346,-0.004002797244307485,38,36
5000,sgd,CD14 Monocyte-1,CD16 Monocyte-2,-0.0024319355225891743,-0.007955875654740296,0.0037055547710568206,40,1391.6666666666667,0.04590408032219628,1409.3333333333333,0.04833601584478545,217.66666666666666,0.006446107071253845,221.33333333333334,0.007693205396479076,228.0,0.00785370371436149,242.0,0.009038540911725438,-0.002814671071783976,-0.00046848176128161596,-0.004012653734701933,37,37
5000,sgd,CD14 Monocyte-1,CD16 NK,-0.007550689466173832,-0.014919266273904094,-0.0008997059800937492,40,192.33333333333334,0.009533343344122263,378.3333333333333,0.017084032810296097,31.333333333333332,0.0013651330655426407,100.33333333333333,0.003955581555340862,74.0,0.0036665225052653536,191.0,0.008626763481640964,-0.008671364506686196,-0.0009610773925486064,-0.013019626499286696,22,35
5000,sgd,CD14 Monocyte-1,CD4 + Tcm-1,-0.006152526310125123,-0.013211019160903658,0.0022455830186837895,40,353.6666666666667,0.01869801859910286,537.0,0.024850544909227983,80.66666666666667,0.0038622465122333106,175.66666666666666,0.007452212362822796,120.0,0.006165361715915048,208.33333333333334,0.008727922175450686,-0.009213319357927198,0.00033190081028396416,-0.009576160382732134,30,33
5000,sgd,CD14 Monocyte-1,CD4 + Tcm-2,0.0019964742156027755,-0.00034735199413070313,0.005537833404812496,40,96.66666666666667,0.00553332949012516,77.66666666666667,0.003536855274522386,21.0,0.0008940705319756278,17.333333333333332,0.0005723348888725746,50.333333333333336,0.0033427437999963686,35.0,0.0016680052274966458,0.001682731456103015,0.0011856293670164779,0.003121061823688835,22,22
5000,sgd,CD14 Monocyte-1,CD4 Monocyte-4,0.002869297931985202,-0.002036900019502032,0.009605490098122917,40,883.6666666666666,0.023914306628822966,745.0,0.02104500869683777,264.6666666666667,0.007037970347712012,173.66666666666666,0.0057456186952084725,147.33333333333334,0.004370740878487881,99.66666666666667,0.0027937945990062184,0.0050582611172357095,0.0015186932169534467,0.002030939461766448,36,37
5000,sgd,CD14 Monocyte-1,CD56 NK,0.0046729014447978,0.0003995076429412936,0.008550379265665512,40,195.66666666666666,0.007960147790014619,94.66666666666667,0.0032872463452168206,39.333333333333336,0.0016894818249344617,21.333333333333332,0.0006468484555618841,121.0,0.005018754442694831,38.0,0.001388486367269609,0.005320797273136315,0.0012362587444341,0.007461648316822984,29,20
5000,sgd,CD14 Monocyte-1,CD8 + CTL-1,0.0012148423675564374,0.0005362131138137374,0.0020904064595671265,40,41.666666666666664,0.0016272758603974597,12.333333333333334,0.0004124334928410224,8.666666666666666,0.00033147316834942174,1.6666666666666667,3.340414514134084e-05,29.0,0.0011885398898534606,6.666666666666667,0.00027176654550510425,0.001660833708181005,0.0007012554542978997,0.0012824379401904069,16,5
5000,sgd,CD14 Monocyte-1,CD8 + CTL-2,0.00014752668127810049,-0.00018832289420549957,0.00048224166303434906,40,19.333333333333332,0.0006950841363399827,12.666666666666666,0.000547557455061882,3.3333333333333335,0.00010952900628805387,0.3333333333333333,3.255208333333333e-05,9.333333333333334,0.00032803391488866177,5.666666666666667,0.00025748415656528183,0.00015680749934309624,0.0002467781520492095,3.8994392441995756e-05,9,1
5000,sgd,CD14 Monocyte-1,CD8 + CTL-3,0.0014382909852177954,0.0005547599056720415,0.0023151560855575967,40,55.0,0.001691903380122323,6.0,0.00025361239490452733,13.333333333333334,0.0003942569524662924,0.3333333333333333,3.255208333333333e-05,39.0,0.0012308064806257442,3.0,0.00015422036454090785,0.001896815897342303,0.0014488685433092319,0.000969188515001851,16,1
5000,sgd,CD14 Monocyte-1,CD8 Tem-1,0.00023475426237569723,-0.0004988966069015956,0.0010523558389938928,40,40.666666666666664,0.0028002531285892963,40.0,0.002565498866213599,2.3333333333333335,8.080919239564964e-05,2.3333333333333335,0.00019213058621071248,18.333333333333332,0.001413639200694099,17.666666666666668,0.0010675635445033392,0.0005924257280069919,-0.00012814312758285454,0.00023998018670295436,5,5
5000,sgd,CD14 Monocyte-1,CD8 Tem-2,0.00027819698967391176,-0.0002021533730597557,0.0010004098797568573,40,33.0,0.00125283983620804,23.333333333333332,0.0009746428465341282,4.333333333333333,0.0001474725102345533,2.3333333333333335,5.560590619411241e-05,15.666666666666666,0.0006256312561493186,8.0,0.0004393008705158479,-3.850016278565899e-06,0.0002698984368532453,0.0005685425484470558,11,4
5000,sgd,CD14 Monocyte-1,Cycling T,-0.001282849947190438,-0.0025177336293507988,-0.00031777676127020326,40,31.0,0.0012246290345666537,66.66666666666667,0.0025074789817570915,5.666666666666667,0.00023722544606770562,22.0,0.0008836947361995255,11.333333333333334,0.0004833582933586624,30.666666666666668,0.0011197389504172806,-0.0007483209369902363,-0.0021662626717700866,-0.0009339662328109911,10,21
5000,sgd,CD14 Monocyte-1,Erythrocyte,-0.00015089658794441597,-0.00035666556594654667,-1.1714153752780839e-05,40,46.0,0.0021204858874609048,49.666666666666664,0.0022713824754053208,0.3333333333333333,6.915629322268326e-06,3.3333333333333335,0.00014312701778353541,1.0,4.686528853143761e-05,1.6666666666666667,6.155048801458658e-05,-0.00015879120632636689,-0.00016407558767778024,-0.00012982296982910082,1,7
5000,sgd,CD14 Monocyte-1,GCB,0.000100400674459002,-2.4437927663734115e-05,0.00025225004147094395,40,5.333333333333333,0.00024121294523891707,2.6666666666666665,0.00014081227077991504,1.3333333333333333,3.084477853628329e-05,0.3333333333333333,1.2218963831867058e-05,2.0,8.78843416705193e-05,0.3333333333333333,6.109481915933529e-06,0.0001946653782271289,7.80988263720031e-05,2.8437818777873998e-05,4,1
5000,sgd,CD14 Monocyte-1,Memory B-1,0.0001895818308363887,-0.0002802888959779866,0.0006452744107879997,40,12.666666666666666,0.000679267501228134,12.0,0.0004896856703917454,1.3333333333333333,2.8892089945697934e-05,3.6666666666666665,0.00012624113082062462,7.333333333333333,0.0004841860970080461,4.333333333333333,0.0001972552252967307,0.00024286574017087166,0.00036797830445360234,-4.209855211530793e-05,3,8
5000,sgd,CD14 Monocyte-1,Memory B-2,0.0001363283133366027,0.0,0.0004111312839676527,40,4.666666666666667,0.00020403679397545114,2.6666666666666665,6.770848063884847e-05,1.0,8.239751302509836e-05,0.0,0.0,1.0,5.393080031150431e-05,0.0,0.0,8.327669522223302e-05,6.544502617801048e-05,0.00026026321860956453,3,0
5000,sgd,CD14 Monocyte-1,Naive T,0.0012265453056219087,-0.00021579058464830822,0.003237644795751457,40,77.0,0.003016616245275464,42.333333333333336,0.001790070939653555,16.333333333333332,0.000492519824039999,8.0,0.0003513820026750389,49.666666666666664,0.0020390647064759,23.333333333333332,0.0009536572222189511,0.001341618826096728,-3.913094021303853e-05,0.002377148030982037,19,13
5000,sgd,CD14 Monocyte-1,Plasma,-0.0001975223902960621,-0.001786426639074177,0.002242160245791411,40,17.666666666666668,0.001231963640230178,28.333333333333332,0.0014294860305262404,3.6666666666666665,0.00011724647275532475,9.333333333333334,0.0006985692311608531,10.0,0.0008716296019951371,15.0,0.00048782923388567104,0.0011184421122408027,-0.0006952216934611338,-0.0010157875896678555,10,16
5000,sgd,CD14 Monocyte-1,Tcm,-0.0012243344062956966,-0.005203792985133805,0.0006456210775914907,40,35.333333333333336,0.0013768736441995232,53.0,0.00260120805049522,5.0,0.0001273058596908289,18.333333333333332,0.000890195925923792,16.0,0.0005802072749317391,20.333333333333332,0.0010416516149944724,-0.0002577581258071173,-0.0010994813440655775,-0.0023157637490143954,10,2
5000,sgd,CD14 Monocyte-1,cDC2,-0.015951739003763316,-0.028192411706577446,-0.005185110713203468,40,1144.3333333333333,0.04995976067605328,1545.3333333333333,0.06591149967981659,249.33333333333334,0.010054259732548074,464.6666666666667,0.01929382850586104,223.33333333333334,0.00888879768738997,409.0,0.015600967917840311,-0.026734549203314424,-0.006835022425425915,-0.014285645382549594,39,38
5000,sgd,CD14 Monocyte-1,pDC,-0.0002398959991432475,-0.0015107532430066188,0.0006316747693680719,40,35.0,0.0015362731549750867,39.0,0.0017761691541183344,10.666666666666666,0.0005104064128563852,12.0,0.00045537892501552375,14.333333333333334,0.0006217245702315151,17.0,0.0009166480572156242,0.0004152994484502381,-0.00100659211332351,-0.00012839533255647084,18,21
5000,sgd,CD14 Monocyte-1,platelet,5.231346173742424e-05,-8.595196119863546e-05,0.0002716597487607304,40,5.0,0.00016281477489253865,4.333333333333333,0.00011050131315511441,1.0,2.139191177367709e-05,0.0,0.0,1.3333333333333333,8.279620053475201e-05,1.6666666666666667,5.1874650571004855e-05,-1.783166904422254e-05,0.00010940025640650307,6.537179784999222e-05,3,0
5000,sgd,CD14 Monocyte-2,Atypical Memory B,0.0005560652725999037,-0.002492992713654422,0.0028541964607670016,40,12.333333333333334,0.004149668607251318,10.0,0.003593603334651415,0.6666666666666666,0.0004251038421599169,0.0,0.0,3.0,0.0009625440149479272,1.3333333333333333,0.0008315825845079406,0.0009831029185867896,0.0014152059457859347,-0.0007301130465730136,2,0
5000,sgd,CD14 Monocyte-2,CD14 Monocyte-1,0.0353720147993031,0.012062033899120543,0.06319625911720263,40,874.6666666666666,0.18793749522682876,754.3333333333334,0.15256548042752563,159.66666666666666,0.031072776574320116,93.66666666666667,0.017822516482348668,153.33333333333334,0.04296731946451055,99.0,0.0208455647571789,0.02836654320225964,0.022460911083049546,0.05528859011260012,34,30
5000,sgd,CD14 Monocyte-2,CD14 Monocyte-2,-0.03789345310747096,-0.07142761053379212,-0.009959470446318409,40,1619.6666666666667,0.34231737899734216,1761.3333333333333,0.38021083210481316,0.0,0.0,0.0,0.0,0.0,0.0,0.0,0.0,-0.02358217993568804,-0.02339455451509363,-0.06670362487163124,0,0
5000,sgd,CD14 Monocyte-2,CD14 Monocyte-3,0.00043436623490852427,-0.005893172835935993,0.006756161713587261,40,14.333333333333334,0.011955445353183611,13.333333333333334,0.011521079118275088,1.6666666666666667,0.0009355852771639005,0.3333333333333333,0.00010548523206751055,5.0,0.003720287535256496,5.333333333333333,0.004116021345444361,0.0010113845622012588,0.0014493278722528392,-0.0011576137297285263,5,1
5000,sgd,CD14 Monocyte-2,CD16 Monocyte-1,0.001787506623211376,-0.005887926499983155,0.010224445871849076,40,70.33333333333333,0.03885981901044803,62.0,0.037072312387236656,15.333333333333334,0.0028354159246146587,10.333333333333334,0.0017610641339253768,34.0,0.006784888031473927,30.666666666666668,0.0060717331989518335,0.009461837722770669,-0.0035025554656971025,-0.0005967623874394382,15,13
5000,sgd,CD14 Monocyte-2,CD16 Monocyte-2,-0.003157156959428538,-0.01453904743638012,0.007967364122832459,40,127.33333333333333,0.05722591519657988,143.0,0.06038307215600842,19.333333333333332,0.007188316419772097,17.0,0.003922391296627708,30.666666666666668,0.01231389417227765,48.666666666666664,0.018736976254850577,0.0034029892775673766,-0.00671152283803253,-0.00616293731782046,24,17
5000,sgd,CD14 Monocyte-2,CD16 NK,-0.007290860351493067,-0.019429382551647004,0.004301044189006094,40,68.66666666666667,0.023314415553896083,100.66666666666667,0.03060527590538914,13.0,0.003004935384305051,13.666666666666666,0.0025904330096186315,35.333333333333336,0.013300803392322336,66.66666666666667,0.021006166118501823,-0.015147125430829541,0.001452296638648963,-0.00817775226229862,21,16
5000,sgd,CD14 Monocyte-2,CD4 + Tcm-1,0.001475066720483224,-0.019584689971110913,0.027459527397533632,40,241.0,0.06655135675272206,221.0,0.06507629003223883,58.666666666666664,0.014105858006815615,43.666666666666664,0.0088200037270528,105.33333333333333,0.02817179228557623,100.33333333333333,0.031982579844855814,-0.001045878829930578,0.020175475096438755,-0.014704396105058502,31,26
5000,sgd,CD14 Monocyte-2,CD4 + Tcm-2,0.0035508103616155597,-0.005058210637038079,0.012229856670650407,40,51.333333333333336,0.019181433386849515,47.333333333333336,0.015630623025233954,8.666666666666666,0.0034401002111905574,7.0,0.002234029751050574,30.333333333333332,0.010748510163852669,28.0,0.008403770262377092,-0.0012319236073763703,0.0030659760137364605,0.008818378678486592,15,15
5000,sgd,CD14 Monocyte-2,CD4 Monocyte-4,0.0024161076327694066,-0.00013442745115691403,0.0061152704999564485,40,6.666666666666667,0.003203690245470129,4.666666666666667,0.0007875826127007219,0.6666666666666666,5.572685166646646e-05,0.6666666666666666,0.00012334392639995356,2.6666666666666665,0.002584675916218168,0.6666666666666666,0.00010095120871527441,0.0035695951751402604,0.002253931761730488,0.0014247959614374715,2,2
5000,sgd,CD14 Monocyte-2,CD56 NK,0.01279190969786373,-0.01448088063461436,0.03726811609651393,40,104.33333333333333,0.037615507723567615,48.666666666666664,0.024823598025703882,19.333333333333332,0.004175773293709986,4.666666666666667,0.000659978654918551,63.333333333333336,0.019925046392455213,22.333333333333332,0.010648931333382917,0.021331249571707407,-0.015900553552459007,0.0329450330743428,20,6
5000,sgd,CD14 Monocyte-2,CD8 + CTL-1,0.0018178735960469293,-0.0023617259256074217,0.008161899028101268,40,12.666666666666666,0.004085384982281251,4.333333333333333,0.002267511386234322,2.0,0.0011111842143843855,0.3333333333333333,0.00010683760683760684,10.0,0.0028768976725858024,3.3333333333333335,0.002063370684085652,0.004615994795277003,0.001833614877622594,-0.0009959888847588074,5,1
5000,sgd,CD14 Monocyte-2,CD8 + CTL-2,0.0014126719697968762,-0.0010470036809733102,0.005132506432602922,40,6.666666666666667,0.0036524583336349434,5.0,0.0022397863638380666,0.6666666666666666,6.693872284142782e-05,0.0,0.0,2.0,0.001797287139045107,1.0,0.00045155389208965886,0.00014190173583911105,0.003384285659559564,0.0007118285139919532,2,0
5000,sgd,CD14 Monocyte-2,CD8 + CTL-3,0.0011164416015162282,0.0,0.003273809523809524,40,1.3333333333333333,0.0011164416015162282,0.0,0.0,0.3333333333333333,0.0001243781094527363,0.0,0.0,1.0,0.000992063492063492,0.0,0.0,0.0019345238095238096,0.0010416666666666667,0.00037313432835820896,1,0
5000,sgd,CD14 Monocyte-2,CD8 Tem-1,-0.0015329737620901434,-0.02100816066348112,0.0128081281646888,40,519.3333333333334,0.1240353417211314,506.6666666666667,0.12556831548322153,117.33333333333333,0.02413163164899752,85.0,0.018578108669319315,69.0,0.014782189559470563,88.66666666666667,0.02186868630123891,-0.014344680784955535,0.007086723506585435,0.002659035992099669,31,28
5000,sgd,CD14 Monocyte-2,CD8 Tem-2,0.002229069223746699,0.00027408119429534134,0.004745574554405548,40,13.666666666666666,0.004285186195540722,7.0,0.0020561169717940226,1.6666666666666667,0.00042538168230183527,0.3333333333333333,2.7777777777777782e-05,7.0,0.0023426548096372565,1.6666666666666667,0.0005111894904146146,0.003379074055938249,0.0014616705591427395,0.00184646305615911,5,1
5000,sgd,CD14 Monocyte-2,Cycling T,-0.006630330651996543,-0.014183744049451061,-7.0003459514381e-05,40,6.333333333333333,0.002231451360397749,29.0,0.008861782012394293,1.0,0.00031432262827611664,7.0,0.0017327397421327986,3.6666666666666665,0.0008602987057794112,20.333333333333332,0.0060722122439192715,-0.00043950686992708955,-0.01170780257017447,-0.007743682515888068,3,10
5000,sgd,CD14 Monocyte-2,Erythrocyte,-0.00012733467981646795,-0.0010498901295000012,0.0013726503768603051,40,6.333333333333333,0.0028994495884985144,8.333333333333334,0.003026784268314983,0.0,0.0,1.3333333333333333,0.00035236097695122355,0.3333333333333333,0.00034722222222222224,1.0,0.00012219592508746656,-0.0005307338831648672,0.0007211538461538461,-0.0005724240024383827,0,3
5000,sgd,CD14 Monocyte-2,GCB,0.0003128063195525572,-0.00020325203252032523,0.001318975955717004,40,1.3333333333333333,0.0003805569970593323,0.3333333333333333,6.775067750677508e-05,0.0,0.0,0.3333333333333333,6.775067750677508e-05,1.3333333333333333,0.0003805569970593323,0.0,0.0,0.00020325203252032523,0.0009384189586576717,-0.00020325203252032523,0,1
5000,sgd,CD14 Monocyte-2,Memory B-1,0.001722235431373822,-0.0020228885845532244,0.007290289498145509,40,11.666666666666666,0.00591733492472482,9.333333333333334,0.004195099493350996,3.6666666666666665,0.00207717769963138,2.0,0.00047128280397085707,5.0,0.0016326122732049407,4.333333333333333,0.0015162717374916413,-0.00026728812511621315,0.0007638809495757088,0.004670113469661971,10,5
5000,sgd,CD14 Monocyte-2,Memory B-2,6.775067750677508e-05,-0.00037568761881648653,0.0005425868624357855,40,2.0,0.0008280612826481046,1.6666666666666667,0.0007603106051413296,0.3333333333333333,6.775067750677508e-05,0.0,0.0,0.3333333333333333,0.0001243781094527363,0.3333333333333333,0.0001243781094527363,0.0,-0.00016988229583788373,0.00037313432835820896,1,0
5000,sgd,CD14 Monocyte-2,Naive T,0.00544181242289713,-0.0027551237403821457,0.015905622318980735,40,37.333333333333336,0.017769126779801237,22.0,0.012327314356904108,7.0,0.0013934706094535043,2.6666666666666665,0.0005187337258615359,21.666666666666668,0.00866636294617005,10.666666666666666,0.004099287406864889,0.002755157747414755,0.0003693373894773595,0.013200942131799277,10,6
5000,sgd,CD14 Monocyte-2,Plasma,0.000383839236835907,-0.0024813472560161233,0.004000616239342839,40,10.666666666666666,0.0031006763067109224,12.0,0.0027168370698750152,2.3333333333333335,0.0009150260506707156,3.0,0.0004745446021042837,6.666666666666667,0.0019261914128043415,7.333333333333333,0.001982833624534866,0.0007232579562836076,-0.0012596784297099106,0.0016879381839340235,6,7
5000,sgd,CD14 Monocyte-2,Tcm,-0.0018897065408890322,-0.007055265721335768,0.00023833757421543681,40,1.3333333333333333,0.00021861747243426632,4.0,0.0021083240133232986,0.0,0.0,0.0,0.0,0.6666666666666666,9.139100932994064e-05,3.3333333333333335,0.0019810975502189726,-0.0010416164456943885,-0.00020325203252032523,-0.004424251144452383,0,0
5000,sgd,CD14 Monocyte-2,cDC2,-0.014813737025338987,-0.0270659086945846,-0.000527451266521424,40,96.66666666666667,0.03065281310034761,142.0,0.045466550125686594,25.333333333333332,0.005922458540058759,24.333333333333332,0.005715775315759698,37.666666666666664,0.011400386373790117,84.0,0.02642080662342816,-0.022695449005381424,-0.011069646619439207,-0.010676115451196325,22,23
5000,sgd,CD14 Monocyte-2,pDC,0.00047816511396991094,-0.0036146002437159367,0.004841966977306331,40,11.333333333333334,0.006288121447281895,11.0,0.005809956333311984,2.3333333333333335,0.00037859077261887783,2.0,0.00018929192220978452,5.666666666666667,0.0023045802559151563,5.666666666666667,0.0020157139923543386,-0.0013935369995032713,0.004061839754171652,-0.0012338074127586484,7,4
5000,sgd,CD14 Monocyte-2,platelet,-3.095985747392317e-05,-0.0004809975589467378,0.000359658196426747,40,1.6666666666666667,0.0002268518518518519,2.0,0.000257811709325775,0.0,0.0,0.0,0.0,1.0,0.00017129629629629632,1.3333333333333333,0.00020225615377021945,-0.0001599446454629382,-1.6268260292164668e-05,8.333333333333334e-05,0,0
5000,sgd,CD14 Monocyte-3,Atypical Memory B,-0.001975561865746944,-0.008491420557684676,0.0003614118386047879,32,5.666666666666667,0.0023448539763816895,4.333333333333333,0.0043204158421286335,1.6666666666666667,8.724176437744276e-05,0.3333333333333333,0.0010416666666666667,1.0,5.5426408959923706e-05,1.0,0.0010765633724176438,-0.0031157559489996263,-0.002863274706867672,5.234505862646566e-05,1,1
5000,sgd,CD14 Monocyte-3,CD14 Monocyte-1,-0.005198985414701286,-0.080216597866268,0.054521264449681424,32,487.3333333333333,0.27569342711497197,408.3333333333333,0.28089241252967323,143.0,0.008553183386063392,101.66666666666667,0.007964214820773955,78.33333333333333,0.05932019328173013,40.666666666666664,0.06510814726172084,0.04159689377230323,-0.03941939487403,-0.01777445514237709,6,7
5000,sgd,CD14 Monocyte-3,CD14 Monocyte-2,0.020613447154591794,-0.022581296014661193,0.08237163915979391,32,13.666666666666666,0.08735355302126373,10.0,0.06674010586667191,0.0,0.0,0.6666666666666666,0.0011811355774909306,7.0,0.0407865860990861,2.6666666666666665,0.018992003367003366,0.061305979991913936,0.0024621212121212124,-0.00192775974025974,0,2
5000,sgd,CD14 Monocyte-3,CD14 Monocyte-3,0.002843019942174797,-0.01853060126513028,0.022429680515073363,32,1323.3333333333333,0.08854280679755148,1338.0,0.08569978685537667,0.0,0.0,0.0,0.0,0.0,0.0,0.0,0.0,0.015549073503245012,-0.002884884674927573,-0.004135129001793051,0,0
5000,sgd,CD14 Monocyte-3,CD16 Monocyte-1,0.02695827426571325,-0.0071302371826008635,0.09268930129321376,32,24.0,0.04384676178339553,31.0,0.016888487517682283,2.0,0.0001171622181261469,5.333333333333333,0.0002724553507842201,7.666666666666667,0.03257502057812973,11.333333333333334,0.0054614531797584085,0.04306888897162644,0.02878176554119624,0.009024168284317065,3,4
5000,sgd,CD14 Monocyte-3,CD16 Monocyte-2,-0.010032552126323287,-0.04295792464457277,0.024856986203891106,32,254.33333333333334,0.08025893738046899,210.0,0.09029148950679228,47.333333333333336,0.002704539186145984,18.666666666666668,0.0012442458462372352,40.333333333333336,0.01754865026393394,24.666666666666668,0.029041495730165973,-0.03267341718213414,-0.0059428878365901435,0.008518648639754415,6,5
5000,sgd,CD14 Monocyte-3,CD16 NK,-0.030946798085845467,-0.07705662961642065,9.367040803909321e-05,32,12.0,0.032293063460304326,67.0,0.06323986154614979,0.3333333333333333,2.3728170083523156e-05,9.0,0.0004297825867697819,5.0,0.005546453279264521,51.333333333333336,0.03608719694842372,-0.05829479530266063,-0.010304732999872395,-0.02424086595500337,1,5
5000,sgd,CD14 Monocyte-3,CD4 + Tcm-1,-0.04932788392316118,-0.13494117640652586,0.016606205810128807,32,15.0,0.048766947717447155,72.0,0.09809483164060835,1.3333333333333333,7.034312878051316e-05,12.333333333333334,0.0016591477336761796,8.666666666666666,0.020705534398156058,54.666666666666664,0.06844461371642159,-0.09500374640647245,-0.011073696765400348,-0.04190620859761077,3,5
5000,sgd,CD14 Monocyte-3,CD4 + Tcm-2,-0.011562576476338982,-0.06680066334769283,0.03896674049747302,32,102.0,0.04739703730830964,155.33333333333334,0.058959613784648625,10.0,0.0008751337408180512,32.0,0.0017502686179494426,27.333333333333332,0.029001293546735113,58.666666666666664,0.03968873514594271,0.009475205382447737,-0.02191885973980361,-0.022244075071661082,6,5
5000,sgd,CD14 Monocyte-3,CD4 Monocyte-4,0.009033882906165,-0.009344396545753164,0.0604438322121147,32,45.0,0.014809494927625675,31.666666666666668,0.0057756120214606755,6.666666666666667,0.0005186434006311385,6.0,0.00030741081738107996,17.0,0.011588199971666673,4.333333333333333,0.0027655496487517307,0.0003119799371606836,-0.005583886414135299,0.03237355519546962,6,3
5000,sgd,CD14 Monocyte-3,CD56 NK,0.05055369854805534,0.0024296608543747126,0.109435271458981,32,337.6666666666667,0.09223710310930262,330.3333333333333,0.0416834045612473,50.0,0.0039016212553545132,52.333333333333336,0.0032162633284911236,78.0,0.058371403383920106,68.33333333333333,0.008503062762728164,0.07649767614656086,0.02944578802652479,0.04571763147108035,7,6
5000,sgd,CD14 Monocyte-3,CD8 + CTL-1,0.0021238394551471706,-0.0028895251048631594,0.008396135120881562,32,90.0,0.010419354519605831,50.333333333333336,0.00829551506445866,23.666666666666668,0.00131205855733296,9.0,0.0006329641409788436,38.0,0.0042865923401427175,13.0,0.0028418473013496633,0.001273019583843435,0.0025417913110927447,0.0025567074705053323,6,5
5000,sgd,CD14 Monocyte-3,CD8 + CTL-2,0.005847858394861044,-0.000790348639545731,0.01715783919051451,32,10.666666666666666,0.010547998195734015,13.0,0.004700139800872972,0.6666666666666666,0.00019105946398659964,2.0,0.00010457300071181281,6.666666666666667,0.006666869309901229,7.666666666666667,0.000905497378314972,0.0083870466705103,0.0046588247263276115,0.004497703787745222,2,3
5000,sgd,CD14 Monocyte-3,CD8 + CTL-3,0.0022035815971848944,0.00018580940543490014,0.006721900549347293,32,18.333333333333332,0.002203581597184894,0.0,0.0,4.333333333333333,0.0002795885710862485,0.0,0.0,14.0,0.0019239930260986457,0.0,0.0,0.0011084890230173361,0.0009373667925917262,0.00456488897594562,3,0
5000,sgd,CD14 Monocyte-3,CD8 Tem-1,-0.014835858585858584,-0.0625,0.000522466039707419,32,2.0,0.03172348484848484,3.3333333333333335,0.04655934343434343,0.0,0.0,0.0,0.0,0.3333333333333333,0.0004734848484848485,1.6666666666666667,0.015309343434343432,-0.03409090909090909,-0.00899621212121212,-0.0014204545454545455,0,0
5000,sgd,CD14 Monocyte-3,CD8 Tem-2,0.0035438695737454243,-0.004274659026687979,0.014762788585595897,32,6.666666666666667,0.02159351378871492,3.3333333333333335,0.0180496442149695,0.3333333333333333,2.4395003903200624e-05,0.0,0.0,3.6666666666666665,0.004700610147333154,0.6666666666666666,0.0011811355774909306,-0.003313537894507148,0.006551053348216213,0.007394093267527208,1,0
5000,sgd,CD14 Monocyte-3,Cycling T,-0.0046197296672611295,-0.016310685785220668,0.0,32,2.6666666666666665,0.00011399908800729594,6.0,0.004733728755268426,0.0,0.0,0.6666666666666666,3.169823887640055e-05,2.6666666666666665,0.00011399908800729594,5.333333333333333,0.004702030516392026,-0.00259996558675315,-0.009753269553570223,-0.0015059538614600174,0,2
5000,sgd,CD14 Monocyte-3,Erythrocyte,2.8499772001823985e-05,0.0,0.00011054457018889303,32,1.6666666666666667,0.007551647920149973,1.0,0.0075231481481481495,0.3333333333333333,1.4249886000911993e-05,0.0,0.0,0.3333333333333333,1.4249886000911993e-05,0.0,0.0,4.274965800273598e-05,4.274965800273598e-05,0.0,1,0
5000,sgd,CD14 Monocyte-3,GCB,-0.000570436507936508,-0.0035052910052910057,0.0007168458781362007,32,0.6666666666666666,0.0013310185185185185,0.6666666666666666,0.0019014550264550263,0.0,0.0,0.0,0.0,0.3333333333333333,0.00017361111111111112,0.3333333333333333,0.000744047619047619,0.0,0.0,-0.0017113095238095238,0,0
5000,sgd,CD14 Monocyte-3,Memory B-1,0.006944444444444444,0.0,0.022988505747126436,32,0.6666666666666666,0.006944444444444444,0.0,0.0,0.0,0.0,0.0,0.0,0.6666666666666666,0.006944444444444444,0.0,0.0,0.0,0.010416666666666666,0.010416666666666666,0,0
5000,sgd,CD14 Monocyte-3,Memory B-2,0.00017361111111111112,0.0,0.0008552631578947337,32,0.3333333333333333,0.00017361111111111112,0.0,0.0,0.0,0.0,0.0,0.0,0.3333333333333333,0.00017361111111111112,0.0,0.0,0.0,0.0005208333333333333,0.0,0,0
5000,sgd,CD14 Monocyte-3,Naive T,0.004562303512453617,-0.017232740003016892,0.030065918381044048,32,117.33333333333333,0.03487148079313879,70.0,0.030309177280685173,22.666666666666668,0.001407053645846143,13.0,0.0006770369978948396,53.0,0.01335082775843942,15.333333333333334,0.009518540893937106,-0.014316579774294768,0.009429067385934605,0.018574422925721017,6,4
5000,sgd,CD14 Monocyte-3,Plasma,-0.0004504235122210028,-0.00259799068132357,0.0001518602885345482,32,0.6666666666666666,4.745634016704631e-05,0.6666666666666666,0.0004978798523880491,0.3333333333333333,2.3728170083523156e-05,0.0,0.0,0.3333333333333333,2.3728170083523156e-05,0.6666666666666666,0.0004978798523880491,7.118451025056947e-05,-0.0014204545454545455,-2.0005014590324008e-06,1,0
5000,sgd,CD14 Monocyte-3,Tcm,-0.007846681042067883,-0.035714335726822186,0.0070467055307704704,32,10.333333333333334,0.0040824758665972205,3.0,0.011929156908665105,1.0,4.9117413904271226e-05,0.0,0.0,9.0,0.002545263214597712,2.6666666666666665,0.010441061670569867,-0.0005890208403845133,-0.005144223985843716,-0.01780679829997542,3,0
5000,sgd,CD14 Monocyte-3,cDC2,0.001970661212228933,-0.05212633989858612,0.0617718455920475,32,92.33333333333333,0.05469550160711597,164.33333333333334,0.052724840394887035,9.333333333333334,0.0005221526459693824,47.333333333333336,0.003005155825986228,29.333333333333332,0.03935300858783888,63.333333333333336,0.034899344195593096,-0.014595451940680425,0.029442564702531114,-0.008935129125163907,5,6
5000,sgd,CD14 Monocyte-3,pDC,-3.350468241638642e-05,-0.00021298144635543094,0.00022159264906530205,32,2.6666666666666665,0.0001564447640023191,3.3333333333333335,0.00018994944641870552,0.0,0.0,0.0,0.0,1.3333333333333333,8.67680638908364e-05,2.0,0.00012027274630722282,-9.500718308634801e-05,7.518551316863427e-05,-8.069237733144554e-05,0,0
5000,sgd,CD14 Monocyte-3,platelet,0.0,0.0,0.0,32,0.0,0.0,0.0,0.0,0.0,0.0,0.0,0.0,0.0,0.0,0.0,0.0,0.0,0.0,0.0,0,0
5000,sgd,CD16 Monocyte-1,Atypical Memory B,-0.0012635994317355854,-0.007960599414192653,0.0029411910257346506,40,62.333333333333336,0.005598940567842536,106.0,0.006862539999578122,24.0,0.0021831587433407767,64.33333333333333,0.0036334818645679585,7.666666666666667,0.0008050142694132841,11.0,0.0006182905799216868,-0.006216308219425386,0.0025546585544775216,-0.0001291486302588926,26,25
5000,sgd,CD16 Monocyte-1,CD14 Monocyte-1,0.0008185720079331855,-0.006011740711196798,0.00665097909630209,40,654.6666666666666,0.04191505896032197,638.3333333333334,0.04109648695238879,165.66666666666666,0.009657667535515549,169.66666666666666,0.010243358268315865,73.66666666666667,0.005241715940203521,53.333333333333336,0.00383745319947002,0.005528241823048498,-0.004665704619189451,0.0015931788199405085,32,33
5000,sgd,CD16 Monocyte-1,CD14 Monocyte-2,-0.0018629864774516672,-0.004441510088331744,0.0004098419926976862,40,99.0,0.00601371306180859,101.66666666666667,0.007876699539260259,29.666666666666668,0.0016079948759825321,31.0,0.003135582043920259,16.0,0.0008129443800833102,17.333333333333332,0.001148343689597251,-0.0024733856217314804,-0.00047968978795142475,-0.002635884022672098,20,24
5000,sgd,CD16 Monocyte-1,CD14 Monocyte-3,-0.000269160075244791,-0.001992161443888266,0.0008515075874255176,40,31.666666666666668,0.0029126881725575217,33.0,0.0031818482478023122,8.0,0.0006130640908124295,9.0,0.0009137693296892801,10.0,0.0008802676018536713,10.333333333333334,0.0008487224382216116,0.0005194912903463777,-0.000810281002295501,-0.0005166905137852499,12,10
5000,sgd,CD16 Monocyte-1,CD16 Monocyte-1,0.012150874394963767,-0.004068988491378306,0.03249000096541964,40,12606.333333333334,0.8506092527188294,12514.333333333334,0.8384583783238657,0.0,0.0,0.0,0.0,0.0,0.0,0.0,0.0,0.021824491448123762,0.007102822838549669,0.007525308898217872,0,0
5000,sgd,CD16 Monocyte-1,CD16 Monocyte-2,-0.005291222439549564,-0.019580981737234132,0.006373936447599403,40,596.3333333333334,0.0469661972694157,618.0,0.052257419708965254,172.66666666666666,0.012000224284338714,197.33333333333334,0.017392238991971638,52.666666666666664,0.004109642402672348,49.666666666666664,0.0040088501345889845,-0.00453519330344034,-0.008291159683163725,-0.003047314332044622,37,39
5000,sgd,CD16 Monocyte-1,CD16 NK,-0.004161965035052984,-0.009534491471029869,0.0011014260354507222,40,41.333333333333336,0.002604662276221227,107.66666666666667,0.006766627311274212,20.0,0.001339465585259442,54.0,0.003495116004406702,9.666666666666666,0.0005734824941337728,42.0,0.002579797110039498,-0.008333426365819598,0.0014768873696883627,-0.005629356109027719,21,30
5000,sgd,CD16 Monocyte-1,CD4 + Tcm-1,-0.0010846386740976644,-0.0050001231458024825,0.0020201815579485452,40,100.66666666666667,0.008490921429411309,103.33333333333333,0.009575560103508974,37.333333333333336,0.002416139617300877,36.0,0.003256641014154252,26.666666666666668,0.0017929832796113258,30.666666666666668,0.002037120556855615,-0.0037347768313676774,0.0007370352166924194,-0.00025617440761773467,25,26
5000,sgd,CD16 Monocyte-1,CD4 + Tcm-2,0.0006648753618070793,4.22756974171523e-05,0.0015290990254440244,40,15.333333333333334,0.0010630726933613542,6.0,0.00039819733155427496,7.333333333333333,0.0005706780883228243,1.6666666666666667,9.304365724436722e-05,7.0,0.00043634669229474735,3.3333333333333335,0.0002491057615661251,0.00027055431680836253,0.0007995967617979067,0.0009244750068149691,11,5
5000,sgd,CD16 Monocyte-1,CD4 Monocyte-4,0.0021134024596848127,-0.000841708024647662,0.005401243224505331,40,202.33333333333334,0.014558358450524412,163.66666666666666,0.012444955990839598,75.0,0.004681721215997552,47.0,0.0032795029944151766,29.333333333333332,0.0024817697105473306,18.666666666666668,0.0017705854724448932,0.003645270995198077,0.0003802745251936532,0.002314661858662708,33,30
5000,sgd,CD16 Monocyte-1,CD56 NK,0.0015162313289179645,0.00046318707218857217,0.0027194338632521597,40,31.666666666666668,0.0022610094441905776,9.333333333333334,0.0007447781152726129,11.333333333333334,0.0008365950927338258,3.0,0.00020551759669034923,16.333333333333332,0.001091160042454794,2.3333333333333335,0.00020600620958030627,0.0017931611309201733,0.0008726002870219349,0.0018829325688117845,15,7
5000,sgd,CD16 Monocyte-1,CD8 + CTL-1,0.0001791772426826838,0.0,0.0004746404996854384,40,3.6666666666666665,0.00021406300956049228,0.6666666666666666,3.488576687780846e-05,1.6666666666666667,8.272793359620945e-05,0.0,0.0,1.6666666666666667,0.00010917195539690691,0.3333333333333333,1.2722646310432571e-05,0.0003202121247902872,0.00017983834388744934,3.748125937031484e-05,5,0
5000,sgd,CD16 Monocyte-1,CD8 + CTL-2,0.00010533911162464707,-1.293166143743398e-05,0.00025821577450297457,40,3.3333333333333335,0.00018077203848036117,1.6666666666666667,7.54329268557141e-05,1.6666666666666667,0.000109646433770026,0.3333333333333333,1.6801075268817204e-05,0.3333333333333333,1.249375312343828e-05,0.0,0.0,0.00015210425891924972,6.345177664974618e-05,0.00010046129930494532,4,1
5000,sgd,CD16 Monocyte-1,CD8 + CTL-3,0.0011267081887739421,0.00018472122235660732,0.002573477052499788,40,12.0,0.0012502875219791982,1.6666666666666667,0.00012357933320525605,5.0,0.0005509581925057657,0.6666666666666666,5.931198102016607e-05,6.0,0.0006350619772883425,0.0,0.0,0.0019651878491053483,0.0009592211949766295,0.0004557155222398489,9,1
5000,sgd,CD16 Monocyte-1,CD8 Tem-1,0.00011168347858087604,-0.00037414526576240827,0.0005958158532419754,40,8.333333333333334,0.0005177250766674473,7.666666666666667,0.00040604159808657115,2.0,0.00011000469142455928,2.3333333333333335,8.379488633223546e-05,3.0,0.00020993458431203357,2.0,0.00012446091082348135,-0.00028421054655813633,0.0004917577757283376,0.00012750320657242686,5,3
5000,sgd,CD16 Monocyte-1,CD8 Tem-2,0.00020805075798954295,1.6747187812990157e-05,0.00043122592380816764,40,6.0,0.0003423943345466076,3.0,0.00013434357655706458,2.0,0.00011734745531695756,0.0,0.0,1.0,9.070330267258537e-05,0.0,0.0,0.0001366120218579235,0.00032651617848114734,0.00016102407362955797,6,0
5000,sgd,CD16 Monocyte-1,Cycling T,-0.0007776213464607485,-0.0017224743627297558,5.9898442167876755e-06,40,9.0,0.000678668267170303,24.0,0.001456289613631051,2.3333333333333335,0.00014151793444097408,9.0,0.0005674470629370483,3.6666666666666665,0.00029725774428391617,12.0,0.0006489499622485903,-0.0003525091963745815,-0.0013232070152122482,-0.0006571478277954156,5,12
5000,sgd,CD16 Monocyte-1,Erythrocyte,-0.0001846715775952237,-0.0004055292873123513,0.0,40,37.333333333333336,0.0022803148128759804,41.0,0.0024649863904712037,0.6666666666666666,5.229071719836891e-05,3.0,0.0001629381263373616,0.3333333333333333,1.2722646310432571e-05,1.6666666666666667,8.674681476666364e-05,-0.00023511496920009816,-0.00019120830783782888,-0.00012769145574774413,2,5
5000,sgd,CD16 Monocyte-1,GCB,2.5971188970739938e-05,0.0,0.0001160815058435175,40,1.6666666666666667,0.00010172876472831569,1.0,7.575757575757576e-05,0.3333333333333333,1.3248542660307367e-05,0.0,0.0,0.3333333333333333,1.2722646310432571e-05,0.0,0.0,0.0,0.0,7.791356691221982e-05,1,0
5000,sgd,CD16 Monocyte-1,Memory B-1,0.00014419607037929977,-0.0001139223655678948,0.0005410432896762265,40,2.6666666666666665,0.00021273025466905042,1.6666666666666667,6.85341842897506e-05,1.3333333333333333,0.00010278005686025263,0.6666666666666666,2.05761316872428e-05,0.6666666666666666,7.448589832972822e-05,0.3333333333333333,1.249375312343828e-05,0.00011369663983764211,-9.920965443204323e-05,0.00041810122573230046,4,1
5000,sgd,CD16 Monocyte-1,Memory B-2,0.0,0.0,0.0,40,2.0,7.108427910959496e-05,2.0,7.108427910959496e-05,0.0,0.0,0.0,0.0,0.0,0.0,0.0,0.0,0.0,0.0,0.0,0,0
5000,sgd,CD16 Monocyte-1,Naive T,0.0007065765914593133,-0.00017726333493040179,0.0021506843555068223,40,13.333333333333334,0.0015922037740485053,6.666666666666667,0.000885627182589192,5.333333333333333,0.0006537005467813698,2.0,0.00011017485143206433,5.666666666666667,0.0003695301458490859,2.3333333333333335,0.00020647924973907794,0.0004744260643989454,-1.985624081648862e-05,0.0016651599507954828,10,4
5000,sgd,CD16 Monocyte-1,Plasma,-9.901910924046103e-06,-0.00032341484611751124,0.00032975579715252025,40,6.0,0.00039014841501361277,6.333333333333333,0.00040005032593765885,2.6666666666666665,0.00019579313019815324,1.6666666666666667,0.00011978385841055363,2.0,0.00011258836757292304,3.3333333333333335,0.00019849955028456868,7.733567910672644e-05,-0.00011521793371160359,8.176521832738874e-06,6,5
5000,sgd,CD16 Monocyte-1,Tcm,-0.0002617022294263865,-0.002579527444968919,0.0011431931142090446,40,9.333333333333334,0.0006085197801561701,7.0,0.0008702220095825566,2.3333333333333335,0.00014990551973528046,4.333333333333333,0.000572010459619833,6.0,0.0003880894135547052,1.6666666666666667,0.00022768670309653916,6.267456819018924e-05,0.0001387220199568307,-0.0009865032764261794,5,2
5000,sgd,CD16 Monocyte-1,cDC2,-0.005130780870991233,-0.011960626376971241,1.8352245166495699e-06,40,107.66666666666667,0.0076878266337457625,165.33333333333334,0.012818607504736998,33.666666666666664,0.0020107153807976588,72.33333333333333,0.005344800863597617,23.666666666666668,0.0016055137636178801,42.666666666666664,0.0034022091518091553,-0.011402827896266734,-0.00041277932905695454,-0.003576735387650014,27,31
5000,sgd,CD16 Monocyte-1,pDC,0.0004146641937868947,-2.9371917406493987e-05,0.0008602317413048245,40,13.0,0.0008104364296767108,6.0,0.00039577223588981605,6.333333333333333,0.00038345346374678166,1.0,3.7710152557309135e-05,4.0,0.00026326039270460486,2.3333333333333335,0.00019433951010718273,0.0006842927395324611,0.00036467635854657327,0.00019502348328164987,13,2
5000,sgd,CD16 Monocyte-1,platelet,1.192769097514077e-05,-7.94912559618442e-05,0.00015105740181268882,40,1.0,6.722156308736051e-05,1.0,5.529387211221974e-05,0.3333333333333333,2.5176233635448137e-05,0.3333333333333333,1.3248542660307367e-05,0.0,0.0,0.0,0.0,0.0,-3.97456279809221e-05,7.552870090634441e-05,1,1
5000,sgd,CD16 Monocyte-2,Atypical Memory B,-0.0023583141447581077,-0.008635236653565956,0.0008947152520395899,40,22.0,0.01106145608778169,28.0,0.0134197702325398,4.333333333333333,0.0010524983309303662,9.0,0.002885183262281985,2.0,0.00020716641926439054,3.3333333333333335,0.0007327956326708794,-0.007134337901694923,0.0007638109898181129,-0.0007044155223975115,7,9
5000,sgd,CD16 Monocyte-2,CD14 Monocyte-1,0.010710473788932926,-0.003532127126771105,0.028591137721020066,40,424.0,0.09834395742991313,377.6666666666667,0.08763348364098018,71.66666666666667,0.015081180496896891,42.333333333333336,0.012702935666493257,67.0,0.023318945972012145,50.0,0.014986717013482856,0.011513754876064694,0.011462387850661051,0.009155278640073034,28,30
5000,sgd,CD16 Monocyte-2,CD14 Monocyte-2,0.0020181336101206507,-0.014019710097933657,0.013853299804606506,40,204.0,0.07458568017409146,179.66666666666666,0.07256754656397081,35.0,0.010253862818059097,18.0,0.010096583476727325,45.333333333333336,0.01616837445045666,38.0,0.014307520181667782,0.00896614593452387,-0.001394866905891747,-0.001516878198270169,23,22
5000,sgd,CD16 Monocyte-2,CD14 Monocyte-3,0.0027249301057059292,-0.00022282005158863187,0.005928220708741216,40,58.0,0.008062605955695806,43.666666666666664,0.005337675849989877,18.0,0.002098038396072468,12.666666666666666,0.001183265618098687,18.333333333333332,0.0032673617735004875,9.333333333333334,0.001457204445768339,0.004729449503592683,0.0011944845805043278,0.0022508562330207783,16,9
5000,sgd,CD16 Monocyte-2,CD16 Monocyte-1,0.0007281032137279632,-0.009406724292874378,0.010471896780726212,40,534.6666666666666,0.1440331598576928,524.6666666666666,0.14330505664396484,78.33333333333333,0.02087526830906719,80.33333333333333,0.01936990419883149,45.333333333333336,0.007022842949285096,33.333333333333336,0.007800103845792833,0.0012288717731604177,0.0021218038032130536,-0.0011663659351895822,30,33
5000,sgd,CD16 Monocyte-2,CD16 Monocyte-2,-0.007315468305942446,-0.03061800489312498,0.018022032576630737,40,3564.0,0.571797181623109,3624.6666666666665,0.5791126499290515,0.0,0.0,0.0,0.0,0.0,0.0,0.0,0.0,-0.01170618557941058,-0.003417881748878236,-0.006822337589538524,0,0
5000,sgd,CD16 Monocyte-2,CD16 NK,-0.014337494684570469,-0.030314181210788344,-0.0029098964370789654,40,20.0,0.006856841265519463,52.0,0.021194335950089932,2.3333333333333335,0.000619789742614929,11.333333333333334,0.00423479963746326,6.333333333333333,0.003075456714092468,29.333333333333332,0.013797941503814604,-0.01910157496816273,-0.009066477468384548,-0.01484443161716413,4,18
5000,sgd,CD16 Monocyte-2,CD4 + Tcm-1,-0.005827739218704955,-0.01687931800685743,0.0031051533155067625,40,32.333333333333336,0.01331223028599554,47.333333333333336,0.01913996950470049,6.666666666666667,0.00394504163532372,7.0,0.0037609894703530323,13.666666666666666,0.004239654642852696,28.333333333333332,0.01025144602652834,-0.008937783843346325,-0.0016064823044242519,-0.006938951508344285,13,13
5000,sgd,CD16 Monocyte-2,CD4 + Tcm-2,0.0013077604505088124,-0.005242874888022952,0.006299389884447709,40,27.333333333333332,0.007015877079379331,22.666666666666668,0.005708116628870518,6.666666666666667,0.002257979474684523,3.6666666666666665,0.0010005063337059261,11.0,0.003297691162969183,9.333333333333334,0.003247403853438967,0.0039057274279263496,-0.003753024782542077,0.003770578706142165,14,8
5000,sgd,CD16 Monocyte-2,CD4 Monocyte-4,4.305879111388336e-05,-0.003352557218613557,0.003480615643324667,40,34.0,0.005700534270832294,37.666666666666664,0.00565747547971841,9.666666666666666,0.0012524326601832747,7.333333333333333,0.00095380494756742,6.0,0.0011803095081551211,12.0,0.0014358784296570927,-0.0006830738563796191,0.00285720043798572,-0.002044950208264451,9,10
5000,sgd,CD16 Monocyte-2,CD56 NK,0.0071421472664345495,-0.000313384513135091,0.015540645152723185,40,86.33333333333333,0.015596352008445821,61.0,0.008454204742011272,20.333333333333332,0.0035509345752763755,13.0,0.0020586122757786287,38.333333333333336,0.008684193616746695,20.333333333333332,0.003034368649809892,0.013618812282236136,0.0019002220703387915,0.005907407446728725,22,12
5000,sgd,CD16 Monocyte-2,CD8 + CTL-1,0.001198689926366839,-0.00026798072579598556,0.0037938166756064117,40,5.666666666666667,0.0014596679345914056,2.3333333333333335,0.0002609780082245664,1.3333333333333333,0.0003911021744306643,0.0,0.0,3.6666666666666665,0.001035232426827408,1.6666666666666667,0.00022764467489123309,0.0013498289009580152,0.0017104833422730795,0.0005357575358694222,4,0
5000,sgd,CD16 Monocyte-2,CD8 + CTL-2,0.0004087018980294866,-0.0002585433168566621,0.0014728772222762179,40,5.666666666666667,0.0011204147811515839,3.0,0.0007117128831220972,1.3333333333333333,0.0002780736422800924,0.0,0.0,2.3333333333333335,0.0004517628824395764,1.0,0.0003211346266901822,0.00022727272727272727,-0.00011816002554067515,0.0011169929923564076,4,0
5000,sgd,CD16 Monocyte-2,CD8 + CTL-3,0.00026094616169135775,-7.936507936507937e-05,0.0008024333108654729,40,2.3333333333333335,0.0002874011881463842,0.3333333333333333,2.6455026455026456e-05,0.3333333333333333,9.920634920634919e-05,0.0,0.0,2.0,0.00018819483894003502,0.3333333333333333,2.6455026455026456e-05,0.0005036089070640075,0.00035859465737514515,-7.936507936507937e-05,1,0
5000,sgd,CD16 Monocyte-2,CD8 Tem-1,0.0030435634090108603,-0.006163801782229414,0.011243496637956655,40,17.666666666666668,0.011336454681840679,14.666666666666666,0.008292891272829818,3.3333333333333335,0.003390460322483311,1.3333333333333333,0.002565222897669706,7.333333333333333,0.004513163355437865,6.333333333333333,0.002294837371240609,0.006264536870596374,-0.001957229943469512,0.004823383299905721,9,4
5000,sgd,CD16 Monocyte-2,CD8 Tem-2,0.00032581461487750564,-0.0016279847840752286,0.002465470417678199,40,4.333333333333333,0.0012179184160537187,3.0,0.000892103801176213,2.0,0.0005002632482277315,1.3333333333333333,0.0005383505383505385,1.6666666666666667,0.0006848467688758559,1.0,0.00032094486387554335,-0.001166956601855191,0.0008992062789531143,0.0012451941675345932,5,3
5000,sgd,CD16 Monocyte-2,Cycling T,-0.00039741796495810366,-0.002301988596050168,0.0023126892111227943,40,3.6666666666666665,0.0012840944502040621,6.0,0.0016815124151621657,1.0,0.0009057971014492754,1.0,0.0002739907151671858,1.3333333333333333,0.00020470664087685365,3.6666666666666665,0.001233930992117047,-0.0013066886971014116,-0.0006068678089945211,0.0007213026112216223,2,3
5000,sgd,CD16 Monocyte-2,Erythrocyte,-0.0001243781094527363,-0.0007462686567164178,0.0,40,8.0,0.004105926851869015,8.333333333333334,0.004230304961321751,0.0,0.0,0.0,0.0,0.0,0.0,0.3333333333333333,0.0001243781094527363,0.0,-0.00037313432835820896,0.0,0,0
5000,sgd,CD16 Monocyte-2,GCB,3.546099290780142e-05,-0.00039682539682539677,0.000503208375548801,40,0.6666666666666666,0.0001346673421141506,0.3333333333333333,9.920634920634919e-05,0.0,0.0,0.0,0.0,0.6666666666666666,0.0001346673421141506,0.3333333333333333,9.920634920634919e-05,-0.0002976190476190476,0.0002976190476190476,0.00010638297872340425,0,0
5000,sgd,CD16 Monocyte-2,Memory B-1,0.0007293661994127093,-0.0006285869047945895,0.00235760162263711,40,3.0,0.0014342979812799602,2.3333333333333335,0.000704931781867251,0.6666666666666666,0.0002490794888455707,0.6666666666666666,0.00017863823419378975,1.6666666666666667,0.0009549340709734975,1.0,0.0002960091262125691,0.0011964628362477823,0.0006357064800047256,0.00035592928198562,2,2
5000,sgd,CD16 Monocyte-2,Memory B-2,0.0,0.0,0.0,40,0.0,0.0,0.0,0.0,0.0,0.0,0.0,0.0,0.0,0.0,0.0,0.0,0.0,0.0,0.0,0,0
5000,sgd,CD16 Monocyte-2,Naive T,0.0016394914600723221,-0.0008389662064799388,0.004228262405612644,40,16.333333333333332,0.004047797651963047,10.666666666666666,0.002408306191890724,3.6666666666666665,0.0010665872470487423,2.0,0.0004000016384656006,8.666666666666666,0.0019027272657979627,4.666666666666667,0.0009298214143087822,0.0015828115100182405,0.0019012595449284541,0.0014344033252702726,9,4
5000,sgd,CD16 Monocyte-2,Plasma,0.0006544768214129083,-0.001365923896573448,0.00316098999338749,40,2.6666666666666665,0.0014013232226557672,3.0,0.0007468464012428587,1.6666666666666667,0.0005772486237101288,0.6666666666666666,0.0002487562189054726,1.0,0.0008240745989456379,2.3333333333333335,0.000498090182337386,0.0005304707668599491,-0.0003654233995991905,0.0017983830969779656,5,1
5000,sgd,CD16 Monocyte-2,Tcm,9.675855093381628e-05,-0.0008063222168924116,0.000986729850709117,40,2.3333333333333335,0.00039018578098076463,1.6666666666666667,0.0002934272300469483,1.0,0.00019802786240393985,0.3333333333333333,5.868544600938968e-05,1.0,0.00013347247256743512,1.0,0.00017605633802816902,0.0006516222369794138,0.00016682242990654204,-0.000528169014084507,3,1
5000,sgd,CD16 Monocyte-2,cDC2,-0.0032402957987909754,-0.010550597871697041,0.0037834456751094027,40,55.0,0.012738894472840679,81.66666666666667,0.015979190271631652,15.0,0.004152831549047907,13.333333333333334,0.0035725588949574723,16.333333333333332,0.004328735269565779,44.666666666666664,0.00814930372244719,-0.0066971144129325585,-0.005478282095797231,0.0024545091123568618,18,20
5000,sgd,CD16 Monocyte-2,pDC,0.0004303503074812561,-0.001979540648499259,0.0031657972742309384,40,7.333333333333333,0.0025544680509623366,5.333333333333333,0.00212411774348108,3.0,0.0010923026336345312,1.3333333333333333,0.000489748904914467,2.3333333333333335,0.0007481896281960319,2.0,0.0009203930494348398,0.0007619583550017326,0.0015595873229903951,-0.0010304947555483594,9,4
5000,sgd,CD16 Monocyte-2,platelet,0.00010288065843621399,0.0,0.00041152263374485596,40,0.6666666666666666,0.00012061115489011469,0.3333333333333333,1.773049645390071e-05,0.0,0.0,0.0,0.0,0.3333333333333333,0.00010288065843621399,0.0,0.0,0.0,0.00030864197530864197,0.0,0,0
5000,sgd,CD16 NK,Atypical Memory B,-0.0006175859950706197,-0.004416525076237539,0.0011287954498185471,40,158.33333333333334,0.002730897649474251,249.66666666666666,0.0033484836445448712,39.0,0.0006200339382568916,87.0,0.0008683390044542867,28.333333333333332,0.0005219041625889686,71.66666666666667,0.0008911850914621928,-0.003690038498030178,0.0010222491180667443,0.0008150313947515753,28,17
5000,sgd,CD16 NK,CD14 Monocyte-1,0.001013333173703894,0.0003418195205650873,0.0016432620959999078,40,169.66666666666666,0.0032986411961721768,119.33333333333333,0.0022853080224682827,56.333333333333336,0.0009656187486143486,26.0,0.00048363405815868575,64.33333333333333,0.0013977135249027574,44.333333333333336,0.0008663650416545263,0.0012714309861956577,0.0007305770066655104,0.0010379915282505137,31,27
5000,sgd,CD16 NK,CD14 Monocyte-2,0.0010271377375883771,-4.099240720515654e-05,0.0020454832929348186,40,277.3333333333333,0.006052721128502882,217.0,0.005025583390914505,53.0,0.0009331448788416724,25.0,0.0005166475015899681,89.66666666666667,0.0020855684323840607,57.333333333333336,0.0014749280720473875,0.0011628354736650816,0.0005602702729051434,0.0013583074661949063,24,23
5000,sgd,CD16 NK,CD14 Monocyte-3,0.0024862996559665974,0.001215801658453676,0.0040707732169953876,40,177.33333333333334,0.0043016398965401,85.0,0.0018153402405735024,65.0,0.001111595466164486,18.666666666666668,0.00032351137667244813,73.66666666666667,0.002323997766295716,27.666666666666668,0.0006257821998211563,0.002317059098229673,0.0021593020243721095,0.0029825378452980112,36,19
5000,sgd,CD16 NK,CD16 Monocyte-1,0.0006217508234275047,-0.00014359137068001228,0.0013184920138952557,40,130.66666666666666,0.0025083446808527973,99.33333333333333,0.0018865938574252929,57.333333333333336,0.001028649600117671,35.0,0.0005482448898059992,46.666666666666664,0.0009512354472314958,37.666666666666664,0.000809889334115663,0.0009254749674375281,0.00031951234531689816,0.0006202651575280876,30,23
5000,sgd,CD16 NK,CD16 Monocyte-2,0.0007990346546130038,0.00012188512979704134,0.0015105671735906115,40,137.66666666666666,0.0026568324396754953,88.33333333333333,0.0018577977850624922,52.0,0.0008588141738135272,18.0,0.00034061258947556565,41.666666666666664,0.0008874056759441903,26.333333333333332,0.0006065726056691484,0.001296359171855261,0.0005682462408884017,0.0005324985510953481,30,22
5000,sgd,CD16 NK,CD16 NK,-0.03310144580388635,-0.06378379824045864,0.0007797367413406831,40,35355.666666666664,0.5238300590962854,38071.0,0.5569315049001717,0.0,0.0,0.0,0.0,0.0,0.0,0.0,0.0,-0.04035013753349952,-0.020693738391911097,-0.03826046148624842,0,0
5000,sgd,CD16 NK,CD4 + Tcm-1,-0.005972393569636979,-0.017730827043060376,0.004500848870797375,40,3405.6666666666665,0.06090674582185771,3551.6666666666665,0.06687913939149469,989.6666666666666,0.015530721433608207,672.6666666666666,0.011626981913784128,575.0,0.010845847628421062,1038.0,0.020721980717882123,-0.000674532234937663,-0.0023400337848947564,-0.014902614689078525,34,37
5000,sgd,CD16 NK,CD4 + Tcm-2,0.002281078340374937,0.00030334009379761706,0.004103782104083933,40,273.6666666666667,0.006224143875975481,168.66666666666666,0.003943065535600545,69.33333333333333,0.0012541856981815186,27.0,0.0004946600647530227,141.33333333333334,0.003522166836714812,78.66666666666667,0.002000614129768372,0.002991916628222986,0.0009912114976050527,0.002860106895296771,35,28
5000,sgd,CD16 NK,CD4 Monocyte-4,0.0004403853672760619,0.0001446853459309755,0.0007213088887176312,40,85.0,0.001550927877314712,57.0,0.0011105425100386504,19.666666666666668,0.0003144874397642836,5.0,9.035116642606099e-05,20.333333333333332,0.00038665735932558485,7.0,0.00017040826538774556,0.00038774313723052324,0.0003610455500983955,0.0005723674144992669,26,10
5000,sgd,CD16 NK,CD56 NK,0.008134583031634222,-0.024055863535363417,0.0354031712457023,40,4671.333333333333,0.11475805221639723,3882.6666666666665,0.10662346918476302,1710.0,0.030908846929224753,964.6666666666666,0.021157368963008443,810.6666666666666,0.02053104501842052,767.3333333333334,0.02214793995300261,0.028140680497117942,-0.017978505765784386,0.014241574363569117,40,40
5000,sgd,CD16 NK,CD8 + CTL-1,0.00418853007845589,-0.0024153882557754265,0.010310801041957742,40,1138.3333333333333,0.027494024252988313,871.0,0.023305494174532416,318.6666666666667,0.005495820576852106,126.0,0.002896915982720243,325.3333333333333,0.008989446493392804,250.66666666666666,0.007399821009068775,0.006576671472308436,2.3057303340713597e-05,0.005965861459718523,39,38
5000,sgd,CD16 NK,CD8 + CTL-2,0.00630080368279505,-0.0024590938257844186,0.015615902396698961,40,839.6666666666666,0.02069415661048023,547.6666666666666,0.014393352927685179,340.6666666666667,0.00634372312563201,144.66666666666666,0.0033578526670887177,258.0,0.008023048970958756,162.0,0.0047081157467069945,0.003951131476369024,0.008549099520820969,0.006402180051195164,39,32
5000,sgd,CD16 NK,CD8 + CTL-3,-0.0023327752142855754,-0.0318674697879972,0.017094891104258093,40,1067.6666666666667,0.02869109318992639,548.3333333333334,0.03102386840421197,463.6666666666667,0.00817857254860377,139.66666666666666,0.009458760031929239,384.3333333333333,0.010150950652212675,189.0,0.011203538383172779,-0.00907008568532732,0.005346924000441521,-0.003275163957970925,37,22
5000,sgd,CD16 NK,CD8 Tem-1,0.008514326750088582,4.018215358841385e-07,0.015695053777149828,40,4223.333333333333,0.07820401566712064,3657.0,0.06968968891703205,1268.0,0.020896556826348247,777.3333333333334,0.0137209056998659,681.3333333333334,0.013234906095655766,605.6666666666666,0.011896230472049527,0.00877051516368991,0.012924051776178513,0.003848413310397325,32,35
5000,sgd,CD16 NK,CD8 Tem-2,-0.0058481844289744464,-0.0345678983876575,0.008876043766305878,40,1547.3333333333333,0.02805890798775192,2671.6666666666665,0.03390709241672637,513.6666666666666,0.007597379180243478,1300.3333333333333,0.012604535398183453,313.3333333333333,0.007666797574699528,651.0,0.008507825785733997,-0.030062778274423378,0.007056858275676229,0.005461366711823802,38,35
5000,sgd,CD16 NK,Cycling T,0.0016985953305521482,-0.006965686778324081,0.010474651195285775,40,1704.6666666666667,0.026012075530262455,1389.6666666666667,0.024313480199710313,679.3333333333334,0.008985279402024524,314.0,0.005142124832967745,306.6666666666667,0.005409707464917824,357.0,0.007554266703422455,0.009856656225647475,-0.006085072068598859,0.001324201834607828,36,39
5000,sgd,CD16 NK,Erythrocyte,-0.0004108837133889913,-0.0011001285506206512,0.0002426892968309822,40,333.6666666666667,0.004827690753456088,388.6666666666667,0.005238574466845079,18.666666666666668,0.0003423052556420885,35.666666666666664,0.0004168931733881652,9.666666666666666,0.00023161390800682813,47.666666666666664,0.0005679097036497427,-0.0004471455822470575,-0.00045659370436093897,-0.0003289118535589777,14,17
5000,sgd,CD16 NK,GCB,0.002210982770479693,-0.00011921459579919382,0.003811603099707856,40,279.0,0.005217625211267551,158.0,0.003006642440787858,116.0,0.001816194213868412,52.0,0.0011565245645923222,93.33333333333333,0.0022866947019485866,36.333333333333336,0.000735381580744984,0.0016213597553932785,0.001963857876567116,0.003047730679478683,38,24
5000,sgd,CD16 NK,Memory B-1,0.0005793596321223287,-0.00055592629265548,0.0014890491057708282,40,243.33333333333334,0.004801532864384689,229.66666666666666,0.0042221732322623605,72.66666666666667,0.001186591227196744,50.0,0.0007738916295127264,100.66666666666667,0.002093350888496447,109.66666666666667,0.0019266908540581358,0.0011778125706345087,7.178414282758368e-05,0.000488482182904893,28,23
5000,sgd,CD16 NK,Memory B-2,0.0004848951244460324,0.00019853560444723937,0.0008192733786719153,40,47.0,0.0009575522335337969,20.666666666666668,0.00047265710908776424,15.0,0.00023979828352431793,3.3333333333333335,6.035182611844719e-05,18.333333333333332,0.0004076358752225239,3.6666666666666665,0.00010218720818236218,0.00029864273226649235,0.000508309056602725,0.00064773358446888,21,7
5000,sgd,CD16 NK,Naive T,0.0009657801962695327,-0.004492154388628405,0.004167974350170509,40,350.0,0.00775844236192452,285.0,0.0067926621656549885,115.33333333333333,0.002004165412701898,40.333333333333336,0.0007994783079843653,146.0,0.0034568347708599317,156.0,0.0036957416793079317,0.002891646844661105,-0.0029382382471296728,0.0029439319912771657,35,31
5000,sgd,CD16 NK,Plasma,-0.00040821351757039533,-0.002372544571111701,0.0007014141629130542,40,72.66666666666667,0.0014491394535762984,85.66666666666667,0.0018573529711466933,26.666666666666668,0.0004700489782798278,31.0,0.0007083484578714424,31.333333333333332,0.0007283197278088105,40.0,0.0008982337657875912,-0.001847974534604601,0.0002013763008924481,0.000421957681000967,27,25
5000,sgd,CD16 NK,Tcm,0.005369543261996503,-0.02476862817890097,0.023975508922520157,40,1485.3333333333333,0.030718745042436126,834.0,0.02534920178043962,739.3333333333334,0.01068713624991191,270.0,0.008377104807524774,404.3333333333333,0.010210493518964164,222.33333333333334,0.007150981699354797,0.010257181254897624,0.005898884994705994,-4.743646361410891e-05,39,31
5000,sgd,CD16 NK,cDC2,0.000675646149510513,-0.00010064571089655299,0.0014799321870873324,40,124.33333333333333,0.0024851326072194784,82.0,0.0018094864577089655,48.0,0.0008620376067314028,19.0,0.00042717625173625844,54.0,0.0011456133002605516,40.666666666666664,0.000904828505745183,0.0007792298183865495,0.0006534756496787088,0.0005942329804662801,29,24
5000,sgd,CD16 NK,pDC,0.0007624871109204984,6.97602220946658e-05,0.0015602579926467216,40,134.66666666666666,0.002409428053415745,83.0,0.001646940942495247,64.33333333333333,0.0010440095602351354,20.666666666666668,0.0003660172635442155,41.333333333333336,0.0007963237911482332,33.333333333333336,0.0007118289769186551,0.0013682587527510017,0.00024332202135334425,0.0006758805586571493,33,25
5000,sgd,CD16 NK,platelet,0.00013692937059197778,-0.00021896531263105773,0.0004766762106697029,40,73.66666666666667,0.0014014323012074795,65.33333333333333,0.001264502930615502,20.0,0.0003148765617503272,13.0,0.00017191508909058603,16.333333333333332,0.00030598041053095046,15.0,0.0003120125125987139,0.0001000863161096373,0.0003387669876755893,-2.806519200929322e-05,20,19
5000,sgd,CD4 + Tcm-1,Atypical Memory B,-0.0056108391615347685,-0.021934613882738267,0.0019051099304001463,40,368.6666666666667,0.0047759449511078494,1055.0,0.010386784112642619,74.0,0.0009174049310110552,390.6666666666667,0.0033963826048892805,77.66666666666667,0.0010386446368423601,447.3333333333333,0.004170506124498904,-0.019714509439793367,0.001644702541326397,0.0012372894138626615,32,21
5000,sgd,CD4 + Tcm-1,CD14 Monocyte-1,0.001832264770271966,0.0006299909249663817,0.0029774674785348234,40,539.6666666666666,0.0074789212779759915,411.3333333333333,0.005646656507704027,176.66666666666666,0.002312725323860857,84.33333333333333,0.0011038891318625014,201.66666666666666,0.002878782476688626,165.66666666666666,0.0022553538984150154,0.0019607678376797983,0.0011822135999573677,0.0023538128731787314,33,32
5000,sgd,CD4 + Tcm-1,CD14 Monocyte-2,0.0035204987712765708,0.0006096675457541174,0.006624389185104622,40,1268.3333333333333,0.01766688543108628,925.6666666666666,0.014146386659809709,299.3333333333333,0.003853529194826058,120.66666666666667,0.0019335815437852395,419.6666666666667,0.005877209604611478,255.66666666666666,0.004276658484375725,0.005129999201577612,0.0021606332414967427,0.00327086387075536,31,33
5000,sgd,CD4 + Tcm-1,CD14 Monocyte-3,0.004384464172247461,0.002330056357560025,0.0067960675331510505,40,349.0,0.006584357965226825,135.66666666666666,0.0021998937929793637,97.66666666666667,0.001391054133670102,29.333333333333332,0.0004159921034538394,195.0,0.004264227666772533,50.0,0.0008548255247413328,0.004240425057861068,0.0038688704506365883,0.005044097008244727,36,26
5000,sgd,CD4 + Tcm-1,CD16 Monocyte-1,0.0010447257316773088,8.445197881710161e-05,0.002118875774478014,40,351.6666666666667,0.00501199634074118,285.3333333333333,0.0039672706090638716,132.0,0.0018027706735653948,61.666666666666664,0.0008008665457946606,145.0,0.0021193652316980802,149.0,0.002076543627791505,0.0014069623123107934,0.0006675424192496575,0.0010596724634714758,31,30
5000,sgd,CD4 + Tcm-1,CD16 Monocyte-2,0.0016106662697270636,0.0005813966679876366,0.0026482374934564943,40,392.0,0.005335798805708575,255.33333333333334,0.0037251325359815113,127.0,0.0015879420260450066,46.666666666666664,0.000682210627925924,161.33333333333334,0.00235531597937445,105.0,0.0016503811077664694,0.0017559983827715297,0.0009732959972032966,0.0021027044292063653,33,33
5000,sgd,CD4 + Tcm-1,CD16 NK,-0.004068458044952409,-0.016642808515701674,0.007620563288364406,40,4616.0,0.06655266163212846,4982.666666666667,0.07062111967708089,975.3333333333334,0.012958556598725105,800.6666666666666,0.010349573305529632,1142.0,0.01713120311784549,1683.3333333333333,0.023808644455993372,0.007865101096197726,-0.008384804313772299,-0.011685670917282657,36,34
5000,sgd,CD4 + Tcm-1,CD4 + Tcm-1,-0.041989948553822216,-0.08366435250871182,-0.001009240958825356,40,33343.666666666664,0.4112378195910269,36944.666666666664,0.45322776814484905,0.0,0.0,0.0,0.0,0.0,0.0,0.0,0.0,-0.033838206785541634,-0.01823843147392604,-0.073893207401999,0,0
5000,sgd,CD4 + Tcm-1,CD4 + Tcm-2,0.014114625744519002,-0.0050993077571492304,0.03389774397886069,40,3925.6666666666665,0.08817612652281169,3103.3333333333335,0.07406150077829267,1076.6666666666667,0.015425868863061534,483.6666666666667,0.008339663272896085,1074.0,0.02659449419171912,844.6666666666666,0.019566074037365554,0.022220199606049727,0.0023954302874978468,0.017728247340009436,39,40
5000,sgd,CD4 + Tcm-1,CD4 Monocyte-4,0.0014178896705528677,0.0008630012972664557,0.0021906973957385354,40,252.33333333333334,0.0034964164745130096,148.66666666666666,0.0020785268039601418,67.33333333333333,0.0009374243460570429,16.666666666666668,0.0002315218506611924,81.66666666666667,0.0011324846367554472,28.666666666666668,0.00042049746159843036,0.001004750969232969,0.0016635597031954303,0.0015853583392302032,34,20
5000,sgd,CD4 + Tcm-1,CD56 NK,0.006487064360409728,-0.0007277455167848606,0.012838517563934218,40,1289.3333333333333,0.020993299321322934,807.0,0.014506234960913208,366.6666666666667,0.005070240915831082,113.33333333333333,0.0018007491829336814,593.6666666666666,0.010425276728368306,364.6666666666667,0.007207704100855979,0.009156110452003697,0.0008434478242911106,0.009461634804934376,37,37
5000,sgd,CD4 + Tcm-1,CD8 + CTL-1,0.001454016546129897,-0.005173029722145494,0.006823996782893533,40,996.0,0.019357327853496444,786.3333333333334,0.017903311307366547,249.33333333333334,0.003509942333764622,92.0,0.0017572887550570575,412.3333333333333,0.008425448500742451,360.0,0.00872408553332012,0.0015603742852042986,-0.0025287869395550716,0.005330462292740464,37,37
5000,sgd,CD4 + Tcm-1,CD8 + CTL-2,0.006699278892645118,0.0029996288535105247,0.01091676284541974,40,920.6666666666666,0.016361944491216095,459.3333333333333,0.009662665598570978,278.0,0.0039294190056404985,72.0,0.0013509608757932244,425.3333333333333,0.00819633889939335,170.0,0.004075518136595506,0.006595667301775599,0.00753102968848416,0.0059711396876756,38,31
5000,sgd,CD4 + Tcm-1,CD8 + CTL-3,-0.002633426755609005,-0.03396788479738137,0.018597989641502232,40,1735.3333333333333,0.030589789536058936,736.6666666666666,0.03322321629166795,764.6666666666666,0.008887790058220948,108.66666666666667,0.006312243160258851,687.0,0.012436560237038331,344.3333333333333,0.01764553389060943,-0.00795256171077591,0.0020900274116883123,-0.0020377459677394156,38,24
5000,sgd,CD4 + Tcm-1,CD8 Tem-1,0.0052321982746290204,-0.007138008036184491,0.014232778279648778,40,6584.666666666667,0.08556961896055433,5970.0,0.08033742068592531,1612.0,0.019085265748175265,1087.0,0.013373198187048007,1381.0,0.017902824720670726,1291.3333333333333,0.018382694007168965,0.00818789657253409,0.00849789957495532,-0.000989201323602349,32,37
5000,sgd,CD4 + Tcm-1,CD8 Tem-2,-0.007996050386472065,-0.04269179105480749,0.009038962987871848,40,2164.0,0.03183673051480244,3341.3333333333335,0.039832780901274505,565.3333333333334,0.007275580005524407,963.6666666666666,0.00977042407393999,562.6666666666666,0.009834312889564985,1341.6666666666667,0.01533551920762147,-0.036438656646212965,0.007206562417256335,0.00524394306954043,37,35
5000,sgd,CD4 + Tcm-1,Cycling T,5.9596376060679894e-05,-0.008791932236947022,0.006470093263258372,40,1823.3333333333333,0.023855752126365887,1652.6666666666667,0.023796155750305206,500.0,0.0061996093905151315,343.6666666666667,0.004778310148811741,556.6666666666666,0.00754507639190995,542.3333333333334,0.008906779257552662,0.005616767498487064,-0.006356899542053897,0.0009189211717488748,35,36
5000,sgd,CD4 + Tcm-1,Erythrocyte,-0.002500381114774865,-0.006661697325404797,-0.000279863253561209,40,494.0,0.006069880393469829,989.0,0.008570261508244694,16.333333333333332,0.0002016307491141896,304.6666666666667,0.0016204589579727482,15.666666666666666,0.00038636020110307677,222.33333333333334,0.0014679131070193827,-0.002374009544454415,-0.0022808967079522282,-0.0028462370919179517,9,22
5000,sgd,CD4 + Tcm-1,GCB,0.00227432255064795,-0.000256960520048617,0.004112941333137248,40,429.0,0.00636066069376118,263.6666666666667,0.004086338143113229,127.0,0.0015687436402253832,53.0,0.0007832986288595168,183.66666666666666,0.003170829042397426,92.33333333333333,0.0016819515031153422,0.0012440312218043978,0.0024538031286398653,0.003125133301499588,35,21
5000,sgd,CD4 + Tcm-1,Memory B-1,-0.000506108982831044,-0.00587032315515255,0.002862518677321985,40,1002.3333333333334,0.012440936421205237,1255.6666666666667,0.012947045404036281,322.0,0.0038592409732897104,345.0,0.003054851607151781,352.3333333333333,0.004484942172267542,582.6666666666666,0.005795440521236515,0.001951978915157742,-0.0034031370572077087,-6.71688064431649e-05,33,32
5000,sgd,CD4 + Tcm-1,Memory B-2,0.0011305107647404532,0.0008159579836794069,0.0014831562282882622,40,138.66666666666666,0.0019495215735846304,58.0,0.0008190108088441771,44.0,0.0005656151859969755,4.666666666666667,6.584583624293922e-05,52.666666666666664,0.0007857756488642457,11.333333333333334,0.00015503423387782883,0.001132056253070603,0.0011127871029148976,0.001146688938235859,31,8
5000,sgd,CD4 + Tcm-1,Naive T,0.011875335003028542,-0.008406084859760684,0.03183444331582474,40,4816.333333333333,0.08026533245877741,3994.3333333333335,0.06838999745574885,1568.6666666666667,0.021520001711509872,828.6666666666666,0.010678436667063819,1204.3333333333333,0.020799254462157243,1122.3333333333333,0.019765484503574744,0.016795034266132353,-0.0058890829919515065,0.02472005373490479,38,40
5000,sgd,CD4 + Tcm-1,Plasma,-0.001414515039762458,-0.00720502517420997,0.0011555731694052605,40,270.0,0.0038073498683918305,334.3333333333333,0.005221864908154288,98.33333333333333,0.001177702667056909,105.66666666666667,0.001469054740964302,105.0,0.0016967120670726215,162.0,0.002819875032927686,-0.0054479181609029875,0.0004923264480092106,0.0007120465936064033,31,32
5000,sgd,CD4 + Tcm-1,Tcm,0.0013911992063582951,-0.027291687372641982,0.019419892453542597,40,1673.6666666666667,0.031619506562768705,1038.3333333333333,0.03022830735641041,597.3333333333334,0.007467676605024361,242.33333333333334,0.007378147910656511,590.6666666666666,0.011022280710314532,310.3333333333333,0.009720610198324087,0.0037548900020694747,0.002299326892983558,-0.0018806192759781488,37,31
5000,sgd,CD4 + Tcm-1,cDC2,0.0004801458202347068,-0.0014117034767849653,0.002221287912060823,40,360.3333333333333,0.005013265848745281,278.6666666666667,0.004533120028510574,152.33333333333334,0.0018987281626831826,70.66666666666667,0.001037571542121486,156.66666666666666,0.0022893039593602778,156.66666666666666,0.0026703147596872667,0.002000896595016611,-0.0011559894727100602,0.0005955303383975693,34,35
5000,sgd,CD4 + Tcm-1,pDC,0.001397321452067635,0.0003996889764240221,0.0023836526739541043,40,359.0,0.005090814951439533,254.33333333333334,0.0036934934993718984,127.66666666666667,0.0015762522796022574,54.666666666666664,0.0007272048034472357,144.0,0.002220039728696227,112.33333333333333,0.0016717657527836136,0.0017434733768514551,0.0007222996593416059,0.001726191320009843,36,30
5000,sgd,CD4 + Tcm-1,platelet,0.00031360366253456597,-0.00010532372806046595,0.0007215378094784432,40,189.33333333333334,0.0025013394317125568,185.66666666666666,0.0021877357691779914,41.666666666666664,0.0005634937970319843,32.333333333333336,0.0003425347010854612,49.666666666666664,0.0006843732655898364,55.333333333333336,0.0005917286990017936,0.0004424810838926839,0.0004322701100011022,6.605979370991183e-05,31,26
5000,sgd,CD4 + Tcm-2,Atypical Memory B,-0.0002157063115680312,-0.003818477675139707,0.002423741436334766,39,20.333333333333332,0.0023907090024142858,11.666666666666666,0.0026064153139823167,5.666666666666667,0.0006120952555201906,1.3333333333333333,0.0007620995740486189,7.333333333333333,0.0006450712814648468,3.0,0.0007107732745044497,-0.0035854375367624,0.0014073771261542117,0.001530941475904094,11,4
5000,sgd,CD4 + Tcm-2,CD14 Monocyte-1,0.0022609812811822693,-0.00032902497533872875,0.005265522453299872,39,10.333333333333334,0.006192865608142806,6.666666666666667,0.003931884326960536,1.6666666666666667,0.0006755020731691128,0.0,0.0,4.333333333333333,0.002335763606305145,2.3333333333333335,0.0007502843982919884,0.002096246963098782,0.002668761345949408,0.002017935534498618,5,0
5000,sgd,CD4 + Tcm-2,CD14 Monocyte-2,0.003961222770071175,-0.003787650318118713,0.0150126770821558,39,83.66666666666667,0.0384991343559968,79.66666666666667,0.03453791158592561,7.666666666666667,0.002196786069209843,7.0,0.0010111747136848025,33.0,0.014485931705652476,29.666666666666668,0.011710320291106344,0.008791850292484218,0.0005596889033976716,0.002532129114331635,11,11
5000,sgd,CD4 + Tcm-2,CD14 Monocyte-3,0.00796300730340644,-6.799927270436344e-05,0.021323905665577788,39,169.33333333333334,0.010179389030015683,60.333333333333336,0.0022163817266092445,60.333333333333336,0.004509017431316902,16.333333333333332,0.0003261248491011788,83.66666666666667,0.004774258661476266,18.666666666666668,0.0009941439402855491,0.009359119101643703,0.01024486426293279,0.0042850385456428275,12,8
5000,sgd,CD4 + Tcm-2,CD16 Monocyte-1,0.0019036530214218844,-0.00014478470144594364,0.00474351580820672,39,6.666666666666667,0.002974107662492812,3.0,0.0010704546410709277,1.0,0.0007021361975060808,0.3333333333333333,0.0001858045336306206,3.6666666666666665,0.0015999767455029523,0.6666666666666666,0.00021265538795652795,0.0026332902926353464,0.0011602856145255904,0.0019173831571047163,3,1
5000,sgd,CD4 + Tcm-2,CD16 Monocyte-2,-0.0028127676657814255,-0.010010835163548887,0.0025533441516577067,39,32.666666666666664,0.005825291347678001,40.333333333333336,0.008638059013459426,7.0,0.0004931709884749802,12.333333333333334,0.0015395828992459729,12.666666666666666,0.0024172261128735154,15.0,0.0041835818678839475,-0.00042576258711489776,-0.006195414961963785,-0.0018171254482655926,9,12
5000,sgd,CD4 + Tcm-2,CD16 NK,-0.00482248242853682,-0.014996396025772905,0.005814947431720308,39,55.0,0.024907491064321895,72.0,0.029729973492858715,5.0,0.001976542292369165,4.666666666666667,0.0011189739659871471,29.666666666666668,0.013980946727299349,47.0,0.019660997482218185,-0.002241736856217542,-0.009087682611128826,-0.0031380278182640883,11,8
5000,sgd,CD4 + Tcm-2,CD4 + Tcm-1,-0.057882708721205545,-0.0950633984757615,-0.023204472618324774,39,798.0,0.23571780937387654,1286.3333333333333,0.2936005180950821,152.0,0.01762222846853134,324.6666666666667,0.039041451454876835,191.33333333333334,0.044067611112318134,507.0,0.08053109684717819,-0.05176531621792408,-0.03527816466482227,-0.08660464528087027,31,39
5000,sgd,CD4 + Tcm-2,CD4 + Tcm-2,0.010705089268444691,-0.021634081420601713,0.047685938495080196,39,10271.0,0.2811473303200791,10323.666666666666,0.27044224105163445,0.0,0.0,0.0,0.0,0.0,0.0,0.0,0.0,0.023170033604040775,-0.01799203570282567,0.026937269904118964,0,0
5000,sgd,CD4 + Tcm-2,CD4 Monocyte-4,0.00023332426327857787,-0.0017680670820072932,0.0023072478976897664,39,9.0,0.0017921765573848663,5.333333333333333,0.0015588522941062883,1.0,1.2932230381172394e-05,0.3333333333333333,1.3251176041873716e-05,5.0,0.0008929167344970155,2.0,0.0006592735255577364,-0.001068977528670994,-0.0001140965322524215,0.001883046850759149,2,1
5000,sgd,CD4 + Tcm-2,CD56 NK,0.008498541635172847,-0.0032835799916665297,0.023035654186485743,39,447.0,0.040196066386756865,410.3333333333333,0.03169752475158403,91.66666666666667,0.00607906978964497,95.0,0.0059721975437643906,165.66666666666666,0.021517151654570316,125.66666666666667,0.013125482265278043,0.001964166579534891,0.009929662304625365,0.013601796021358288,20,18
5000,sgd,CD4 + Tcm-2,CD8 + CTL-1,0.0028452889324683643,-0.005432476815719636,0.009536833944852765,39,1276.6666666666667,0.02703813825366724,1326.0,0.024192849321198875,325.6666666666667,0.005900664556630862,327.6666666666667,0.004970902385603424,169.66666666666666,0.008561096194265275,217.0,0.006645569432824349,0.006004551036379458,-0.002353645202595129,0.004884960963620765,16,12
5000,sgd,CD4 + Tcm-2,CD8 + CTL-2,0.006622305446174842,-0.0020266105205359705,0.01637345033408702,39,638.3333333333334,0.021897904308961918,528.3333333333334,0.01527559886278707,223.0,0.004682576462392355,176.0,0.003238362810242049,221.33333333333334,0.010289488225295127,158.33333333333334,0.00511139643127059,0.002681443031418661,0.015740726406307946,0.0014447469007979248,18,13
5000,sgd,CD4 + Tcm-2,CD8 + CTL-3,0.0017221956315901707,-0.0002841908096884247,0.004206921743820258,39,86.33333333333333,0.003384052674185656,52.666666666666664,0.001661857042595486,32.333333333333336,0.000708705539623983,16.666666666666668,0.0003065267748162015,41.666666666666664,0.0018936781582349425,23.666666666666668,0.0005736612914525534,0.0015019931181715026,0.0011670424827797132,0.002497551293819296,8,6
5000,sgd,CD4 + Tcm-2,CD8 Tem-1,0.003604400304593181,-0.012308210572112406,0.01961559001931077,39,340.6666666666667,0.14331986559742343,309.0,0.13971546529283027,27.0,0.009101672628168,21.666666666666668,0.008089402651252952,101.0,0.03742913202919173,74.66666666666667,0.0348370017015136,-0.0037998409653331754,0.004124358380507686,0.010488683498605033,19,23
5000,sgd,CD4 + Tcm-2,CD8 Tem-2,-0.0010275958569165467,-0.023247930427075365,0.012344978245338348,39,288.0,0.030599712764658313,211.66666666666666,0.03162730862157486,82.33333333333333,0.0036200501363719815,29.666666666666668,0.0029097736182434873,78.66666666666667,0.0131425379140026,55.0,0.014880410289047638,-0.017787328392227447,0.0044295530151367436,0.010274987806341064,18,14
5000,sgd,CD4 + Tcm-2,Cycling T,-0.002134763722319227,-0.012983991287811528,0.005644890013156893,39,48.333333333333336,0.01128200811893418,125.0,0.013416771841253408,9.333333333333334,0.0013673069719823334,37.0,0.00124526386439196,16.333333333333332,0.0053426624238479435,65.33333333333333,0.007599469253757545,0.0058140607953144335,-0.003734005023039639,-0.008484346939232478,13,13
5000,sgd,CD4 + Tcm-2,Erythrocyte,-0.0007060574497879335,-0.0024109540161052294,0.00011534781732532784,39,19.333333333333332,0.00433556087044472,16.333333333333332,0.005041618320232653,2.6666666666666665,2.9333677786310938e-05,0.0,0.0,3.3333333333333335,3.895323651370956e-05,3.0,0.0007743443640879538,-0.0008303296840512622,-0.00015244180434492553,-0.0011354008609676123,4,0
5000,sgd,CD4 + Tcm-2,GCB,0.00214707134978212,5.713344145455627e-05,0.00433351532049059,39,116.0,0.004551462167996216,38.333333333333336,0.002404390818214096,43.0,0.0007728165307667028,11.0,0.0002341517474369751,57.0,0.0025186508221768274,11.333333333333334,0.0009102442557244354,0.0020030140829858456,0.0012375798386401835,0.00320062012772033,10,6
5000,sgd,CD4 + Tcm-2,Memory B-1,0.0027455345530498945,-0.003033224292669812,0.008560876442645542,39,30.0,0.011455364714422274,26.666666666666668,0.00870983016137238,4.666666666666667,0.001224010912303536,4.666666666666667,0.001315871706486404,17.0,0.006415656764964853,13.666666666666666,0.0035782614177320912,0.005931457539315714,0.001934079624353958,0.00037106649548001013,7,6
5000,sgd,CD4 + Tcm-2,Memory B-2,0.00030212435732089604,-0.0014235814243666281,0.0019063124588270246,39,10.666666666666666,0.0014573138665095462,5.0,0.00115518950918865,4.0,0.0003133999569960877,0.6666666666666666,0.0002787333024561592,2.6666666666666665,0.0004573912260478241,0.3333333333333333,0.00018993352326685662,0.0014578518557342634,0.00025382253387423395,-0.0008053013176458093,4,2
5000,sgd,CD4 + Tcm-2,Naive T,0.010485055264979413,-0.0037038169002679582,0.024277093397658104,39,1827.3333333333333,0.07259184459397088,1703.6666666666667,0.06210678932899146,452.3333333333333,0.009910768717512163,396.6666666666667,0.011436488367673152,350.6666666666667,0.025106511802735595,282.6666666666667,0.013095736887595194,0.0031407643152012187,0.019666283685640783,0.008648117794096232,22,17
5000,sgd,CD4 + Tcm-2,Plasma,-0.0005772867387113683,-0.00181680873922649,0.00042400661584440357,39,12.333333333333334,0.0008314028930271313,14.666666666666666,0.0014086896317384995,2.6666666666666665,0.00015179268071568744,5.0,0.00021409268068152182,6.0,0.0004931808448164271,6.0,0.001008167583561961,-0.00011322828592029281,-0.0005680127802053323,-0.00105061915000848,3,5
5000,sgd,CD4 + Tcm-2,Tcm,0.004690797257825811,-0.00293137758554107,0.01210022099511563,39,226.66666666666666,0.011578042396924794,163.66666666666666,0.006887245139098982,64.0,0.0032757066562495185,64.66666666666667,0.0021655772524524198,108.0,0.005848340188961969,44.333333333333336,0.002267672334933257,0.004628314629327952,0.005599241165558423,0.003844835978591059,15,2
5000,sgd,CD4 + Tcm-2,cDC2,-0.0010231887405043785,-0.004495138421979503,0.001345489570077691,39,12.333333333333334,0.0016486592618788192,21.333333333333332,0.0026718480023831975,2.3333333333333335,0.00012531842885229902,4.333333333333333,0.0001080629667071922,8.0,0.0013862403152012075,15.0,0.0024266845178506926,-0.0008228927845976913,-0.002242503016110133,-4.170420805310435e-06,4,4
5000,sgd,CD4 + Tcm-2,pDC,0.0011219547705503743,-0.0021920299026204335,0.004163369516887264,39,15.666666666666666,0.002328607733821283,10.0,0.0012066529632709093,2.0,2.147524259421546e-05,1.0,2.0158791525986582e-05,10.0,0.002151726707279319,5.333333333333333,0.001031088387797174,0.00304142549654192,-0.0018286255237300569,0.0021530643388392593,3,2
5000,sgd,CD4 + Tcm-2,platelet,-0.0006099897759816773,-0.002183828789497577,0.0009574376158765892,39,9.333333333333334,0.0018776890740139437,9.333333333333334,0.002487678849995621,3.0,0.00016599178340591934,2.0,0.00045213131656907454,1.0,0.0003039052898037588,2.0,0.0006277555326222807,-0.0017787318950088925,-0.0005766988673665215,0.0005254614344303824,7,6
5000,sgd,CD4 Monocyte-4,Atypical Memory B,0.00022675736961451246,-0.000169061707523246,0.0009378931253931221,35,1.0,0.0002831112721222611,0.3333333333333333,5.6353902507748664e-05,0.0,0.0,0.0,0.0,1.0,0.0002831112721222611,0.3333333333333333,5.6353902507748664e-05,0.0,0.0005091977619450146,0.00017107434689852272,0,0
5000,sgd,CD4 Monocyte-4,CD14 Monocyte-1,0.03246564523085874,-0.011147332324474792,0.07463586517050763,35,216.0,0.21034221351428517,193.0,0.17787656828342646,27.333333333333332,0.016653166273072034,25.666666666666668,0.012709343984920697,54.666666666666664,0.05384215469219198,33.333333333333336,0.025320331749484563,-0.007710348321624026,0.050363608578000395,0.05474367543619987,18,15
5000,sgd,CD4 Monocyte-4,CD14 Monocyte-2,-0.0010296703596157763,-0.009011369471953573,0.0049700547214933345,35,7.666666666666667,0.00838895778430881,8.0,0.009418628143924586,0.6666666666666666,0.0010093167701863354,0.0,0.0,2.6666666666666665,0.002671992527064991,3.6666666666666665,0.004710979656867102,0.0026190999017085973,-0.0008466281193553923,-0.004861482861200534,2,0
5000,sgd,CD4 Monocyte-4,CD14 Monocyte-3,0.0052079337390839725,-0.007090843877714904,0.018097770309084223,35,115.0,0.026320739982991326,84.33333333333333,0.02111280624390735,24.333333333333332,0.005300178302236843,14.0,0.002812627554944719,43.0,0.010308275161396046,22.666666666666668,0.007587892169604198,0.013199370842102208,-5.9989803722203446e-05,0.0024844201788719136,7,6
5000,sgd,CD4 Monocyte-4,CD16 Monocyte-1,0.008514808529499955,-0.016122114257628842,0.03500083584255671,35,179.66666666666666,0.2353947799220155,175.0,0.22687997139251556,9.0,0.008479031539718325,9.666666666666666,0.004853573328354153,20.0,0.020458687091116323,14.666666666666666,0.015569336772980545,0.02750291104772661,0.00642853438823341,-0.008387019847460162,15,12
5000,sgd,CD4 Monocyte-4,CD16 Monocyte-2,-0.008826854191300125,-0.07437194676830833,0.03591284743067035,35,109.33333333333333,0.05054519333446247,116.33333333333333,0.05937204752576259,5.666666666666667,0.0017862316398127036,11.0,0.0023781556722970187,23.333333333333332,0.02502313005477921,25.0,0.033258060213595016,0.03787370960684824,-0.03920390961177014,-0.025150362568978478,6,7
5000,sgd,CD4 Monocyte-4,CD16 NK,-0.022294013818104325,-0.04919979848526384,-0.0026980762325811793,35,4.666666666666667,0.0030859314066015177,22.0,0.02537994522470584,0.0,0.0,1.3333333333333333,0.0004172595081685991,3.0,0.0024749983281359715,19.0,0.024351752638071694,-0.03216838368630658,-0.001850797257233345,-0.03286286051077304,0,3
5000,sgd,CD4 Monocyte-4,CD4 + Tcm-1,-0.007344673854257025,-0.05624970989681326,0.06386307048518126,35,25.333333333333332,0.05177808678825178,48.333333333333336,0.0591227606425088,1.0,0.002206523635095064,3.6666666666666665,0.001523134292690318,14.0,0.03796279312217917,34.333333333333336,0.04599085631884094,-0.05026037902861178,0.03963967744378304,-0.011413319977942352,3,3
5000,sgd,CD4 Monocyte-4,CD4 + Tcm-2,0.003925549006848865,-0.00224186245345731,0.017127542124335447,35,12.666666666666666,0.007293049748855964,16.333333333333332,0.0033675007420070993,0.6666666666666666,0.0002715011385531617,2.3333333333333335,0.0002924814113625303,6.333333333333333,0.005382500432427598,8.333333333333334,0.001435971152769365,-0.0006276197165829109,-0.0005276780946272746,0.012931944831756779,2,2
5000,sgd,CD4 Monocyte-4,CD4 Monocyte-4,-0.019207064479054948,-0.03905337586321906,0.0017493202915866211,35,505.0,0.1969707567316528,498.6666666666667,0.21617782121070775,0.0,0.0,0.0,0.0,0.0,0.0,0.0,0.0,-0.015635216458481448,-0.018784606315825778,-0.023201370662857632,0,0
5000,sgd,CD4 Monocyte-4,CD56 NK,0.019227744777910626,-0.002859891090112891,0.0551113767408325,35,18.333333333333332,0.025121139066431916,15.333333333333334,0.0058933942885212925,1.6666666666666667,0.003947903947903948,3.0,0.0003983699584872605,13.666666666666666,0.02037110044091393,9.333333333333334,0.004692889652419994,0.021631120313839087,0.0029757722377655948,0.03307634178212719,3,2
5000,sgd,CD4 Monocyte-4,CD8 + CTL-1,0.0068359965907186125,0.0,0.020231427351910324,35,16.0,0.007287872909646956,0.6666666666666666,0.000451876318928342,1.3333333333333333,0.0003515132885762257,0.0,0.0,14.333333333333334,0.006881308698967785,0.3333333333333333,0.00039682539682539677,0.01901333058518896,0.0008453085376162299,0.0006493506493506494,3,0
5000,sgd,CD4 Monocyte-4,CD8 + CTL-2,0.001644326369601095,-0.0004671441918405481,0.009010295164141311,35,1.3333333333333333,0.0018133880771243405,1.0,0.000169061707523246,0.0,0.0,0.0,0.0,1.0,0.001757034174616592,0.6666666666666666,0.00011270780501549733,-0.000169061707523246,-0.000169061707523246,0.005271102523849776,0,0
5000,sgd,CD4 Monocyte-4,CD8 + CTL-3,0.005204651402770613,0.0007045760663039418,0.012402468375096603,35,16.0,0.005244005987579743,0.3333333333333333,3.935458480913026e-05,1.6666666666666667,0.0005184066817332276,0.0,0.0,14.0,0.004686244721037385,0.0,0.0,0.006957088163908351,0.0011998139010661372,0.007457052143337352,4,0
5000,sgd,CD4 Monocyte-4,CD8 Tem-1,0.0,0.0,0.0,35,0.3333333333333333,0.00039682539682539677,0.3333333333333333,0.00039682539682539677,0.0,0.0,0.0,0.0,0.0,0.0,0.0,0.0,0.0,0.0,0.0,0,0
5000,sgd,CD4 Monocyte-4,CD8 Tem-2,0.009675586098249325,0.0005027868423562223,0.02184054790081549,35,18.666666666666668,0.019761242776327462,13.333333333333334,0.01008565667807814,4.333333333333333,0.007291504966757297,0.6666666666666666,0.0003456667219733422,4.333333333333333,0.005001789829808422,2.6666666666666665,0.002272041976343052,0.015418959864780524,0.00785060027196166,0.005757198158005796,9,2
5000,sgd,CD4 Monocyte-4,Cycling T,-0.017142560261946476,-0.03738196551376194,-0.0012867189968197405,35,8.0,0.0044908880592240035,19.666666666666668,0.02163344832117048,0.3333333333333333,0.00041407867494824016,0.6666666666666666,0.0001697325873150049,5.666666666666667,0.0023201516169619857,17.0,0.0197070579665417,-0.018677811174409864,-0.0314936040088528,-0.0012562656025767675,1,2
5000,sgd,CD4 Monocyte-4,Erythrocyte,0.0,0.0,0.0,35,3.0,0.0030454042081949056,3.0,0.0030454042081949056,0.0,0.0,0.0,0.0,0.0,0.0,0.0,0.0,0.0,0.0,0.0,0,0
5000,sgd,CD4 Monocyte-4,GCB,0.0004645760743321719,0.0,0.001977587343441002,35,0.6666666666666666,0.0004645760743321719,0.0,0.0,0.0,0.0,0.0,0.0,0.6666666666666666,0.0004645760743321719,0.0,0.0,0.0,0.0006968641114982578,0.0006968641114982578,0,0
5000,sgd,CD4 Monocyte-4,Memory B-1,0.0,0.0,0.0,35,0.0,0.0,0.0,0.0,0.0,0.0,0.0,0.0,0.0,0.0,0.0,0.0,0.0,0.0,0.0,0,0
5000,sgd,CD4 Monocyte-4,Memory B-2,0.0,0.0,0.0,35,0.0,0.0,0.0,0.0,0.0,0.0,0.0,0.0,0.0,0.0,0.0,0.0,0.0,0.0,0.0,0,0
5000,sgd,CD4 Monocyte-4,Naive T,0.0077186225951818,0.0009126900512021152,0.01726688157222481,35,10.666666666666666,0.008076069068947159,2.3333333333333335,0.000357446473765359,0.3333333333333333,3.935458480913026e-05,0.6666666666666666,0.00011649485451461957,9.333333333333334,0.007896561382108093,0.6666666666666666,0.00010079851722080462,0.00629861388178961,0.007392275368814959,0.00946497853494083,1,2
5000,sgd,CD4 Monocyte-4,Plasma,-0.004378046740640873,-0.019049073521747412,0.007275609033613167,35,6.666666666666667,0.007283924445139835,4.666666666666667,0.011661971185780709,1.0,0.0010493449203126622,0.3333333333333333,0.001587301587301587,4.333333333333333,0.0040700773603250095,3.0,0.007910167433976958,-0.004550211693068835,-0.008741052469275467,0.0001571239404216813,3,1
5000,sgd,CD4 Monocyte-4,Tcm,-0.0009211628356335001,-0.018258427571248955,0.009844454466713635,35,6.333333333333333,0.006401034113129311,7.0,0.007322196948762812,2.3333333333333335,0.0017504956214633635,1.0,0.0011132519803040036,3.0,0.003537286511361946,5.0,0.005095692988154806,0.004038682773676104,0.0013186684531663554,-0.00812083973374296,4,2
5000,sgd,CD4 Monocyte-4,cDC2,-0.017103959255228413,-0.043161852038150865,0.008125665367311423,35,75.66666666666667,0.09634298950315738,126.0,0.11344694875838578,3.6666666666666665,0.002366041612161346,16.333333333333332,0.005392887956109856,17.0,0.026117518788672505,54.666666666666664,0.04019463169995241,-0.020177650553373967,-0.009227565243758623,-0.021906661968552652,7,10
5000,sgd,CD4 Monocyte-4,pDC,0.002834198790907992,-0.002037391275335243,0.014521454311376237,35,5.333333333333333,0.004281545682487339,4.333333333333333,0.0014473468915793466,0.3333333333333333,0.0007326007326007326,0.6666666666666666,0.00015009655601621775,5.0,0.0035489449498866065,3.6666666666666665,0.001297250335563129,-0.0009352328531731092,0.0004827019523043862,0.008955127273592699,1,2
5000,sgd,CD4 Monocyte-4,platelet,-0.005698390779796805,-0.01457407675510102,0.0013120942842381699,35,41.666666666666664,0.01958627414590444,44.666666666666664,0.02528466492570124,1.3333333333333333,0.00026789439093564076,2.3333333333333335,0.000967646287061401,5.333333333333333,0.003356549149360781,7.333333333333333,0.008355188033031825,-0.003640971788412514,-0.00879813037421117,-0.004656070176766731,4,5
5000,sgd,CD56 NK,Atypical Memory B,-4.377304167937399e-05,-0.0020639683353232763,0.0012830292423627598,40,36.666666666666664,0.003741612364626825,27.0,0.003785385406306199,8.666666666666666,6.994415842483138e-05,4.666666666666667,0.0001496418519424714,14.0,0.0008873686315894993,8.333333333333334,0.0008514439797512332,-0.0014540665118037814,0.000368056364195383,0.0009546910225702763,7,4
5000,sgd,CD56 NK,CD14 Monocyte-1,0.0006183182447595874,-0.004177915090579216,0.003871059123743206,40,29.0,0.004941818476627312,19.333333333333332,0.004323500231867725,7.333333333333333,0.00090521695175389,4.666666666666667,0.0004970309571751602,13.333333333333334,0.00214853591100362,6.333333333333333,0.0019384036608227626,0.0021236779893123495,-0.0017672735271454787,0.0014985502721118911,12,11
5000,sgd,CD56 NK,CD14 Monocyte-2,0.004120827759010518,-0.0012535314947669238,0.009948809328900491,40,127.66666666666667,0.02221701970230223,116.33333333333333,0.01809619194329171,18.666666666666668,0.002703809502724204,14.0,0.0014869224077838107,43.666666666666664,0.00872737325262747,37.0,0.005823432588557344,0.004825994170738415,0.0014636888384861734,0.006072800267806967,20,16
5000,sgd,CD56 NK,CD14 Monocyte-3,0.0015945817553701957,-0.00030326654159745407,0.0035425155396762308,40,433.6666666666667,0.004647221670809396,135.33333333333334,0.0030526399154392,205.33333333333334,0.0012387866919062276,43.666666666666664,0.0009585871137804246,163.0,0.0021548110260519514,26.333333333333332,0.0008404288488075585,0.0021639272208019847,0.0016380126058489896,0.0009818054394596135,11,15
5000,sgd,CD56 NK,CD16 Monocyte-1,0.0007986040736187066,-0.00032119368173771283,0.002110009247422596,40,15.0,0.0017585319535910048,8.666666666666666,0.000959927879972298,1.3333333333333333,0.00013449746914313845,3.0,0.0005028803300825227,11.333333333333334,0.0014814643849298727,3.3333333333333335,0.000314477450371782,0.0012029664397108478,0.0006834648539883278,0.0005093809271569441,3,6
5000,sgd,CD56 NK,CD16 Monocyte-2,0.002730975419833273,-0.00220307144213923,0.008101936087840933,40,100.33333333333333,0.0076695682925697764,88.33333333333333,0.004938592872736503,32.666666666666664,0.001948710813216005,26.666666666666668,0.0007841225549840332,34.0,0.004156318514015063,28.0,0.002589931352413762,0.00042489876536884604,0.004923989119694801,0.0028440383744361697,22,16
5000,sgd,CD56 NK,CD16 NK,-0.05708816762420693,-0.08489969773946664,-0.028684265537888765,40,2413.0,0.25336229149334816,3529.6666666666665,0.31045045911755514,597.0,0.014699088200190143,1231.3333333333333,0.0389407608103948,408.0,0.04106957124216571,890.3333333333334,0.07391606625616799,-0.07818565536488363,-0.04422259708796735,-0.04885625041976979,34,37
5000,sgd,CD56 NK,CD4 + Tcm-1,-0.0015109684744651606,-0.01986086002616181,0.020298306223443766,40,413.3333333333333,0.06909335135799578,533.6666666666666,0.07060431983246095,36.0,0.003927469698074316,78.33333333333333,0.007111132757413594,173.33333333333334,0.029722413522714413,251.33333333333334,0.028049718937840296,0.013270438390286262,-0.0001615433355396545,-0.017641800478142095,24,30
5000,sgd,CD56 NK,CD4 + Tcm-2,0.0036322393811609754,-0.0012700606411459295,0.008143311704539588,40,1137.3333333333333,0.022621106738699808,1141.6666666666667,0.01898886735753883,222.66666666666666,0.002678040411586585,218.66666666666666,0.0030534352164730675,289.0,0.010497913092048288,297.3333333333333,0.006490278906000829,0.004300724935511609,0.0020779656114121832,0.0045180275965591345,20,23
5000,sgd,CD56 NK,CD4 Monocyte-4,0.00010331686547486479,-0.00045271800820823196,0.0006318420010281116,40,18.0,0.004167771838406433,12.666666666666666,0.004064454972931568,4.333333333333333,6.525445061648402e-05,1.3333333333333333,0.00018921816003967984,4.666666666666667,0.00032735417069179395,2.3333333333333335,0.00010007359579373331,0.00034531305598639687,-2.9717247001189057e-05,-5.645212560613475e-06,7,4
5000,sgd,CD56 NK,CD56 NK,0.028718398314461945,-0.004399083380558022,0.06480680723531784,40,26165.666666666668,0.29393868975514514,25951.0,0.2652202914406832,0.0,0.0,0.0,0.0,0.0,0.0,0.0,0.0,0.05865110062157357,0.008260240124197526,0.01924385419761471,0,0
5000,sgd,CD56 NK,CD8 + CTL-1,0.0016000438428382911,-0.005788362978515153,0.00994371201579286,40,1482.3333333333333,0.025442311277130314,1593.0,0.02384226743429203,375.0,0.0026465301176696945,430.6666666666667,0.004439423215213468,337.6666666666667,0.009123808125186714,392.6666666666667,0.005730871184804649,-0.002936960754374461,-0.0009288102471898719,0.008665902530079208,18,20
5000,sgd,CD56 NK,CD8 + CTL-2,-0.0013636543170397622,-0.01621065239079795,0.011426852235446771,40,2237.0,0.024367447278981772,2166.0,0.025731101596021533,1140.3333333333333,0.007864577349617265,1133.6666666666667,0.0095243250319318,353.0,0.007778272651414454,288.6666666666667,0.007482179286139686,-0.0047708249081101235,0.00901925171382389,-0.008339389756833054,19,25
5000,sgd,CD56 NK,CD8 + CTL-3,0.0022557739553366206,-0.0014101949316098503,0.006910508254654251,40,302.0,0.0044902800505988725,278.3333333333333,0.002234506095262252,96.0,0.0007209494372307523,118.0,0.0009736510365781896,147.33333333333334,0.0033674929730329556,101.66666666666667,0.0008590174183488978,0.0038260903562353094,0.0023937847809904654,0.0005474467287840876,11,7
5000,sgd,CD56 NK,CD8 Tem-1,0.0057824786098909465,-0.007264121089746133,0.02155552477134078,40,884.3333333333334,0.1616736252632257,864.6666666666666,0.15589114665333476,62.0,0.008104161410316566,93.33333333333333,0.010155765545460186,241.33333333333334,0.04220634936682912,190.33333333333334,0.03437226662179455,-0.002609348227017606,0.015142733686204519,0.004814050370485925,27,32
5000,sgd,CD56 NK,CD8 Tem-2,-0.0006025311325569766,-0.017668338494614685,0.010228230923573816,40,854.0,0.02692859134000183,556.3333333333334,0.027531122472558806,286.6666666666667,0.004129852313072602,86.33333333333333,0.004674003256956625,231.66666666666666,0.011230130439215448,134.33333333333334,0.011288510627888404,-0.015124413590658867,0.007432914655324335,0.005883905537663598,26,24
5000,sgd,CD56 NK,Cycling T,-0.0030299818459530313,-0.01301639086326812,0.004717020657630576,40,199.0,0.01398358759516812,379.6666666666667,0.01701356944112115,39.0,0.0018481003713333166,150.0,0.0031800020106636183,70.0,0.005058663744363844,139.66666666666666,0.006756743950986572,0.0020096621188888937,-0.011564160034073841,0.00046455237732585667,22,26
5000,sgd,CD56 NK,Erythrocyte,-0.0010296346941841277,-0.0022946942308082214,-9.123526606183949e-05,40,88.33333333333333,0.003819604685123532,71.0,0.00484923937930766,9.666666666666666,7.351306105589948e-05,5.0,0.0002563806343110768,20.0,0.00014440294475798136,7.333333333333333,0.0009911700656869318,-0.0005828046391457999,-0.0013220488751539273,-0.0011840505682526557,4,5
5000,sgd,CD56 NK,GCB,0.002295935934872067,0.0004511557838585741,0.00426142491305867,40,235.66666666666666,0.004742816074355463,57.0,0.0024468801394833964,102.66666666666667,0.0009464301320475061,13.0,0.000285883143846254,104.66666666666667,0.0024318903469440233,15.666666666666666,0.0007965014002732086,0.0025606488441850387,0.0009932513133758109,0.003333907647055351,14,12
5000,sgd,CD56 NK,Memory B-1,0.0022008862865217985,-0.0010830975765112637,0.007308154844181042,40,46.666666666666664,0.007994149633532392,47.333333333333336,0.005793263347010593,2.6666666666666665,0.0003993093570533647,3.6666666666666665,0.0004812749692460888,29.666666666666668,0.005094943171848175,29.333333333333332,0.0028120912731336516,0.0024924295256276855,0.00472374874926118,-0.0006135194153234696,5,7
5000,sgd,CD56 NK,Memory B-2,0.0011517295859152612,6.0119082944020845e-05,0.005617291323427048,40,13.666666666666666,0.0012180530078631528,3.6666666666666665,6.632342194789182e-05,5.333333333333333,8.796759705256535e-05,0.3333333333333333,1.5434957090819288e-06,6.0,0.0010698223756824595,1.0,4.51689111068201e-06,0.00031685794964914787,0.0028250674852236123,0.00031326332287302344,8,1
5000,sgd,CD56 NK,Naive T,-0.00028698414426663824,-0.005938878722113652,0.0050603626816872384,40,342.6666666666667,0.010005775154635152,367.0,0.01029275929890179,55.0,0.0007441455796105686,63.0,0.0010199570535516444,134.66666666666666,0.005765437029357748,151.0,0.00577660969968331,-0.0011460702484873391,-0.003660280480111617,0.003945398295799042,16,15
5000,sgd,CD56 NK,Plasma,-0.00037454038315722906,-0.0022612499784594015,0.0014600348508115512,40,28.333333333333332,0.0019153164737024438,26.666666666666668,0.0022898568568596733,8.0,0.00017441250133261627,8.333333333333334,0.00039390353197785703,15.0,0.0015487219810884519,13.0,0.0017037713336004402,0.000277438036220558,-0.0008002994896681747,-0.0006007596960240704,8,10
5000,sgd,CD56 NK,Tcm,0.0029881112083711817,-0.004085490435603542,0.008532625860906676,40,750.3333333333334,0.009956070834662522,389.3333333333333,0.00696795962629134,328.3333333333333,0.0025349281461122986,124.66666666666667,0.0018785290288056862,280.0,0.004649822260777983,122.66666666666667,0.002318110169713413,0.0051070592583844065,0.003921173091564049,-6.389872483490884e-05,15,8
5000,sgd,CD56 NK,cDC2,0.004277415929307037,-0.00248059789846683,0.024919599500108903,40,34.0,0.010982779205086191,32.0,0.006705363275779153,3.6666666666666665,0.004280204108122811,12.666666666666666,0.0009137666231749022,23.333333333333332,0.0022627319815459192,12.333333333333334,0.0013517535371867897,0.0007321282106545455,-0.0008908135421634465,0.012990933119430018,8,12
5000,sgd,CD56 NK,pDC,2.460220732726753e-05,-0.0032904350561741495,0.0035288235859054764,40,36.666666666666664,0.003215265633838638,30.666666666666668,0.0031906634265113708,8.0,0.0007473190099077305,4.0,0.000601716805683816,16.0,0.0020002480934941213,14.0,0.0021212480903907687,0.001740799007221012,-0.0007118593525024599,-0.0009551330327367498,10,7
5000,sgd,CD56 NK,platelet,0.0004359962834386951,-0.00016853937029054993,0.0015561288932548188,40,17.333333333333332,0.0011053428479720266,15.666666666666666,0.0006693465645333315,2.6666666666666665,8.183724993249654e-05,0.6666666666666666,1.959686038596847e-05,4.0,0.0005632177891523178,4.333333333333333,0.0001894618952601509,0.00043798934812472594,0.00019206022492577018,0.0006779392772655891,6,2
5000,sgd,CD8 + CTL-1,Atypical Memory B,0.00017645225643665504,-0.00226009660699611,0.002984987680777423,40,7.0,0.002390158406220638,4.0,0.0022137061497839827,1.3333333333333333,2.9668078801719135e-05,0.3333333333333333,0.00019841269841269839,2.6666666666666665,0.0007420222728730312,0.6666666666666666,0.00039682539682539677,0.00042774616796531435,3.872966692486444e-05,6.288093441978644e-05,3,1
5000,sgd,CD8 + CTL-1,CD14 Monocyte-1,0.0003843860594224807,-0.0007965797744614499,0.0017293716926807695,40,4.0,0.0012389691269546856,1.6666666666666667,0.0008545830675322051,0.3333333333333333,1.2201073694485114e-05,0.0,0.0,2.6666666666666665,0.0006667939910599685,0.6666666666666666,0.0002946090053319728,0.00012535812578685104,4.769602027209635e-05,0.0009801040322084946,1,0
5000,sgd,CD8 + CTL-1,CD14 Monocyte-2,-0.008349572141420571,-0.04371809671851312,0.010614462888590716,40,14.666666666666666,0.01743273085812289,14.666666666666666,0.02578230299954346,0.3333333333333333,0.00028735632183908046,1.3333333333333333,5.0799827369807966e-05,5.666666666666667,0.009322224437356016,4.666666666666667,0.01790835307324586,-0.010697547965689683,0.00691841265007453,-0.021269581108646567,1,3
5000,sgd,CD8 + CTL-1,CD14 Monocyte-3,0.003625146459226597,-0.0002648484068294733,0.009226900716039354,40,60.333333333333336,0.004664734771943798,17.333333333333332,0.001039588312717201,26.0,0.001116744971893566,5.333333333333333,0.0006962260969749563,26.333333333333332,0.003334278820617816,4.0,0.0001296512363098294,0.00538219985312652,0.003518370731711775,0.001974868792841494,9,6
5000,sgd,CD8 + CTL-1,CD16 Monocyte-1,-0.0003984788359788361,-0.0026491402116402118,0.0011838624338624338,40,1.3333333333333333,0.0015112433862433862,1.3333333333333333,0.0019097222222222224,0.0,0.0,0.3333333333333333,0.00034722222222222224,0.6666666666666666,0.00046957671957671953,0.3333333333333333,0.0005208333333333333,0.0,0.0,-0.0011954365079365078,0,1
5000,sgd,CD8 + CTL-1,CD16 Monocyte-2,0.00011179011557458042,-0.003461194935750698,0.0054198149714771065,40,6.666666666666667,0.0018560178465464327,9.0,0.0017442277309718524,1.6666666666666667,6.218820871390205e-05,2.0,0.00011408889024635756,3.0,0.0014726031155452327,5.0,0.0013089123184381972,0.0013500321109058747,-0.0008854987848426834,-0.0001291629793394504,3,4
5000,sgd,CD8 + CTL-1,CD16 NK,-0.008113435235378393,-0.07085813702517696,0.06474462324260005,40,152.66666666666666,0.1643915035213437,220.33333333333334,0.1725049387567221,34.0,0.01715234569211603,56.666666666666664,0.020688052444014657,46.0,0.06559098140544396,91.0,0.07016870988892372,0.00512150432427218,0.006238609690114994,-0.03570041972052234,20,21
5000,sgd,CD8 + CTL-1,CD4 + Tcm-1,-0.026927797720851104,-0.08684190611360453,0.019863418570880458,40,152.66666666666666,0.17367017325837875,232.0,0.20059797097922982,14.0,0.009695618169473447,47.666666666666664,0.018081170271631822,52.666666666666664,0.052653905294226346,98.33333333333333,0.07119615091291907,-0.0002045111809263908,-0.04576330494954737,-0.03481557703207955,17,19
5000,sgd,CD8 + CTL-1,CD4 + Tcm-2,-0.005003498946929262,-0.0321914990395865,0.018999906622041117,40,749.0,0.055815696170588174,768.3333333333334,0.06081919511751743,199.33333333333334,0.00697540556366661,198.33333333333334,0.010704284158569258,117.33333333333333,0.02147739254689862,137.66666666666666,0.022752012898925228,0.006584585077300332,-0.003354712183284232,-0.018240369734803884,12,11
5000,sgd,CD8 + CTL-1,CD4 Monocyte-4,1.9653477143686022e-05,0.0,5.580357142857143e-05,40,1.3333333333333333,4.85886623288712e-05,0.3333333333333333,2.8935185185185183e-05,0.6666666666666666,1.2400793650793649e-05,0.0,0.0,0.3333333333333333,7.25268349289237e-06,0.0,0.0,1.8601190476190474e-05,2.175805047867711e-05,1.8601190476190474e-05,1,0
5000,sgd,CD8 + CTL-1,CD56 NK,0.024700044081978113,-0.006123314776195252,0.06753506978683804,40,650.0,0.07347560046942693,698.0,0.04877555638744882,156.66666666666666,0.011135340520442,176.0,0.006351476703759927,126.33333333333333,0.03589874795408916,155.0,0.015982567688793123,0.03315925636191926,-0.0033929492457954263,0.04433382512981048,11,9
5000,sgd,CD8 + CTL-1,CD8 + CTL-1,0.01222622243582347,-0.0289955857846172,0.062004458252563344,40,4671.0,0.2481575106623647,4736.333333333333,0.23593128822654122,0.0,0.0,0.0,0.0,0.0,0.0,0.0,0.0,-0.018011017322928344,0.05228472197802747,0.00240496265237129,0,0
5000,sgd,CD8 + CTL-1,CD8 + CTL-2,0.0009163763785669995,-0.005293737204084357,0.007451518610357735,40,99.66666666666667,0.0048473541701316986,73.33333333333333,0.003930977791564699,33.666666666666664,0.0008560240846685142,17.0,0.0006033503448538269,43.666666666666664,0.0033871820999003027,34.0,0.002723479461147991,-0.0003098226606175726,-0.0017372353896593143,0.0047961871859778845,7,7
5000,sgd,CD8 + CTL-1,CD8 + CTL-3,0.0009329606462944307,-0.002587131528074023,0.00438422047343274,40,104.0,0.0038967066729818146,83.33333333333333,0.0029637460266873842,40.0,0.0012879147927930205,29.333333333333332,0.0011024241089665609,39.0,0.001942238147117042,29.0,0.0011947681846490707,0.0003714540408702449,0.0014022996652964918,0.0010251282327165552,7,7
5000,sgd,CD8 + CTL-1,CD8 Tem-1,-0.0072736577089432585,-0.07254124761107647,0.06325537923969692,40,71.0,0.1427214930695338,81.66666666666667,0.14999515077847703,2.6666666666666665,0.0028091768474248976,4.0,0.002534452075449427,16.666666666666668,0.0493839245696664,26.0,0.056932307050585135,-0.03490006022195185,-0.021251787751434336,0.03433087484655641,7,8
5000,sgd,CD8 + CTL-1,CD8 Tem-2,-0.009559048217030354,-0.0367408300996401,0.00977510579181942,40,182.33333333333334,0.016054252140755954,113.66666666666667,0.02561330035778631,52.333333333333336,0.0012670000571912844,11.666666666666666,0.0011553831781145661,49.666666666666664,0.00803447454661265,21.666666666666668,0.017705139642719723,-0.025964841193356993,0.006635163053662865,-0.009347466511396934,7,10
5000,sgd,CD8 + CTL-1,Cycling T,0.002198553242404993,-0.008144806589604854,0.013493163912991055,40,21.333333333333332,0.011278297274277968,33.666666666666664,0.009079744031872975,4.333333333333333,0.00030548999997864794,10.333333333333334,0.0008130319182589042,9.666666666666666,0.008338390795269213,16.0,0.005632295634583964,-0.0017261430030677872,-0.0004842918200547608,0.008806094550337526,6,8
5000,sgd,CD8 + CTL-1,Erythrocyte,0.0028181029227134723,0.0,0.008386568367243984,40,5.666666666666667,0.002874924684790366,3.0,5.6821762076893754e-05,0.6666666666666666,0.0013953438333763662,0.3333333333333333,6.2003968253968245e-06,2.3333333333333335,0.0014289594861625024,0.0,0.0,0.004166666666666667,0.0041860315001290985,0.00010161060134465088,2,1
5000,sgd,CD8 + CTL-1,GCB,0.002406547492702129,-0.0002221046346544989,0.005788272895772332,40,42.333333333333336,0.003494599702622503,6.666666666666667,0.0010880522099203738,18.0,0.00043388092124260796,3.0,7.060187054783949e-05,22.0,0.002507865273271255,1.3333333333333333,0.00046459683126389464,0.003963783305502226,0.0008748545697137181,0.0023810046028904415,7,3
5000,sgd,CD8 + CTL-1,Memory B-1,-0.0013321386983912345,-0.010917399772408963,0.006287988561085353,40,3.6666666666666665,0.004160683430460306,3.3333333333333335,0.005492822128851541,0.0,0.0,0.6666666666666666,0.00039682539682539677,3.0,0.004099408920656385,2.0,0.005034722222222222,-0.00012882236227824417,0.0009002976190476189,-0.004767891351943077,0,1
5000,sgd,CD8 + CTL-1,Memory B-2,0.0008594566353187044,0.0,0.005,40,2.3333333333333335,0.0008780578257948948,1.0,1.8601190476190474e-05,0.6666666666666666,1.741553465691397e-05,0.0,0.0,0.6666666666666666,0.0008420411006617904,0.0,0.0,0.0025,5.224660397074191e-05,2.6123301985370955e-05,1,0
5000,sgd,CD8 + CTL-1,Naive T,0.01235850293238698,-0.003382593759753114,0.03643194246056026,40,69.0,0.028497112188262813,60.666666666666664,0.016138609255875833,14.0,0.0013550382394669368,10.333333333333334,0.0002862655549138364,32.666666666666664,0.016101491669162405,28.0,0.004811761421328525,0.017640844272839348,-0.002068507944444254,0.021503172468765853,10,6
5000,sgd,CD8 + CTL-1,Plasma,0.0002961399315037751,-0.007909622169411566,0.01001860119047619,40,4.666666666666667,0.01039888126040245,3.0,0.010102741328898672,1.6666666666666667,6.111964415267748e-05,0.0,0.0,1.3333333333333333,0.001968931152659601,1.3333333333333333,0.0017339108653085034,-0.004285418843608499,3.720238095238095e-05,0.0051366362571674444,4,0
5000,sgd,CD8 + CTL-1,Tcm,0.00020462016880854538,-0.016040826360147586,0.015698741706038116,40,203.0,0.01817773115203519,118.66666666666667,0.017973110983226643,76.33333333333333,0.0034982270501732805,42.666666666666664,0.0057899476880076605,82.0,0.008709986223569093,31.333333333333332,0.006213645416926168,0.003542383746644357,1.7785653486793175e-05,-0.002946308893705513,9,7
5000,sgd,CD8 + CTL-1,cDC2,0.005088364355710611,-0.0019952751469946134,0.023678678090645812,40,7.666666666666667,0.006941884109517712,4.666666666666667,0.0018535197538071015,3.3333333333333335,0.00029439555878843314,0.3333333333333333,0.00023148148148148146,2.6666666666666665,0.0061495400240601265,2.6666666666666665,0.001124089745656467,0.011835803486211362,0.0030102867664171286,0.0004190028145033416,4,1
5000,sgd,CD8 + CTL-1,pDC,-0.0023985012847610758,-0.01109458063370107,0.00013021116641282273,40,7.333333333333333,0.0001538120741741628,6.333333333333333,0.002552313358935239,1.0,1.8855738138271058e-05,0.3333333333333333,0.0020833333333333333,1.0,1.965347714368602e-05,0.6666666666666666,0.00035367716670969964,-7.636429862417491e-07,-0.007291666666666667,9.692645536968075e-05,2,1
5000,sgd,CD8 + CTL-1,platelet,3.280919766786198e-05,-3.844063851760827e-05,0.00011008655669595797,40,8.333333333333334,0.0009712831037954404,6.666666666666667,0.0009384739061275784,1.0,1.911028580035164e-05,0.6666666666666666,1.9453757187377483e-05,2.0,5.123426465481088e-05,0.6666666666666666,1.808159559992305e-05,3.872966692486444e-05,4.548813544780316e-05,1.4209790630918327e-05,2,2
5000,sgd,CD8 + CTL-2,Atypical Memory B,-0.0033391983079234053,-0.01838651213982111,8.031743086105744e-05,33,2.3333333333333335,0.0010990477952609668,2.0,0.0044382461031843715,0.3333333333333333,1.1136725579944985e-05,0.0,0.0,0.3333333333333333,1.666833350001667e-05,0.3333333333333333,0.003367003367003367,-0.010017594923770216,0.0,0.0,1,0
5000,sgd,CD8 + CTL-2,CD14 Monocyte-1,0.0,0.0,0.0,33,0.3333333333333333,1.666833350001667e-05,0.3333333333333333,1.666833350001667e-05,0.0,0.0,0.0,0.0,0.0,0.0,0.0,0.0,0.0,0.0,0.0,0,0
5000,sgd,CD8 + CTL-2,CD14 Monocyte-2,-0.015344877434407258,-0.0656674725481353,0.008890661596401566,33,6.666666666666667,0.019702004737253618,7.0,0.035046882171660874,0.3333333333333333,0.00101010101010101,0.3333333333333333,1.666833350001667e-05,3.0,0.00689401312131498,3.3333333333333335,0.023232323232323233,-0.0010101010101010099,-0.03387096774193548,-0.011153563551185281,1,1
5000,sgd,CD8 + CTL-2,CD14 Monocyte-3,0.002548254519150658,-0.002933468638281758,0.011842715040925943,33,49.666666666666664,0.007185217936378561,32.333333333333336,0.004636963417227905,3.6666666666666665,0.00013965661955314934,4.333333333333333,0.00016665911399294867,35.0,0.0045091721275656955,17.0,0.001933915113975238,0.005946222736414847,0.0026015451074199933,-0.0009030042863828658,4,3
5000,sgd,CD8 + CTL-2,CD16 Monocyte-1,0.0,0.0,0.0,33,0.0,0.0,0.0,0.0,0.0,0.0,0.0,0.0,0.0,0.0,0.0,0.0,0.0,0.0,0.0,0,0
5000,sgd,CD8 + CTL-2,CD16 Monocyte-2,0.0027020676625017013,-0.023323880247101768,0.042203578953489994,33,8.0,0.010770114943646292,6.333333333333333,0.00806804728114459,0.3333333333333333,1.1136725579944985e-05,0.3333333333333333,1.3378821325841193e-05,4.666666666666667,0.010614494824486271,3.0,0.007910185066238671,0.020306339732314868,-0.01262231306112203,0.0004221763163122683,1,1
5000,sgd,CD8 + CTL-2,CD16 NK,-0.017180629348313978,-0.08202225386100083,0.05533180391709937,33,57.333333333333336,0.13366412198480424,168.33333333333334,0.15084475133311817,4.333333333333333,0.00034395762370553344,31.0,0.0031683257713913068,28.666666666666668,0.042942042501028656,113.0,0.05729830370165686,-0.028003996144760995,0.012590919527466826,-0.03612881142764774,4,5
5000,sgd,CD8 + CTL-2,CD4 + Tcm-1,-0.013240466470320155,-0.0830695875395741,0.07418830252770707,33,34.666666666666664,0.10434552972430551,101.66666666666667,0.11758599619462566,3.0,0.00010078824307155018,15.0,0.0024868380323293036,22.0,0.05795523949520857,77.0,0.06880965617627095,-0.04297592411192459,0.05137246198722394,-0.04811793728625982,3,5
5000,sgd,CD8 + CTL-2,CD4 + Tcm-2,-0.031340869781324554,-0.09954383736432117,0.01712052927725214,33,419.0,0.08926145425505745,476.3333333333333,0.120602324036382,59.0,0.0036250671830350763,55.0,0.00369253713723162,96.66666666666667,0.03162178275415955,158.0,0.06289518258128757,-0.003914732011098851,-0.04331012245922436,-0.04679775487365047,8,7
5000,sgd,CD8 + CTL-2,CD4 Monocyte-4,9.440196356084206e-05,0.0,0.0005341221245185147,33,0.6666666666666666,0.0004202409990772969,0.3333333333333333,0.00032583903551645487,0.0,0.0,0.0,0.0,0.3333333333333333,9.440196356084206e-05,0.0,0.0,0.0,0.0,0.0002832058906825262,0,0
5000,sgd,CD8 + CTL-2,CD56 NK,0.09186969630665802,0.028578126772474146,0.1669209092303506,33,1742.0,0.2407846047947666,1617.3333333333333,0.1489149084881086,307.0,0.019491606028878058,193.66666666666666,0.008172410956876694,231.33333333333334,0.11403721952378842,220.0,0.03348671828913178,0.08680340172085783,0.06136716170270486,0.1274385254964113,9,7
5000,sgd,CD8 + CTL-2,CD8 + CTL-1,-0.0009436411790360552,-0.00679667983642894,0.006526005192412597,33,65.0,0.006499931513353878,69.0,0.0074435726923899334,12.0,0.0005567398937367674,7.333333333333333,0.0005165388732454817,36.333333333333336,0.004291676857463411,45.0,0.005275519056990753,0.00216319782531452,-0.003321433141372452,-0.0016726882210502329,4,5
5000,sgd,CD8 + CTL-2,CD8 + CTL-2,-0.00970673205464239,-0.034870450676339,0.011560994598151655,33,957.0,0.0540694978751197,1105.3333333333333,0.06377622992976209,0.0,0.0,0.0,0.0,0.0,0.0,0.0,0.0,-0.008742665832424132,-0.012840287917921963,-0.007537242413581078,0,0
5000,sgd,CD8 + CTL-2,CD8 + CTL-3,0.004445661775890598,-0.0004195441447944903,0.019469535388559004,33,18.666666666666668,0.005124985709749991,1.6666666666666667,0.0006793239338593929,2.3333333333333335,0.0002629324614115598,0.0,0.0,15.333333333333334,0.004578847357655905,0.6666666666666666,0.00039611804317686675,0.0006378671039396902,0.0015266098099271093,0.011172508413804997,4,0
5000,sgd,CD8 + CTL-2,CD8 Tem-1,-0.015620829085882805,-0.09408193527426213,0.045071994334699425,33,53.0,0.20206935329992556,54.333333333333336,0.21769018238580837,1.3333333333333333,0.00285109156076898,0.3333333333333333,0.0016835016835016834,16.666666666666668,0.05833903940832134,19.0,0.07512745837147143,-0.009267547847481373,-0.0314096314220498,-0.006185307988117255,3,1
5000,sgd,CD8 + CTL-2,CD8 Tem-2,0.01767959756275243,-0.005126267471724227,0.040905573320997854,33,88.0,0.04932297340048466,37.333333333333336,0.031643375837732225,16.333333333333332,0.0005633003947884295,1.0,3.645483712589346e-05,42.666666666666664,0.024920394856801985,7.333333333333333,0.007767642851712085,0.007605008436001025,0.015742158242628344,0.029691626009627926,3,2
5000,sgd,CD8 + CTL-2,Cycling T,-0.009224187273035455,-0.023676109082762894,0.0016536185219513068,33,11.666666666666666,0.007606717180548454,29.0,0.01683090445358391,1.6666666666666667,5.070973283169856e-05,2.3333333333333335,0.0005179158067355804,4.666666666666667,0.0025105014695124216,21.333333333333332,0.011267482668643995,-0.006220606615814836,-0.006022803026431672,-0.01542915217685986,2,4
5000,sgd,CD8 + CTL-2,Erythrocyte,-0.0006650568923587509,-0.002725270399645533,0.0,33,6.0,0.007875312837154291,7.0,0.008540369729513041,0.0,0.0,0.0,0.0,0.0,0.0,1.0,0.0006650568923587509,-0.0010176535705268882,0.0,-0.0009775171065493646,0,0
5000,sgd,CD8 + CTL-2,GCB,0.0009950018047039527,-0.000639631361203378,0.003155305498306593,33,32.0,0.0028800849367155456,10.666666666666666,0.001885083132011593,3.6666666666666665,0.000611777493354748,3.0,0.00010023053021950485,26.333333333333332,0.0011689225047539365,5.666666666666667,0.0006854676631852272,0.0019248695758181478,0.0009369414768251048,0.00012319436146860583,4,1
5000,sgd,CD8 + CTL-2,Memory B-1,0.0026830168168148747,-0.006860935839367484,0.015280270840559584,33,6.666666666666667,0.01595009621292653,4.666666666666667,0.013267079396111653,0.3333333333333333,1.1136725579944985e-05,0.3333333333333333,0.0006734006734006734,3.3333333333333335,0.007279787118496796,1.3333333333333333,0.003934506353861192,-0.0032820020096400934,0.004227761485826001,0.007103290974258716,1,1
5000,sgd,CD8 + CTL-2,Memory B-2,0.0,0.0,0.0,33,0.0,0.0,0.0,0.0,0.0,0.0,0.0,0.0,0.0,0.0,0.0,0.0,0.0,0.0,0.0,0,0
5000,sgd,CD8 + CTL-2,Naive T,-0.002121150763905821,-0.016345818116198486,0.012181139622071492,33,409.3333333333333,0.031406837813565486,302.6666666666667,0.03352798857747131,75.66666666666667,0.0032226138568402546,38.0,0.002192780976495801,148.66666666666666,0.011726438324880663,79.66666666666667,0.014877421969130939,-0.009508266740999647,-0.004485142648408135,0.007629957097690321,6,7
5000,sgd,CD8 + CTL-2,Plasma,4.9876620990182184e-05,-0.00010147312546278443,0.0004106965221237721,33,2.0,0.00347987179670348,1.6666666666666667,0.0034299951757132976,0.3333333333333333,2.405002405002405e-05,0.3333333333333333,1.1136725579944985e-05,1.0,6.476838160006478e-05,0.6666666666666666,2.7805059079961652e-05,-6.68203534796699e-05,0.0,0.00021645021645021648,1,1
5000,sgd,CD8 + CTL-2,Tcm,-0.0017701234847320238,-0.011132544034780935,0.005823870866486606,33,73.66666666666667,0.005241537803905923,8.0,0.007011661288637947,9.666666666666666,0.0003720032401017917,0.3333333333333333,9.893251812938396e-06,61.666666666666664,0.003271883367497006,5.333333333333333,0.005404116840517884,-0.0011862567774949132,-0.00042502489683161323,-0.0036990887798695454,4,1
5000,sgd,CD8 + CTL-2,cDC2,-0.0022352292310490666,-0.0073763591458088605,0.0,33,0.3333333333333333,1.3378821325841193e-05,2.0,0.002248608052374908,0.0,0.0,0.0,0.0,0.3333333333333333,1.3378821325841193e-05,2.0,0.002248608052374908,-2.9679755438815187e-05,-0.004150755412455859,-0.002525252525252525,0,0
5000,sgd,CD8 + CTL-2,pDC,-0.0003345837260915158,-0.005194035073254971,0.004011983454009312,33,5.0,0.0012104152944701512,3.6666666666666665,0.001544999020561667,0.0,0.0,0.3333333333333333,9.440196356084206e-05,2.6666666666666665,0.0011091371044126325,1.0,0.0013493188669433064,-0.00014305942570490258,0.0020929223877311893,-0.002953614140300834,0,1
5000,sgd,CD8 + CTL-2,platelet,0.0,0.0,0.0,33,0.0,0.0,0.0,0.0,0.0,0.0,0.0,0.0,0.0,0.0,0.0,0.0,0.0,0.0,0.0,0,0
5000,sgd,CD8 + CTL-3,Atypical Memory B,0.0009275469036112083,0.00014673043225222831,0.0020054429697896657,27,12.666666666666666,0.0010070284645742507,1.0,7.948156096304245e-05,5.333333333333333,0.0004356690584140438,0.3333333333333333,2.6722248944471167e-05,6.666666666666667,0.0005186000941416356,0.0,0.0,0.0007481669788451118,0.001099699899852789,0.0009347738321357239,5,1
5000,sgd,CD8 + CTL-3,CD14 Monocyte-1,-0.0011817048243790021,-0.009184039920968723,0.001147918299782059,27,7.333333333333333,0.0006354081038450371,1.0,0.0018171129282240394,3.3333333333333335,0.00028792724387494373,0.0,0.0,3.6666666666666665,0.0003207586110256222,0.6666666666666666,0.001790390679279568,0.0005360801983884082,0.0007225001206618973,-0.004803694792187312,4,0
5000,sgd,CD8 + CTL-3,CD14 Monocyte-2,0.0114878075677056,-0.002134696910385525,0.0659336168919943,27,1.6666666666666667,0.012480537943263757,13.0,0.0009927303755581554,0.0,0.0,0.3333333333333333,2.1285653469561513e-05,0.3333333333333333,0.012345679012345678,11.333333333333334,0.0008365857911705159,0.03617510872561761,-0.00044756222491343714,-0.00126412379758737,0,1
5000,sgd,CD8 + CTL-3,CD14 Monocyte-3,-0.0031656542860310256,-0.027726265283913306,0.010821618196552503,27,47.333333333333336,0.005906753933092858,11.666666666666666,0.009072408219123883,16.0,0.0013476299822430659,2.3333333333333335,0.00016360252259744375,27.0,0.004206366608248627,5.0,0.008556048353925275,-0.009870440081702082,0.0032604214594754016,-0.002886944235866395,6,2
5000,sgd,CD8 + CTL-3,CD16 Monocyte-1,0.0001328079233570932,0.0,0.00044073159412041696,27,2.3333333333333335,0.00015918757936637885,0.3333333333333333,2.6379656009285643e-05,0.3333333333333333,2.1285653469561513e-05,0.0,0.0,1.6666666666666667,0.00011152226988753171,0.0,0.0,6.385696040868454e-05,0.00014299592843654147,0.00019157088122605365,1,0
5000,sgd,CD8 + CTL-3,CD16 Monocyte-2,0.00022492528628890467,-0.0001388015588428422,0.0006740093155734068,27,7.0,0.000574160924999463,4.333333333333333,0.0003492356387105582,2.6666666666666665,0.0002113545825204109,0.0,0.0,2.6666666666666665,0.0002253370566978051,2.6666666666666665,0.00021176635292931138,0.0001315351825286984,0.0005374928282885565,5.7478480494591405e-06,5,0
5000,sgd,CD8 + CTL-3,CD16 NK,-0.10563923887863964,-0.2417473885609549,0.006674631466654395,27,443.3333333333333,0.22913565088975238,338.0,0.33477488976839204,94.66666666666667,0.007469585895389311,45.0,0.0035146959433282267,145.66666666666666,0.037131470140636204,90.0,0.14672559897133694,-0.0922283860369648,-0.11718060408088894,-0.10750872651806521,6,7
5000,sgd,CD8 + CTL-3,CD4 + Tcm-1,-0.06302358078939287,-0.1620716357036006,0.027985142297259236,27,364.3333333333333,0.20220055431190945,264.6666666666667,0.2652241351013023,128.33333333333334,0.010186365977606653,48.333333333333336,0.003845324656198159,136.0,0.04550733061550543,116.33333333333333,0.11487195272630678,-0.08724741871836397,-0.024378981668528338,-0.0774443419812863,6,7
5000,sgd,CD8 + CTL-3,CD4 + Tcm-2,0.008813176487617543,-0.012648367440840426,0.03916632505071601,27,165.0,0.029921876596748317,199.33333333333334,0.02110870010913078,34.666666666666664,0.0028871791927154757,34.0,0.0024914492128734096,46.666666666666664,0.017618871322284718,81.66666666666667,0.009201424814509236,-0.0012723494647123247,0.0030671372574945055,0.024644741670070445,6,6
5000,sgd,CD8 + CTL-3,CD4 Monocyte-4,0.000731721344967514,0.00018332470843655915,0.0015495400405925942,27,11.0,0.000852500980014845,1.6666666666666667,0.00012077963504733098,3.0,0.0002444926098082506,0.0,0.0,7.0,0.0005298000420983864,0.6666666666666666,4.2571306939123026e-05,0.0007512130313898566,0.0005967420082584188,0.0008472089952542669,4,0
5000,sgd,CD8 + CTL-3,CD56 NK,0.039008188863621694,-0.011939551913379235,0.12883824753778214,27,134.66666666666666,0.05420706945497291,195.33333333333334,0.015198880591351221,28.0,0.0023052092084097117,22.666666666666668,0.0017339791495353796,55.0,0.04782694290044374,121.0,0.009389984095696389,0.038538120152006604,0.024657192992027604,0.05382925344683086,6,7
5000,sgd,CD8 + CTL-3,CD8 + CTL-1,0.019962802823574384,-0.01893002826938891,0.07905317156523649,27,218.66666666666666,0.06797386359167167,245.0,0.048011060768097275,43.0,0.003386923175194377,41.333333333333336,0.0031329274312057558,46.666666666666664,0.033749541414180996,74.66666666666667,0.01404073433459524,0.04943257752538162,0.017557798474680045,-0.007101967529338527,6,6
5000,sgd,CD8 + CTL-3,CD8 + CTL-2,0.010877242396738753,-0.0016677536566906009,0.03517317674566174,27,78.33333333333333,0.014209381726546297,47.666666666666664,0.0033321393298075415,23.666666666666668,0.0019153091131626325,6.333333333333333,0.00045427356645165456,41.333333333333336,0.011371932094454895,28.0,0.0019557252444271198,0.014979871650394772,0.000585410569199428,0.017066444970622065,6,2
5000,sgd,CD8 + CTL-3,CD8 + CTL-3,-0.02533421270080891,-0.0639735021667915,0.00430001745601517,27,865.6666666666666,0.06915350245824271,1180.0,0.09448771515905163,0.0,0.0,0.0,0.0,0.0,0.0,0.0,0.0,-0.03721790546397049,-0.011883787065066478,-0.026900945573389765,0,0
5000,sgd,CD8 + CTL-3,CD8 Tem-1,0.09157989180279118,0.007009429998252891,0.19435656580461486,27,10.333333333333334,0.13074309958508357,19.0,0.03916320778229242,0.3333333333333333,2.5507601265177022e-05,1.3333333333333333,9.02366164179702e-05,6.333333333333333,0.10334065984900627,14.0,0.01169603903106231,0.0965223885596396,0.0724793309384474,0.10573795591028648,1,2
5000,sgd,CD8 + CTL-3,CD8 Tem-2,-0.018206878172186445,-0.09702023497377446,0.011064518324123836,27,137.66666666666666,0.02017672635750697,57.333333333333336,0.03838360452969342,41.333333333333336,0.0032658165664798213,5.666666666666667,0.0004531765988242959,52.666666666666664,0.004253982389150331,8.0,0.0252735005289923,-0.06773552000322856,0.006757386473912371,0.0063574990127568546,6,6
5000,sgd,CD8 + CTL-3,Cycling T,-0.005920372261832341,-0.05927065826864237,0.02972839013191856,27,53.666666666666664,0.018748044618959084,60.666666666666664,0.024668416880791424,17.666666666666668,0.0014246411842482136,13.0,0.0011098742186958508,18.333333333333332,0.012806483306315362,30.0,0.019041622533700064,-0.010858328788881346,-0.0287329158975037,0.021830127900888032,6,6
5000,sgd,CD8 + CTL-3,Erythrocyte,0.00040626435468553565,0.0,0.001009084165450919,27,11.666666666666666,0.023648506302975308,6.666666666666667,0.023242241948289773,0.0,0.0,0.0,0.0,5.0,0.00040626435468553565,0.0,0.0,0.0004005756575506943,0.00040301606625639915,0.00041520134024951343,0,0
5000,sgd,CD8 + CTL-3,GCB,-0.002438688570703334,-0.020486340279882158,0.0031117927628002365,27,23.333333333333332,0.0018242912313480176,2.3333333333333335,0.004262979802051352,7.333333333333333,0.0005845749373111619,0.3333333333333333,2.1285653469561513e-05,15.0,0.001155819789842748,1.0,0.0041577976443876825,0.0015042245921735957,-0.010280423124344273,0.001460132820060674,6,1
5000,sgd,CD8 + CTL-3,Memory B-1,-0.0038404537650531343,-0.028551302075230933,0.012988152782431771,27,4.333333333333333,0.005418805494206126,1.0,0.009259259259259259,1.6666666666666667,0.00011487216293903858,0.0,0.0,2.6666666666666665,0.005303933331267088,1.0,0.009259259259259259,0.00329065647769932,0.006490794610975027,-0.021302812383833743,2,0
5000,sgd,CD8 + CTL-3,Memory B-2,-0.0001145916108805213,-0.0010607499204923982,0.0005338451945757925,27,7.0,0.0005550360635612266,9.666666666666666,0.0006696276744417479,2.6666666666666665,0.0002205422491575533,1.6666666666666667,0.00010642826734780758,1.6666666666666667,0.00014199132811415981,5.333333333333333,0.0003706969208044268,-0.0002570162270615075,-0.00011430881985125621,2.755021427119977e-05,5,1
5000,sgd,CD8 + CTL-3,Naive T,0.019587727165531796,-0.0043605438845979805,0.050116909584160395,27,235.0,0.04072521180612592,229.33333333333334,0.021137484640594114,37.0,0.002956385354862926,21.333333333333332,0.001612380063967762,73.66666666666667,0.02864033823076272,83.66666666666667,0.010396616356126093,0.014042768498223513,0.012155259071435285,0.032565153926936596,6,7
5000,sgd,CD8 + CTL-3,Plasma,0.000487044548494197,-8.033316334349925e-05,0.0012743621272168033,27,9.0,0.0007717182289845468,3.0,0.00028467368049034977,5.333333333333333,0.00044655994397847673,0.0,0.0,3.0,0.00025338108144592076,2.3333333333333335,0.00021289647693020048,0.00044960413928279216,0.0006833171898219458,0.00032821231637785304,4,0
5000,sgd,CD8 + CTL-3,Tcm,0.015636584863906285,-0.044086689715313356,0.06838470759022826,27,356.0,0.05571541420146026,324.6666666666667,0.04007882933755398,81.66666666666667,0.00635000136801121,23.666666666666668,0.0023337215114634835,132.33333333333334,0.03451319938035291,159.0,0.02289289437299435,0.0234075643449575,0.041579979374691475,-0.01807778912793013,6,5
5000,sgd,CD8 + CTL-3,cDC2,-7.735738253893381e-06,-0.0010400077543197403,0.0011045876562269506,27,13.333333333333334,0.001185933819908792,14.666666666666666,0.0011936695581626852,4.333333333333333,0.0003863750262702685,4.333333333333333,0.00032547186106642154,6.0,0.0005418860948968326,7.333333333333333,0.0006105249983545728,0.0004073141569278114,-0.0002818499163339978,-0.0001486714553554937,2,4
5000,sgd,CD8 + CTL-3,pDC,0.004818481023195633,-0.0096431619192423,0.034461010681916635,27,20.0,0.007756099035033496,11.0,0.002937618011837863,4.333333333333333,0.00033190432924717423,1.3333333333333333,0.00011073644453860114,10.333333333333334,0.006980992249202231,4.333333333333333,0.00238367911071517,0.01906904148688739,0.0004423781567817421,-0.005055976574082229,5,3
5000,sgd,CD8 + CTL-3,platelet,0.004190898242073829,0.0,0.017306607405700156,27,3.3333333333333335,0.004313636295846366,1.6666666666666667,0.00012273805377253653,1.0,7.567190462526935e-05,0.0,0.0,0.6666666666666666,0.004115226337448559,0.0,0.0,0.006236696466581524,8.157937673356176e-05,0.0062544188829064,2,0
5000,sgd,CD8 Tem-1,Atypical Memory B,-0.00013316381753462927,-0.0021223844294230867,0.0006705547737358537,40,72.33333333333333,0.0025696438699470774,70.33333333333333,0.0027028076874817063,6.333333333333333,0.00018494089382620652,5.666666666666667,0.00015864666255741236,12.666666666666666,0.0005241809522412501,11.333333333333334,0.0006836390010446737,-0.0013512204563748608,0.0005455558731095957,0.00040617313066137713,15,9
5000,sgd,CD8 Tem-1,CD14 Monocyte-1,0.0022633094648969085,0.0012210545488619848,0.0033631554649255677,40,114.0,0.004683745375925203,64.66666666666667,0.0024204359110282935,33.333333333333336,0.0009947970751086365,13.333333333333334,0.0003907588147069086,56.666666666666664,0.002608211246971668,27.333333333333332,0.0009489400424764873,0.0028464582198598713,0.0019203008053505347,0.0020231693694803205,27,21
5000,sgd,CD8 Tem-1,CD14 Monocyte-2,0.0007222055773664023,-0.007750943218047016,0.01104790240131159,40,2048.3333333333335,0.07013079416955571,2008.6666666666667,0.06940858859218929,492.3333333333333,0.017427720404483493,440.0,0.014623804739532875,362.3333333333333,0.01289566821777093,375.0,0.014977378305355143,0.0032684914851874754,0.002383043011783547,-0.003484917764871815,35,34
5000,sgd,CD8 Tem-1,CD14 Monocyte-3,0.0023113810909750326,0.00019532231540820134,0.005133569750314587,40,31.0,0.0047899772279927175,14.333333333333334,0.002478596137017685,3.6666666666666665,0.0001257751983967071,1.6666666666666667,5.963347319925846e-05,20.333333333333332,0.003280699481239308,5.666666666666667,0.0010354601154617244,0.002130502811015375,0.0025976698438302326,0.0022059706180794897,10,5
5000,sgd,CD8 Tem-1,CD16 Monocyte-1,0.0008813448996738948,-0.00025328688724787497,0.0018990223711790432,40,103.33333333333333,0.0035181051167965847,75.66666666666667,0.00263676021712269,29.0,0.000896335743232665,21.666666666666668,0.0006729215557901261,56.333333333333336,0.002037435259860136,36.0,0.0013795045476287804,0.0012594165431257403,0.0007125795669273148,0.0006720385889686288,25,24
5000,sgd,CD8 Tem-1,CD16 Monocyte-2,0.00011827195003810509,-0.002151511158033146,0.0019802449788452648,40,94.33333333333333,0.0053649442188951485,89.66666666666667,0.005246672268857044,18.0,0.0006244377011473517,18.0,0.000799320001823952,43.666666666666664,0.002817002690371325,39.0,0.00252384843965662,0.0011783738646135439,-0.0014777661029765888,0.0006542080884773601,27,27
5000,sgd,CD8 Tem-1,CD16 NK,-0.008369783808223901,-0.02779130724988643,0.012998089358181855,40,3741.0,0.12496963649898264,4028.0,0.13333942030720655,730.6666666666666,0.022889884414601148,749.0,0.022150915163899065,581.3333333333334,0.024328635916173236,850.0,0.03343738897509923,-0.019568572865563093,0.011476041320849182,-0.017016819879957797,38,33
5000,sgd,CD8 Tem-1,CD4 + Tcm-1,-0.0033620677070594998,-0.021540602724503838,0.014278406309635793,40,3481.6666666666665,0.11295967346839092,3472.3333333333335,0.11632174117545042,808.0,0.024464537593580818,696.0,0.020610019312736427,719.3333333333334,0.0256124841282262,822.0,0.03282907011613009,0.0026396810964809192,0.006427772075703558,-0.019153656293362974,35,31
5000,sgd,CD8 Tem-1,CD4 + Tcm-2,0.0038981815302451036,-0.0027049008581540817,0.010773032928346388,40,385.6666666666667,0.03447303484496075,334.0,0.03057485331471564,76.66666666666667,0.0032235495187973792,54.333333333333336,0.0016011196912558657,172.33333333333334,0.014533418937787807,143.0,0.012257667235084216,0.005619442936719671,0.0009210067921293908,0.00515409486188625,37,30
5000,sgd,CD8 Tem-1,CD4 Monocyte-4,0.0005748129429220947,6.60100339899546e-05,0.001244587333963744,40,35.666666666666664,0.0014055684963932386,23.0,0.0008307555534711439,8.666666666666666,0.00026934761256606094,1.6666666666666667,5.489201355534552e-05,9.666666666666666,0.0005429449255015101,4.0,0.0001825875815901309,0.0007227445492878777,0.00025563242658153886,0.0007460618528968676,13,5
5000,sgd,CD8 Tem-1,CD56 NK,0.011228101887635983,-0.010084254928129624,0.03282402167350509,40,948.3333333333334,0.0718628435905797,720.0,0.06063474170294373,177.66666666666666,0.007871056703656244,114.66666666666667,0.003404320790331516,419.0,0.02625883799591271,253.66666666666666,0.01949747202160146,0.02052921196212079,-0.009581783697601706,0.022736877398388845,36,31
5000,sgd,CD8 Tem-1,CD8 + CTL-1,0.0019549310873787254,-0.002489007493612503,0.006457897793766309,40,146.33333333333334,0.01373542715636319,116.0,0.011780496068984465,25.333333333333332,0.001239551421964878,15.666666666666666,0.0006234882283364069,75.0,0.007280442577193798,54.333333333333336,0.0059415746834435455,0.00015427665672189498,0.0027041459887921756,0.003006370616622105,30,21
5000,sgd,CD8 Tem-1,CD8 + CTL-2,0.0020683478431168744,-0.0032817636191531676,0.006759320478689492,40,104.33333333333333,0.00935022108736283,75.0,0.007281873244245955,10.0,0.0003954051171218711,6.666666666666667,0.00018474484933335045,57.666666666666664,0.005877793203252975,31.666666666666668,0.004020105627924622,-0.0010748688893226909,0.004771264988677838,0.002508647429995474,16,12
5000,sgd,CD8 Tem-1,CD8 + CTL-3,0.002424840288270467,-0.0022131436206181024,0.006390330282245413,40,32.333333333333336,0.0052033990195485815,14.333333333333334,0.002778558731278115,3.6666666666666665,0.0003684764860667513,0.6666666666666666,2.0538361808916217e-05,22.666666666666668,0.003817237710895788,7.666666666666667,0.0017403355468831561,0.0016038277554617565,0.004149179139462035,0.0015215139698876077,9,2
5000,sgd,CD8 Tem-1,CD8 Tem-1,-0.018804974094903056,-0.040183780632139524,0.001348029573320326,40,12924.333333333334,0.4083341138760437,13248.666666666666,0.42713908797094674,0.0,0.0,0.0,0.0,0.0,0.0,0.0,0.0,-0.032883170457385105,-0.015920980098133232,-0.007610771729190823,0,0
5000,sgd,CD8 Tem-1,CD8 Tem-2,0.0024061056499106305,-0.007466041088116158,0.010035310954126228,40,585.6666666666666,0.028245673854492618,614.0,0.025839568204581987,113.0,0.00387729874776795,132.66666666666666,0.003781608024717954,210.0,0.011701933052885888,218.66666666666666,0.009391518126025252,-0.004482628921556939,0.00687402403071614,0.004826921840572691,35,30
5000,sgd,CD8 Tem-1,Cycling T,-0.0037724847044076034,-0.014402905114856035,0.0027309472545319793,40,242.33333333333334,0.00888954007954618,287.3333333333333,0.012662024783953785,54.666666666666664,0.0017025235595545761,61.333333333333336,0.0032858320295994967,94.0,0.003917631570052318,132.33333333333334,0.006106807804414999,0.0026159447077347257,-0.011665819093719072,-0.0022675797272384605,29,30
5000,sgd,CD8 Tem-1,Erythrocyte,0.0023309209136820525,-0.0011520895191752538,0.010819175921089368,40,135.0,0.009109174027700825,140.66666666666666,0.006778253114018772,3.3333333333333335,0.0014962388969164515,5.666666666666667,0.00020014724169052582,9.0,0.0016631572054802248,12.333333333333334,0.0006283279470240993,0.0038790510662516146,0.003531473050573564,-0.0004177613757790236,8,9
5000,sgd,CD8 Tem-1,GCB,0.001510761993811614,0.00012186631191220916,0.0028695563392805864,40,49.666666666666664,0.0028227133180723086,30.0,0.0013119513242606945,9.666666666666666,0.00032982573616537454,5.666666666666667,0.0001482396748332005,23.666666666666668,0.0018010507376049762,8.0,0.0004718748051255363,0.0015792727533221443,0.0011248765860825977,0.0018281366420300998,18,11
5000,sgd,CD8 Tem-1,Memory B-1,0.003091967092453626,-0.0008297460691409118,0.005848903733335693,40,430.0,0.01345971583012051,327.3333333333333,0.010367748737666884,120.66666666666667,0.003717794759041502,84.0,0.0024493655373590897,185.66666666666666,0.006016813493498353,119.66666666666667,0.004193275622727138,0.003834866035590835,0.0015731732949469499,0.0038678619468230932,31,30
5000,sgd,CD8 Tem-1,Memory B-2,0.00041562571289162283,-0.00014568801870481422,0.0011294851619356185,40,20.666666666666668,0.0010128449249882934,15.333333333333334,0.0005972192120966708,2.6666666666666665,7.200570229082189e-05,0.3333333333333333,1.2201073694485114e-05,7.666666666666667,0.0005459387061768128,4.666666666666667,0.00019011762188152673,0.0008474901564307017,6.492753642871956e-05,0.00033445944581544706,6,1
5000,sgd,CD8 Tem-1,Naive T,0.0027277786356976444,-0.005762280292283776,0.014401898837044836,40,618.0,0.043237353355936724,572.3333333333334,0.04050957472023908,116.0,0.004298504213023478,101.66666666666667,0.0027492457214922336,233.66666666666666,0.014227284215329547,202.33333333333334,0.013048764071163144,0.0021779072632638376,-0.001967657004038496,0.007973085647867596,34,32
5000,sgd,CD8 Tem-1,Plasma,0.00159202120772876,-0.0010361448851199677,0.006946288345859237,40,54.666666666666664,0.0037887924275772492,52.666666666666664,0.002196771219848489,8.0,0.0003240190115328336,8.666666666666666,0.00024492520358155185,34.666666666666664,0.0027628480580348023,32.0,0.0012499206582573233,0.005071039722855996,0.00012266590086064502,-0.0004176420005303608,15,17
5000,sgd,CD8 Tem-1,Tcm,-0.006557655959526118,-0.025051898112542305,0.00346323242101332,40,113.33333333333333,0.007647509839549825,134.33333333333334,0.014205165799075941,17.333333333333332,0.0006060763596576417,8.333333333333334,0.0006238009956916589,47.666666666666664,0.0034024860840079583,77.66666666666667,0.009942417407500058,-0.003493599604557225,-0.0061404589770808395,-0.010038909296940282,21,13
5000,sgd,CD8 Tem-1,cDC2,-0.0023873382586082773,-0.009022779138892784,0.0007280187973928912,40,92.33333333333333,0.0036896871490283037,94.33333333333333,0.006077025407636581,19.333333333333332,0.0006515751405444972,24.0,0.0008092402435465901,57.666666666666664,0.002531645913737285,55.0,0.004761319069343469,-0.0005638479607619374,-0.005731106034626522,-0.0008670607804363743,20,26
5000,sgd,CD8 Tem-1,pDC,0.0006412174901281159,-0.0005147610001076522,0.0017016229373035434,40,60.333333333333336,0.0029198218081546087,45.666666666666664,0.0022786043180264928,14.666666666666666,0.0005964303850686448,10.0,0.00029658922301263303,34.666666666666664,0.001528386086320134,24.666666666666668,0.0011870097582480298,0.0010856312719397616,0.0003690381744647461,0.00046898302397984016,20,18
5000,sgd,CD8 Tem-1,platelet,0.00022534109143942273,-0.0002395608320061661,0.0007159557967461521,40,49.0,0.001826045367094546,45.333333333333336,0.0016007042756551234,11.333333333333334,0.00034031711242827516,8.333333333333334,0.00022713278555236202,12.333333333333334,0.0004988880177347358,11.666666666666666,0.0003867312531712262,0.00037427829753731686,-3.879939909385288e-05,0.0003405443758748043,17,15
5000,sgd,CD8 Tem-2,Atypical Memory B,-0.0002524152404970479,-0.0025060003005834947,0.0014762864899262465,40,17.333333333333332,0.002635884156924364,18.333333333333332,0.002888299397421412,0.6666666666666666,7.570192045058535e-05,1.0,4.0931165847558666e-05,2.6666666666666665,0.0006435815670139828,3.3333333333333335,0.0009307675621140574,-0.0015255974053032116,0.00041275634341327776,0.0003555953403987898,2,2
5000,sgd,CD8 Tem-2,CD14 Monocyte-1,0.00024020204472822594,-0.0016460623676126825,0.002222673761653963,40,11.333333333333334,0.0022809474320498514,8.666666666666666,0.0020407453873216254,1.0,8.193347467828491e-05,0.3333333333333333,0.00022522522522522523,6.0,0.0010648182407163437,4.0,0.0006813244454411772,0.0017929560942534495,-0.0014218852326400833,0.0003495352725713119,2,1
5000,sgd,CD8 Tem-2,CD14 Monocyte-2,-0.0015192282806430534,-0.013065905458625333,0.004909445911805093,40,98.33333333333333,0.022365932969624493,115.0,0.023885161250267545,5.0,0.0010553432594373321,6.333333333333333,0.0007379446370428467,27.666666666666668,0.006668101304839751,43.0,0.00850472820787729,0.002073656338140542,0.0018921265731731605,-0.008523467753242864,12,11
5000,sgd,CD8 Tem-2,CD14 Monocyte-3,0.0009171009388499458,-0.00039054045582381336,0.0023440795977952645,40,30.0,0.002156610221400932,14.666666666666666,0.001239509282550986,5.0,0.0002596119908053768,3.6666666666666665,0.0002815830950104148,21.666666666666668,0.001611769339096209,7.666666666666667,0.0006726972960412249,0.0011970720822795915,0.0002848369582426066,0.0012693937760276392,7,6
5000,sgd,CD8 Tem-2,CD16 Monocyte-1,0.0004900165580645111,-0.0011608031152405016,0.002431406489729543,40,7.333333333333333,0.0016174270607527824,4.333333333333333,0.0011274105026882713,0.3333333333333333,4.8732943469785574e-05,0.0,0.0,5.333333333333333,0.0012011721317137976,2.6666666666666665,0.0007598885171190723,0.0016564939403665413,0.00012244225524780678,-0.0003088865214208149,1,0
5000,sgd,CD8 Tem-2,CD16 Monocyte-2,0.0004490574566346037,-0.0014343772293683708,0.0025048435274880845,40,18.333333333333332,0.00342128572094286,18.333333333333332,0.0029722282643082566,1.0,0.00032089651147627896,2.6666666666666665,0.00034119453522140833,11.333333333333334,0.0018796606736328717,9.666666666666666,0.0014103051932531387,-0.0005458602971883797,0.0014823415604134067,0.00041069110667878335,3,6
5000,sgd,CD8 Tem-2,CD16 NK,-0.03575721793346668,-0.05690833819724533,-0.016156206621835017,40,721.0,0.11699165174053579,1119.6666666666667,0.15274886967400247,79.33333333333333,0.012831400379027101,183.66666666666666,0.01804020410920093,129.33333333333334,0.022820829349213284,423.6666666666667,0.05336924355250614,-0.04255926218216384,-0.022668556182734566,-0.04204383543550165,29,31
5000,sgd,CD8 Tem-2,CD4 + Tcm-1,-0.014608575012583294,-0.05214494767239439,0.02480089660675749,40,712.3333333333334,0.14656232792720106,942.0,0.16117090293978437,75.66666666666667,0.0127493192900176,130.66666666666666,0.013791577675388028,198.66666666666666,0.03816393792716547,373.3333333333333,0.05173025455437835,-0.02666057583504756,0.025273786012172516,-0.04243893521487484,31,34
5000,sgd,CD8 Tem-2,CD4 + Tcm-2,0.0023201447086165362,-0.008782535737318185,0.011425122564684656,40,626.0,0.03378770581567583,726.3333333333334,0.03146756110705929,62.0,0.003999006912129783,138.0,0.004018390244740793,163.33333333333334,0.014190245731976067,187.66666666666666,0.01185071769074852,-0.0013874019793363684,-0.0009536802841275269,0.009301516389313508,25,16
5000,sgd,CD8 Tem-2,CD4 Monocyte-4,0.0040331323743535005,-0.0015244273502779447,0.0090095561452029,40,162.66666666666666,0.015049587396312465,101.66666666666667,0.011016455021958966,60.333333333333336,0.004582412929360086,31.666666666666668,0.0032989415594617197,41.666666666666664,0.004224483879109418,9.333333333333334,0.0014748228746542854,0.0033911111200032778,0.007299964818756305,0.0014083211843009175,25,20
5000,sgd,CD8 Tem-2,CD56 NK,0.014682463738638329,-0.004365528557392799,0.03200911556084,40,1113.0,0.05484178335669027,1079.0,0.04015931961805195,70.66666666666667,0.004290520692355061,213.66666666666666,0.006489619554285867,347.0,0.026107383183638255,170.0,0.009225820583069122,0.02359325926192004,-0.0035349191252269873,0.023989051079221925,23,22
5000,sgd,CD8 Tem-2,CD8 + CTL-1,0.009177018122629265,0.000531258430872739,0.020602740740933663,40,331.6666666666667,0.023352375881264906,304.0,0.01417535775863564,27.666666666666668,0.004188725117854755,79.33333333333333,0.00266138015145332,165.33333333333334,0.01282808840058165,86.0,0.0051784152443538215,0.0101123209168703,0.008089604023957843,0.009329129427059657,20,13
5000,sgd,CD8 Tem-2,CD8 + CTL-2,0.003383780175975694,-0.007541366290190304,0.011519209054653852,40,215.66666666666666,0.013090538067766305,289.6666666666667,0.009706757891790612,26.666666666666668,0.0019093159732005791,86.33333333333333,0.002242851029850587,123.33333333333333,0.007861029425995543,137.66666666666666,0.004143714193369842,-0.004022768916114488,0.004710548195284174,0.009463561248757394,19,11
5000,sgd,CD8 Tem-2,CD8 + CTL-3,0.005443397268386551,-0.0012398074842326617,0.0103796080704008,40,144.0,0.009373510730473504,54.333333333333336,0.003930113462086953,29.0,0.0014428768233465212,18.0,0.0014285316437193142,95.33333333333333,0.006912184274356345,16.666666666666668,0.0014831321855970022,0.006883517067933572,0.003615933172561181,0.005830741564664898,14,6
5000,sgd,CD8 Tem-2,CD8 Tem-1,0.005323882285023676,-0.0105019501747413,0.0299988722305143,40,416.0,0.09892881834100763,389.3333333333333,0.09360493605598395,23.0,0.004430922459845196,23.333333333333332,0.004540863178459317,125.66666666666667,0.027421381152358537,98.66666666666667,0.021987558148720738,-0.0015580117942957355,-0.0068906995305462685,0.024420358179913025,22,23
5000,sgd,CD8 Tem-2,CD8 Tem-2,0.0063646224790709265,-0.01713070091543087,0.034070066054474726,40,3855.3333333333335,0.2803709733144634,3343.0,0.27400635083539243,0.0,0.0,0.0,0.0,0.0,0.0,0.0,0.0,0.01698313316253877,0.006951518289816669,-0.004840784015142663,0,0
5000,sgd,CD8 Tem-2,Cycling T,-0.011195086094724594,-0.03084902545298304,0.002749030353350052,40,150.0,0.023539116305189647,238.0,0.03473420239991424,19.0,0.0018992957600099019,32.666666666666664,0.002340557588392056,74.33333333333333,0.00933066904592578,148.66666666666666,0.02008449331226822,-0.001267473044864166,-0.02478473801353163,-0.007533047225777989,18,18
5000,sgd,CD8 Tem-2,Erythrocyte,0.00031744848911620475,-0.0009591390196671023,0.0016431966680046197,40,76.66666666666667,0.013692523376239838,70.0,0.013375074887123634,1.3333333333333333,6.983926642076798e-05,0.0,0.0,8.666666666666666,0.0008590223565404913,3.3333333333333335,0.0006114131338450546,0.0001697217341047534,0.0007293194863375972,5.3304246906263775e-05,3,0
5000,sgd,CD8 Tem-2,GCB,0.0019160397944132847,-3.410687172026887e-05,0.006395066612235318,40,22.333333333333332,0.0028556239683217477,7.666666666666667,0.0009395841739084637,3.3333333333333335,0.00031382101733734786,1.6666666666666667,0.00019282444269116595,15.0,0.001982813458032827,2.0,0.0001877702382657241,0.0005911022609516795,0.0007710430310359618,0.004385974091252213,8,5
5000,sgd,CD8 Tem-2,Memory B-1,0.0006011678273434749,-0.0022408088677434556,0.0034477911005419593,40,10.0,0.0031976139941344312,9.666666666666666,0.0025964461667909557,0.0,0.0,0.3333333333333333,6.265664160401002e-05,8.333333333333334,0.0025961435305358205,7.666666666666667,0.0019323190615883358,0.002438079720464076,0.0002710977195007314,-0.0009056739579343827,0,1
5000,sgd,CD8 Tem-2,Memory B-2,0.0013106899216311651,0.0001628880614633686,0.0033252559469589813,40,28.333333333333332,0.003239922759177697,22.666666666666668,0.0019292328375465316,6.666666666666667,0.0006660867762926272,10.666666666666666,0.0003427914826139641,12.666666666666666,0.001162370279988812,3.0,0.00017497565203630942,0.0010300764972919231,0.0023208551332857827,0.0005811381343157902,12,5
5000,sgd,CD8 Tem-2,Naive T,0.006392794373164642,-0.009008484120448971,0.024338285241978275,40,617.0,0.03556844612471508,584.0,0.02917565175155044,49.333333333333336,0.0034122633040787674,117.0,0.003224547063024614,221.0,0.015220643609506167,120.33333333333333,0.00901556547739568,-0.0005945612872558578,-0.005434307488514227,0.025207251895264005,21,15
5000,sgd,CD8 Tem-2,Plasma,-0.0003195418767976003,-0.0025519852111865735,0.002044286927533379,40,20.666666666666668,0.0026930848544278706,20.333333333333332,0.0030126267312254704,3.3333333333333335,0.000282911097075612,3.0,0.00046046127530559403,13.666666666666666,0.0018966306597485588,13.666666666666666,0.0020386223583161774,-0.00021896931786921192,-0.001844190132077731,0.001104533819554142,5,7
5000,sgd,CD8 Tem-2,Tcm,0.0045606863427335035,-0.0046885137976187714,0.011042774993281119,40,127.33333333333333,0.012745931229552693,47.333333333333336,0.008185244886819187,19.333333333333332,0.0011985993472067435,7.666666666666667,0.001389384542509619,92.0,0.00822684964897368,23.666666666666668,0.0034753781109373005,0.005006413621911121,0.008470093504391233,0.00020555190189815858,15,9
5000,sgd,CD8 Tem-2,cDC2,-0.00025503286326149975,-0.0033695257392420065,0.0024509059641849426,40,19.0,0.002381980087871737,22.0,0.0026370129511332375,2.0,0.00039478451772024273,1.3333333333333333,0.00021918613181214913,12.666666666666666,0.0015620050861309884,16.333333333333332,0.001992636335300582,0.002245981885261602,-0.002090081731596417,-0.0009209987434496845,5,4
5000,sgd,CD8 Tem-2,pDC,-0.00046648343080534703,-0.005396391206553083,0.0031528851420193106,40,30.666666666666668,0.0036387086110164194,30.666666666666668,0.004105192041821766,2.3333333333333335,0.00022990917525891243,2.6666666666666665,5.5954137869211144e-05,15.666666666666666,0.002529742650025857,15.333333333333334,0.003170181118220905,0.0020813739923379046,-0.0024633404277227765,-0.001017483857031169,6,3
5000,sgd,CD8 Tem-2,platelet,-0.0035500641665949123,-0.01072686295640181,0.0030436807365462693,40,965.6666666666666,0.06961968855626641,967.3333333333334,0.07316975272286132,94.33333333333333,0.006421288365770925,85.0,0.007092540672967394,101.0,0.008383555569753474,112.0,0.011262367429151918,-0.0009057876371903301,-0.0006118689288720395,-0.00913253593372237,26,29
5000,sgd,Cycling T,Atypical Memory B,-0.002560004085286748,-0.008648244852385254,0.0007963933147756676,40,6.0,0.0023930216420854455,15.666666666666666,0.0049530257273721935,1.0,0.0002778246630705647,4.666666666666667,0.001286874544292163,0.6666666666666666,0.00014467592592592592,6.666666666666667,0.0016956301299910755,-0.007866149853250253,-7.148692810457517e-05,0.0002576245254945833,3,9
5000,sgd,Cycling T,CD14 Monocyte-1,9.288816246957742e-05,-0.0011124444702987925,0.0010743584573595702,40,5.0,0.0011976617599594457,4.333333333333333,0.0011047735974898682,1.0,0.00019049359509885823,2.3333333333333335,0.0005822046954106568,2.3333333333333335,0.0005424696331517464,0.3333333333333333,5.7870370370370366e-05,0.0007909240188527115,-0.00040767864137429354,-0.0001045808900696857,3,4
5000,sgd,Cycling T,CD14 Monocyte-2,0.00037015613593733947,-0.0012737127642016512,0.002460839013523438,40,15.666666666666666,0.004189559122465432,15.0,0.0038194029865280914,1.6666666666666667,0.00043354549714505735,1.3333333333333333,0.0003860721058211467,4.333333333333333,0.0014973458550182272,4.0,0.0011746631104047984,4.071585651453714e-05,-0.0007503368195104128,0.0018200893708078942,5,4
5000,sgd,Cycling T,CD14 Monocyte-3,0.0010498044012400782,0.00012195121951219512,0.002254880866613442,40,4.666666666666667,0.0018793012687604155,2.0,0.0008294968675203375,1.3333333333333333,0.0005810888040853197,0.0,0.0,1.3333333333333333,0.0004687155971547583,0.0,0.0,0.000994152046783626,0.0015231058557917602,0.0006321553011448481,3,0
5000,sgd,Cycling T,CD16 Monocyte-1,0.00013486909910080536,-0.0011690272179063364,0.0012029501819402423,40,4.666666666666667,0.0010198817681884127,3.6666666666666665,0.0008850126690876074,0.6666666666666666,0.00013528138528138528,0.3333333333333333,6.613756613756614e-05,3.6666666666666665,0.0008189835850067649,3.0,0.0007532583050497787,0.000299705605826364,0.0003756215404822216,-0.00027071984900616945,2,1
5000,sgd,Cycling T,CD16 Monocyte-2,0.0005280839226192423,-0.00040579885192058634,0.0015913246458740234,40,8.333333333333334,0.0016062964895815852,5.0,0.0010782125669623428,1.3333333333333333,0.00024914854393200846,0.3333333333333333,6.561679790026247e-05,4.0,0.0008156730005201992,1.6666666666666667,0.0004711208239327027,0.00047570650136124283,0.0007604765748494937,0.00034806869164699065,4,1
5000,sgd,Cycling T,CD16 NK,-0.003778705194250056,-0.012513242363917512,0.00610014137287517,40,299.0,0.07562109383307254,324.3333333333333,0.0793997990273226,56.333333333333336,0.014646018455672849,51.333333333333336,0.012055081929433215,36.666666666666664,0.011120911817745086,67.0,0.01749055353823478,-0.006987728981931421,0.0007905938435156995,-0.005138980444334444,36,32
5000,sgd,Cycling T,CD4 + Tcm-1,0.0023761575348761263,-0.012764899896243126,0.016615162331737494,40,356.3333333333333,0.09301697918472256,359.6666666666667,0.09064082164984644,57.666666666666664,0.015480346077281736,50.666666666666664,0.012161586029821323,59.666666666666664,0.01703316090903399,70.0,0.01797576342161827,0.0076606476082980894,0.008421839838840199,-0.008954014842509907,34,30
5000,sgd,Cycling T,CD4 + Tcm-2,0.002523319011812282,-0.003229137161245179,0.007871506934680349,40,36.666666666666664,0.013043757915221178,30.666666666666668,0.010520438903408896,7.666666666666667,0.0026733727442356486,3.0,0.0009857076533527857,13.0,0.0045198037899012765,11.666666666666666,0.003684149868971857,0.0033522810892842566,0.0004118466658756214,0.0038058292802769693,11,7
5000,sgd,Cycling T,CD4 Monocyte-4,0.00016498447204968942,-0.00026881720430107527,0.0006779494757229676,40,3.6666666666666665,0.000992749613577702,3.0,0.0008277651415280126,0.6666666666666666,0.00015778401122019635,0.3333333333333333,6.720430107526882e-05,0.3333333333333333,7.44047619047619e-05,0.0,0.0,0.00047335203366058904,-0.00020161290322580645,0.0002232142857142857,2,1
5000,sgd,Cycling T,CD56 NK,0.007838302047420144,-0.0003193664063003513,0.0158171006138277,40,80.33333333333333,0.02840942799068406,57.666666666666664,0.020571125943263917,19.666666666666668,0.006620697661059505,12.333333333333334,0.003950087265405048,27.0,0.008915335232510207,11.666666666666666,0.0037476435807445216,0.010987396878626004,0.002795546084695108,0.009731963178939321,21,17
5000,sgd,Cycling T,CD8 + CTL-1,0.001111625023378669,-0.001019536987046909,0.003037120292189894,40,9.333333333333334,0.002668754220699279,5.0,0.0015571291973206097,3.0,0.0009452746152224331,1.3333333333333333,0.00044169904898251356,5.666666666666667,0.0014565950738864317,3.0,0.0008485456167476821,0.001641003886885423,0.0011684737047484065,0.0005253974785021778,6,4
5000,sgd,Cycling T,CD8 + CTL-2,0.000190394754467043,-0.0027999809805209106,0.002742286687058154,40,16.0,0.004743558455275519,13.666666666666666,0.004553163700808475,3.6666666666666665,0.0010764039634746593,3.0,0.0009633971610582895,4.666666666666667,0.0014457346065997214,3.0,0.001368346654549048,-0.0002098303739434329,0.0021081241706621483,-0.0013271095333175873,9,7
5000,sgd,Cycling T,CD8 + CTL-3,0.0005611556567900317,-0.007700073504421495,0.006474569816962289,40,21.666666666666668,0.009054382470203822,11.666666666666666,0.008493226813413789,5.666666666666667,0.002062235402952221,2.6666666666666665,0.0015884621764257294,12.666666666666666,0.003976656805580473,5.666666666666667,0.0038892743753169336,-0.002118943966994958,0.0025796950164673105,0.0012227159208977438,9,6
5000,sgd,Cycling T,CD8 Tem-1,0.00284332673374809,-0.0019183079178862902,0.007716146501601192,40,97.0,0.0268030588747968,88.33333333333333,0.023959732141048712,19.333333333333332,0.005136457403150327,12.333333333333334,0.0029932191783507895,22.666666666666668,0.006488643504577345,21.0,0.0057885549956287925,0.0019677091464909034,0.004708477793498618,0.001853793261254747,23,21
5000,sgd,Cycling T,CD8 Tem-2,-0.002335546228270977,-0.018888295758427116,0.00645914081357188,40,37.333333333333336,0.011300651637164582,54.666666666666664,0.01363619786543556,6.333333333333333,0.0024980029099452364,18.666666666666668,0.00401580003794591,12.333333333333334,0.003278659030038092,17.333333333333332,0.004096408130308396,-0.015480065716342256,0.003804865057452523,0.004668561974076802,12,10
5000,sgd,Cycling T,Cycling T,-0.011385228307766478,-0.031730724354358655,0.009214560431896219,40,2561.3333333333335,0.6914321399137128,2588.3333333333335,0.7028173682214792,0.0,0.0,0.0,0.0,0.0,0.0,0.0,0.0,-0.0005487436328492565,-0.027338160654587183,-0.006268780635862996,0,0
5000,sgd,Cycling T,Erythrocyte,-0.0004978771259939239,-0.0012010031685228536,0.0,40,11.0,0.002362529019495812,13.333333333333334,0.002860406145489736,0.0,0.0,1.3333333333333333,0.0003300014758348092,0.0,0.0,1.0,0.00016787565015911473,-0.0007880184848688785,-0.0004803876678876679,-0.00022522522522522523,0,4
5000,sgd,Cycling T,GCB,0.0008832785406919533,-0.0005155298004482396,0.0031655192837935506,40,4.333333333333333,0.0014495575978246689,2.3333333333333335,0.0005662790571327157,1.3333333333333333,0.00046935987509758,0.0,0.0,2.3333333333333335,0.0007989553539847202,1.6666666666666667,0.00038503668839034695,0.0006647576012330112,0.002039373387638216,-5.429536679536677e-05,2,0
5000,sgd,Cycling T,Memory B-1,0.0003928222418347722,-0.0020332710048786887,0.0024816129214534593,40,10.0,0.0027991015114254766,9.0,0.0024062792695907047,1.0,0.0002750254065040651,2.6666666666666665,0.0006556652844314251,6.666666666666667,0.0017822159101977548,4.0,0.0010087537904356224,0.0016388457620793086,-0.0002701913119372316,-0.0001901877246377604,3,4
5000,sgd,Cycling T,Memory B-2,0.000304844706911636,-0.00043221022282526587,0.0011038244196586433,40,2.0,0.000494598027594748,0.6666666666666666,0.00018975332068311195,0.6666666666666666,0.00013123359580052493,0.0,0.0,1.3333333333333333,0.00036336443179422307,0.6666666666666666,0.00018975332068311195,0.0008296766287160025,8.962000154392464e-05,-4.7625095250190475e-06,1,0
5000,sgd,Cycling T,Naive T,0.0015322554891065994,-0.0014268712875615524,0.004804963835842783,40,25.333333333333332,0.007182567536319456,18.666666666666668,0.005650312047212856,4.0,0.0007922244635980192,3.0,0.001001706618657005,13.333333333333334,0.003911588441389964,7.666666666666667,0.002169850797224379,0.0031954365293138318,-4.1578291680759163e-05,0.0014429082296867248,6,8
5000,sgd,Cycling T,Plasma,0.0011877368524784951,-0.0007185187169388457,0.003547056742144442,40,7.0,0.0020601691880868258,4.333333333333333,0.0008724323356083304,3.3333333333333335,0.0009942048447283147,1.6666666666666667,0.00028745465001883485,3.0,0.0009347307475579859,2.0,0.0004537440897889706,-0.0004508193222995567,0.0015081717799109104,0.0025058580998241317,9,5
5000,sgd,Cycling T,Tcm,-0.004475990846222998,-0.021795705320385262,0.004783846466015774,40,23.666666666666668,0.009085228941511217,20.0,0.013561219787734216,3.3333333333333335,0.0009121624057900033,2.6666666666666665,0.0018831279904114552,12.666666666666666,0.0035023053431213376,9.666666666666666,0.007007330604722885,-0.0032096389668944186,-0.0032014660477146586,-0.007016867524059915,9,4
5000,sgd,Cycling T,cDC2,1.275602714673666e-05,-0.0016983629418439723,0.0015305121158632024,40,4.666666666666667,0.001107122979877382,3.6666666666666665,0.0010943669527306455,1.6666666666666667,0.0004240257117543703,1.3333333333333333,0.0004166328586431679,2.6666666666666665,0.000576259661285405,2.0,0.0005708964872498706,0.001284282126908892,-0.00023846495119787041,-0.0010075490942708116,5,4
5000,sgd,Cycling T,pDC,0.0007836094131927392,-0.00044268462055754675,0.002316979442439733,40,12.0,0.003027390256549666,9.333333333333334,0.002243780843356927,3.6666666666666665,0.0008668325752135822,1.6666666666666667,0.00042763157894736844,3.3333333333333335,0.0008615044603383584,2.6666666666666665,0.0005170960434118329,0.0011381207533143977,-0.00020011670505091562,0.0014128241913147351,8,3
5000,sgd,Cycling T,platelet,0.00015098156051912345,-0.00042597134374596624,0.0006939825292433558,40,4.0,0.0010594587811432663,3.0,0.000908477220624143,0.6666666666666666,0.00016978346456692915,0.6666666666666666,0.00020222881975818596,1.0,0.00018342691571038026,0.0,0.0,0.00022522522522522523,0.00011564960629921262,0.00011206985003293247,2,2
5000,sgd,Erythrocyte,Atypical Memory B,0.0,0.0,0.0,6,0.0,0.0,0.0,0.0,0.0,0.0,0.0,0.0,0.0,0.0,0.0,0.0,0.0,0.0,0.0,0,0
5000,sgd,Erythrocyte,CD14 Monocyte-1,0.0014245014245014244,0.0,0.006410256410256411,6,0.3333333333333333,0.0014245014245014244,0.0,0.0,0.0,0.0,0.0,0.0,0.3333333333333333,0.0014245014245014244,0.0,0.0,0.004273504273504273,0.0,0.0,0,0
5000,sgd,Erythrocyte,CD14 Monocyte-2,0.0,0.0,0.0,6,0.0,0.0,0.0,0.0,0.0,0.0,0.0,0.0,0.0,0.0,0.0,0.0,0.0,0.0,0.0,0,0
5000,sgd,Erythrocyte,CD14 Monocyte-3,-0.0014245014245014244,-0.007326007326007327,0.0,6,0.0,0.0,0.3333333333333333,0.0014245014245014244,0.0,0.0,0.0,0.0,0.0,0.0,0.3333333333333333,0.0014245014245014244,0.0,0.0,-0.004273504273504273,0,0
5000,sgd,Erythrocyte,CD16 Monocyte-1,0.0,0.0,0.0,6,0.0,0.0,0.0,0.0,0.0,0.0,0.0,0.0,0.0,0.0,0.0,0.0,0.0,0.0,0.0,0,0
5000,sgd,Erythrocyte,CD16 Monocyte-2,-0.0028490028490028487,-0.011396011396011395,0.0,6,0.0,0.0,0.6666666666666666,0.0028490028490028487,0.0,0.0,0.0,0.0,0.0,0.0,0.6666666666666666,0.0028490028490028487,0.0,-0.004273504273504273,-0.004273504273504273,0,0
5000,sgd,Erythrocyte,CD16 NK,0.0014245014245014244,0.0,0.007326007326007327,6,0.3333333333333333,0.0014245014245014244,0.0,0.0,0.0,0.0,0.0,0.0,0.3333333333333333,0.0014245014245014244,0.0,0.0,0.0,0.0,0.004273504273504273,0,0
5000,sgd,Erythrocyte,CD4 + Tcm-1,0.0,0.0,0.0,6,0.0,0.0,0.0,0.0,0.0,0.0,0.0,0.0,0.0,0.0,0.0,0.0,0.0,0.0,0.0,0,0
5000,sgd,Erythrocyte,CD4 + Tcm-2,0.0,0.0,0.0,6,0.0,0.0,0.0,0.0,0.0,0.0,0.0,0.0,0.0,0.0,0.0,0.0,0.0,0.0,0.0,0,0
5000,sgd,Erythrocyte,CD4 Monocyte-4,0.0,0.0,0.0,6,0.0,0.0,0.0,0.0,0.0,0.0,0.0,0.0,0.0,0.0,0.0,0.0,0.0,0.0,0.0,0,0
5000,sgd,Erythrocyte,CD56 NK,0.0,0.0,0.0,6,0.0,0.0,0.0,0.0,0.0,0.0,0.0,0.0,0.0,0.0,0.0,0.0,0.0,0.0,0.0,0,0
5000,sgd,Erythrocyte,CD8 + CTL-1,0.0,0.0,0.0,6,0.0,0.0,0.0,0.0,0.0,0.0,0.0,0.0,0.0,0.0,0.0,0.0,0.0,0.0,0.0,0,0
5000,sgd,Erythrocyte,CD8 + CTL-2,0.0,0.0,0.0,6,0.0,0.0,0.0,0.0,0.0,0.0,0.0,0.0,0.0,0.0,0.0,0.0,0.0,0.0,0.0,0,0
5000,sgd,Erythrocyte,CD8 + CTL-3,-0.008547008547008546,-0.034188034188034185,0.0,6,0.0,0.0,2.0,0.008547008547008546,0.0,0.0,0.0,0.0,0.0,0.0,2.0,0.008547008547008546,-0.021367521367521364,0.0,-0.004273504273504273,0,0
5000,sgd,Erythrocyte,CD8 Tem-1,0.0,0.0,0.0,6,0.0,0.0,0.0,0.0,0.0,0.0,0.0,0.0,0.0,0.0,0.0,0.0,0.0,0.0,0.0,0,0
5000,sgd,Erythrocyte,CD8 Tem-2,-0.0014245014245014254,-0.011396011396011404,0.006410256410256415,6,50.666666666666664,0.3062678062678063,51.0,0.3076923076923077,0.0,0.0,0.0,0.0,0.6666666666666666,0.0028490028490028487,1.0,0.004273504273504273,-0.008547008547008553,0.0,0.0042735042735042765,0,0
5000,sgd,Erythrocyte,Cycling T,0.0,0.0,0.0,6,0.0,0.0,0.0,0.0,0.0,0.0,0.0,0.0,0.0,0.0,0.0,0.0,0.0,0.0,0.0,0,0
5000,sgd,Erythrocyte,Erythrocyte,0.0,0.0,0.0,6,8.0,0.6666666666666666,8.0,0.6666666666666666,0.0,0.0,0.0,0.0,0.0,0.0,0.0,0.0,0.0,0.0,0.0,0,0
5000,sgd,Erythrocyte,GCB,0.0,0.0,0.0,6,0.0,0.0,0.0,0.0,0.0,0.0,0.0,0.0,0.0,0.0,0.0,0.0,0.0,0.0,0.0,0,0
5000,sgd,Erythrocyte,Memory B-1,0.0,0.0,0.0,6,0.0,0.0,0.0,0.0,0.0,0.0,0.0,0.0,0.0,0.0,0.0,0.0,0.0,0.0,0.0,0,0
5000,sgd,Erythrocyte,Memory B-2,0.0014245014245014244,0.0,0.006410256410256411,6,0.3333333333333333,0.0014245014245014244,0.0,0.0,0.0,0.0,0.0,0.0,0.3333333333333333,0.0014245014245014244,0.0,0.0,0.004273504273504273,0.0,0.0,0,0
5000,sgd,Erythrocyte,Naive T,0.0,0.0,0.0,6,0.0,0.0,0.0,0.0,0.0,0.0,0.0,0.0,0.0,0.0,0.0,0.0,0.0,0.0,0.0,0,0
5000,sgd,Erythrocyte,Plasma,0.0028490028490028487,0.0,0.011396011396011395,6,0.6666666666666666,0.0028490028490028487,0.0,0.0,0.0,0.0,0.0,0.0,0.6666666666666666,0.0028490028490028487,0.0,0.0,0.0,0.004273504273504273,0.004273504273504273,0,0
5000,sgd,Erythrocyte,Tcm,0.0071225071225071235,0.0,0.032051282051282055,6,4.666666666666667,0.019943019943019943,3.0,0.012820512820512818,0.0,0.0,0.0,0.0,2.6666666666666665,0.011396011396011395,1.0,0.004273504273504273,0.02136752136752137,0.0,0.0,0,0
5000,sgd,Erythrocyte,cDC2,0.0,0.0,0.0,6,0.0,0.0,0.0,0.0,0.0,0.0,0.0,0.0,0.0,0.0,0.0,0.0,0.0,0.0,0.0,0,0
5000,sgd,Erythrocyte,pDC,0.0,0.0,0.0,6,0.0,0.0,0.0,0.0,0.0,0.0,0.0,0.0,0.0,0.0,0.0,0.0,0.0,0.0,0.0,0,0
5000,sgd,Erythrocyte,platelet,0.0,0.0,0.0,6,0.0,0.0,0.0,0.0,0.0,0.0,0.0,0.0,0.0,0.0,0.0,0.0,0.0,0.0,0.0,0,0
5000,sgd,GCB,Atypical Memory B,0.0015431010815668562,-0.0025317954002490118,0.006239775987816396,31,15.0,0.006561226634607016,10.666666666666666,0.0050181255530401606,2.6666666666666665,0.00011234508967775197,2.3333333333333335,0.0002852238755029772,6.333333333333333,0.003450756341917402,2.3333333333333335,0.001734776474525321,0.0012438493368450974,-0.0009451856957415329,0.004330639603597003,3,3
5000,sgd,GCB,CD14 Monocyte-1,0.00039824771007566706,0.0,0.001900077160493823,31,0.3333333333333333,0.00039824771007566706,0.0,0.0,0.0,0.0,0.0,0.0,0.3333333333333333,0.00039824771007566706,0.0,0.0,0.0,0.0011947431302270011,0.0,0,0
5000,sgd,GCB,CD14 Monocyte-2,0.011999861731044526,-0.009926634415251687,0.04015410602910591,31,6.0,0.022997211438071652,3.3333333333333335,0.010997349707027126,0.0,0.0,0.0,0.0,3.6666666666666665,0.01849394887029296,1.0,0.006494087139248429,0.007130641808061163,0.017869358191938838,0.010999585193133581,0,0
5000,sgd,GCB,CD14 Monocyte-3,0.0003223705733573048,-0.0002838432146344696,0.0018891739201381639,31,1.6666666666666667,0.0004721118271626715,2.0,0.00014974125380536667,0.0,0.0,0.0,0.0,1.3333333333333333,0.00044121329793266284,1.6666666666666667,0.00011884272457535803,9.269558769002595e-05,-5.2831138262419366e-05,0.0009272472706443078,0,0
5000,sgd,GCB,CD16 Monocyte-1,0.0,0.0,0.0,31,0.0,0.0,0.0,0.0,0.0,0.0,0.0,0.0,0.0,0.0,0.0,0.0,0.0,0.0,0.0,0,0
5000,sgd,GCB,CD16 Monocyte-2,0.002679778339790584,-0.00011818761534780361,0.012847222222222078,31,0.6666666666666666,0.002719070572240761,1.0,3.9292232450176826e-05,0.3333333333333333,3.089852923000865e-05,0.3333333333333333,1.3002041320487317e-05,0.3333333333333333,0.0026881720430107525,0.6666666666666666,2.6290191129689513e-05,0.008025510005070796,9.269558769002595e-05,-7.887057338906853e-05,1,1
5000,sgd,GCB,CD16 NK,-0.03027768827842796,-0.06597457705637501,-0.0006751673662409472,31,19.0,0.023990432324997802,140.0,0.05426812060342576,1.0,0.0014058830799653938,26.333333333333332,0.004098254273706175,9.333333333333334,0.009998898535099762,105.0,0.03758421561978694,-0.05438585126748249,-0.01360874739773713,-0.02283846617006424,2,6
5000,sgd,GCB,CD4 + Tcm-1,-0.005722101351538445,-0.050556447966492946,0.040846695883825855,31,18.666666666666668,0.08340206639909263,113.0,0.08912416775063108,0.0,0.0,19.333333333333332,0.0008137216028528859,10.333333333333334,0.030013739924276226,85.33333333333333,0.03492211967296179,0.012981188794458373,0.005933600827406949,-0.03608109367648066,0,3
5000,sgd,GCB,CD4 + Tcm-2,0.009668125885546977,-0.04496409496397683,0.06259156751119317,31,186.0,0.0535044131098949,318.3333333333333,0.04383628722434791,28.333333333333332,0.0018261218847629602,80.33333333333333,0.003674397831277852,27.666666666666668,0.037164759510242534,108.0,0.02564835767818066,-0.02768481567960126,0.02302859401442952,0.03366059932181268,5,5
5000,sgd,GCB,CD4 Monocyte-4,0.0,0.0,0.0,31,0.0,0.0,0.0,0.0,0.0,0.0,0.0,0.0,0.0,0.0,0.0,0.0,0.0,0.0,0.0,0,0
5000,sgd,GCB,CD56 NK,0.022773666778695783,-0.008500908194061756,0.05404805348880496,31,436.3333333333333,0.055853188156511,373.3333333333333,0.03307952137781522,70.33333333333333,0.0057983120936854786,90.33333333333333,0.006372453724879933,139.0,0.033153749142798804,56.0,0.009805940732908561,0.015209546134610638,0.007934483728592812,0.04517697047288391,7,6
5000,sgd,GCB,CD8 + CTL-1,0.003741526319433598,-0.003142140950275211,0.01028144307166411,31,110.33333333333333,0.009448210798673827,53.333333333333336,0.00570668447924023,13.333333333333334,0.001240682212559424,11.333333333333334,0.000555102878515796,65.66666666666667,0.005080141109393027,10.666666666666666,0.002024194124003058,0.008279470241840012,0.002235118703854942,0.0007099900126058382,6,4
5000,sgd,GCB,CD8 + CTL-2,-0.000523908633116744,-0.006224809782364438,0.0036269736685218094,31,22.0,0.0023390539852195334,51.0,0.002862962618336277,5.0,0.00043688470876958606,10.0,0.0007777651409119642,10.666666666666666,0.0014072314413725584,34.666666666666664,0.001590259642346924,-0.004500656675274196,0.000852434289665388,0.002076496486258576,6,3
5000,sgd,GCB,CD8 + CTL-3,0.002072405162319177,-0.003965131233402535,0.007888308435787176,31,21.0,0.0034164911838245535,0.3333333333333333,0.0013440860215053762,2.0,0.00017061361792222168,0.0,0.0,19.0,0.0032458775659023314,0.3333333333333333,0.0013440860215053762,-0.000996294090379125,0.0032306066734275603,0.003982902903909095,2,0
5000,sgd,GCB,CD8 Tem-1,0.01302607094398906,-0.018918360619749507,0.06921130306009086,31,5.333333333333333,0.04496858314062615,4.333333333333333,0.031942512196637095,0.0,0.0,0.0,0.0,4.0,0.029377185291163788,3.0,0.01635111434717473,0.04886715810478341,-0.008238076786463882,-0.0015508684863523572,0,0
5000,sgd,GCB,CD8 Tem-2,0.0018966497190282536,-7.9531003311167e-05,0.006092906961141607,31,6.333333333333333,0.006740766585668014,2.6666666666666665,0.0048441168666397616,0.6666666666666666,2.6290191129689513e-05,0.3333333333333333,2.5972676744065244e-05,4.0,0.0019393997751419297,0.6666666666666666,4.306757049930056e-05,0.002151061014832403,0.003420058901744955,0.0001188292405074033,1,1
5000,sgd,GCB,Cycling T,-0.006637815307955923,-0.019001325495747918,-1.5069379500879841e-05,31,3.3333333333333335,0.0014853562153988805,9.666666666666666,0.008123171523354804,0.0,0.0,1.3333333333333333,0.0006334924901057877,2.3333333333333335,0.0006864085310229426,7.333333333333333,0.006690731348873078,-0.00018292225643864158,-0.014828401641125784,-0.004902122026303345,0,2
5000,sgd,GCB,Erythrocyte,0.0,0.0,0.0,31,1.0,0.0064516129032258064,1.0,0.0064516129032258064,0.0,0.0,0.0,0.0,0.0,0.0,0.0,0.0,0.0,0.0,0.0,0,0
5000,sgd,GCB,GCB,0.001247232894663105,-0.02347386451419771,0.024450624291606673,31,1511.3333333333333,0.10320798126780732,1476.0,0.10196074837314421,0.0,0.0,0.0,0.0,0.0,0.0,0.0,0.0,0.00463264622577188,0.005741281238919891,-0.006632228780702456,0,0
5000,sgd,GCB,Memory B-1,-0.03000420437283415,-0.10066731909747306,0.03381504409749107,31,600.6666666666666,0.5040173605991627,454.6666666666667,0.5340215649719968,166.33333333333334,0.015065064595698771,82.33333333333333,0.010325178327761116,109.66666666666667,0.06434723848059035,47.666666666666664,0.09909132912136213,-0.01567980427358349,-0.024415288941599854,-0.049917519903319114,7,9
5000,sgd,GCB,Memory B-2,0.009400665471284602,0.0012777819619693219,0.02597890294102215,31,112.66666666666667,0.02111682944548476,97.0,0.01171616397420016,18.333333333333332,0.0020818737068997186,13.666666666666666,0.0006122181879831178,41.0,0.010796382007684948,30.0,0.002865372055316947,0.007305948531659988,0.016388922920305613,0.004507124961888206,7,4
5000,sgd,GCB,Naive T,-0.0033241076763187577,-0.03255024567976329,0.017234871110496326,31,158.66666666666666,0.02523530932187872,133.66666666666666,0.028559416998197473,34.666666666666664,0.0022586219059112585,39.0,0.0021364263225197885,60.666666666666664,0.012560317978647288,31.333333333333332,0.016006621238357513,-0.005546233233635341,-0.017600900394008724,0.013174810598687796,6,6
5000,sgd,GCB,Plasma,-0.005572231408934941,-0.03174186470593013,0.02616904119155906,31,13.666666666666666,0.00766021173280185,16.333333333333332,0.01323244314173679,0.3333333333333333,2.5972676744065244e-05,0.3333333333333333,0.0013440860215053762,5.666666666666667,0.0064690570899976025,8.333333333333334,0.010723175154171233,-0.0069930570970373656,-0.024430987509837368,0.014707350380069912,1,1
5000,sgd,GCB,Tcm,-0.00020013214298249897,-0.004762441530557472,0.0026932216170267235,31,20.666666666666668,0.0028615423978006847,4.333333333333333,0.0030616745407831838,1.0,6.509044905297524e-05,1.0,6.0162464254535874e-05,19.0,0.0013627601924753082,2.6666666666666665,0.0015678203202562464,0.0002930510730185628,0.0014128319752162056,-0.002306279477182265,2,2
5000,sgd,GCB,cDC2,-0.0022918548259888163,-0.014497537627876006,0.009626941128766687,31,4.333333333333333,0.00467054062937483,7.666666666666667,0.006962395455363647,0.0,0.0,1.6666666666666667,8.547446877617656e-05,4.0,0.004653445735619595,5.666666666666667,0.006859826092832234,0.0019340386981646497,-0.0013284647646214867,-0.007481138411509613,0,1
5000,sgd,GCB,pDC,0.003784341387302731,-0.00536716373545018,0.028668618066213868,31,8.0,0.006482181620398326,9.333333333333334,0.002697840233095593,0.6666666666666666,3.4189787510470627e-05,0.3333333333333333,1.3145095564844756e-05,2.3333333333333335,0.005466777945493031,4.0,0.0017034812501359254,-0.002177170983375092,0.01611415408597847,-0.002583958940695184,1,1
5000,sgd,GCB,platelet,0.0,0.0,0.0,31,0.0,0.0,0.0,0.0,0.0,0.0,0.0,0.0,0.0,0.0,0.0,0.0,0.0,0.0,0.0,0,0
5000,sgd,Memory B-1,Atypical Memory B,-0.000803737523730364,-0.009832769267506385,0.003870158630386254,40,425.6666666666667,0.013683625925339114,442.6666666666667,0.014487363449069474,125.33333333333333,0.003983107422372848,145.66666666666666,0.0049760412207632,79.0,0.002256171878141256,75.66666666666667,0.0020669756034812684,-0.007851113824102057,0.002706605174111132,0.00273329607879983,36,30
5000,sgd,Memory B-1,CD14 Monocyte-1,0.0004349299857597117,-0.0002456748369711803,0.0012926139369194667,40,12.0,0.0012698269283057102,8.0,0.0008348969425459986,5.666666666666667,0.0006168414250649077,2.0,0.00018027209642648568,4.0,0.0003120306302042129,3.6666666666666665,0.00031366997308292336,0.00011577370023836463,0.0005871742954311763,0.0006018419616095939,12,5
5000,sgd,Memory B-1,CD14 Monocyte-2,0.0003857338308331294,-0.0017786508702204021,0.0026971068558723386,40,169.66666666666666,0.01065380716424362,157.0,0.01026807333341049,45.0,0.0022049701261984372,27.666666666666668,0.0018419708519061089,40.0,0.0029455734357310332,44.666666666666664,0.0029228388791902333,0.001811289670040113,0.0007208902436427321,-0.0013749784211834575,22,22
5000,sgd,Memory B-1,CD14 Monocyte-3,0.0001417181092452048,-0.00011905743038973768,0.0005789419582547158,40,5.333333333333333,0.00036536816691360384,3.0,0.00022365005766839904,1.3333333333333333,0.00015940908285405893,0.0,0.0,2.0,4.778732898888639e-05,1.0,6.547830259774052e-05,9.098521997587384e-05,8.557204877924714e-06,0.0003256119028818158,3,0
5000,sgd,Memory B-1,CD16 Monocyte-1,-6.782637485448141e-06,-0.00031889465635380444,0.0002326924989257961,40,6.333333333333333,0.00026108252480469633,5.666666666666667,0.00026786516229014443,2.6666666666666665,0.00010658675369998746,0.6666666666666666,1.305423067703009e-05,2.3333333333333335,8.429382849533037e-05,3.6666666666666665,0.00018460898900373587,6.39820726556937e-05,-0.00018004822702228347,9.571824191024532e-05,4,2
5000,sgd,Memory B-1,CD16 Monocyte-2,0.00036039958637508685,-0.00025729280665836717,0.0011026970072323282,40,18.333333333333332,0.0012158766013553174,12.666666666666666,0.0008554770149802306,8.666666666666666,0.0004584101251146106,3.6666666666666665,0.0003016307499066639,4.333333333333333,0.0004068889673855894,3.6666666666666665,0.0002032687562184492,0.000771500797915339,0.00025952299727905603,5.0174963930865586e-05,13,11
5000,sgd,Memory B-1,CD16 NK,-0.00547691439385669,-0.012647374935229607,0.001760551009021227,40,288.0,0.015763025293694874,380.0,0.021239939687551567,93.33333333333333,0.004517628704499761,81.33333333333333,0.004994802610017479,63.0,0.0038114268869936935,167.0,0.008811167375332668,-0.011439975575375216,0.0010354689098821903,-0.006026236516077048,29,33
5000,sgd,Memory B-1,CD4 + Tcm-1,0.000472841688078001,-0.008236764377529397,0.00888793485787957,40,463.0,0.027148305583022114,462.6666666666667,0.026675463894944112,175.0,0.009220258766954715,141.33333333333334,0.008670767406855247,108.33333333333333,0.006943433530873822,141.66666666666666,0.007020083202895291,0.004521568344440998,0.0026308790275860775,-0.005733922307793074,32,32
5000,sgd,Memory B-1,CD4 + Tcm-2,0.001160279326544793,-0.002192091651982332,0.0047164001970536875,40,121.0,0.005300753916248172,115.0,0.004140474589703379,45.333333333333336,0.002046194867337963,35.666666666666664,0.001241549021609434,44.333333333333336,0.00191237739176246,48.0,0.0015567439109461956,5.855779189992247e-05,-0.001118815469640015,0.004541095657374472,27,21
5000,sgd,Memory B-1,CD4 Monocyte-4,0.00016185789857944157,-0.00015129561521911328,0.00047420166169216427,40,13.333333333333334,0.0006855609408993002,8.666666666666666,0.0005237030423198586,5.333333333333333,0.00025781851698388375,1.6666666666666667,9.74526147836373e-05,1.6666666666666667,5.0561674239735575e-05,0.6666666666666666,4.9069677860540405e-05,0.0003778759962283043,4.852445518002399e-05,5.9173244329996526e-05,10,2
5000,sgd,Memory B-1,CD56 NK,0.004726425763131922,0.0005710819137934377,0.008644504596151166,40,174.66666666666666,0.007848557463133803,87.33333333333333,0.0031221317000018818,74.0,0.0037087853280902533,20.333333333333332,0.000987395506954213,69.66666666666667,0.0032997228024612426,36.0,0.0012946868604653613,0.00779428991469691,0.0008663685322838649,0.005518618842414988,31,22
5000,sgd,Memory B-1,CD8 + CTL-1,0.0019658824369326224,0.00021074526788065795,0.004850169008638831,40,46.666666666666664,0.0023475769930815984,10.666666666666666,0.0003816945561489758,21.666666666666668,0.0010463969023116128,1.6666666666666667,8.37659996539748e-05,23.333333333333332,0.0012175572669801912,7.333333333333333,0.00021430573270520687,0.00462182431052262,0.0010295378913585517,0.0002462851089166964,20,5
5000,sgd,Memory B-1,CD8 + CTL-2,0.0009848211733972172,0.00035085340770871465,0.0017038949653279333,40,30.666666666666668,0.0016190702395283872,11.666666666666666,0.0006342490661311698,11.666666666666666,0.0004978523699395624,0.0,0.0,13.333333333333334,0.0006621526884954257,6.0,0.0001751838850377708,0.000807563285336164,0.0012418528810840836,0.0009050473537714042,18,0
5000,sgd,Memory B-1,CD8 + CTL-3,0.0017785035986085907,0.0006696227442087656,0.0028029998173859936,40,50.333333333333336,0.002131602259849499,3.0,0.0003530986612409084,13.333333333333334,0.00040517709987188203,0.3333333333333333,6.561679790026247e-05,35.0,0.001570176892437496,0.6666666666666666,0.00013123359580052493,0.0021674267003492327,0.0020891735204515956,0.0010789105750249439,14,1
5000,sgd,Memory B-1,CD8 Tem-1,-0.002732279976969273,-0.006265246365801478,0.0013176083108079357,40,446.0,0.02534013049552915,455.6666666666667,0.02807241047249842,105.33333333333333,0.004804554325892217,92.0,0.005737532514319306,56.333333333333336,0.0036499888678373543,79.33333333333333,0.0054492906563795365,-0.004950135178273183,-0.0043205779510974655,0.0010738731984628314,28,31
5000,sgd,Memory B-1,CD8 Tem-2,0.00026569139971819824,-0.0002905920662269441,0.0008081700468235513,40,23.0,0.0011721201488137738,17.666666666666668,0.0009064287490955754,7.333333333333333,0.0003515560095280685,2.3333333333333335,0.0001292427022378329,6.0,0.00036935478375389996,5.666666666666667,0.00032597669132593715,-7.682009933912957e-05,0.0003802964797210689,0.0004935978187726555,13,7
5000,sgd,Memory B-1,Cycling T,9.575701949817366e-05,-0.001818958438444523,0.0015691091364830488,40,54.333333333333336,0.0032143905275291863,50.666666666666664,0.0031186335080310122,19.333333333333332,0.0008087993332132098,14.666666666666666,0.000930314038335687,17.666666666666668,0.0009782413507637981,18.666666666666668,0.0007609696261431472,0.0012026635096529226,-0.0013737478476712182,0.00045835539651281675,18,16
5000,sgd,Memory B-1,Erythrocyte,4.8512107590371195e-06,-0.0006006786624138998,0.0009059145847132426,40,44.333333333333336,0.0028200533143048745,56.0,0.0028152021035458374,3.0,0.0003096031361572695,11.666666666666666,0.00040987315187263946,2.6666666666666665,0.00017036062675382705,5.666666666666667,6.523940027942011e-05,-0.0002750058263694679,-0.00031407851251549697,0.0006036379711620762,7,11
5000,sgd,Memory B-1,GCB,0.005349207675069682,-0.01388876606362731,0.020525385672423714,40,2048.3333333333335,0.05472764862110153,1789.6666666666667,0.04937844094603185,694.0,0.01996735901032717,541.6666666666666,0.016744061248435693,270.6666666666667,0.007436953940819249,164.33333333333334,0.005311044027641043,0.00678511665467933,0.013510787874235925,-0.0042482815037062065,39,33
5000,sgd,Memory B-1,Memory B-1,-0.01738180658821008,-0.03759240048670753,0.007340570184302489,40,17436.666666666668,0.7494610418395027,18051.333333333332,0.7668428484277126,0.0,0.0,0.0,0.0,0.0,0.0,0.0,0.0,-0.02090138796456102,-0.020626293825183346,-0.010617737974885886,0,0
5000,sgd,Memory B-1,Memory B-2,0.004862176139497863,-0.006098853613519603,0.013182023306276549,40,1301.0,0.042498096892165514,1165.6666666666667,0.03763592075266766,498.3333333333333,0.0161546187156339,331.3333333333333,0.011107447216752915,158.66666666666666,0.0052347364250098305,190.33333333333334,0.005419731784392951,0.010984851318964295,0.00302376836935531,0.0005779087301739889,40,37
5000,sgd,Memory B-1,Naive T,0.0024940527340005653,0.00020422379264664495,0.00558279609092631,40,146.66666666666666,0.005605729336196575,91.33333333333333,0.0031116766021960095,62.0,0.002536634158605184,20.666666666666668,0.0006975820720276988,49.333333333333336,0.0018398071570837331,35.333333333333336,0.0011848065096606523,0.0008198837802221309,0.0011061650906377656,0.005556109331141801,29,19
5000,sgd,Memory B-1,Plasma,0.0010637275318773765,-0.0026159008641385047,0.005730482992985379,40,178.0,0.011521359804527115,158.0,0.010457632272649736,72.66666666666667,0.004198725079703976,48.333333333333336,0.0035422668961817357,39.0,0.0028021747431894208,43.333333333333336,0.0023949053948342843,0.0011661737256891645,-0.0021732954178131205,0.004198304287756085,33,34
5000,sgd,Memory B-1,Tcm,0.0005706082851255361,-0.0023159988971454873,0.002882346525422479,40,50.666666666666664,0.0025925488041699963,24.0,0.0020219405190444605,19.333333333333332,0.0010298760099568792,2.3333333333333335,0.00017818657598076028,22.0,0.0009180843115400697,12.333333333333334,0.0011991654603906523,0.0018696606433008123,0.0009570016048995576,-0.0011148373928237612,22,5
5000,sgd,Memory B-1,cDC2,-0.0009207606684285228,-0.003022395616884499,0.0008124261098693975,40,73.33333333333333,0.0038561798452480377,72.0,0.00477694051367656,31.666666666666668,0.0014549193701157458,18.333333333333332,0.0011912646976996084,27.666666666666668,0.0016544849497215537,39.666666666666664,0.0028389002905662136,-0.0015860329761437156,-0.0010804589055946289,-9.579012354722248e-05,21,21
5000,sgd,Memory B-1,pDC,1.3588139247228749e-05,-0.0028511210392777515,0.0022124775576195153,40,89.0,0.0065042957094587316,75.66666666666667,0.006490707570211504,42.666666666666664,0.002343247647538609,24.0,0.0017319427919296633,15.666666666666666,0.0010750959032796211,21.0,0.0016728126196413375,0.0014455807621392342,-0.001324725432350886,-8.009091204666222e-05,29,23
5000,sgd,Memory B-1,platelet,2.9228256400995184e-05,-0.00044025650935969037,0.0005405132628414377,40,5.666666666666667,0.0003923646610331664,6.333333333333333,0.00036313640463217126,2.3333333333333335,0.0001885939575881507,2.3333333333333335,0.00014208464411750586,0.6666666666666666,1.9276238806210212e-05,1.3333333333333333,3.6557295875859914e-05,-0.00039609675478364387,0.0003094670368704147,0.00017431448711621456,6,6
5000,sgd,Memory B-2,Atypical Memory B,0.0024738662395467456,0.00019284994285047297,0.006609451926475022,33,17.666666666666668,0.005173918785834887,9.0,0.0027000525462881416,7.333333333333333,0.0007459960125872502,1.3333333333333333,0.0001987291848577331,4.333333333333333,0.0020883292347814346,1.6666666666666667,0.00016172982296420676,0.0035118916787728023,0.0030701469180221155,0.0008395601218453173,6,3
5000,sgd,Memory B-2,CD14 Monocyte-1,0.0,0.0,0.0,33,0.3333333333333333,2.9796489973481124e-05,0.3333333333333333,2.9796489973481124e-05,0.0,0.0,0.0,0.0,0.0,0.0,0.0,0.0,0.0,0.0,0.0,0,0
5000,sgd,Memory B-2,CD14 Monocyte-2,-0.0018365472910927456,-0.007575757575757575,0.0,33,0.3333333333333333,2.3655761360679393e-05,1.0,0.001860203052453425,0.0,0.0,0.0,0.0,0.0,0.0,0.6666666666666666,0.0018365472910927456,-0.0027548209366391185,-0.0027548209366391185,0.0,0,0
5000,sgd,Memory B-2,CD14 Monocyte-3,4.9393692425477266e-05,-7.191140514885661e-05,0.0002718593549889383,33,1.3333333333333333,9.878738485095453e-05,0.6666666666666666,4.9393692425477266e-05,0.0,0.0,0.0,0.0,1.0,7.40905386382159e-05,0.3333333333333333,2.4696846212738633e-05,0.0001481810772764318,-7.40905386382159e-05,7.40905386382159e-05,0,0
5000,sgd,Memory B-2,CD16 Monocyte-1,0.0,0.0,0.0,33,0.0,0.0,0.0,0.0,0.0,0.0,0.0,0.0,0.0,0.0,0.0,0.0,0.0,0.0,0.0,0,0
5000,sgd,Memory B-2,CD16 Monocyte-2,2.365576136067939e-05,-0.00017480368947361613,0.00023566282499211554,33,1.0,7.304945378615665e-05,0.6666666666666666,4.9393692425477266e-05,1.0,7.304945378615665e-05,0.3333333333333333,2.4696846212738633e-05,0.0,0.0,0.3333333333333333,2.4696846212738633e-05,-0.0001481810772764318,7.40905386382159e-05,0.00014505782272025407,2,1
5000,sgd,Memory B-2,CD16 NK,-0.016298798354938446,-0.05445294487216249,0.005977789413271714,33,12.666666666666666,0.011429919282204661,33.333333333333336,0.027728717637143102,0.6666666666666666,4.731152272135879e-05,3.3333333333333335,0.0002912490021411479,6.333333333333333,0.005638089519474261,24.333333333333332,0.021692950394992916,-0.0018524351778480123,-0.00554996380621954,-0.04149399608074778,1,5
5000,sgd,Memory B-2,CD4 + Tcm-1,0.0023604246286106196,-0.054686528334111986,0.07114075475638276,33,10.0,0.0468713565322334,34.0,0.044510931903622784,0.6666666666666666,0.0030062530062530068,4.333333333333333,0.0014559993185652067,4.333333333333333,0.01954322039916121,24.666666666666668,0.018733049458238386,-0.014059265823543289,0.05560438136977598,-0.03446384166040083,2,4
5000,sgd,Memory B-2,CD4 + Tcm-2,0.010338769367530282,-0.01468588757350858,0.04857487320711731,33,23.0,0.03208821043897025,33.666666666666664,0.02174944107143996,3.0,0.0006887745382238749,4.0,0.000955187473167157,10.0,0.01751406977810278,19.666666666666668,0.006908887475629218,-0.015504576063117217,0.01708392251390441,0.02943696165180365,3,5
5000,sgd,Memory B-2,CD4 Monocyte-4,0.0017071574448623628,-7.642606610125349e-05,0.00932794302493488,33,3.0,0.004708390010663333,2.3333333333333335,0.00300123256580097,0.3333333333333333,2.4696846212738633e-05,0.6666666666666666,0.00012372635700695533,1.0,0.0018061869556565795,0.0,0.0,-3.123254556177719e-06,0.0,0.005124595589143266,1,2
5000,sgd,Memory B-2,CD56 NK,0.008984511850990308,-0.0066238244741141546,0.026919236351501258,33,16.666666666666668,0.013343082341785724,20.0,0.004358570490795415,3.6666666666666665,0.0018894829318098555,2.3333333333333335,0.00022577473368783142,8.333333333333334,0.011091727955074633,13.0,0.003770924302206347,0.002043113045213595,0.005013690891414028,0.019896731616343304,6,3
5000,sgd,Memory B-2,CD8 + CTL-1,0.0064544839763240325,-0.0013641107066712603,0.02092059353634974,33,15.333333333333334,0.0071627823796712,3.0,0.0007082984033471678,2.3333333333333335,0.0006607573362923828,0.6666666666666666,6.99031840900353e-05,12.333333333333334,0.006453672435805399,1.6666666666666667,0.0005900426116837146,0.01621253975891346,0.004659323021030039,-0.0015084108509714044,5,1
5000,sgd,Memory B-2,CD8 + CTL-2,0.001428392497566262,-0.001138832945652901,0.007168375356255753,33,1.0,0.0018612441373054844,4.666666666666667,0.0004328516397392223,0.0,0.0,0.3333333333333333,5.372877713303245e-05,1.0,0.0018612441373054844,4.333333333333333,0.00037912286260618984,0.001900809249250747,-0.0003704526931910795,0.0027548209366391185,0,1
5000,sgd,Memory B-2,CD8 + CTL-3,0.007467067595164194,0.001474033958262255,0.018082680701964948,33,30.333333333333332,0.008099443430051608,5.0,0.0006323758348874138,10.0,0.001014036957318905,1.0,0.00016118633139909733,18.0,0.006786146079730079,1.6666666666666667,0.00017192911048569178,0.012628296125104023,0.0022919794474257718,0.007480927212962787,7,1
5000,sgd,Memory B-2,CD8 Tem-1,-0.0025252525252525255,-0.014285714285714285,0.0,33,1.0,0.006493506493506493,1.3333333333333333,0.009018759018759018,0.0,0.0,0.0,0.0,0.0,0.0,0.3333333333333333,0.0025252525252525255,0.0,-0.007575757575757576,0.0,0,0
5000,sgd,Memory B-2,CD8 Tem-2,0.01555764643811444,-0.038717439598855194,0.07258870438509389,33,29.666666666666668,0.04730002713216691,19.0,0.03174238069405247,6.0,0.0018860949278169958,3.0,0.0014073628435086244,10.333333333333334,0.02666722313758596,2.6666666666666665,0.011588308783779894,0.006709760753903141,-0.015625933240329647,0.055589111800769815,5,5
5000,sgd,Memory B-2,Cycling T,-0.006895167316539785,-0.022064333205048414,-9.892636489333824e-05,33,3.3333333333333335,0.002626936013718847,12.0,0.009522103330258632,0.0,0.0,2.6666666666666665,0.00036405545648656915,2.6666666666666665,0.00026566092517103166,8.666666666666666,0.006796772785224247,-0.006432223968022254,-0.011511676441012478,-0.002741601540584621,0,3
5000,sgd,Memory B-2,Erythrocyte,-0.00019805902158843337,-0.0008650519031141868,0.0,33,1.3333333333333333,0.00039611804317686675,2.0,0.0005941770647653001,0.0,0.0,0.0,0.0,0.0,0.0,0.6666666666666666,0.00019805902158843337,0.0,-0.00029708853238265005,-0.00029708853238265005,0,0
5000,sgd,Memory B-2,GCB,0.02958472948009915,0.00461887131578214,0.07730523690762443,33,161.66666666666666,0.04051272916386645,101.0,0.010927999683767316,50.333333333333336,0.009842965542995932,17.666666666666668,0.0019429001893867183,47.333333333333336,0.023804206525459448,19.333333333333332,0.0021195423989695183,0.04916521125638749,0.029125590233716032,0.01046338695019391,7,7
5000,sgd,Memory B-2,Memory B-1,-0.049014267328213706,-0.13583201910311354,0.018530225590866405,33,603.3333333333334,0.41466103482963573,447.6666666666667,0.46367530215784947,202.0,0.03684736271849722,62.333333333333336,0.05557468714348331,63.0,0.03489176394855816,47.0,0.06517870685178578,-0.021175239918902387,-0.09000076101322185,-0.035866801052516877,12,16
5000,sgd,Memory B-2,Memory B-2,0.022276558239611725,-0.028598818336208438,0.09147743705752205,33,1068.3333333333333,0.20443619282664802,1241.6666666666667,0.1821596345870363,0.0,0.0,0.0,0.0,0.0,0.0,0.0,0.0,0.0070264944113499,0.03638979485527787,0.023413385452207423,0,0
5000,sgd,Memory B-2,Naive T,0.00658533031653414,-0.0027802082297459685,0.023658660640843324,33,16.333333333333332,0.008477020084326672,11.0,0.0018916897677925296,5.0,0.0003671178776357943,2.6666666666666665,0.0005462536819657196,8.0,0.007777301443785461,5.0,0.0010128353229213955,-0.002146247089183274,0.0035252108659913676,0.01837702717279433,2,6
5000,sgd,Memory B-2,Plasma,-0.010257069746836453,-0.04611382466230363,0.036214679966671826,33,33.666666666666664,0.037167635945480594,39.333333333333336,0.04742470569231705,10.666666666666666,0.0009296577136372776,10.333333333333334,0.0028582265608617947,8.333333333333334,0.01125753939765691,14.333333333333334,0.019586040297268844,-0.0009744335242439346,-0.013935588305979482,-0.01586118741028595,5,7
5000,sgd,Memory B-2,Tcm,-0.010607101665378697,-0.03397601839706519,0.0026003618378362832,33,9.666666666666666,0.0035224622676462273,9.666666666666666,0.014129563933024928,0.6666666666666666,4.835260757341802e-05,2.0,0.0017193106794876707,7.666666666666667,0.0027421016332664395,6.333333333333333,0.011678245226730886,0.0009896398687040241,-0.012909165295644332,-0.019901779569195786,2,4
5000,sgd,Memory B-2,cDC2,-0.0036847130902093635,-0.015631745557927592,0.010662242038706558,33,4.0,0.0042461252755665625,24.0,0.007930838365775926,0.6666666666666666,6.474808201849877e-05,8.666666666666666,0.0014785045295905202,2.3333333333333335,0.004087818248097349,14.333333333333334,0.006358774890734692,-0.006653536708564154,-0.004566574876201204,0.00016597231413726914,2,5
5000,sgd,Memory B-2,pDC,0.00811216833697097,-0.009339861066242081,0.05608536352709452,33,7.0,0.028751398967949825,12.0,0.020639230630978847,1.3333333333333333,0.00016043617863877762,4.0,0.00341823194979967,2.3333333333333335,0.013282052899539239,4.666666666666667,0.0019120887914073764,-0.0007885848321965034,0.03187223840130857,-0.006747148558199157,4,6
5000,sgd,Memory B-2,platelet,-0.022087179525661232,-0.06083802059191307,0.0034230333611687254,33,58.0,0.070445176527619,61.666666666666664,0.09253235605328021,5.333333333333333,0.0005610398668648069,6.0,0.008264978117664449,3.6666666666666665,0.004878170866519719,6.666666666666667,0.019261412141381305,-0.027843268850782865,-0.023538495801287224,-0.014879773924913603,5,6
5000,sgd,Naive T,Atypical Memory B,-0.0025529300942820654,-0.010563388653529036,0.0014982942807561103,40,28.333333333333332,0.0022595669727840276,24.333333333333332,0.004812497067066093,10.666666666666666,0.0005611852149967243,2.6666666666666665,0.0005873925764999266,6.0,0.0003188739725832835,10.0,0.0028455967053621464,-0.008778502209972736,-9.25559660191783e-06,0.0011289675237284573,9,5
5000,sgd,Naive T,CD14 Monocyte-1,8.018202760805309e-05,-0.0015011631624570585,0.001396682392946915,40,17.0,0.003299946871926271,11.0,0.0032197648443182177,2.0,2.0194674112226052e-05,0.3333333333333333,0.0001937984496124031,8.333333333333334,0.0013196748678180464,4.0,0.001065889064709816,0.00014262987370831378,0.00037459888252764766,-0.0002766826734118022,2,1
5000,sgd,Naive T,CD14 Monocyte-2,0.007519176115327183,0.000767831169500947,0.01593697679742726,40,96.33333333333333,0.033908046393553125,87.33333333333333,0.02638887027822595,7.333333333333333,0.0021729061775932336,9.0,0.0011306868158348644,40.666666666666664,0.015606270881601611,30.0,0.009129314128032799,0.005505551945185011,0.007521012786438313,0.009530963614358219,15,12
5000,sgd,Naive T,CD14 Monocyte-3,0.0021066227115174026,-0.0003622622706305095,0.004935392496823229,40,254.33333333333334,0.0044150596438019924,81.66666666666667,0.002308436932284589,111.66666666666667,0.0014092422146685898,28.666666666666668,0.0005472342547173766,106.0,0.0020670965223071867,16.333333333333332,0.0008224817707409973,0.002846706958191828,0.003179700106041717,0.00029346107031866296,9,7
5000,sgd,Naive T,CD16 Monocyte-1,0.0024187160064726163,-0.0011668155080735696,0.008790668995065245,40,14.666666666666666,0.005242988416975601,11.0,0.0028242724105029867,0.3333333333333333,0.00011415525114155251,2.0,4.199812597963198e-05,11.333333333333334,0.003962157903839154,6.0,0.001615599022528458,0.006662268729194565,0.0005750885560587024,1.8790734164581513e-05,1,3
5000,sgd,Naive T,CD16 Monocyte-2,-0.0005970989677050406,-0.003729901858216434,0.0016462709591891478,40,28.666666666666668,0.003613854208599473,31.333333333333332,0.0042109531763045134,4.0,0.0001639188439223784,7.333333333333333,0.0008240570843646395,13.666666666666666,0.002511366132548256,13.0,0.0024483268598110355,0.0007974801489793668,-0.0020911190342902224,-0.000497658017804266,6,11
5000,sgd,Naive T,CD16 NK,-0.003973653275702136,-0.011388433764907826,0.0023135830101799317,40,103.33333333333333,0.028304522385939484,130.33333333333334,0.03227817566164162,8.666666666666666,0.0014334719600676731,27.333333333333332,0.0028477166544290562,58.0,0.014992083742322826,66.33333333333333,0.01755149232366358,-0.003289685669676057,-0.002543577428836373,-0.0060876967285939795,13,20
5000,sgd,Naive T,CD4 + Tcm-1,-0.04848855078611284,-0.08460903156739451,-0.015507889464655589,40,1381.3333333333333,0.3096077197787677,2024.3333333333333,0.35809627056488064,213.0,0.015356761023810903,646.6666666666666,0.038225662292804004,327.6666666666667,0.06263974476449151,537.0,0.08825939428161124,-0.05178759754408595,-0.02234144314069838,-0.0713366116735542,35,36
5000,sgd,Naive T,CD4 + Tcm-2,0.01012330498514393,-0.005219119277169465,0.02743354012009512,40,1852.3333333333333,0.08014604426530436,2195.0,0.07002273928016044,450.0,0.010869753731052612,757.0,0.011819771925762987,289.6666666666667,0.030127259127915917,325.3333333333333,0.019053935948061613,0.017133425578012274,-0.002747124038843536,0.015983613416263042,23,21
5000,sgd,Naive T,CD4 Monocyte-4,0.0007532958735660065,-0.0006801349380598227,0.002661334207300477,40,11.333333333333334,0.0027614812051903934,6.0,0.002008185331624387,1.3333333333333333,0.00021232229428791807,0.0,0.0,5.333333333333333,0.0009331173579159281,1.3333333333333333,0.0003921437786378397,0.0003918131886082016,0.0016115945541047886,0.0002564798779850292,3,0
5000,sgd,Naive T,CD56 NK,0.008174357556571461,0.0020826288320683144,0.015327647247591503,40,183.33333333333334,0.019502224096087855,174.33333333333334,0.011327866539516396,30.666666666666668,0.0012279204742180543,61.333333333333336,0.0008215507965951596,97.33333333333333,0.012342422317776805,57.666666666666664,0.004574434438828238,0.013523811454626517,0.0033927008089176007,0.007606560406170265,14,9
5000,sgd,Naive T,CD8 + CTL-1,0.0021828178043789147,-0.0013012892533479196,0.006619758928536297,40,102.66666666666667,0.006230752369593325,138.0,0.00404793456521441,28.333333333333332,0.0006165695532351059,49.0,0.000803420921274681,49.333333333333336,0.004609304637262893,64.0,0.002239635464844403,0.004544450881135972,0.00038538422889409265,0.0016186183031066813,10,9
5000,sgd,Naive T,CD8 + CTL-2,0.0035173204935896366,-0.002052695267238175,0.009019792121313612,40,833.6666666666666,0.018495945374251088,602.6666666666666,0.01497862488066145,396.0,0.005089095804672248,263.3333333333333,0.0038649350573838974,219.0,0.00760635616861436,120.66666666666667,0.005313196422313075,0.004153379430660807,0.004688098800192795,0.001710483249915307,16,13
5000,sgd,Naive T,CD8 + CTL-3,-0.001015607514887729,-0.006588147864660195,0.0034701272329889675,40,141.0,0.0032015901516373717,141.33333333333334,0.0042171976665251005,50.0,0.0005640893143470175,41.333333333333336,0.0011899754618123726,47.333333333333336,0.0018609180820425891,56.333333333333336,0.0022506394494649627,-0.0013671526881751856,-0.000988543129427779,-0.0006911267270602222,6,7
5000,sgd,Naive T,CD8 Tem-1,-0.007105336540584265,-0.04286398763596399,0.010499434049197079,40,460.6666666666667,0.13789714423481597,447.6666666666667,0.14500248077540023,31.333333333333332,0.0073629460976348425,33.666666666666664,0.016104147215492793,154.0,0.04578985881933741,138.66666666666666,0.04415399424206373,0.0030624400591345935,-0.004712970367003506,-0.019665479313883884,27,30
5000,sgd,Naive T,CD8 Tem-2,-0.007894429706294233,-0.03009518837131717,0.003926891481429691,40,326.0,0.019730527853729824,243.0,0.02762495756002406,96.66666666666667,0.0018183467799024026,49.0,0.0037948929616876607,96.66666666666667,0.008788810348715283,61.333333333333336,0.014706693873224264,-0.02542881062745178,-0.0004789879412845914,0.0022245094498536647,14,19
5000,sgd,Naive T,Cycling T,-0.003631622639642267,-0.015290845810668035,0.0034519466823444574,40,48.666666666666664,0.01184844382665233,248.0,0.015480066466294599,7.666666666666667,0.0010336745088026862,125.33333333333333,0.0027242922740053992,21.333333333333332,0.00522489786650395,103.0,0.007165902740943505,0.002670880559123131,-0.01191895758847589,-0.001646790889574041,10,16
5000,sgd,Naive T,Erythrocyte,-0.0013909537363102087,-0.0041910359663226,8.772068794736259e-05,40,27.0,0.0059780641496127345,33.666666666666664,0.007369017885922942,0.0,0.0,1.3333333333333333,0.00014216685283960178,3.0,0.00013742199218228561,8.333333333333334,0.0013862088756528923,-0.00146743825130326,-0.000973061246569384,-0.001732361711057982,0,3
5000,sgd,Naive T,GCB,0.0007511220094357169,-0.03289538994413045,0.03387715651297015,40,121.33333333333333,0.012535472008489824,53.666666666666664,0.011784349999054108,48.333333333333336,0.009390419839878645,20.0,0.0007720582699080883,52.333333333333336,0.0019393510942234658,13.0,0.009806590654758309,0.025261038961752486,-0.022943815824311157,-6.385710913418569e-05,11,11
5000,sgd,Naive T,Memory B-1,0.003165996644594721,-0.0020049189460539423,0.0076548945036487796,40,41.333333333333336,0.012250488228096282,36.666666666666664,0.009084491583501561,4.333333333333333,0.0013199410336257541,4.666666666666667,0.0011918443693416895,26.666666666666668,0.007619073887107787,21.666666666666668,0.004581173906797132,0.0038596501946291514,0.0006257163617859662,0.005012623377369045,11,9
5000,sgd,Naive T,Memory B-2,0.00020218423153939413,-0.0008260211898079697,0.0014174189519322131,40,9.0,0.000688280953164848,4.666666666666667,0.00048609672162545377,3.0,3.142141543313999e-05,0.6666666666666666,7.533485830371184e-06,3.3333333333333335,0.00040114074158819653,1.3333333333333333,0.00022284443965157115,0.0011841647875676603,1.9676027362507092e-05,-0.000597288120311985,5,2
5000,sgd,Naive T,Naive T,0.029531782474899276,-0.013090010010287189,0.07571110809242312,40,11614.333333333334,0.24982232692080533,10971.0,0.2202905444459061,0.0,0.0,0.0,0.0,0.0,0.0,0.0,0.0,0.00015639914345580154,0.023032448164377977,0.06540650011686407,0,0
5000,sgd,Naive T,Plasma,-8.670737481151497e-06,-0.0030002647798873143,0.0034298732578317867,40,21.0,0.0031637262087625406,21.333333333333332,0.0031723969462436924,3.6666666666666665,4.334363945058745e-05,6.0,0.00019899826291481948,11.333333333333334,0.0022243011264159013,9.333333333333334,0.002077317240432821,-0.000723160068276003,0.0023233647504691457,-0.0016262168946365976,5,4
5000,sgd,Naive T,Tcm,-0.003455000904622444,-0.019319758870922497,0.00632991349555434,40,158.66666666666666,0.008796018920261712,162.66666666666666,0.012251019824884158,31.666666666666668,0.00047658598972949315,44.666666666666664,0.002870683250869714,88.66666666666667,0.005103443344070672,79.66666666666667,0.006164346987552895,-0.002573667000642739,-0.0002749330359471662,-0.007516402677277425,10,6
5000,sgd,Naive T,cDC2,0.010141937819493718,-0.000814377866001402,0.04190458427158364,40,22.333333333333332,0.012883317552835477,34.666666666666664,0.0027413797333417597,3.6666666666666665,0.0004921874834434562,13.666666666666666,0.0005663246368054401,15.0,0.011734260878667009,17.333333333333332,0.0015181859058113062,0.0036291570170816573,0.02441263326114678,0.002384023180252718,7,8
5000,sgd,Naive T,pDC,-0.000596728315761089,-0.0025228659493475333,0.0007700315620203409,40,44.333333333333336,0.0013778422390665868,29.0,0.0019745705548276757,15.666666666666666,0.0002625249280152336,8.333333333333334,0.000452005674099813,17.333333333333332,0.0007720494447752351,9.333333333333334,0.0011792970144517446,0.00043278582327530013,-0.0010651854910762378,-0.0011577852794823298,7,6
5000,sgd,Naive T,platelet,4.1766465247449717e-05,-0.0011743875518984604,0.0018205853476721868,40,17.0,0.0020386047692944084,15.333333333333334,0.001996838304046959,1.3333333333333333,0.00027174239919833205,1.3333333333333333,0.00012335545127369386,3.6666666666666665,0.000535391645096113,2.0,0.0006420121277733015,-0.0005420206747389224,0.0009469565750480997,-0.00027963650456682836,4,3
5000,sgd,Plasma,Atypical Memory B,-0.000832670353907905,-0.003947368421052631,0.0002123142250530786,40,3.3333333333333335,0.005667483489599695,4.666666666666667,0.0065001538435075995,0.3333333333333333,5.307855626326965e-05,1.3333333333333333,0.0008151274412446209,0.0,0.0,0.3333333333333333,7.062146892655367e-05,-0.002657246730513524,0.0,0.00015923566878980894,1,2
5000,sgd,Plasma,CD14 Monocyte-1,-0.00019841269841269839,-0.0011904761904761904,0.0005847953216374268,40,1.0,0.0005238791423001948,1.3333333333333333,0.0007222918407128933,0.3333333333333333,0.0001461988304093567,0.6666666666666666,0.0003446115288220551,0.0,0.0,0.0,0.0,-0.0005952380952380952,0.00043859649122807013,-0.00043859649122807013,1,2
5000,sgd,Plasma,CD14 Monocyte-2,-0.001605928796677907,-0.010555861277632073,0.0053906250000000005,40,6.0,0.003423180394039757,6.0,0.005029109190717663,0.6666666666666666,0.00026041666666666666,0.6666666666666666,0.0002527573529411765,0.6666666666666666,0.0017197452229299364,0.6666666666666666,0.0033333333333333335,-0.00497702205882353,-0.005231389331210192,0.0053906250000000005,2,2
5000,sgd,Plasma,CD14 Monocyte-3,0.0,0.0,0.0,40,0.0,0.0,0.0,0.0,0.0,0.0,0.0,0.0,0.0,0.0,0.0,0.0,0.0,0.0,0.0,0,0
5000,sgd,Plasma,CD16 Monocyte-1,-0.00020542093578708922,-0.0012177158999192898,0.0002544529262086514,40,0.3333333333333333,6.361323155216285e-05,0.6666666666666666,0.0002690341673392521,0.3333333333333333,6.361323155216285e-05,0.6666666666666666,0.0002690341673392521,0.0,0.0,0.0,0.0,0.00019083969465648855,0.0,-0.0008071025020177562,1,2
5000,sgd,Plasma,CD16 Monocyte-2,0.0,0.0,0.0,40,0.0,0.0,0.0,0.0,0.0,0.0,0.0,0.0,0.0,0.0,0.0,0.0,0.0,0.0,0.0,0,0
5000,sgd,Plasma,CD16 NK,-0.0009714784754591323,-0.004801514161112176,0.0022770385255488535,40,3.3333333333333335,0.0065770220602068665,5.333333333333333,0.007548500535665998,1.0,0.0004260550274851123,2.3333333333333335,0.0011203648869598387,0.6666666666666666,0.0008680555555555555,1.3333333333333333,0.001145224171539961,-0.002643227724234703,0.000390625,-0.000661832702142693,3,5
5000,sgd,Plasma,CD4 + Tcm-1,-0.0036298748565567335,-0.01147802826825752,0.0006756756756756757,40,1.3333333333333333,0.0007669441057598952,9.666666666666666,0.004396818962316629,0.3333333333333333,0.00022522522522522523,8.333333333333334,0.0038477086600216133,0.3333333333333333,0.0002192982456140351,0.6666666666666666,0.00022668966737438077,-0.0037601764769386106,0.0006756756756756757,-0.0078051237684072655,1,7
5000,sgd,Plasma,CD4 + Tcm-2,-0.0013808909470881885,-0.0038980594591885714,0.0,40,1.3333333333333333,0.0002614611635830422,3.3333333333333335,0.0016423521106712308,0.3333333333333333,7.062146892655367e-05,1.6666666666666667,0.0008342284653974583,0.0,0.0,0.6666666666666666,0.0006172839506172839,-0.0017699876560793807,-0.0005208333333333333,-0.0018518518518518517,1,4
5000,sgd,Plasma,CD4 Monocyte-4,0.0,0.0,0.0,40,0.0,0.0,0.0,0.0,0.0,0.0,0.0,0.0,0.0,0.0,0.0,0.0,0.0,0.0,0.0,0,0
5000,sgd,Plasma,CD56 NK,0.00099345756821247,-0.003801929274678488,0.006922973531015458,40,4.666666666666667,0.004848390568412833,6.666666666666667,0.0038549330002003632,1.3333333333333333,0.0008186837782893763,4.333333333333333,0.0024892364353148668,1.6666666666666667,0.002901234567901234,0.6666666666666666,0.00023722434266327394,0.001281915013672984,-0.00015339416088742535,0.0018518518518518517,4,3
5000,sgd,Plasma,CD8 + CTL-1,0.00026498538011695904,-0.0006944444444444445,0.001848958333333316,40,0.6666666666666666,0.0004385964912280702,0.3333333333333333,0.00017361111111111112,0.0,0.0,0.3333333333333333,0.00017361111111111112,0.6666666666666666,0.0004385964912280702,0.0,0.0,0.0006578947368421052,0.0006578947368421052,-0.0005208333333333333,0,1
5000,sgd,Plasma,CD8 + CTL-2,0.0,0.0,0.0,40,0.0,0.0,0.0,0.0,0.0,0.0,0.0,0.0,0.0,0.0,0.0,0.0,0.0,0.0,0.0,0,0
5000,sgd,Plasma,CD8 + CTL-3,0.0007936507936507935,0.0,0.003174603174603174,40,1.0,0.0011904761904761904,0.3333333333333333,0.00039682539682539677,1.0,0.0011904761904761904,0.0,0.0,0.0,0.0,0.3333333333333333,0.00039682539682539677,0.0011904761904761904,0.0011904761904761904,0.0,1,0
5000,sgd,Plasma,CD8 Tem-1,0.0024426689315393026,-0.004835798089803863,0.01165410669987008,40,6.333333333333333,0.00658094276632036,5.333333333333333,0.0041382738347810555,1.3333333333333333,0.0005648808614910309,0.6666666666666666,0.00012370002518982332,1.6666666666666667,0.003981649984834698,1.3333333333333333,0.0019801618895966032,0.0060448415001053855,0.005728304413665528,-0.004445139119153005,3,2
5000,sgd,Plasma,CD8 Tem-2,-0.00026041666666666666,-0.0015624999999999999,0.0,40,0.0,0.0,0.3333333333333333,0.00026041666666666666,0.0,0.0,0.3333333333333333,0.00026041666666666666,0.0,0.0,0.0,0.0,0.0,0.0,-0.00078125,0,1
5000,sgd,Plasma,Cycling T,-0.0005731619185289583,-0.004655699793722913,0.002812544397901484,40,9.333333333333334,0.004596226727183572,10.0,0.00516938864571253,2.0,0.001009994608529397,3.6666666666666665,0.0020413748952097153,1.3333333333333333,0.0006044171985607166,0.3333333333333333,0.0001461988304093567,-0.0014392424731465747,0.0013006654567453116,-0.001580908739185612,3,8
5000,sgd,Plasma,Erythrocyte,0.0,0.0,0.0,40,3.6666666666666665,0.001990141084480707,3.6666666666666665,0.001990141084480707,0.0,0.0,0.0,0.0,0.0,0.0,0.0,0.0,0.0,0.0,0.0,0,0
5000,sgd,Plasma,GCB,0.0006126077086074061,-0.0009301270417422868,0.0020714546783625713,40,2.0,0.0012471862526687086,1.0,0.0006345785440613026,0.6666666666666666,0.0003720238095238095,0.6666666666666666,0.00046096743295019155,1.0,0.0007015513320337881,0.0,0.0,0.0006578947368421052,0.0011160714285714285,6.385696040868451e-05,2,2
5000,sgd,Plasma,Memory B-1,-0.006270210770103185,-0.018384451957431033,0.002353465281315901,40,15.333333333333334,0.023366953178862254,19.0,0.029637163948965446,3.0,0.0018559286789993678,5.333333333333333,0.005444308037069007,2.3333333333333335,0.0016855065064059638,3.6666666666666665,0.00436733791843951,-0.0038107908213235965,-0.005906882416550836,-0.009092959072435122,8,9
5000,sgd,Plasma,Memory B-2,0.0008928571428571428,-0.002517361111111111,0.0047619047619047615,40,2.6666666666666665,0.0029017857142857144,2.3333333333333335,0.0020089285714285712,1.3333333333333333,0.001587301587301587,1.0,0.0006944444444444445,0.3333333333333333,0.00026041666666666666,0.3333333333333333,0.00026041666666666666,0.0008184523809523809,0.00040922619047619043,0.0014508928571428572,1,2
5000,sgd,Plasma,Naive T,-0.0007337443410957209,-0.0035316547590963725,0.0012345679012345679,40,0.3333333333333333,0.00030864197530864197,1.6666666666666667,0.001042386316404363,0.0,0.0,1.6666666666666667,0.001042386316404363,0.3333333333333333,0.00030864197530864197,0.0,0.0,-0.0026063256158797557,-0.0005208333333333333,0.0009259259259259259,0,4
5000,sgd,Plasma,Plasma,0.012426840527846685,-0.003983369777342615,0.0315957338789043,40,2105.6666666666665,0.9303355981776219,2084.6666666666665,0.9179087576497752,0.0,0.0,0.0,0.0,0.0,0.0,0.0,0.0,0.017604405235476614,0.0003583125601360246,0.019317803787927412,0,0
5000,sgd,Plasma,Tcm,7.062146892655367e-05,0.0,0.000423728813559322,40,0.6666666666666666,0.00020082980225988702,0.3333333333333333,0.00013020833333333333,0.3333333333333333,7.062146892655367e-05,0.0,0.0,0.0,0.0,0.0,0.0,0.0,0.0,0.000211864406779661,1,0
5000,sgd,Plasma,cDC2,-0.0013365299823633158,-0.0034887566137566136,0.0,40,0.3333333333333333,0.00019841269841269839,2.0,0.001534942680776014,0.0,0.0,0.6666666666666666,0.0005070546737213404,0.0,0.0,1.0,0.0008294753086419753,-0.001521164021164021,-0.00078125,-0.0017071759259259258,0,2
5000,sgd,Plasma,pDC,-0.0004989487791098153,-0.004166666666666667,0.001973684210526316,40,3.6666666666666665,0.004512234785436874,4.333333333333333,0.0050111835645466896,0.3333333333333333,6.361323155216285e-05,1.3333333333333333,0.0004842412086569657,0.6666666666666666,0.0006161236424394319,0.3333333333333333,0.0006944444444444445,-0.002666297815682464,0.0008487344314985938,0.0003207170468544242,1,4
5000,sgd,Plasma,platelet,0.0,0.0,0.0,40,0.0,0.0,0.0,0.0,0.0,0.0,0.0,0.0,0.0,0.0,0.0,0.0,0.0,0.0,0.0,0,0
5000,sgd,Tcm,Atypical Memory B,-0.003042351358938702,-0.027738728284074664,0.009523809523809523,36,3.6666666666666665,0.003130488147234137,0.6666666666666666,0.006172839506172839,0.3333333333333333,4.8964882386352505e-06,0.0,0.0,3.3333333333333335,0.0031255916589955014,0.6666666666666666,0.006172839506172839,-0.013859509959457077,0.004688387488493252,4.406839414771726e-05,1,0
5000,sgd,Tcm,CD14 Monocyte-1,-0.00370860019194234,-0.01569826848048357,2.0738067834219884e-05,36,1.3333333333333333,0.0018665413165677577,2.3333333333333335,0.0055751415085100965,0.0,0.0,0.0,0.0,0.6666666666666666,9.792976477270501e-06,1.6666666666666667,0.00371839316841961,-0.005526176626123745,-2.9378929431811505e-05,-0.005570245020271462,0,0
5000,sgd,Tcm,CD14 Monocyte-2,1.9585952954541293e-05,-0.01300173280114949,0.01227706577078213,36,1.6666666666666667,0.002334400767769356,0.3333333333333333,0.0023148148148148147,0.0,0.0,0.0,0.0,1.6666666666666667,0.002334400767769356,0.3333333333333333,0.0023148148148148147,0.006973823373876257,1.4689464715905752e-05,-0.0069297549797285385,0,0
5000,sgd,Tcm,CD14 Monocyte-3,0.017859532809735523,8.813678829543451e-05,0.05392383805374001,36,10.0,0.01786442929797416,0.3333333333333333,4.8964882386352505e-06,0.0,0.0,0.0,0.0,10.0,0.01786442929797416,0.3333333333333333,4.8964882386352505e-06,0.004717766417925064,0.03718393168419609,0.011676900327085413,0,0
5000,sgd,Tcm,CD16 Monocyte-1,1.4689464715905752e-05,0.0,5.716980862406563e-05,36,1.0,1.4689464715905752e-05,0.0,0.0,0.0,0.0,0.0,0.0,1.0,1.4689464715905752e-05,0.0,0.0,2.9378929431811505e-05,1.4689464715905752e-05,0.0,0,0
5000,sgd,Tcm,CD16 Monocyte-2,0.00023634176329300006,-0.00013567723773963859,0.0014825796886582653,36,4.0,0.00030978908687252885,5.0,7.344732357952876e-05,0.6666666666666666,0.0002608242044861763,0.3333333333333333,4.8964882386352505e-06,2.0,2.9378929431811505e-05,3.3333333333333335,4.896488238635251e-05,2.9378929431811505e-05,-8.813678829543451e-05,0.0007677831487426232,1,1
5000,sgd,Tcm,CD16 NK,-0.05349417691841115,-0.12274437315341474,0.012891106604131038,36,423.0,0.18896958362808047,225.33333333333334,0.24246376054649157,15.333333333333334,0.0007273009149950331,3.6666666666666665,0.010153330808921621,292.0,0.03578122611621005,106.0,0.07984937314069461,-0.033676971406623596,-0.025981698191315402,-0.10082386115729441,2,6
5000,sgd,Tcm,CD4 + Tcm-1,-0.007367342041228686,-0.06394177383172173,0.04814674749851848,36,271.3333333333333,0.3419500554769111,112.33333333333333,0.34931739751813984,24.666666666666668,0.0017430118837079907,2.3333333333333335,0.0033619334222885016,180.0,0.07121588736241767,43.333333333333336,0.07696430786506583,-0.00501802286977245,-0.019246252230731467,0.002162248976817859,2,3
5000,sgd,Tcm,CD4 + Tcm-2,-0.017147797092281262,-0.05303475054121575,0.012271386883006214,36,235.66666666666666,0.0794399752509899,106.33333333333333,0.09658777234327116,38.333333333333336,0.0037009864975543765,7.333333333333333,0.008876581933807122,121.33333333333333,0.01754521864153891,23.0,0.02951742029756742,0.003095941512921004,-0.027437985985299305,-0.027101346804465482,2,5
5000,sgd,Tcm,CD4 Monocyte-4,9.792976477270501e-06,-2.860475494002728e-05,6.615589976288332e-05,36,2.3333333333333335,3.427541767044676e-05,1.6666666666666667,2.4482441193176255e-05,0.6666666666666666,9.792976477270501e-06,0.0,0.0,1.0,1.4689464715905752e-05,1.0,1.4689464715905752e-05,-2.9378929431811505e-05,2.9378929431811505e-05,2.9378929431811505e-05,1,0
5000,sgd,Tcm,CD56 NK,0.01272823556129124,-0.033477351721666895,0.05959534579398233,36,361.3333333333333,0.05884118995236417,113.0,0.046112954391072915,19.333333333333332,0.0012881212298764678,2.6666666666666665,0.0020795477502314683,265.3333333333333,0.03769395533967483,33.666666666666664,0.024174293258028584,-0.002890641831678326,0.0002728643224735413,0.040802484193078505,2,3
5000,sgd,Tcm,CD8 + CTL-1,0.01686397022405597,-0.009339265379440858,0.04066281302484352,36,183.66666666666666,0.04293166517836294,127.33333333333333,0.026067694954306973,15.666666666666666,0.0008577130172381214,3.0,4.406839414771726e-05,95.66666666666667,0.025287142622464415,52.0,0.009236817021498847,0.02304101045678396,0.019001862782214114,0.008549037433169834,2,1
5000,sgd,Tcm,CD8 + CTL-2,0.005578637057058233,-0.01742590101689674,0.02725916595027952,36,46.666666666666664,0.023773051157068525,20.666666666666668,0.018194414100010287,2.6666666666666665,0.00016468751991353492,0.6666666666666666,0.001548106364781845,38.333333333333336,0.018066314228324335,14.333333333333334,0.01110425832639779,-0.0070070786898303195,0.008906222457253657,0.014836767403751363,2,2
5000,sgd,Tcm,CD8 + CTL-3,-0.003998771525506352,-0.04013938392456568,0.027565359477124157,36,192.33333333333334,0.01518811763758588,991.6666666666666,0.01918688916309223,5.666666666666667,8.324030005679927e-05,58.0,0.0008519889535225336,10.0,0.012509738571052397,757.0,0.015739761443093015,-0.0036963589713457506,0.010399936998517998,-0.0186998926036913,1,1
5000,sgd,Tcm,CD8 Tem-1,-0.003887403620789837,-0.02430499503650719,0.01458382936507936,36,9.0,0.043577276377382144,11.0,0.04746467999817198,0.6666666666666666,9.792976477270501e-06,0.0,0.0,3.6666666666666665,0.009674440657826874,6.333333333333333,0.01357163725509398,-0.01639466674501048,-0.0034575327575063165,0.008189988640147288,1,0
5000,sgd,Tcm,CD8 Tem-2,0.0032153087097374715,-0.022419511019398555,0.03535161251725143,36,33.0,0.018887475803761992,3.3333333333333335,0.01567216709402452,1.3333333333333333,0.0002706171809634468,0.0,0.0,29.333333333333332,0.010138423722506217,1.0,0.007193732193732194,0.012119373370034396,-0.01201524766437511,0.00954180042355313,2,0
5000,sgd,Tcm,Cycling T,-0.012214294508917171,-0.03313027190382119,-0.00023040230683256787,36,26.333333333333332,0.03471716251770896,64.66666666666667,0.046931457026626135,1.0,1.4689464715905752e-05,0.0,0.0,16.333333333333332,0.0006979943984174551,55.666666666666664,0.01292697837205053,-0.007438507004185049,-0.023228205730849834,-0.005976170791716632,1,0
5000,sgd,Tcm,Erythrocyte,6.855083534089352e-05,0.0,0.0002365776948982716,36,7.333333333333333,0.018596862330336684,2.6666666666666665,0.01852831149499579,0.6666666666666666,9.792976477270501e-06,0.0,0.0,4.0,5.875785886362301e-05,0.0,0.0,0.00010282625301134027,5.875785886362301e-05,4.406839414771726e-05,1,0
5000,sgd,Tcm,GCB,0.0011517379406850911,-0.013263176475012937,0.015124827938191459,36,19.666666666666668,0.005034245073236292,2.3333333333333335,0.003882507132551201,0.6666666666666666,9.792976477270501e-06,0.0,0.0,18.666666666666668,0.005019555608520386,2.0,0.0038776106443125656,0.007688227904355447,0.0002203419707385863,-0.00445335605303876,1,0
5000,sgd,Tcm,Memory B-1,0.0039020930855057415,-0.00946979426355418,0.026155425653045957,36,4.0,0.00806875975217241,0.6666666666666666,0.004166666666666667,0.6666666666666666,9.792976477270501e-06,0.0,0.0,3.3333333333333335,0.008058966775695137,0.6666666666666666,0.004166666666666667,4.406839414771726e-05,-0.0013301310300252653,0.012992341892394775,1,0
5000,sgd,Tcm,Memory B-2,9.792976477270501e-06,0.0,3.813967325336957e-05,36,1.0,1.4689464715905752e-05,0.3333333333333333,4.8964882386352505e-06,0.0,0.0,0.0,0.0,1.0,1.4689464715905752e-05,0.3333333333333333,4.8964882386352505e-06,1.4689464715905752e-05,0.0,1.4689464715905752e-05,0,0
5000,sgd,Tcm,Naive T,0.025130962846649705,0.001489510757997139,0.06251490287820503,36,55.666666666666664,0.05273953472808377,43.0,0.027608571881434063,6.0,0.00046468363030879325,2.0,0.00015489454343626442,37.333333333333336,0.029291467686340566,28.666666666666668,0.0044702939265633896,0.023377705560853803,0.004829711429806891,0.04718547154928841,2,2
5000,sgd,Tcm,Plasma,-0.00048744540415613925,-0.002621224807568013,0.00010847604713284248,36,5.333333333333333,7.834381181816401e-05,7.333333333333333,0.0005657892159743032,0.3333333333333333,4.8964882386352505e-06,0.6666666666666666,9.792976477270501e-06,4.666666666666667,6.855083534089352e-05,6.333333333333333,0.0005510997512583975,0.0,-0.0001909630413067748,-0.001271373171161643,1,1
5000,sgd,Tcm,Tcm,0.017445611444934072,-0.004738714498812783,0.04123078427831948,36,210.0,0.040313510353095355,264.3333333333333,0.022867898908161283,0.0,0.0,0.0,0.0,0.0,0.0,0.0,0.0,0.01071338452602061,0.027487583750726678,0.014135866058054928,0,0
5000,sgd,Tcm,cDC2,0.0010741671073506082,-0.00035282258064516127,0.0062536674226091,36,8.0,0.0012700266368960184,13.333333333333334,0.00019585952954541004,0.3333333333333333,4.8964882386352505e-06,0.0,0.0,5.0,0.001225958242748301,10.666666666666666,0.00015668762363632802,0.0035309800810858455,-0.00014689464715905752,-0.00016158411187496328,1,0
5000,sgd,Tcm,pDC,3.427541767044676e-05,0.0,0.00012341742619840094,36,3.3333333333333335,4.896488238635251e-05,1.0,1.4689464715905752e-05,0.0,0.0,0.0,0.0,3.0,4.406839414771726e-05,0.6666666666666666,9.792976477270501e-06,5.875785886362301e-05,2.9378929431811505e-05,1.4689464715905752e-05,0,0
5000,sgd,Tcm,platelet,4.8964882386352505e-06,0.0,2.7832669988031956e-05,36,0.3333333333333333,4.8964882386352505e-06,0.0,0.0,0.0,0.0,0.0,0.0,0.3333333333333333,4.8964882386352505e-06,0.0,0.0,0.0,1.4689464715905752e-05,0.0,0,0
5000,sgd,cDC2,Atypical Memory B,-0.0017220520132511174,-0.006314977052786982,0.0006549571426204793,40,14.333333333333334,0.0018001328432342455,28.333333333333332,0.003522184856485363,3.3333333333333335,0.0002877015314414444,16.333333333333332,0.0018395915079306038,0.3333333333333333,9.689922480620155e-05,1.3333333333333333,0.00026706126156815984,-0.005636940917425098,0.0005426604667039776,-7.187558903223279e-05,7,9
5000,sgd,cDC2,CD14 Monocyte-1,0.005437079771390241,-0.0036362650149162046,0.01523676977452493,40,388.3333333333333,0.06434472843703413,358.0,0.0589076486656439,121.0,0.018953486735471706,92.33333333333333,0.013866664903147162,15.0,0.0022990900329868972,13.333333333333334,0.0019488320939212,0.012416402129067205,0.0058481272501748945,-0.0019532900650713826,39,33
5000,sgd,cDC2,CD14 Monocyte-2,0.00030749746811489656,-0.0013036781663150591,0.0019269710243653496,40,33.666666666666664,0.004641525121585664,30.333333333333332,0.004334027653470767,12.0,0.0015299484036216159,9.333333333333334,0.0013387821726010267,5.0,0.0007819977469483338,4.333333333333333,0.0006656665098540264,-0.00030801708164376846,0.0012593927889385972,-2.8883302950139053e-05,13,14
5000,sgd,cDC2,CD14 Monocyte-3,0.0018624979787588737,-0.0007432145084561106,0.005606751165600479,40,37.666666666666664,0.004610678098927252,23.333333333333332,0.0027481801201683785,20.0,0.0024478813458330205,8.666666666666666,0.0009596839444548548,7.333333333333333,0.0009041650853305054,4.333333333333333,0.0005298645079497971,0.004459195869610846,4.4472112540598975e-05,0.001083825954125176,15,7
5000,sgd,cDC2,CD16 Monocyte-1,0.0010322387433633702,-0.0007160675230246569,0.0031146042575246327,40,35.0,0.006554175011342412,30.666666666666668,0.0055219362679790425,11.666666666666666,0.0021431680383762167,9.333333333333334,0.0016209555387877099,6.333333333333333,0.0012134957982184353,4.333333333333333,0.0007034695544435718,0.0018526934320194962,0.0007526932581026519,0.0004913295399679625,12,13
5000,sgd,cDC2,CD16 Monocyte-2,0.000768778369171938,-0.002666581368264096,0.005400152833104358,40,49.666666666666664,0.007795363006048023,43.666666666666664,0.007026584636876086,19.0,0.0026990537155894574,11.666666666666666,0.0014955490219499224,3.3333333333333335,0.0002934360790878644,4.666666666666667,0.0007281624035554603,0.005292291747732934,-0.001511267394739988,-0.0014746892454771325,18,15
5000,sgd,cDC2,CD16 NK,-0.004378844481573683,-0.01734246154614721,0.0026272488028865676,40,16.333333333333332,0.009446418235172595,17.333333333333332,0.013825262716746277,12.0,0.0014006540160004623,8.666666666666666,0.0010868218719123442,1.0,0.00017928204933538315,5.333333333333333,0.004871958674997183,-0.0070515584438607505,0.002530280282297194,-0.008615255283157493,12,8
5000,sgd,cDC2,CD4 + Tcm-1,0.005953978016858677,-0.001209119832056129,0.025521512772856143,40,44.0,0.01818822789429575,29.0,0.012234249877437075,31.666666666666668,0.006257868098102837,12.333333333333334,0.0016101725529884953,3.0,0.0024316351426038273,7.333333333333333,0.0011253526708594915,0.017362504635428024,0.0012573004950191715,-0.0007578710798711661,19,19
5000,sgd,cDC2,CD4 + Tcm-2,0.0004911381337935323,-0.00015180486325301493,0.0012839162891883664,40,6.333333333333333,0.001056098210093003,3.6666666666666665,0.0005649600762994708,4.0,0.0006956983365352348,0.6666666666666666,0.00011961571479068827,1.3333333333333333,0.00022882092618934724,2.0,0.0003137654141403615,0.0008227197524633252,0.00019969595250055147,0.00045099869641672006,9,2
5000,sgd,cDC2,CD4 Monocyte-4,3.52913615204078e-05,-0.0016239201913646616,0.0012459749212529285,40,24.333333333333332,0.0033951798749522685,19.0,0.00335988851343186,9.0,0.0009727520747203864,4.666666666666667,0.001052343710677382,2.6666666666666665,0.0003508896714226005,1.6666666666666667,0.00023600667394519718,-0.0002405118991226223,0.000310669426678991,3.5716557004854676e-05,15,10
5000,sgd,cDC2,CD56 NK,0.002963679026534013,2.895767158280316e-05,0.009704109415143432,40,13.666666666666666,0.007505359223393601,4.333333333333333,0.004541680196859587,9.333333333333334,0.0008677703404322617,3.0,0.00030894048851012315,3.0,0.002404849174611874,0.0,0.0,0.0016682730931516173,0.0005655785401621751,0.006657185446288247,12,5
5000,sgd,cDC2,CD8 + CTL-1,0.001075134158252765,4.696556420867654e-05,0.004167708333333328,40,5.0,0.0013681879572250558,1.6666666666666667,0.00029305379897229077,3.6666666666666665,0.0011090094970061524,0.3333333333333333,3.387533875338754e-05,0.0,0.0,0.0,0.0,0.0007164560038790738,0.00030656551849826864,0.002202380952380952,9,1
5000,sgd,cDC2,CD8 + CTL-2,3.578223644382946e-05,0.0,0.00013404825737265414,40,0.6666666666666666,3.578223644382946e-05,0.0,0.0,0.6666666666666666,3.578223644382946e-05,0.0,0.0,0.0,0.0,0.0,0.0,6.702412868632708e-05,0.0,4.032258064516129e-05,2,0
5000,sgd,cDC2,CD8 + CTL-3,0.000770501091035577,2.308402585410896e-05,0.0020975898946374296,40,5.666666666666667,0.000770501091035577,0.0,0.0,4.666666666666667,0.0005684865484786769,0.0,0.0,1.0,0.00020201454255690024,0.0,0.0,0.0014139853456514814,0.0002577319587628866,0.0006397859686923632,4,0
5000,sgd,cDC2,CD8 Tem-1,-0.000178627038670557,-0.0010599212534973027,0.0005463798363871007,40,7.0,0.0007658160680593793,7.333333333333333,0.0009444431067299363,3.0,0.00024002125184376035,3.3333333333333335,0.0004327834321787716,1.3333333333333333,0.00017532044225131998,1.3333333333333333,0.00016118530058686572,0.0001525850945895754,1.0224254722329987e-05,-0.0006986904653235763,6,7
5000,sgd,cDC2,CD8 Tem-2,0.0001739340228040793,0.0,0.000490198784337202,40,1.3333333333333333,0.0001739340228040793,0.0,0.0,0.6666666666666666,8.67635189669088e-05,0.0,0.0,0.6666666666666666,8.71705038371705e-05,0.0,0.0,0.00031016185677202625,0.00021164021164021165,0.0,2,0
5000,sgd,cDC2,Cycling T,-0.000275838874556154,-0.0010523616701559357,0.000484025605642221,40,8.666666666666666,0.0010580464540233434,11.666666666666666,0.0013338853285794975,4.0,0.0005330175613348071,6.0,0.0006566680815449044,0.6666666666666666,6.899641577060932e-05,1.6666666666666667,0.000221184770116666,-0.00022143681476995716,-0.0002960594057129057,-0.000310020403185599,9,11
5000,sgd,cDC2,Erythrocyte,-4.629629629629631e-05,-0.000645945340501792,0.0005555555555555556,40,12.666666666666666,0.0017408362310719107,12.0,0.0017871325273682074,1.3333333333333333,0.0001329151732377539,0.6666666666666666,0.00017921146953405018,0.0,0.0,0.0,0.0,-0.00026881720430107527,0.00031810035842293904,-0.0001881720430107527,2,1
5000,sgd,cDC2,GCB,0.00011537798115635735,0.0,0.0003508924555988807,40,1.0,0.00011537798115635735,0.0,0.0,0.6666666666666666,7.850482481417446e-05,0.0,0.0,0.3333333333333333,3.687315634218289e-05,0.0,0.0,0.0,0.00023551447444252336,0.00011061946902654867,2,0
5000,sgd,cDC2,Memory B-1,-2.5242115439206398e-05,-0.0005009813580605874,0.0006067256739491193,40,3.0,0.00048357283467307267,3.6666666666666665,0.0005088149501122791,0.6666666666666666,8.331286334234014e-05,2.0,0.00023681120181415154,1.3333333333333333,0.00023443885716330982,0.6666666666666666,0.00010618263413070482,-0.00034397648802659306,2.0725389233726368e-05,0.00024752475247524753,2,4
5000,sgd,cDC2,Memory B-2,8.634712955491738e-05,0.0,0.00026690497467977357,40,2.6666666666666665,0.00030833484655147584,1.6666666666666667,0.0002219877169965585,0.6666666666666666,6.400575332614167e-05,0.0,0.0,0.3333333333333333,2.2341376228775695e-05,0.0,0.0,8.090614886731392e-05,0.0,0.0001781352397974382,2,0
5000,sgd,cDC2,Naive T,0.000236889133796371,-0.00040489961055885013,0.0009107511815383803,40,7.666666666666667,0.0010894612987267288,6.666666666666667,0.0008525721649303578,3.6666666666666665,0.0004548409623744062,1.6666666666666667,0.00018974468478294654,0.6666666666666666,0.00015169424743892828,1.6666666666666667,0.00017990139123401694,0.0005152739183687598,-0.00018757577659387126,0.00038296925961422447,8,4
5000,sgd,cDC2,Plasma,0.00020417722666084783,-0.00031481481481481475,0.000882021926631812,40,3.0,0.0007075734800571012,2.0,0.0005033962533962534,1.3333333333333333,0.0003075849822425165,0.0,0.0,0.3333333333333333,3.6231884057971014e-05,0.6666666666666666,0.00013963963963963964,0.0,0.00035644339992166074,0.0002560882800608828,3,0
5000,sgd,cDC2,Tcm,0.001166008650805991,0.0,0.00414950344742469,40,6.333333333333333,0.0015536055500307972,1.3333333333333333,0.0003875968992248062,4.333333333333333,0.0010208884558353473,0.0,0.0,0.6666666666666666,0.00014512019497064363,0.0,0.0,0.0030466756009566334,0.00015723270440251574,0.0002941176470588235,7,0
5000,sgd,cDC2,cDC2,-0.01835229938365175,-0.0463183831177382,0.001732610057909101,40,6585.0,0.8514682821737701,6695.333333333333,0.8698205815574219,0.0,0.0,0.0,0.0,0.0,0.0,0.0,0.0,-0.040212961229494845,-0.015231468779732027,0.0003875318582716253,0,0
5000,sgd,cDC2,pDC,0.0023501574297713195,-0.0002591173416774557,0.005468871675831175,40,61.0,0.008712725774109892,42.666666666666664,0.0063625683443385705,33.0,0.004360388789459044,13.666666666666666,0.0018637023084709847,2.0,0.0002942841853213444,3.0,0.00044081323653808363,0.004531901038414323,0.0021663225136129244,0.00035224873728671236,26,19
5000,sgd,cDC2,platelet,-8.728772634923886e-05,-0.0006021346815532618,0.0003808907917818805,40,2.0,0.00031007604418234957,2.3333333333333335,0.00039736377053158843,0.6666666666666666,9.5988845988846e-05,1.0,0.00018327657233808484,0.0,0.0,0.0,0.0,-0.00042482971701425455,-0.000125,0.000287966537966538,2,3
5000,sgd,pDC,Atypical Memory B,-0.002197837136600484,-0.007452848857314142,0.0,40,1.3333333333333333,0.00041666666666666675,6.666666666666667,0.002614503803267151,0.0,0.0,4.333333333333333,0.0018032175662843193,0.0,0.0,1.0,0.0003946195703161647,-0.0061624769270428315,-0.0004310344827586207,0.0,0,7
5000,sgd,pDC,CD14 Monocyte-1,0.001712258107889454,9.259498350809338e-05,0.0036934858453698417,40,9.333333333333334,0.0038886492214670726,5.333333333333333,0.0021763911135776175,3.3333333333333335,0.0012115879865972328,1.3333333333333333,0.00029872466814814103,3.0,0.0011151111468839167,1.0,0.00031571635744355437,0.001639081561172185,0.0009020640580096603,0.002595628704486517,8,3
5000,sgd,pDC,CD14 Monocyte-2,0.0003148158759095177,-0.004110161524641494,0.003124305416523443,40,9.333333333333334,0.003328142971864411,7.0,0.003013327095954893,3.3333333333333335,0.0011784825727838703,1.6666666666666667,0.0012838263724874687,1.6666666666666667,0.000700345298588337,1.0,0.0002801856229752211,0.0009745680173372908,-0.0005540839500720616,0.0005239635604633241,8,3
5000,sgd,pDC,CD14 Monocyte-3,0.0002930457052797478,0.0,0.0010638297872340426,40,1.0,0.00037637903861308125,0.3333333333333333,8.333333333333333e-05,0.0,0.0,0.0,0.0,0.6666666666666666,0.0002930457052797478,0.0,0.0,0.0003472222222222222,0.0,0.0005319148936170213,0,0
5000,sgd,pDC,CD16 Monocyte-1,0.00018606976115556197,-0.0021785774716663766,0.004684213635826539,40,1.0,0.001309193652647163,3.0,0.001123123891491601,0.3333333333333333,2.0678246484698098e-05,1.6666666666666667,0.00040065859683379297,0.3333333333333333,0.0011904761904761904,1.0,0.0006244260789715335,-0.0007712985938792391,0.0022654061624649857,-0.0009358982851190607,1,4
5000,sgd,pDC,CD16 Monocyte-2,0.0009212276841007442,-0.00044870971870934306,0.0023546614675646936,40,7.333333333333333,0.0022851420456381426,4.0,0.0013639143615373987,1.6666666666666667,0.0004585565271049142,0.3333333333333333,0.00011574074074074073,2.3333333333333335,0.0007557168622755778,0.3333333333333333,0.0001773049645390071,0.000909986178983074,0.0016123568726919806,0.00024134000062717796,5,1
5000,sgd,pDC,CD16 NK,-0.0047718170823436625,-0.013805210195999328,0.0009371201886090982,40,11.333333333333334,0.010474372651486633,19.333333333333332,0.015246189733830295,3.0,0.0010296409025094112,3.6666666666666665,0.0012501330355694307,3.0,0.0022867565465688497,10.333333333333334,0.006838081495852494,0.0003922812106947494,-0.009415291779524966,-0.0052924406782007705,7,9
5000,sgd,pDC,CD4 + Tcm-1,0.0059807892686590146,-0.005785364127893863,0.022114666231130637,40,40.333333333333336,0.033528606709952606,38.333333333333336,0.027547817441293587,10.0,0.005119198682320902,7.333333333333333,0.0030845402245847655,13.333333333333334,0.014874584148614874,14.0,0.010928453337691995,0.0017618142834522142,0.012225695773351591,0.003954857749173239,14,12
5000,sgd,pDC,CD4 + Tcm-2,0.0008484699447152327,-0.004396736155933641,0.006062481703232236,40,6.0,0.004100212229709638,4.0,0.003251742284994405,1.0,0.00036883810524472463,0.6666666666666666,0.00020576131687242798,3.6666666666666665,0.0029920317616058296,2.0,0.002306638605262894,-0.0008082951341325383,0.004338838376055204,-0.0009851334077769676,3,1
5000,sgd,pDC,CD4 Monocyte-4,0.0003431372549019608,0.0,0.0014705882352941176,40,1.6666666666666667,0.000875052148518982,1.0,0.0005319148936170213,0.3333333333333333,0.00024509803921568627,0.0,0.0,0.3333333333333333,9.80392156862745e-05,0.0,0.0,0.0007352941176470588,0.0002941176470588235,0.0,1,0
5000,sgd,pDC,CD56 NK,0.002183571568287687,-0.002487028356529069,0.00899897180629167,40,14.333333333333334,0.007797195140101604,10.0,0.005613623571813916,3.0,0.0009306586987775533,1.3333333333333333,0.000531983510089366,5.666666666666667,0.0028010590895209742,3.0,0.0010161627099214746,0.006477767904208653,-0.002426949596561282,0.0024998963972156884,8,3
5000,sgd,pDC,CD8 + CTL-1,0.0008852900664397989,0.0,0.002353451797385618,40,4.666666666666667,0.005111182551093235,2.3333333333333335,0.004225892484653436,0.6666666666666666,0.00024509803921568627,0.3333333333333333,0.00012254901960784314,2.0,0.0007627410468319559,0.0,0.0,0.0003927983038945606,0.001548202614379085,0.0007148692810457516,1,1
5000,sgd,pDC,CD8 + CTL-2,0.0012969584700526198,-0.0003874115308355184,0.0035292153805669994,40,6.0,0.0023925777837570396,3.0,0.00109561931370442,2.0,0.0006738910839447393,1.0,0.0003472222222222221,2.6666666666666665,0.0012633353136098503,0.6666666666666666,0.00029304570527974777,-3.8580246913580246e-05,0.002362477870121106,0.0015669777869503332,6,1
5000,sgd,pDC,CD8 + CTL-3,-0.0013829860561157745,-0.005278147163120567,6.203473945409429e-05,40,0.6666666666666666,0.0001979832110237052,2.0,0.0015809692671394798,0.6666666666666666,0.0001979832110237052,2.0,0.0015809692671394798,0.0,0.0,0.0,0.0,6.203473945409429e-05,-0.0005319148936170213,-0.003679078014184397,2,2
5000,sgd,pDC,CD8 Tem-1,-0.0023807250304998095,-0.011264596950621203,0.004802209636755345,40,14.0,0.009989468881404609,14.0,0.01237019391190442,3.0,0.0016710353229924466,3.0,0.0014791582073274622,4.333333333333333,0.003939492308150068,4.333333333333333,0.006512094454314862,-0.0021243666015591627,-0.005773276002355797,0.0007554675124155308,7,7
5000,sgd,pDC,CD8 Tem-2,-0.0008474502053347621,-0.004191988287831304,0.0009066347148199586,40,3.6666666666666665,0.0013891262699750131,4.666666666666667,0.002236576475309775,0.6666666666666666,0.00020528425832005024,0.6666666666666666,0.00016955863113681747,0.6666666666666666,0.0003466483011937557,1.6666666666666667,0.0012298241337117505,-0.0003232542494693386,-0.002089354702685908,-0.00012974166384903954,2,2
5000,sgd,pDC,Cycling T,-0.0029999042533932325,-0.012147265393028038,0.0034649561131909657,40,20.0,0.006920968817903845,29.0,0.009920873071297076,4.666666666666667,0.0015032193178806308,9.333333333333334,0.003372249769926466,4.0,0.0019056884055202034,8.333333333333334,0.003036562206867599,0.0027149050622410987,-0.011084966665781331,-0.0006296511566394648,8,9
5000,sgd,pDC,Erythrocyte,-0.00010248035754075083,-0.0016603634096007157,0.001311938396720342,40,17.0,0.0053482725857973605,17.0,0.005450752943338112,1.0,0.000298384817449408,0.6666666666666666,0.0003887762001352265,0.3333333333333333,0.0001773049645390071,0.6666666666666666,0.0001893939393939394,-0.000856469876425473,0.0,0.0005490288038032206,3,2
5000,sgd,pDC,GCB,0.0001552261678292116,0.0,0.0006024096385542169,40,0.6666666666666666,0.0001552261678292116,0.0,0.0,0.3333333333333333,0.00010040160642570282,0.0,0.0,0.3333333333333333,5.482456140350877e-05,0.0,0.0,0.00030120481927710846,0.0001644736842105263,0.0,1,0
5000,sgd,pDC,Memory B-1,0.000529631011118045,-0.0032389447544001657,0.004825378107896756,40,15.333333333333334,0.014207022866620586,14.666666666666666,0.013677391855502536,3.0,0.0010161374720310658,3.0,0.0017948655825471944,4.666666666666667,0.003165669907649795,4.0,0.0018573107860156213,-0.0007464558891828691,0.002402337474431633,-6.698855189462873e-05,9,6
5000,sgd,pDC,Memory B-2,0.0007746306347052615,0.0,0.0024420393298658183,40,1.3333333333333333,0.0007746306347052615,0.0,0.0,0.0,0.0,0.0,0.0,1.3333333333333333,0.0007746306347052615,0.0,0.0,0.0008333333333333333,0.0008333333333333333,0.000657225237449118,0,0
5000,sgd,pDC,Naive T,0.0005573945908209721,-0.007876488084628474,0.008005127388653766,40,12.0,0.007833314710485005,9.0,0.007275920119664034,2.6666666666666665,0.0016265799739529037,2.0,0.0008708545146453643,5.333333333333333,0.003194300185638327,3.0,0.0033926310541248944,-0.0025117346460419234,-0.003369192238025695,0.007553110656530535,5,3
5000,sgd,pDC,Plasma,-0.0007143663499463007,-0.005706658102745146,0.004083075026009823,40,6.0,0.0021058412407678165,4.666666666666667,0.002820207590714117,2.0,0.00046948486405893236,3.0,0.0022367386958692197,3.3333333333333335,0.0014517451125521654,1.0,0.0003988576306881787,-0.0025283711421329918,0.0027787973923443163,-0.0023935253000502265,3,6
5000,sgd,pDC,Tcm,-0.007832812763029811,-0.02920877659574468,0.0007629952736973838,40,6.666666666666667,0.0047652264526564635,15.333333333333334,0.012598039215686275,0.0,0.0,6.333333333333333,0.005098039215686275,1.6666666666666667,0.0005985597859897971,4.0,0.0033333333333333327,-0.002902902202314297,-0.007528160200250313,-0.013067375886524823,0,2
5000,sgd,pDC,cDC2,-0.00238819346212271,-0.007699417386228275,0.002775990188416629,40,38.333333333333336,0.024798970807892964,42.333333333333336,0.027187164270015673,11.0,0.004402549059387164,11.666666666666666,0.0051732780149298715,4.0,0.001540057710555491,7.333333333333333,0.0031575222171354943,-0.004384108177355449,1.2618460993992115e-05,-0.0027930906700066723,17,17
5000,sgd,pDC,pDC,0.008893158022719462,-0.0050740041572347894,0.025029180436376246,40,2364.3333333333335,0.8452931591251228,2355.6666666666665,0.8364000011024034,0.0,0.0,0.0,0.0,0.0,0.0,0.0,0.0,0.007103235336412122,0.011747595701277667,0.007828643030468598,0,0
5000,sgd,pDC,platelet,-0.0002571014376569932,-0.0008232448492865159,0.0,40,1.3333333333333333,0.0003374154162989114,2.3333333333333335,0.0005945168539559047,0.0,0.0,1.0,0.0002571014376569932,0.0,0.0,0.0,0.0,-0.0004872134038800705,-0.0002840909090909091,0.0,0,3
5000,sgd,platelet,Atypical Memory B,0.0,0.0,0.0,38,0.0,0.0,0.0,0.0,0.0,0.0,0.0,0.0,0.0,0.0,0.0,0.0,0.0,0.0,0.0,0,0
5000,sgd,platelet,CD14 Monocyte-1,0.0,0.0,0.0,38,0.0,0.0,0.0,0.0,0.0,0.0,0.0,0.0,0.0,0.0,0.0,0.0,0.0,0.0,0.0,0,0
5000,sgd,platelet,CD14 Monocyte-2,-0.008872468960188258,-0.05405405405405406,0.026502849002848966,38,1.0,0.00914554905782976,1.3333333333333333,0.018018018018018018,0.6666666666666666,0.00037361923326835613,0.3333333333333333,0.0002370791844476055,0.3333333333333333,0.008771929824561403,1.0,0.017780938833570414,-0.02631578947368421,-0.02607212475633528,0.02577050734945472,2,1
5000,sgd,platelet,CD14 Monocyte-3,0.0,0.0,0.0,38,0.0,0.0,0.0,0.0,0.0,0.0,0.0,0.0,0.0,0.0,0.0,0.0,0.0,0.0,0.0,0,0
5000,sgd,platelet,CD16 Monocyte-1,0.0,0.0,0.0,38,0.0,0.0,0.0,0.0,0.0,0.0,0.0,0.0,0.0,0.0,0.0,0.0,0.0,0.0,0.0,0,0
5000,sgd,platelet,CD16 Monocyte-2,0.0021929824561403508,0.0,0.012499999999999999,38,0.3333333333333333,0.0021929824561403508,0.0,0.0,0.0,0.0,0.0,0.0,0.3333333333333333,0.0021929824561403508,0.0,0.0,0.006578947368421052,0.0,0.0,0,0
5000,sgd,platelet,CD16 NK,0.0032543677577314303,-0.004077204728174256,0.020512820512820513,38,3.0,0.005039363310040001,1.6666666666666667,0.0017849955523085716,2.3333333333333335,0.002610213512469152,0.0,0.0,0.3333333333333333,0.0017543859649122807,1.3333333333333333,0.0011102317196500023,-0.003132832080200501,0.010526315789473684,0.002369619563921107,4,0
5000,sgd,platelet,CD4 + Tcm-1,0.006235702476303981,-0.005130301466706996,0.01990031847174704,38,6.333333333333333,0.010812120210616451,3.0,0.004576417734312471,5.666666666666667,0.009137479062291093,1.3333333333333333,0.002401837928153718,0.0,0.0,1.0,0.0004999386578333946,0.004636591478696742,0.007125915020651863,0.006944600929563336,6,3
5000,sgd,platelet,CD4 + Tcm-2,-0.00018036236872801968,-0.0013862036297933734,0.0009055012834732397,38,1.0,0.0005437768595663333,3.0,0.0007241392282943529,0.3333333333333333,6.961849067112225e-05,0.3333333333333333,0.0002370791844476055,0.3333333333333333,0.0002370791844476055,2.3333333333333335,0.000249980859399142,-0.0007112375533428165,-0.0003432240274345538,0.0005133744745933112,1,1
5000,sgd,platelet,CD4 Monocyte-4,-0.0004976714079051405,-0.0026579864833283368,0.0010029956011249573,38,9.666666666666666,0.004386460099716767,10.0,0.004884131507621907,2.6666666666666665,0.0004236927483932123,2.0,0.0006576833755353929,1.0,0.00012304691826101565,2.0,0.0003867276990239755,-0.0008789405837431735,-0.0015067751676235473,0.0008927015276512989,3,5
5000,sgd,platelet,CD56 NK,0.0004882774965877459,-0.0002391633970581339,0.0019306059126003717,38,1.6666666666666667,0.0007584751352064371,1.0,0.0002701976386186912,0.3333333333333333,0.00020885547201336674,0.0,0.0,1.0,0.00034076419117970365,0.6666666666666666,6.13421666053245e-05,0.0006265664160401002,-0.0001840264998159735,0.001022292573539111,1,0
5000,sgd,platelet,CD8 + CTL-1,0.0005537578252259693,-0.0001668335001668335,0.0020379645379645364,38,2.3333333333333335,0.0006656504809782741,0.6666666666666666,0.00011189265575230487,1.0,0.0002283975044824537,0.3333333333333333,8.122157244964262e-05,1.3333333333333333,0.0004372529764958204,0.3333333333333333,3.067108330266225e-05,0.0014634103969284023,-4.580163859942253e-05,0.00024366471734892786,2,1
5000,sgd,platelet,CD8 + CTL-2,-4.1526818996809744e-05,-0.001578019121878771,0.0017462191804297035,38,1.6666666666666667,0.00032977179791584226,1.0,0.000371298616912652,0.3333333333333333,6.595435958316844e-05,0.3333333333333333,0.00020885547201336674,1.3333333333333333,0.00026381743833267377,0.6666666666666666,0.00016244314489928524,-0.001113895850737956,0.0,0.0009893153937475267,1,1
5000,sgd,platelet,CD8 + CTL-3,0.0,0.0,0.0,38,0.0,0.0,0.0,0.0,0.0,0.0,0.0,0.0,0.0,0.0,0.0,0.0,0.0,0.0,0.0,0,0
5000,sgd,platelet,CD8 Tem-1,0.008737279789911371,-0.02631578947368421,0.05510683760683754,38,1.3333333333333333,0.018658131816026557,1.3333333333333333,0.009920852026115184,0.3333333333333333,0.0002370791844476055,1.0,0.0011489222015537805,1.0,0.01842105263157895,0.3333333333333333,0.008771929824561403,0.025604551920341397,0.026211839369734105,-0.025604551920341397,1,2
5000,sgd,platelet,CD8 Tem-2,-0.016160700037699927,-0.04722276307611398,0.004208195576036851,38,26.0,0.033584655536054324,27.333333333333332,0.04974535557375425,6.0,0.006220202213474868,8.0,0.018445639982579188,2.6666666666666665,0.0010476293294546916,2.0,0.004982891598050294,-0.01626936870308457,-0.02781775748416749,-0.004394973925847717,11,16
5000,sgd,platelet,Cycling T,0.0011990254636343543,-0.004023965010807116,0.007094054534530711,38,10.666666666666666,0.0053536410679267815,7.0,0.004154615604292428,4.333333333333333,0.0019775546091335564,0.3333333333333333,6.595435958316844e-05,3.3333333333333335,0.0003655492377296889,3.6666666666666665,0.0010781240236457227,0.00486087986087986,0.0018327537124529605,-0.0030965571824297586,4,1
5000,sgd,platelet,Erythrocyte,0.0011197379618432248,-0.00023368444421075995,0.005698005698005697,38,11.0,0.0044603405505661145,8.666666666666666,0.0033406025887228884,2.3333333333333335,0.0011586853692116849,0.0,0.0,0.3333333333333333,3.067108330266225e-05,0.3333333333333333,6.961849067112225e-05,0.00018402649981597347,-0.00011684222210538,0.0032920296078190812,2,0
5000,sgd,platelet,GCB,0.0004385964912280702,0.0,0.0025000000000000005,38,0.3333333333333333,0.0004385964912280702,0.0,0.0,0.0,0.0,0.0,0.0,0.3333333333333333,0.0004385964912280702,0.0,0.0,0.0,0.0,0.0013157894736842105,0,0
5000,sgd,platelet,Memory B-1,0.0,0.0,0.0,38,0.0,0.0,0.0,0.0,0.0,0.0,0.0,0.0,0.0,0.0,0.0,0.0,0.0,0.0,0.0,0,0
5000,sgd,platelet,Memory B-2,-0.00012016897981810262,-0.0006105381105381106,0.00017482517482517483,38,0.3333333333333333,3.067108330266225e-05,0.6666666666666666,0.00015084006312076487,0.0,0.0,0.6666666666666666,0.00015084006312076487,0.3333333333333333,3.067108330266225e-05,0.0,0.0,-0.0004525201893622946,9.201324990798675e-05,0.0,0,2
5000,sgd,platelet,Naive T,0.0006461374882427514,-0.000122684333210649,0.0035087719298245615,38,1.3333333333333333,0.0006768085715454136,0.3333333333333333,3.067108330266225e-05,1.3333333333333333,0.0006768085715454136,0.0,0.0,0.0,0.0,0.3333333333333333,3.067108330266225e-05,0.0,-9.201324990798675e-05,0.002030425714636241,2,0
5000,sgd,platelet,Plasma,0.0012734187941944176,-0.0017105263157894735,0.0055054169001537406,38,2.3333333333333335,0.0017120152854224876,0.3333333333333333,0.0004385964912280702,0.6666666666666666,0.0013822434875066453,0.3333333333333333,0.0004385964912280702,1.6666666666666667,0.00032977179791584226,0.0,0.0,-0.0013157894736842105,0.0017543859649122807,0.0033816598913551823,2,1
5000,sgd,platelet,Tcm,-0.0003265886724533341,-0.0014853736658247939,0.0,38,0.0,0.0,0.6666666666666666,0.0003265886724533341,0.0,0.0,0.3333333333333333,0.0002370791844476055,0.0,0.0,0.3333333333333333,8.95094880057286e-05,0.0,-0.0009797660173600023,0.0,0,1
5000,sgd,platelet,cDC2,0.0,0.0,0.0,38,0.0,0.0,0.0,0.0,0.0,0.0,0.0,0.0,0.0,0.0,0.0,0.0,0.0,0.0,0.0,0,0
5000,sgd,platelet,pDC,0.001129260778383586,-0.018018956456456455,0.019987510372125754,38,1.3333333333333333,0.005782975958414555,1.0,0.004653715180030969,0.6666666666666666,0.005263157894736842,1.0,0.004653715180030969,0.6666666666666666,0.0005198180636777127,0.0,0.0,0.014625335677967258,-0.013157894736842105,0.0019203413940256046,2,3
5000,sgd,platelet,platelet,-0.0010690575336376555,-0.03610523309132417,0.03715283234291692,38,1492.3333333333333,0.8954280142315029,1505.0,0.8964970717651406,0.0,0.0,0.0,0.0,0.0,0.0,0.0,0.0,-0.008389935711251045,0.022773002693058857,-0.01759023958272078,0,0
5000,mlp,Atypical Memory B,Atypical Memory B,0.03521538709413583,-0.02411216585086695,0.09490409205838425,34,442.0,0.2227636673917078,367.0,0.18754828029757198,0.0,0.0,0.0,0.0,0.0,0.0,0.0,0.0,0.05254164966801658,-0.015916134984402464,0.06902064659879337,0,0
5000,mlp,Atypical Memory B,CD14 Monocyte-1,-0.0007354760759417962,-0.07885669121949465,0.06764808838307054,34,85.66666666666667,0.23450765145904984,107.0,0.23524312753499163,7.0,0.015183834370564614,25.0,0.02238501166075103,7.0,0.03152748099126653,10.333333333333334,0.025061779777021915,-0.046697073345817706,0.05704225399063706,-0.01255160887264476,9,12
5000,mlp,Atypical Memory B,CD14 Monocyte-2,0.0026911184300757243,-0.039699300576657284,0.03564547100367476,34,7.666666666666667,0.04421885471231041,8.0,0.04152773628223468,0.0,0.0,1.0,0.0010398183890963889,4.333333333333333,0.02574038489301014,3.6666666666666665,0.022009448073838023,0.0230964956093063,-0.012349343527635274,-0.002673796791443851,0,3
5000,mlp,Atypical Memory B,CD14 Monocyte-3,-0.00010539983615374985,-0.002550222179000161,0.0026348315329902416,34,20.333333333333332,0.006111344456716252,22.0,0.006216744292870002,3.3333333333333335,0.0009881102547621343,8.0,0.0021372621418955778,4.333333333333333,0.0013720051127247012,1.3333333333333333,0.0003282530617450081,0.0012105637693405739,-0.0005359658999161655,-0.0009907973778856582,4,5
5000,mlp,Atypical Memory B,CD16 Monocyte-1,-0.007538893153936968,-0.060028955807134785,0.048897741395666064,34,49.0,0.17004400748195547,56.666666666666664,0.17758290063589244,1.6666666666666667,0.007638784945700079,7.666666666666667,0.010940016170260351,4.666666666666667,0.018799643890998915,6.333333333333333,0.02303730582037561,-0.03538620793438637,-0.028132812631677065,0.04090234110425254,4,10
5000,mlp,Atypical Memory B,CD16 Monocyte-2,0.013299066077743888,-0.03657842087901082,0.05392534656393541,34,31.333333333333332,0.053244867249541944,38.666666666666664,0.03994580117179806,3.6666666666666665,0.005154575983576527,13.666666666666666,0.01232708894144214,7.666666666666667,0.03766181549712521,5.0,0.01719023646151571,0.02001953097890544,0.03566884079713277,-0.01579117354280655,5,9
5000,mlp,Atypical Memory B,CD16 NK,0.0,0.0,0.0,34,0.0,0.0,0.0,0.0,0.0,0.0,0.0,0.0,0.0,0.0,0.0,0.0,0.0,0.0,0.0,0,0
5000,mlp,Atypical Memory B,CD4 + Tcm-1,0.003946617268416576,-0.00613716734094113,0.025382527971376006,34,1.0,0.006127450980392156,1.3333333333333333,0.0021808337119755806,0.0,0.0,0.3333333333333333,0.00013616557734204792,1.0,0.006127450980392156,1.0,0.0020446681346335325,-0.004812397329698368,0.013384275278738944,0.00326797385620915,0,1
5000,mlp,Atypical Memory B,CD4 + Tcm-2,-0.0004262574595055413,-0.002484472049689441,0.0,34,0.0,0.0,0.3333333333333333,0.0004262574595055413,0.0,0.0,0.0,0.0,0.0,0.0,0.3333333333333333,0.0004262574595055413,0.0,0.0,-0.001278772378516624,0,0
5000,mlp,Atypical Memory B,CD4 Monocyte-4,0.004628975503858718,-0.004611945395720943,0.02589870011531415,34,9.0,0.008973098903008096,8.0,0.004344123399149374,3.0,0.0020566525151691317,3.3333333333333335,0.00228503511777731,2.0,0.0055292430797594695,0.6666666666666666,0.0006718849732925723,0.000484578092862081,0.014899749671762049,-0.0014974012530479719,5,4
5000,mlp,Atypical Memory B,CD56 NK,-0.00014005602240896358,-0.0007722007722007722,0.0,34,0.0,0.0,0.3333333333333333,0.00014005602240896358,0.0,0.0,0.0,0.0,0.0,0.0,0.3333333333333333,0.00014005602240896358,0.0,-0.00042016806722689073,0.0,0,0
5000,mlp,Atypical Memory B,CD8 + CTL-1,-0.00016903313049357674,-0.0009080541521557855,0.0,34,0.0,0.0,0.6666666666666666,0.00016903313049357674,0.0,0.0,0.3333333333333333,8.451656524678837e-05,0.0,0.0,0.3333333333333333,8.451656524678837e-05,-0.0005070993914807302,0.0,0.0,0,1
5000,mlp,Atypical Memory B,CD8 + CTL-2,0.0,0.0,0.0,34,0.0,0.0,0.0,0.0,0.0,0.0,0.0,0.0,0.0,0.0,0.0,0.0,0.0,0.0,0.0,0,0
5000,mlp,Atypical Memory B,CD8 + CTL-3,0.0,0.0,0.0,34,0.0,0.0,0.0,0.0,0.0,0.0,0.0,0.0,0.0,0.0,0.0,0.0,0.0,0.0,0.0,0,0
5000,mlp,Atypical Memory B,CD8 Tem-1,0.0015618992695117257,-0.020833333333333332,0.03404444320422656,34,1.6666666666666667,0.014225297962322183,1.3333333333333333,0.01266339869281046,0.0,0.0,0.0,0.0,1.3333333333333333,0.010957324106113034,1.0,0.009395424836601307,-0.01838235294117647,0.008362168396770474,0.014705882352941176,0,0
5000,mlp,Atypical Memory B,CD8 Tem-2,0.002525819488100584,0.0,0.011913515406162416,34,0.6666666666666666,0.002525819488100584,0.0,0.0,0.0,0.0,0.0,0.0,0.6666666666666666,0.002525819488100584,0.0,0.0,0.007577458464301752,0.0,0.0,0,0
5000,mlp,Atypical Memory B,Cycling T,-0.005328218243819266,-0.021428571428571425,0.0,34,0.0,0.0,1.0,0.005328218243819266,0.0,0.0,0.0,0.0,0.0,0.0,1.0,0.005328218243819266,0.0,-0.007352941176470588,-0.008631713554987212,0,0
5000,mlp,Atypical Memory B,Erythrocyte,0.0,0.0,0.0,34,0.0,0.0,0.0,0.0,0.0,0.0,0.0,0.0,0.0,0.0,0.0,0.0,0.0,0.0,0.0,0,0
5000,mlp,Atypical Memory B,GCB,-0.010056056752541887,-0.05330217762392435,0.00408768494229582,34,25.333333333333332,0.008528012443246425,29.666666666666668,0.01858406919578831,4.333333333333333,0.0012513586155075574,12.333333333333334,0.003537795295350591,7.0,0.0029837571733030525,3.3333333333333335,0.010753377246001903,-0.001200847212138442,-0.02505160435800234,-0.003915718687484876,6,5
5000,mlp,Atypical Memory B,Memory B-1,-0.04204456086051938,-0.11745414000302432,0.04245608381875846,34,80.66666666666667,0.1946025999163329,111.0,0.23664716077685233,4.666666666666667,0.009606238452912535,25.0,0.01865351861349659,9.333333333333334,0.04039790499261892,19.333333333333332,0.07339518569255424,-0.002501736473383853,-0.041605021031464406,-0.08202692507670989,7,12
5000,mlp,Atypical Memory B,Memory B-2,0.0009060003986226008,-0.0065171427487361825,0.00871344615237227,34,14.333333333333334,0.007994085584723651,12.666666666666666,0.007088085186101049,2.6666666666666665,0.0019600507551002003,3.6666666666666665,0.001980182425001699,5.666666666666667,0.0027412271079237257,3.0,0.0018150950393996262,0.00042899271420814174,-0.0036343853196829823,0.005923393801342643,4,4
5000,mlp,Atypical Memory B,Naive T,0.0004262574595055413,-0.00033927056827820186,0.002557544757033248,34,1.0,0.0005759356513929834,0.6666666666666666,0.00014967819188744198,0.0,0.0,0.0,0.0,0.6666666666666666,0.0005010965554492624,0.3333333333333333,7.483909594372099e-05,-0.000224517287831163,0.0,0.001503289666347787,0,0
5000,mlp,Atypical Memory B,Plasma,0.0008912655971479501,0.0,0.005054112554112535,34,0.3333333333333333,0.0008912655971479501,0.0,0.0,0.0,0.0,0.0,0.0,0.3333333333333333,0.0008912655971479501,0.0,0.0,0.0,0.0,0.0026737967914438505,0,0
5000,mlp,Atypical Memory B,Tcm,0.0,0.0,0.0,34,0.0,0.0,0.0,0.0,0.0,0.0,0.0,0.0,0.0,0.0,0.0,0.0,0.0,0.0,0.0,0,0
5000,mlp,Atypical Memory B,cDC2,0.000804088711702833,-0.013965022817773303,0.01213912820739752,34,10.666666666666666,0.024592327026046634,14.333333333333334,0.0237882383143438,2.0,0.00046388791451244744,7.333333333333333,0.004086183700285251,3.3333333333333335,0.006754144963987786,1.6666666666666667,0.0023277604665121504,0.004352962618972239,0.006919861239953516,-0.008860557723817258,2,7
5000,mlp,Atypical Memory B,pDC,-0.00035254376350082363,-0.001932367149758454,0.00035836946864515603,34,0.3333333333333333,7.371369600471768e-05,0.3333333333333333,0.0004262574595055413,0.3333333333333333,7.371369600471768e-05,0.0,0.0,0.0,0.0,0.3333333333333333,0.0004262574595055413,0.0,-0.001278772378516624,0.00022114108801415302,1,0
5000,mlp,Atypical Memory B,platelet,0.0,0.0,0.0,34,0.0,0.0,0.0,0.0,0.0,0.0,0.0,0.0,0.0,0.0,0.0,0.0,0.0,0.0,0.0,0,0
5000,mlp,CD14 Monocyte-1,Atypical Memory B,0.00012082834916274001,-0.00049910756501682,0.0006468884977525554,40,29.0,0.0009042383163515019,24.0,0.0007834099671887619,13.666666666666666,0.00044676812742505716,9.0,0.0002900139014451795,10.333333333333334,0.00034592942557195775,10.0,0.00038185530238909543,0.0004709441320628737,3.740191399794901e-05,-0.00014586099857260277,22,14
5000,mlp,CD14 Monocyte-1,CD14 Monocyte-1,-0.017812362715544913,-0.039870779882758736,0.010277022221417648,40,24799.666666666668,0.7786551206954041,25368.0,0.796467483410949,0.0,0.0,0.0,0.0,0.0,0.0,0.0,0.0,-0.032608225406445625,0.00678683664700408,-0.02761569938719321,0,0
5000,mlp,CD14 Monocyte-1,CD14 Monocyte-2,0.0022367497339790304,-0.010423573732590233,0.014761327530235355,40,1063.6666666666667,0.04334452535937472,955.3333333333334,0.04110777562539569,472.6666666666667,0.016875109158200507,375.3333333333333,0.014296563370080664,153.66666666666666,0.006574868641360727,142.66666666666666,0.006916664695501541,0.014355975750242939,-0.007400655943183551,-0.00024507060512229706,31,33
5000,mlp,CD14 Monocyte-1,CD14 Monocyte-3,0.0009956185808188875,-0.002653138391564431,0.0049547409505409125,40,446.0,0.012986661573535072,377.3333333333333,0.011991042992716186,224.66666666666666,0.006392398911493652,140.33333333333334,0.005167134204549927,51.0,0.001948910845836883,66.66666666666667,0.0021785569719617198,0.0003335059905316423,0.0003241570374539836,0.0023291927144710373,33,30
5000,mlp,CD14 Monocyte-1,CD16 Monocyte-1,0.004994125830162786,-0.00424475930677595,0.013391378168774285,40,1078.6666666666667,0.06164047972461758,971.6666666666666,0.05664635389445479,462.0,0.016765122285199902,341.6666666666667,0.011593698105866057,93.66666666666667,0.004541630162785671,107.0,0.00471892851195673,0.006631226527609402,-0.0036271232041719843,0.011978274167050943,38,37
5000,mlp,CD14 Monocyte-1,CD16 Monocyte-2,0.0034745520721377464,-0.007130363714738318,0.01130801195805752,40,1072.3333333333333,0.03767289551446148,902.0,0.03419834344232373,424.3333333333333,0.012835242754694096,267.3333333333333,0.009745275768177264,136.66666666666666,0.006137412068485701,123.33333333333333,0.005752826982864788,0.001954281519114434,0.0030490422612397335,0.005420332436059073,37,36
5000,mlp,CD14 Monocyte-1,CD16 NK,-0.00042244910659676205,-0.0018717785522125493,0.0015662146971204415,40,69.0,0.0031724696452092465,95.66666666666667,0.003594918751806009,12.333333333333334,0.00042578346939729756,21.333333333333332,0.0006938795555392474,13.333333333333334,0.0011889546341053252,31.0,0.0013433076545601374,-0.001134173281934996,-0.00015122529128627562,1.8051253430985142e-05,16,22
5000,mlp,CD14 Monocyte-1,CD4 + Tcm-1,0.001905624867351417,-0.0010336563724237418,0.004945561673533734,40,208.0,0.01068392964363688,185.66666666666666,0.008778304776285462,55.0,0.0031537464718881685,36.0,0.0017062215748819545,63.666666666666664,0.00381146160329235,60.333333333333336,0.0033533616329471483,0.002422949442834475,0.0017086897596132558,0.001585235399606521,28,28
5000,mlp,CD14 Monocyte-1,CD4 + Tcm-2,-0.0006978934251396655,-0.0021670820676119376,0.00041338751632321723,40,31.666666666666668,0.002041757422382287,42.333333333333336,0.002739650847521953,3.6666666666666665,0.00016957134591262329,7.0,0.00042350229508117165,15.666666666666666,0.000775623992412758,23.0,0.001219586468383875,0.00022256525816850728,-0.0005053152563198106,-0.0018109302772676933,9,16
5000,mlp,CD14 Monocyte-1,CD4 Monocyte-4,0.0009055946920877867,-0.0006123015423870804,0.0024826250468402656,40,195.33333333333334,0.005543373245909693,158.66666666666666,0.004637778553821906,82.0,0.0022767666095412026,49.0,0.0014132074361584352,30.0,0.0009188932968332746,26.333333333333332,0.0008768577781282555,0.0007971937775936132,-4.043720566246981e-05,0.001960027504332217,30,27
5000,mlp,CD14 Monocyte-1,CD56 NK,0.00035025666203879836,-0.0010481066117431603,0.0020190086590359062,40,46.666666666666664,0.002530342906836038,49.0,0.0021800862447972397,7.333333333333333,0.0007461766156926378,9.333333333333334,0.00035762788651389534,24.333333333333332,0.001217833295530153,24.666666666666668,0.0012561253626700972,-0.0004258780549964993,0.0007917658214826175,0.0006848822196302769,16,18
5000,mlp,CD14 Monocyte-1,CD8 + CTL-1,9.889414515312214e-05,-0.0001972911818608898,0.00045562522748861006,40,9.0,0.0003788089147379948,6.333333333333333,0.00027991476958487264,2.6666666666666665,7.643789563905472e-05,1.3333333333333333,5.2480814917756254e-05,4.666666666666667,0.00022027428759956475,3.3333333333333335,0.0001453372231677411,-0.00011924052104031494,0.00021594430482283568,0.00019997865167684575,5,4
5000,mlp,CD14 Monocyte-1,CD8 + CTL-2,-6.582156889195365e-05,-0.00018243251531379782,5.1830415938891616e-05,40,1.6666666666666667,4.096479827048127e-05,3.6666666666666665,0.00010678636716243493,0.0,0.0,0.3333333333333333,5.280946345585128e-06,1.3333333333333333,3.2597997735006044e-05,3.0,9.313862028137458e-05,-8.994340522224987e-05,4.050345005811448e-06,-0.00011157164645942254,0,1
5000,mlp,CD14 Monocyte-1,CD8 + CTL-3,0.0006928768493383739,0.00010919400784699782,0.0015254771352794768,40,33.0,0.0010682475421463378,13.0,0.0003753706928079637,12.333333333333334,0.0004477881801712652,5.333333333333333,0.00017995786311904063,16.333333333333332,0.0005078445195497224,3.3333333333333335,8.279798726357298e-05,0.00028461152635428133,0.00110977375791236,0.0006842452637484803,14,6
5000,mlp,CD14 Monocyte-1,CD8 Tem-1,0.0014428088633209983,-0.00015608007019817172,0.003532052170566018,40,103.66666666666667,0.006179742346389895,93.33333333333333,0.004736933483068896,13.333333333333334,0.000763733202386512,10.666666666666666,0.00037983775813002805,53.0,0.0032565169400975437,45.333333333333336,0.002197603521033029,0.0008203665217006995,0.0013458365254079827,0.002162223542854313,18,14
5000,mlp,CD14 Monocyte-1,CD8 Tem-2,-3.3679265730126346e-05,-0.0008126056657697347,0.0005786549698217369,40,22.0,0.0009886543878402424,18.333333333333332,0.0010223336535703685,2.3333333333333335,0.0001069960753189764,3.0,0.00012617611971886428,13.333333333333334,0.0005631805814890543,9.0,0.0005776798028192929,0.0003623495847099866,0.0002094927610812954,-0.0006728801429816613,6,5
5000,mlp,CD14 Monocyte-1,Cycling T,-6.595892896046848e-05,-0.00040893176252734364,0.00021241117857615744,40,5.333333333333333,0.00024078169605028002,10.333333333333334,0.0003067406250107485,1.3333333333333333,3.605331502048777e-05,3.3333333333333335,0.00010122427363809488,3.0,0.0001875596553213921,6.0,0.00018834762566425346,8.577049522388424e-05,-7.135260940619988e-05,-0.00021229467269908976,4,7
5000,mlp,CD14 Monocyte-1,Erythrocyte,0.0,0.0,0.0,40,0.0,0.0,0.0,0.0,0.0,0.0,0.0,0.0,0.0,0.0,0.0,0.0,0.0,0.0,0.0,0,0
5000,mlp,CD14 Monocyte-1,GCB,-2.3747178900700675e-05,-0.00010902162929337557,3.726633816203705e-05,40,0.3333333333333333,1.6371971185330713e-05,1.3333333333333333,4.0119150086031385e-05,0.0,0.0,0.0,0.0,0.3333333333333333,1.6371971185330713e-05,1.3333333333333333,4.0119150086031385e-05,-4.5912256053672436e-05,-2.5329280648429586e-05,0.0,0,0
5000,mlp,CD14 Monocyte-1,Memory B-1,-0.0005499536507901592,-0.001615439947261792,-7.264539226047106e-06,40,12.0,0.0008223479719751753,20.0,0.0013723016227653346,2.6666666666666665,0.00015937069053408365,4.666666666666667,0.00021768578456498255,5.666666666666667,0.0004555069819654387,11.666666666666666,0.000947145538724699,-1.5472279074811122e-05,-0.0009061237638567499,-0.0007282649094389169,8,12
5000,mlp,CD14 Monocyte-1,Memory B-2,-7.666060510669037e-05,-0.00021808117030965393,5.163155720776539e-06,40,0.3333333333333333,5.163155720776539e-06,1.3333333333333333,8.18237608274669e-05,0.3333333333333333,5.163155720776539e-06,0.0,0.0,0.0,0.0,1.3333333333333333,8.18237608274669e-05,-9.765625e-05,-2.8901734104046245e-05,-0.00010342383121602485,1,0
5000,mlp,CD14 Monocyte-1,Naive T,-0.00034803735328673384,-0.0013896922941211325,0.0006079808013487266,40,38.333333333333336,0.0016940959397541073,45.0,0.002042133293040841,7.666666666666667,0.0003426265011784596,9.333333333333334,0.0003282439488073889,18.333333333333332,0.000907860495853997,23.333333333333332,0.0012702804015118016,-0.000409380490818388,-0.0002469514015346434,-0.0003877801675071701,15,16
5000,mlp,CD14 Monocyte-1,Plasma,3.5322222039276395e-05,0.0,0.00011046987828773227,40,1.0,3.5322222039276395e-05,0.0,0.0,0.6666666666666666,1.8950250853945682e-05,0.0,0.0,0.3333333333333333,1.6371971185330713e-05,0.0,0.0,0.0,4.911591355599214e-05,5.6850752561837045e-05,2,0
5000,mlp,CD14 Monocyte-1,Tcm,-0.0004459601968353666,-0.0018354990133391364,0.00022947863760587424,40,9.333333333333334,0.0004048490850715102,17.0,0.000850809281906877,0.6666666666666666,2.3599493590650166e-05,4.333333333333333,0.00021923232453362247,4.0,0.00015204199488623004,8.0,0.00040236936077862445,-0.0008629524134864241,-0.0007553532236008674,0.0002804250465811916,2,2
5000,mlp,CD14 Monocyte-1,cDC2,0.003062669764255782,-0.0030408592314326004,0.008168223246843324,40,583.3333333333334,0.028296631390152815,501.3333333333333,0.025233961625897028,257.3333333333333,0.011619429359706427,192.0,0.008599279938806449,83.33333333333333,0.003561683561373778,66.66666666666667,0.0035191632180179727,0.006732229922187952,-0.0024316958569137142,0.004887475227493108,38,38
5000,mlp,CD14 Monocyte-1,pDC,0.0001846612284857862,-0.0004383992132763062,0.0008069744549748841,40,10.666666666666666,0.0006102843954961665,10.333333333333334,0.0004256231670103803,4.333333333333333,0.0002230973769208992,4.333333333333333,0.0002010446600661665,6.0,0.0003644183482656134,5.666666666666667,0.00020180983663455995,0.00028425662328887866,0.0005376108341440424,-0.0002678837719755625,11,10
5000,mlp,CD14 Monocyte-1,platelet,4.1940135451005624e-05,0.0,0.0001219815193069049,40,1.0,4.1940135451005624e-05,0.0,0.0,0.0,0.0,0.0,0.0,1.0,4.1940135451005624e-05,0.0,0.0,5.060728744939271e-05,2.074688796680498e-05,5.446623093681918e-05,0,0
5000,mlp,CD14 Monocyte-2,Atypical Memory B,0.00027530079228862194,-0.001780340038314176,0.003238179116142478,40,1.3333333333333333,0.001044303939524528,1.3333333333333333,0.000769003147235906,0.3333333333333333,1.885369532428356e-05,0.6666666666666666,0.0004538690476190476,1.0,0.0010254502442002442,0.6666666666666666,0.00031513409961685823,0.0016596975328592978,0.00011160714285714285,-0.0009454022988505747,1,2
5000,mlp,CD14 Monocyte-2,CD14 Monocyte-1,-0.017667523233554,-0.06421184678905155,0.020562731974629524,40,738.6666666666666,0.1799088337065883,810.3333333333334,0.1975763569401423,218.33333333333334,0.04705176941537272,281.6666666666667,0.059090844624521625,52.0,0.018550612534310198,60.333333333333336,0.02417906055871528,-0.060199477655976205,0.01512582583942454,-0.007928917884110296,38,36
5000,mlp,CD14 Monocyte-2,CD14 Monocyte-2,-0.000536645093032829,-0.09771272806583763,0.1144534310017951,40,2215.0,0.4818751530458773,2181.3333333333335,0.48241179813891016,0.0,0.0,0.0,0.0,0.0,0.0,0.0,0.0,0.12431124985055901,-0.0646329814142291,-0.06128820371542838,0,0
5000,mlp,CD14 Monocyte-2,CD14 Monocyte-3,0.0011390608015424538,-0.00850347483291562,0.01153469825266174,40,14.0,0.01508384463612892,13.666666666666666,0.013944783834586466,1.0,0.00041762513438310255,1.3333333333333333,0.0007811890838206628,7.666666666666667,0.008801035708930446,7.0,0.0072984109579504325,0.003583309234625025,-0.0030608673125120485,0.002894740482514387,3,3
5000,mlp,CD14 Monocyte-2,CD16 Monocyte-1,0.005624085010563382,0.0018851180519941031,0.011618207549539343,40,38.333333333333336,0.033342595374965554,16.333333333333332,0.027718510364402177,17.0,0.004225118713410449,6.666666666666667,0.0014441399591685888,17.333333333333332,0.0036758495810234105,5.666666666666667,0.0008327433247018889,0.00449984504763056,0.0031580285987452203,0.009214381385314364,22,9
5000,mlp,CD14 Monocyte-2,CD16 Monocyte-2,-0.0005308216565766402,-0.011863722362911944,0.011630963651099674,40,87.33333333333333,0.04693128242254708,103.33333333333333,0.04746210407912373,23.333333333333332,0.007787560525657639,37.666666666666664,0.009545700287017561,22.333333333333332,0.012609475039099058,24.0,0.011382156934315775,-0.0048621870780966815,0.0004708295311696926,0.0027988925771970665,24,27
5000,mlp,CD14 Monocyte-2,CD16 NK,-0.0003355197881539062,-0.0034536994129249067,0.003925582635507973,40,5.0,0.0017828695438346467,6.0,0.002118389331988553,1.3333333333333333,0.000296335494294274,2.0,0.00030712094605167534,3.6666666666666665,0.0014865340495403723,4.0,0.0018112683859368775,0.00020190749406059048,-0.00018565775507683942,-0.0010228091034454694,4,4
5000,mlp,CD14 Monocyte-2,CD4 + Tcm-1,0.0018971872260484628,-0.004209509613373897,0.008534910912796807,40,28.333333333333332,0.008222838023084036,18.0,0.006325650797035572,13.333333333333334,0.003932722281302496,6.333333333333333,0.00240805730878312,13.0,0.003747536879451572,9.666666666666666,0.0033750146259224852,-0.002295983032619686,0.005647662229875174,0.002339882480889902,19,15
5000,mlp,CD14 Monocyte-2,CD4 + Tcm-2,-0.002565136586132588,-0.005742791754457311,0.00039132347867419713,40,10.666666666666666,0.004494571876955793,18.333333333333332,0.0070597084630883815,2.6666666666666665,0.00041457634049264113,6.666666666666667,0.0017841735408147014,5.0,0.0018727442939102405,8.666666666666666,0.0030682836797207686,-0.0028078261014594084,-0.0015871198449444828,-0.0033004638119938736,6,15
5000,mlp,CD14 Monocyte-2,CD4 Monocyte-4,0.0008360819733521114,-0.005161148634195447,0.00668800042354994,40,4.333333333333333,0.003941721394530793,4.0,0.0031056394211786812,1.0,0.0006780418010497693,0.3333333333333333,0.0002976190476190476,2.6666666666666665,0.0028976036759345183,3.0,0.002441944456013128,-0.001113257244472548,-0.0017758803805406863,0.00539738354506957,3,1
5000,mlp,CD14 Monocyte-2,CD56 NK,-0.001347279344901295,-0.0072318593008634255,0.004758494236043015,40,14.0,0.009102248753047834,23.333333333333332,0.01044952809794913,3.0,0.0011969883429711263,8.333333333333334,0.002164009453932913,4.333333333333333,0.003110340280623371,8.333333333333334,0.0034905985145628794,-0.004220818639678327,0.0033688318197312647,-0.003189851214756823,9,14
5000,mlp,CD14 Monocyte-2,CD8 + CTL-1,-0.00099686171038692,-0.004809253135242282,0.0015660401293021674,40,1.0,0.0007503192848020435,2.3333333333333335,0.0017471809951889634,0.3333333333333333,0.00028735632183908046,0.6666666666666666,0.000454059829059829,0.6666666666666666,0.0004629629629629629,1.6666666666666667,0.0012931211661291343,-0.0020833333333333333,2.6709401709401703e-05,-0.0009339611995368282,1,2
5000,mlp,CD14 Monocyte-2,CD8 + CTL-2,9.112537436740634e-05,-0.00197265625,0.002796736683455427,40,1.0,0.0010543854293854295,1.6666666666666667,0.0009632600550180231,0.3333333333333333,0.00011574074074074073,0.3333333333333333,3.720238095238095e-05,0.3333333333333333,0.000641025641025641,1.0,0.0006284386264465946,-0.0010044642857142856,0.0010302197802197805,0.0002476206285967242,1,1
5000,mlp,CD14 Monocyte-2,CD8 + CTL-3,0.0,0.0,0.0,40,0.0,0.0,0.0,0.0,0.0,0.0,0.0,0.0,0.0,0.0,0.0,0.0,0.0,0.0,0.0,0,0
5000,mlp,CD14 Monocyte-2,CD8 Tem-1,0.011715025222235676,-0.06073507994503499,0.07667536344621144,40,706.6666666666666,0.17990579493609382,671.0,0.16819076971385813,316.3333333333333,0.07736250272877503,289.0,0.06978685286579765,42.666666666666664,0.013425069160748477,34.333333333333336,0.009285693801490164,-0.06277517623164648,0.04014002376640054,0.05778022813195299,33,34
5000,mlp,CD14 Monocyte-2,CD8 Tem-2,0.00337091371853458,-0.0024324386059164636,0.011230610092364602,40,15.0,0.00869929682539668,9.666666666666666,0.005328383106862099,6.333333333333333,0.002505471295349534,2.6666666666666665,0.0006207204791275588,5.666666666666667,0.003799927231429553,4.0,0.002313764329116949,0.00771571479966048,0.001665215085306307,0.000731811270636952,10,3
5000,mlp,CD14 Monocyte-2,Cycling T,-0.0006078251098171418,-0.0036469506589028506,0.00013280212483399734,40,0.6666666666666666,0.0006742261722341405,0.6666666666666666,0.001282051282051282,0.3333333333333333,3.3200531208499335e-05,0.0,0.0,0.0,0.0,0.3333333333333333,0.000641025641025641,0.0,0.0,-0.0018234753294514253,1,0
5000,mlp,CD14 Monocyte-2,Erythrocyte,0.0,0.0,0.0,40,0.0,0.0,0.0,0.0,0.0,0.0,0.0,0.0,0.0,0.0,0.0,0.0,0.0,0.0,0.0,0,0
5000,mlp,CD14 Monocyte-2,GCB,0.0,-0.0011904761904761904,0.0011904761904761904,40,0.3333333333333333,0.0002976190476190476,0.3333333333333333,0.0002976190476190476,0.0,0.0,0.0,0.0,0.3333333333333333,0.0002976190476190476,0.3333333333333333,0.0002976190476190476,-0.0008928571428571428,0.0008928571428571428,0.0,0,0
5000,mlp,CD14 Monocyte-2,Memory B-1,-0.002222012959617168,-0.010363265782758879,0.003960252942565704,40,15.666666666666666,0.005479378653236155,15.333333333333334,0.007701391612853325,10.0,0.0023631961286146486,5.333333333333333,0.0010691764388822249,4.0,0.001659237707920592,8.333333333333334,0.005175270357270184,0.0023461611275868814,-0.005000329070925176,-0.004011870935513212,15,8
5000,mlp,CD14 Monocyte-2,Memory B-2,-0.0007259528130671506,-0.002631578947368421,0.0,40,0.0,0.0,0.6666666666666666,0.0007259528130671506,0.0,0.0,0.0,0.0,0.0,0.0,0.6666666666666666,0.0007259528130671506,-0.0008620689655172414,-0.0013157894736842105,0.0,0,0
5000,mlp,CD14 Monocyte-2,Naive T,-0.0011922575251802473,-0.00703928067188515,0.004902478906656517,40,13.0,0.005816275029541633,20.0,0.007008532554721882,5.666666666666667,0.00308089603604687,9.666666666666666,0.0032484568463659407,3.6666666666666665,0.0013508877450978355,6.666666666666667,0.002375584459959012,-0.006621749133939754,0.0036760196472269907,-0.0006310430888279789,11,17
5000,mlp,CD14 Monocyte-2,Plasma,0.0,0.0,0.0,40,0.0,0.0,0.0,0.0,0.0,0.0,0.0,0.0,0.0,0.0,0.0,0.0,0.0,0.0,0.0,0,0
5000,mlp,CD14 Monocyte-2,Tcm,-0.0004385964912280702,-0.002631578947368421,0.0,40,0.0,0.0,0.3333333333333333,0.0004385964912280702,0.0,0.0,0.0,0.0,0.0,0.0,0.3333333333333333,0.0004385964912280702,-0.0013157894736842105,0.0,0.0,0,0
5000,mlp,CD14 Monocyte-2,cDC2,0.0026819608187098522,-0.0008031106468670724,0.0068682853291069925,40,15.666666666666666,0.006046564175327426,8.666666666666666,0.003364603356617573,7.0,0.0023859269778833112,2.0,0.0004990285318247467,7.333333333333333,0.00319898521221971,5.333333333333333,0.0024039228395684223,0.004421979980847581,0.0007381660980486657,0.0028857363772333126,12,6
5000,mlp,CD14 Monocyte-2,pDC,0.001097094882777324,-0.0010811941345944787,0.0041938905641150685,40,4.666666666666667,0.0051072812380507406,4.333333333333333,0.004010186355273417,0.3333333333333333,0.0004385964912280702,0.3333333333333333,6.361323155216285e-05,1.3333333333333333,0.0011620890591301578,1.0,0.000439977436028741,0.0023151232511658894,0.00019083969465648855,0.000785321702509594,1,1
5000,mlp,CD14 Monocyte-2,platelet,0.0004385964912280702,0.0,0.002631578947368421,40,0.3333333333333333,0.0004385964912280702,0.0,0.0,0.0,0.0,0.0,0.0,0.3333333333333333,0.0004385964912280702,0.0,0.0,0.0,0.0013157894736842105,0.0,0,0
5000,mlp,CD14 Monocyte-3,Atypical Memory B,-0.000864009143152168,-0.005527022416508902,0.000925925925925926,32,5.333333333333333,0.0005625962492174014,5.0,0.0014266053923695694,1.6666666666666667,0.00023697841101629432,1.6666666666666667,9.413005970991909e-05,1.3333333333333333,0.00022586863619472315,1.0,0.0012327261306532664,-0.0030919332761638477,-0.00010451505016722408,0.0006044208968745676,4,3
5000,mlp,CD14 Monocyte-3,CD14 Monocyte-1,-0.031214325743451912,-0.1145236867622947,0.05181744255891218,32,496.6666666666667,0.37699927206802125,562.0,0.40821359781147315,129.0,0.009724754509020406,177.66666666666666,0.025431554169151865,18.333333333333332,0.07410763689422593,35.0,0.08961516297754639,-0.0007731377897193525,-0.06239780229415788,-0.030472037146478503,8,10
5000,mlp,CD14 Monocyte-3,CD14 Monocyte-2,0.026404806446056497,-0.05389853040243924,0.11140718983498786,32,17.666666666666668,0.12962039687196292,14.333333333333334,0.10321559042590643,0.3333333333333333,2.3728170083523156e-05,0.6666666666666666,3.169823887640055e-05,10.0,0.07845794252044251,6.333333333333333,0.05204516600559314,0.0358203455800925,0.07234977397634003,-0.028955700218263034,1,2
5000,mlp,CD14 Monocyte-3,CD14 Monocyte-3,0.01515039810188072,-0.006749195936507192,0.05922509947919103,32,1813.6666666666667,0.12652865050125697,1761.0,0.11137825239937625,0.0,0.0,0.0,0.0,0.0,0.0,0.0,0.0,0.011006992202274475,0.002270063114464434,0.03217413898890324,0,0
5000,mlp,CD14 Monocyte-3,CD16 Monocyte-1,-0.016355979457270745,-0.08766467518847994,0.020186965480635217,32,17.333333333333332,0.009997112417672226,20.666666666666668,0.02635309187494297,1.3333333333333333,8.229469022278768e-05,5.0,0.0004237885565569531,6.333333333333333,0.009193549864329678,6.0,0.025208035455266255,-0.013722174381210428,-0.042931766988417476,0.007586002997815678,2,3
5000,mlp,CD14 Monocyte-3,CD16 Monocyte-2,-0.0046241733216001455,-0.05162851276327647,0.04894242993566187,32,158.66666666666666,0.07818838274411537,126.0,0.08281255606571551,45.666666666666664,0.004320831973882834,25.0,0.0013279870054143663,27.333333333333332,0.031200371675749957,15.333333333333334,0.038817389965818565,-0.04147181924123776,0.012490355130151006,0.015108944146286316,7,5
5000,mlp,CD14 Monocyte-3,CD16 NK,0.00737973365805318,-0.02203964752579074,0.03460063271636328,32,4.0,0.026178851071957453,3.3333333333333335,0.018799117413904273,0.0,0.0,0.3333333333333333,1.7448352875488554e-05,2.6666666666666665,0.017151073294179673,1.6666666666666667,0.009753891283251005,0.015529992816913652,0.0073881311318497265,-0.0007789229746038369,0,1
5000,mlp,CD14 Monocyte-3,CD4 + Tcm-1,0.015052779735169247,-0.008919900486833712,0.06580673395986349,32,5.333333333333333,0.04066026384126589,6.666666666666667,0.02560748410609664,0.6666666666666666,2.8499772001823985e-05,1.6666666666666667,0.00024008893919737025,2.6666666666666665,0.020587572150072148,3.0,0.005323203247707353,-0.0046986840014370795,0.043649772864947575,0.006207250341997265,1,3
5000,mlp,CD14 Monocyte-3,CD4 + Tcm-2,-0.010095484911050305,-0.04291568811704574,0.00832403298384313,32,59.333333333333336,0.026781587950036004,60.666666666666664,0.0368770728610863,10.333333333333334,0.000640167456888229,11.0,0.0011586822801558528,10.666666666666666,0.005906394303531838,11.333333333333334,0.01548336439131452,0.007241693819005088,-0.03059703588670635,-0.006931112665449651,5,6
5000,mlp,CD14 Monocyte-3,CD4 Monocyte-4,0.009988774974047534,-0.0031659483053084873,0.05494834149691417,32,82.0,0.016885731718516334,96.66666666666667,0.006896956744468802,14.0,0.0008021155763825169,29.0,0.0015164587441275784,8.0,0.011760893124261452,7.666666666666667,0.0010577749824688578,0.030911527029683424,-0.0026511414546130435,0.0017059393470722204,5,5
5000,mlp,CD14 Monocyte-3,CD56 NK,-0.0018680583614597718,-0.019651949694930875,0.02309856066743952,32,160.66666666666666,0.026790014466136564,163.33333333333334,0.028658072827596342,32.666666666666664,0.002135993206415407,32.333333333333336,0.00213709506804857,11.333333333333334,0.009369588180269582,14.333333333333334,0.01123654468009619,0.00011556063235366142,-0.013363379612289407,0.007643643895556429,6,6
5000,mlp,CD14 Monocyte-3,CD8 + CTL-1,0.0016811974791739865,-0.01747433025578869,0.027926820046089817,32,28.333333333333332,0.010512372046468139,24.333333333333332,0.008831174567294152,7.0,0.0005573744943414823,4.0,0.00020588958400446033,4.0,0.0060223169979335064,3.0,0.004692604429096542,-0.0036116967482062827,-0.009005742060065484,0.017661031245793726,6,4
5000,mlp,CD14 Monocyte-3,CD8 + CTL-2,0.0012372168375259342,-0.0007006422756800271,0.007510573464429769,32,5.0,0.0017388799462135804,10.0,0.0005016631086876466,1.6666666666666667,0.00010352040509902962,5.333333333333333,0.00025718780077560346,2.0,0.001578359997110903,3.3333333333333335,0.0001874757639083952,-0.0002821263630492553,9.483211600064078e-05,0.0038989447596264166,4,5
5000,mlp,CD14 Monocyte-3,CD8 + CTL-3,0.0010602088237806433,-0.0005848547069100863,0.005932222789244847,32,5.0,0.00135246078530937,2.0,0.0002922519615287269,2.0,0.00013355757023820526,0.6666666666666666,0.00019733928119463427,3.0,0.001218903215071165,1.3333333333333333,9.491268033409263e-05,-0.0003072798025816249,0.0032011677314622445,0.0002867385424613103,3,2
5000,mlp,CD14 Monocyte-3,CD8 Tem-1,0.0027236354078864346,-0.030096817180008013,0.03241050207961971,32,5.333333333333333,0.06259316402741504,5.0,0.05986952861952862,0.0,0.0,0.0,0.0,1.6666666666666667,0.013035083219334246,1.3333333333333333,0.010311447811447811,-0.02165863923088615,0.015625,0.014204545454545454,0,0
5000,mlp,CD14 Monocyte-3,CD8 Tem-2,0.003287449668091889,-0.0015420254707897154,0.01420668583011238,32,23.333333333333332,0.004826133380372045,19.333333333333332,0.0015386837122801558,3.3333333333333335,0.00017160054607663088,1.6666666666666667,0.0002306106551147591,6.333333333333333,0.0037262115561232487,4.0,0.00037975177899323125,0.004462058560431914,0.006561698023878852,-0.0011614075800350978,3,2
5000,mlp,CD14 Monocyte-3,Cycling T,0.0,0.0,0.0,32,0.0,0.0,0.0,0.0,0.0,0.0,0.0,0.0,0.0,0.0,0.0,0.0,0.0,0.0,0.0,0,0
5000,mlp,CD14 Monocyte-3,Erythrocyte,0.0,0.0,0.0,32,0.0,0.0,0.0,0.0,0.0,0.0,0.0,0.0,0.0,0.0,0.0,0.0,0.0,0.0,0.0,0,0
5000,mlp,CD14 Monocyte-3,GCB,-4.9088236056653345e-05,-0.00014755065905961047,0.0,32,0.6666666666666666,0.0001878609971120231,1.6666666666666667,0.00023694923316867642,0.0,0.0,1.0,4.9088236056653345e-05,0.0,0.0,0.0,0.0,-5.225752508361204e-05,-5.225752508361204e-05,-4.274965800273598e-05,0,2
5000,mlp,CD14 Monocyte-3,Memory B-1,0.005208333333333333,-0.015873015873015872,0.03594992050874402,32,0.6666666666666666,0.008680555555555554,0.3333333333333333,0.003472222222222222,0.0,0.0,0.0,0.0,0.6666666666666666,0.008680555555555554,0.3333333333333333,0.003472222222222222,0.026041666666666664,0.0,-0.010416666666666666,0,0
5000,mlp,CD14 Monocyte-3,Memory B-2,0.0,0.0,0.0,32,0.3333333333333333,2.4395003903200624e-05,0.3333333333333333,2.4395003903200624e-05,0.0,0.0,0.0,0.0,0.0,0.0,0.0,0.0,0.0,0.0,0.0,0,0
5000,mlp,CD14 Monocyte-3,Naive T,0.003757225086352817,-0.02525491289681018,0.04237731137426924,32,57.333333333333336,0.047275635956038446,71.66666666666667,0.04351841086968563,6.666666666666667,0.0005723619966318919,19.666666666666668,0.0016432983268501507,8.333333333333334,0.014739983414110702,9.666666666666666,0.009911821997539623,0.008828892351323362,0.00015855892381135082,0.002284223983923742,6,6
5000,mlp,CD14 Monocyte-3,Plasma,0.0,0.0,0.0,32,0.0,0.0,0.0,0.0,0.0,0.0,0.0,0.0,0.0,0.0,0.0,0.0,0.0,0.0,0.0,0,0
5000,mlp,CD14 Monocyte-3,Tcm,-0.002976190476190476,-0.010582010582010581,0.0,32,0.0,0.0,0.6666666666666666,0.002976190476190476,0.0,0.0,0.0,0.0,0.0,0.0,0.6666666666666666,0.002976190476190476,0.0,-0.004464285714285714,-0.004464285714285714,0,0
5000,mlp,CD14 Monocyte-3,cDC2,-0.024751986135120335,-0.09251191773545797,0.0051824561896394545,32,29.666666666666668,0.003574535056342811,21.666666666666668,0.028326521191463144,10.0,0.0005405068949182706,2.6666666666666665,0.00012987471098970722,4.666666666666667,0.002198630213806326,4.0,0.027361248532855223,-0.04983933247608659,0.0017263160477967257,-0.026142941977071142,5,3
5000,mlp,CD14 Monocyte-3,pDC,-0.00013246376599971728,-0.0007280923086146897,0.00011598490301642291,32,0.6666666666666666,4.114734511139384e-05,0.3333333333333333,0.00017361111111111112,0.6666666666666666,4.114734511139384e-05,0.3333333333333333,0.00017361111111111112,0.0,0.0,0.0,0.0,-0.00044964882308276387,5.225752508361204e-05,0.0,2,1
5000,mlp,CD14 Monocyte-3,platelet,0.0,0.0,0.0,32,0.0,0.0,0.0,0.0,0.0,0.0,0.0,0.0,0.0,0.0,0.0,0.0,0.0,0.0,0.0,0,0
5000,mlp,CD16 Monocyte-1,Atypical Memory B,0.0003370688333987837,-0.0003735660598900682,0.001377600957480025,40,9.333333333333334,0.0009956389931287672,7.0,0.0006585701597299834,2.6666666666666665,0.0004272107535078125,0.0,0.0,3.3333333333333335,0.00027773522715559667,3.6666666666666665,0.00036787714726462537,0.0007122675165255113,0.0004425471206871335,-0.00014360813701629364,6,0
5000,mlp,CD16 Monocyte-1,CD14 Monocyte-1,-0.005679997165896737,-0.021917248545255,0.010273828456354534,40,932.6666666666666,0.059850727178665686,1031.3333333333333,0.0655307243445624,312.3333333333333,0.01908678533451338,385.6666666666667,0.023390764402693456,46.333333333333336,0.003436903469545883,71.66666666666667,0.004812921567262547,-0.005928821309509405,0.009545381353260603,-0.020656551541441415,37,36
5000,mlp,CD16 Monocyte-1,CD14 Monocyte-2,1.3510613297209998e-05,-0.002501816532683395,0.0022732597847311842,40,135.66666666666666,0.008096919342577322,120.0,0.00808340872928011,50.333333333333336,0.0028206420072105355,47.666666666666664,0.0031035847180588285,39.0,0.0023697698112579426,26.0,0.002073316487112439,0.0014571104988261988,-0.0005497672121973424,-0.000866811446737226,23,23
5000,mlp,CD16 Monocyte-1,CD14 Monocyte-3,0.0001440639216605621,-0.0007890055948197962,0.001283831424686667,40,10.666666666666666,0.0011132064340966473,9.666666666666666,0.0009691425124360851,2.3333333333333335,0.0001872698466359459,2.0,0.00015343953924831736,5.0,0.0005669092278242498,4.333333333333333,0.00045667561355131606,7.918982027695686e-05,-7.560669455704849e-05,0.0004286086392617779,6,3
5000,mlp,CD16 Monocyte-1,CD16 Monocyte-1,0.007930051473188907,-0.014516094018038102,0.03190238342725784,40,12836.333333333334,0.8679151138097269,12767.0,0.8599850623365378,0.0,0.0,0.0,0.0,0.0,0.0,0.0,0.0,0.005482808852463194,-0.009548962930798613,0.02785630849790214,0,0
5000,mlp,CD16 Monocyte-1,CD16 Monocyte-2,-0.0021190599830163467,-0.016335189478806363,0.010010558720096607,40,593.6666666666666,0.04850689743453471,575.0,0.05062595741755105,254.33333333333334,0.018751907308140667,249.33333333333334,0.021987028954464482,55.666666666666664,0.0041504029106755,42.0,0.003034341247368033,-0.0011693040866603463,0.002365901945063252,-0.007553777807451946,38,37
5000,mlp,CD16 Monocyte-1,CD16 NK,-0.0007040319734324786,-0.0020927467290935016,0.00030347112749583234,40,8.666666666666666,0.0005820567779168538,17.666666666666668,0.0012860887513493325,4.0,0.00032456135219637207,9.0,0.000531456841776199,2.0,8.144803486936783e-05,6.0,0.0005785845187220195,-0.000492509308673547,-0.0018396097757691226,0.00022002316414523377,6,16
5000,mlp,CD16 Monocyte-1,CD4 + Tcm-1,-0.0014256495769772856,-0.00391382752468783,0.0002391928912155885,40,24.666666666666668,0.0024460284108084557,30.666666666666668,0.0038716779877857412,9.666666666666666,0.0007528532173452601,14.333333333333334,0.0014437094751680877,6.0,0.0004284293986652622,7.333333333333333,0.00116322271781972,-0.0013549928575042175,-0.0010125557974853345,-0.0019094000759423038,18,19
5000,mlp,CD16 Monocyte-1,CD4 + Tcm-2,7.733532604203842e-05,-0.0001314317656721624,0.00039984679263528416,40,1.3333333333333333,0.00013774778923313254,1.0,6.0412463191094106e-05,0.6666666666666666,3.9128459844572375e-05,1.0,6.0412463191094106e-05,0.6666666666666666,9.861932938856015e-05,0.0,0.0,4.618286047140209e-05,0.00022556874563563526,-3.97456279809221e-05,2,3
5000,mlp,CD16 Monocyte-1,CD4 Monocyte-4,0.0003596834166319951,-0.0019941836827438056,0.0030208155802201684,40,44.666666666666664,0.0038733648416962724,40.0,0.0035136814250642783,19.666666666666668,0.0017131303979503684,16.0,0.0014207203159824608,8.333333333333334,0.0006880067783739531,7.333333333333333,0.0006207334437098661,0.000552015610245435,-0.0014950172894736239,0.002022051929124174,17,19
5000,mlp,CD16 Monocyte-1,CD56 NK,2.355638582182961e-05,-0.0002521341142730082,0.00026288982616181836,40,4.333333333333333,0.00023241188573130622,3.6666666666666665,0.00020885549990947667,1.3333333333333333,7.366100585140149e-05,0.3333333333333333,1.3248542660307367e-05,0.3333333333333333,2.5176233635448137e-05,0.6666666666666666,6.203231100471264e-05,-0.00018609693301413794,0.00010174613361143814,0.00015501995686818863,3,1
5000,mlp,CD16 Monocyte-1,CD8 + CTL-1,9.718792940891771e-06,-2.9291154071470413e-05,7.295833468108584e-05,40,0.3333333333333333,1.7041581458759374e-05,0.3333333333333333,7.322788517867603e-06,0.0,0.0,0.3333333333333333,7.322788517867603e-06,0.3333333333333333,1.7041581458759374e-05,0.0,0.0,0.0,2.9156378822675313e-05,0.0,0,1
5000,mlp,CD16 Monocyte-1,CD8 + CTL-2,0.0,0.0,0.0,40,0.0,0.0,0.0,0.0,0.0,0.0,0.0,0.0,0.0,0.0,0.0,0.0,0.0,0.0,0.0,0,0
5000,mlp,CD16 Monocyte-1,CD8 + CTL-3,0.0003132150642536561,-0.0002668523874907527,0.0009412103677091473,40,9.0,0.0006249881815692064,3.3333333333333335,0.00031177311731555034,3.6666666666666665,0.00016160309502154363,0.6666666666666666,5.920681793325088e-05,3.0,0.00025610864223782716,0.3333333333333333,4.528985507246377e-05,0.0007653264785583849,0.000426080338157999,-0.0002517616239554155,6,2
5000,mlp,CD16 Monocyte-1,CD8 Tem-1,0.0003069883971635859,-0.00089255183317064,0.0014458493145935402,40,21.333333333333332,0.0014916088954517951,19.0,0.0011846204982882092,4.333333333333333,0.0002705804543834557,6.666666666666667,0.0004086091030120117,11.333333333333334,0.0009296986610312813,6.666666666666667,0.0004846816152391392,-0.0007163259757368134,0.0008600226696346975,0.0007772684975928736,10,11
5000,mlp,CD16 Monocyte-1,CD8 Tem-2,-0.00019404415004003648,-0.0007577754144517883,7.204610951008645e-05,40,0.3333333333333333,2.4015369836695482e-05,1.6666666666666667,0.000218059519876732,0.0,0.0,0.0,0.0,0.3333333333333333,2.4015369836695482e-05,1.6666666666666667,0.000218059519876732,-0.00047834211920899227,3.230048152916435e-05,-0.00013609081244028153,0,0
5000,mlp,CD16 Monocyte-1,Cycling T,5.9101654846335695e-05,-0.00011820330969267139,0.00026595744680851064,40,1.3333333333333333,0.00010190102492981091,0.6666666666666666,4.279937008347522e-05,0.3333333333333333,1.3248542660307367e-05,0.0,0.0,1.0,8.865248226950352e-05,0.6666666666666666,4.279937008347522e-05,8.865248226950354e-05,0.0,8.865248226950354e-05,1,0
5000,mlp,CD16 Monocyte-1,Erythrocyte,0.0,0.0,0.0,40,0.0,0.0,0.0,0.0,0.0,0.0,0.0,0.0,0.0,0.0,0.0,0.0,0.0,0.0,0.0,0,0
5000,mlp,CD16 Monocyte-1,GCB,0.0,0.0,0.0,40,0.0,0.0,0.0,0.0,0.0,0.0,0.0,0.0,0.0,0.0,0.0,0.0,0.0,0.0,0.0,0,0
5000,mlp,CD16 Monocyte-1,Memory B-1,-8.861528677279028e-07,-0.00017873960314796164,0.00016551137597937854,40,1.0,7.004244609041117e-05,1.3333333333333333,7.092859895813906e-05,0.3333333333333333,3.457814661134163e-05,0.3333333333333333,1.02880658436214e-05,0.6666666666666666,3.546429947906953e-05,1.0,6.064053311451767e-05,-0.0001063928984372086,4.466450337548021e-05,5.9069936458544674e-05,1,1
5000,mlp,CD16 Monocyte-1,Memory B-2,-2.9239766081871346e-05,-0.00011769005847953212,0.0,40,0.0,0.0,0.3333333333333333,2.9239766081871346e-05,0.0,0.0,0.0,0.0,0.0,0.0,0.3333333333333333,2.9239766081871346e-05,0.0,-8.771929824561404e-05,0.0,0,0
5000,mlp,CD16 Monocyte-1,Naive T,-0.00012904972119203838,-0.0009808032494785916,0.0011932928150413056,40,2.6666666666666665,0.00039943643634178386,8.0,0.0005284861575338224,0.6666666666666666,4.279937008347522e-05,3.6666666666666665,0.00023920033788777263,0.6666666666666666,0.0002923976608187134,3.0,0.00022504641420645452,0.0008779609795488775,-0.0006882630239825226,-0.0005768471191424701,2,6
5000,mlp,CD16 Monocyte-1,Plasma,4.640311746910731e-05,0.0,0.00015215607855201764,40,0.6666666666666666,4.640311746910731e-05,0.0,0.0,0.6666666666666666,4.640311746910731e-05,0.0,0.0,0.0,0.0,0.0,0.0,0.0,6.345177664974618e-05,7.575757575757576e-05,2,0
5000,mlp,CD16 Monocyte-1,Tcm,-0.0001366120218579235,-0.000546448087431694,0.0,40,0.0,0.0,1.0,0.0001366120218579235,0.0,0.0,0.6666666666666666,9.107468123861566e-05,0.0,0.0,0.3333333333333333,4.553734061930783e-05,-0.000273224043715847,0.0,-0.0001366120218579235,0,1
5000,mlp,CD16 Monocyte-1,cDC2,0.0006916355706599501,-0.0005690301502393123,0.0026022602102472947,40,38.0,0.0033682121047489606,39.333333333333336,0.0026765765340890113,13.666666666666666,0.0009740655872887803,14.0,0.0008366503662144585,8.666666666666666,0.0011792820224517618,9.666666666666666,0.0006250616728661335,0.00047915483444112126,0.001083993459516971,0.0005117584180217575,21,22
5000,mlp,CD16 Monocyte-1,pDC,0.00010623794398758502,0.0,0.00030674846625766873,40,1.3333333333333333,0.00010623794398758502,0.0,0.0,1.3333333333333333,0.00010623794398758502,0.0,0.0,0.0,0.0,0.0,0.0,0.0001653395988339207,7.668711656441718e-05,7.668711656441718e-05,2,0
5000,mlp,CD16 Monocyte-1,platelet,0.0,0.0,0.0,40,0.0,0.0,0.0,0.0,0.0,0.0,0.0,0.0,0.0,0.0,0.0,0.0,0.0,0.0,0.0,0,0
5000,mlp,CD16 Monocyte-2,Atypical Memory B,0.0010580614631060731,0.00014432132676276836,0.002495789005327317,40,13.333333333333334,0.0016838123795260898,5.333333333333333,0.0006257509164200166,6.333333333333333,0.0007909730230061073,1.0,0.00019648438543531108,3.3333333333333335,0.0005228388387561567,0.6666666666666666,5.926601322087987e-05,0.0007120347158132391,0.0015600498097106106,0.0009020998637943691,9,3
5000,mlp,CD16 Monocyte-2,CD14 Monocyte-1,-0.01303244286188684,-0.0333659372438378,0.005723902529194878,40,640.3333333333334,0.15974851811349436,710.3333333333334,0.1727809609753812,96.66666666666667,0.027248333718873644,149.33333333333334,0.03574529496580469,68.0,0.02569530575447844,85.33333333333333,0.030230787369434242,-0.005790681476568068,-0.008902217402126086,-0.024404429706966366,32,35
5000,mlp,CD16 Monocyte-2,CD14 Monocyte-2,0.011730222209529023,-0.013069416380664084,0.03492667218835747,40,304.0,0.11453754494067118,259.3333333333333,0.10280732273114217,59.333333333333336,0.019928992487124094,40.666666666666664,0.014604315515722435,81.0,0.03143385268605315,55.0,0.025028307447925797,0.0240007682822864,-0.007158527696013994,0.01834842604231466,27,25
5000,mlp,CD16 Monocyte-2,CD14 Monocyte-3,-0.0004230561324459525,-0.003622839619224882,0.0025540539393502895,40,76.0,0.005939890987847623,80.0,0.006362947120293577,21.666666666666668,0.0017199925732191187,26.333333333333332,0.002237558108909841,20.666666666666668,0.0019063533207582769,20.0,0.0018118439175135068,8.784915075342667e-05,-0.0006847619663435322,-0.0006722555817477518,12,11
5000,mlp,CD16 Monocyte-2,CD16 Monocyte-1,0.00844599844265166,-0.013701706049106597,0.03424795438024133,40,554.3333333333334,0.16476690262452048,522.3333333333334,0.15632090418186884,144.66666666666666,0.03150282815032044,119.33333333333333,0.027726642099742713,38.333333333333336,0.013057784241586684,31.666666666666668,0.008387971849512744,0.012617860249629858,-0.011017740189040469,0.023737875267365597,34,35
5000,mlp,CD16 Monocyte-2,CD16 Monocyte-2,-0.0036944460701285094,-0.04245082432778466,0.027866267499103085,40,3392.0,0.5004503103905891,3389.0,0.5041447564607177,0.0,0.0,0.0,0.0,0.0,0.0,0.0,0.0,-0.02681624718364776,0.016537653924359776,-0.0008047449510975261,0,0
5000,mlp,CD16 Monocyte-2,CD16 NK,-0.001557702654754049,-0.004051637906589863,0.000914653691661027,40,4.666666666666667,0.0016428131324753442,8.333333333333334,0.0032005157872293925,1.0,0.00019779865524546377,3.0,0.0013204440358003304,1.3333333333333333,0.0005681592387177366,3.0,0.0010032165129169185,-0.002597298943778547,-0.00017510103842554485,-0.001900707982058054,3,9
5000,mlp,CD16 Monocyte-2,CD4 + Tcm-1,0.0008204364718375562,-0.004343295669939885,0.007371236502847376,40,12.666666666666666,0.007073371487871366,13.666666666666666,0.00625293501603381,3.3333333333333335,0.0014818726640884346,4.666666666666667,0.0015942306986353287,6.0,0.0037585568422566595,5.666666666666667,0.002825762335872209,0.0033209475442594364,-0.003922781260046183,0.003063143131299415,6,7
5000,mlp,CD16 Monocyte-2,CD4 + Tcm-2,0.0017135956868714966,-0.0037975175426578135,0.01291135641834617,40,4.666666666666667,0.0079581991801184,10.0,0.006244603493246903,1.6666666666666667,0.0035440517670482833,4.0,0.0008123729103523232,0.6666666666666666,0.00014094622497531198,3.6666666666666665,0.0011590293947997753,0.0042778466447874666,0.004413360110111797,-0.0035504196942847733,3,8
5000,mlp,CD16 Monocyte-2,CD4 Monocyte-4,-0.00015429332759248667,-0.0020452133245235466,0.0020471679960789254,40,46.0,0.004628199383393698,40.666666666666664,0.004782492710986186,15.0,0.0016658710063623863,9.0,0.0010911917248511442,4.666666666666667,0.00031529759981722456,5.333333333333333,0.0010442702089209532,0.0007859299053880146,-0.0006400301173793144,-0.0006087797707861605,11,10
5000,mlp,CD16 Monocyte-2,CD56 NK,-0.0018721097067894287,-0.00886398265253024,0.003640846505507222,40,18.333333333333332,0.004105651948376885,21.333333333333332,0.005977761655166314,5.666666666666667,0.0010191829243846517,7.666666666666667,0.0012532853568532059,6.666666666666667,0.0017873280503034475,7.666666666666667,0.003425335324624322,-0.0032034326930546627,0.0035261327313062473,-0.005939029158619873,13,10
5000,mlp,CD16 Monocyte-2,CD8 + CTL-1,-0.0013314209415039374,-0.0044727403156384505,0.0,40,0.3333333333333333,7.575757575757576e-05,2.6666666666666665,0.0014071785172615132,0.3333333333333333,7.575757575757576e-05,1.3333333333333333,0.0010210425633668102,0.0,0.0,1.3333333333333333,0.000386135953894703,-0.0024017233697054994,-6.097560975609756e-05,-0.0015315638450502152,1,2
5000,mlp,CD16 Monocyte-2,CD8 + CTL-2,-0.00028264200107363033,-0.001993820422161698,0.0007522774022920947,40,1.0,0.0002619677108713065,2.3333333333333335,0.0005446097119449369,1.0,0.0002619677108713065,1.3333333333333333,7.737980923116318e-05,0.0,0.0,1.0,0.0004672299027137737,-6.097560975609756e-05,0.0005488711848296529,-0.0013358215782944465,3,2
5000,mlp,CD16 Monocyte-2,CD8 + CTL-3,0.0005462347226430533,-9.28389602895383e-05,0.0017095773661691268,40,4.333333333333333,0.0006851256946048914,2.0,0.0001388909719618381,0.6666666666666666,0.00022860673463083103,0.3333333333333333,2.6455026455026456e-05,3.0,0.0004136597340439683,1.0,6.957671957671958e-05,0.0002448787483338487,0.0009600640315914212,0.00043376138800389,2,1
5000,mlp,CD16 Monocyte-2,CD8 Tem-1,-0.0008755103467338064,-0.009887625151978142,0.011596247654918923,40,28.0,0.01602638309279059,34.333333333333336,0.0169018934395244,4.666666666666667,0.0018943623665269662,1.3333333333333333,0.0005353039196604486,12.666666666666666,0.00871046680181645,22.333333333333332,0.010945035595416775,-0.006408295261681395,0.00496598282404401,-0.0011842186025640348,10,3
5000,mlp,CD16 Monocyte-2,CD8 Tem-2,-0.00014947892944424114,-0.0006544120961096933,0.00029717523896098414,40,2.3333333333333335,0.0006489042312224341,3.6666666666666665,0.0007983831606666753,0.6666666666666666,7.953551260637875e-05,0.6666666666666666,3.280839895013123e-05,1.3333333333333333,0.00022214649639383313,2.6666666666666665,0.00041835253949432176,-0.000135398332561371,-0.00015665547704794808,-0.00015638297872340426,2,1
5000,mlp,CD16 Monocyte-2,Cycling T,-0.0003405361503982618,-0.002004587344976428,0.00011848341232227487,40,0.6666666666666666,5.589867024915725e-05,1.3333333333333333,0.0003964348206474191,0.3333333333333333,3.949447077409163e-05,0.0,0.0,0.0,0.0,1.0,0.00038003062117235347,-4.921259842519685e-05,0.0,-0.0009723958527695887,1,0
5000,mlp,CD16 Monocyte-2,Erythrocyte,0.0,0.0,0.0,40,0.0,0.0,0.0,0.0,0.0,0.0,0.0,0.0,0.0,0.0,0.0,0.0,0.0,0.0,0.0,0,0
5000,mlp,CD16 Monocyte-2,GCB,0.00011737089201877935,0.0,0.0004694835680751174,40,0.3333333333333333,0.00011737089201877935,0.0,0.0,0.3333333333333333,0.00011737089201877935,0.0,0.0,0.0,0.0,0.0,0.0,0.0,0.00035211267605633805,0.0,1,0
5000,mlp,CD16 Monocyte-2,Memory B-1,-0.0008342400597390231,-0.004369266657300781,0.001510676965015902,40,2.6666666666666665,0.001235180761627074,5.666666666666667,0.002069420821366097,0.6666666666666666,0.00038618809631985464,1.3333333333333333,0.00042353381531691015,1.0,0.0002960091262125691,3.3333333333333335,0.0010929034669545366,0.001158564288959564,-0.000510204081632653,-0.00315108038654398,2,3
5000,mlp,CD16 Monocyte-2,Memory B-2,-6.510814055219842e-05,-0.00019456779385134998,0.0,40,0.0,0.0,1.3333333333333333,6.510814055219842e-05,0.0,0.0,0.0,0.0,0.0,0.0,1.3333333333333333,6.510814055219842e-05,-4.921259842519685e-05,-9.766221082829762e-05,-4.8449612403100775e-05,0,0
5000,mlp,CD16 Monocyte-2,Naive T,-0.0008320458448811239,-0.004136955982932226,0.001998434476137959,40,7.666666666666667,0.0019620948187420344,10.0,0.0027941406636231582,1.6666666666666667,0.00021678011309423525,1.6666666666666667,0.00029190899571057455,3.3333333333333335,0.0011636589497618546,5.666666666666667,0.0019205759120266396,0.001211959760856282,-0.0017425860948329132,-0.0019655112006667407,4,4
5000,mlp,CD16 Monocyte-2,Plasma,0.0,0.0,0.0,40,0.0,0.0,0.0,0.0,0.0,0.0,0.0,0.0,0.0,0.0,0.0,0.0,0.0,0.0,0.0,0,0
5000,mlp,CD16 Monocyte-2,Tcm,-5.868544600938968e-05,-0.00023767605633802803,0.0,40,0.0,0.0,0.3333333333333333,5.868544600938968e-05,0.0,0.0,0.3333333333333333,5.868544600938968e-05,0.0,0.0,0.0,0.0,-0.00017605633802816902,0.0,0.0,0,1
5000,mlp,CD16 Monocyte-2,cDC2,0.00023893209425502045,-0.0032428396212102165,0.0030939607094163557,40,26.0,0.005433899667320159,17.333333333333332,0.005194967573065138,7.333333333333333,0.0011453610782851066,3.3333333333333335,0.001012428263616138,12.333333333333334,0.002719530656282953,7.666666666666667,0.002613531376696901,-0.0010238741344287088,0.0007110220567447381,0.001029648360449032,13,10
5000,mlp,CD16 Monocyte-2,pDC,0.0008328666310202097,-7.936507936507937e-05,0.002467512572750893,40,2.3333333333333335,0.0009622023159114502,0.6666666666666666,0.00012933568489124044,1.0,0.00023694561644968903,0.3333333333333333,2.6455026455026456e-05,1.3333333333333333,0.0007252566994617612,0.3333333333333333,0.00010288065843621399,0.00029376924899312954,0.0014939937947184324,0.0007108368493490669,3,1
5000,mlp,CD16 Monocyte-2,platelet,0.0,0.0,0.0,40,0.0,0.0,0.0,0.0,0.0,0.0,0.0,0.0,0.0,0.0,0.0,0.0,0.0,0.0,0.0,0,0
5000,mlp,CD16 NK,Atypical Memory B,-9.130528009415769e-06,-0.00016307915322118035,0.00012919896640826872,40,0.6666666666666666,4.7731840367499276e-05,1.0,5.686236837691505e-05,0.0,0.0,0.6666666666666666,3.995905532755738e-05,0.6666666666666666,4.7731840367499276e-05,0.3333333333333333,1.6903313049357674e-05,0.0,-0.00010131286765797827,7.392128362973096e-05,0,2
5000,mlp,CD16 NK,CD14 Monocyte-1,-0.00019312787460583908,-0.0007229930067884211,0.00023534434519390725,40,41.666666666666664,0.0008130346545466601,47.666666666666664,0.001006162529152499,13.666666666666666,0.00022221339952060125,13.0,0.0002375023732120521,20.0,0.0004148752725974529,26.666666666666668,0.0005927141735118411,-0.0002011753624920916,4.1999991054213266e-05,-0.00042020825237963877,19,14
5000,mlp,CD16 NK,CD14 Monocyte-2,0.0007600895051788798,-0.0010718601292424295,0.0025705028155837205,40,105.33333333333333,0.0024399958697587905,57.333333333333336,0.0016799063645799109,20.0,0.000398496418169629,10.666666666666666,0.00027554181086740384,78.66666666666667,0.001858026478403098,40.0,0.0012208915805264435,0.0022090186059674287,0.000292159115635085,-0.0002209092060658749,20,10
5000,mlp,CD16 NK,CD14 Monocyte-3,6.206813596979772e-05,-0.00021524654313968825,0.00033412297899937556,40,5.666666666666667,0.00024999163495725087,5.333333333333333,0.00018792349898745313,0.6666666666666666,2.4499926113999383e-05,0.3333333333333333,1.1037527593818985e-05,4.0,0.0001747817696951785,4.0,0.00012617603224556113,-2.484219852571751e-05,1.6798902240386143e-05,0.00019424770419472454,2,1
5000,mlp,CD16 NK,CD16 Monocyte-1,-1.9853860929738647e-05,-0.0002365376781313314,0.00014055677575268964,40,4.666666666666667,0.00011492167738422016,4.666666666666667,0.00013477553831395882,1.3333333333333333,2.8985333036340846e-05,1.6666666666666667,4.369514089019817e-05,3.3333333333333335,8.593634434787931e-05,3.0,9.108039742376064e-05,0.0001301486062157124,-0.00011535309797000231,-7.435709103492604e-05,4,4
5000,mlp,CD16 NK,CD16 Monocyte-2,-2.377377699927311e-05,-0.00024592173429288037,0.000182067836786007,40,8.333333333333334,0.0001984680887631036,9.333333333333334,0.00022224186576237667,2.3333333333333335,6.665157419879696e-05,3.0,8.74185937059426e-05,5.0,0.000108012904695123,5.333333333333333,0.00011101966218725046,-0.00013324033389469186,1.6311877613489622e-05,4.5607125283382924e-05,6,7
5000,mlp,CD16 NK,CD16 NK,-0.017693880451228265,-0.038582781212982496,0.007814805286687961,40,40916.0,0.6212103140580686,43012.333333333336,0.6389041945092969,0.0,0.0,0.0,0.0,0.0,0.0,0.0,0.0,-0.021082643635822986,-0.01606647049778638,-0.01593252722007542,0,0
5000,mlp,CD16 NK,CD4 + Tcm-1,0.003922450824743078,-0.005185187150317125,0.01250959817267581,40,5226.666666666667,0.09698108770762408,5082.666666666667,0.09305863688288098,1464.3333333333333,0.024271996954773833,1077.6666666666667,0.017947508620062665,744.0,0.016821414500623348,986.6666666666666,0.01922345201059144,0.008058505921370723,0.007659729944278828,-0.003950883391420319,36,39
5000,mlp,CD16 NK,CD4 + Tcm-2,0.0006009762473322737,-0.00044390117671893936,0.0015992924005550752,40,135.0,0.0031163054412814673,108.0,0.0025153291939491933,29.0,0.0005809508282821847,18.333333333333332,0.0003511261471973795,83.0,0.0020091606053662565,66.66666666666667,0.001638009039118788,0.0009051895116017931,0.00023617488169309694,0.0006615643487019306,31,23
5000,mlp,CD16 NK,CD4 Monocyte-4,9.42684766214178e-06,0.0,5.6561085972850674e-05,40,0.3333333333333333,9.42684766214178e-06,0.0,0.0,0.0,0.0,0.0,0.0,0.3333333333333333,9.42684766214178e-06,0.0,0.0,0.0,0.0,2.828054298642534e-05,0,0
5000,mlp,CD16 NK,CD56 NK,-0.0002373446976892461,-0.013527600286539165,0.010571032205771259,40,4640.0,0.11648899705090655,4168.333333333333,0.1167263417485958,1666.3333333333333,0.029906443496907575,1112.3333333333333,0.027480352701082483,550.0,0.012988906123681768,632.3333333333334,0.01565234161719611,-0.00037735091533846815,-0.0020746574337146737,0.0017399742559854013,40,40
5000,mlp,CD16 NK,CD8 + CTL-1,0.0021009922885225226,-0.0001985318478644634,0.004277892019553978,40,512.0,0.015045375859535616,395.3333333333333,0.012944383571013093,139.0,0.002686548639272257,70.33333333333333,0.0019254640140079953,155.66666666666666,0.004666246363218683,107.66666666666667,0.0033263386999604224,0.003352023947132217,0.0010595240297018404,0.0018914288887335099,40,36
5000,mlp,CD16 NK,CD8 + CTL-2,0.0009200650769187159,-0.0005434021930861042,0.0025658668805517977,40,113.33333333333333,0.003321430421975736,83.0,0.0024013653450570198,39.0,0.000819540567423836,24.666666666666668,0.0005908741229745884,54.333333333333336,0.001821838138283757,38.333333333333336,0.0011304395058142887,0.0015131597928093276,0.0017870529328164041,-0.0005400174948695837,31,26
5000,mlp,CD16 NK,CD8 + CTL-3,-0.004930499732769771,-0.017170338554709477,0.005442474422933504,40,624.6666666666666,0.01765647460978707,466.6666666666667,0.02258697434255684,313.3333333333333,0.005848277088843341,156.33333333333334,0.008041016600524408,153.33333333333334,0.004291840313356618,152.33333333333334,0.007029600534445323,-0.0040741020835261,-0.004279705956076399,-0.006437691158706811,38,28
5000,mlp,CD16 NK,CD8 Tem-1,0.006559947656653425,-0.0009034600425838614,0.01502690469529975,40,3671.3333333333335,0.0694185404281038,3203.6666666666665,0.06285859277145038,1250.3333333333333,0.02081401995116067,861.0,0.015392546075950976,757.0,0.015257623170891401,678.6666666666666,0.014119149389447675,0.004235135850248586,0.0025218678925932312,0.012922839227118458,32,36
5000,mlp,CD16 NK,CD8 Tem-2,0.0012402823915821073,-0.0012246693334291253,0.0032194593552177463,40,654.0,0.014065238912758954,578.0,0.012824956521176848,256.3333333333333,0.004346158216963841,156.0,0.0030026528512775105,197.0,0.004731918316293824,221.33333333333334,0.004835141290398048,0.0015202460339258453,0.0018699363804199724,0.0003306647604005036,39,40
5000,mlp,CD16 NK,Cycling T,0.0023742013591948772,0.0008383672991505626,0.004112525399023098,40,688.0,0.011782139607112628,536.0,0.009407938247917753,316.0,0.004875818422874931,159.33333333333334,0.0027191787035462846,159.66666666666666,0.0031310266289524733,164.33333333333334,0.0029134649890862423,0.0010562611996941503,0.0036213282111679777,0.0024450146667225033,36,33
5000,mlp,CD16 NK,Erythrocyte,5.7548999693494935e-05,0.0,0.00014845959611786022,40,5.0,5.7548999693494935e-05,0.0,0.0,1.6666666666666667,1.8757798764088946e-05,0.0,0.0,3.3333333333333335,3.879120092940598e-05,0.0,0.0,8.744948632825566e-05,4.755302853149732e-05,3.764448422073182e-05,3,0
5000,mlp,CD16 NK,GCB,-2.2379494372977377e-05,-0.00026922328438761146,0.00020057233650309776,40,5.0,0.00015545254404470188,5.0,0.00017783203841767928,0.3333333333333333,5.201831044527674e-06,1.0,2.6272756155916428e-05,4.0,0.00012054283610919872,3.3333333333333335,0.00012185140537078736,5.983816151305269e-05,-0.0002451560255754987,0.0001181793809435139,1,3
5000,mlp,CD16 NK,Memory B-1,-0.00010990624296273575,-0.001227954591339688,0.0008317804754254873,40,76.66666666666667,0.0017212204347081047,74.33333333333333,0.0018311266776708402,21.0,0.00045485880874577357,13.666666666666666,0.0002834794602726175,47.0,0.0010489733044751375,52.0,0.0013302588959110294,0.0007963731475120828,-0.0008372283958359884,-0.00028886348056430145,20,19
5000,mlp,CD16 NK,Memory B-2,6.858835880193197e-05,0.0,0.00023325995183384835,40,2.3333333333333335,8.525502546859863e-05,0.3333333333333333,1.6666666666666667e-05,0.3333333333333333,1.6666666666666667e-05,0.0,0.0,1.6666666666666667,5.19216921352653e-05,0.0,0.0,0.00020576507640579587,0.0,0.0,1,0
5000,mlp,CD16 NK,Naive T,-0.00038610543903852096,-0.0022503304862098667,0.0014275448198236536,40,195.0,0.004540960183615362,194.0,0.004927065622653882,42.666666666666664,0.0008706732587170776,27.333333333333332,0.0006155216246312083,105.66666666666667,0.002486941592942385,120.0,0.0031281986660667755,-0.0011434032576372799,0.0014009883313310695,-0.0014159013908093521,35,27
5000,mlp,CD16 NK,Plasma,7.824498096828211e-05,-1.686774054193689e-05,0.000183307892625772,40,4.666666666666667,0.00010511151656786395,1.6666666666666667,2.686653559958185e-05,0.3333333333333333,5.201831044527674e-06,0.6666666666666666,1.0326133820173723e-05,4.333333333333333,9.990968552333627e-05,1.0,1.6540401779408125e-05,9.363613793050909e-05,0.00010847505292229049,3.262375205204669e-05,1,2
5000,mlp,CD16 NK,Tcm,0.004681152429164874,-0.01388880415065347,0.0173938906777993,40,852.3333333333334,0.019904724231922303,460.6666666666667,0.015223571802757433,412.6666666666667,0.006698503824352092,189.0,0.006272242204099978,259.6666666666667,0.007178697172337686,91.66666666666667,0.0029238063634249253,0.0027298891653891578,0.0028193478338980255,0.008494220288207437,34,13
5000,mlp,CD16 NK,cDC2,9.955602074268355e-05,-2.31636272160254e-05,0.0003063796007145555,40,6.0,0.0001667341655711164,3.6666666666666665,6.717814482843286e-05,2.0,6.255386621227772e-05,1.0,2.2129534365594072e-05,3.6666666666666665,8.911098049205146e-05,2.3333333333333335,2.997929159605156e-05,1.4332956387283924e-05,6.836394816010408e-05,0.00021597115768066266,5,3
5000,mlp,CD16 NK,pDC,8.380127552224412e-05,-4.1779779731158764e-05,0.00023126790296440342,40,10.666666666666666,0.0002866967640489907,7.333333333333333,0.00020289548852674667,3.3333333333333335,7.427932790640866e-05,1.6666666666666667,2.75715282002696e-05,5.333333333333333,0.00014236762859373548,3.6666666666666665,0.00010527415277763043,6.004794120123287e-05,0.00015227192055940406,3.908396480609546e-05,9,4
5000,mlp,CD16 NK,platelet,6.609699954453611e-06,-2.738975623116954e-05,5.0464271295922484e-05,40,1.6666666666666667,1.6821423765307496e-05,0.6666666666666666,1.0211723810853884e-05,0.0,0.0,0.0,0.0,1.6666666666666667,1.6821423765307496e-05,0.6666666666666666,1.0211723810853884e-05,9.736245604176336e-06,0.0,1.0092854259184496e-05,0,0
5000,mlp,CD4 + Tcm-1,Atypical Memory B,4.735224580888247e-05,-4.0476873340020944e-05,0.0001410683231699626,40,3.3333333333333335,7.721099994358178e-05,1.0,2.9858754134699316e-05,1.3333333333333333,2.702773675842248e-05,0.3333333333333333,2.05761316872428e-05,2.0,5.01832631851593e-05,0.6666666666666666,9.282622447456518e-06,4.881277168682672e-05,6.0305889323483385e-05,3.293807641633729e-05,4,1
5000,mlp,CD4 + Tcm-1,CD14 Monocyte-1,-0.0003803505079923563,-0.0014054311224704634,0.0005137593166558907,40,115.0,0.0017351432689587803,128.33333333333334,0.0021154937769511366,49.666666666666664,0.0006584159663658981,54.666666666666664,0.0008415186298210683,47.666666666666664,0.000737701472563208,56.0,0.0009349493171003938,-0.0004061390548185471,0.0003998267586652297,-0.0011347392278237515,32,30
5000,mlp,CD4 + Tcm-1,CD14 Monocyte-2,0.0016182956078376793,-0.0014691473009769748,0.00513683236603528,40,424.6666666666667,0.006084436156349644,242.66666666666666,0.004466140548511963,165.0,0.0021689756955182034,80.66666666666667,0.0014961194724094507,228.66666666666666,0.003340217764781432,131.0,0.0023947783800525057,0.004027535124750034,0.0012925038984675638,-0.0004651521997045582,30,29
5000,mlp,CD4 + Tcm-1,CD14 Monocyte-3,0.00019401847596879618,-7.306471903637922e-05,0.0005952950582927846,40,14.0,0.0004284389535229133,8.0,0.0002344204775541171,4.333333333333333,0.0001318849312756773,2.3333333333333335,5.765369486517143e-05,9.0,0.0002754569758337339,5.0,0.00015566973627544352,0.00026945401969737744,0.00020071049959272228,0.00011189090861628874,6,4
5000,mlp,CD4 + Tcm-1,CD16 Monocyte-1,5.6354629143719946e-05,-0.0001774387313557049,0.00026928274249136985,40,20.666666666666668,0.00030157810323974736,15.0,0.00024522347409602744,8.666666666666666,0.00011365934349313532,7.0,0.00011887221286077422,11.0,0.00016675687812142098,7.0,0.00010518937961006217,0.00013742144796468164,0.00015432796356466296,-0.0001226855240981849,18,11
5000,mlp,CD4 + Tcm-1,CD16 Monocyte-2,-1.7236729639032474e-05,-0.0003858273239754441,0.00029443111998026634,40,32.333333333333336,0.0004980192655841838,31.0,0.0005152559952232163,16.0,0.00023314732162227594,14.333333333333334,0.0002233432248417281,14.0,0.00023199366951329702,14.333333333333334,0.0002590344959328773,5.401003660638743e-05,-0.0001247788317810155,1.9058606257530644e-05,22,17
5000,mlp,CD4 + Tcm-1,CD16 NK,-0.007556212483273136,-0.015353490921790426,-0.0009711102184440969,40,5313.666666666667,0.07749426352254199,5968.666666666667,0.08505047600581511,1402.3333333333333,0.018142274896244485,1619.6666666666667,0.02138380212089176,591.6666666666666,0.009969473126724982,1029.3333333333333,0.014284158385350845,-0.007573074663665215,-0.007375436950363004,-0.007720125835791185,37,36
5000,mlp,CD4 + Tcm-1,CD4 + Tcm-1,-0.008996129089111729,-0.030998743167355437,0.018399080007865488,40,48463.0,0.6193884595526923,50269.666666666664,0.6283845886418041,0.0,0.0,0.0,0.0,0.0,0.0,0.0,0.0,-0.015363503626033332,0.0018409633872394145,-0.013465847028541266,0,0
5000,mlp,CD4 + Tcm-1,CD4 + Tcm-2,0.010711516532644407,-0.0008519089839017074,0.024082174876865065,40,2471.6666666666665,0.06258405341976905,2055.0,0.05187253688712464,864.0,0.016396636614387537,580.3333333333334,0.010811903690622899,521.6666666666666,0.01343344623260223,388.6666666666667,0.008306662623722464,0.021783659848938812,-0.0005087885654614983,0.010859678314455905,39,40
5000,mlp,CD4 + Tcm-1,CD4 Monocyte-4,-4.5180180916781255e-06,-7.581911677863133e-05,7.850251762444719e-05,40,1.0,2.0973671873072274e-05,1.3333333333333333,2.54916899647504e-05,0.3333333333333333,4.395218002812939e-06,0.0,0.0,0.6666666666666666,1.6578453870259335e-05,1.3333333333333333,2.54916899647504e-05,-3.992536229191202e-05,-3.654970760233918e-05,6.292101561921682e-05,1,0
5000,mlp,CD4 + Tcm-1,CD56 NK,0.0030106810119653444,0.0005641102523360223,0.005345991688921503,40,1092.3333333333333,0.018476885789763368,844.0,0.015466204777798023,365.0,0.005199041177779342,213.33333333333334,0.0033981668179386766,424.0,0.00747754179393026,327.3333333333333,0.006267735141805581,0.0034400915829655683,0.003392383898120469,0.0021995675548099982,40,38
5000,mlp,CD4 + Tcm-1,CD8 + CTL-1,0.000692248213652747,-0.001738234497277286,0.0027478409435420436,40,410.0,0.009740906971604563,314.3333333333333,0.009048658757951815,131.66666666666666,0.0022742176557317834,71.66666666666667,0.0018740453409563263,153.66666666666666,0.003711466215806709,118.0,0.0034193903169294194,0.0005634250865831943,0.000582035905008873,0.000931283649366174,40,38
5000,mlp,CD4 + Tcm-1,CD8 + CTL-2,0.0010231611709088685,0.00023232633439188933,0.002001771464059252,40,113.66666666666667,0.002625464778041728,68.66666666666667,0.0016023036071328598,41.333333333333336,0.0007075623810663015,22.333333333333332,0.0004225478856698832,59.666666666666664,0.0015637531004562544,33.666666666666664,0.0008256064249438041,0.0009351019490991174,0.0013422627577269193,0.0007921188059005688,31,25
5000,mlp,CD4 + Tcm-1,CD8 + CTL-3,-0.008964686390787293,-0.023980898120987717,0.002953056068370831,40,934.3333333333334,0.02097033049277945,814.3333333333334,0.029935016883566742,455.3333333333333,0.006083056612594655,212.33333333333334,0.008454916703099379,182.33333333333334,0.004442543403459568,305.3333333333333,0.011035369703742135,-0.007386605085356721,-0.011487694030877816,-0.008019760056127336,39,18
5000,mlp,CD4 + Tcm-1,CD8 Tem-1,0.0031020023525271403,-0.006136583623218259,0.012426996846001563,40,5042.666666666667,0.06750759308576866,4622.0,0.06440559073324152,1865.3333333333333,0.022685918437524544,1529.6666666666667,0.020732886807445474,987.6666666666666,0.01423031934592101,902.6666666666666,0.013081348623472938,0.00012415763207963411,-0.0023190606422818913,0.01150091006778368,33,35
5000,mlp,CD4 + Tcm-1,CD8 Tem-2,0.00221845993927944,-0.00037928248067965015,0.00483137012992075,40,879.3333333333334,0.015204615211196591,728.3333333333334,0.01298615527191715,346.6666666666667,0.0049392392312375315,251.66666666666666,0.003877170322812261,285.3333333333333,0.005194016462061641,229.33333333333334,0.004037625431207472,0.0037753239469562163,0.0022195766616431595,0.0006604792092389432,39,38
5000,mlp,CD4 + Tcm-1,Cycling T,0.0012688304225070628,-0.0003631938595534278,0.0029704003366816515,40,625.6666666666666,0.008733090637173748,541.6666666666666,0.007464260214666684,279.3333333333333,0.003640802332853335,209.33333333333334,0.002923819268640783,165.33333333333334,0.0026439526318659374,151.33333333333334,0.002092105273571426,0.0010259806425998654,-4.772502641872782e-05,0.002828235651340052,37,36
5000,mlp,CD4 + Tcm-1,Erythrocyte,4.436623410190646e-05,-3.908692933083177e-06,0.00011820927135861073,40,5.333333333333333,4.827492703498963e-05,0.3333333333333333,3.908692933083177e-06,3.6666666666666665,3.155177828796014e-05,0.3333333333333333,3.908692933083177e-06,1.6666666666666667,1.67231487470295e-05,0.0,0.0,5.1113071333105326e-05,4.2899449961399355e-05,3.908618101121471e-05,3,1
5000,mlp,CD4 + Tcm-1,GCB,0.00019898035239928076,-1.2412715056547721e-05,0.0005278103616615833,40,18.0,0.00044801138897225626,10.0,0.0002490310365729755,4.0,7.015810464253304e-05,2.0,2.477678274464674e-05,12.333333333333334,0.00032085859864787545,6.333333333333333,0.000167259568146481,0.00020859679380250728,0.00030813704481547386,8.020721857986113e-05,9,6
5000,mlp,CD4 + Tcm-1,Memory B-1,-0.00030076039316374593,-0.0019677275990506115,0.0011814764758148947,40,306.3333333333333,0.004074050221677656,296.6666666666667,0.004374810614841403,135.33333333333334,0.0016816901699208086,113.0,0.0016361719133983022,126.33333333333333,0.0017094948709477393,139.0,0.0020557735206339915,0.0009938523109169531,-0.0012989815622548027,-0.000597151928153389,33,32
5000,mlp,CD4 + Tcm-1,Memory B-2,-1.964349071939586e-05,-0.00012207902675333586,7.710105332573462e-05,40,2.3333333333333335,6.597691902249272e-05,3.3333333333333335,8.562040974188858e-05,0.3333333333333333,3.85981164119191e-06,1.0,1.2977681734176167e-05,1.0,3.18873613111678e-05,1.3333333333333333,4.24129819375794e-05,2.3189057348670413e-05,-3.223752402040621e-05,-4.9882005486451796e-05,1,3
5000,mlp,CD4 + Tcm-1,Naive T,0.0011693373471669455,-0.011288504670956422,0.013116445047770433,40,3420.6666666666665,0.0625485483969334,3032.3333333333335,0.06137921104976646,1469.0,0.019542706574214093,975.3333333333334,0.015836697373385333,484.3333333333333,0.009475101942671342,589.6666666666666,0.012011773796333157,-0.006150636204029902,0.011907122788910282,-0.0022484745433795465,39,40
5000,mlp,CD4 + Tcm-1,Plasma,9.111695802335941e-06,-0.00014430088404729006,0.0001683483630670078,40,12.333333333333334,0.000167595383111157,10.0,0.00015848368730882106,6.0,6.969246015274852e-05,5.666666666666667,9.543542257247533e-05,6.0,9.437035266025955e-05,4.0,5.95156944381968e-05,8.519377427058399e-05,-5.539631993388919e-05,-2.4623669296869566e-06,9,13
5000,mlp,CD4 + Tcm-1,Tcm,0.00048075776105102375,-0.02231673818541697,0.014947473468795365,40,864.0,0.019605866175221056,596.3333333333334,0.01912510841417003,354.3333333333333,0.004995983113080135,211.33333333333334,0.006725333885892999,255.0,0.006398959976869165,130.33333333333334,0.004188851443005277,-0.0013408939132740008,-0.001013998110392278,0.0037971653068193502,38,25
5000,mlp,CD4 + Tcm-1,cDC2,0.00014708060496491094,-0.00017759593015705477,0.0004960125441965655,40,24.333333333333332,0.00047226624300610904,22.0,0.00032518563804119813,13.666666666666666,0.0001897161622213846,7.333333333333333,0.00010472922909506947,8.666666666666666,0.00023448794364728373,12.666666666666666,0.00017239427180868803,0.00035523400657909866,0.00022772282571071104,-0.00014171501739507696,21,12
5000,mlp,CD4 + Tcm-1,pDC,0.0002319085196656871,-0.00012448960866516447,0.0005649715230151497,40,40.666666666666664,0.000663987007269603,26.333333333333332,0.00043207848760391587,17.666666666666668,0.0002441246976461138,8.333333333333334,0.00017130910152021898,20.333333333333332,0.0003837127405731599,15.333333333333334,0.00022461981703336754,0.0003620940712738221,0.0003200087449526146,1.3622742770624737e-05,21,12
5000,mlp,CD4 + Tcm-1,platelet,1.5073985382189454e-05,-4.606551131261998e-05,7.726710970706666e-05,40,1.6666666666666667,3.395945694775446e-05,1.6666666666666667,1.8885471565565008e-05,1.0,1.6138213284299568e-05,0.6666666666666666,7.0651405962978666e-06,0.6666666666666666,1.7821243663454893e-05,1.0,1.182033096926714e-05,-3.469265982827439e-06,9.858797684699465e-06,3.883242444469633e-05,3,1
5000,mlp,CD4 + Tcm-2,Atypical Memory B,-0.0001241656140045591,-0.0007042253521126761,0.0,39,0.0,0.0,0.6666666666666666,0.0001241656140045591,0.0,0.0,0.0,0.0,0.0,0.0,0.6666666666666666,0.0001241656140045591,-0.00036114120621162876,0.0,-1.1355635802048556e-05,0,0
5000,mlp,CD4 + Tcm-2,CD14 Monocyte-1,0.0010617402458235649,-0.0024498164738689246,0.008052931792252098,39,4.0,0.0034356852234693086,5.333333333333333,0.0023739449776457437,0.3333333333333333,0.00027570995312930797,0.0,0.0,3.0,0.0024043701669088104,4.666666666666667,0.0016183398742145537,-0.0006051225342187343,0.0009944168972064744,0.002795926374482955,1,0
5000,mlp,CD4 + Tcm-2,CD14 Monocyte-2,0.004766666396655336,-0.0055303376166654025,0.01608396951327181,39,46.0,0.018156524877169466,34.666666666666664,0.013389858480514128,5.333333333333333,0.0024932834993415427,3.0,0.0017336655911961705,32.333333333333336,0.012132665980152888,23.333333333333332,0.008125617491642924,0.008608016761432486,0.008550605250754,-0.002858622822220481,10,8
5000,mlp,CD4 + Tcm-2,CD14 Monocyte-3,-1.174730925626191e-05,-0.00018843739364364504,0.00012165267707181985,39,18.0,0.0002075085277984058,17.333333333333332,0.0002192558370546677,2.0,2.2119111134978017e-05,5.0,6.253564349707863e-05,7.666666666666667,8.652050067309412e-05,4.0,5.785127756725543e-05,6.371612078140175e-05,-1.4065825058949033e-05,-8.489222349123847e-05,4,3
5000,mlp,CD4 + Tcm-2,CD16 Monocyte-1,5.7708058685490485e-05,0.0,0.0003144654088050315,39,0.6666666666666666,5.7708058685490485e-05,0.0,0.0,0.0,0.0,0.0,0.0,0.6666666666666666,5.7708058685490485e-05,0.0,0.0,0.0,0.00016126431220770844,1.1859863848763017e-05,0,0
5000,mlp,CD4 + Tcm-2,CD16 Monocyte-2,-0.0005112852620971181,-0.001704208987869591,0.00016778023752128508,39,3.6666666666666665,0.0004013570474628487,5.0,0.0009126423095599666,1.0,6.120665300325598e-05,0.3333333333333333,3.9532879495876724e-06,2.0,0.0003322438185604173,4.0,0.0009007824457112038,-0.00115141774761796,-0.0004325402209828379,5.0102182309443504e-05,3,1
5000,mlp,CD4 + Tcm-2,CD16 NK,-0.004189542893975753,-0.016288334688354472,0.009615102971123184,39,50.333333333333336,0.02224131762844553,60.666666666666664,0.026430860522421284,3.6666666666666665,0.0011920063189288699,4.666666666666667,0.0015724526954677095,27.333333333333332,0.011281840819679803,36.666666666666664,0.015090937337116713,-0.010393953629898905,0.007986041045652825,-0.01016071609768117,9,10
5000,mlp,CD4 + Tcm-2,CD4 + Tcm-1,0.004102983725607581,-0.04357821809352479,0.05076713851917158,39,1198.3333333333333,0.3151087769032103,1217.6666666666667,0.31100579317760274,249.66666666666666,0.030261302669052623,298.0,0.03417235811742764,279.0,0.07410771115514952,250.0,0.06609367198116693,0.03092981077563473,0.01752950368866612,-0.03615036328747811,36,33
5000,mlp,CD4 + Tcm-2,CD4 + Tcm-2,0.00015744252590544199,-0.0255502172436973,0.02616038861473311,39,11149.0,0.29542055403609724,11183.666666666666,0.2952631115101918,0.0,0.0,0.0,0.0,0.0,0.0,0.0,0.0,0.002498764138774392,-0.012365309611790472,0.010338873050732417,0,0
5000,mlp,CD4 + Tcm-2,CD4 Monocyte-4,3.9532879495876724e-06,-1.8673613250795962e-05,2.729220398193256e-05,39,0.6666666666666666,8.501988613243099e-06,0.3333333333333333,4.548700663655427e-06,0.0,0.0,0.0,0.0,0.6666666666666666,8.501988613243099e-06,0.3333333333333333,4.548700663655427e-06,1.364610199096628e-05,-1.364610199096628e-05,1.1859863848763017e-05,0,0
5000,mlp,CD4 + Tcm-2,CD56 NK,-0.0035707618046814846,-0.01618958743049392,0.007050131999183358,39,586.3333333333334,0.03925853229731717,599.3333333333334,0.042829294101998656,132.66666666666666,0.006412324285512067,118.66666666666667,0.005428829245951621,124.33333333333333,0.013075857062168716,151.33333333333334,0.017630113906410647,-0.0025807300078416117,-0.010714957124057473,0.002583401717854631,21,18
5000,mlp,CD4 + Tcm-2,CD8 + CTL-1,0.0003485155557421595,-0.00412283520751244,0.003971891731617368,39,830.0,0.014072360746471717,746.6666666666666,0.013723845190729556,224.66666666666666,0.0032788189867055556,142.66666666666666,0.0028644146219388897,82.66666666666667,0.003640531567681764,81.33333333333333,0.003706420376706272,0.00090517279886173,0.0007279272331722705,-0.0005875533648075219,12,10
5000,mlp,CD4 + Tcm-2,CD8 + CTL-2,0.0027458719722992294,-0.001109180012494316,0.007024332629988407,39,205.66666666666666,0.007623077198292104,188.0,0.004877205225992874,58.0,0.0012268789788309079,56.333333333333336,0.0012085283608015416,86.0,0.004415359871739005,70.0,0.0016878385174691416,0.004117126055232802,0.0016771326020721179,0.002443357259592769,12,11
5000,mlp,CD4 + Tcm-2,CD8 + CTL-3,0.00015112529958036995,-0.0009488407744430922,0.0013961444615130745,39,46.666666666666664,0.0011664675712887325,57.0,0.0010153422717083626,14.666666666666666,0.00022699133632667607,15.333333333333334,0.0003268084795404935,22.333333333333332,0.0008265742426088119,32.0,0.0005756317998146245,-0.0006479560177650604,0.00016784271295864606,0.000933489203547524,6,6
5000,mlp,CD4 + Tcm-2,CD8 Tem-1,0.004559504917264008,-0.021596301127762858,0.036777088977162135,39,398.6666666666667,0.17829959345416826,398.3333333333333,0.17374008853690426,34.0,0.014175272085346677,35.333333333333336,0.012137555994739804,122.33333333333333,0.05448880143703955,120.66666666666667,0.05196701261038241,-0.01075046048549263,-0.004511931994949693,0.02894090723223434,25,25
5000,mlp,CD4 + Tcm-2,CD8 Tem-2,-0.001042684230886616,-0.009933474510770457,0.005080811636826461,39,219.0,0.01707615110992018,195.33333333333334,0.01811883534080679,39.0,0.0014812726735366798,27.0,0.000825248493875308,50.333333333333336,0.010256329219431147,38.666666666666664,0.011955037629979138,-0.005434219242547605,0.0025742413015028996,-0.00026807475161514326,11,12
5000,mlp,CD4 + Tcm-2,Cycling T,0.0002551720737027766,-0.004240761970718916,0.00463584403984995,39,21.666666666666668,0.005285615999335668,18.666666666666668,0.00503044392563289,3.3333333333333335,0.0006895514432635197,2.0,2.8450967136019148e-05,9.0,0.0030265385671238015,7.333333333333333,0.003432466969548525,-9.626077287350783e-05,-0.0018105659518668554,0.0026723429458486935,7,5
5000,mlp,CD4 + Tcm-2,Erythrocyte,0.0,0.0,0.0,39,0.0,0.0,0.0,0.0,0.0,0.0,0.0,0.0,0.0,0.0,0.0,0.0,0.0,0.0,0.0,0,0
5000,mlp,CD4 + Tcm-2,GCB,2.035873785870401e-05,-0.0005195277878802406,0.00030463852878448075,39,13.0,0.00022014840660918307,7.333333333333333,0.0001997896687504791,3.0,3.2594425434135525e-05,2.6666666666666665,3.243454511404143e-05,7.333333333333333,0.0001590330941186063,2.0,0.00013883423657999638,0.00016948002507354384,7.783698536522732e-05,-0.00018624079686265914,3,5
5000,mlp,CD4 + Tcm-2,Memory B-1,-0.0005668952734984683,-0.0037638015571932687,0.0028917586963181775,39,12.666666666666666,0.0044791439266809105,14.333333333333334,0.005046039200179379,0.6666666666666666,9.42684766214178e-05,2.0,0.0007123771940642085,9.666666666666666,0.0034319703275538555,10.0,0.0033807568836095336,0.00041243034528530386,-0.0021609189927514396,4.780282697073042e-05,2,4
5000,mlp,CD4 + Tcm-2,Memory B-2,0.0,-1.8673613250795962e-05,1.8673613250795962e-05,39,0.6666666666666666,9.097401327310854e-06,0.6666666666666666,9.097401327310854e-06,0.0,0.0,0.0,0.0,0.3333333333333333,4.548700663655427e-06,0.3333333333333333,4.548700663655427e-06,-1.364610199096628e-05,1.364610199096628e-05,0.0,0,0
5000,mlp,CD4 + Tcm-2,Naive T,-0.009470425521591101,-0.027997035616775485,0.009356071893108825,39,1978.3333333333333,0.07455620211379206,2069.3333333333335,0.08402662763538316,507.3333333333333,0.012330821790530189,547.3333333333334,0.013286616190006158,172.0,0.02636898700659024,223.0,0.034883618128705364,-0.01655832535558564,-0.009555717573400372,-0.0022972336357872884,24,27
5000,mlp,CD4 + Tcm-2,Plasma,-3.142282554047259e-05,-0.0003676470588235294,0.00025799793601651185,39,0.3333333333333333,6.28456510809452e-05,0.6666666666666666,9.426847662141779e-05,0.0,0.0,0.0,0.0,0.3333333333333333,6.28456510809452e-05,0.6666666666666666,9.426847662141779e-05,0.0001885369532428356,-0.00028280542986425336,0.0,0,0
5000,mlp,CD4 + Tcm-2,Tcm,0.0011651939440178861,-0.0009753987548304008,0.0031566645316988538,39,75.0,0.002639608782830158,38.0,0.0014744148388122723,30.333333333333332,0.0005916885057544954,14.0,0.0005312274625292535,35.333333333333336,0.0016768873479031988,14.666666666666666,0.0005721544471105547,0.0001229807776535202,0.0015758256173686728,0.0017967754370314646,7,2
5000,mlp,CD4 + Tcm-2,cDC2,0.0001214087461345444,-0.00025147479347225715,0.0007921387401215377,39,1.0,0.00019750557325736332,0.6666666666666666,7.609682712281892e-05,0.0,0.0,0.6666666666666666,7.609682712281892e-05,1.0,0.00019750557325736332,0.0,0.0,0.0005391170896555025,-0.00017489085125186931,0.0,0,2
5000,mlp,CD4 + Tcm-2,pDC,1.2852483051590154e-06,-4.026944239535331e-05,3.7010453001313916e-05,39,1.3333333333333333,1.5715476676378526e-05,1.3333333333333333,1.4430228371219512e-05,0.3333333333333333,4.191764858758484e-06,0.3333333333333333,4.191764858758484e-06,1.0,1.1523711817620043e-05,1.0,1.0238463512461029e-05,2.4435158425038468e-05,1.0659290472678471e-06,-2.1645342556829267e-05,1,1
5000,mlp,CD4 + Tcm-2,platelet,0.0,0.0,0.0,39,0.0,0.0,0.0,0.0,0.0,0.0,0.0,0.0,0.0,0.0,0.0,0.0,0.0,0.0,0.0,0,0
5000,mlp,CD4 Monocyte-4,Atypical Memory B,5.5050922102945225e-05,0.0,0.0003124511795032026,35,0.3333333333333333,5.5050922102945225e-05,0.0,0.0,0.0,0.0,0.0,0.0,0.3333333333333333,5.5050922102945225e-05,0.0,0.0,0.0,0.0,0.00016515276630883568,0,0
5000,mlp,CD4 Monocyte-4,CD14 Monocyte-1,-0.027029985217223298,-0.07898379371825605,0.029049769616389866,35,219.0,0.19413681494830523,266.6666666666667,0.22116680016552848,34.0,0.03359436453422843,72.0,0.05007467169608835,10.333333333333334,0.012303522648581441,20.0,0.022853200703944823,-0.03833197547052061,0.026274770918572263,-0.06903275109972155,23,26
5000,mlp,CD4 Monocyte-4,CD14 Monocyte-2,-0.0003274064887089535,-0.02391275388663869,0.02133095546139024,35,8.666666666666666,0.01523961009468256,10.666666666666666,0.015567016583391513,0.0,0.0,1.6666666666666667,0.0025620303217705814,5.333333333333333,0.01149953642707266,5.666666666666667,0.009264912594011033,0.011984126984126984,-0.023799586708959944,0.010833240258706097,0,5
5000,mlp,CD4 Monocyte-4,CD14 Monocyte-3,0.004617597904197058,0.000432681444083685,0.011748511380299894,35,25.0,0.0076732118872265935,12.333333333333334,0.003055613983029535,11.333333333333334,0.0030300168477154824,3.6666666666666665,0.0011843973049434256,7.666666666666667,0.00330286051068877,2.6666666666666665,0.0005308821492637676,0.007046715610694985,0.0018134041336272631,0.004992673968268928,6,4
5000,mlp,CD4 Monocyte-4,CD16 Monocyte-1,-0.0043006725552994325,-0.032275406096989825,0.024802716404564037,35,131.0,0.1944480712253617,133.66666666666666,0.19874874378066118,14.333333333333334,0.018215551200058272,20.0,0.02260104179410764,9.0,0.00927701537586812,6.0,0.009192197337118185,0.019019526382631356,-0.023204131727741117,-0.008717412320788551,18,22
5000,mlp,CD4 Monocyte-4,CD16 Monocyte-2,0.002140765284778325,-0.013866691524570093,0.016735753746981677,35,41.666666666666664,0.031077231921745958,45.333333333333336,0.02893646663696763,6.0,0.006886548755282024,9.333333333333334,0.004900455411210389,9.666666666666666,0.010603629395439587,10.0,0.010448957454732897,-0.0031732660991229933,-0.0007634375626272378,0.010358999516085203,10,12
5000,mlp,CD4 Monocyte-4,CD16 NK,0.0,0.0,0.0,35,0.0,0.0,0.0,0.0,0.0,0.0,0.0,0.0,0.0,0.0,0.0,0.0,0.0,0.0,0.0,0,0
5000,mlp,CD4 Monocyte-4,CD4 + Tcm-1,0.00021645021645021645,0.0,0.0011655011655011653,35,0.3333333333333333,0.00021645021645021645,0.0,0.0,0.0,0.0,0.0,0.0,0.3333333333333333,0.00021645021645021645,0.0,0.0,0.0006493506493506494,0.0,0.0,0,0
5000,mlp,CD4 Monocyte-4,CD4 + Tcm-2,0.0,0.0,0.0,35,0.0,0.0,0.0,0.0,0.0,0.0,0.0,0.0,0.0,0.0,0.0,0.0,0.0,0.0,0.0,0,0
5000,mlp,CD4 Monocyte-4,CD4 Monocyte-4,0.03844032736494259,-0.014362349167987133,0.10346624871208328,35,907.0,0.4577424744164278,864.6666666666666,0.4193021470514852,0.0,0.0,0.0,0.0,0.0,0.0,0.0,0.0,0.0021414424945743575,0.024928296509886243,0.08825124309036717,0,0
5000,mlp,CD4 Monocyte-4,CD56 NK,0.00021645021645021645,0.0,0.0012285012285012285,35,0.3333333333333333,0.00021645021645021645,0.0,0.0,0.0,0.0,0.0,0.0,0.3333333333333333,0.00021645021645021645,0.0,0.0,0.0,0.0006493506493506494,0.0,0,0
5000,mlp,CD4 Monocyte-4,CD8 + CTL-1,-5.6353902507748664e-05,-0.00031984647369262754,0.0,35,0.0,0.0,0.3333333333333333,5.6353902507748664e-05,0.0,0.0,0.0,0.0,0.0,0.0,0.3333333333333333,5.6353902507748664e-05,0.0,0.0,-0.000169061707523246,0,0
5000,mlp,CD4 Monocyte-4,CD8 + CTL-2,0.0,0.0,0.0,35,0.0,0.0,0.0,0.0,0.0,0.0,0.0,0.0,0.0,0.0,0.0,0.0,0.0,0.0,0.0,0,0
5000,mlp,CD4 Monocyte-4,CD8 + CTL-3,0.0003341917474296723,0.0,0.0009861932938856016,35,1.3333333333333333,0.0003341917474296723,0.0,0.0,0.3333333333333333,0.00011074197120708749,0.0,0.0,1.0,0.00022344977622258482,0.0,0.0,0.0003322259136212625,0.000338123415046492,0.0003322259136212625,1,0
5000,mlp,CD4 Monocyte-4,CD8 Tem-1,0.001587301587301587,0.0,0.005787037037037038,35,1.0,0.001587301587301587,0.0,0.0,0.0,0.0,0.0,0.0,1.0,0.001587301587301587,0.0,0.0,0.0,0.0035714285714285713,0.0011904761904761904,0,0
5000,mlp,CD4 Monocyte-4,CD8 Tem-2,-0.026879728615461892,-0.06925882737932346,-0.006032782754602282,35,31.333333333333332,0.04001788892106858,41.0,0.06689761753653047,7.666666666666667,0.004344805160860335,12.666666666666666,0.023636310967012655,4.333333333333333,0.0037801307048364336,9.0,0.01136835351414601,-0.011903320928501611,-0.019875930650047835,-0.04885993426783624,10,19
5000,mlp,CD4 Monocyte-4,Cycling T,0.0,0.0,0.0,35,0.0,0.0,0.0,0.0,0.0,0.0,0.0,0.0,0.0,0.0,0.0,0.0,0.0,0.0,0.0,0,0
5000,mlp,CD4 Monocyte-4,Erythrocyte,0.0,0.0,0.0,35,0.0,0.0,0.0,0.0,0.0,0.0,0.0,0.0,0.0,0.0,0.0,0.0,0.0,0.0,0.0,0,0
5000,mlp,CD4 Monocyte-4,GCB,0.0,0.0,0.0,35,0.0,0.0,0.0,0.0,0.0,0.0,0.0,0.0,0.0,0.0,0.0,0.0,0.0,0.0,0.0,0,0
5000,mlp,CD4 Monocyte-4,Memory B-1,0.0,0.0,0.0,35,0.0,0.0,0.0,0.0,0.0,0.0,0.0,0.0,0.0,0.0,0.0,0.0,0.0,0.0,0.0,0,0
5000,mlp,CD4 Monocyte-4,Memory B-2,-0.00028864193967383464,-0.0013550135501355011,0.0,35,0.3333333333333333,0.00011337868480725623,1.0,0.00040202062448109087,0.0,0.0,1.0,0.00040202062448109087,0.3333333333333333,0.00011337868480725623,0.0,0.0,0.0,-0.000169061707523246,-0.0006968641114982578,0,3
5000,mlp,CD4 Monocyte-4,Naive T,0.0007936507936507935,0.0,0.004629629629629629,35,0.3333333333333333,0.0007936507936507935,0.0,0.0,0.0,0.0,0.0,0.0,0.3333333333333333,0.0007936507936507935,0.0,0.0,0.0,0.0,0.0023809523809523807,0,0
5000,mlp,CD4 Monocyte-4,Plasma,0.0,0.0,0.0,35,0.0,0.0,0.0,0.0,0.0,0.0,0.0,0.0,0.0,0.0,0.0,0.0,0.0,0.0,0.0,0,0
5000,mlp,CD4 Monocyte-4,Tcm,0.0,0.0,0.0,35,0.0,0.0,0.0,0.0,0.0,0.0,0.0,0.0,0.0,0.0,0.0,0.0,0.0,0.0,0.0,0,0
5000,mlp,CD4 Monocyte-4,cDC2,-0.0016491986466306157,-0.04029976995463438,0.017500389029908418,35,24.666666666666668,0.03895043158804815,22.333333333333332,0.040599630234678774,3.6666666666666665,0.002503506464044307,2.3333333333333335,0.0007318303382666157,3.3333333333333335,0.008339752458728441,2.3333333333333335,0.01176062723113675,-0.01867396885615245,0.006606766424536221,0.0071196064917243805,7,5
5000,mlp,CD4 Monocyte-4,pDC,0.00975609756097561,0.0,0.047619047619047616,35,1.0,0.009988385598141697,0.3333333333333333,0.00023228803716608595,0.0,0.0,0.0,0.0,0.6666666666666666,0.00975609756097561,0.0,0.0,0.02857142857142857,0.0,0.0006968641114982578,0,0
5000,mlp,CD4 Monocyte-4,platelet,0.002374103767226773,-0.006095043724199197,0.010624288273840933,35,11.666666666666666,0.007409405230799022,6.666666666666667,0.00503530146357225,5.666666666666667,0.002020843826398618,2.6666666666666665,0.0030539476668563948,3.0,0.0037023669937530277,1.0,0.000295159386068477,0.002337714747869502,0.0036300077344516776,0.0011545888193591396,7,6
5000,mlp,CD56 NK,Atypical Memory B,0.0,0.0,0.0,40,0.0,0.0,0.0,0.0,0.0,0.0,0.0,0.0,0.0,0.0,0.0,0.0,0.0,0.0,0.0,0,0
5000,mlp,CD56 NK,CD14 Monocyte-1,-0.00015319673531987398,-0.004493689787931072,0.006433372404743763,40,11.333333333333334,0.003307884338057973,17.0,0.003461081073377848,2.6666666666666665,0.00014850930285105078,2.6666666666666665,0.0003687949785855841,6.0,0.0027301901248320483,11.666666666666666,0.002663101184417389,0.0014567400432166483,0.00219705044769016,-0.004113380696866432,7,6
5000,mlp,CD56 NK,CD14 Monocyte-2,0.003974916487198781,-0.004441366473584453,0.013448348549172302,40,75.33333333333333,0.013391623817667007,54.333333333333336,0.009416707330468227,9.0,0.0011605200068996707,3.6666666666666665,0.0006030455617162868,54.0,0.009997181998905803,38.333333333333336,0.006579739956890406,0.012766173944958176,0.0025873115344486977,-0.003428736017810534,12,9
5000,mlp,CD56 NK,CD14 Monocyte-3,-9.104121720566072e-05,-0.0006255967545840931,0.00029681037201419733,40,43.333333333333336,0.0003428893480856644,38.0,0.0004339305652913251,12.0,7.048506189557059e-05,10.333333333333334,5.9228777265295044e-05,15.666666666666666,0.00018071662503551972,12.0,0.000283014126871456,-0.00017921628726074124,-3.971991797704114e-05,-5.41874463791998e-05,7,5
5000,mlp,CD56 NK,CD16 Monocyte-1,-8.744362939553159e-05,-0.0004800264254280813,0.00018832391713747646,40,0.3333333333333333,4.7080979284369114e-05,1.0,0.0001345246086799007,0.0,0.0,0.0,0.0,0.3333333333333333,4.7080979284369114e-05,1.0,0.0001345246086799007,0.0,5.413492391582511e-05,-0.00031646581210241986,0,0
5000,mlp,CD56 NK,CD16 Monocyte-2,0.000657329264338373,-0.0006352946224181701,0.0025341865853300014,40,21.666666666666668,0.0013349720519040965,16.333333333333332,0.0006776427875657233,5.0,3.9930481206799816e-05,5.0,0.00018220818108813158,11.0,0.0010830146455049667,5.666666666666667,0.0002834076812852619,-0.0005693517350949772,0.0009590986284950004,0.0015822408996150957,7,5
5000,mlp,CD56 NK,CD16 NK,-0.011653482707110266,-0.03442977572102611,0.007499923255391271,40,3130.6666666666665,0.2941440152987657,2923.0,0.3057974980058759,946.6666666666666,0.025159721798079227,730.6666666666666,0.030977598816177263,372.6666666666667,0.042873316661254914,381.0,0.048708922350267136,-0.013570481578151517,-0.005195066785312267,-0.016194899757867007,35,36
5000,mlp,CD56 NK,CD4 + Tcm-1,-0.0032757023070210593,-0.013606103151300954,0.011328389432004418,40,614.6666666666666,0.09480862947008363,665.3333333333334,0.0980843317771047,75.0,0.0055453688328024045,90.0,0.00850420279958918,236.66666666666666,0.03270784977066166,272.3333333333333,0.03302471811089593,-0.009876554780058208,-0.0010990881702494584,0.001148536029244493,28,32
5000,mlp,CD56 NK,CD4 + Tcm-2,-0.0020751951977119936,-0.010544366854691614,0.004853181611686359,40,909.6666666666666,0.019692415324284843,931.6666666666666,0.02176761052199684,175.0,0.002130841200742147,159.66666666666666,0.0025536014124322203,184.0,0.00842832729438908,221.33333333333334,0.010080762280411,0.00337207979730846,-0.008804672790980012,-0.0007929925994644302,20,23
5000,mlp,CD56 NK,CD4 Monocyte-4,-9.545572558426578e-05,-0.0005793720416839386,2.108370229812355e-05,40,0.3333333333333333,5.270925574530888e-06,1.3333333333333333,0.00010072665115879667,0.3333333333333333,5.270925574530888e-06,0.0,0.0,0.0,0.0,1.3333333333333333,0.00010072665115879667,0.0,-0.00030217995347639,1.5812776723592664e-05,1,0
5000,mlp,CD56 NK,CD56 NK,0.00468745749419892,-0.016014907235395916,0.02636601196267084,40,29168.0,0.3088583800137789,29795.0,0.30417092251957994,0.0,0.0,0.0,0.0,0.0,0.0,0.0,0.0,0.0007972320307569634,-0.008247525037261035,0.02151266548910083,0,0
5000,mlp,CD56 NK,CD8 + CTL-1,0.003041977266140448,-0.0014222253290749427,0.008295846494864702,40,931.6666666666666,0.012638748893506623,875.3333333333334,0.009596771627366177,254.0,0.0032596683931904635,195.0,0.0018304202244709626,152.66666666666666,0.004888405897758446,155.33333333333334,0.0032756768003374993,0.006389545246204277,0.0035299984280064214,-0.0007936118757893561,14,14
5000,mlp,CD56 NK,CD8 + CTL-2,-2.19397616982923e-05,-0.0031886273104729307,0.00312567557777747,40,885.6666666666666,0.009016662158476211,697.6666666666666,0.009038601920174505,424.0,0.0034247514253630804,291.0,0.0031345502250455675,181.0,0.003313427962753535,126.0,0.00362556892476934,-3.913199449124584e-05,0.0017605082513829184,-0.001787195541986549,20,19
5000,mlp,CD56 NK,CD8 + CTL-3,5.7742807120543845e-05,-0.0006114846835282217,0.000755056129594302,40,184.0,0.0013534856724354552,216.33333333333334,0.0012957428653149114,61.333333333333336,0.00037131969296010943,53.666666666666664,0.0003197451056007335,65.33333333333333,0.0006400710744518843,105.33333333333333,0.0006339028546907163,0.0002154992979524429,-0.00021474944546507986,0.00017247856887426854,9,7
5000,mlp,CD56 NK,CD8 Tem-1,0.005176399582437933,-0.012978217553239963,0.02461381518970062,40,1105.3333333333333,0.19392745877408304,1068.6666666666667,0.18875105919164512,130.66666666666666,0.01830625375230205,111.33333333333333,0.015544739914055037,319.6666666666667,0.05614398835656518,302.3333333333333,0.053729102612374256,-0.0017717665958046126,0.00896688383256534,0.008334081510553076,35,35
5000,mlp,CD56 NK,CD8 Tem-2,-0.001038410896783297,-0.008920998972716688,0.005402085021372294,40,585.6666666666666,0.019294617629644645,520.6666666666666,0.02033302852642795,131.0,0.002580413199255808,79.66666666666667,0.0028602966721344657,108.33333333333333,0.009312049703300738,94.66666666666667,0.010070577127205377,0.003795182075305729,0.000852692833809339,-0.00776310759946496,23,23
5000,mlp,CD56 NK,Cycling T,-0.0006935219684377921,-0.003860580605101743,0.0022095249063527455,40,72.0,0.007225053671737186,70.66666666666667,0.007918575640174978,13.333333333333334,0.0005339231304273658,15.333333333333334,0.0011107536580362033,31.666666666666668,0.003215569463492551,28.333333333333332,0.0033322609043215045,-0.0016598695365777597,0.0014957546031679797,-0.001916450971903596,16,19
5000,mlp,CD56 NK,Erythrocyte,0.0,0.0,0.0,40,0.0,0.0,0.0,0.0,0.0,0.0,0.0,0.0,0.0,0.0,0.0,0.0,0.0,0.0,0.0,0,0
5000,mlp,CD56 NK,GCB,6.874918244376077e-05,-0.0002198072469938467,0.0006786002053000362,40,20.666666666666668,0.0002650721077597702,19.333333333333332,0.00019632292531600944,4.666666666666667,2.776274837490707e-05,5.333333333333333,2.8467129463781364e-05,9.666666666666666,0.0002023740322873956,7.666666666666667,0.0001329204687547605,2.0031771259763112e-05,-0.00013561809240892833,0.0003218338684804475,5,5
5000,mlp,CD56 NK,Memory B-1,-0.0016334808917237013,-0.004994297118136371,0.0013763043835652764,40,23.333333333333332,0.002748335600823336,26.0,0.004381816492547037,1.6666666666666667,0.0002555258811262852,0.6666666666666666,6.985780423280423e-05,19.0,0.002180549322272737,22.666666666666668,0.003999698290889919,-0.0023843815870074818,-0.0022297166174400124,-0.0002863444707236093,5,2
5000,mlp,CD56 NK,Memory B-2,-1.312903112552568e-07,-2.245522632370558e-05,1.8550859387515012e-05,40,1.0,5.416690421052684e-06,1.0,5.5479807323079414e-06,0.0,0.0,0.0,0.0,1.0,5.416690421052684e-06,1.0,5.5479807323079414e-06,1.1619584135912267e-05,-1.6643942196923823e-05,4.6304871272457865e-06,0,0
5000,mlp,CD56 NK,Naive T,-0.0015127079591585127,-0.005210291226995737,0.0019340576632398655,40,266.6666666666667,0.010157767216783981,343.0,0.011670475175942495,40.333333333333336,0.0008878151200514324,44.0,0.0014687184760154915,90.33333333333333,0.005999676373858564,163.0,0.006931480977053016,-0.0031263127009830845,-0.0007791169506469509,-0.0006326942258455039,17,20
5000,mlp,CD56 NK,Plasma,3.16540963752065e-05,-1.0047930834546072e-05,0.00017421602787456446,40,1.6666666666666667,3.631349438098416e-05,0.6666666666666666,4.659398005777653e-06,1.0,5.965153777218163e-06,0.3333333333333333,2.3296990028888267e-06,0.6666666666666666,3.034834060376599e-05,0.3333333333333333,2.3296990028888267e-06,-3.0520891346507324e-06,1.397819401733296e-05,8.403618424293728e-05,2,1
5000,mlp,CD56 NK,Tcm,0.0038455479145485163,0.0010377504549662754,0.0067861587194479765,40,375.6666666666667,0.006292507820941121,153.66666666666666,0.002446959906392605,178.0,0.001635711866552289,40.666666666666664,0.0006088379717349698,139.0,0.0037546775919342986,54.333333333333336,0.0009360035722031026,0.002907533131083729,0.0032065057153401336,0.005422604897221686,14,6
5000,mlp,CD56 NK,cDC2,3.570424968854573e-05,-0.00015571323194310478,0.0002433015698310766,40,3.0,0.00014220061535810119,1.3333333333333333,0.00010649636566955549,0.0,0.0,0.0,0.0,2.6666666666666665,9.879783758032343e-05,1.0,6.309358789177771e-05,0.0,4.817064857493326e-05,5.894210049070391e-05,0,0
5000,mlp,CD56 NK,pDC,0.0006385858551968274,-0.000599769709942934,0.0022112256403825806,40,8.0,0.0008475519983881506,4.666666666666667,0.00020896614319132305,1.3333333333333333,2.0641450493790957e-05,1.0,3.0459511478252466e-05,5.0,0.0008203488681043335,2.0,0.00017194495192304434,0.0014028782149176767,0.0010976642431522585,-0.0005847848924794526,4,2
5000,mlp,CD56 NK,platelet,0.0001156460877736439,0.0,0.0005817017406868274,40,2.3333333333333335,0.0001156460877736439,0.0,0.0,0.0,0.0,0.0,0.0,2.3333333333333335,0.0001156460877736439,0.0,0.0,4.560374746451829e-05,0.0002943454188477469,6.98909700866648e-06,0,0
5000,mlp,CD8 + CTL-1,Atypical Memory B,9.373828271466067e-06,0.0,3.772965879264964e-05,40,0.3333333333333333,9.373828271466067e-06,0.0,0.0,0.0,0.0,0.0,0.0,0.3333333333333333,9.373828271466067e-06,0.0,0.0,0.0,2.8121484814398202e-05,0.0,0,0
5000,mlp,CD8 + CTL-1,CD14 Monocyte-1,-0.0004963964752567693,-0.0033333333333333327,0.0022222222222222222,40,2.6666666666666665,0.0011738026368075514,3.0,0.001670199112064321,0.0,0.0,0.0,0.0,1.0,0.0005934454939504086,1.3333333333333333,0.001089841969207178,-0.0016666666666666666,0.0016666666666666666,-0.001489189425770308,0,0
5000,mlp,CD8 + CTL-1,CD14 Monocyte-2,0.003806893610943067,-0.009364367933476071,0.014427447270436176,40,6.0,0.011006251878145893,3.3333333333333335,0.007199358267202828,0.3333333333333333,0.0016666666666666668,0.0,0.0,5.0,0.008764872567801067,2.6666666666666665,0.006624645623524667,0.00018586601307189616,0.0041350007562008465,0.007099814063556457,1,0
5000,mlp,CD8 + CTL-1,CD14 Monocyte-3,7.715667224140923e-06,-0.00016562649479772372,0.00014525703756992735,40,4.666666666666667,0.00011745159761634957,4.0,0.00010973593039220865,1.0,2.175805047867711e-05,0.6666666666666666,1.9453757187377483e-05,2.0,5.448173947161786e-05,1.6666666666666667,4.9070365538776564e-05,-1.4845170604778237e-05,0.00012308597745998602,-8.509380518278501e-05,1,2
5000,mlp,CD8 + CTL-1,CD16 Monocyte-1,0.0,0.0,0.0,40,0.0,0.0,0.0,0.0,0.0,0.0,0.0,0.0,0.0,0.0,0.0,0.0,0.0,0.0,0.0,0,0
5000,mlp,CD8 + CTL-1,CD16 Monocyte-2,-0.0006944347085925209,-0.002590371639189685,8.703220191470844e-05,40,3.3333333333333335,9.817208450969488e-05,2.6666666666666665,0.0007926067931022158,1.3333333333333333,3.0465817807134093e-05,0.3333333333333333,3.0637254901960784e-05,0.6666666666666666,3.788993839485315e-05,1.0,0.0007321532098925474,-0.0012908745632030467,-0.0008359456635318703,4.351610095735422e-05,2,1
5000,mlp,CD8 + CTL-1,CD16 NK,-0.030260046261064672,-0.09351379241664305,0.015176799305566042,40,261.3333333333333,0.17241196057304708,258.0,0.20267200683411177,45.333333333333336,0.005751249425657114,47.0,0.013628480894088016,84.0,0.0438687052540384,79.0,0.06625152004667217,0.010906100114302448,-0.037247514218670105,-0.06443872467882636,14,18
5000,mlp,CD8 + CTL-1,CD4 + Tcm-1,0.0009472581352397008,-0.042391657717260486,0.055514046640587546,40,254.0,0.2184614531788094,284.6666666666667,0.21751419504356972,27.333333333333332,0.008747764938843642,34.0,0.015047368091058467,87.33333333333333,0.0726207575283415,111.33333333333333,0.06537389624088695,0.0011631378100387779,-0.030361073370519458,0.0320397099661998,15,19
5000,mlp,CD8 + CTL-1,CD4 + Tcm-2,0.0007669771791022217,-0.02629224309802004,0.029050802624114913,40,888.3333333333334,0.07052341044679225,914.6666666666666,0.06975643326769003,152.33333333333334,0.0057873502745550585,199.0,0.00754386421581747,140.66666666666666,0.027455939612045465,120.33333333333333,0.024932448491680834,0.0233661061424418,-0.015703873167179964,-0.005361301437955173,10,11
5000,mlp,CD8 + CTL-1,CD4 Monocyte-4,-2.4402147388970225e-05,-0.00014985519352662282,3.483106931382794e-05,40,0.3333333333333333,8.707767328456984e-06,1.0,3.3109914717427214e-05,0.0,0.0,0.0,0.0,0.3333333333333333,8.707767328456984e-06,1.0,3.3109914717427214e-05,2.6123301985370955e-05,-9.932974415228164e-05,0.0,0,0
5000,mlp,CD8 + CTL-1,CD56 NK,0.0034826688399829555,-0.02076435107736065,0.0370312347787826,40,956.3333333333334,0.07456112116240397,1067.0,0.071078452322421,145.33333333333334,0.006858792143135564,222.33333333333334,0.00929659887968629,127.66666666666667,0.029929367561824714,161.33333333333334,0.02400889198529103,-0.010268630631162425,0.02761110329426649,-0.0068944661431552005,10,12
5000,mlp,CD8 + CTL-1,CD8 + CTL-1,0.025360851870303947,-0.007814286612861689,0.05979395634747895,40,4338.666666666667,0.18248452256699907,4237.666666666667,0.1571236706966951,0.0,0.0,0.0,0.0,0.0,0.0,0.0,0.0,0.03487882147856579,0.029155742651394978,0.012047991480951087,0,0
5000,mlp,CD8 + CTL-1,CD8 + CTL-2,7.279818343135344e-05,-0.0033141722880680904,0.002513345298517616,40,29.666666666666668,0.0013597465675637733,20.333333333333332,0.0012869483841324199,3.3333333333333335,8.705998594446621e-05,6.0,0.0002372152009576334,22.0,0.0011448579414066486,10.0,0.0009219045429621279,0.00021069031629772898,0.0017878806396711521,-0.0017801764056748208,6,6
5000,mlp,CD8 + CTL-1,CD8 + CTL-3,0.00044968021492118116,-0.002186043285614986,0.004809294060076078,40,77.66666666666667,0.0034014320909103086,93.33333333333333,0.002951751875989128,22.0,0.0005811856830752176,21.333333333333332,0.0006334435550194236,27.666666666666668,0.0020452444443973326,44.0,0.0015433063575319452,-0.0006028565217841686,0.0019009614454826354,5.093572106507679e-05,7,7
5000,mlp,CD8 + CTL-1,CD8 Tem-1,0.004275104443145464,-0.06646694758068944,0.08177021074259753,40,97.33333333333333,0.2181323047462361,95.0,0.2138572003030906,3.0,0.0017316871262634001,2.6666666666666665,0.0120923205534283,35.0,0.07659464140698542,33.0,0.061958903536675075,-0.052554784728116276,0.011219039244132844,0.054161058813419816,6,7
5000,mlp,CD8 + CTL-1,CD8 Tem-2,0.0017260979489652501,-0.00673324508905821,0.011830157689818523,40,201.66666666666666,0.01571991300258793,188.0,0.013993815053622682,26.333333333333332,0.0009295662030568639,21.666666666666668,0.0008323944173786582,27.666666666666668,0.005320988834466789,18.666666666666668,0.0036920626711797453,0.008044764426599843,0.0009187877199517162,-0.003785258299655809,7,8
5000,mlp,CD8 + CTL-1,Cycling T,-0.010715549585100058,-0.03715384697757831,0.0031280096338812133,40,7.0,0.00322819301916848,5.0,0.013943742604268538,0.6666666666666666,2.4402147388970228e-05,0.3333333333333333,6.2003968253968245e-06,5.0,0.002947707522952749,3.3333333333333335,0.013681458858616382,-0.0175437147310393,-0.010475884629941746,-0.004127049394319132,1,1
5000,mlp,CD8 + CTL-1,Erythrocyte,0.0,0.0,0.0,40,0.0,0.0,0.0,0.0,0.0,0.0,0.0,0.0,0.0,0.0,0.0,0.0,0.0,0.0,0.0,0,0
5000,mlp,CD8 + CTL-1,GCB,-0.00043854166352229806,-0.0026315889333662365,9.269221547859799e-05,40,3.3333333333333335,9.20483234976235e-05,4.0,0.0005305899870199216,0.3333333333333333,9.373828271466067e-06,0.3333333333333333,6.2003968253968245e-06,2.0,5.181740334970978e-05,2.6666666666666665,0.0004935324983180771,4.9055174671988696e-05,-1.4081527618536487e-05,-0.0013505986376203464,1,1
5000,mlp,CD8 + CTL-1,Memory B-1,0.0034448782982586944,0.0,0.010925925925925927,40,1.6666666666666667,0.0034448782982586944,0.0,0.0,0.3333333333333333,0.0016666666666666668,0.0,0.0,1.3333333333333333,0.0017782116315920278,0.0,0.0,0.0027777777777777775,0.0008901904503316396,0.006666666666666666,1,0
5000,mlp,CD8 + CTL-1,Memory B-2,3.493306366028131e-06,-3.483106931382794e-05,4.8804294777940456e-05,40,0.3333333333333333,1.2201073694485114e-05,0.3333333333333333,8.707767328456984e-06,0.0,0.0,0.0,0.0,0.3333333333333333,1.2201073694485114e-05,0.3333333333333333,8.707767328456984e-06,1.0479919098084392e-05,0.0,0.0,0,0
5000,mlp,CD8 + CTL-1,Naive T,-0.0014888474843972241,-0.03234908256759295,0.022498962234384513,40,56.333333333333336,0.01843932499166547,69.66666666666667,0.019928172476062694,3.0,6.74031515453282e-05,5.0,0.00010284523353730814,25.333333333333332,0.014253792257238053,36.666666666666664,0.0157071976596433,0.00355671803906816,0.015452292341643425,-0.02347555283390326,5,4
5000,mlp,CD8 + CTL-1,Plasma,0.0,0.0,0.0,40,0.0,0.0,0.0,0.0,0.0,0.0,0.0,0.0,0.0,0.0,0.0,0.0,0.0,0.0,0.0,0,0
5000,mlp,CD8 + CTL-1,Tcm,-0.0002775906028351409,-0.006250177451072623,0.004410025558657648,40,109.33333333333333,0.005249954713205106,50.333333333333336,0.005527545316040247,40.666666666666664,0.001349631808227993,13.0,0.0011948529411764707,50.666666666666664,0.002191722772838687,19.333333333333332,0.0026240922427253504,-0.0013407185168733886,-0.00015117035040281191,0.0006591170587707775,6,1
5000,mlp,CD8 + CTL-1,cDC2,0.0,0.0,0.0,40,1.0,2.175805047867711e-05,1.0,2.175805047867711e-05,0.0,0.0,0.0,0.0,0.0,0.0,0.0,0.0,0.0,0.0,0.0,0,0
5000,mlp,CD8 + CTL-1,pDC,1.4908164153853808e-05,0.0,6.33256829377519e-05,40,0.6666666666666666,1.4908164153853808e-05,0.0,0.0,0.0,0.0,0.0,0.0,0.6666666666666666,1.4908164153853808e-05,0.0,0.0,4.4724492461561426e-05,0.0,0.0,0,0
5000,mlp,CD8 + CTL-1,platelet,2.7109237848338925e-05,0.0,9.062197682382465e-05,40,1.0,2.7109237848338925e-05,0.0,0.0,0.0,0.0,0.0,0.0,1.0,2.7109237848338925e-05,0.0,0.0,6.27265230688263e-05,0.0,1.8601190476190474e-05,0,0
5000,mlp,CD8 + CTL-2,Atypical Memory B,0.0,0.0,0.0,33,0.0,0.0,0.0,0.0,0.0,0.0,0.0,0.0,0.0,0.0,0.0,0.0,0.0,0.0,0.0,0,0
5000,mlp,CD8 + CTL-2,CD14 Monocyte-1,-0.00101010101010101,-0.005714285714285714,0.0,33,0.0,0.0,0.3333333333333333,0.00101010101010101,0.0,0.0,0.0,0.0,0.0,0.0,0.3333333333333333,0.00101010101010101,-0.0030303030303030303,0.0,0.0,0,0
5000,mlp,CD8 + CTL-2,CD14 Monocyte-2,0.0008308895405669597,-0.02397846262160778,0.03108530405405403,33,5.333333333333333,0.020359509069186488,4.666666666666667,0.01952861952861953,0.0,0.0,0.0,0.0,4.666666666666667,0.018676007385684805,4.0,0.017845117845117844,0.023737373737373738,-0.016699250570218312,-0.004545454545454546,0,0
5000,mlp,CD8 + CTL-2,CD14 Monocyte-3,-8.578273271626432e-05,-0.0006164338658763418,0.000224165746916796,33,3.6666666666666665,0.00023134197706009907,5.0,0.0003171247097763634,0.6666666666666666,3.518674962996903e-05,2.0,6.68203534796699e-05,1.0,6.476838160006477e-05,1.0,0.00011891751046662824,-0.0003727769835612265,0.0,0.00011542878541243352,2,1
5000,mlp,CD8 + CTL-2,CD16 Monocyte-1,0.0,0.0,0.0,33,0.0,0.0,0.0,0.0,0.0,0.0,0.0,0.0,0.0,0.0,0.0,0.0,0.0,0.0,0.0,0,0
5000,mlp,CD8 + CTL-2,CD16 Monocyte-2,5.605117659873301e-06,-6.286625842258191e-05,8.910296852266348e-05,33,1.3333333333333333,5.5610118159923304e-05,1.0,5.000500050005001e-05,0.6666666666666666,2.227345115988997e-05,0.0,0.0,0.0,0.0,0.3333333333333333,1.666833350001667e-05,0.0,0.0,1.6815352979619903e-05,1,0
5000,mlp,CD8 + CTL-2,CD16 NK,-0.0007715157448960937,-0.06404772211754474,0.08035294236022818,33,37.333333333333336,0.09237888535076792,33.666666666666664,0.09315040109566401,6.333333333333333,0.00023552540431829336,2.3333333333333335,8.568198827619315e-05,17.0,0.04113554570942166,17.333333333333332,0.042056904870359846,-0.03155855481372788,0.03689690530009126,-0.007652897721051669,3,3
5000,mlp,CD8 + CTL-2,CD4 + Tcm-1,0.011360585423034796,-0.023513293093984748,0.046106593444397395,33,28.666666666666668,0.10772218612550015,28.333333333333332,0.09636160070246534,0.3333333333333333,1.1136725579944985e-05,1.0,0.00019994065270162909,16.666666666666668,0.05071718481289964,15.666666666666666,0.03916779546274318,0.012068704476657324,0.024483404587560407,-0.002470352795113356,1,2
5000,mlp,CD8 + CTL-2,CD4 + Tcm-2,-0.03779923247010999,-0.1113207344322423,0.01139868877803529,33,384.0,0.07395727723599003,415.3333333333333,0.11175650970610002,45.0,0.002330931495708948,48.333333333333336,0.002379135428903478,65.66666666666667,0.020987442925508984,93.66666666666667,0.05873847146242444,-0.008524660317113594,-0.08121013924563852,-0.023662897847577847,6,7
5000,mlp,CD8 + CTL-2,CD4 Monocyte-4,-2.405002405002405e-05,-0.0001361544617847139,0.0,33,0.0,0.0,0.3333333333333333,2.405002405002405e-05,0.0,0.0,0.0,0.0,0.0,0.0,0.3333333333333333,2.405002405002405e-05,0.0,-7.215007215007215e-05,0.0,0,0
5000,mlp,CD8 + CTL-2,CD56 NK,0.02102639778613471,-0.04221057621019884,0.09186450206867405,33,1748.0,0.2175045108289909,1709.3333333333333,0.19647811304285615,313.3333333333333,0.016009963140382333,278.6666666666667,0.011916064188422974,101.0,0.0807779734926622,97.0,0.06384547465848685,0.0027875126711867128,0.008999400759648587,0.05129227992756884,8,7
5000,mlp,CD8 + CTL-2,CD8 + CTL-1,1.4473727229982668e-05,-0.002266408566569945,0.0017269528635761515,33,31.0,0.0025615570228404946,29.0,0.0025470832956105117,2.3333333333333335,0.0001322443818017879,2.6666666666666665,0.0001768432341122494,14.666666666666666,0.0013700352559083116,12.333333333333334,0.0013109626763678677,-0.0012275589894051484,0.0008189067172217395,0.00045207345387335653,3,3
5000,mlp,CD8 + CTL-2,CD8 + CTL-2,-0.004604753235882066,-0.025556736768440537,0.01639310651741283,33,1335.0,0.061285641025238924,1365.6666666666667,0.06589039426112098,0.0,0.0,0.0,0.0,0.0,0.0,0.0,0.0,0.007155800558994507,-0.011774341031593805,-0.0091957192350469,0,0
5000,mlp,CD8 + CTL-2,CD8 + CTL-3,0.0008454152210350478,6.332311658322618e-05,0.0021314424437586686,33,13.333333333333334,0.0013312174330301796,3.3333333333333335,0.00048580221199513203,1.3333333333333333,0.0001333437482207487,0.0,0.0,10.0,0.0009415937574860237,1.3333333333333333,0.00022952228467172488,0.0011145564968378524,0.0004982955649447947,0.0009233936013224959,3,0
5000,mlp,CD8 + CTL-2,CD8 Tem-1,0.030960449289031713,-0.05087798038008022,0.13121354817877762,33,79.0,0.3536830297627736,78.0,0.32272258047374186,2.3333333333333335,0.004327338091648017,1.0,0.0037135969555166424,25.333333333333332,0.12049927741596328,25.666666666666668,0.09015256926306296,-0.01107429821114153,0.07007184358900775,0.03388380248922887,7,3
5000,mlp,CD8 + CTL-2,CD8 Tem-2,0.0035474351677443603,-0.01047829294985392,0.020263665011224386,33,64.0,0.020776167412154236,57.666666666666664,0.017228732244409878,12.333333333333334,0.000616212775162378,11.666666666666666,0.0008760621259347257,16.666666666666668,0.013284502407467527,11.0,0.009477217888950817,0.004973924389159186,0.009972679972258678,-0.004304298858184782,6,6
5000,mlp,CD8 + CTL-2,Cycling T,-0.0015055590575638815,-0.010810810810810811,0.0022257217045550818,33,2.0,0.0007978488533206653,1.3333333333333333,0.0023034079108845465,0.3333333333333333,9.440196356084206e-05,0.0,0.0,1.3333333333333333,0.0006090449261989811,1.0,0.0022090059473237043,0.0002832058906825262,-0.006343811951288587,0.001543928887914417,1,0
5000,mlp,CD8 + CTL-2,Erythrocyte,0.0,0.0,0.0,33,0.0,0.0,0.0,0.0,0.0,0.0,0.0,0.0,0.0,0.0,0.0,0.0,0.0,0.0,0.0,0,0
5000,mlp,CD8 + CTL-2,GCB,-0.0009420645745143959,-0.005555555555555556,0.00041399928198132085,33,3.6666666666666665,0.00024277593742728855,4.333333333333333,0.0011848405119416845,0.6666666666666666,2.6757642651682387e-05,1.3333333333333333,5.312317062591013e-05,1.0,0.00011418846718671886,1.0,0.001029887513726887,4.9490974355103947e-05,0.00024365759872118457,-0.003119342296619476,1,2
5000,mlp,CD8 + CTL-2,Memory B-1,-0.013983925274247857,-0.05502657058940662,0.004133904569892469,33,1.3333333333333333,0.0026827413924188116,1.6666666666666667,0.016666666666666666,0.0,0.0,0.0,0.0,1.3333333333333333,0.0026827413924188116,1.6666666666666667,0.016666666666666666,-0.003787878787878788,-0.02629521016617791,-0.01186868686868687,0,0
5000,mlp,CD8 + CTL-2,Memory B-2,0.0,-0.00011337868480725624,0.00010582010582010584,33,0.6666666666666666,4.81000481000481e-05,0.6666666666666666,4.81000481000481e-05,0.0,0.0,0.0,0.0,0.3333333333333333,2.405002405002405e-05,0.3333333333333333,2.405002405002405e-05,0.0,7.215007215007215e-05,-7.215007215007215e-05,0,0
5000,mlp,CD8 + CTL-2,Naive T,-0.006445720909555215,-0.038918008212343216,0.015722351161936956,33,301.6666666666667,0.04388524927375084,307.3333333333333,0.05033097018330605,68.66666666666667,0.003093732141467727,77.66666666666667,0.0031655049252970594,56.0,0.021605162587709923,52.666666666666664,0.027979110713435812,0.007211156793084059,-0.006336619266976254,-0.020211700254773455,6,6
5000,mlp,CD8 + CTL-2,Plasma,0.0,0.0,0.0,33,0.0,0.0,0.0,0.0,0.0,0.0,0.0,0.0,0.0,0.0,0.0,0.0,0.0,0.0,0.0,0,0
5000,mlp,CD8 + CTL-2,Tcm,-0.0005767953970498052,-0.0031073521989205253,0.0008674162385262228,33,8.666666666666666,0.0004796827997894865,1.3333333333333333,0.0010564781968392916,3.0,0.00016847854786003618,0.0,0.0,5.666666666666667,0.00031120425192945027,1.3333333333333333,0.0010564781968392916,0.0002443101453002443,-0.0008004693323085153,-0.0011742270041411446,3,0
5000,mlp,CD8 + CTL-2,cDC2,-0.0008417508417508417,-0.004276315789473684,0.0,33,0.0,0.0,0.3333333333333333,0.0008417508417508417,0.0,0.0,0.0,0.0,0.0,0.0,0.3333333333333333,0.0008417508417508417,0.0,-0.002525252525252525,0.0,0,0
5000,mlp,CD8 + CTL-2,pDC,0.0,-7.097483941942582e-05,7.097483941942582e-05,33,0.3333333333333333,1.666833350001667e-05,0.3333333333333333,1.666833350001667e-05,0.0,0.0,0.0,0.0,0.3333333333333333,1.666833350001667e-05,0.3333333333333333,1.666833350001667e-05,-5.000500050005001e-05,0.0,5.000500050005001e-05,0,0
5000,mlp,CD8 + CTL-2,platelet,0.0,0.0,0.0,33,0.0,0.0,0.0,0.0,0.0,0.0,0.0,0.0,0.0,0.0,0.0,0.0,0.0,0.0,0.0,0,0
5000,mlp,CD8 + CTL-3,Atypical Memory B,5.828781935550185e-05,-7.350560583815217e-05,0.00025386493428778285,27,1.0,8.379542062067886e-05,0.3333333333333333,2.5507601265177022e-05,1.0,8.379542062067886e-05,0.0,0.0,0.0,0.0,0.3333333333333333,2.5507601265177022e-05,9.376465072667604e-05,8.109880733982953e-05,0.0,2,0
5000,mlp,CD8 + CTL-3,CD14 Monocyte-1,-0.007501956984890294,-0.027781783700262307,0.0003931923411452911,27,2.0,0.00019283606343810768,1.6666666666666667,0.007694793048328401,0.3333333333333333,3.125488357555868e-05,0.0,0.0,1.6666666666666667,0.00016158117986254903,1.6666666666666667,0.007694793048328401,0.0002969109874140096,-0.01759194339791301,-0.005210838544171877,1,0
5000,mlp,CD8 + CTL-3,CD14 Monocyte-2,0.0,0.0,0.0,27,0.0,0.0,0.0,0.0,0.0,0.0,0.0,0.0,0.0,0.0,0.0,0.0,0.0,0.0,0.0,0,0
5000,mlp,CD8 + CTL-3,CD14 Monocyte-3,0.0003854128431919306,3.427247843062863e-05,0.0008192145396890409,27,5.666666666666667,0.00045470639907552483,1.0,6.929355588359419e-05,3.3333333333333335,0.00027491738696614463,0.3333333333333333,2.1285653469561513e-05,2.0,0.00015850335863981869,0.3333333333333333,2.6722248944471167e-05,0.00041285664984294917,0.00041014476731148267,0.00033323711242136004,3,1
5000,mlp,CD8 + CTL-3,CD16 Monocyte-1,3.125488357555868e-05,0.0,0.00014064697609001407,27,0.3333333333333333,3.125488357555868e-05,0.0,0.0,0.3333333333333333,3.125488357555868e-05,0.0,0.0,0.0,0.0,0.0,0.0,9.376465072667604e-05,0.0,0.0,1,0
5000,mlp,CD8 + CTL-3,CD16 Monocyte-2,0.0,-0.00016852039096730705,0.0001490757304710793,27,0.3333333333333333,3.588860178007465e-05,0.3333333333333333,3.588860178007465e-05,0.0,0.0,0.0,0.0,0.3333333333333333,3.588860178007465e-05,0.3333333333333333,3.588860178007465e-05,0.0,0.00010766580534022394,-0.00010766580534022394,0,0
5000,mlp,CD8 + CTL-3,CD16 NK,-0.051856744401914324,-0.17508298418227222,0.05691224727964251,27,698.3333333333334,0.2891586540685343,503.3333333333333,0.34101539847044865,142.33333333333334,0.011122811621035953,38.666666666666664,0.006401964424517248,142.0,0.07691637140599696,50.666666666666664,0.13349396300442998,-0.044564603191099776,-0.07013562593555529,-0.04087000407908792,6,8
5000,mlp,CD8 + CTL-3,CD4 + Tcm-1,-0.0040927795804529725,-0.12039546915054404,0.10658731155387335,27,920.6666666666666,0.4010378648240966,552.0,0.4051306444045495,359.0,0.028676151227686617,47.666666666666664,0.0035954162411283735,175.33333333333334,0.0875345482601073,118.0,0.1167080628271185,-0.04633119343235086,0.030640627404507233,0.003412227286484723,6,7
5000,mlp,CD8 + CTL-3,CD4 + Tcm-2,0.004518601648815935,-0.022423770378336084,0.031113386362965286,27,61.333333333333336,0.01405067600472897,41.666666666666664,0.009532074355913038,16.666666666666668,0.0013559197467991225,3.6666666666666665,0.0002845588783152066,28.666666666666668,0.011400889696590283,22.0,0.007953648916258264,0.021419324981821246,-0.0004254790094344885,-0.007438041025938959,6,5
5000,mlp,CD8 + CTL-3,CD4 Monocyte-4,2.5507601265177022e-05,0.0,0.00013123484531109137,27,0.3333333333333333,2.5507601265177022e-05,0.0,0.0,0.0,0.0,0.0,0.0,0.3333333333333333,2.5507601265177022e-05,0.0,0.0,0.0,0.0,7.652280379553107e-05,0,0
5000,mlp,CD8 + CTL-3,CD56 NK,0.035825730413071154,-0.007568683813939945,0.11906590886959911,27,99.66666666666667,0.047650628537667335,148.66666666666666,0.011824898124596186,20.0,0.0016401392354367568,12.333333333333334,0.0009436200852474064,32.666666666666664,0.04225040862755563,89.33333333333333,0.007121197364673828,0.0433121312561823,0.030914454678478035,0.033250605304553114,6,7
5000,mlp,CD8 + CTL-3,CD8 + CTL-1,0.024947772190523954,-0.0032688188977484196,0.06980716618892265,27,135.66666666666666,0.03728711588857391,135.33333333333334,0.012339343698049959,27.0,0.0021759817205857053,11.666666666666666,0.0008705124708887803,25.333333333333332,0.02874805957307329,40.333333333333336,0.005105756632246259,0.025380559396106957,0.030930304370800417,0.018532452804664486,6,6
5000,mlp,CD8 + CTL-3,CD8 + CTL-2,0.00014975750382965428,-0.0003693357197577662,0.0007037921866110913,27,5.333333333333333,0.00039809309666215855,3.0,0.0002483355928325043,1.0,7.317291074402418e-05,1.0,9.376465072667604e-05,3.6666666666666665,0.00027390498338778033,1.3333333333333333,0.00010355573957547423,0.00033243121482400147,0.00028664818179343623,-0.00016980688512847485,3,1
5000,mlp,CD8 + CTL-3,CD8 + CTL-3,-0.043972867484812335,-0.08957123907001148,-0.004628141084139836,27,729.6666666666666,0.06225176424786061,1324.6666666666667,0.10622463173267294,0.0,0.0,0.0,0.0,0.0,0.0,0.0,0.0,-0.03406463513758875,-0.051718120394214466,-0.046135846922633804,0,0
5000,mlp,CD8 + CTL-3,CD8 Tem-1,0.016264924354314043,-0.04416761549944337,0.08162404126408322,27,6.666666666666667,0.04595864426271944,10.333333333333334,0.029693719908405396,0.3333333333333333,3.125488357555868e-05,0.0,0.0,4.333333333333333,0.039623640818019806,8.333333333333334,0.023389971347281324,0.05188661941942636,-0.0016612299873919251,-0.0014306163690923019,1,0
5000,mlp,CD8 + CTL-3,CD8 Tem-2,0.009327345399286854,0.002349115450806378,0.019764396935420637,27,120.33333333333333,0.013935103503879267,58.0,0.004607758104592412,45.666666666666664,0.0036105368733301535,4.333333333333333,0.0003595252484123769,29.333333333333332,0.006759314014209036,8.333333333333334,0.0006829802398399592,0.005839540206621378,0.010916903161733977,0.011225592829505205,6,6
5000,mlp,CD8 + CTL-3,Cycling T,0.0011236109091235975,-0.04605948270231594,0.05210691634606794,27,27.666666666666668,0.03103774779439657,13.666666666666666,0.02991413688527297,9.333333333333334,0.0007598003738335519,0.0,0.0,11.0,0.01734971912765249,6.333333333333333,0.01698590859236244,-0.023017614394903036,0.038331156574751626,-0.011942709452477798,5,0
5000,mlp,CD8 + CTL-3,Erythrocyte,0.0,0.0,0.0,27,0.0,0.0,0.0,0.0,0.0,0.0,0.0,0.0,0.0,0.0,0.0,0.0,0.0,0.0,0.0,0,0
5000,mlp,CD8 + CTL-3,GCB,0.0002155765303160264,0.0,0.0005144305851706451,27,4.666666666666667,0.00036876046383201613,2.0,0.00015318393351598973,1.0,8.314214085002134e-05,0.0,0.0,2.6666666666666665,0.00020647935495413786,1.0,7.40449654881328e-05,0.0003283896350512999,9.376465072667604e-05,0.00022457530517010324,3,0
5000,mlp,CD8 + CTL-3,Memory B-1,3.0912290640373156e-05,-0.0001457150644857949,0.00017094017094017097,27,1.3333333333333333,0.00011073644453860113,1.0,7.982415389822798e-05,0.3333333333333333,3.125488357555868e-05,0.0,0.0,1.0,7.948156096304245e-05,1.0,7.982415389822798e-05,1.3597903893262544e-05,-1.0277788055565752e-06,8.01667468334135e-05,1,0
5000,mlp,CD8 + CTL-3,Memory B-2,0.00015527728355004626,-8.580636659454396e-05,0.000466126249489884,27,4.0,0.0003124962959879139,2.0,0.00015721901243786766,1.6666666666666667,0.00013074886515332816,0.0,0.0,1.6666666666666667,0.00012830293294564343,1.3333333333333333,0.00010377451454892533,0.00032442430764036655,0.00015668955062894454,-1.528200761917238e-05,4,0
5000,mlp,CD8 + CTL-3,Naive T,0.010842443918378316,-0.009516518166076529,0.06902723969414828,27,164.33333333333334,0.026681976773987204,206.33333333333334,0.015839532855608893,26.333333333333332,0.0020207574579259647,13.666666666666666,0.0010337226698943507,23.333333333333332,0.015821018766190978,78.0,0.005965609635844279,-0.007040451355835335,-0.0002508981164324184,0.039818681227402695,6,6
5000,mlp,CD8 + CTL-3,Plasma,-6.668320102042517e-05,-0.00036918365983121395,9.892954680641459e-05,27,0.3333333333333333,2.6379656009285643e-05,1.0,9.306285702971081e-05,0.0,0.0,0.0,0.0,0.3333333333333333,2.6379656009285643e-05,1.0,9.306285702971081e-05,1.528200761917238e-05,-0.0002153316106804479,0.0,0,0
5000,mlp,CD8 + CTL-3,Tcm,0.003262103319049198,-0.03200740905093884,0.03161295759069173,27,248.33333333333334,0.02836366834673988,235.0,0.025101565027690686,79.0,0.006128119940924998,8.333333333333334,0.0008586497996097871,78.0,0.012475659119371632,135.33333333333334,0.014483025941637646,0.004947232525101646,-0.0007621359176440515,0.005601213349689996,6,4
5000,mlp,CD8 + CTL-3,cDC2,8.924260839376313e-05,-0.00010766580534022394,0.0004102790433899033,27,1.6666666666666667,0.0001515108661831234,0.6666666666666666,6.22682577893603e-05,0.6666666666666666,5.84480091534126e-05,0.0,0.0,1.0,9.306285702971081e-05,0.6666666666666666,6.22682577893603e-05,0.00010766580534022394,-0.00010766580534022394,0.0002677278251812894,2,0
5000,mlp,CD8 + CTL-3,pDC,0.00018335476188695643,-0.00019751361746552453,0.0006309844762853313,27,3.6666666666666665,0.00034027457932535174,2.0,0.00015691981743839534,1.3333333333333333,0.00011642514167344244,0.0,0.0,1.6666666666666667,0.00015207223409176003,1.3333333333333333,8.514261387824605e-05,0.00021400191343921274,0.0,0.0003360623722216565,3,0
5000,mlp,CD8 + CTL-3,platelet,5.3915374522325094e-05,0.0,0.00023292338561375691,27,0.6666666666666666,5.3915374522325094e-05,0.0,0.0,0.0,0.0,0.0,0.0,0.6666666666666666,5.3915374522325094e-05,0.0,0.0,0.0,0.0,0.00016174612356697528,0,0
5000,mlp,CD8 Tem-1,Atypical Memory B,2.9597955558798793e-05,-0.00048799794327776584,0.0007254479321029235,40,0.6666666666666666,0.00013379796936843918,0.6666666666666666,0.00010420001380964039,0.3333333333333333,5.5928411633109614e-06,0.0,0.0,0.3333333333333333,0.0001282051282051282,0.6666666666666666,0.00010420001380964039,0.0,0.00034083254748753876,-0.0002520386808111424,1,0
5000,mlp,CD8 Tem-1,CD14 Monocyte-1,0.0004425487463993308,-0.0010092607970434188,0.0018889520068492102,40,41.333333333333336,0.0025418246525837004,52.333333333333336,0.0020992759061843696,14.333333333333334,0.0005244734341965505,21.666666666666668,0.0006848732893023402,21.333333333333332,0.001786277569994844,25.0,0.0011833289684897235,0.00032488980927295683,0.0009108571484781697,9.189928144686605e-05,22,22
5000,mlp,CD8 Tem-1,CD14 Monocyte-2,0.003664994011854907,-0.01743444449758609,0.02642416577116662,40,1140.6666666666667,0.03857452155921143,918.3333333333334,0.034909527547356524,687.6666666666666,0.0223272302161852,524.0,0.020010665476125858,265.0,0.009292453559095403,206.33333333333334,0.00794402428729984,0.02698319650879929,-0.0020668731181412293,-0.013921341355093339,35,38
5000,mlp,CD8 Tem-1,CD14 Monocyte-3,0.0006086999420332756,-0.001192756869772998,0.002483071744563679,40,9.333333333333334,0.0025215724140455324,7.333333333333333,0.001912872472012257,0.0,0.0,0.0,0.0,5.333333333333333,0.0014129120580733485,3.3333333333333335,0.0008042121160400732,0.0015380518525679818,-0.0005780488925650213,0.0008660968660968661,0,0
5000,mlp,CD8 Tem-1,CD16 Monocyte-1,0.0004155510472539791,-0.00011965332748666501,0.0012683766744723663,40,10.0,0.000566719879002675,4.0,0.00015116883174869596,4.0,0.0001297747775956802,0.6666666666666666,2.148797587143988e-05,6.0,0.0004369451014069948,3.3333333333333335,0.00012968085587725608,0.0002001377108840551,0.00036002519483303115,0.0006864902360448511,10,2
5000,mlp,CD8 Tem-1,CD16 Monocyte-2,-0.0009624918119071416,-0.00364188063747729,0.0006372260852603536,40,16.0,0.0016652739487286823,23.666666666666668,0.0026277657606358236,2.0,6.294240991677038e-05,4.0,0.00021439587863179756,8.666666666666666,0.0008103277099454203,14.333333333333334,0.0016213660531375345,-0.0012003208205651566,-0.0009642524449401692,-0.0007229021702160993,5,8
5000,mlp,CD8 Tem-1,CD16 NK,0.008071539069718019,-0.0012798394240813233,0.017769163373793945,40,3416.6666666666665,0.11496421993524895,3309.6666666666665,0.10689268086553094,885.3333333333334,0.028703431900990933,815.6666666666666,0.023237663283111273,431.3333333333333,0.01774592763868955,394.0,0.01514015718685119,0.0021491491349522377,0.01215092396418797,0.009914544110013848,38,36
5000,mlp,CD8 Tem-1,CD4 + Tcm-1,0.006795643806592779,-0.0068315033093827165,0.019542402190391148,40,3928.6666666666665,0.13126873496047534,3672.3333333333335,0.12447309115388257,1237.6666666666667,0.037442313673129286,1025.0,0.030250006454434403,646.6666666666666,0.02389396440054768,603.0,0.024290627812649773,-0.00031703704400486246,0.012540661837823392,0.008163306625959814,36,34
5000,mlp,CD8 Tem-1,CD4 + Tcm-2,-0.0018902278426905549,-0.007905427069139229,0.004437945792365555,40,351.0,0.029412083214691586,464.6666666666667,0.03130231105738215,97.66666666666667,0.0032314204291934525,160.0,0.005164172744767393,129.33333333333334,0.009885133629388768,180.66666666666666,0.009842609156505382,0.00396959813041879,-0.006658637679599738,-0.002981643978890717,35,34
5000,mlp,CD8 Tem-1,CD4 Monocyte-4,8.753501400560193e-06,-0.0007692307692307691,0.001153846153846154,40,1.0,0.00026516375781081666,0.6666666666666666,0.0002564102564102564,0.0,0.0,0.0,0.0,1.0,0.00026516375781081666,0.6666666666666666,0.0002564102564102564,-0.0003846153846153846,-0.000358354880413704,0.0007692307692307692,0,0
5000,mlp,CD8 Tem-1,CD56 NK,-0.005497592923078466,-0.012204533029623493,0.00014167160441793498,40,1013.6666666666666,0.07635522837857285,1115.0,0.08185282130165132,272.3333333333333,0.009295778108084728,319.3333333333333,0.011278557558482194,265.6666666666667,0.01605250606133856,320.0,0.01956731953401956,-0.009165940521495117,-0.004489028652425703,-0.00283780959531458,35,37
5000,mlp,CD8 Tem-1,CD8 + CTL-1,0.0004432354998073812,-0.001948516592903712,0.0027614200520322783,40,80.66666666666667,0.008624693661756362,65.66666666666667,0.008181458161948981,20.333333333333332,0.0008757547020006519,13.666666666666666,0.0006896117150123907,36.666666666666664,0.003535697604238422,28.333333333333332,0.0032786050914193014,0.0011234908822362272,-0.0001318139988755164,0.0003380296160614332,29,20
5000,mlp,CD8 Tem-1,CD8 + CTL-2,0.00273351361744245,-0.0001419752406138011,0.007262761907068705,40,39.0,0.006403286878620482,34.0,0.0036697732611780318,9.333333333333334,0.0004308299512584119,9.0,0.0003145062301987082,22.666666666666668,0.00442132178372365,18.0,0.0018041318873409041,0.0036002285892794755,0.0038147873425785654,0.00078552492046931,20,13
5000,mlp,CD8 Tem-1,CD8 + CTL-3,0.00039441440537084783,-0.0025900083222622303,0.0035316538263895666,40,17.0,0.003344377799266201,10.666666666666666,0.0029499633938953533,1.0,3.3774661954701094e-05,0.6666666666666666,0.00017293906810035843,14.666666666666666,0.002874981411367193,8.666666666666666,0.002341402599850688,0.0010228010149401928,0.000497250276501701,-0.0003368080753293506,2,2
5000,mlp,CD8 Tem-1,CD8 Tem-1,-0.011500960634707446,-0.0370350017053808,0.015622654908994449,40,15043.0,0.49168085199811795,15397.0,0.5031818126328254,0.0,0.0,0.0,0.0,0.0,0.0,0.0,0.0,-0.03279457156599143,-0.013856725897906663,0.01214841555977574,0,0
5000,mlp,CD8 Tem-1,CD8 Tem-2,0.006271855295586069,-0.0015135494730060494,0.016002567372631452,40,509.0,0.026543993208347046,420.0,0.020272137912760977,198.66666666666666,0.006796118463990037,153.66666666666666,0.005002690235746783,180.66666666666666,0.010996000915583809,136.66666666666666,0.006517573848240993,0.014202687167705893,0.00595656839487798,-0.0013436896758256636,36,35
5000,mlp,CD8 Tem-1,Cycling T,-0.0003195057161881545,-0.0016432384176788368,0.0009686819760289222,40,90.33333333333333,0.0031521972915009404,98.66666666666667,0.003471703007689094,30.333333333333332,0.000941094388191541,34.333333333333336,0.0010291501887421761,42.0,0.0017038880456267816,46.333333333333336,0.0019353379612643013,0.0004819058801884539,-0.0007021466377912698,-0.0007382763909616481,29,27
5000,mlp,CD8 Tem-1,Erythrocyte,0.0010161276299773953,0.0,0.0035211267605633804,40,6.0,0.0010932881238045558,0.3333333333333333,7.716049382716049e-05,0.0,0.0,0.0,0.0,5.666666666666667,0.0010161276299773953,0.0,0.0,0.0014084507042253522,0.0012878195096504956,0.00035211267605633805,0,0
5000,mlp,CD8 Tem-1,GCB,0.00014913149593401016,-0.0009044001708619407,0.0010658843943193517,40,4.666666666666667,0.0010469294152197874,4.333333333333333,0.0008977979192857773,1.3333333333333333,0.0002177475955381792,0.0,0.0,2.3333333333333335,0.00044456643506622347,3.3333333333333335,0.0005131825346703925,0.00041113435625689585,-0.00019012037792361008,0.0002263805094687448,3,0
5000,mlp,CD8 Tem-1,Memory B-1,0.0019696362223854008,-0.0003731079095022301,0.004621236094178413,40,232.33333333333334,0.008373091269673916,209.33333333333334,0.006403455047288516,109.66666666666667,0.0035123876412746016,87.66666666666667,0.0025869243993723494,92.33333333333333,0.0038250579775892905,91.33333333333333,0.0027808849971061415,0.004231574738276905,0.0011893413957880117,0.00048799253309128495,33,29
5000,mlp,CD8 Tem-1,Memory B-2,-0.0001437182888795792,-0.0006458595168272588,0.0,40,2.3333333333333335,0.0008233433233433233,3.0,0.0009670616122229025,0.0,0.0,0.3333333333333333,8.960573476702509e-05,0.0,0.0,0.3333333333333333,5.411255411255411e-05,0.0,0.0,-0.0004311548666387376,0,1
5000,mlp,CD8 Tem-1,Naive T,-0.00877755361614183,-0.01619690020528989,-0.0017460085097919709,40,703.3333333333334,0.04513683539406433,832.3333333333334,0.053914389010206155,200.33333333333334,0.006731494812523175,250.66666666666666,0.008686703836565461,194.66666666666666,0.010037549124253623,273.3333333333333,0.016859893716353165,-0.012075937952265614,-0.004818878389277057,-0.009437844506882821,37,37
5000,mlp,CD8 Tem-1,Plasma,0.00024749870825498577,0.0,0.0008118157966009814,40,3.3333333333333335,0.00025660617637884733,0.3333333333333333,9.107468123861566e-06,1.0,2.9891231783256558e-05,0.0,0.0,2.3333333333333335,0.00022671494459559072,0.3333333333333333,9.107468123861566e-06,0.000675653479643498,2.321262766945218e-05,4.363001745200698e-05,3,0
5000,mlp,CD8 Tem-1,Tcm,-0.004278384771514888,-0.014620048471928854,0.0013603711432114182,40,39.666666666666664,0.0044100041403315506,58.0,0.008688388911846439,6.333333333333333,0.00016951917951755496,5.0,0.0004632112543577305,17.666666666666668,0.0017495616981638075,37.333333333333336,0.00573425439483852,-0.006377427562655832,-0.00457802426066801,-0.0018797024912208197,11,7
5000,mlp,CD8 Tem-1,cDC2,0.00016865343262041201,-0.00010095829625079293,0.0005216120775830443,40,7.0,0.0003148704895512925,4.0,0.00014621705693088042,1.0,3.8509960024082197e-05,1.3333333333333333,3.484849944258085e-05,6.0,0.0002763605295272103,2.6666666666666665,0.0001113685574882996,-1.7613137972927563e-05,0.00026990251472356215,0.0002536709211106015,2,4
5000,mlp,CD8 Tem-1,pDC,-4.464794154149664e-05,-0.0005156746335445232,0.00040039023350182387,40,5.666666666666667,0.0004809509051554579,7.0,0.0005255988466969546,1.6666666666666667,5.662052665733389e-05,1.6666666666666667,0.0001240017253860528,3.3333333333333335,0.0004017608481581395,4.666666666666667,0.00037902759097091726,0.00011303584350287233,5.0722475927824846e-05,-0.0002977021440551871,5,5
5000,mlp,CD8 Tem-1,platelet,-1.631084154104181e-05,-0.00021645021645021645,8.520816098739856e-05,40,1.6666666666666667,4.553925512799637e-05,0.6666666666666666,6.185009666903818e-05,0.3333333333333333,8.012820512820513e-06,0.3333333333333333,7.73754255648406e-06,1.3333333333333333,3.752643461517585e-05,0.3333333333333333,5.411255411255411e-05,-0.00010252181358475481,0.0,5.358928896162939e-05,1,1
5000,mlp,CD8 Tem-2,Atypical Memory B,0.0,0.0,0.0,40,0.0,0.0,0.0,0.0,0.0,0.0,0.0,0.0,0.0,0.0,0.0,0.0,0.0,0.0,0.0,0,0
5000,mlp,CD8 Tem-2,CD14 Monocyte-1,0.0005228074318015895,-0.0007833765774676298,0.002283830610469238,40,7.333333333333333,0.001883098059334417,6.0,0.0013602906275328272,1.3333333333333333,0.0003402903681911994,0.6666666666666666,5.061387104642655e-05,5.333333333333333,0.0011881977620652035,4.666666666666667,0.0009550668274083867,0.0009263832326836561,0.0012352917702335804,-0.0005932527075124677,4,2
5000,mlp,CD8 Tem-2,CD14 Monocyte-2,-0.004449639706604535,-0.022714496988133333,0.01059581003656961,40,61.333333333333336,0.013336518694469736,76.33333333333333,0.017786158401074267,8.333333333333334,0.0016268334956654692,10.666666666666666,0.001560165530849328,36.666666666666664,0.008447647563987006,49.333333333333336,0.01296395523540768,0.01085529746454205,-0.010463990381287794,-0.013740226203067857,12,15
5000,mlp,CD8 Tem-2,CD14 Monocyte-3,-0.00016885128561641518,-0.0006945899517865739,5.76771197150585e-05,40,2.3333333333333335,4.272209588151418e-05,5.0,0.00021157338149792933,0.0,0.0,2.0,4.2637839831133495e-05,1.6666666666666667,3.201087051733253e-05,2.3333333333333335,0.00015822431630261417,-0.00011119834080513885,-0.00043087760700866705,3.552209096456043e-05,0,2
5000,mlp,CD8 Tem-2,CD16 Monocyte-1,-1.9625101146359916e-05,-0.00038662554084736324,0.0001925383965994757,40,0.6666666666666666,4.75791999289089e-05,0.3333333333333333,6.720430107526882e-05,0.0,0.0,0.3333333333333333,6.720430107526882e-05,0.6666666666666666,4.75791999289089e-05,0.0,0.0,0.0,0.0001427375997867267,-0.00020161290322580645,0,1
5000,mlp,CD8 Tem-2,CD16 Monocyte-2,-0.0007894115579458894,-0.003776183312100004,0.000342499561548216,40,1.6666666666666667,0.00020834881275096095,3.0,0.0009977603706968505,1.0,7.673057380624386e-05,0.3333333333333333,6.485084306095979e-06,0.3333333333333333,0.00012626262626262626,2.3333333333333335,0.0009859196737086638,-0.0005984263952564003,-0.001789263531499556,1.945525291828794e-05,3,1
5000,mlp,CD8 Tem-2,CD16 NK,-0.013433039585432753,-0.027733213202610248,0.0001992473024237276,40,655.6666666666666,0.11068445288259406,745.6666666666666,0.12411749246802682,94.66666666666667,0.015115896044051147,150.33333333333334,0.020480066360660357,84.33333333333333,0.014743870771205125,118.66666666666667,0.022812740040028662,-0.016989804239500614,-0.017546055376939762,-0.00576325913985789,34,32
5000,mlp,CD8 Tem-2,CD4 + Tcm-1,0.0037460840441013933,-0.01520588696297476,0.021259205504960868,40,736.6666666666666,0.15592850331130223,794.3333333333334,0.1521824192672008,115.33333333333333,0.02442708474982032,163.66666666666666,0.024966417893858197,132.66666666666666,0.032329640715705044,142.0,0.028044223527565776,0.0022342051977126596,0.010259574571075108,-0.001255527636483586,35,36
5000,mlp,CD8 Tem-2,CD4 + Tcm-2,-0.002180795020397338,-0.006113510439615504,0.0014585533017102172,40,258.3333333333333,0.01285702234500421,292.0,0.01503781736540155,38.333333333333336,0.002095420901245535,61.333333333333336,0.0030745971828797253,43.666666666666664,0.0038000658615196903,54.333333333333336,0.0050016846002828375,-0.00021270917455337157,-0.003362910520995595,-0.0029667653656430485,19,21
5000,mlp,CD8 Tem-2,CD4 Monocyte-4,-0.0012021644424897349,-0.004647226029425198,0.0005439244832615571,40,20.333333333333332,0.001309667688174355,38.333333333333336,0.0025118321306640905,7.666666666666667,0.00045395456811695204,17.0,0.0012014591435233807,3.0,0.0002483996282479346,11.666666666666666,0.000703059495331241,-0.00021501836245847337,-0.003039831844350263,-0.0003516431206604682,6,9
5000,mlp,CD8 Tem-2,CD56 NK,-0.0019925807775166907,-0.012227457604383176,0.0044265844329683295,40,746.3333333333334,0.034029684027109146,762.0,0.036022264804625836,106.33333333333333,0.006083201500789026,139.0,0.005655557394751066,66.66666666666667,0.00709012182919233,49.666666666666664,0.009510346712746979,0.00013533658843857007,-0.00042764292870913314,-0.0056854359922795085,29,21
5000,mlp,CD8 Tem-2,CD8 + CTL-1,0.0013637071964657684,-0.000985987432277028,0.0037203868194884207,40,128.66666666666666,0.006377089422894208,117.33333333333333,0.00501338222642844,32.333333333333336,0.002393015151070779,19.333333333333332,0.0009123874069564848,18.0,0.0015823226887817304,19.666666666666668,0.001699243236430257,0.000786823257388761,0.0005943852589214927,0.00270991307308705,18,12
5000,mlp,CD8 Tem-2,CD8 + CTL-2,-0.00044012736208774017,-0.00280129562911497,0.0020132448143774058,40,22.666666666666668,0.0017524863448191124,42.333333333333336,0.0021926137069068524,5.666666666666667,0.00048080542420287693,15.666666666666666,0.00041965583600760023,7.666666666666667,0.0006853166522679195,17.333333333333332,0.0011865936025509366,0.0018564537062961538,-0.0010959457852770423,-0.002080890007282332,5,7
5000,mlp,CD8 Tem-2,CD8 + CTL-3,0.0019704547335890605,-0.0014671215277682757,0.0057411210877292675,40,76.0,0.005060793784163741,58.333333333333336,0.003090339050574681,19.666666666666668,0.0013218050796647137,24.333333333333332,0.0008006858198107729,37.666666666666664,0.0025901323865104163,15.333333333333334,0.0011407969127752967,0.00016174309341013949,0.004221154618269723,0.001528466489087318,14,7
5000,mlp,CD8 Tem-2,CD8 Tem-1,0.017302670346617467,-0.008858840013543449,0.047909137727758934,40,523.6666666666666,0.11846947069256224,481.3333333333333,0.10116680034594479,99.66666666666667,0.019246530547851224,67.0,0.011971225940782154,120.33333333333333,0.034131862120469265,110.66666666666667,0.024104496380920878,-0.003997714528455166,0.010296638398001042,0.045609087170306525,32,31
5000,mlp,CD8 Tem-2,CD8 Tem-2,-0.012944696909148394,-0.03877028730276077,0.008833420009924122,40,6533.666666666667,0.46544850318439185,6459.666666666667,0.4783932000935402,0.0,0.0,0.0,0.0,0.0,0.0,0.0,0.0,-0.00475017321438797,-0.0023543074672615406,-0.03172961004579565,0,0
5000,mlp,CD8 Tem-2,Cycling T,-0.002165135301900218,-0.007888155669980192,0.0012417401463690589,40,25.666666666666668,0.010527292749846867,30.666666666666668,0.012692428051747086,5.333333333333333,0.0007904069489618357,7.333333333333333,0.0007619745764490827,9.0,0.0012607405907779457,12.0,0.0034543082651909162,-0.004379836617181186,-0.00040789451575580694,-0.0017076747727636607,10,10
5000,mlp,CD8 Tem-2,Erythrocyte,0.003265900170295117,-6.724101293639607e-05,0.010247970242339506,40,22.666666666666668,0.005127410697878469,9.0,0.0018615105275833533,7.666666666666667,0.0019334129058588463,0.3333333333333333,3.360215053763441e-05,7.0,0.0014332937160491735,0.6666666666666666,6.720430107526882e-05,0.003931853331143169,0.002832117138258187,0.0030337300414839934,4,1
5000,mlp,CD8 Tem-2,GCB,0.00012383029356306994,-3.2133676092544985e-05,0.0005783282151473525,40,3.6666666666666665,0.00017588999919339408,2.3333333333333335,5.205970563032411e-05,0.6666666666666666,1.8140095961107634e-05,0.6666666666666666,1.5568030982744427e-05,1.3333333333333333,0.00012125822858470673,0.0,0.0,0.0,0.00038755771873548233,-1.6066838046272492e-05,2,2
5000,mlp,CD8 Tem-2,Memory B-1,-0.0013817993808764438,-0.007436088930952219,0.002776046204801006,40,15.0,0.003423854388611612,13.333333333333334,0.004805653769488057,2.3333333333333335,0.0007989335615575604,2.3333333333333335,0.0003764033290642816,9.666666666666666,0.0019239175082064082,8.0,0.0037282471215761303,0.0002492621113581171,-0.0019184296390921886,-0.00247623061489526,6,4
5000,mlp,CD8 Tem-2,Memory B-2,7.980351834744826e-05,-0.00015468688251764996,0.00043890874925018013,40,6.333333333333333,0.00023317235023175408,5.0,0.00015336883188430577,1.6666666666666667,7.328987634900676e-05,0.6666666666666666,1.7010624337102486e-05,2.0,9.384593359143855e-05,1.6666666666666667,7.032166725589452e-05,-1.8327248453341108e-05,0.00034240135553504855,-8.466355203936261e-05,4,2
5000,mlp,CD8 Tem-2,Naive T,0.003875368716481184,-0.0019961994935927653,0.012606667023893268,40,445.3333333333333,0.02659175094620503,473.6666666666667,0.022716382229723844,57.666666666666664,0.004650618870291131,97.66666666666667,0.003356266375973353,64.33333333333333,0.009013527891456324,52.666666666666664,0.006432511669292919,-0.00042443617911678297,0.005149188926224265,0.0069013534023360705,23,16
5000,mlp,CD8 Tem-2,Plasma,0.0009259259259259259,-9.9601593625498e-05,0.005555555555555554,40,0.6666666666666666,0.0009425261915301755,0.3333333333333333,1.6600265604249667e-05,0.0,0.0,0.0,0.0,0.6666666666666666,0.0009425261915301755,0.3333333333333333,1.6600265604249667e-05,0.0028275785745905265,-4.9800796812749006e-05,0.0,0,0
5000,mlp,CD8 Tem-2,Tcm,-0.0012537136640655311,-0.008327946571604706,0.003058610440180177,40,22.333333333333332,0.0030534690705830703,14.666666666666666,0.004307182734648601,5.666666666666667,0.0003374043551376679,4.666666666666667,0.0016406326750833717,13.666666666666666,0.002011258725139145,7.0,0.001961744069258972,-0.002631789086262408,-0.0005269154158530469,-0.0006024364900811385,10,4
5000,mlp,CD8 Tem-2,cDC2,-7.783901033509668e-05,-0.0006747113577205883,0.0004184068434925649,40,1.3333333333333333,0.00017431572469459015,1.3333333333333333,0.00025215473502968684,0.3333333333333333,0.00011261261261261261,0.3333333333333333,6.720430107526882e-05,1.0,6.170311208197753e-05,1.0,0.00018495043395441802,-0.00023306999960696459,0.00014619883040935673,-0.00014664586180768217,1,1
5000,mlp,CD8 Tem-2,pDC,0.0004032699991939853,-0.00032363750777912527,0.001790784817888551,40,5.666666666666667,0.0016815581967922473,4.666666666666667,0.0012782881975982622,1.0,7.742323668328385e-05,1.3333333333333333,8.175089427310776e-05,2.3333333333333335,0.0005406889391246747,1.0,0.00013309128234086545,0.0008001707972632114,0.0005131764378358592,-0.00010353723751711482,3,3
5000,mlp,CD8 Tem-2,platelet,0.008919596729181124,0.004727357770080181,0.013838170260241638,40,224.0,0.020632819139052096,111.0,0.011713222409870971,134.0,0.011619569784403372,33.666666666666664,0.003569111179029586,18.666666666666668,0.0018576044934077076,6.0,0.0009884663696003678,0.0097973960312108,0.007293443187557272,0.009667950968775301,34,23
5000,mlp,Cycling T,Atypical Memory B,0.0,0.0,0.0,40,0.0,0.0,0.0,0.0,0.0,0.0,0.0,0.0,0.0,0.0,0.0,0.0,0.0,0.0,0.0,0,0
5000,mlp,Cycling T,CD14 Monocyte-1,-7.611970898294032e-06,-0.0008903592448044099,0.0007445822091998547,40,5.333333333333333,0.0011179724735539676,5.333333333333333,0.0011255844444522617,1.3333333333333333,0.00029566498316498314,1.0,0.00020372077073107999,1.0,0.00018884015594541905,1.3333333333333333,0.00028839633927761626,-0.00021139377522181677,-8.412084765177549e-05,0.00027267871017871016,3,3
5000,mlp,Cycling T,CD14 Monocyte-2,0.0007681622338912061,-0.0020490230261236233,0.003513966662673902,40,9.666666666666666,0.002380463628227777,6.666666666666667,0.0016123013943365712,0.6666666666666666,0.00019425019425019425,0.0,0.0,7.0,0.0018196248282248905,4.666666666666667,0.0012457127885838787,0.002240896818887314,0.0015851668785291533,-0.001521576995742849,2,0
5000,mlp,Cycling T,CD14 Monocyte-3,-0.00017006802721088434,-0.0008503401360544217,0.0,40,1.3333333333333333,0.0006377551020408163,1.6666666666666667,0.0008078231292517006,0.0,0.0,0.3333333333333333,0.00017006802721088434,0.0,0.0,0.0,0.0,0.0,-0.000510204081632653,0.0,0,1
5000,mlp,Cycling T,CD16 Monocyte-1,-0.0002619395711500974,-0.0007280244883040936,0.0,40,0.0,0.0,1.3333333333333333,0.0002619395711500974,0.0,0.0,0.0,0.0,0.0,0.0,1.3333333333333333,0.0002619395711500974,-0.0001736111111111111,-0.00039290935672514616,-0.00021929824561403506,0,0
5000,mlp,Cycling T,CD16 Monocyte-2,-7.309941520467835e-05,-0.0004385964912280701,0.0,40,1.0,0.00021677695064791836,1.3333333333333333,0.00028987636585259675,0.0,0.0,0.0,0.0,0.0,0.0,0.3333333333333333,7.309941520467835e-05,-0.00021929824561403506,0.0,0.0,0,0
5000,mlp,Cycling T,CD16 NK,-0.01627175666347278,-0.031048725824967722,-0.0015143429334868717,40,494.3333333333333,0.12741019179300725,573.3333333333334,0.14368194845648,68.0,0.016664149082431887,126.0,0.030322447529703016,58.333333333333336,0.01797901707504236,79.33333333333333,0.02059247529124401,-0.006222991716177171,-0.01843155556637229,-0.02416072270786887,31,37
5000,mlp,Cycling T,CD4 + Tcm-1,0.004711079412913702,-0.008256413645651446,0.020037186929015335,40,564.6666666666666,0.15039586825832632,555.0,0.1456847888454126,72.0,0.018319040243045075,71.33333333333333,0.018475108174475452,83.33333333333333,0.025246728378185885,74.33333333333333,0.02037958103384181,0.013516214144129627,0.0060215064760543845,-0.005404482381442902,33,38
5000,mlp,Cycling T,CD4 + Tcm-2,-0.005456192423186742,-0.013327541911220845,1.2769889229513167e-06,40,22.0,0.008894229311139333,36.0,0.014350421734326074,2.6666666666666665,0.0009113659572040373,6.666666666666667,0.0026478483910871604,7.0,0.0025415025440022844,17.0,0.006261212533305906,-0.0025805788705228023,-0.01034015152056792,-0.0034478468784695086,8,8
5000,mlp,Cycling T,CD4 Monocyte-4,0.0001488095238095238,0.0,0.0008928571428571428,40,0.3333333333333333,0.0001488095238095238,0.0,0.0,0.3333333333333333,0.0001488095238095238,0.0,0.0,0.0,0.0,0.0,0.0,0.0,0.0,0.0004464285714285714,1,0
5000,mlp,Cycling T,CD56 NK,-0.0015202509361533147,-0.010987213101905577,0.005604755048917972,40,93.66666666666667,0.03374351013937221,94.0,0.03526376107552553,14.333333333333334,0.004230393678768963,16.333333333333332,0.00664876090102593,29.333333333333332,0.009666126388203033,27.666666666666668,0.008768010102099379,-0.0044962851741403,-0.0010450173013053176,0.0009805496669856757,21,16
5000,mlp,Cycling T,CD8 + CTL-1,0.00048053791474862245,-0.0013613591269841267,0.002529891906232755,40,5.0,0.001861337702277627,3.3333333333333335,0.0013807997875290047,0.6666666666666666,0.00025080198308544767,0.3333333333333333,7.575757575757576e-05,4.0,0.001425350534006994,2.6666666666666665,0.0011198570265862436,-0.0005821286848072562,0.0016821079013004177,0.0003416345277527059,2,1
5000,mlp,Cycling T,CD8 + CTL-2,-0.0007914195430046997,-0.002901481330091049,0.0003674638157374153,40,2.3333333333333335,0.0009647915353743075,4.666666666666667,0.0017562110783790076,0.3333333333333333,0.00011415525114155251,2.0,0.000745264568691548,0.3333333333333333,0.0001488095238095238,1.0,0.0003091197492642281,-0.00011533542761012119,-0.0006688268527750083,-0.00159009634862897,1,3
5000,mlp,Cycling T,CD8 + CTL-3,-0.0029969583395150373,-0.010262532799904928,0.002676498547629516,40,18.333333333333332,0.006372987666066163,17.666666666666668,0.0093699460055812,2.6666666666666665,0.0009553395740370531,5.666666666666667,0.003014159103030646,11.333333333333334,0.0033025281564175377,7.666666666666667,0.004240666966938982,-0.0015519048054700958,-0.002894142650390153,-0.0045448275626848635,6,5
5000,mlp,Cycling T,CD8 Tem-1,0.002047027637874055,-0.0038944276845917533,0.007764561380714619,40,146.0,0.038903005926902295,133.66666666666666,0.03685597828902823,28.666666666666668,0.006981921794437519,15.666666666666666,0.0042108928660770815,41.666666666666664,0.01152426641290284,42.333333333333336,0.012248267703389222,0.002621858591046689,0.0020522192013125197,0.0014670051212629577,23,20
5000,mlp,Cycling T,CD8 Tem-2,-0.0020434459806431228,-0.006489583815025131,0.00148573616174335,40,17.666666666666668,0.005243855703221018,21.0,0.007287301683864141,2.3333333333333335,0.0005820287749706232,5.333333333333333,0.001979949239900443,8.0,0.002134636179382532,8.333333333333334,0.002780161695095835,-0.00021236072003191357,-0.0012969809446853366,-0.004620996277212118,7,10
5000,mlp,Cycling T,Cycling T,0.02099262827848995,-0.007883734228387165,0.04751086102542811,40,2221.3333333333335,0.6005593764316276,2163.3333333333335,0.5795667481531376,0.0,0.0,0.0,0.0,0.0,0.0,0.0,0.0,-0.00405849465489653,0.029685742533451086,0.03735063695691528,0,0
5000,mlp,Cycling T,Erythrocyte,0.0,0.0,0.0,40,0.0,0.0,0.0,0.0,0.0,0.0,0.0,0.0,0.0,0.0,0.0,0.0,0.0,0.0,0.0,0,0
5000,mlp,Cycling T,GCB,-2.8825089357776992e-05,-0.0006809927360774818,0.0006773895999077598,40,2.3333333333333335,0.0010035682426404995,2.3333333333333335,0.0010323933319982765,0.6666666666666666,0.00028744176826246405,0.3333333333333333,0.0001461988304093567,0.0,0.0,0.3333333333333333,0.00017006802721088434,0.0,-0.000510204081632653,0.000423728813559322,2,1
5000,mlp,Cycling T,Memory B-1,0.0002674547951697875,-0.0016833121469017472,0.0017348922555005697,40,7.333333333333333,0.001730069792341728,5.333333333333333,0.0014626149971719406,1.3333333333333333,0.00037114180604623834,1.3333333333333333,0.0007355864387114387,4.666666666666667,0.0010943929809068256,2.6666666666666665,0.00046249355307183786,0.0005759992293002429,-0.0006075394521963413,0.000833904608405461,4,4
5000,mlp,Cycling T,Memory B-2,-6.561679790026247e-05,-0.0003937007874015748,0.0,40,0.0,0.0,0.3333333333333333,6.561679790026247e-05,0.0,0.0,0.0,0.0,0.0,0.0,0.3333333333333333,6.561679790026247e-05,0.0,0.0,-0.0001968503937007874,0,0
5000,mlp,Cycling T,Naive T,-0.0011435691321693324,-0.0048285891372506,0.002105439986152338,40,25.333333333333332,0.007396189517063066,25.333333333333332,0.008539758649232398,3.0,0.0006373523295592188,3.6666666666666665,0.0011750334801918204,14.0,0.003446476526267944,13.333333333333334,0.004052364507804675,-0.0015224930430725874,-0.0021704444254577104,0.00026223007202230074,5,8
5000,mlp,Cycling T,Plasma,7.44047619047619e-05,0.0,0.0004464285714285714,40,0.3333333333333333,7.44047619047619e-05,0.0,0.0,0.0,0.0,0.0,0.0,0.3333333333333333,7.44047619047619e-05,0.0,0.0,0.0002232142857142857,0.0,0.0,0,0
5000,mlp,Cycling T,Tcm,0.001672236948626106,-0.007172224829324739,0.009029697192211203,40,23.0,0.009504152839752523,8.666666666666666,0.00783191589112642,2.6666666666666665,0.0008321238694039132,2.3333333333333335,0.0018975724567829831,17.0,0.0056805759788956176,3.0,0.002942890442890443,0.0013961422661774015,-0.0008700749190180941,0.00449064349871901,6,3
5000,mlp,Cycling T,cDC2,-0.00020421693650040108,-0.0008378760347264284,0.00023468350240003785,40,0.6666666666666666,0.00018191268191268192,1.3333333333333333,0.000386129618413083,0.0,0.0,0.3333333333333333,0.00010683760683760684,0.3333333333333333,7.507507507507507e-05,0.6666666666666666,0.00017245440473786928,-9.528759528759528e-05,-0.0001968503937007874,-0.0003205128205128205,0,1
5000,mlp,Cycling T,pDC,-0.0003397402786757947,-0.0015457367834931042,0.0008771929824561402,40,4.333333333333333,0.0010464004211751146,5.333333333333333,0.0013861406998509091,0.0,0.0,1.0,0.00021340313148462552,2.3333333333333335,0.00048072038203617154,2.3333333333333335,0.0006070575292273406,0.0008307296958612747,-0.001007720596536386,-0.0008422299353522726,0,2
5000,mlp,Cycling T,platelet,0.00021236959761549928,0.0,0.0008792846497764532,40,0.6666666666666666,0.00021236959761549928,0.0,0.0,0.0,0.0,0.0,0.0,0.6666666666666666,0.00021236959761549928,0.0,0.0,0.0006371087928464978,0.0,0.0,0,0
5000,mlp,Erythrocyte,Atypical Memory B,0.0,0.0,0.0,6,0.0,0.0,0.0,0.0,0.0,0.0,0.0,0.0,0.0,0.0,0.0,0.0,0.0,0.0,0.0,0,0
5000,mlp,Erythrocyte,CD14 Monocyte-1,0.0014245014245014244,0.0,0.0073599240265906935,6,0.3333333333333333,0.0014245014245014244,0.0,0.0,0.0,0.0,0.0,0.0,0.3333333333333333,0.0014245014245014244,0.0,0.0,0.0,0.004273504273504273,0.0,0,0
5000,mlp,Erythrocyte,CD14 Monocyte-2,0.0,0.0,0.0,6,0.0,0.0,0.0,0.0,0.0,0.0,0.0,0.0,0.0,0.0,0.0,0.0,0.0,0.0,0.0,0,0
5000,mlp,Erythrocyte,CD14 Monocyte-3,0.0,0.0,0.0,6,0.0,0.0,0.0,0.0,0.0,0.0,0.0,0.0,0.0,0.0,0.0,0.0,0.0,0.0,0.0,0,0
5000,mlp,Erythrocyte,CD16 Monocyte-1,-0.0014245014245014244,-0.007326007326007327,0.0,6,0.3333333333333333,0.0014245014245014244,0.6666666666666666,0.0028490028490028487,0.0,0.0,0.0,0.0,0.0,0.0,0.3333333333333333,0.0014245014245014244,0.0,0.0,-0.004273504273504273,0,0
5000,mlp,Erythrocyte,CD16 Monocyte-2,0.0,0.0,0.0,6,0.0,0.0,0.0,0.0,0.0,0.0,0.0,0.0,0.0,0.0,0.0,0.0,0.0,0.0,0.0,0,0
5000,mlp,Erythrocyte,CD16 NK,0.0,-0.25,0.25,6,0.3333333333333333,0.05555555555555555,0.3333333333333333,0.05555555555555555,0.3333333333333333,0.05555555555555555,0.3333333333333333,0.05555555555555555,0.0,0.0,0.0,0.0,0.0,-0.16666666666666666,0.16666666666666666,1,1
5000,mlp,Erythrocyte,CD4 + Tcm-1,0.007122507122507122,0.0,0.034188034188034185,6,1.6666666666666667,0.007122507122507122,0.0,0.0,0.0,0.0,0.0,0.0,1.6666666666666667,0.007122507122507122,0.0,0.0,0.0,0.004273504273504273,0.017094017094017092,0,0
5000,mlp,Erythrocyte,CD4 + Tcm-2,0.0,0.0,0.0,6,0.0,0.0,0.0,0.0,0.0,0.0,0.0,0.0,0.0,0.0,0.0,0.0,0.0,0.0,0.0,0,0
5000,mlp,Erythrocyte,CD4 Monocyte-4,-0.0014245014245014244,-0.0073599240265906935,0.0,6,0.0,0.0,0.3333333333333333,0.0014245014245014244,0.0,0.0,0.0,0.0,0.0,0.0,0.3333333333333333,0.0014245014245014244,0.0,-0.004273504273504273,0.0,0,0
5000,mlp,Erythrocyte,CD56 NK,0.0,0.0,0.0,6,0.0,0.0,0.0,0.0,0.0,0.0,0.0,0.0,0.0,0.0,0.0,0.0,0.0,0.0,0.0,0,0
5000,mlp,Erythrocyte,CD8 + CTL-1,0.0,0.0,0.0,6,0.0,0.0,0.0,0.0,0.0,0.0,0.0,0.0,0.0,0.0,0.0,0.0,0.0,0.0,0.0,0,0
5000,mlp,Erythrocyte,CD8 + CTL-2,0.0,0.0,0.0,6,0.0,0.0,0.0,0.0,0.0,0.0,0.0,0.0,0.0,0.0,0.0,0.0,0.0,0.0,0.0,0,0
5000,mlp,Erythrocyte,CD8 + CTL-3,0.0014245014245014244,0.0,0.0073599240265906935,6,1.6666666666666667,0.03618233618233618,1.3333333333333333,0.034757834757834755,0.0,0.0,0.0,0.0,0.6666666666666666,0.0028490028490028487,0.3333333333333333,0.0014245014245014244,0.0,0.004273504273504273,0.0,0,0
5000,mlp,Erythrocyte,CD8 Tem-1,0.0,0.0,0.0,6,0.0,0.0,0.0,0.0,0.0,0.0,0.0,0.0,0.0,0.0,0.0,0.0,0.0,0.0,0.0,0,0
5000,mlp,Erythrocyte,CD8 Tem-2,0.005223171889838563,-0.27564102564102566,0.2641025641025641,6,53.0,0.3994301994301994,53.333333333333336,0.39420702754036085,0.0,0.0,0.3333333333333333,0.05555555555555555,3.6666666666666665,0.07644824311490978,3.6666666666666665,0.01566951566951567,0.15384615384615385,0.049857549857549865,-0.18803418803418803,0,1
5000,mlp,Erythrocyte,Cycling T,-0.05413105413105413,-0.26666666666666666,0.005698005698005697,6,0.3333333333333333,0.0014245014245014244,0.3333333333333333,0.05555555555555555,0.0,0.0,0.0,0.0,0.3333333333333333,0.0014245014245014244,0.3333333333333333,0.05555555555555555,-0.1623931623931624,0.0,0.0,0,0
5000,mlp,Erythrocyte,Erythrocyte,0.05555555555555555,-0.2222222222222222,0.3333333333333333,6,5.333333333333333,0.4888888888888889,5.0,0.43333333333333335,0.0,0.0,0.0,0.0,0.0,0.0,0.0,0.0,0.0,0.16666666666666666,0.0,0,0
5000,mlp,Erythrocyte,GCB,0.0,0.0,0.0,6,0.0,0.0,0.0,0.0,0.0,0.0,0.0,0.0,0.0,0.0,0.0,0.0,0.0,0.0,0.0,0,0
5000,mlp,Erythrocyte,Memory B-1,0.0,0.0,0.0,6,0.0,0.0,0.0,0.0,0.0,0.0,0.0,0.0,0.0,0.0,0.0,0.0,0.0,0.0,0.0,0,0
5000,mlp,Erythrocyte,Memory B-2,0.0,0.0,0.0,6,0.0,0.0,0.0,0.0,0.0,0.0,0.0,0.0,0.0,0.0,0.0,0.0,0.0,0.0,0.0,0,0
5000,mlp,Erythrocyte,Naive T,-0.020892687559354226,-0.0835707502374169,0.0,6,0.0,0.0,3.3333333333333335,0.020892687559354226,0.0,0.0,0.0,0.0,0.0,0.0,3.3333333333333335,0.020892687559354226,0.0,-0.06267806267806268,0.0,0,0
5000,mlp,Erythrocyte,Plasma,0.0,0.0,0.0,6,0.0,0.0,0.0,0.0,0.0,0.0,0.0,0.0,0.0,0.0,0.0,0.0,0.0,0.0,0.0,0,0
5000,mlp,Erythrocyte,Tcm,0.007122507122507123,0.0,0.02197802197802198,6,2.0,0.008547008547008546,0.3333333333333333,0.0014245014245014244,0.0,0.0,0.0,0.0,2.0,0.008547008547008546,0.3333333333333333,0.0014245014245014244,0.008547008547008546,0.004273504273504273,0.008547008547008546,0,0
5000,mlp,Erythrocyte,cDC2,0.0,0.0,0.0,6,0.0,0.0,0.0,0.0,0.0,0.0,0.0,0.0,0.0,0.0,0.0,0.0,0.0,0.0,0.0,0,0
5000,mlp,Erythrocyte,pDC,0.0,0.0,0.0,6,0.0,0.0,0.0,0.0,0.0,0.0,0.0,0.0,0.0,0.0,0.0,0.0,0.0,0.0,0.0,0,0
5000,mlp,Erythrocyte,platelet,0.0,0.0,0.0,6,0.0,0.0,0.0,0.0,0.0,0.0,0.0,0.0,0.0,0.0,0.0,0.0,0.0,0.0,0.0,0,0
5000,mlp,GCB,Atypical Memory B,0.00019907809110495883,-1.4395117176253814e-05,0.0007012740220966585,31,10.666666666666666,0.0005651218999469225,7.666666666666667,0.00036604380884196355,2.3333333333333335,0.0001303553582472173,1.3333333333333333,5.243732801502158e-05,2.6666666666666665,0.0001602778331816731,0.6666666666666666,3.911777230891e-05,0.0002727602146580491,4.291627330723214e-07,0.00032404489592375505,3,2
5000,mlp,GCB,CD14 Monocyte-1,-0.00039824771007566706,-0.002117958294428883,0.0,31,0.0,0.0,0.3333333333333333,0.00039824771007566706,0.0,0.0,0.0,0.0,0.0,0.0,0.3333333333333333,0.00039824771007566706,-0.0011947431302270011,0.0,0.0,0,0
5000,mlp,GCB,CD14 Monocyte-2,0.01005256704181435,-0.021760554260554264,0.04603817880380371,31,4.333333333333333,0.01784903182752645,2.0,0.007796464785712098,0.0,0.0,0.0,0.0,3.6666666666666665,0.017052536407375116,1.3333333333333333,0.006999969365560761,0.02894830314185152,-0.015994903091677285,0.017204301075268817,0,0
5000,mlp,GCB,CD14 Monocyte-3,-0.00011735118461423404,-0.000467489505300112,0.00013876433611695639,31,2.3333333333333335,0.0001778568067055702,4.333333333333333,0.0002952079913198042,1.0,7.39660997293092e-05,1.3333333333333333,9.106099348454452e-05,0.3333333333333333,2.5972676744065244e-05,2.0,0.00012622896760306396,-2.663334896648979e-05,1.1855791508659597e-05,-0.0003372759963848719,3,3
5000,mlp,GCB,CD16 Monocyte-1,0.0,0.0,0.0,31,0.0,0.0,0.0,0.0,0.0,0.0,0.0,0.0,0.0,0.0,0.0,0.0,0.0,0.0,0.0,0,0
5000,mlp,GCB,CD16 Monocyte-2,0.0,0.0,0.0,31,0.0,0.0,0.0,0.0,0.0,0.0,0.0,0.0,0.0,0.0,0.0,0.0,0.0,0.0,0.0,0,0
5000,mlp,GCB,CD16 NK,-0.012092917643817681,-0.03252057129211282,0.005132316058999406,31,7.0,0.012909507856305501,13.0,0.025002425500123184,0.0,0.0,1.6666666666666667,0.004062498053836208,2.3333333333333335,0.0030063879306555237,6.666666666666667,0.011036807520636996,-0.022394536307396056,0.00040646159069423945,-0.014290678214751232,0,3
5000,mlp,GCB,CD4 + Tcm-1,-0.008128292256934072,-0.06361042691206699,0.023098284456092594,31,6.0,0.035151472517063916,7.333333333333333,0.04327976477399798,0.0,0.0,0.3333333333333333,1.3145095564844756e-05,3.6666666666666665,0.01085932322491462,4.666666666666667,0.01897447038628385,0.0020271474250494674,0.010390349336638476,-0.036802373532490155,0,1
5000,mlp,GCB,CD4 + Tcm-2,-0.0013854038656475002,-0.02188027611091736,0.017565427045912123,31,45.333333333333336,0.015420862275573951,53.333333333333336,0.016806266141221448,8.333333333333334,0.0005860890980831975,13.333333333333334,0.000632176300518697,5.333333333333333,0.007672648600412801,8.333333333333334,0.009011965263624801,-0.00908859868149245,-0.009104207624792663,0.014036594709342612,6,5
5000,mlp,GCB,CD4 Monocyte-4,-2.5972676744065244e-05,-0.00015096618357487922,0.0,31,0.0,0.0,0.3333333333333333,2.5972676744065244e-05,0.0,0.0,0.0,0.0,0.0,0.0,0.3333333333333333,2.5972676744065244e-05,0.0,-7.791803023219573e-05,0.0,0,0
5000,mlp,GCB,CD56 NK,0.0010646082942397151,-0.006407536002784907,0.009053206230511842,31,107.0,0.016012344212040643,96.0,0.014947735917800931,24.333333333333332,0.00155477216678141,11.0,0.0005941362037820624,8.333333333333334,0.0035187463057979192,10.666666666666666,0.003414773974557551,0.008327492577081895,-0.0008531187090438196,-0.00428054898531893,6,5
5000,mlp,GCB,CD8 + CTL-1,0.002988625537203398,-0.004906240702145015,0.015836617907611816,31,16.333333333333332,0.005896591784012272,13.666666666666666,0.002907966246808874,5.666666666666667,0.000890764629450411,3.0,0.00031574997331177215,3.3333333333333335,0.003888115072611173,3.3333333333333335,0.0014745041915464128,-0.00410924723586614,0.011033500053399169,0.002041623794077165,6,4
5000,mlp,GCB,CD8 + CTL-2,-0.0012698646065443478,-0.004032744172097619,0.0002834671053498448,31,9.666666666666666,0.00048515339697304737,10.0,0.0017550180035173953,4.0,0.00017420709224408402,2.6666666666666665,0.00032387894686940953,2.3333333333333335,0.00012723642779552622,4.0,0.0012474291797145486,-0.002009196478329856,-0.0013919097200020176,-0.00040848762130116955,3,4
5000,mlp,GCB,CD8 + CTL-3,0.002704835025391728,-0.0005898448462258178,0.009416545500530485,31,9.666666666666666,0.0033150490615457954,3.6666666666666665,0.0006102140361540677,2.3333333333333335,0.00013332696982955904,0.3333333333333333,0.00020678246484698098,5.333333333333333,0.002874136444447776,1.3333333333333333,9.584592403862645e-05,0.0025503685488200752,0.003453722198003096,0.0021104143293520115,3,1
5000,mlp,GCB,CD8 Tem-1,-0.00984951165236151,-0.05877375943427499,0.02285878957143324,31,9.333333333333334,0.051282692949359616,10.666666666666666,0.06113220460172112,0.0,0.0,0.3333333333333333,1.3145095564844756e-05,5.0,0.017777454874229066,6.0,0.02761382143102573,-0.03477888938098733,0.009808195292066259,-0.00457784086816345,0,1
5000,mlp,GCB,CD8 Tem-2,0.0022457028493887846,-0.008264144244928192,0.016338521819603644,31,20.0,0.008412906702737548,17.333333333333332,0.006167203853348763,1.6666666666666667,7.841000475908683e-05,0.6666666666666666,3.023998932008007e-05,5.0,0.006397981098133287,3.3333333333333335,0.004200448264183508,-0.004990857516778229,0.007272167850380594,0.004455798214563994,3,2
5000,mlp,GCB,Cycling T,-0.0007680491551459293,-0.0032467532467532465,0.0,31,0.0,0.0,0.6666666666666666,0.0007680491551459293,0.0,0.0,0.3333333333333333,0.00038402457757296467,0.0,0.0,0.3333333333333333,0.00038402457757296467,0.0,-0.001152073732718894,-0.001152073732718894,0,1
5000,mlp,GCB,Erythrocyte,0.0,0.0,0.0,31,0.0,0.0,0.0,0.0,0.0,0.0,0.0,0.0,0.0,0.0,0.0,0.0,0.0,0.0,0.0,0,0
5000,mlp,GCB,GCB,-0.002777164913496194,-0.05925376453842631,0.065143168102437,31,2089.6666666666665,0.15699063845896077,2285.0,0.15976780337245697,0.0,0.0,0.0,0.0,0.0,0.0,0.0,0.0,-0.03813182632802752,0.029175581292547763,0.0006247502949911839,0,0
5000,mlp,GCB,Memory B-1,0.014467605871757683,-0.07063485716878269,0.09727831996572894,31,764.6666666666666,0.6286480608987848,588.0,0.614180455027027,300.3333333333333,0.04275151219340107,137.0,0.03691242584880705,37.0,0.050425378122010166,23.666666666666668,0.0417968585948465,0.05582821066155468,-0.04001512738528198,0.027589734339000346,12,13
5000,mlp,GCB,Memory B-2,0.0009570973889849174,-0.0029139293985442466,0.006072580974755127,31,119.0,0.01442017032326178,114.0,0.013463072934276862,41.333333333333336,0.0021259773896817654,24.333333333333332,0.001451956361049135,12.666666666666666,0.0025110686670886725,24.666666666666668,0.0022279923067363857,0.0017208308879054965,-0.0007275353491027513,0.0018779966281520072,5,6
5000,mlp,GCB,Naive T,-0.002627579934698384,-0.019126910595245874,0.014080352324817974,31,55.0,0.024851826910643544,52.333333333333336,0.02747940684534193,12.0,0.0008685222929468747,11.666666666666666,0.000931616359772572,7.666666666666667,0.007291179542762015,5.333333333333333,0.009855665410634701,-0.000603309115681826,0.0018564157645468776,-0.009135846452960204,6,6
5000,mlp,GCB,Plasma,-7.881692039613084e-05,-0.0023811203059369316,0.0020809139081252974,31,2.6666666666666665,0.0005869322760486768,1.6666666666666667,0.0006657491964448077,1.0,7.494215402486205e-05,0.3333333333333333,1.3145095564844756e-05,1.0,0.0004501930635637975,0.6666666666666666,0.0005908070424199456,0.0013653567481492226,0.00013117833122768742,-0.0017329858405653027,2,1
5000,mlp,GCB,Tcm,-0.0012199477560570606,-0.00801557949787946,0.002439458143038135,31,3.6666666666666665,0.0009305898783515417,1.0,0.002150537634408602,1.6666666666666667,0.00011377381784505719,0.3333333333333333,0.0007168458781362007,2.0,0.0008168160605064845,0.6666666666666666,0.0014336917562724014,-0.0019409178925249185,-0.00422306302089428,0.002504137645248018,3,1
5000,mlp,GCB,cDC2,0.0,0.0,0.0,31,0.0,0.0,0.0,0.0,0.0,0.0,0.0,0.0,0.0,0.0,0.0,0.0,0.0,0.0,0.0,0,0
5000,mlp,GCB,pDC,0.006059000176647236,-0.00010256936253141189,0.03161851691263456,31,0.6666666666666666,0.0060931899641577065,0.6666666666666666,3.4189787510470627e-05,0.0,0.0,0.6666666666666666,3.4189787510470627e-05,0.6666666666666666,0.0060931899641577065,0.0,0.0,0.018228285211207413,0.0,-5.1284681265705936e-05,0,1
5000,mlp,GCB,platelet,0.0,0.0,0.0,31,0.0,0.0,0.0,0.0,0.0,0.0,0.0,0.0,0.0,0.0,0.0,0.0,0.0,0.0,0.0,0,0
5000,mlp,Memory B-1,Atypical Memory B,-8.982874291349756e-05,-0.000651440832400062,0.00026844038719370803,40,7.666666666666667,0.00020992363992777458,7.0,0.0002997523828412721,2.6666666666666665,5.681099257201643e-05,1.3333333333333333,5.9262239546039996e-05,2.0,8.713486894180171e-05,2.6666666666666665,0.00017451236488127576,0.00015671899995951423,7.189630772137679e-05,-0.0004981015364213838,7,3
5000,mlp,Memory B-1,CD14 Monocyte-1,-4.226710063432195e-05,-0.0008000111558120704,0.0006137826566633579,40,7.333333333333333,0.0005766243901120994,5.666666666666667,0.0006188914907464213,2.6666666666666665,0.00015530447541649934,2.0,0.0001307209934286363,3.3333333333333335,0.00025843172008426196,2.3333333333333335,0.00032528230270644686,-0.0006645307692302527,0.00023507865401860083,0.0003026508133086861,8,5
5000,mlp,Memory B-1,CD14 Monocyte-2,-0.0009680474449482035,-0.005439837077115686,0.002579490093299343,40,109.0,0.006289949635447649,113.0,0.007257997080395852,42.0,0.0021269230836839094,38.0,0.0022630348351270267,48.333333333333336,0.0031440096275545046,56.333333333333336,0.00397594532105959,0.002474839590431799,-0.0034936494524834627,-0.001885332472792946,21,23
5000,mlp,Memory B-1,CD14 Monocyte-3,-7.824726134585289e-05,-0.0004694835680751173,0.00011737089201877933,40,0.3333333333333333,3.9123630672926444e-05,1.0,0.00011737089201877933,0.0,0.0,0.3333333333333333,3.9123630672926444e-05,0.3333333333333333,3.9123630672926444e-05,0.6666666666666666,7.824726134585289e-05,-0.00011737089201877934,0.00011737089201877934,-0.00023474178403755868,0,1
5000,mlp,Memory B-1,CD16 Monocyte-1,-2.6534840307212556e-05,-0.0003258506024362393,0.00020336590930870296,40,1.3333333333333333,9.283761752560192e-05,1.6666666666666667,0.0001193724578328145,1.0,5.371398685267548e-05,0.6666666666666666,6.943848917093064e-05,0.3333333333333333,3.9123630672926444e-05,1.0,4.9933968661883857e-05,6.038647342995169e-05,-0.00023776187505107228,9.777088069948287e-05,3,2
5000,mlp,Memory B-1,CD16 Monocyte-2,5.342913381973096e-05,-0.00012194734248694988,0.0002864026394195603,40,1.6666666666666667,0.00011420691617967103,1.0,6.0777782359940054e-05,1.3333333333333333,8.390388587664072e-05,0.6666666666666666,5.749565028694544e-05,0.3333333333333333,3.0303030303030302e-05,0.3333333333333333,3.282132072994617e-06,7.309941520467836e-05,9.70343824734984e-05,-9.846396218983852e-06,3,2
5000,mlp,Memory B-1,CD16 NK,-0.001661250623693793,-0.004704731584250039,0.0014179735207731268,40,136.66666666666666,0.007604185764517883,179.33333333333334,0.009265436388211678,32.333333333333336,0.0018821013437161007,44.666666666666664,0.0023937115086125897,17.666666666666668,0.0010876052544143637,48.0,0.002237245713211668,-0.004143144432650608,-0.0017093469962937108,0.0008687395578629396,26,25
5000,mlp,Memory B-1,CD4 + Tcm-1,0.0022317282085483185,-0.0012863549549246725,0.006079276207034422,40,311.0,0.018905587999518192,316.3333333333333,0.016673859790969876,125.66666666666667,0.007555947177961501,113.66666666666667,0.0054333864060974145,40.0,0.00301317758118861,57.333333333333336,0.002904010144504378,0.0018107179826194046,0.004631589422995824,0.00025287722002972755,31,30
5000,mlp,Memory B-1,CD4 + Tcm-2,-0.00042178087528652475,-0.0018048116550552717,0.0007107573990491874,40,23.0,0.001426107859970889,31.333333333333332,0.0018478887352574136,7.0,0.000302452139932981,11.0,0.0007319194139572526,8.666666666666666,0.0007492284490818094,13.0,0.0007415420503440623,0.00018256803438954674,-0.0009276733686211514,-0.0005202372916279693,11,13
5000,mlp,Memory B-1,CD4 Monocyte-4,-4.595423176582262e-05,-0.00023474178403755865,0.0,40,0.0,0.0,0.6666666666666666,4.595423176582262e-05,0.0,0.0,0.0,0.0,0.0,0.0,0.6666666666666666,4.595423176582262e-05,0.0,-0.00013786269529746786,0.0,0,0
5000,mlp,Memory B-1,CD56 NK,0.00021481876680155398,-0.0015001829139054104,0.001913772169970338,40,48.0,0.002447734022496077,43.0,0.0022329152556945227,19.0,0.0010628044575088284,11.666666666666666,0.0006621646797604403,15.666666666666666,0.0007882462925089933,18.0,0.0009740673034558273,0.001822814655103176,-4.22704581591285e-05,-0.0011360878965393853,18,13
5000,mlp,Memory B-1,CD8 + CTL-1,0.00016388924186886298,-0.00018702280461568545,0.0006030113214015478,40,6.333333333333333,0.0002919564072920945,2.6666666666666665,0.0001280671654232315,2.3333333333333335,0.0001506850641110017,0.6666666666666666,8.003446670943558e-05,3.0,0.0001223349597954962,1.0,2.909631532819939e-05,3.277567558523228e-05,-5.436936332317054e-05,0.0005132614133445273,7,2
5000,mlp,Memory B-1,CD8 + CTL-2,0.00030733194994655093,0.0,0.0008492501414827371,40,1.6666666666666667,0.00030733194994655093,0.0,0.0,0.3333333333333333,2.4366471734892787e-05,0.0,0.0,1.3333333333333333,0.0002829654782116582,0.0,0.0,0.00016129032258064516,0.0002631578947368421,0.0004975476325221656,1,0
5000,mlp,Memory B-1,CD8 + CTL-3,0.0007209463305602497,5.8348749499368985e-05,0.0017239018934681635,40,42.666666666666664,0.000916677435225945,7.666666666666667,0.00019573110466569523,16.666666666666668,0.00047331058023643394,1.0,2.7022593549204188e-05,23.666666666666668,0.0003906179733800501,4.333333333333333,0.00011595962950702994,0.0009303407790238761,0.00012953442192501822,0.001102963790731855,9,2
5000,mlp,Memory B-1,CD8 Tem-1,-0.0011268874668990117,-0.006266716062028283,0.005441809795210708,40,460.0,0.028498881748289007,479.0,0.02962576921518802,124.0,0.00692893945841853,158.0,0.009068383765853411,79.33333333333333,0.005184500004055262,64.33333333333333,0.00417194316351939,-0.006102128178411345,0.000561005364399365,0.0021604604133149455,30,36
5000,mlp,Memory B-1,CD8 Tem-2,0.0003179367058963509,-0.0008080132331403753,0.0012580832814607233,40,25.0,0.0015976884688547258,17.333333333333332,0.001279751762958375,9.333333333333334,0.0005734946480424057,6.0,0.0003048445144108608,10.333333333333334,0.000597977480048652,6.0,0.000548690907783846,0.0005601445404493382,0.0008240441965873986,-0.00043037861934768434,11,10
5000,mlp,Memory B-1,Cycling T,-0.0001069750718909799,-0.000638872495780821,0.0003326242085764979,40,15.666666666666666,0.0008826167125059555,15.0,0.0009895917843969354,6.0,0.00030778176790353966,4.666666666666667,0.0002847204832171674,5.0,0.00019027580113347946,5.666666666666667,0.00032031215771083165,0.00017132906431886917,-0.0002151638591367406,-0.00027709042085506815,12,10
5000,mlp,Memory B-1,Erythrocyte,3.2387614976033164e-06,0.0,1.9432568985619897e-05,40,0.3333333333333333,3.2387614976033164e-06,0.0,0.0,0.3333333333333333,3.2387614976033164e-06,0.0,0.0,0.0,0.0,0.0,0.0,9.716284492809949e-06,0.0,0.0,1,0
5000,mlp,Memory B-1,GCB,0.0005943798214589308,-0.0047567157659092005,0.005224393716200069,40,572.6666666666666,0.015020492093895133,516.0,0.014426112272436202,277.3333333333333,0.0077887750654652525,235.0,0.007307951744529334,48.333333333333336,0.0013791159575860506,34.0,0.001265559457063039,0.0012230700216229462,0.003640593913700393,-0.003080524470946546,33,31
5000,mlp,Memory B-1,Memory B-1,-0.0032903552719732707,-0.013357585610017195,0.006538541443613888,40,21310.333333333332,0.8924713871114266,21538.333333333332,0.8957617423834,0.0,0.0,0.0,0.0,0.0,0.0,0.0,0.0,-0.004591625826211082,-0.005929197397963748,0.0006497574082550168,0,0
5000,mlp,Memory B-1,Memory B-2,0.0017999137260945582,-0.003922051236561531,0.007459603752073525,40,512.6666666666666,0.014701667780122343,348.3333333333333,0.012901754054027785,327.0,0.008863719556440294,161.33333333333334,0.006995987109775707,25.0,0.0007708845137342525,26.333333333333332,0.0008387032343042806,0.0047982456586784196,0.0009328618941896897,-0.00033136637458443496,36,27
5000,mlp,Memory B-1,Naive T,0.0010205614745325835,-0.0002821348607800866,0.0024254486377663464,40,74.0,0.0029462730799573894,50.333333333333336,0.0019257116054248059,29.666666666666668,0.001150500885462085,14.0,0.0006560599774427011,22.666666666666668,0.0010483251469981395,14.666666666666666,0.0005222045804849402,-0.00010434039311771204,0.0019723775173007664,0.0011936472994146957,22,13
5000,mlp,Memory B-1,Plasma,0.0005005639733514939,-0.00030566790654266887,0.0013728724864155494,40,23.333333333333332,0.0019147363033500736,20.0,0.0014141723299985795,13.333333333333334,0.0009647103008185044,11.666666666666666,0.0007485489294602244,5.0,0.0005142985086825867,3.3333333333333335,0.00022989590668937268,0.0007542783220197578,0.000388079801802919,0.0003593337962318049,22,16
5000,mlp,Memory B-1,Tcm,-0.0004916964055805435,-0.0027523816453834276,0.0008041667550896158,40,8.333333333333334,0.00045393464568431073,8.0,0.0009456310512648541,3.3333333333333335,0.0001569524824359207,3.0,0.000352112676056338,5.0,0.00029698216324839,5.0,0.0005935183752085161,-0.0009200650451267074,-0.0006690327689999065,0.00011400859738498357,4,1
5000,mlp,Memory B-1,cDC2,-9.775287532434408e-05,-0.000517739861678694,0.0002520542592651337,40,3.0,0.00032513442988569614,4.333333333333333,0.00042288730521004023,1.6666666666666667,2.2735990116411116e-05,2.0,0.00011945898113959587,0.6666666666666666,0.00011082755854323139,1.6666666666666667,0.00011185744284439071,-7.203373726941877e-05,-2.7973061414064638e-05,-0.00019325182728954885,3,5
5000,mlp,Memory B-1,pDC,0.0004797164875136686,-0.0006704071119214001,0.0017818809275895351,40,19.666666666666668,0.0019225779650247344,15.0,0.0014428614775110656,8.333333333333334,0.0005762725501773448,4.0,0.0001897067656039128,5.333333333333333,0.000617570164959912,5.0,0.0005244194620196755,0.0013755325621071638,-0.0004203233671268481,0.00048394026756069027,12,9
5000,mlp,Memory B-1,platelet,3.9123630672926444e-05,0.0,0.00015845070422534143,40,0.3333333333333333,3.9123630672926444e-05,0.0,0.0,0.0,0.0,0.0,0.0,0.3333333333333333,3.9123630672926444e-05,0.0,0.0,0.00011737089201877934,0.0,0.0,0,0
5000,mlp,Memory B-2,Atypical Memory B,2.3655761360679383e-05,-0.00021045899291405443,0.0003145878736235311,33,3.6666666666666665,0.00028905154544850523,3.3333333333333335,0.00026539578408782584,1.6666666666666667,0.00013061572233979445,0.6666666666666666,4.835260757341802e-05,0.3333333333333333,2.4696846212738633e-05,1.0,8.330419961843569e-05,0.00024678934429912927,-3.0764237496837056e-05,-0.00014505782272025407,3,2
5000,mlp,Memory B-2,CD14 Monocyte-1,0.0,0.0,0.0,33,0.0,0.0,0.0,0.0,0.0,0.0,0.0,0.0,0.0,0.0,0.0,0.0,0.0,0.0,0.0,0,0
5000,mlp,Memory B-2,CD14 Monocyte-2,-0.0009182736455463728,-0.00808080808080808,0.003790933528836738,33,0.3333333333333333,0.0009182736455463728,0.6666666666666666,0.0018365472910927456,0.0,0.0,0.0,0.0,0.3333333333333333,0.0009182736455463728,0.6666666666666666,0.0018365472910927456,0.0027548209366391185,-0.005509641873278237,0.0,0,0
5000,mlp,Memory B-2,CD14 Monocyte-3,0.0,0.0,0.0,33,0.0,0.0,0.0,0.0,0.0,0.0,0.0,0.0,0.0,0.0,0.0,0.0,0.0,0.0,0.0,0,0
5000,mlp,Memory B-2,CD16 Monocyte-1,0.0,0.0,0.0,33,0.0,0.0,0.0,0.0,0.0,0.0,0.0,0.0,0.0,0.0,0.0,0.0,0.0,0.0,0.0,0,0
5000,mlp,Memory B-2,CD16 Monocyte-2,-0.0007523039307880384,-0.004273504273504274,0.00013592967749446913,33,0.3333333333333333,2.4696846212738633e-05,0.3333333333333333,0.000777000777000777,0.3333333333333333,2.4696846212738633e-05,0.0,0.0,0.0,0.0,0.3333333333333333,0.000777000777000777,-0.002331002331002331,7.40905386382159e-05,0.0,1,0
5000,mlp,Memory B-2,CD16 NK,-0.00012010841703414552,-0.00040594125892909604,0.0,33,1.6666666666666667,0.0015417888278523974,3.0,0.0016618972448865432,0.0,0.0,0.0,0.0,0.0,0.0,1.3333333333333333,0.00012010841703414552,-0.00028623471246422066,0.0,-7.40905386382159e-05,0,0
5000,mlp,Memory B-2,CD4 + Tcm-1,-8.860946076609301e-05,-0.010753012722691208,0.007868841124924175,33,1.0,0.0027548209366391185,3.6666666666666665,0.0028434303974052117,1.0,0.0027548209366391185,1.0,0.00014842320321969393,0.0,0.0,2.6666666666666665,0.002695007194185518,0.0023874914980042167,0.0026838536525570804,-0.0053371735328595765,1,2
5000,mlp,Memory B-2,CD4 + Tcm-2,0.0,0.0,0.0,33,0.6666666666666666,0.001554001554001554,0.6666666666666666,0.001554001554001554,0.0,0.0,0.0,0.0,0.0,0.0,0.0,0.0,0.0,0.0,0.0,0,0
5000,mlp,Memory B-2,CD4 Monocyte-4,-0.003113924309695263,-0.016667110489091974,0.004259125565907317,33,5.0,0.001280213405970687,5.0,0.0043941377156659495,1.3333333333333333,9.566413029477682e-05,1.3333333333333333,0.00018841898071466005,1.0,0.00097688099895207,1.0,0.003998050458227449,-0.012201850437144555,3.428928733760994e-05,0.0028257882207211567,2,2
5000,mlp,Memory B-2,CD56 NK,0.0005138557051125357,-0.00026039924166387866,0.0026483558623334137,33,1.6666666666666667,0.0006589135278327897,2.0,0.00014505782272025407,0.3333333333333333,0.0005611672278338944,0.0,0.0,0.3333333333333333,2.4696846212738633e-05,1.0,7.200836893409743e-05,0.0016835016835016834,-0.00014193456816407636,0.0,1,0
5000,mlp,Memory B-2,CD8 + CTL-1,-1.0410848520592406e-06,-0.00013583265417006248,0.00011175455241617944,33,1.3333333333333333,9.462304544271757e-05,1.3333333333333333,9.566413029477682e-05,0.0,0.0,0.0,0.0,0.3333333333333333,2.3655761360679393e-05,0.3333333333333333,2.4696846212738633e-05,7.096728408203818e-05,-7.40905386382159e-05,0.0,0,0
5000,mlp,Memory B-2,CD8 + CTL-2,0.0,0.0,0.0,33,0.0,0.0,0.0,0.0,0.0,0.0,0.0,0.0,0.0,0.0,0.0,0.0,0.0,0.0,0.0,0,0
5000,mlp,Memory B-2,CD8 + CTL-3,0.0007548094210664133,0.00011819183709251212,0.0015871848145545097,33,14.333333333333334,0.001334621935401751,6.333333333333333,0.0005798125143353379,5.0,0.0005295203310951416,0.6666666666666666,4.9393692425477266e-05,4.666666666666667,0.0003466911513308464,1.0,7.200836893409742e-05,0.0009611601406829864,0.00037072950873682115,0.0009325386137794323,5,1
5000,mlp,Memory B-2,CD8 Tem-1,-0.00503968350466115,-0.018241567460317458,0.004275075414781289,33,2.0,0.00949050949050949,3.0,0.01453019299517064,0.3333333333333333,0.000777000777000777,0.0,0.0,0.3333333333333333,0.000777000777000777,1.6666666666666667,0.006593685058662704,0.002260035046920293,-0.009573759573759574,-0.007805325987144169,1,0
5000,mlp,Memory B-2,CD8 Tem-2,0.02080536706102781,-0.05690941520359454,0.10950757894067024,33,65.66666666666667,0.14328844432898336,44.0,0.12248307726795553,12.666666666666666,0.024856160339602713,5.666666666666667,0.007799655789779744,19.333333333333332,0.03809565865631197,4.666666666666667,0.03434679614510713,0.08533700752811786,-0.0025191048331141812,-0.02040180151192024,12,8
5000,mlp,Memory B-2,Cycling T,2.4696846212738633e-05,0.0,0.00013583265417006248,33,0.3333333333333333,2.4696846212738633e-05,0.0,0.0,0.0,0.0,0.0,0.0,0.3333333333333333,2.4696846212738633e-05,0.0,0.0,0.0,0.0,7.40905386382159e-05,0,0
5000,mlp,Memory B-2,Erythrocyte,0.0,0.0,0.0,33,0.0,0.0,0.0,0.0,0.0,0.0,0.0,0.0,0.0,0.0,0.0,0.0,0.0,0.0,0.0,0,0
5000,mlp,Memory B-2,GCB,0.0022308966599567212,-0.004341773181750098,0.010804472972825444,33,52.666666666666664,0.009220479646961514,73.0,0.0069895829870047915,16.666666666666668,0.0015832204635158904,20.0,0.001714541642371905,9.333333333333334,0.004584662540093415,26.333333333333332,0.0022224447012806794,0.0027943976705460307,0.0055142664941234916,-0.0016159741847993575,6,6
5000,mlp,Memory B-2,Memory B-1,0.027806458479149965,-0.07578785879912109,0.14949620427414534,33,875.3333333333334,0.4974654019436249,666.0,0.46965894346447506,295.6666666666667,0.05991439715734733,109.66666666666667,0.06079493439341548,35.333333333333336,0.04643890023457586,12.0,0.017751904519357743,-0.03871950223591544,-0.030284645705414285,0.15242352337877962,19,16
5000,mlp,Memory B-2,Memory B-2,-0.021237505181693938,-0.10319973406769097,0.07122644255317293,33,1074.3333333333333,0.2937642245030618,1264.6666666666667,0.31500172968475576,0.0,0.0,0.0,0.0,0.0,0.0,0.0,0.0,-0.012690241705018696,0.037004518372579766,-0.08802679221264287,0,0
5000,mlp,Memory B-2,Naive T,0.002501596763891846,-8.679974722129288e-05,0.01382546187874056,33,0.6666666666666666,0.003443526170798898,0.6666666666666666,0.0009419294069070522,0.0,0.0,0.3333333333333333,2.3655761360679393e-05,0.3333333333333333,0.0025252525252525255,0.0,0.0,0.007504790291675538,0.0,0.0,0,1
5000,mlp,Memory B-2,Plasma,0.005072078642161611,-0.00018642175696684542,0.022258714050283058,33,2.3333333333333335,0.005181120772844845,1.3333333333333333,0.00010904213068323355,0.6666666666666666,0.005050505050505051,0.0,0.0,1.3333333333333333,9.566413029477682e-05,1.0,7.40905386382159e-05,0.015151515151515152,7.096728408203818e-05,-6.246509112355438e-06,2,0
5000,mlp,Memory B-2,Tcm,-0.005771217246627083,-0.022282396565183448,0.0,33,1.0,0.00101010101010101,7.333333333333333,0.006781318256728094,0.6666666666666666,0.0006734006734006734,3.0,0.0030303030303030303,0.0,0.0,4.0,0.0034143148897247256,-0.00808080808080808,-0.00916187637499113,-7.096728408203818e-05,1,1
5000,mlp,Memory B-2,cDC2,0.0,0.0,0.0,33,0.0,0.0,0.0,0.0,0.0,0.0,0.0,0.0,0.0,0.0,0.0,0.0,0.0,0.0,0.0,0,0
5000,mlp,Memory B-2,pDC,0.0005608698896989308,-0.009620098039215687,0.010054720687057551,33,1.6666666666666667,0.008382554842731834,4.333333333333333,0.007821684953032903,0.0,0.0,2.0,0.00014713999242437254,1.0,0.003332049792226783,1.6666666666666667,0.00262403991010348,0.0069273649138520375,0.0,-0.005244755244755245,0,2
5000,mlp,Memory B-2,platelet,-0.023251618447975114,-0.07805807509377206,0.010708057555884562,33,24.0,0.01827793517382095,39.333333333333336,0.04152955362179606,1.6666666666666667,0.00022476665686134653,3.3333333333333335,0.0019936120373668614,1.3333333333333333,0.005584957782839693,15.0,0.027067730850309293,-0.05377020198748274,0.01154310256680151,-0.02752775592324412,4,5
5000,mlp,Naive T,Atypical Memory B,4.828118964851294e-06,0.0,2.8968713789107764e-05,40,0.3333333333333333,4.828118964851294e-06,0.0,0.0,0.3333333333333333,4.828118964851294e-06,0.0,0.0,0.0,0.0,0.0,0.0,1.4484356894553882e-05,0.0,0.0,1,0
5000,mlp,Naive T,CD14 Monocyte-1,-2.2257135685165317e-05,-0.0016225065230572795,0.0018017794358449486,40,8.0,0.002065285638705387,8.333333333333334,0.002087542774390552,1.0,3.5631620636034154e-05,0.3333333333333333,3.892262182780632e-06,4.333333333333333,0.001118332101723468,5.333333333333333,0.0011723285958618868,0.0006684624958858248,0.00017012619673520196,-0.0009053600996765225,3,1
5000,mlp,Naive T,CD14 Monocyte-2,-0.001225785230011948,-0.010677352475020323,0.0062019064487507086,40,34.333333333333336,0.010919389154480852,29.666666666666668,0.012145174384492799,2.6666666666666665,0.0007312607728757707,1.3333333333333333,0.0005375547661734324,27.333333333333332,0.009063575365400497,24.0,0.010483066602114783,0.0013339366681950234,-0.003512608195843934,-0.001498684162386934,7,4
5000,mlp,Naive T,CD14 Monocyte-3,-3.433116409545231e-05,-0.0007375929292774317,0.0003078878488676265,40,21.0,0.0002618641475275812,12.0,0.0002961953116230335,8.666666666666666,9.836521167779257e-05,3.0,3.133191527532588e-05,7.0,0.00010303030780495757,3.6666666666666665,0.00020439476830287658,-0.0003127681677512254,0.00013745471933985368,7.231995612501477e-05,6,4
5000,mlp,Naive T,CD16 Monocyte-1,9.335885761348715e-05,-0.0003970541172602624,0.0007500476588862269,40,1.0,0.00016582262572942917,0.3333333333333333,7.246376811594203e-05,0.0,0.0,0.0,0.0,1.0,0.00016582262572942917,0.3333333333333333,7.246376811594203e-05,7.911392405063291e-05,0.0004098360655737705,-0.00020887341678394196,0,0
5000,mlp,Naive T,CD16 Monocyte-2,-0.0005616703142120645,-0.0017917404467406234,0.0001633479756152328,40,1.3333333333333333,0.00014620515086768624,3.3333333333333335,0.0007078754650797508,0.0,0.0,0.3333333333333333,2.1872265966754154e-05,1.3333333333333333,0.00014620515086768624,3.0,0.0006860031991129966,-0.0009381428672767256,-0.0007553859629233522,8.517887563884156e-06,0,1
5000,mlp,Naive T,CD16 NK,-0.0066219799970279845,-0.013680579149283369,4.1757820143878355e-05,40,93.33333333333333,0.022136125859547922,99.0,0.02875810585657591,8.333333333333334,0.0008744294926350422,9.666666666666666,0.0021163930417432324,46.0,0.010363285923003595,50.333333333333336,0.01574330237092339,-0.0069816635641604,-0.010026813320731572,-0.0028574631061919864,12,12
5000,mlp,Naive T,CD4 + Tcm-1,0.020750435983006098,-0.01803231412524383,0.07577396230156368,40,1924.6666666666667,0.4308040548150826,1858.6666666666667,0.4100536188320764,362.0,0.04096359238616807,287.3333333333333,0.03400997686015065,369.0,0.08306809730570199,377.6666666666667,0.06927127684871331,0.03994544963052408,0.00113945389346473,0.021166404425029473,38,38
5000,mlp,Naive T,CD4 + Tcm-2,0.0035352108942586797,-0.017796403219271603,0.02426767184976288,40,2072.6666666666665,0.07652306996802653,1908.0,0.07298785907376786,651.6666666666666,0.015503835669853113,513.0,0.012519182582129975,223.33333333333334,0.024386939218625257,197.33333333333334,0.023836381412089713,0.023496429405329956,-0.014781802588816765,0.0018910058662628502,27,29
5000,mlp,Naive T,CD4 Monocyte-4,0.00013406076992403758,-1.9312475859405175e-05,0.0005555555555555556,40,0.3333333333333333,0.0001388888888888889,0.3333333333333333,4.828118964851294e-06,0.0,0.0,0.0,0.0,0.3333333333333333,0.0001388888888888889,0.3333333333333333,4.828118964851294e-06,0.00041666666666666664,-1.4484356894553882e-05,0.0,0,0
5000,mlp,Naive T,CD56 NK,0.0020855940617726426,-0.004380812032506234,0.008953577858067129,40,185.66666666666666,0.01893339215742314,189.66666666666666,0.016847798095650495,36.333333333333336,0.0013706956858014962,27.333333333333332,0.0009251295252311826,62.0,0.011039028153221856,75.0,0.009399000252019526,-0.0034820727675929546,0.0038921261877478256,0.005846728765163059,16,15
5000,mlp,Naive T,CD8 + CTL-1,0.0014783735806652924,-0.0003067207564414333,0.004572970446052434,40,34.0,0.002793915094551142,38.0,0.0013155415138858498,2.3333333333333335,9.306734855672338e-05,5.333333333333333,0.00015667527278473585,18.333333333333332,0.002048611061918552,19.333333333333332,0.0005066295570252474,0.003262475384589391,0.00019025872315926186,0.0009823866342472249,6,5
5000,mlp,Naive T,CD8 + CTL-2,6.18485602409275e-05,-0.0019428262202488104,0.0018691152992726559,40,183.33333333333334,0.003926827264881797,135.0,0.0038649787046408693,85.33333333333333,0.0011804363984006612,54.0,0.0007587695559149885,54.0,0.0018035876248993221,37.0,0.002163405907144067,0.0003803993316204506,-0.000287299466819428,9.24458159217597e-05,10,8
5000,mlp,Naive T,CD8 + CTL-3,-0.0008251243575502172,-0.002549620134655541,0.0006864943279068735,40,106.0,0.0018012141507410566,166.33333333333334,0.002626338508291274,33.666666666666664,0.0004066368552646528,45.0,0.0006293004090413297,22.666666666666668,0.0007204793913101174,71.66666666666667,0.0013229401950836577,2.553251007275806e-05,-0.0012934528809882312,-0.0012074527017351788,7,6
5000,mlp,Naive T,CD8 Tem-1,0.0025787745611086967,-0.0347541695790718,0.03583719756652762,40,526.3333333333334,0.1673788683753815,502.6666666666667,0.16480009381427282,45.333333333333336,0.020587504750591876,37.333333333333336,0.009726636753210114,187.0,0.05497360571760442,171.33333333333334,0.06325569915387748,0.0018729371237978687,0.025373216353609878,-0.019509829794081657,30,29
5000,mlp,Naive T,CD8 Tem-2,0.0009172796834805615,-0.002764520643994536,0.004436938012404672,40,228.66666666666666,0.01234426305666154,187.66666666666666,0.011426983373180976,55.333333333333336,0.0009958277315000924,25.666666666666668,0.0012250106390994681,49.333333333333336,0.007104293706150048,38.0,0.0059578311150701125,0.0018337679268015995,0.0019968999723514336,-0.0010788288487113482,11,13
5000,mlp,Naive T,Cycling T,-0.0007592175969661666,-0.0039366946046247775,0.0023328902212887133,40,14.666666666666666,0.003467938963255752,10.666666666666666,0.004227156560221919,4.0,0.00031196342816772324,2.3333333333333335,0.0002683997441916259,8.666666666666666,0.00211816689311272,6.333333333333333,0.002920948174054984,-0.0024576443164465367,0.001095550098480742,-0.0009155585729327054,5,4
5000,mlp,Naive T,Erythrocyte,0.0,0.0,0.0,40,0.0,0.0,0.0,0.0,0.0,0.0,0.0,0.0,0.0,0.0,0.0,0.0,0.0,0.0,0.0,0,0
5000,mlp,Naive T,GCB,0.00019377863698889734,-8.363882405307483e-06,0.0005326981708274774,40,18.0,0.00031293276600245036,9.333333333333334,0.00011915412901355299,7.333333333333333,8.041752215065199e-05,1.6666666666666667,3.4109533463512624e-05,5.333333333333333,0.00017258442648258564,2.3333333333333335,2.511377818082771e-05,0.00022967847442724527,0.0003165381321099425,3.5119304429504257e-05,6,4
5000,mlp,Naive T,Memory B-1,1.548398890182214e-05,-0.002563006359692366,0.0031925600451780827,40,14.0,0.004232839937755002,15.0,0.004217355948853179,2.3333333333333335,0.0004148300902759011,2.0,0.0004653430898730364,11.0,0.0035530294198970465,12.333333333333334,0.0034870324313980884,0.0013433283993437828,-0.0001725700048013326,-0.0011243064278369838,6,5
5000,mlp,Naive T,Memory B-2,5.881085293003874e-06,-6.414882646231045e-06,3.2490626876754766e-05,40,0.6666666666666666,8.720381147631925e-06,0.3333333333333333,2.839295854628052e-06,0.0,0.0,0.0,0.0,0.6666666666666666,8.720381147631925e-06,0.3333333333333333,2.839295854628052e-06,0.0,1.764325587901162e-05,0.0,0,0
5000,mlp,Naive T,Naive T,-0.01972144934035154,-0.07322548795728608,0.02114211841039815,40,12427.0,0.23851999725314166,12718.666666666666,0.25824144659349324,0.0,0.0,0.0,0.0,0.0,0.0,0.0,0.0,-0.05923777093709933,-0.0014865630758547604,0.0015599859918994485,0,0
5000,mlp,Naive T,Plasma,-5.7870370370370366e-05,-0.00023148148148148146,0.0,40,0.0,0.0,0.3333333333333333,5.7870370370370366e-05,0.0,0.0,0.0,0.0,0.0,0.0,0.3333333333333333,5.7870370370370366e-05,0.0,-0.0001736111111111111,0.0,0,0
5000,mlp,Naive T,Tcm,-0.0017572361235351705,-0.00796759970898839,0.002085113002915942,40,60.666666666666664,0.00295397363701919,64.33333333333333,0.004711209760554361,10.0,0.00013088584620104488,9.666666666666666,0.0006342957130358705,34.333333333333336,0.001751346758447192,38.333333333333336,0.003005173015147537,-0.0015960544057641427,-0.0016645620590557645,-0.0020110919057856054,6,1
5000,mlp,Naive T,cDC2,7.93780594145074e-05,-1.6604770373822723e-05,0.0004807692307692308,40,0.6666666666666666,8.351987518654185e-05,0.3333333333333333,4.14181577203446e-06,0.0,0.0,0.3333333333333333,4.14181577203446e-06,0.6666666666666666,8.351987518654185e-05,0.0,0.0,1.0175010175010174e-05,0.0002403846153846154,-1.2425447316103378e-05,0,1
5000,mlp,Naive T,pDC,-0.0003560855929750385,-0.001633493513153789,0.00010606244373771015,40,2.6666666666666665,6.734233788234746e-05,2.0,0.000423427930857386,1.0,8.64782592843268e-06,0.3333333333333333,3.3916700583367245e-06,1.6666666666666667,5.869451195391479e-05,1.6666666666666667,0.00042003626079904923,6.711857427359418e-05,-0.0008103351899954659,-0.00032504016320324364,3,1
5000,mlp,Naive T,platelet,8.720381147631925e-06,0.0,3.6753238154669026e-05,40,0.6666666666666666,8.720381147631925e-06,0.0,0.0,0.0,0.0,0.0,0.0,0.6666666666666666,8.720381147631925e-06,0.0,0.0,2.6161143442895778e-05,0.0,0.0,0,0
5000,mlp,Plasma,Atypical Memory B,-0.0003470894751001798,-0.002116402116402116,0.0010152696556205328,40,0.6666666666666666,0.00037926344423519563,1.0,0.0007263529193353755,0.3333333333333333,7.062146892655367e-05,0.3333333333333333,0.0002192982456140351,0.3333333333333333,0.00030864197530864197,0.6666666666666666,0.0005070546737213404,-0.0006578947368421052,0.0009259259259259259,-0.00130929961438436,1,1
5000,mlp,Plasma,CD14 Monocyte-1,0.0009662847601375767,-0.00047619047619047624,0.003790691726902621,40,4.333333333333333,0.0021656317653008738,2.6666666666666665,0.0011993470051632974,1.6666666666666667,0.0008713381185807656,0.6666666666666666,0.0002777777777777778,0.6666666666666666,0.0003727244193345888,0.0,0.0,0.0,0.0031369495185079683,-0.00023809523809523812,4,2
5000,mlp,Plasma,CD14 Monocyte-2,-0.0018377701382826398,-0.00973916459107026,0.001516716768484355,40,3.3333333333333335,0.0008642492415159023,2.6666666666666665,0.002702019379798542,0.0,0.0,1.0,0.00031485404896421847,3.3333333333333335,0.0008642492415159023,1.6666666666666667,0.002387165330834324,0.00037110007556947,-0.006709207024704183,0.0008247965342867934,0,2
5000,mlp,Plasma,CD14 Monocyte-3,0.0,0.0,0.0,40,0.0,0.0,0.0,0.0,0.0,0.0,0.0,0.0,0.0,0.0,0.0,0.0,0.0,0.0,0.0,0,0
5000,mlp,Plasma,CD16 Monocyte-1,-0.0001488095238095238,-0.0005952380952380952,0.0,40,0.0,0.0,0.3333333333333333,0.0001488095238095238,0.0,0.0,0.3333333333333333,0.0001488095238095238,0.0,0.0,0.0,0.0,-0.0004464285714285714,0.0,0.0,0,1
5000,mlp,Plasma,CD16 Monocyte-2,0.0,0.0,0.0,40,1.0,0.0005952380952380952,1.0,0.0005952380952380952,0.0,0.0,0.0,0.0,0.0,0.0,0.0,0.0,0.0,0.0,0.0,0,0
5000,mlp,Plasma,CD16 NK,0.0001538949634607937,-0.0012853428457405142,0.0024429884953484334,40,3.3333333333333335,0.006200400803197515,4.333333333333333,0.006046505839736722,1.3333333333333333,0.0008097758031975153,2.0,0.0005256725064033883,0.0,0.0,0.3333333333333333,0.00013020833333333333,-0.0009175077276133384,-0.0005002741228070176,0.001879466740802737,4,5
5000,mlp,Plasma,CD4 + Tcm-1,-0.0010770720509443775,-0.0039499422651039775,0.0015026328083319956,40,10.333333333333334,0.004209333870173688,12.666666666666666,0.005286405921118065,4.0,0.0014157439464498782,6.0,0.0021590559698190783,2.0,0.0007930805112719404,2.3333333333333335,0.0011268405388471178,-0.0014208350652258263,-0.0018124141239906552,2.0330363833490074e-06,9,11
5000,mlp,Plasma,CD4 + Tcm-2,-0.0006203978493900858,-0.001915419776175608,0.00045238722452836677,40,3.6666666666666665,0.0011992792912617499,5.0,0.0018196771406518355,1.3333333333333333,0.0003069869147864263,0.6666666666666666,0.00019317048853439682,0.0,0.0,2.0,0.0007342142756421151,-0.00044325373798985207,-0.0011003447989365238,-0.0003175950112438813,3,2
5000,mlp,Plasma,CD4 Monocyte-4,0.00019841269841269839,0.0,0.0011904761904761904,40,0.3333333333333333,0.00019841269841269839,0.0,0.0,0.0,0.0,0.0,0.0,0.3333333333333333,0.00019841269841269839,0.0,0.0,0.0,0.0,0.0005952380952380952,0,0
5000,mlp,Plasma,CD56 NK,0.000696785591533758,-0.0014705882352941176,0.0033642512348450795,40,5.333333333333333,0.0022694980098344115,4.0,0.0015727124183006534,0.6666666666666666,0.0002892156862745098,1.6666666666666667,0.0006127450980392157,2.3333333333333335,0.0010203150032984637,0.0,0.0,0.000558486753480018,0.0017463308054349812,-0.00021446078431372551,2,1
5000,mlp,Plasma,CD8 + CTL-1,-0.0003310381355932203,-0.001986228813559322,0.0006944444444444445,40,0.6666666666666666,0.00034722222222222224,1.3333333333333333,0.0006782603578154425,0.3333333333333333,0.00017361111111111112,0.6666666666666666,0.0002442325800376648,0.0,0.0,0.3333333333333333,0.00026041666666666666,0.0,0.0005208333333333333,-0.0015139477401129944,1,2
5000,mlp,Plasma,CD8 + CTL-2,-0.0006027856412675945,-0.0022762345679012345,0.0002123142250530786,40,0.3333333333333333,5.307855626326965e-05,1.0,0.0006558641975308641,0.0,0.0,0.0,0.0,0.3333333333333333,5.307855626326965e-05,1.0,0.0006558641975308641,-0.0014467592592592592,0.00015923566878980894,-0.0005208333333333333,0,0
5000,mlp,Plasma,CD8 + CTL-3,0.0024889975483370734,0.00030864197530864197,0.005337731583861611,40,4.666666666666667,0.004076299135638661,1.3333333333333333,0.001587301587301587,1.6666666666666667,0.0011079407396486858,0.0,0.0,1.6666666666666667,0.0013810568086883876,0.0,0.0,0.0023978962930201317,0.0018483709273182957,0.003220725424672793,4,0
5000,mlp,Plasma,CD8 Tem-1,-0.002026765733371304,-0.008810407620624525,0.0019805699166796577,40,12.333333333333334,0.010906504784861742,16.666666666666668,0.012933270518233045,2.3333333333333335,0.0011920775308042631,4.666666666666667,0.0026159856655753404,1.6666666666666667,0.0005526304142383385,3.6666666666666665,0.0011554880128385652,-0.006981634321859093,0.00014533993131639686,0.000755997190428784,6,6
5000,mlp,Plasma,CD8 Tem-2,-0.0005046492467043314,-0.0016392640654425612,0.0,40,0.6666666666666666,0.00034722222222222224,1.6666666666666667,0.0008518714689265537,0.0,0.0,1.0,0.0005046492467043314,0.0,0.0,0.0,0.0,-0.0005208333333333333,0.0,-0.000993114406779661,0,3
5000,mlp,Plasma,Cycling T,0.001876538964310979,-0.0022839404593422903,0.0057302214422074935,40,20.666666666666668,0.009304931597058879,17.333333333333332,0.007428392632747901,6.0,0.002171048432253219,4.333333333333333,0.0012885309800558572,2.0,0.0013026634874222594,0.3333333333333333,0.00030864197530864197,0.0034706242144775397,-0.0017867406385022656,0.003945733316957663,10,8
5000,mlp,Plasma,Erythrocyte,0.0,0.0,0.0,40,0.0,0.0,0.0,0.0,0.0,0.0,0.0,0.0,0.0,0.0,0.0,0.0,0.0,0.0,0.0,0,0
5000,mlp,Plasma,GCB,-0.0030484059801577416,-0.008915430938457255,0.002096428436392702,40,7.0,0.004787031435549282,11.0,0.007835437415707023,2.0,0.0014234430664784566,3.6666666666666665,0.001900968720821662,2.3333333333333335,0.0015310266406757637,4.666666666666667,0.0041019069664903,-0.002113878357856552,-0.003372043261749144,-0.0036592963208675285,4,4
5000,mlp,Plasma,Memory B-1,0.00042443474409812617,-0.007773903868943547,0.009271227216900503,40,68.33333333333333,0.053179858800287035,72.66666666666667,0.05275542405618892,25.666666666666668,0.009001259747754469,27.0,0.009715177059521156,4.333333333333333,0.004396007738852267,7.333333333333333,0.003257655682987453,-0.001901865265871018,0.005721027795672741,-0.002545858297507346,22,21
5000,mlp,Plasma,Memory B-2,0.0014850209571339301,-0.007131351481270473,0.008885834357105406,40,12.666666666666666,0.009190481675231883,11.666666666666666,0.0077054607180979525,3.0,0.0015644163738941907,4.333333333333333,0.002218740603586067,4.0,0.003274226087937328,1.6666666666666667,0.0011348809011115211,0.004022580556441909,-0.004920526944299376,0.005353009259259259,6,3
5000,mlp,Plasma,Naive T,0.000127235183070945,-0.0009435965228538237,0.001171875,40,1.3333333333333333,0.0006992669753086419,1.3333333333333333,0.000572031792237697,0.0,0.0,1.0,0.000263389816929055,1.0,0.0003906250000000001,0.0,0.0,0.000390625,-0.000399544450787165,0.000390625,0,2
5000,mlp,Plasma,Plasma,0.0021601860995806104,-0.008768661574714873,0.015172901367982295,40,2007.3333333333333,0.883739209962101,1999.3333333333333,0.8815790238625203,0.0,0.0,0.0,0.0,0.0,0.0,0.0,0.0,0.003294991668099964,0.008245452386795176,-0.005059885756153309,0,0
5000,mlp,Plasma,Tcm,0.0,0.0,0.0,40,0.0,0.0,0.0,0.0,0.0,0.0,0.0,0.0,0.0,0.0,0.0,0.0,0.0,0.0,0.0,0,0
5000,mlp,Plasma,cDC2,0.0002976190476190476,-0.0005952380952380952,0.001488095238095238,40,1.0,0.0006944444444444445,0.6666666666666666,0.00039682539682539677,0.3333333333333333,0.0002976190476190476,0.0,0.0,0.3333333333333333,0.00019841269841269839,0.3333333333333333,0.00019841269841269839,0.0002976190476190476,0.0,0.0005952380952380952,1,0
5000,mlp,Plasma,pDC,-0.0003306267830745384,-0.0035714285714285713,0.002811392011759659,40,3.6666666666666665,0.004593140969640583,3.3333333333333335,0.004923767752715121,0.6666666666666666,0.0003477742448330684,0.0,0.0,1.0,0.000553846256971257,1.3333333333333333,0.0012322472848788639,0.002046966768570871,-0.0018483709273182957,-0.0011904761904761904,2,0
5000,mlp,Plasma,platelet,0.0,0.0,0.0,40,0.0,0.0,0.0,0.0,0.0,0.0,0.0,0.0,0.0,0.0,0.0,0.0,0.0,0.0,0.0,0,0
5000,mlp,Tcm,Atypical Memory B,0.0,0.0,0.0,36,0.0,0.0,0.0,0.0,0.0,0.0,0.0,0.0,0.0,0.0,0.0,0.0,0.0,0.0,0.0,0,0
5000,mlp,Tcm,CD14 Monocyte-1,-0.001851851851851852,-0.010526315789473687,0.0,36,0.0,0.0,0.3333333333333333,0.001851851851851852,0.0,0.0,0.0,0.0,0.0,0.0,0.3333333333333333,0.001851851851851852,0.0,0.0,-0.005555555555555556,0,0
5000,mlp,Tcm,CD14 Monocyte-2,-9.792976477270501e-06,-5.423802356642124e-05,0.0,36,0.0,0.0,0.6666666666666666,9.792976477270501e-06,0.0,0.0,0.0,0.0,0.0,0.0,0.6666666666666666,9.792976477270501e-06,0.0,0.0,-2.9378929431811505e-05,0,0
5000,mlp,Tcm,CD14 Monocyte-3,4.8964882386352505e-06,0.0,2.7832669988031956e-05,36,0.3333333333333333,4.8964882386352505e-06,0.0,0.0,0.0,0.0,0.0,0.0,0.3333333333333333,4.8964882386352505e-06,0.0,0.0,0.0,1.4689464715905752e-05,0.0,0,0
5000,mlp,Tcm,CD16 Monocyte-1,0.0,0.0,0.0,36,0.0,0.0,0.0,0.0,0.0,0.0,0.0,0.0,0.0,0.0,0.0,0.0,0.0,0.0,0.0,0,0
5000,mlp,Tcm,CD16 Monocyte-2,0.0004678594512015982,0.0,0.002631578947368421,36,0.6666666666666666,0.0004678594512015982,0.0,0.0,0.0,0.0,0.0,0.0,0.6666666666666666,0.0004678594512015982,0.0,0.0,0.0,0.0014035783536047947,0.0,0,0
5000,mlp,Tcm,CD16 NK,-0.015297805487456817,-0.06957075473374388,0.03889687663015124,36,681.0,0.2600066472701365,578.3333333333334,0.27530445275759335,2.0,0.0005314413854496232,1.0,0.004861111111111111,196.66666666666666,0.04595359441776434,95.0,0.05692173017955967,0.004775926008683475,-0.03202140723968544,-0.01864793523136849,2,2
5000,mlp,Tcm,CD4 + Tcm-1,0.010544415776616906,-0.052171282887912264,0.08208710758565146,36,645.0,0.42973386093368404,593.6666666666666,0.4191894451570671,8.333333333333334,0.0015030839600148633,3.3333333333333335,0.0063877250195110355,174.66666666666666,0.08609745070761816,128.33333333333334,0.0706683938715051,-0.027733941034030665,0.030722030408617238,0.028645157955264147,2,5
5000,mlp,Tcm,CD4 + Tcm-2,-0.013698675764177949,-0.034733357855212164,0.0028857354408587184,36,155.66666666666666,0.07578746974878597,118.0,0.08948614551296391,5.0,0.0018306659196418694,11.333333333333334,0.011206961680914155,65.0,0.012230166657974767,21.0,0.016552546660880428,-0.008565548050224041,-0.011844325654119019,-0.020686153588190787,2,4
5000,mlp,Tcm,CD4 Monocyte-4,0.0,0.0,0.0,36,0.0,0.0,0.0,0.0,0.0,0.0,0.0,0.0,0.0,0.0,0.0,0.0,0.0,0.0,0.0,0,0
5000,mlp,Tcm,CD56 NK,0.010768839686768198,-0.020866919745158766,0.04020945726571052,36,275.0,0.05493153720949456,270.3333333333333,0.04416269752272636,4.333333333333333,0.0008167480311289758,2.6666666666666665,0.004770372057704815,91.66666666666667,0.02880959026186419,88.66666666666667,0.014087126548520151,0.007471544506871219,0.030844074228554827,-0.006009099675121455,2,4
5000,mlp,Tcm,CD8 + CTL-1,0.007752605628462479,-0.0065314264273928875,0.02708560696537899,36,79.0,0.012178987672258864,74.66666666666667,0.004426382043796384,6.0,0.0009667460863266048,0.0,0.0,32.0,0.009777103694563591,33.666666666666664,0.002991244152427718,-0.003020438955157526,0.021382603797964552,0.0048956520425804135,2,0
5000,mlp,Tcm,CD8 + CTL-2,-0.008784655834194088,-0.026853942281137813,0.003419066761984969,36,4.333333333333333,0.006417772728954348,4.0,0.015202428563148436,0.0,0.0,0.6666666666666666,0.001673621978786298,3.6666666666666665,0.0036399949511765717,2.6666666666666665,0.010751028806584363,-0.009847164280444732,-0.011684326667580677,-0.004822476554556855,0,2
5000,mlp,Tcm,CD8 + CTL-3,0.005096591391320811,-0.011106232160105018,0.023218212142722985,36,173.33333333333334,0.0209336705381567,370.6666666666667,0.01583707914683589,0.6666666666666666,9.792976477270501e-06,0.6666666666666666,9.792976477270501e-06,51.333333333333336,0.011059289943918887,248.66666666666666,0.0059626985525980765,0.005692779638443309,-0.0052380182932800605,0.014835012828799185,1,1
5000,mlp,Tcm,CD8 Tem-1,-0.0036363361863538126,-0.057919507575757576,0.045408628408628346,36,12.333333333333334,0.06179694589706928,12.333333333333334,0.0654332820834231,0.0,0.0,0.0,0.0,8.666666666666666,0.03708600191942339,8.666666666666666,0.040722338105777196,-0.0108061823060501,-0.022222222222222216,0.022119395969210885,0,0
5000,mlp,Tcm,CD8 Tem-2,-0.0035475896358493192,-0.01742174380955032,0.00035254715318173806,36,18.0,0.006407870941627331,10.0,0.00995546057747665,0.3333333333333333,4.8964882386352505e-06,0.3333333333333333,4.8964882386352505e-06,12.0,0.0012001836727143736,4.0,0.004747773308563693,-0.0013007521005934544,0.0002203419707385863,-0.009562358777693089,1,1
5000,mlp,Tcm,Cycling T,-0.0008432591816510699,-0.016252246732026146,0.015615004144379706,36,10.666666666666666,0.01800895730915121,7.666666666666667,0.018852216490802282,0.0,0.0,0.0,0.0,6.0,0.003169660053143219,3.0,0.004012919234794289,0.0,-0.011456558356346827,0.008926780811393618,0,0
5000,mlp,Tcm,Erythrocyte,0.0,0.0,0.0,36,0.0,0.0,0.0,0.0,0.0,0.0,0.0,0.0,0.0,0.0,0.0,0.0,0.0,0.0,0.0,0,0
5000,mlp,Tcm,GCB,0.0,0.0,0.0,36,0.0,0.0,0.0,0.0,0.0,0.0,0.0,0.0,0.0,0.0,0.0,0.0,0.0,0.0,0.0,0,0
5000,mlp,Tcm,Memory B-1,0.0046394226061069,0.0,0.02317900476778046,36,1.0,0.0046394226061069,0.0,0.0,0.0,0.0,0.0,0.0,1.0,0.0046394226061069,0.0,0.0,0.013903578353604793,1.4689464715905752e-05,0.0,0,0
5000,mlp,Tcm,Memory B-2,0.0,0.0,0.0,36,0.0,0.0,0.0,0.0,0.0,0.0,0.0,0.0,0.0,0.0,0.0,0.0,0.0,0.0,0.0,0,0
5000,mlp,Tcm,Naive T,-0.015000872143127819,-0.05142947413460234,0.006206796134873098,36,27.333333333333332,0.014117831101790206,37.666666666666664,0.029118703244918026,0.0,0.0,0.3333333333333333,0.00013041210224308815,17.0,0.008450794645635704,27.0,0.023321254686520437,-0.005583145383515558,-0.007693811121090822,-0.03172565992477707,0,1
5000,mlp,Tcm,Plasma,0.0,0.0,0.0,36,0.0,0.0,0.0,0.0,0.0,0.0,0.0,0.0,0.0,0.0,0.0,0.0,0.0,0.0,0.0,0,0
5000,mlp,Tcm,Tcm,0.023381518567708565,0.0038466251404949167,0.05135322727357922,36,35.333333333333336,0.03453689117391202,41.666666666666664,0.01115537260620345,0.0,0.0,0.0,0.0,0.0,0.0,0.0,0.0,0.035013343602413274,0.017529282935981456,0.01760192916473097,0,0
5000,mlp,Tcm,cDC2,9.792976477270501e-06,0.0,4.067851767481593e-05,36,1.6666666666666667,2.4482441193176255e-05,1.0,1.4689464715905752e-05,0.0,0.0,0.0,0.0,0.6666666666666666,9.792976477270501e-06,0.0,0.0,0.0,1.4689464715905752e-05,1.4689464715905752e-05,0,0
5000,mlp,Tcm,pDC,4.8964882386352505e-06,0.0,2.7832669988031956e-05,36,0.3333333333333333,4.8964882386352505e-06,0.0,0.0,0.0,0.0,0.0,0.0,0.3333333333333333,4.8964882386352505e-06,0.0,0.0,0.0,1.4689464715905752e-05,0.0,0,0
5000,mlp,Tcm,platelet,0.0,0.0,0.0,36,0.0,0.0,0.0,0.0,0.0,0.0,0.0,0.0,0.0,0.0,0.0,0.0,0.0,0.0,0.0,0,0
5000,mlp,cDC2,Atypical Memory B,0.00017739394024098585,-0.00013025686895539213,0.00063124846816821,40,3.6666666666666665,0.0003865903052087378,2.0,0.00020919636496775194,1.6666666666666667,0.0002053923020849047,0.6666666666666666,8.607037113544034e-05,1.0,8.815624515193063e-05,0.3333333333333333,3.0084235860409147e-05,0.00022151500721237873,0.0002596765832386989,5.0990230271879904e-05,5,2
5000,mlp,cDC2,CD14 Monocyte-1,-0.00297201718154355,-0.02170761179176741,0.01615941422396559,40,568.6666666666666,0.09184020476203007,598.0,0.09481222194357362,168.33333333333334,0.025850465265124297,199.66666666666666,0.02927964409056946,23.333333333333332,0.003995874310728503,21.333333333333332,0.003538712666826894,-0.01647506521561633,0.015651842874194733,-0.008092829203209046,39,39
5000,mlp,cDC2,CD14 Monocyte-2,0.0009049681435006153,-0.001667434570246349,0.0035346976999869563,40,55.666666666666664,0.007320078162947893,47.0,0.006415110019447278,17.666666666666668,0.002350983475461298,12.333333333333334,0.0017032626623876808,20.0,0.002670164287244386,16.666666666666668,0.002412916956817388,0.0015089422102006471,-0.0001998929261158992,0.0014058551464170978,16,15
5000,mlp,cDC2,CD14 Monocyte-3,-0.00020525427450658625,-0.0024952237293819537,0.0015001983672576404,40,12.333333333333334,0.0014097817505055333,15.666666666666666,0.0016150360250121194,3.3333333333333335,0.00035000311068492427,10.666666666666666,0.0010841841252755677,5.0,0.0006295482862385323,1.0,0.00010062154615447527,-0.001349900352901795,0.0012778746821591716,-0.0005437371527771355,6,7
5000,mlp,cDC2,CD16 Monocyte-1,-0.0006850911857594315,-0.004696753237204063,0.0024162371375622787,40,30.0,0.0052168605047583074,31.666666666666668,0.005901951690517738,11.333333333333334,0.0017520189794907827,10.333333333333334,0.0018844262299011394,4.666666666666667,0.0008175466391456765,7.333333333333333,0.0013702305744947513,0.001780093327872161,-0.004103701844754748,0.0002683349596042923,17,11
5000,mlp,cDC2,CD16 Monocyte-2,-0.0010309639796682874,-0.004785722342365822,0.0013683062710807851,40,29.333333333333332,0.004933066842722299,33.333333333333336,0.005964030822390587,9.333333333333334,0.00107470839314481,10.0,0.0017237444924102603,4.333333333333333,0.0006202486736369863,7.666666666666667,0.0010021765540398232,-0.003096416734242516,9.004417186553333e-05,-8.651937662787967e-05,14,12
5000,mlp,cDC2,CD16 NK,-0.0014601083024847455,-0.013477002605024933,0.008089231539739112,40,5.333333333333333,0.012689639840065395,10.333333333333334,0.014149748142550137,2.0,0.0014522954953881592,4.666666666666667,0.0005078306714738178,0.6666666666666666,0.0021692439862542956,3.0,0.004573817112653381,-0.006850721719122922,0.007433632082878947,-0.004963235271210261,3,9
5000,mlp,cDC2,CD4 + Tcm-1,0.0024055349912273523,-0.0013288105475880003,0.011485600002684736,40,33.333333333333336,0.013056213108359443,32.0,0.01065067811713209,14.666666666666666,0.0021298343814697036,13.666666666666666,0.0018733596680689621,8.666666666666666,0.003583784692621833,8.333333333333334,0.001434724414795222,0.000217768812695228,0.005086821692278281,0.001912014468708549,18,17
5000,mlp,cDC2,CD4 + Tcm-2,-8.732132212222013e-05,-0.00039811287386432313,0.00018298326082325528,40,2.3333333333333335,0.00037378963966862403,3.0,0.0004611109617908441,0.3333333333333333,3.6075036075036075e-05,1.3333333333333333,0.00011147328063142383,1.0,6.59754731588053e-05,0.6666666666666666,7.789855072463768e-05,-1.8123834617316457e-05,-0.0002537746806039489,9.934548854604957e-06,1,3
5000,mlp,cDC2,CD4 Monocyte-4,0.00027316837365995656,-0.00012528426123873643,0.000751815909772043,40,13.666666666666666,0.0012733830912383048,11.0,0.0010002147175783482,4.0,0.00040451993341160305,2.6666666666666665,0.00023294866511863093,1.6666666666666667,0.00013063311001274512,0.3333333333333333,2.9036004645760743e-05,0.0002266956077585247,0.00033090186613649226,0.0002619076470848528,10,6
5000,mlp,cDC2,CD56 NK,-4.530982553260209e-05,-0.01864512128244346,0.012840666593496447,40,8.333333333333334,0.004973668694290071,9.333333333333334,0.005018978519822674,2.3333333333333335,0.0003123702890058299,1.6666666666666667,0.00017065138247984504,1.6666666666666667,0.004278455981399985,3.3333333333333335,0.004465484713458572,0.0062446234184406636,-0.012566087987883437,0.006185535092844964,6,3
5000,mlp,cDC2,CD8 + CTL-1,0.0002070716780415906,-0.00016181229773462783,0.0007425742574257427,40,1.3333333333333333,0.00028456178951228456,0.6666666666666666,7.7490111470694e-05,0.3333333333333333,8.250825082508251e-05,0.0,0.0,0.6666666666666666,0.00016501650165016502,0.3333333333333333,4.045307443365696e-05,0.00024752475247524753,0.00012616552917427666,0.00024752475247524753,1,0
5000,mlp,cDC2,CD8 + CTL-2,0.0,0.0,0.0,40,0.0,0.0,0.0,0.0,0.0,0.0,0.0,0.0,0.0,0.0,0.0,0.0,0.0,0.0,0.0,0,0
5000,mlp,cDC2,CD8 + CTL-3,0.0007277418141816277,0.00012097433997482527,0.001473256199253989,40,8.0,0.0012195722082785953,3.0,0.0004918303940969674,4.0,0.0004972734653299781,1.0,0.00011794318590435096,2.6666666666666665,0.00041352257547679744,0.6666666666666666,6.511104072079682e-05,0.0006784872712607455,0.0008847204836415271,0.0006200176876426105,8,2
5000,mlp,cDC2,CD8 Tem-1,-0.002108714988147353,-0.010731567626470623,0.0015392015489169041,40,21.0,0.0029263141485120886,23.666666666666668,0.0050350291366594415,7.666666666666667,0.0011698672171191738,6.333333333333333,0.0007487253798667785,7.666666666666667,0.0010377153028169764,11.666666666666666,0.003567572128216724,-0.004644434893820916,-0.0015438740795154524,-0.0001378359911056894,9,5
5000,mlp,cDC2,CD8 Tem-2,0.00021254403433691848,0.0,0.0005229922060115273,40,2.0,0.00024262827019732764,0.3333333333333333,3.0084235860409147e-05,0.6666666666666666,6.526788870373175e-05,0.0,0.0,1.3333333333333333,0.0001773603814935959,0.3333333333333333,3.0084235860409147e-05,0.00032972249849098147,0.0001666666666666667,0.00014124293785310735,2,0
5000,mlp,cDC2,Cycling T,0.0001962524021531342,-0.00024271532427996357,0.0009194512418954031,40,4.0,0.0005039908261123498,3.6666666666666665,0.00030773842395921566,1.3333333333333333,0.0002848260773235848,1.3333333333333333,0.00010399866236963137,0.6666666666666666,5.510752688172043e-05,0.3333333333333333,3.968253968253969e-05,0.00015649249796774488,-4.4828809880838796e-05,0.00047709351837249645,3,3
5000,mlp,cDC2,Erythrocyte,0.0,0.0,0.0,40,0.0,0.0,0.0,0.0,0.0,0.0,0.0,0.0,0.0,0.0,0.0,0.0,0.0,0.0,0.0,0,0
5000,mlp,cDC2,GCB,-0.0001182404810123398,-0.0004752156211608532,9.025270758122746e-05,40,0.3333333333333333,3.0084235860409147e-05,1.6666666666666667,0.00014832471687274893,0.0,0.0,0.3333333333333333,3.0084235860409147e-05,0.3333333333333333,3.0084235860409147e-05,1.3333333333333333,0.00011824048101233979,-0.0002676134290997371,-0.00017736072151850968,9.025270758122745e-05,0,1
5000,mlp,cDC2,Memory B-1,-0.00018020974325110936,-0.0013200695962881813,0.0010958529640704316,40,8.0,0.0012858158526308542,11.666666666666666,0.0014660255958819637,3.6666666666666665,0.0006417953622252999,4.666666666666667,0.0005874139313932475,2.0,0.00040209881470356393,4.666666666666667,0.0006366899887867256,-0.0002891249632891407,-0.0002851340416578023,3.362977519361489e-05,10,11
5000,mlp,cDC2,Memory B-2,0.00011145512686592508,-0.00016986711597313065,0.00043605971080515164,40,2.6666666666666665,0.00025809030166122285,1.6666666666666667,0.00014663517479529772,2.3333333333333335,0.00022105326462418576,0.3333333333333333,1.3440860215053763e-05,0.0,0.0,1.0,9.615727754320693e-05,0.00027912527391570725,0.00010490924604114279,-4.966913935907482e-05,3,1
5000,mlp,cDC2,Naive T,0.0019125471760636824,-0.0009103369906307111,0.012344465423217765,40,7.0,0.002805939732049859,6.333333333333333,0.0008933925559861765,2.0,0.0002475258673824411,1.3333333333333333,0.00021940319473493373,2.3333333333333335,0.0022945054344836236,2.3333333333333335,0.0004100809310674483,0.006330171190119161,-6.002032722572739e-05,-0.000532509334702387,5,4
5000,mlp,cDC2,Plasma,9.259259259259259e-05,0.0,0.0005555555555555556,40,0.3333333333333333,9.259259259259259e-05,0.0,0.0,0.0,0.0,0.0,0.0,0.3333333333333333,9.259259259259259e-05,0.0,0.0,0.0002777777777777778,0.0,0.0,0,0
5000,mlp,cDC2,Tcm,4.1666666666666665e-05,-0.0003875968992248062,0.0003875968992248062,40,1.0,0.00023546511627906976,0.6666666666666666,0.0001937984496124031,0.0,0.0,0.3333333333333333,9.689922480620155e-05,0.6666666666666666,0.0001385658914728682,0.0,0.0,-0.00016569767441860464,0.0,0.00029069767441860465,0,1
5000,mlp,cDC2,cDC2,0.0009370842758653308,-0.015827779453389486,0.0176193204582196,40,6519.0,0.8411638329998313,6496.666666666667,0.8402267487239662,0.0,0.0,0.0,0.0,0.0,0.0,0.0,0.0,0.0122002508837002,-0.011872640980245389,0.00248364292414118,0,0
5000,mlp,cDC2,pDC,0.0006703217121836494,-0.0012345611963952923,0.003272396228113384,40,38.0,0.005418714984181117,32.333333333333336,0.004748393271997467,16.333333333333332,0.002328794953114298,12.333333333333334,0.0018191589692516219,5.333333333333333,0.000735935589400441,3.6666666666666665,0.0005752498610794673,0.0022805475657235925,-0.00030593947887370905,3.6357049701064415e-05,19,22
5000,mlp,cDC2,platelet,2.2888356448198877e-05,-0.00017166700301216075,0.00023857742445397635,40,0.6666666666666666,5.9120240506169894e-05,0.3333333333333333,3.6231884057971014e-05,0.0,0.0,0.0,0.0,0.6666666666666666,5.9120240506169894e-05,0.3333333333333333,3.6231884057971014e-05,0.00017736072151850968,0.0,-0.00010869565217391305,0,0
5000,mlp,pDC,Atypical Memory B,0.00043627297137228916,-0.0003744553376906318,0.0018273599753316056,40,1.6666666666666667,0.0005588219909801323,0.3333333333333333,0.00012254901960784314,0.3333333333333333,0.00012254901960784314,0.3333333333333333,0.00012254901960784314,1.3333333333333333,0.000436272971372289,0.0,0.0,-0.0003676470588235294,0.0003472222222222222,0.0013292437507181746,1,1
5000,mlp,pDC,CD14 Monocyte-1,0.0003936827847730769,-0.004956888236391282,0.0064350972415624964,40,18.333333333333332,0.007564149324453085,17.666666666666668,0.007170466539680007,5.333333333333333,0.0018580495077183306,4.333333333333333,0.0012219514743066616,5.333333333333333,0.002197531310710819,5.666666666666667,0.002439946559349411,-0.0021243563609184197,0.006336112665858451,-0.0030307079506208014,11,10
5000,mlp,pDC,CD14 Monocyte-2,-0.002360935712089979,-0.008792524747075176,0.0021306268107734298,40,9.666666666666666,0.0034717700021703606,14.666666666666666,0.00583270571426034,2.6666666666666665,0.0006870240278774468,4.666666666666667,0.0024938492155687077,4.333333333333333,0.001739787368787993,7.333333333333333,0.0022938978931867117,0.001102101860277089,-0.006570345834801088,-0.0016145631617459396,7,9
5000,mlp,pDC,CD14 Monocyte-3,-0.00040878644602048857,-0.0018098308488748798,0.0005895390070921947,40,0.6666666666666666,0.0002801856229752211,1.6666666666666667,0.0006889720689957097,0.3333333333333333,0.00010288065843621399,0.6666666666666666,0.0002801856229752211,0.3333333333333333,0.0001773049645390071,1.0,0.0004087864460204885,-0.0005319148936170213,0.000493334646703441,-0.0011877790911478854,1,2
5000,mlp,pDC,CD16 Monocyte-1,0.00032162686442087325,-0.0015238061892417088,0.002240875317293803,40,5.333333333333333,0.001621356300921208,4.333333333333333,0.0012997294365003347,2.6666666666666665,0.0007614144608610054,2.0,0.0006827853302919499,1.3333333333333333,0.0005028492472727202,1.0,0.0002598515134209023,-0.0012215546009599176,0.0011780457884045278,0.0010083894058180098,7,5
5000,mlp,pDC,CD16 Monocyte-2,0.0001295367122037596,-0.0010317460317460316,0.0012512004285291877,40,4.333333333333333,0.0012038864536557295,3.6666666666666665,0.00107434974145197,1.3333333333333333,0.00045741700935693423,0.6666666666666666,0.00023148148148148146,1.0,0.00018249054421932593,1.0,0.00027888935989101905,0.0005997299664282586,-0.00027315456927107414,6.203473945409429e-05,4,1
5000,mlp,pDC,CD16 NK,0.005883354559446097,-0.0036418851111767493,0.021217211816441796,40,18.666666666666668,0.015587763047653275,17.0,0.00970440848820718,4.333333333333333,0.001755090261561481,4.0,0.00132886362347829,8.333333333333334,0.00938021934413568,7.0,0.003923091422772776,0.0059321334456298065,0.004248242649744165,0.007469687582964311,11,8
5000,mlp,pDC,CD4 + Tcm-1,-0.0006455550186984111,-0.009667222350942913,0.010142518371949544,40,66.66666666666667,0.03650408912856872,64.33333333333333,0.03714964414726714,18.0,0.006771084789059449,16.0,0.007117092179459834,18.666666666666668,0.012484160034075672,18.333333333333332,0.012783707662373696,-0.0026012645756841196,-0.002608667368542603,0.003273266888131489,20,21
5000,mlp,pDC,CD4 + Tcm-2,-0.0007825071684799146,-0.0036916875786073004,0.001961707626555215,40,4.666666666666667,0.00179182952172539,7.0,0.002574336690205305,0.6666666666666666,0.0004592747377127683,2.6666666666666665,0.001165553316579002,1.3333333333333333,0.000495276317924681,1.6666666666666667,0.0005715049075383619,0.0009459051339146292,-0.0028733700187453222,-0.00042005662060905105,2,5
5000,mlp,pDC,CD4 Monocyte-4,-0.001840255647566037,-0.005549005458829302,0.0003472222222222221,40,0.6666666666666666,0.00021862139917695473,4.333333333333333,0.0020588770467429916,0.6666666666666666,0.00021862139917695473,3.0,0.0015678000333573087,0.0,0.0,1.3333333333333333,0.0004910770133856828,-0.003697613641614612,-0.0021703755233057212,0.0003472222222222222,2,4
5000,mlp,pDC,CD56 NK,0.002694836459557826,-0.005335019613999151,0.011496631823526896,40,19.0,0.01260021817032364,18.666666666666668,0.009905381710765814,2.0,0.0012810810060040546,4.666666666666667,0.002229764582787751,6.333333333333333,0.006087661057063587,3.3333333333333335,0.0024441410207220633,0.006403158312856536,-0.0023931183373838393,0.0040744694032007825,6,8
5000,mlp,pDC,CD8 + CTL-1,0.0009332331070768863,-0.000252414398595259,0.0027696078431372548,40,3.6666666666666665,0.00183462414936233,2.0,0.0009013910422854439,1.0,0.0003676470588235294,0.6666666666666666,0.0002469271290605794,1.3333333333333333,0.0008125131773139364,0.0,0.0,0.0016042061986084755,0.0008333333333333333,0.00036215978928884985,1,2
5000,mlp,pDC,CD8 + CTL-2,-0.0008610166092487829,-0.0024391929242675507,0.00041207611193436856,40,1.0,0.00043449197860962564,3.6666666666666665,0.0012955085878584086,0.0,0.0,0.6666666666666666,0.0002487562189054726,0.3333333333333333,0.0001893939393939394,2.3333333333333335,0.0008016543297372497,-0.0010215613698575398,-0.0006944444444444444,-0.0008670440134443645,0,1
5000,mlp,pDC,CD8 + CTL-3,-0.0013514426235188297,-0.004667557800575635,0.0006242486823573424,40,2.6666666666666665,0.0011518955255048983,5.333333333333333,0.002503338149023728,1.3333333333333333,0.00044267566734886997,2.6666666666666665,0.0012695911041064704,0.0,0.0,1.3333333333333333,0.0005245271867612292,-0.001067956016850468,-0.0014110520094562646,-0.0015753198442497562,3,2
5000,mlp,pDC,CD8 Tem-1,-0.0026480946237403134,-0.01880379546814254,0.010828685891119882,40,34.666666666666664,0.02048230604897693,31.666666666666668,0.02313040067271724,6.333333333333333,0.0026546819603476737,5.333333333333333,0.0017907755125942469,13.0,0.008576875969252088,11.0,0.012088877040745826,-0.007542625686028731,0.004762873667817491,-0.005164531853009702,11,12
5000,mlp,pDC,CD8 Tem-2,0.002374121674238387,-0.0022752225269119398,0.00689707029059283,40,14.0,0.007233711182276923,7.333333333333333,0.004859589508038534,5.666666666666667,0.0022581611915202375,1.6666666666666667,0.0012826960145265625,5.333333333333333,0.002808224306627468,2.6666666666666665,0.0014095678093827555,0.005312054515869159,0.0008154471822249577,0.0009948633246210452,12,5
5000,mlp,pDC,Cycling T,0.0006569680565236004,-0.0032651882126257968,0.004733578365529161,40,18.666666666666668,0.007273950816375582,19.666666666666668,0.006616982759851981,3.6666666666666665,0.0013555448521768178,4.666666666666667,0.0011752566493612754,6.0,0.002874409372502625,6.0,0.002397729518794567,0.0014601823827386832,-0.0008550413182458101,0.0013657631050779284,9,9
5000,mlp,pDC,Erythrocyte,0.0,0.0,0.0,40,0.0,0.0,0.0,0.0,0.0,0.0,0.0,0.0,0.0,0.0,0.0,0.0,0.0,0.0,0.0,0,0
5000,mlp,pDC,GCB,0.0010498108489521367,-0.0007352941176470588,0.0037909546945255586,40,4.0,0.00152033856621188,1.3333333333333333,0.0004705277172597434,3.0,0.0011663080651225554,1.0,0.00034797869765190026,1.0,0.00035403050108932457,0.3333333333333333,0.00012254901960784314,-0.0006967138707334785,0.002822635161235495,0.0010235112563543934,4,2
5000,mlp,pDC,Memory B-1,-0.0077611963112952445,-0.01626453153103238,-0.0003819012202473826,40,44.666666666666664,0.02764497286161188,50.333333333333336,0.03540616917290712,12.333333333333334,0.004290905092877971,17.333333333333332,0.00737285382465649,11.0,0.0037270796411208312,11.666666666666666,0.00840632722063756,-0.005779689517307321,-0.006684781310685168,-0.010819118105893245,17,19
5000,mlp,pDC,Memory B-2,5.325321004926397e-06,-0.0028387085224690065,0.0025535584604212055,40,3.3333333333333335,0.0019701180176216588,4.0,0.0019647926966167325,1.0,0.0006572178904050249,2.3333333333333335,0.0011526921800244902,1.0,0.0006781045751633987,0.3333333333333333,0.0001773049645390071,0.0015096223674655046,-0.0010638297872340426,-0.00042981661721668284,3,5
5000,mlp,pDC,Naive T,-0.0015192143744021008,-0.007690281254905753,0.006096778947151183,40,17.0,0.008354389438871653,22.0,0.009873603813273756,4.333333333333333,0.0015952592691845218,7.0,0.00300222928167791,3.0,0.0021719751198606744,5.333333333333333,0.002284219481769387,-0.005916444599300009,-0.0031600702797802173,0.004518871755873922,7,12
5000,mlp,pDC,Plasma,0.00012575804504796843,-0.002231540231340763,0.0034803626548956332,40,2.6666666666666665,0.0013887481309751975,2.6666666666666665,0.001262990085927229,1.3333333333333333,0.00032637754396349267,1.0,0.0003739518541470618,1.0,0.000946629846270964,1.3333333333333333,0.0007732974910394265,0.0002871709758918096,0.00145535138620245,-0.0013652482269503545,4,3
5000,mlp,pDC,Tcm,-0.0036025470926115085,-0.019890350877192983,0.003334765753399847,40,11.333333333333334,0.009021831016841226,15.333333333333334,0.012624378109452735,2.0,0.0018790849673202615,3.6666666666666665,0.0029021558872305143,2.0,0.0010316349384098546,4.333333333333333,0.0036111111111111114,-0.010196078431372548,-0.004002192982456141,0.0033906301359941616,2,2
5000,mlp,pDC,cDC2,0.0009224469361763313,-0.006620507285836181,0.009035609803377267,40,47.333333333333336,0.030161685320001796,45.666666666666664,0.029239238383825458,12.333333333333334,0.005790702751807056,11.666666666666666,0.005710945558960632,5.666666666666667,0.001968580905877432,4.666666666666667,0.0011258911625475242,0.0001398673577642325,0.006540465431487767,-0.003912991980723006,19,19
5000,mlp,pDC,pDC,0.008175373345267899,-0.00755817534424513,0.025185436216107682,40,2258.0,0.7994342395734093,2247.6666666666665,0.7912588662281413,0.0,0.0,0.0,0.0,0.0,0.0,0.0,0.0,0.018365752752088172,0.005544663599734712,0.0006157036839808158,0,0
5000,mlp,pDC,platelet,-0.0003207960583904489,-0.0017748066787980487,0.0006715658699544863,40,2.3333333333333335,0.0006900064107453535,2.6666666666666665,0.0010108024691358024,0.0,0.0,0.3333333333333333,0.00011574074074074073,1.0,0.0002784837770004976,1.0,0.00048353909465020576,-0.0008964646464646464,-0.0006172839506172839,0.0005513604219105837,0,1
5000,mlp,platelet,Atypical Memory B,0.0,0.0,0.0,38,0.0,0.0,0.0,0.0,0.0,0.0,0.0,0.0,0.0,0.0,0.0,0.0,0.0,0.0,0.0,0,0
5000,mlp,platelet,CD14 Monocyte-1,0.0,0.0,0.0,38,0.0,0.0,0.0,0.0,0.0,0.0,0.0,0.0,0.0,0.0,0.0,0.0,0.0,0.0,0.0,0,0
5000,mlp,platelet,CD14 Monocyte-2,-0.008187134502923977,-0.04889473684210527,0.0022222222222222222,38,0.3333333333333333,0.0005847953216374269,0.3333333333333333,0.008771929824561403,0.3333333333333333,0.0005847953216374269,0.0,0.0,0.0,0.0,0.3333333333333333,0.008771929824561403,0.0,-0.02456140350877193,0.0,1,0
5000,mlp,platelet,CD14 Monocyte-3,0.0,0.0,0.0,38,0.0,0.0,0.0,0.0,0.0,0.0,0.0,0.0,0.0,0.0,0.0,0.0,0.0,0.0,0.0,0,0
5000,mlp,platelet,CD16 Monocyte-1,0.0,0.0,0.0,38,0.0,0.0,0.0,0.0,0.0,0.0,0.0,0.0,0.0,0.0,0.0,0.0,0.0,0.0,0.0,0,0
5000,mlp,platelet,CD16 Monocyte-2,0.0,0.0,0.0,38,0.0,0.0,0.0,0.0,0.0,0.0,0.0,0.0,0.0,0.0,0.0,0.0,0.0,0.0,0.0,0,0
5000,mlp,platelet,CD16 NK,0.0,0.0,0.0,38,0.0,0.0,0.0,0.0,0.0,0.0,0.0,0.0,0.0,0.0,0.0,0.0,0.0,0.0,0.0,0,0
5000,mlp,platelet,CD4 + Tcm-1,0.0,0.0,0.0,38,0.0,0.0,0.0,0.0,0.0,0.0,0.0,0.0,0.0,0.0,0.0,0.0,0.0,0.0,0.0,0,0
5000,mlp,platelet,CD4 + Tcm-2,0.0,0.0,0.0,38,0.0,0.0,0.0,0.0,0.0,0.0,0.0,0.0,0.0,0.0,0.0,0.0,0.0,0.0,0.0,0,0
5000,mlp,platelet,CD4 Monocyte-4,-0.008245716784998565,-0.026024586702604696,0.0004985275673290892,38,5.0,0.014929774359737982,57.333333333333336,0.02317549114473655,0.6666666666666666,0.0001392369813422445,52.0,0.006782559350726758,1.6666666666666667,0.0014106603095522764,2.6666666666666665,0.003013054725166329,-0.0011289484973695501,-0.017248552734819133,-0.006359649122807017,1,4
5000,mlp,platelet,CD56 NK,0.0,0.0,0.0,38,0.0,0.0,0.0,0.0,0.0,0.0,0.0,0.0,0.0,0.0,0.0,0.0,0.0,0.0,0.0,0,0
5000,mlp,platelet,CD8 + CTL-1,0.0,0.0,0.0,38,0.0,0.0,0.0,0.0,0.0,0.0,0.0,0.0,0.0,0.0,0.0,0.0,0.0,0.0,0.0,0,0
5000,mlp,platelet,CD8 + CTL-2,0.0,0.0,0.0,38,0.0,0.0,0.0,0.0,0.0,0.0,0.0,0.0,0.0,0.0,0.0,0.0,0.0,0.0,0.0,0,0
5000,mlp,platelet,CD8 + CTL-3,0.0,0.0,0.0,38,0.0,0.0,0.0,0.0,0.0,0.0,0.0,0.0,0.0,0.0,0.0,0.0,0.0,0.0,0.0,0,0
5000,mlp,platelet,CD8 Tem-1,-0.017543859649122806,-0.075,0.0,38,0.0,0.0,0.6666666666666666,0.017543859649122806,0.0,0.0,0.0,0.0,0.0,0.0,0.6666666666666666,0.017543859649122806,-0.02631578947368421,0.0,-0.02631578947368421,0,0
5000,mlp,platelet,CD8 Tem-2,0.016678833549362754,-0.05476562512360181,0.10601983769769839,38,222.66666666666666,0.30528166379698746,274.0,0.2886028302476247,51.333333333333336,0.059329242792150606,104.66666666666667,0.07056859313208612,3.6666666666666665,0.02932884419885054,1.6666666666666667,0.0014106603095522764,0.07625568859748753,-0.016502958373288926,-0.009716229576110331,30,27
5000,mlp,platelet,Cycling T,0.0,0.0,0.0,38,0.0,0.0,0.0,0.0,0.0,0.0,0.0,0.0,0.0,0.0,0.0,0.0,0.0,0.0,0.0,0,0
5000,mlp,platelet,Erythrocyte,0.0,0.0,0.0,38,0.0,0.0,0.0,0.0,0.0,0.0,0.0,0.0,0.0,0.0,0.0,0.0,0.0,0.0,0.0,0,0
5000,mlp,platelet,GCB,0.0,0.0,0.0,38,0.0,0.0,0.0,0.0,0.0,0.0,0.0,0.0,0.0,0.0,0.0,0.0,0.0,0.0,0.0,0,0
5000,mlp,platelet,Memory B-1,0.0,0.0,0.0,38,0.0,0.0,0.0,0.0,0.0,0.0,0.0,0.0,0.0,0.0,0.0,0.0,0.0,0.0,0.0,0,0
5000,mlp,platelet,Memory B-2,0.0,0.0,0.0,38,0.0,0.0,0.0,0.0,0.0,0.0,0.0,0.0,0.0,0.0,0.0,0.0,0.0,0.0,0.0,0,0
5000,mlp,platelet,Naive T,0.0,0.0,0.0,38,0.0,0.0,0.0,0.0,0.0,0.0,0.0,0.0,0.0,0.0,0.0,0.0,0.0,0.0,0.0,0,0
5000,mlp,platelet,Plasma,0.0,0.0,0.0,38,0.0,0.0,0.0,0.0,0.0,0.0,0.0,0.0,0.0,0.0,0.0,0.0,0.0,0.0,0.0,0,0
5000,mlp,platelet,Tcm,0.0,0.0,0.0,38,0.0,0.0,0.0,0.0,0.0,0.0,0.0,0.0,0.0,0.0,0.0,0.0,0.0,0.0,0.0,0,0
5000,mlp,platelet,cDC2,0.0,0.0,0.0,38,0.0,0.0,0.0,0.0,0.0,0.0,0.0,0.0,0.0,0.0,0.0,0.0,0.0,0.0,0.0,0,0
5000,mlp,platelet,pDC,0.0,0.0,0.0,38,0.0,0.0,0.0,0.0,0.0,0.0,0.0,0.0,0.0,0.0,0.0,0.0,0.0,0.0,0.0,0,0
5000,mlp,platelet,platelet,0.017297877387682598,-0.05223835170713057,0.07807481877757673,38,1346.0,0.6792037665216372,1241.6666666666667,0.6619058891339545,0.0,0.0,0.0,0.0,0.0,0.0,0.0,0.0,-0.04881095062643377,0.05831291461688,0.04239166817260157,0,0
