seed,patient_budget,cell_cap,model,task,accuracy,macro_f1,balanced_accuracy,patient_balanced_accuracy,patient_balanced_macro_f1,patient_balanced_balanced_accuracy,mean_patient_macro_f1,exact_path_accuracy,root_excluded_hierarchical_f1,subtype_tree_distance,mean_observed_training_classes_across_folds,min_observed_training_classes_across_folds,n_outer_folds,n_test_patients,n_test_cells
0,8,100,logistic_regression,coarse,0.9881590852654323,0.9485787232685912,0.9348724550418259,0.988306866248047,0.9504260567186735,0.9370615748997914,0.9279620252041507,0.7226540089566809,0.8566624233273299,0.5898793502553139,5.0,5,5,105,700706
0,8,100,logistic_regression,fine,0.7251657613892274,0.4357309284646138,0.418548474831034,0.7234056352772635,0.43444501668948693,0.4181125260017529,0.3784037723689075,0.7226540089566809,0.8566624233273299,0.5898793502553139,34.8,33,5,105,700706
0,8,100,xgboost,coarse,0.9868147268611943,0.9134698118606458,0.8821776024655448,0.9866496543991954,0.9137982914218291,0.8831240906447236,0.8970888684131965,0.7307144508538531,0.8609552365756823,0.5772178345839767,5.0,5,5,105,700706
0,8,100,xgboost,fine,0.7350957462901702,0.37786734898049334,0.3524564529493017,0.7329680485287203,0.38046642515958223,0.3546242372744074,0.3343140070958752,0.7307144508538531,0.8609552365756823,0.5772178345839767,34.8,33,5,105,700706
1,8,100,logistic_regression,coarse,0.9888697970332778,0.965950136417186,0.9547084744509127,0.9888869987432751,0.9664815013674014,0.9564408161473231,0.9581765512506354,0.7192759873613185,0.8553159242249959,0.5956249839447643,5.0,5,5,105,700706
1,8,100,logistic_regression,fine,0.721762051416714,0.4199712328132645,0.3978527450108781,0.7206969104548909,0.421267544243939,0.3994262795804556,0.37215049978095954,0.7192759873613185,0.8553159242249959,0.5956249839447643,34.8,34,5,105,700706
1,8,100,xgboost,coarse,0.985774347586577,0.899515703652555,0.866130808497568,0.9856741462826433,0.8997222582849733,0.8675703553187549,0.8885246391215716,0.7264887128125063,0.8580281887125271,0.5855808284787057,5.0,5,5,105,700706
1,8,100,xgboost,fine,0.7302820298384772,0.36592035924401645,0.33739619312028535,0.7256771986528562,0.3610394295739586,0.33310634925052185,0.3165650380695844,0.7264887128125063,0.8580281887125271,0.5855808284787057,34.8,34,5,105,700706
2,8,100,logistic_regression,coarse,0.9887113853741798,0.9467219556879256,0.9432404674449636,0.9888787667488635,0.9523064769839475,0.9484664340941065,0.929078246492458,0.7306488027789115,0.8607375989359304,0.5728365391476596,5.0,5,5,105,700706
2,8,100,logistic_regression,fine,0.7327638124976809,0.4301163902981972,0.41858829828903876,0.731098628210906,0.4302471702409893,0.41968135162848413,0.37759158654057967,0.7306488027789115,0.8607375989359304,0.5728365391476596,35.2,34,5,105,700706
2,8,100,xgboost,coarse,0.9864607981093354,0.9184472051735257,0.8953051233462135,0.9860862223055455,0.9238132684489295,0.9006845098552045,0.9002426129966654,0.7346676066709861,0.8626592322600348,0.5665200526326305,5.0,5,5,105,700706
2,8,100,xgboost,fine,0.7388576664107344,0.3810437958212043,0.3540187623535354,0.7368787556864993,0.3829739870159403,0.3576480794656928,0.33228012472682716,0.7346676066709861,0.8626592322600348,0.5665200526326305,35.2,34,5,105,700706
3,8,100,logistic_regression,coarse,0.9901427988343185,0.9612330744913834,0.9573539703877122,0.9899699186916071,0.9605977512683355,0.95355724457685,0.9434407553657077,0.7275034037099725,0.8599319828858323,0.5778257928432181,5.0,5,5,105,700706
3,8,100,logistic_regression,fine,0.729721166937346,0.4278576037035303,0.4126037116569189,0.7282286025450762,0.4280484828756988,0.4108485914634735,0.3772815767973586,0.7275034037099725,0.8599319828858323,0.5778257928432181,34.8,34,5,105,700706
3,8,100,xgboost,coarse,0.9851920777044866,0.892517375991828,0.8662670331660376,0.9842035910225763,0.8861845918611815,0.8581706707060397,0.8774137953367037,0.7336871669430546,0.8616916367206788,0.5710326442188307,5.0,5,5,105,700706
3,8,100,xgboost,fine,0.7381911957368711,0.3676091074003147,0.34324613111213303,0.7344758588435572,0.3627390051025098,0.3384423823490201,0.32101868382319526,0.7336871669430546,0.8616916367206788,0.5710326442188307,34.8,34,5,105,700706
4,8,100,logistic_regression,coarse,0.9878094379097653,0.9423178036494354,0.9217494317351973,0.9878782177253562,0.9455930625164719,0.9270365229652568,0.9230061867158711,0.7220103723958408,0.85628280619832,0.5924053740085,5.0,5,5,105,700706
4,8,100,logistic_regression,fine,0.7247561744868747,0.4236113842172688,0.4045379962109691,0.7236873691084211,0.42485389732393297,0.40463064597562626,0.36814253289954585,0.7220103723958408,0.85628280619832,0.5924053740085,35.2,34,5,105,700706
4,8,100,xgboost,coarse,0.9839461914126609,0.9014664038222984,0.8679151525969161,0.9838761585904183,0.9068861634046537,0.8743311736581532,0.8862245038032063,0.7328365962329422,0.8607354582378344,0.5755737784463099,5.0,5,5,105,700706
4,8,100,xgboost,fine,0.7375247250630079,0.3728444243838758,0.3460675029441662,0.7344463370650044,0.3714381932179471,0.344905550320883,0.3258731121633318,0.7328365962329422,0.8607354582378344,0.5755737784463099,35.2,34,5,105,700706
5,8,100,logistic_regression,coarse,0.9896061971782745,0.971369922037586,0.9695431512509558,0.9896410628552652,0.9721451227543756,0.9689989042566488,0.961297701009295,0.7240112115494943,0.8581487813719306,0.5835685722685405,5.0,5,5,105,700706
5,8,100,logistic_regression,fine,0.7266913655655867,0.4365251726822831,0.4223313471505087,0.7253736401973236,0.43593703474932294,0.42048333953807127,0.3924452928539943,0.7240112115494943,0.8581487813719306,0.5835685722685405,35.0,34,5,105,700706
5,8,100,xgboost,coarse,0.9878579603999394,0.9293248501447746,0.902814820580501,0.9876784025346927,0.9284536982983145,0.9014142034364273,0.9139589950090942,0.7315949913373083,0.8617865410029313,0.5722143095677787,5.0,5,5,105,700706
5,8,100,xgboost,fine,0.7357151216059231,0.3912935448331855,0.36575677130678796,0.7341983172867,0.3884562725085046,0.362030547115461,0.34101257851543454,0.7315949913373083,0.8617865410029313,0.5722143095677787,35.0,34,5,105,700706
6,8,100,logistic_regression,coarse,0.9896090514424024,0.9468108464990855,0.9262951042551102,0.9890308508531613,0.9443273603187035,0.9242395620451183,0.9295387038284679,0.7272251129575028,0.8595823355301653,0.5778457726921133,5.0,5,5,105,700706
6,8,100,logistic_regression,fine,0.7295556196179283,0.4350478227638405,0.41622355069314054,0.7290205260020443,0.43565127451204144,0.4175310395959585,0.3829256366531991,0.7272251129575028,0.8595823355301653,0.5778457726921133,35.4,35,5,105,700706
6,8,100,xgboost,coarse,0.9866291996928812,0.8944002987012579,0.8635185404342793,0.9856706546456963,0.8921007190613391,0.8617137765141673,0.88153770160083,0.7349830028571184,0.8626192725622444,0.5718689436083036,5.0,5,5,105,700706
6,8,100,xgboost,fine,0.7386093454316075,0.3642952874381948,0.340355364238032,0.7353095081069123,0.3616012898514762,0.33873368051072117,0.31516383408258075,0.7349830028571184,0.8626192725622444,0.5718689436083036,35.4,35,5,105,700706
7,8,100,logistic_regression,coarse,0.9888127117507199,0.9399766628684045,0.9195126203535345,0.9881258054795831,0.9350268617964165,0.9137177392576536,0.9137016784082264,0.7219190359437482,0.8566916795346408,0.5876558784996846,5.0,5,5,105,700706
7,8,100,logistic_regression,fine,0.7245706473185616,0.4220790899856101,0.4041140367239594,0.7236159098191514,0.42506861100093163,0.40655541028055114,0.3724179094651824,0.7219190359437482,0.8566916795346408,0.5876558784996846,35.4,34,5,105,700706
7,8,100,xgboost,coarse,0.9870416408593619,0.909006553743002,0.8785324596673346,0.9864359454233825,0.9053980009094594,0.8749631256580894,0.8935338943214555,0.7325797124614317,0.8618050937197627,0.567099468250593,5.0,5,5,105,700706
7,8,100,xgboost,fine,0.7365685465801635,0.38926822970308406,0.3592966109796692,0.735105309804001,0.39244251703377303,0.3621295415252178,0.33741091165573556,0.7325797124614317,0.8618050937197627,0.567099468250593,35.4,34,5,105,700706
8,8,100,logistic_regression,coarse,0.9897489103846692,0.9507842467651839,0.9348010090993139,0.9895588192671001,0.9507655612960374,0.934530642371812,0.9233229245017178,0.7263303011534081,0.8591456331185975,0.5826323736345914,5.0,5,5,105,700706
8,8,100,logistic_regression,fine,0.7285423558525259,0.4231044169381924,0.4049554057214609,0.726701648712152,0.4199980843524031,0.4014227808524484,0.37474295790822876,0.7263303011534081,0.8591456331185975,0.5826323736345914,34.6,33,5,105,700706
8,8,100,xgboost,coarse,0.9876339006658998,0.906141283729659,0.8765520529257165,0.9871364504885095,0.9024631340128282,0.8730553754756134,0.8787257365895621,0.7304775469312379,0.8608831664064529,0.5777829788812997,5.0,5,5,105,700706
8,8,100,xgboost,fine,0.734132432147006,0.3805362886240231,0.35951142048438384,0.7326785983718013,0.37640062178921563,0.3558444368944786,0.3314974057745887,0.7304775469312379,0.8608831664064529,0.5777829788812997,34.6,33,5,105,700706
9,8,100,logistic_regression,coarse,0.9892008916721136,0.9524322108601331,0.9343793116217975,0.988894807264375,0.9510413379103966,0.9329803778703795,0.9372273891391542,0.7253798311988194,0.8584934337653738,0.5814364369650039,5.0,5,5,105,700706
9,8,100,logistic_regression,fine,0.727785975858634,0.4239565256622112,0.40745719952816406,0.7265103642137128,0.4244619847885515,0.4091085665100609,0.3768053597646285,0.7253798311988194,0.8584934337653738,0.5814364369650039,34.6,34,5,105,700706
9,8,100,xgboost,coarse,0.9867804756916596,0.9126471648790162,0.8795372833926166,0.9863114766248102,0.9110735581026137,0.8785096979018492,0.8933070881907906,0.735154258704792,0.8635725967809609,0.5625098115329397,5.0,5,5,105,700706
9,8,100,xgboost,fine,0.7403647178702623,0.38287996733676716,0.3616648457552191,0.7385741172140003,0.38331285900294537,0.3619245418684818,0.34120337601712064,0.735154258704792,0.8635725967809609,0.5625098115329397,34.6,34,5,105,700706
10,8,100,logistic_regression,coarse,0.9886029233373198,0.9357614900162069,0.9140798318257832,0.9886148040043614,0.9389447250145103,0.9185543059359805,0.9152602964406397,0.7174920722813848,0.8542698364221228,0.6008197446575311,4.8,4,5,105,700706
10,8,100,logistic_regression,fine,0.7199367495069259,0.4122855827219598,0.3920446680328965,0.7207056279086429,0.4195200287724563,0.39936080639082644,0.35952410516690797,0.7174920722813848,0.8542698364221228,0.6008197446575311,35.2,33,5,105,700706
10,8,100,xgboost,coarse,0.9853205195902418,0.8889363528279824,0.8586103620008728,0.9850288545609528,0.8921848600204078,0.8624925490354587,0.8702097245936907,0.7236943882312982,0.8569335784194798,0.5887176647552611,4.8,4,5,105,700706
10,8,100,xgboost,fine,0.7285466372487177,0.35745018728329736,0.3342199634357056,0.7272751203428371,0.359217054248563,0.33542346386241706,0.3178372175789721,0.7236943882312982,0.8569335784194798,0.5887176647552611,35.2,33,5,105,700706
11,8,100,logistic_regression,coarse,0.988383144999472,0.9560491263869657,0.9405741346923593,0.9883260701748608,0.9562944510537911,0.9416526067853888,0.9410840271009729,0.7106932151287416,0.8507983376765719,0.6177312596153023,5.0,5,5,105,700706
11,8,100,logistic_regression,fine,0.7132135303536719,0.4020740049574806,0.38160769264044714,0.7142024426825905,0.4048025847951227,0.384488352334251,0.35566087885155884,0.7106932151287416,0.8507983376765719,0.6177312596153023,33.8,32,5,105,700706
11,8,100,xgboost,coarse,0.9838134681307139,0.887109013930921,0.8529354523060837,0.9837165249243756,0.8916725128196312,0.858707068996115,0.8826602569232788,0.7234346501956598,0.8561821933878118,0.5908640713794373,5.0,5,5,105,700706
11,8,100,xgboost,fine,0.7285509186449096,0.35289809387495985,0.33059844746825456,0.7275100894749527,0.3540739536164678,0.3317692292083981,0.30984989459137696,0.7234346501956598,0.8561821933878118,0.5908640713794373,33.8,32,5,105,700706
12,8,100,logistic_regression,coarse,0.9889868218625215,0.9541843238972098,0.9376696599220169,0.9890106479766495,0.9601746891944998,0.9475647829806079,0.9416134833504051,0.7233761377810379,0.8576321595647818,0.5843278065265604,5.0,5,5,105,700706
12,8,100,logistic_regression,fine,0.726277497267042,0.4318335965454953,0.41361659387241784,0.7256269616654776,0.43665550486541516,0.4193275758969601,0.38230889280468233,0.7233761377810379,0.8576321595647818,0.5843278065265604,34.8,34,5,105,700706
12,8,100,xgboost,coarse,0.9854104289102705,0.9012246740147868,0.8688656492274193,0.9849650018022874,0.9089406779108578,0.877245526522721,0.8894420221559738,0.7333189668705563,0.8619392441337737,0.5661004758058301,5.0,5,5,105,700706
12,8,100,xgboost,fine,0.7384680593572768,0.3811352713482824,0.357014905204072,0.7364417587824366,0.3835312728197827,0.3598635544088086,0.33533705476737036,0.7333189668705563,0.8619392441337737,0.5661004758058301,34.8,34,5,105,700706
13,8,100,logistic_regression,coarse,0.987923608474881,0.9426797192666875,0.929511087726595,0.9878276869713983,0.9466609880929273,0.9352599968774215,0.92609192607021,0.7217777498694175,0.8561422336900212,0.5965640368428413,5.0,5,5,105,700706
13,8,100,logistic_regression,fine,0.7243608589051613,0.41958495508051286,0.39730245022495425,0.724531765020044,0.4237252629560709,0.401209864695688,0.36913793337585826,0.7217777498694175,0.8561422336900212,0.5965640368428413,35.0,34,5,105,700706
13,8,100,xgboost,coarse,0.985694428190996,0.9174541515874285,0.8928415829972483,0.9854681903335104,0.9192635346207348,0.8942890121532537,0.9041838738676024,0.7308386113434165,0.8605228155603063,0.5772035632633372,5.0,5,5,105,700706
13,8,100,xgboost,fine,0.7353512029296168,0.3804297929123153,0.3531370944182755,0.7344905356478956,0.3840624779985772,0.35583124901417457,0.3291423218244116,0.7308386113434165,0.8605228155603063,0.5772035632633372,35.0,34,5,105,700706
14,8,100,logistic_regression,coarse,0.9864593709772715,0.9346870456022943,0.9153170048728289,0.9857867396017725,0.933982617352974,0.913915851369523,0.897415756432513,0.7212211683644781,0.8551025679814359,0.5983793488281819,4.8,4,5,105,700706
14,8,100,logistic_regression,fine,0.7237457649856003,0.4224630744252831,0.39936237715921824,0.7231786399800293,0.4214961262077489,0.3986362467666476,0.3662594420934079,0.7212211683644781,0.8551025679814359,0.5983793488281819,34.8,32,5,105,700706
14,8,100,xgboost,coarse,0.9817698150151418,0.9024387961114085,0.8663898346378138,0.9805953671252288,0.8998223805989376,0.8638384801970217,0.8726512467117228,0.7239469906066167,0.855500024261245,0.5958847219804027,4.8,4,5,105,700706
14,8,100,xgboost,fine,0.7292302335073483,0.3659005005607251,0.3414540122647888,0.7267289495099641,0.36337622120856106,0.3394142779466945,0.3165392796243682,0.7239469906066167,0.855500024261245,0.5958847219804027,34.8,32,5,105,700706
15,8,100,logistic_regression,coarse,0.9876681518354345,0.944805639671958,0.9299523320215514,0.9878291331496958,0.9491159877754857,0.9360768672928191,0.9311074626500855,0.7153271129403773,0.8528113074527691,0.6063712883862847,5.0,5,5,105,700706
15,8,100,logistic_regression,fine,0.7179544630701036,0.41462621178662235,0.3914723440815703,0.7180523451768062,0.4194200977827629,0.3960270355768253,0.3673513986413432,0.7153271129403773,0.8528113074527691,0.6063712883862847,35.0,33,5,105,700706
15,8,100,xgboost,coarse,0.9852505901191084,0.8943359411406234,0.866593902293739,0.9850077638768784,0.8942433296073597,0.8669343709281753,0.8865979629100926,0.7244136627915274,0.8566724132517775,0.5916404312222244,5.0,5,5,105,700706
15,8,100,xgboost,fine,0.7280942363844466,0.3595938235688224,0.333103794796692,0.7267891340908745,0.36231469221808027,0.3356342735910618,0.316436495847619,0.7244136627915274,0.8566724132517775,0.5916404312222244,35.0,33,5,105,700706
16,8,100,logistic_regression,coarse,0.9889397265044113,0.9579704860491984,0.9483644885250868,0.9888554459323563,0.9597635141994327,0.9496741488503895,0.9413293350116003,0.7211412489688971,0.8562521228589451,0.5906100418720548,5.0,5,5,105,700706
16,8,100,logistic_regression,fine,0.723564519213479,0.4206502060104847,0.40411247356291924,0.7232417149033762,0.4230671399116024,0.4046951234713359,0.36345242465257743,0.7211412489688971,0.8562521228589451,0.5906100418720548,36.0,34,5,105,700706
16,8,100,xgboost,coarse,0.9858371413973906,0.9198421191323065,0.8910605042748132,0.985335180763337,0.9218818477938973,0.8935302614210434,0.9086640722773752,0.723349022271823,0.8565546748565018,0.5885549716999712,5.0,5,5,105,700706
16,8,100,xgboost,fine,0.7272722083156131,0.363681367882656,0.33747169405731464,0.724962172460468,0.3626506806184771,0.33574350994596597,0.3120590269323843,0.723349022271823,0.8565546748565018,0.5885549716999712,36.0,34,5,105,700706
17,8,100,logistic_regression,coarse,0.9874740618747377,0.9581587179329725,0.9459145755926283,0.9873992859760418,0.9572449936793509,0.9454277398455788,0.9429045287592264,0.7203877232391331,0.8554172506015362,0.5960046010737742,5.0,5,5,105,700706
17,8,100,logistic_regression,fine,0.7233604393283346,0.4217785863767792,0.4002690426848138,0.722412377883571,0.42080224502053,0.3999677535410988,0.37721885564312635,0.7203877232391331,0.8554172506015362,0.5960046010737742,34.8,34,5,105,700706
17,8,100,xgboost,coarse,0.9852320374022772,0.9055206192033187,0.8768388178956116,0.9844233722971257,0.9026023271597271,0.8740722371234477,0.8832933533671206,0.726253236021955,0.8580817061649251,0.5866340519418985,5.0,5,5,105,700706
17,8,100,xgboost,fine,0.7309313749275731,0.3737780431675627,0.3445343726061777,0.7284785626027159,0.3713543544932802,0.34222401574976674,0.33147342414734343,0.726253236021955,0.8580817061649251,0.5866340519418985,34.8,34,5,105,700706
18,8,100,logistic_regression,coarse,0.9891295350689162,0.9330829102195839,0.9176561587081297,0.9889188487069418,0.9374618387361808,0.9221994394918094,0.9175681457685505,0.7247276318455957,0.8579796662223529,0.5836970141542958,5.0,5,5,105,700706
18,8,100,logistic_regression,fine,0.7268297973757896,0.40540049654812504,0.3843740895667175,0.7256524210087304,0.40408263346065865,0.38410698747031113,0.3579799811387694,0.7247276318455957,0.8579796662223529,0.5836970141542958,34.8,34,5,105,700706
18,8,100,xgboost,coarse,0.9862923965257897,0.9030510477316509,0.8744405299412223,0.9858946999036626,0.9049461318989586,0.876404872334257,0.8905162386012953,0.727196570316224,0.8589429803655171,0.5834915071370874,5.0,5,5,105,700706
18,8,100,xgboost,fine,0.7315935642052445,0.360708286579161,0.33592921880708576,0.729077036174555,0.35971873102303664,0.33583228941558046,0.31501102782279977,0.727196570316224,0.8589429803655171,0.5834915071370874,34.8,34,5,105,700706
19,8,100,logistic_regression,coarse,0.9876738603636903,0.9366064765833555,0.9201350545976081,0.9877754785143281,0.9433332782449699,0.9280246487940328,0.9139389322506872,0.7108287926748166,0.8508104682991154,0.6120284398877703,5.0,5,5,105,700706
19,8,100,logistic_regression,fine,0.7139470762345406,0.41235739101744273,0.39488427068039644,0.713062898466237,0.41474925632186244,0.3979623826345294,0.35391658067337445,0.7108287926748166,0.8508104682991154,0.6120284398877703,34.8,33,5,105,700706
19,8,100,xgboost,coarse,0.9839390557523412,0.8710733631660721,0.8462454172968392,0.983044272015683,0.8721796851754157,0.8459161739811437,0.8474803753133435,0.7129438023935859,0.850233193379249,0.6168835431693178,5.0,5,5,105,700706
19,8,100,xgboost,fine,0.7165273310061566,0.33568375796768607,0.3099911936042777,0.7145413133544954,0.3333175786224546,0.3092965491452402,0.29047947056304124,0.7129438023935859,0.850233193379249,0.6168835431693178,34.8,33,5,105,700706
0,8,200,logistic_regression,coarse,0.990776445470711,0.9760383613968188,0.9746670824807182,0.9910635501278408,0.9770393547881087,0.9751529225922593,0.9681687518518896,0.74010355270256,0.8664775240971249,0.549859712918114,5.0,5,5,105,700706
0,8,200,logistic_regression,fine,0.7421786027235389,0.4836893716875572,0.4712606286398288,0.7404635888314954,0.48190450388730693,0.4698777870369222,0.4294392563833228,0.74010355270256,0.8664775240971249,0.549859712918114,36.0,35,5,105,700706
0,8,200,xgboost,coarse,0.9895862173293792,0.9436961220560901,0.9183959574275613,0.9895856909212296,0.9446299687392503,0.9201095723207009,0.9306055934883337,0.7641778434892809,0.878686638904191,0.4973812126626574,5.0,5,5,105,700706
0,8,200,xgboost,fine,0.7677870604790026,0.45963212687270216,0.4282416344560884,0.7656704535113869,0.45931149898366486,0.4275219468863881,0.40443878271117123,0.7641778434892809,0.878686638904191,0.4973812126626574,36.0,35,5,105,700706
1,8,200,logistic_regression,coarse,0.991124665694314,0.9706385715137926,0.9600770327017301,0.9912058645085605,0.9706640778194083,0.9606012766389391,0.9642863742917356,0.735074339309211,0.8640521131544471,0.561156890336318,5.0,5,5,105,700706
1,8,200,logistic_regression,fine,0.7369795606145801,0.46473370536739933,0.44803650336537504,0.7354168799792004,0.4648507237854261,0.4494668882029585,0.417148300579712,0.735074339309211,0.8640521131544471,0.561156890336318,35.6,34,5,105,700706
1,8,200,xgboost,coarse,0.9887827419773771,0.9295772724524982,0.8980299910295779,0.9887565993367962,0.9288093156898876,0.8981852811022606,0.9198986305639469,0.7605329481979604,0.8764339109412507,0.5045511241519268,5.0,5,5,105,700706
1,8,200,xgboost,fine,0.7640850799051243,0.4387168383978127,0.40673249828447555,0.7604855042802456,0.4348214070857871,0.4037313055150019,0.39158485510872043,0.7605329481979604,0.8764339109412507,0.5045511241519268,35.6,34,5,105,700706
2,8,200,logistic_regression,coarse,0.9911760424486161,0.9708826200508842,0.9751903032961394,0.99150061597884,0.9743429510070826,0.9774456670635499,0.9605559927614521,0.7437470208618165,0.868545438457784,0.5401751947321701,5.0,5,5,105,700706
2,8,200,logistic_regression,fine,0.745914834466952,0.48242755864644427,0.47225886966032415,0.745383865149479,0.48500561672622067,0.4761464822528579,0.4257160062181124,0.7437470208618165,0.868545438457784,0.5401751947321701,36.8,35,5,105,700706
2,8,200,xgboost,coarse,0.9895591018201643,0.9455836857940776,0.9253250818675036,0.9895930955605848,0.9480973455049477,0.927478964561326,0.9332886003642213,0.7666268021110137,0.8797948069518458,0.4938533422005806,5.0,5,5,105,700706
2,8,200,xgboost,fine,0.7700305120835271,0.4577060527127398,0.4309858903227665,0.7680755329044802,0.45864471625395015,0.43167974274151133,0.39885316076697397,0.7666268021110137,0.8797948069518458,0.4938533422005806,36.8,35,5,105,700706
3,8,200,logistic_regression,coarse,0.9912188564105345,0.9661579492970793,0.9630181566238797,0.9911988161303793,0.9659047556931787,0.9601122126766857,0.9483356650861084,0.7395897851595391,0.8663719163243928,0.5505618618935759,5.0,5,5,105,700706
3,8,200,logistic_regression,fine,0.7415249762382511,0.47672628263991,0.4601739398446929,0.7403562504341875,0.4759562516956179,0.45841011336849663,0.41969083647265226,0.7395897851595391,0.8663719163243928,0.5505618618935759,36.6,36,5,105,700706
3,8,200,xgboost,coarse,0.9893050723127816,0.9426916193329367,0.920565888999928,0.9888775566598346,0.9413540154274385,0.9176525278799901,0.9266571480880735,0.7634685588534992,0.8783134438694687,0.4976466592265515,5.0,5,5,105,700706
3,8,200,xgboost,fine,0.7673218154261559,0.4385129229649469,0.41537916729200003,0.7647414585299925,0.4356443938981673,0.4114749541323367,0.3911550787832942,0.7634685588534992,0.8783134438694687,0.4976466592265515,36.6,36,5,105,700706
4,8,200,logistic_regression,coarse,0.9910418920346051,0.974781773645336,0.9680880334184551,0.9913361297382803,0.9769142198918294,0.9719525698829046,0.9685806610941678,0.7375061723461765,0.865317265729136,0.5560277776984927,5.0,5,5,105,700706
4,8,200,logistic_regression,fine,0.739592639423667,0.47489063194146414,0.45848649023218,0.7390120375973913,0.47624553384014645,0.45989363342450446,0.42232648428583497,0.7375061723461765,0.865317265729136,0.5560277776984927,36.6,36,5,105,700706
4,8,200,xgboost,coarse,0.9883374767734256,0.9380326795821136,0.9103937656853874,0.9886013029229297,0.9449209399956896,0.9196339155454177,0.9272431488504819,0.760972504873656,0.8766693877318019,0.5058127088964559,5.0,5,5,105,700706
4,8,200,xgboost,fine,0.7650012986901782,0.44365538614288,0.41351172599157776,0.7629741263162906,0.4454066197046936,0.4149320031591615,0.3957739497667081,0.760972504873656,0.8766693877318019,0.5058127088964559,36.6,36,5,105,700706
5,8,200,logistic_regression,coarse,0.9908963245640825,0.9763154692669614,0.9757351549883764,0.991170686814686,0.9773754308924213,0.9761746316028607,0.9688360275139378,0.7351128718749376,0.8640706658712783,0.5599124311765562,5.0,5,5,105,700706
5,8,200,logistic_regression,fine,0.7372450071784743,0.4793634149703204,0.463981974562714,0.7372374977594449,0.4814770988939836,0.4654491099598599,0.42704299874748664,0.7351128718749376,0.8640706658712783,0.5599124311765562,36.0,36,5,105,700706
5,8,200,xgboost,coarse,0.9900671608349293,0.9472822944303306,0.9226857649011629,0.9901520429522082,0.9458923663801915,0.9211063669132429,0.9344670737962429,0.7637026085119865,0.8787615633375482,0.49520340913307437,5.0,5,5,105,700706
5,8,200,xgboost,fine,0.767455965840167,0.4544042646197191,0.4229027767112913,0.7655931069202508,0.4529166235326163,0.4209505701326523,0.40235024405080905,0.7637026085119865,0.8787615633375482,0.49520340913307437,36.0,36,5,105,700706
6,8,200,logistic_regression,coarse,0.9913972479185279,0.9721615934702281,0.96467108204147,0.9912681104675105,0.9727908622588292,0.9659862178891613,0.9654299885191742,0.7392643990489592,0.8663005597211955,0.5503078323861934,5.0,5,5,105,700706
6,8,200,logistic_regression,fine,0.741203871523863,0.47576989760304883,0.4635198008322783,0.7409935651997365,0.47874573095744977,0.4675220724623176,0.42624407452650587,0.7392643990489592,0.8663005597211955,0.5503078323861934,35.6,35,5,105,700706
6,8,200,xgboost,coarse,0.989512006462054,0.9385471678690959,0.9131197425496967,0.9891370578743508,0.9395083531730579,0.914122161034365,0.9270074022456819,0.7652781623105839,0.8792945971634323,0.49121029361815083,5.0,5,5,105,700706
6,8,200,xgboost,fine,0.7690771878648106,0.44632671687654035,0.42084401708932373,0.7664535254821683,0.4460532894937907,0.42097184309150676,0.3978504247521594,0.7652781623105839,0.8792945971634323,0.49121029361815083,35.6,35,5,105,700706
7,8,200,logistic_regression,coarse,0.990643722188764,0.9765914420769708,0.977600501524579,0.9909111585639785,0.9793564625320906,0.9812728968843786,0.966227744158959,0.7397653224034045,0.8665024989082439,0.5456981958196447,5.0,5,5,105,700706
7,8,200,logistic_regression,fine,0.742361275627724,0.49444173165898203,0.47636561942438915,0.7418120221168202,0.4991943473076907,0.48230059952403936,0.4307925118633862,0.7397653224034045,0.8665024989082439,0.5456981958196447,36.8,36,5,105,700706
7,8,200,xgboost,coarse,0.990265532191818,0.9398367700129249,0.9149089175226945,0.9899604409011018,0.9389929721048993,0.913723850962009,0.9326180612270087,0.7673689107842662,0.880242212853893,0.49204088447936795,5.0,5,5,105,700706
7,8,200,xgboost,fine,0.7702188935159682,0.4516945529478698,0.42270581547464675,0.7687925896751958,0.4558778062528204,0.42687512497861857,0.39977213121915894,0.7673689107842662,0.880242212853893,0.49204088447936795,36.8,36,5,105,700706
8,8,200,logistic_regression,coarse,0.9906708376979789,0.9645144328868402,0.9574128808502905,0.9906401546347373,0.9640912160869689,0.955349170769308,0.9474520314061139,0.7378215685323088,0.8652887230878571,0.5551144131775666,5.0,5,5,105,700706
8,8,200,logistic_regression,fine,0.7399066084777353,0.47526491175084234,0.4582253180275237,0.7384986128153824,0.4734958019511122,0.4554907375142759,0.4237149153129336,0.7378215685323088,0.8652887230878571,0.5551144131775666,36.0,35,5,105,700706
8,8,200,xgboost,coarse,0.9893050723127816,0.9394845521582965,0.9147322432304785,0.9890570992924392,0.9380096556383822,0.9122727479495124,0.9210560412875347,0.7643262652239313,0.8784797047549187,0.49739548398329686,5.0,5,5,105,700706
8,8,200,xgboost,fine,0.7676543371970556,0.4451480661577382,0.41593106682511033,0.7649196981162676,0.4413197531682455,0.41189718051270235,0.38878558197501717,0.7643262652239313,0.8784797047549187,0.49739548398329686,36.0,35,5,105,700706
9,8,200,logistic_regression,coarse,0.9907550384897518,0.9759429063090981,0.9709378983963187,0.9907541468101021,0.9765713346753934,0.9724092806459707,0.9708781535071924,0.7373948560451887,0.8651474370135264,0.554192485864257,5.0,5,5,105,700706
9,8,200,logistic_regression,fine,0.739539835537301,0.4709884668282605,0.45701609665327764,0.7382790705346328,0.471615660838776,0.45900479694082047,0.42343836758970793,0.7373948560451887,0.8651474370135264,0.554192485864257,36.4,36,5,105,700706
9,8,200,xgboost,coarse,0.9891552234460672,0.9463140327664631,0.9203098042621949,0.9891785838891712,0.9469897963028158,0.9217200708267906,0.9355919195069329,0.7640508287355895,0.8786830710740311,0.4946610989487745,5.0,5,5,105,700706
9,8,200,xgboost,fine,0.7682109187019949,0.44558404837420273,0.42014799984860857,0.7657076715809578,0.44570446403999536,0.4197799413366978,0.40300882449930087,0.7640508287355895,0.8786830710740311,0.4946610989487745,36.4,36,5,105,700706
10,8,200,logistic_regression,coarse,0.9910062137330065,0.974660531968685,0.9726026424791858,0.9914145073181357,0.9779774577550115,0.9784745956208724,0.9646949249378695,0.7346519082182827,0.8638780030426456,0.5599466823460909,5.0,5,5,105,700706
10,8,200,logistic_regression,fine,0.7367497923522847,0.47687158203460966,0.46029048296932673,0.7378647326142799,0.48133921122455403,0.46772878560323405,0.4200743386481205,0.7346519082182827,0.8638780030426456,0.5599466823460909,36.6,35,5,105,700706
10,8,200,xgboost,coarse,0.9879007743618579,0.9313055401573113,0.9044869208985391,0.9880429889577036,0.9356354036602857,0.9105914101159016,0.9149037648771463,0.7542392957959544,0.8731308137792455,0.518771068037094,5.0,5,5,105,700706
10,8,200,xgboost,fine,0.7583608531966332,0.43564047997731603,0.4036019995683732,0.7571115802605736,0.43899898044011987,0.4075025527102527,0.37855458731392594,0.7542392957959544,0.8731308137792455,0.518771068037094,36.6,35,5,105,700706
11,8,200,logistic_regression,coarse,0.9906422950567,0.9780821058784452,0.9745573102208462,0.990884021539117,0.9798537285179749,0.977432945731701,0.9708714998966026,0.7319960154472774,0.8624351725259952,0.5698795215111616,5.0,5,5,105,700706
11,8,200,logistic_regression,fine,0.7342280499952905,0.4598771674478874,0.4437849404581881,0.7344954478359014,0.4628065191777675,0.44679728631802645,0.4147786941254724,0.7319960154472774,0.8624351725259952,0.5698795215111616,35.8,34,5,105,700706
11,8,200,xgboost,coarse,0.9873427657248547,0.9405346714675277,0.9121909627625657,0.9877324777548374,0.9431738916082552,0.9164131636505346,0.9307620135776352,0.759414076659826,0.8755612196841471,0.5082274163486541,5.0,5,5,105,700706
11,8,200,xgboost,fine,0.7637796736434396,0.42761747815376083,0.39974953264542107,0.7623945461153772,0.42908645171668397,0.4010776950420815,0.38375347807802707,0.759414076659826,0.8755612196841471,0.5082274163486541,35.8,34,5,105,700706
12,8,200,logistic_regression,coarse,0.9906251694719326,0.9772983162319735,0.9727496878427306,0.9908669609035938,0.9781003697236189,0.9746733057356385,0.9718821339511592,0.7393286199918369,0.8660429623836531,0.5522544405214169,5.0,5,5,105,700706
12,8,200,logistic_regression,fine,0.7414607552953735,0.4685764584025706,0.4540678713208992,0.7409986953697746,0.4724601133019395,0.4587057545848333,0.422777602661618,0.7393286199918369,0.8660429623836531,0.5522544405214169,35.6,35,5,105,700706
12,8,200,xgboost,coarse,0.9885715264319129,0.9543810793333932,0.9333544567527463,0.9885542011898311,0.9545420826251989,0.9335586139521407,0.9453715358615988,0.7659731756257261,0.8793088684840717,0.4918838999523338,5.0,5,5,105,700706
12,8,200,xgboost,fine,0.7700462105362306,0.44489550613649814,0.41861902464816525,0.7674115868509889,0.44386401469550674,0.41818196640673916,0.3984610310093475,0.7659731756257261,0.8793088684840717,0.4918838999523338,35.6,35,5,105,700706
13,8,200,logistic_regression,coarse,0.9895305591788853,0.9581506776784273,0.9508966880020966,0.9896881206150556,0.9625657188065485,0.9570301426924697,0.9466580338199032,0.7369096311434468,0.864457418660608,0.5584910076408651,5.0,5,5,105,700706
13,8,200,logistic_regression,fine,0.7393842781423308,0.4615707256587003,0.44562653201905067,0.7394768435294967,0.4662879343604062,0.4506483768156751,0.4116613007966319,0.7369096311434468,0.864457418660608,0.5584910076408651,36.2,35,5,105,700706
13,8,200,xgboost,coarse,0.9884502202064774,0.9373794554073189,0.9192835220057235,0.9881135389028037,0.9387092303804279,0.919630167464484,0.9242027521083132,0.7614919809449326,0.8769412563899838,0.5031382634086193,5.0,5,5,105,700706
13,8,200,xgboost,fine,0.7654322925734902,0.4344216492253126,0.40790433747362326,0.7638003486088575,0.4383187609337192,0.41069957438941146,0.38435708948514025,0.7614919809449326,0.8769412563899838,0.5031382634086193,36.2,35,5,105,700706
14,8,200,logistic_regression,coarse,0.989566237480484,0.9670299582516302,0.9603914145299874,0.9896616414803636,0.9681498407292072,0.9608574116693523,0.952664991779026,0.7342337585235462,0.8631237637468496,0.5636714970329925,5.0,5,5,105,700706
14,8,200,logistic_regression,fine,0.7366812900132153,0.4709306273954087,0.45401160123611606,0.7366786626521588,0.4714557854461145,0.4559767922100289,0.4206437193607869,0.7342337585235462,0.8631237637468496,0.5636714970329925,36.4,36,5,105,700706
14,8,200,xgboost,coarse,0.9877823224005503,0.939657493865077,0.9140317880653527,0.9874592566542331,0.9370694174683212,0.9106858884087335,0.9223540461240722,0.7592114239067455,0.8755712096085948,0.5113300014556748,5.0,5,5,105,700706
14,8,200,xgboost,fine,0.7633600968166392,0.4362574404236766,0.40672781375670547,0.7607304223465874,0.4349078799624128,0.4053357986506501,0.38751127525407747,0.7592114239067455,0.8755712096085948,0.5113300014556748,36.4,36,5,105,700706
15,8,200,logistic_regression,coarse,0.9894991622734784,0.9598885613974181,0.9488366920218902,0.9899060230968539,0.9639374764395011,0.9551481065164025,0.9470450323712832,0.7330149877409355,0.8626171318641485,0.5639626319740376,5.0,5,5,105,700706
15,8,200,logistic_regression,fine,0.7357351014548185,0.4655006550045809,0.44865830372595483,0.7358566404124901,0.47116213106135685,0.4542669514127808,0.41940945463575013,0.7330149877409355,0.8626171318641485,0.5639626319740376,36.0,34,5,105,700706
15,8,200,xgboost,coarse,0.9877709053440388,0.9279711258558297,0.9000031613346463,0.9878126022707628,0.9313706558696255,0.9047987683393097,0.9193590188535471,0.7589873641727058,0.8752072909322883,0.5080104922749341,5.0,5,5,105,700706
15,8,200,xgboost,fine,0.7626436765205379,0.4351009182323915,0.402900796729277,0.7612396330113304,0.43760894453170623,0.40527735884693644,0.3874642039007629,0.7589873641727058,0.8752072909322883,0.5080104922749341,36.0,34,5,105,700706
16,8,200,logistic_regression,coarse,0.9901485073625743,0.9693368872085995,0.966993113666302,0.990256856568669,0.9702898682975899,0.96667306474732,0.9582547998031715,0.7321444371819279,0.8624209012053557,0.5666228061412347,5.0,5,5,105,700706
16,8,200,logistic_regression,fine,0.7346932950481372,0.4682410172399088,0.4553013680631486,0.7351691288624072,0.4721237531154442,0.4577169817228865,0.41324813066217153,0.7321444371819279,0.8624209012053557,0.5666228061412347,37.0,36,5,105,700706
16,8,200,xgboost,coarse,0.9883660194147046,0.9463666830618799,0.9224638220323707,0.9885285224548814,0.9481207752588674,0.9254081336699242,0.9337498465616108,0.7556778449164129,0.8739292941690238,0.5136019957014782,5.0,5,5,105,700706
16,8,200,xgboost,fine,0.759492568923343,0.4317766791931224,0.40526509024861873,0.7581121171924821,0.42934326184574984,0.40206925221305745,0.3802816525616294,0.7556778449164129,0.8739292941690238,0.5136019957014782,37.0,36,5,105,700706
17,8,200,logistic_regression,coarse,0.9888812140897895,0.9706803472200599,0.9686652874325793,0.9888882853966184,0.9709686769722744,0.9694936349111872,0.9609018712434954,0.733702865395758,0.8629211109937691,0.5623585355341613,5.0,5,5,105,700706
17,8,200,logistic_regression,fine,0.7369610078977489,0.47463246785290825,0.4581277747016901,0.7357123348176007,0.4763604992270742,0.4615834766467714,0.4249950567560381,0.733702865395758,0.8629211109937691,0.5623585355341613,36.4,35,5,105,700706
17,8,200,xgboost,coarse,0.987819427834213,0.9374422886153535,0.912550256613011,0.9873941501976569,0.9355484105222385,0.9101355968869853,0.9275106400310857,0.7607755606488313,0.8765231066952474,0.503657739479896,5.0,5,5,105,700706
17,8,200,xgboost,fine,0.7652267855562818,0.44593148522793885,0.4155343768194399,0.7638790403039176,0.44670449959994984,0.4161853952493047,0.4002202878585068,0.7607755606488313,0.8765231066952474,0.503657739479896,36.4,35,5,105,700706
18,8,200,logistic_regression,coarse,0.9910847059965235,0.9682035816064272,0.964022615539659,0.9913066168025313,0.9714267280246908,0.9677304022150077,0.9595604871785355,0.7390603191638148,0.8661086104585947,0.5512497395483983,5.0,5,5,105,700706
18,8,200,logistic_regression,fine,0.7411325149206657,0.46273619537344146,0.4480055066327949,0.7401981025591537,0.46346536102590946,0.4492010510944979,0.4161408926608657,0.7390603191638148,0.8661086104585947,0.5512497395483983,36.6,35,5,105,700706
18,8,200,xgboost,coarse,0.9890724497863583,0.923518228548066,0.893852316641628,0.9886147717593796,0.9254675124990637,0.896327928682059,0.9160485791528247,0.7579569748225361,0.8754120843834646,0.5105079733868413,5.0,5,5,105,700706
18,8,200,xgboost,fine,0.761751718980571,0.42375732860515897,0.3957352310455124,0.7592106634358193,0.42258887779772747,0.3950893807791627,0.37601799159627536,0.7579569748225361,0.8754120843834646,0.5105079733868413,36.6,35,5,105,700706
19,8,200,logistic_regression,coarse,0.9908977516961465,0.9708860009005829,0.965692142838655,0.9912930832806047,0.9743544178677788,0.9701947547332772,0.9612763824977236,0.7259449754961425,0.8595174010212557,0.5783224348014716,5.0,5,5,105,700706
19,8,200,logistic_regression,fine,0.728137050346365,0.4656219852101193,0.45273507057977325,0.7276792293857487,0.46902173715747225,0.45635717637897644,0.40993830645508217,0.7259449754961425,0.8595174010212557,0.5783224348014716,35.8,35,5,105,700706
19,8,200,xgboost,coarse,0.9892950823883341,0.9360189703197118,0.9111241201347458,0.988979287819159,0.9402909220852187,0.915507370766411,0.9228614734506411,0.7529877009758729,0.8728453873664561,0.5196473271243575,5.0,5,5,105,700706
19,8,200,xgboost,fine,0.7563956923445782,0.4272221329066491,0.39740570452083734,0.7537604151597771,0.42619996235565555,0.3976100670212658,0.3760253016459983,0.7529877009758729,0.8728453873664561,0.5196473271243575,35.8,35,5,105,700706
0,8,400,logistic_regression,coarse,0.9918139704812003,0.9796899888071409,0.977970672256806,0.992218524154673,0.9807075197063367,0.9785815257803442,0.9736159593737018,0.7450557009644558,0.869273989376429,0.5394159604741503,5.0,5,5,105,700706
0,8,400,logistic_regression,fine,0.7467340082716575,0.5124938712885748,0.5042026913679407,0.7455537299243112,0.5110525454036254,0.504437385033474,0.4550071630810344,0.7450557009644558,0.869273989376429,0.5394159604741503,36.6,36,5,105,700706
0,8,400,xgboost,coarse,0.9911161029019303,0.9658005159656389,0.9490588315801872,0.9914994016987193,0.9675157522091503,0.9517080514939084,0.9600443665620778,0.7872360162464714,0.8908186885798038,0.4425764871429672,5.0,5,5,105,700706
0,8,400,xgboost,fine,0.7905212742576773,0.5121358415329287,0.48181305398289526,0.7887253079044132,0.511843807167742,0.4820621969007189,0.45566254588337385,0.7872360162464714,0.8908186885798038,0.4425764871429672,36.6,36,5,105,700706
1,8,400,logistic_regression,coarse,0.9917811464437296,0.982166771658186,0.9815026771395127,0.9921449587059284,0.9837017136072989,0.9833246535236974,0.9742056040963324,0.7479327992053728,0.8707881764962766,0.5312584735966297,5.0,5,5,105,700706
1,8,400,logistic_regression,fine,0.7497952065488236,0.5147781005110031,0.5042121660542879,0.7490869704321095,0.5197718476445002,0.5083825082113738,0.4559866796995929,0.7479327992053728,0.8707881764962766,0.5312584735966297,36.6,35,5,105,700706
1,8,400,xgboost,coarse,0.9906080438871653,0.9675743162604352,0.950258108827725,0.9909196937299364,0.968992070519886,0.9528137004204467,0.9581498460890755,0.787140398398187,0.8904297950923783,0.44392940833958894,5.0,5,5,105,700706
1,8,400,xgboost,fine,0.7902515462975913,0.49875636942784185,0.46872369491010557,0.7876449160734128,0.49780322870879135,0.46808480727678087,0.45057849459879895,0.787140398398187,0.8904297950923783,0.44392940833958894,36.6,35,5,105,700706
2,8,400,logistic_regression,coarse,0.9917040813122765,0.9794190956213237,0.9856315733367303,0.9920485695132838,0.9821089383606589,0.9874294258906933,0.9697199760692415,0.7506814555605347,0.8721639318059214,0.5255585081332256,5.0,5,5,105,700706
2,8,400,logistic_regression,fine,0.7526237822995664,0.5224723602711656,0.5137147191634338,0.7525484964326651,0.5268672407552969,0.5186515917997808,0.45922280757300965,0.7506814555605347,0.8721639318059214,0.5255585081332256,37.8,37,5,105,700706
2,8,400,xgboost,coarse,0.991742613878003,0.9698848186646277,0.9634114079911592,0.9920082109338897,0.9729053221351244,0.9656618999452823,0.958166868353851,0.7879981047686191,0.8913831193110948,0.4405042913861163,5.0,5,5,105,700706
2,8,400,xgboost,fine,0.7910236247441865,0.5153621705560888,0.48908388897107063,0.7902738840273388,0.5210695957971654,0.4933841652037668,0.4513430479898795,0.7879981047686191,0.8913831193110948,0.4405042913861163,37.8,37,5,105,700706
3,8,400,logistic_regression,coarse,0.9913244641832666,0.9777342069099358,0.9822242844082159,0.9916351662393897,0.9796834581005406,0.9829168096037941,0.9651014480472191,0.7447103350049807,0.8690984521325634,0.5377833213929951,5.0,5,5,105,700706
3,8,400,logistic_regression,fine,0.7468724400818603,0.5130546461888298,0.5040656446553867,0.7471237202085103,0.5159343467705545,0.506710199876742,0.4546519044349566,0.7447103350049807,0.8690984521325634,0.5377833213929951,37.6,36,5,105,700706
3,8,400,xgboost,coarse,0.991257388976261,0.9600778761818564,0.9435855948167502,0.9909796392745085,0.958483521499409,0.9403998227003647,0.9445022841107438,0.7869691425505133,0.8906980959204003,0.44345845475848644,5.0,5,5,105,700706
3,8,400,xgboost,fine,0.7901388028645395,0.5098709565446037,0.4790066940113188,0.7888263969539319,0.5127332486665386,0.48049679160131176,0.4492799782173913,0.7869691425505133,0.8906980959204003,0.44345845475848644,37.6,36,5,105,700706
4,8,400,logistic_regression,coarse,0.991341589768034,0.9781523344818194,0.9724359121987307,0.9919647722858214,0.9798529489307933,0.9751204231015862,0.9743884866230095,0.7437798448992873,0.8683913081948778,0.5439713660222689,5.0,5,5,105,700706
4,8,400,logistic_regression,fine,0.7454410266217215,0.4985872622294502,0.4859216006605945,0.7449470071401898,0.5006687543840506,0.48788306607763676,0.4455777620658235,0.7437798448992873,0.8683913081948778,0.5439713660222689,37.2,37,5,105,700706
4,8,400,xgboost,coarse,0.9900585980425457,0.9614853542005326,0.9421880185666011,0.9905350530820989,0.9649554730759696,0.9477249870996332,0.9548842636019008,0.7855248849017991,0.8894450739682549,0.4471518725399811,5.0,5,5,105,700706
4,8,400,xgboost,fine,0.7888315498939641,0.4960527758027731,0.46606548365443334,0.7868255225787291,0.4980943059713317,0.4674695085441138,0.446813953009034,0.7855248849017991,0.8894450739682549,0.4471518725399811,37.2,37,5,105,700706
5,8,400,logistic_regression,coarse,0.9908635005266118,0.9779307618671709,0.9793221299500218,0.991214561088681,0.9791146339711634,0.9799357659401717,0.970582717226844,0.743465875845219,0.8682742833656341,0.5405234149557732,5.0,5,5,105,700706
5,8,400,logistic_regression,fine,0.7456850662046565,0.5078791597636566,0.4992066203279904,0.7457688578738825,0.5094706780231846,0.4999359651274412,0.4546301223132378,0.743465875845219,0.8682742833656341,0.5405234149557732,37.2,36,5,105,700706
5,8,400,xgboost,coarse,0.9912916401457958,0.9611953584251955,0.9425809039335146,0.9915051486353819,0.9609321164243262,0.9420062678308854,0.9485289407473683,0.7846785955878786,0.8896348825327598,0.4472003950301553,5.0,5,5,105,700706
5,8,400,xgboost,fine,0.7879781249197239,0.5017239467162448,0.47200008828564566,0.7854501618042414,0.49850913602417396,0.4681609348463212,0.4496525926646385,0.7846785955878786,0.8896348825327598,0.4472003950301553,37.2,36,5,105,700706
6,8,400,logistic_regression,coarse,0.9918325231980317,0.9775820574454428,0.9727284503438908,0.991957592966832,0.9787824421812499,0.9746973858050716,0.9730790300562742,0.747417604530288,0.8705305791587342,0.5338187485193505,5.0,5,5,105,700706
6,8,400,logistic_regression,fine,0.7492286351194367,0.5012403214267082,0.49359936434215157,0.7475497235442624,0.5026422614465778,0.49574996408323646,0.45249456334668064,0.747417604530288,0.8705305791587342,0.5338187485193505,36.0,35,5,105,700706
6,8,400,xgboost,coarse,0.9911018315812908,0.9578278209897156,0.9374883158785823,0.9908008322966256,0.9570062969417876,0.9360535208253216,0.9476566648537309,0.7883006567661758,0.8912639537837552,0.43920845547205245,5.0,5,5,105,700706
6,8,400,xgboost,fine,0.7914260759862196,0.49774522133546173,0.4693419331991188,0.7892589748030642,0.4981995990523927,0.4704378643867102,0.451592539517703,0.7883006567661758,0.8912639537837552,0.43920845547205245,36.0,35,5,105,700706
7,8,400,logistic_regression,coarse,0.9915428153890504,0.979130179260987,0.9838794455858499,0.9919283111457363,0.982184337661927,0.9859649978886591,0.9697669534471982,0.744487702403005,0.8690706230573165,0.5372552825293347,5.0,5,5,105,700706
7,8,400,logistic_regression,fine,0.7465984307255825,0.5238050586676555,0.5155330402900428,0.7460713885080658,0.5259877142610286,0.517801365317444,0.45858368520138754,0.744487702403005,0.8690706230573165,0.5372552825293347,37.2,36,5,105,700706
7,8,400,xgboost,coarse,0.9918967441409093,0.9676273956945526,0.9558361170114482,0.9920121337428971,0.9682904910162453,0.9554210120535931,0.9568421095961802,0.7892240112115495,0.8919225752312667,0.4385348491378695,5.0,5,5,105,700706
7,8,400,xgboost,fine,0.7919484063216242,0.5166207906438925,0.4912364746671055,0.7905481180727362,0.5177214104009171,0.4912138085830093,0.45464081244441423,0.7892240112115495,0.8919225752312667,0.4385348491378695,37.2,36,5,105,700706
8,8,400,logistic_regression,coarse,0.9911803238448079,0.9781127872214327,0.9804061558356654,0.9916177859363392,0.979447409252006,0.9804638865017891,0.9692081628453181,0.7460061709190445,0.8696100789774884,0.5360821799727703,5.0,5,5,105,700706
8,8,400,logistic_regression,fine,0.7480398341101688,0.5168652296809417,0.5068932874684093,0.7475619973493967,0.5178766434880239,0.507790110090497,0.4604286324398695,0.7460061709190445,0.8696100789774884,0.5360821799727703,37.2,36,5,105,700706
8,8,400,xgboost,coarse,0.9916455688976547,0.9640141967406057,0.9481922241313108,0.9915464530110992,0.9615667473742878,0.9439576489904435,0.9537382074984253,0.787462930244639,0.8909956529557332,0.44355549973883485,5.0,5,5,105,700706
8,8,400,xgboost,fine,0.7903457370138118,0.5064059541540155,0.47482302227010537,0.7883529410930683,0.5052898988431002,0.47316589437514395,0.4512680541021222,0.787462930244639,0.8909956529557332,0.44355549973883485,37.2,36,5,105,700706
9,8,400,logistic_regression,coarse,0.9910247664498377,0.9790067376387557,0.9784333591075336,0.99126652423049,0.9810865304580609,0.9813896101906856,0.9721936756279739,0.7431019571689125,0.8681180124046319,0.5426669673158214,5.0,5,5,105,700706
9,8,400,logistic_regression,fine,0.745211258359426,0.5100211688104083,0.4997963303309784,0.7439724564723067,0.5137513041452477,0.5038287116603853,0.4540938163856821,0.7431019571689125,0.8681180124046319,0.5426669673158214,37.4,36,5,105,700706
9,8,400,xgboost,coarse,0.9908149780364376,0.9647930164206546,0.9472415669482921,0.9910059701261567,0.9663885102485347,0.949908417226011,0.9559051727445861,0.7872731216801341,0.8907972815988446,0.44051856270675577,5.0,5,5,105,700706
9,8,400,xgboost,fine,0.7907795851612517,0.5090799913605786,0.4788036669886533,0.7890309173201666,0.511359785764561,0.4813644732792496,0.45596470959072927,0.7872731216801341,0.8907972815988446,0.44051856270675577,37.4,36,5,105,700706
10,8,400,logistic_regression,coarse,0.9913002029381794,0.9798096047794924,0.9796217800780717,0.991694717247226,0.9820806108844232,0.9835767994127131,0.9726860315799775,0.7442094116505353,0.8687502319089604,0.5381600842578771,5.0,5,5,105,700706
10,8,400,logistic_regression,fine,0.7462002608797413,0.5150669855182368,0.5000427775501441,0.7469748640261218,0.5189384061236331,0.5060169012125971,0.45422680972569773,0.7442094116505353,0.8687502319089604,0.5381600842578771,37.2,36,5,105,700706
10,8,400,xgboost,coarse,0.9907521842256238,0.9629157463926814,0.9468598202530017,0.9910651245987803,0.9668268772451244,0.9530816545041887,0.9539853988451139,0.7840720644607011,0.8890469041224137,0.4490185612796237,5.0,5,5,105,700706
10,8,400,xgboost,fine,0.7873416240192035,0.508251091536954,0.4745356495829486,0.7864645197458834,0.511532912037732,0.47860412538743813,0.44798782309655205,0.7840720644607011,0.8890469041224137,0.4490185612796237,37.2,36,5,105,700706
11,8,400,logistic_regression,coarse,0.9917554580665786,0.9803845802335822,0.9756354756647367,0.9919775303129263,0.9820463402432006,0.9787564359479785,0.9752051589893646,0.7411496405054331,0.8673716223351876,0.5473622318062069,5.0,5,5,105,700706
11,8,400,logistic_regression,fine,0.7429877866037967,0.48549001582009577,0.47491296395421273,0.7436959254657161,0.4884079167779571,0.478572000794189,0.4424616029407913,0.7411496405054331,0.8673716223351876,0.5473622318062069,37.0,36,5,105,700706
11,8,400,xgboost,coarse,0.9895419762353969,0.9553492197888408,0.9307921976748244,0.9899894806643832,0.9567968424743875,0.9335519932421107,0.9509095970141016,0.7828946805079449,0.8880100926779563,0.4518442827662386,5.0,5,5,105,700706
11,8,400,xgboost,fine,0.7864782091205156,0.48900344466239104,0.45866546861729784,0.7858082164372981,0.4914918711852202,0.461361939032014,0.44390648521370685,0.7828946805079449,0.8880100926779563,0.4518442827662386,37.0,36,5,105,700706
12,8,400,logistic_regression,coarse,0.9907792997348389,0.978162251005353,0.9780954464915939,0.9910852455416047,0.9796558912193291,0.978811695982114,0.97129187245168,0.7458934274859927,0.8693203711685072,0.5392761015318835,5.0,5,5,105,700706
12,8,400,logistic_regression,fine,0.7478614426021756,0.5085729181746909,0.4990866325231701,0.7481791489444015,0.5106253494593768,0.5010102101188227,0.4552055096656475,0.7458934274859927,0.8693203711685072,0.5392761015318835,37.0,36,5,105,700706
12,8,400,xgboost,coarse,0.9905481043404795,0.968042649958511,0.954373257409648,0.9907965942097117,0.9694065585583352,0.9557631122291463,0.9604019573562775,0.7898762105647732,0.8918141131944067,0.43766144431473397,5.0,5,5,105,700706
12,8,400,xgboost,fine,0.7930801220483341,0.511269529079757,0.47967706467391197,0.7908117106625905,0.5091153831266109,0.47821750215590936,0.45472827561311235,0.7898762105647732,0.8918141131944067,0.43766144431473397,37.0,36,5,105,700706
13,8,400,logistic_regression,coarse,0.9905795012458863,0.9766057184040934,0.9780009182513634,0.9910487396824117,0.979188616366652,0.9813789018412675,0.9691275035291095,0.7456907747329122,0.8692647130180132,0.5395615279446729,5.0,5,5,105,700706
13,8,400,logistic_regression,fine,0.7479499247901402,0.5036783409143851,0.49811694405938284,0.7476206496542069,0.5068857922409554,0.5019533326233635,0.4526988458021861,0.7456907747329122,0.8692647130180132,0.5395615279446729,37.0,35,5,105,700706
13,8,400,xgboost,coarse,0.9902398438146669,0.9636835108596703,0.9517789150037466,0.9902792448587393,0.964358858988667,0.9522477777227867,0.955660479510034,0.7868549719853976,0.8902706698672481,0.4450225915005723,5.0,5,5,105,700706
13,8,400,xgboost,fine,0.7903014959198295,0.49808291802136634,0.47126942806899014,0.7884616288865612,0.5005584374384003,0.47367549717137974,0.4460208211992516,0.7868549719853976,0.8902706698672481,0.4450225915005723,37.0,35,5,105,700706
14,8,400,logistic_regression,coarse,0.9903154818140562,0.9752726208377778,0.9734037468027008,0.9905463877231138,0.977844399295852,0.9755063976869055,0.9617792321189833,0.7399479953075898,0.8662713035138846,0.5513182418874678,5.0,5,5,105,700706
14,8,400,logistic_regression,fine,0.742227125213713,0.5166463502791712,0.5126131536955043,0.7426336528498177,0.5188108253785734,0.5150096835636038,0.45708585018502756,0.7399479953075898,0.8662713035138846,0.5513182418874678,36.8,36,5,105,700706
14,8,400,xgboost,coarse,0.9904967275861774,0.9660859505588322,0.949244036018916,0.9905524429722786,0.9662399904007085,0.9496252311900502,0.9499027884007082,0.7868521177212697,0.8903377450742537,0.44549639934580265,5.0,5,5,105,700706
14,8,400,xgboost,fine,0.79017876256233,0.5141866864529735,0.48479290247230933,0.7883251332156327,0.5136385236937409,0.4837982556609025,0.45359420808177753,0.7868521177212697,0.8903377450742537,0.44549639934580265,36.8,36,5,105,700706
15,8,400,logistic_regression,coarse,0.9901713414755975,0.960745422011818,0.9492479218935307,0.9902757353491539,0.9646573349903079,0.9554110608135129,0.9476451555862502,0.7397339254979978,0.8660351131573013,0.5508958107965395,5.0,5,5,105,700706
15,8,400,logistic_regression,fine,0.7418988848390052,0.49275123028424916,0.4825654156971728,0.7417983696944924,0.4975375579340043,0.4884747468710954,0.4444340415649751,0.7397339254979978,0.8660351131573013,0.5508958107965395,36.4,34,5,105,700706
15,8,400,xgboost,coarse,0.9904153810585324,0.9499433990335332,0.9271334731086778,0.9905803844290563,0.9533734997448973,0.9324168894419305,0.9385639015802241,0.7850867553581673,0.8891917580269043,0.44928686210764573,5.0,5,5,105,700706
15,8,400,xgboost,fine,0.7879681349952762,0.49788703270151413,0.4671485090545004,0.7866958950844327,0.5002785434865643,0.46940009417645484,0.44843345998371836,0.7850867553581673,0.8891917580269043,0.44928686210764573,36.4,34,5,105,700706
16,8,400,logistic_regression,coarse,0.99123170059911,0.9801608704264175,0.9798344540651807,0.991523660225845,0.9819348329114718,0.9820302974890318,0.9716492089735463,0.7427708625300768,0.8680423744052427,0.5436231457986659,5.0,5,5,105,700706
16,8,400,logistic_regression,fine,0.7448530482113754,0.5037444997827388,0.49358905352039567,0.7455785788849096,0.5081955485209285,0.49814628874670036,0.4463063277292957,0.7427708625300768,0.8680423744052427,0.5436231457986659,37.2,36,5,105,700706
16,8,400,xgboost,coarse,0.9902769492483295,0.9674579261338918,0.952624338710472,0.9904638064015441,0.9683041956302265,0.9541641982663135,0.9593500036273501,0.782971745639398,0.8880935799036971,0.4534655047908823,5.0,5,5,105,700706
16,8,400,xgboost,fine,0.7859102105590647,0.4970045079665862,0.4674786775760414,0.7845911740796248,0.49866229815675583,0.46870626563433165,0.4402057990959731,0.782971745639398,0.8880935799036971,0.4534655047908823,37.2,36,5,105,700706
17,8,400,logistic_regression,coarse,0.9902055926451322,0.9749480934748469,0.977113038055823,0.9902741724864786,0.9760576823429545,0.9781174764332287,0.9656758678264464,0.7433360068273998,0.8680737713106496,0.5404891637862385,5.0,5,5,105,700706
17,8,400,logistic_regression,fine,0.7459419499761669,0.5026445441098145,0.4909506657922035,0.7447940276815015,0.5046637494942323,0.4939790534960237,0.4525735275503881,0.7433360068273998,0.8680737713106496,0.5404891637862385,37.0,35,5,105,700706
17,8,400,xgboost,coarse,0.9906037624909734,0.9617085097687825,0.9466431197596877,0.9905020579388302,0.9631936895058091,0.9489208486550714,0.9545876448351042,0.7846728870596227,0.8891610746875295,0.4503229599860712,5.0,5,5,105,700706
17,8,400,xgboost,fine,0.7877183868840855,0.4968509889816873,0.464420344836154,0.7859154738015804,0.4982902990025995,0.4657689666532923,0.4500040417908982,0.7846728870596227,0.8891610746875295,0.4503229599860712,37.0,35,5,105,700706
18,8,400,logistic_regression,coarse,0.9914657502575973,0.9771806838431472,0.9764582340185303,0.9919024264795748,0.9790385396263679,0.9780101792997005,0.9707682831503803,0.7443478434607381,0.8688287241724775,0.5396985326228119,5.0,5,5,105,700706
18,8,400,logistic_regression,fine,0.7461916980873576,0.49925684147068533,0.4913695892166356,0.7454974097733199,0.5000957147331397,0.4920250741754488,0.45010227808826075,0.7443478434607381,0.8688287241724775,0.5396985326228119,37.0,36,5,105,700706
18,8,400,xgboost,coarse,0.9912488261838774,0.9617192298003874,0.9422594298237292,0.9912101030102278,0.9619419121688638,0.9423670058243585,0.957232081541127,0.7831986596375655,0.8887393571626331,0.45291463181419883,5.0,5,5,105,700706
18,8,400,xgboost,fine,0.7862298881413888,0.48558551147461504,0.45524965845753257,0.7839674548041463,0.4830821886868044,0.4537449072449555,0.4383935510160519,0.7831986596375655,0.8887393571626331,0.45291463181419883,37.0,36,5,105,700706
19,8,400,logistic_regression,coarse,0.9914971471630042,0.9781275275618754,0.9749075580074301,0.9919013396119367,0.9804927289927283,0.978321617428293,0.9704510169340536,0.7392287207473606,0.8663198260040588,0.551717838865373,5.0,5,5,105,700706
19,8,400,logistic_regression,fine,0.7411425048451133,0.5021108200755673,0.49522423142829297,0.7407901069439037,0.5069311179586979,0.5007162182248779,0.44621200042498455,0.7392287207473606,0.8663198260040588,0.551717838865373,36.0,35,5,105,700706
19,8,400,xgboost,coarse,0.9912873587496039,0.955193773748612,0.9337842479986629,0.9910701557615705,0.9566220095393387,0.9355115439145028,0.9434310790871994,0.7811578607861214,0.8876925557937281,0.45690203880086655,5.0,5,5,105,700706
19,8,400,xgboost,fine,0.7840977528378521,0.497891904507241,0.46630539433945134,0.781391600675681,0.49956454449349236,0.46831287360264806,0.4389670139510582,0.7811578607861214,0.8876925557937281,0.45690203880086655,36.0,35,5,105,700706
0,8,800,logistic_regression,coarse,0.9907008074713218,0.9794616807118455,0.9772195165932012,0.99126219223051,0.9803163766868405,0.9777831669298408,0.9744564357807698,0.7451912785105308,0.8691148641512988,0.5374779151313104,5.0,5,5,105,700706
0,8,800,logistic_regression,fine,0.7475289208312759,0.5250564938866938,0.522728939872102,0.7458231183242501,0.524117204476074,0.5238607983525928,0.4669394209500815,0.7451912785105308,0.8691148641512988,0.5374779151313104,37.6,37,5,105,700706
0,8,800,xgboost,coarse,0.9921807434216348,0.9746255971138791,0.9630566279714756,0.9926748872009293,0.9768347162292365,0.9665540767591653,0.9668922486810821,0.8029159162330564,0.8988991103258713,0.40837384009841504,5.0,5,5,105,700706
0,8,800,xgboost,fine,0.8056174772301079,0.5460824293503119,0.5124998175456146,0.8039322536101937,0.5454262168164072,0.5132255692400916,0.48660883048472936,0.8029159162330564,0.8988991103258713,0.40837384009841504,37.6,37,5,105,700706
1,8,800,logistic_regression,coarse,0.9909220129412336,0.9825618648293307,0.9826309437367439,0.991407775365552,0.9842111930997597,0.9846913515505495,0.9748991318388558,0.7467140284227621,0.8698933646921819,0.5336446384075489,5.0,5,5,105,700706
1,8,800,logistic_regression,fine,0.7488647164431302,0.5291957876157724,0.5237933497384486,0.7485617455389956,0.5329904599166961,0.5277029876268494,0.4657999362272395,0.7467140284227621,0.8698933646921819,0.5336446384075489,37.8,37,5,105,700706
1,8,800,xgboost,coarse,0.9921193767428851,0.977005721609582,0.9649176479710364,0.9924692807978975,0.978454407375194,0.9674522174956657,0.9692850975966147,0.8050880112343836,0.8997639523566232,0.40399254466209794,5.0,5,5,105,700706
1,8,800,xgboost,fine,0.8074085279703613,0.5545339372607199,0.5219258183805741,0.8054766705528985,0.5554944086964414,0.5234333180119405,0.49021333803794526,0.8050880112343836,0.8997639523566232,0.40399254466209794,37.8,37,5,105,700706
2,8,800,logistic_regression,coarse,0.9905809283779502,0.9806481584484403,0.9852102712396732,0.9909968035349636,0.9828208043560599,0.9871475663938758,0.9719114183732078,0.746746852460233,0.869887656163926,0.5322146520794742,5.0,5,5,105,700706
2,8,800,logistic_regression,fine,0.749194383949902,0.5346876090587998,0.5347551119339026,0.7482009973846506,0.5379823833100291,0.5387997014994538,0.4720403321301293,0.746746852460233,0.869887656163926,0.5322146520794742,38.2,38,5,105,700706
2,8,800,xgboost,coarse,0.9928472140954979,0.9796598329686799,0.9752612576682532,0.993287022658626,0.9820542753701446,0.9781921388827209,0.9709817445530808,0.8056003516453406,0.9003098303710829,0.4025597040698952,5.0,5,5,105,700706
2,8,800,xgboost,fine,0.8077724466466678,0.557017101393303,0.5272721328524614,0.8072929134330871,0.5627217948600562,0.5321612277164492,0.488465880806494,0.8056003516453406,0.9003098303710829,0.4025597040698952,38.2,38,5,105,700706
3,8,800,logistic_regression,coarse,0.9907436214332402,0.9813625657919507,0.9847932703156832,0.9913677582530058,0.9832252639542312,0.9861823084704376,0.9735381198278655,0.743303182789929,0.8681808062154456,0.5405405405405406,5.0,5,5,105,700706
3,8,800,logistic_regression,fine,0.7456179909976509,0.529418173331753,0.5302722939204325,0.7461771231171038,0.532510914221565,0.532976989406923,0.46901561850087004,0.743303182789929,0.8681808062154456,0.5405405405405406,38.2,37,5,105,700706
3,8,800,xgboost,coarse,0.9929042993780558,0.9764990923981681,0.9674093113666778,0.9929615571822805,0.9764664966478407,0.9666503551673677,0.9683566802035889,0.8043359126366836,0.8997197112626408,0.40533975733046385,5.0,5,5,105,700706
3,8,800,xgboost,fine,0.8065351231472258,0.5524831868873394,0.521410909735476,0.8055245069951904,0.5563995130470714,0.5238561654359242,0.4891223269059122,0.8043359126366836,0.8997197112626408,0.40533975733046385,38.2,37,5,105,700706
4,8,800,logistic_regression,coarse,0.9908007067157981,0.980504369806335,0.9766567847039402,0.9915434946381235,0.9827810108991214,0.9802507658823238,0.9762241112731412,0.7410511683930208,0.866904950150277,0.5499339237854393,5.0,5,5,105,700706
4,8,800,logistic_regression,fine,0.7430091935847559,0.5192414800877877,0.5150968941464239,0.7427656743875337,0.5232382359513156,0.5191449409304503,0.4618007923543296,0.7410511683930208,0.866904950150277,0.5499339237854393,37.8,37,5,105,700706
4,8,800,xgboost,coarse,0.9912017308257671,0.970229986687329,0.9538488720830959,0.9916877450900451,0.9732077266515781,0.9591284814383426,0.9661064974676475,0.8013646236795461,0.8976339577511824,0.4121043633135723,5.0,5,5,105,700706
4,8,800,xgboost,fine,0.8040661846765976,0.5422897161202501,0.5099427333390967,0.8027079718217921,0.5460561949312568,0.5140934019226714,0.48368194946643167,0.8013646236795461,0.8976339577511824,0.4121043633135723,37.8,37,5,105,700706
5,8,800,logistic_regression,coarse,0.9904039640020208,0.9785455091546609,0.9788922086479357,0.9909403669067044,0.979947494841511,0.9795127663317343,0.9738478788090141,0.7430049121885641,0.8678618421991534,0.5412027298182119,5.0,5,5,105,700706
5,8,800,logistic_regression,fine,0.745319720396286,0.5199008255839236,0.5205542260448156,0.7445950550423501,0.5196452028445191,0.5203366414692991,0.4648896057269502,0.7430049121885641,0.8678618421991534,0.5412027298182119,38.0,37,5,105,700706
5,8,800,xgboost,coarse,0.9924461899855289,0.9726016385787805,0.9591092010634202,0.9927570733377238,0.9732404822958671,0.9600717624226744,0.96410738067472,0.8025077564627675,0.8987478343270929,0.40849371919178656,5.0,5,5,105,700706
5,8,800,xgboost,fine,0.8050494786686571,0.5372520926618868,0.5062289018816148,0.8031470867226075,0.5358004482886866,0.504319253214032,0.48528799123218525,0.8025077564627675,0.8987478343270929,0.40849371919178656,38.0,37,5,105,700706
6,8,800,logistic_regression,coarse,0.9918339503300957,0.9818957649223268,0.9811827694909235,0.9919462567172971,0.9823693228308729,0.9811589233371448,0.9771368925667665,0.7430306005657151,0.8683984438551975,0.5409230119336783,5.0,5,5,105,700706
6,8,800,logistic_regression,fine,0.7449629373802993,0.5241641144470096,0.5241068217095947,0.7442490469158778,0.5255810652539731,0.5250441377197677,0.46827661527211617,0.7430306005657151,0.8683984438551975,0.5409230119336783,37.2,36,5,105,700706
6,8,800,xgboost,coarse,0.9923634163258199,0.9712084586313516,0.9564085856751211,0.9923731149805395,0.9709796647878484,0.9559997507462248,0.9646290857381385,0.8036323365291578,0.8992230693043873,0.40580214811918264,5.0,5,5,105,700706
6,8,800,xgboost,fine,0.8060827222829546,0.5408992306475486,0.5103352048110258,0.8044263033628949,0.5401784321991544,0.5096799360147883,0.48398911298140496,0.8036323365291578,0.8992230693043873,0.40580214811918264,37.2,36,5,105,700706
7,8,800,logistic_regression,coarse,0.9913258913153306,0.980802621294778,0.9838840660655148,0.9918442858792136,0.9832195007536868,0.9857922035338266,0.9722344767515233,0.7445833202512894,0.8689721509449041,0.5382714005588649,5.0,5,5,105,700706
7,8,800,logistic_regression,fine,0.7466184105744778,0.5345854120759329,0.5336466362546464,0.7471768563226628,0.5358682450037457,0.5350214802442729,0.4675709801362895,0.7445833202512894,0.8689721509449041,0.5382714005588649,37.8,37,5,105,700706
7,8,800,xgboost,coarse,0.9928500683596259,0.9758085022452709,0.9663181444347503,0.9931309492207839,0.9771249495084318,0.9674734692630838,0.9675987014157175,0.8058358284358919,0.9003904633326959,0.4018061783401312,5.0,5,5,105,700706
7,8,800,xgboost,fine,0.8079308583057659,0.5541928368282704,0.5265875237923311,0.8064269828567242,0.555923546279309,0.5279361502920717,0.4903975001871031,0.8058358284358919,0.9003904633326959,0.4018061783401312,37.8,37,5,105,700706
8,8,800,logistic_regression,coarse,0.9904639035487066,0.9803796902876449,0.9791377500094196,0.990653761010459,0.9804921239155014,0.9783312783399305,0.9741351877211274,0.7416848150294132,0.8672289091287929,0.5447191832237772,5.0,5,5,105,700706
8,8,800,logistic_regression,fine,0.7439939147088793,0.5263846027084655,0.5269788368028668,0.742652821371625,0.5259022139294088,0.5265233849842426,0.4703781852863082,0.7416848150294132,0.8672289091287929,0.5447191832237772,38.0,37,5,105,700706
8,8,800,xgboost,coarse,0.992389104702971,0.9726411641001732,0.9599589531819944,0.9923267957740708,0.9700689309849722,0.9558122393746347,0.9659583159050722,0.8047669065199955,0.8998973892046022,0.4046176285061067,5.0,5,5,105,700706
8,8,800,xgboost,fine,0.8074056737062334,0.547851562968427,0.514679445465136,0.8059221461263071,0.5480227504556759,0.5147835134618772,0.4904242631749974,0.8047669065199955,0.8998973892046022,0.4046176285061067,38.0,37,5,105,700706
9,8,800,logistic_regression,coarse,0.9913487254283537,0.9835032394307038,0.9833229678401041,0.9917751522757404,0.9847300824850269,0.9850252225323324,0.977176530832415,0.74155351887953,0.8674815115041116,0.545932245478132,5.0,5,5,105,700706
9,8,800,logistic_regression,fine,0.7436142975798694,0.5287389949259514,0.527530588758224,0.741720021855901,0.5304840914407555,0.5293181158021889,0.46724691731386264,0.74155351887953,0.8674815115041116,0.545932245478132,38.0,37,5,105,700706
9,8,800,xgboost,coarse,0.9921664721009953,0.9748267773241329,0.9619888423463792,0.9925041787154061,0.9765016470799551,0.964803485783364,0.9677192539139357,0.803436819436397,0.8991395820786464,0.4053226317456965,5.0,5,5,105,700706
9,8,800,xgboost,fine,0.8061126920562975,0.5380510830284114,0.5090566495819058,0.8040209693444414,0.5383705123242957,0.5094839775223128,0.48900960361978557,0.803436819436397,0.8991395820786464,0.4053226317456965,38.0,37,5,105,700706
10,8,800,logistic_regression,coarse,0.9905466772084155,0.9818377898451363,0.9845538582275897,0.9910317160079016,0.9839917081138108,0.9867932707833372,0.974973760443413,0.7416962320859247,0.8672438940154644,0.5452900360493559,5.0,5,5,105,700706
10,8,800,logistic_regression,fine,0.7439411108225132,0.5333797158551934,0.5296546188652514,0.7442585831209095,0.5375970914895497,0.5348137485922004,0.46867764083334934,0.7416962320859247,0.8672438940154644,0.5452900360493559,37.8,37,5,105,700706
10,8,800,xgboost,coarse,0.9919495480272753,0.9763428934386745,0.9675998082050403,0.9923414735018282,0.9776542068058627,0.969497984951059,0.9681475034668051,0.8018555571095438,0.8981113334265727,0.41171903765630663,5.0,5,5,105,700706
10,8,800,xgboost,fine,0.8042731188258699,0.5534142682574794,0.5211838893932239,0.8031608277761334,0.5545810777122413,0.5236051147097461,0.4864725754229094,0.8018555571095438,0.8981113334265727,0.41171903765630663,37.8,37,5,105,700706
11,8,800,logistic_regression,coarse,0.99150285569126,0.9810024673790455,0.9755543560507902,0.991735180950576,0.982509086884775,0.9785976608579066,0.9761292438073348,0.7454039211880589,0.8693945820358324,0.5374122670563689,5.0,5,5,105,700706
11,8,800,logistic_regression,fine,0.7472863083804049,0.5089830266040462,0.5043638973021147,0.7463230024704319,0.5133224609491593,0.5094167273809765,0.460909896615128,0.7454039211880589,0.8693945820358324,0.5374122670563689,37.6,36,5,105,700706
11,8,800,xgboost,coarse,0.9910319021101575,0.9701260692231036,0.9534490061606636,0.9916077858216099,0.972741375589278,0.9582726991523959,0.9649564107004397,0.8013004027366685,0.8975283499784503,0.41216430286025807,5.0,5,5,105,700706
11,8,800,xgboost,fine,0.8040247978467432,0.5394879884302549,0.5060057650007606,0.8033189508549362,0.5444131402030303,0.5109855306957523,0.48251139608065297,0.8013004027366685,0.8975283499784503,0.41216430286025807,37.6,36,5,105,700706
12,8,800,logistic_regression,coarse,0.9897289305357739,0.9794906045329055,0.9812775216100063,0.9902019333420874,0.9814913869679984,0.9830088589485646,0.972760472394256,0.7427794253224604,0.8674900742964953,0.5444794250370341,5.0,5,5,105,700706
12,8,800,logistic_regression,fine,0.7452512180572166,0.5270737076264672,0.528650000431132,0.7445462989491758,0.5306573206424245,0.5322278672403614,0.46879292204745526,0.7427794253224604,0.8674900742964953,0.5444794250370341,38.2,37,5,105,700706
12,8,800,xgboost,coarse,0.9920380302152401,0.9787999505017086,0.9704373927041063,0.9924418697741002,0.9808891207018913,0.9733169567487481,0.9719038983563469,0.8073942566497219,0.9009606025922426,0.3986151110451459,5.0,5,5,105,700706
12,8,800,xgboost,fine,0.8098831749692453,0.5548187537444332,0.5234748775614576,0.8086156408464376,0.5544933358299355,0.5235590564995772,0.4951608728424761,0.8073942566497219,0.9009606025922426,0.3986151110451459,38.2,37,5,105,700706
13,8,800,logistic_regression,coarse,0.9908806261113791,0.979436324188838,0.9809374213571772,0.9914786921702142,0.9820645819218606,0.9844388544832515,0.9736414032393166,0.7405274109255522,0.8667558148495945,0.5490319763210249,5.0,5,5,105,700706
13,8,800,logistic_regression,fine,0.74263100358781,0.5265734253897651,0.5289904495370241,0.7413593760501987,0.5319108812555541,0.5345730570797718,0.4704290127992264,0.7405274109255522,0.8667558148495945,0.5490319763210249,37.8,37,5,105,700706
13,8,800,xgboost,coarse,0.9919381309707638,0.9752546399926766,0.9657743680549753,0.99217270823388,0.9768349656008993,0.9680325560254431,0.9675659920546845,0.8039420241870342,0.8992137929459716,0.40688105995952656,5.0,5,5,105,700706
13,8,800,xgboost,fine,0.8064894549211795,0.5467276987752719,0.5193224809650248,0.8048317629390301,0.5508877528052645,0.5235102964114666,0.48669564103669305,0.8039420241870342,0.8992137929459716,0.40688105995952656,37.8,37,5,105,700706
14,8,800,logistic_regression,coarse,0.9899301561567905,0.9810327440117735,0.9816536074681943,0.990296954037319,0.9824097134191103,0.9825358473783812,0.9727305977048105,0.7388890633161411,0.865721144103233,0.5523629025582769,5.0,5,5,105,700706
14,8,800,logistic_regression,fine,0.7415121320496756,0.5276180182944656,0.5309322937040007,0.7417039596879946,0.5286727155818403,0.5320466701214958,0.4673254230529953,0.7388890633161411,0.865721144103233,0.5523629025582769,38.2,38,5,105,700706
14,8,800,xgboost,coarse,0.9922749341378553,0.9775990306795632,0.9668111504558748,0.9924608091520226,0.9777878792415132,0.9671551521862927,0.9707027482746513,0.8039948280734003,0.8993136921904479,0.407083712712607,5.0,5,5,105,700706
14,8,800,xgboost,fine,0.8063524502430406,0.5523343016238832,0.5223283176979595,0.8045013154145633,0.5514617872781821,0.5217718418779922,0.4908256516122344,0.8039948280734003,0.8993136921904479,0.407083712712607,38.2,38,5,105,700706
15,8,800,logistic_regression,coarse,0.9903012104934167,0.9760149131650089,0.9729160960776456,0.9906276147174888,0.9777418709672,0.9754687206036156,0.9695468811648484,0.7440823968968441,0.8683285143840641,0.5402665311842627,5.0,5,5,105,700706
15,8,800,logistic_regression,fine,0.7463558182747115,0.5140316404033494,0.5141819075507487,0.7459293548497531,0.51756054831404,0.5186064320499187,0.46413065997088676,0.7440823968968441,0.8683285143840641,0.5402665311842627,37.4,36,5,105,700706
15,8,800,xgboost,coarse,0.9917768650475378,0.9613618428152803,0.9421342068906542,0.9921348738053034,0.965457197198522,0.948737348409564,0.9538207413741366,0.8037964567165117,0.8990560948529055,0.40682682894109656,5.0,5,5,105,700706
15,8,800,xgboost,fine,0.8063353246582732,0.5401610717930931,0.5098762486965194,0.8054131322955396,0.5440480926938415,0.5135879059215216,0.48868192115689724,0.8037964567165117,0.8990560948529055,0.40682682894109656,37.4,36,5,105,700706
16,8,800,logistic_regression,coarse,0.9909462741863206,0.9822744626821983,0.9834717796271782,0.991373643885019,0.9840976796833498,0.9857881972759932,0.9752618917792775,0.7436999255037062,0.8683613384215348,0.5414339252125713,5.0,5,5,105,700706
16,8,800,logistic_regression,fine,0.745776402656749,0.5247237934670058,0.5239769309140748,0.7461520446521507,0.5278100389498181,0.5270311664450067,0.4631594832576461,0.7436999255037062,0.8683613384215348,0.5414339252125713,38.0,37,5,105,700706
16,8,800,xgboost,coarse,0.9912688060327727,0.9773699087031298,0.9674082422952877,0.9912838984782252,0.9778401258561832,0.9682263571780027,0.9694224019900738,0.8021338478620135,0.8980107206160644,0.41045745291177754,5.0,5,5,105,700706
16,8,800,xgboost,fine,0.804752635199356,0.5437160956488609,0.5133993795955869,0.8037290955941913,0.5445697605231479,0.5142471082726623,0.4810820411046635,0.8021338478620135,0.8980107206160644,0.41045745291177754,38.0,37,5,105,700706
17,8,800,logistic_regression,coarse,0.990102839136528,0.9792328121664727,0.9818468691308733,0.9903170739891101,0.9808200678319619,0.9841787361334244,0.9705843277946437,0.7446889280240215,0.8687744931540475,0.5367843289482322,5.0,5,5,105,700706
17,8,800,logistic_regression,fine,0.747446147171567,0.5243967604565442,0.5221572716031643,0.7462238880445811,0.527385080276814,0.5261226413559551,0.4639616248604029,0.7446889280240215,0.8687744931540475,0.5367843289482322,37.8,37,5,105,700706
17,8,800,xgboost,coarse,0.9919095883294848,0.9736453355830605,0.9640437970866579,0.991965818256068,0.9751827985530286,0.9662939411439314,0.9654954399341696,0.8028788107993937,0.8985944176302186,0.4093756868073058,5.0,5,5,105,700706
17,8,800,xgboost,fine,0.8052792469309525,0.541992587966171,0.5086902451009456,0.8039556609098948,0.5439460284761358,0.5109853160326228,0.4854305500432271,0.8028788107993937,0.8985944176302186,0.4093756868073058,37.8,37,5,105,700706
18,8,800,logistic_regression,coarse,0.9916655487465499,0.9793758298910943,0.9765819767631646,0.9919944223589191,0.9805934367901022,0.9776529942661014,0.9757139733789529,0.745914834466952,0.8696564607695667,0.5375064577725893,5.0,5,5,105,700706
18,8,800,logistic_regression,fine,0.7476473727925835,0.5148350783398528,0.5144030617128973,0.746673998529868,0.5159993908996691,0.5153870304729687,0.46413107907291457,0.745914834466952,0.8696564607695667,0.5375064577725893,37.8,37,5,105,700706
18,8,800,xgboost,coarse,0.9921579093086116,0.9731409230688779,0.9593928209997443,0.9923452352020754,0.9731850347151892,0.9594443496587095,0.9687959919621983,0.8002528878017314,0.8973692247533203,0.4146903266134442,5.0,5,5,105,700706
18,8,800,xgboost,fine,0.8025805401980288,0.52946321700599,0.4964422439597439,0.8001439316690754,0.5273534332873646,0.49492222742761854,0.47804759754679554,0.8002528878017314,0.8973692247533203,0.4146903266134442,37.8,37,5,105,700706
19,8,800,logistic_regression,coarse,0.9915399611249226,0.9802923213578328,0.9770549445607178,0.9920805962960785,0.9824577921485063,0.9803850653058428,0.9756346943991875,0.7402220046638676,0.8668585683581987,0.5497426880888704,5.0,5,5,105,700706
19,8,800,logistic_regression,fine,0.7421771755914749,0.516588286026907,0.5195483579588969,0.7425562813806185,0.5220407923676371,0.5247824364264454,0.4605237025643261,0.7402220046638676,0.8668585683581987,0.5497426880888704,37.0,36,5,105,700706
19,8,800,xgboost,coarse,0.9930684195654097,0.9746640798072728,0.962543972342373,0.9930229494891507,0.9761995875754221,0.9646527161403906,0.9686807532629218,0.8008965243625714,0.8979907407671691,0.4136028519807166,5.0,5,5,105,700706
19,8,800,xgboost,fine,0.8029130619689285,0.5381641088597239,0.5070471226616986,0.8013133298402726,0.5426323608445639,0.5109641326145222,0.47996246278202576,0.8008965243625714,0.8979907407671691,0.4136028519807166,37.0,36,5,105,700706
0,8,1600,logistic_regression,coarse,0.9902712407200738,0.9813975693655912,0.9814393674246027,0.9908865897278729,0.9829941253082704,0.9834539728329528,0.9751371435918476,0.7305117981007726,0.8615895967781066,0.5682982591843084,5.0,5,5,105,700706
0,8,1600,logistic_regression,fine,0.7329079528361395,0.5298661447470159,0.5438885146690783,0.7313854871028913,0.5319645632331621,0.546290006503561,0.46862598222185037,0.7305117981007726,0.8615895967781066,0.5682982591843084,38.2,37,5,105,700706
0,8,1600,xgboost,coarse,0.9932396754130833,0.9801244548679866,0.9712379884178297,0.9936788056702789,0.98186509961144,0.9741547484228346,0.9726653383321745,0.8154632613392778,0.9053133553872809,0.381292582052958,5.0,5,5,105,700706
0,8,1600,xgboost,fine,0.8173870353614783,0.575983869969168,0.5447738655218684,0.8161905993674341,0.577754922320041,0.5470036805621746,0.5119599505014197,0.8154632613392778,0.9053133553872809,0.381292582052958,38.2,37,5,105,700706
1,8,1600,logistic_regression,coarse,0.9890439071450794,0.9803434599491956,0.9810343588658998,0.9895539980618577,0.9819466946848794,0.9827226273203384,0.9731367839084097,0.7315750114884131,0.8616730840038476,0.5652527593598456,5.0,5,5,105,700706
1,8,1600,logistic_regression,fine,0.7343022608626157,0.5350897021406789,0.5444540146194271,0.7340200999619563,0.5377467201720506,0.5479166794562289,0.4698326645611524,0.7315750114884131,0.8616730840038476,0.5652527593598456,38.4,38,5,105,700706
1,8,1600,xgboost,coarse,0.9927473148510216,0.9810853469704248,0.9719086221371371,0.9931541010689633,0.9828287541210801,0.9749663879814522,0.9745688367383057,0.815754396280323,0.905091436351337,0.3816579278613284,5.0,5,5,105,700706
1,8,1600,xgboost,fine,0.8174355578516525,0.57593605273138,0.5436684796846367,0.8163560987534527,0.5790353145849724,0.5474901166825088,0.5139209351239651,0.815754396280323,0.905091436351337,0.3816579278613284,38.4,38,5,105,700706
2,8,1600,logistic_regression,coarse,0.9904553407563229,0.9813262876976419,0.9861657979604814,0.9910306629072387,0.9836269006229099,0.9881047087687955,0.9733765634348335,0.7381155577374819,0.8655470339914315,0.5503763347252628,5.0,5,5,105,700706
2,8,1600,logistic_regression,fine,0.7406387272265401,0.5368955608868687,0.5478791605294858,0.7400453222504658,0.5396520797607489,0.5513373787405144,0.47209584355914447,0.7381155577374819,0.8655470339914315,0.5503763347252628,38.8,38,5,105,700706
2,8,1600,xgboost,coarse,0.993490850656338,0.9845397412901418,0.981050313680132,0.9939801581978267,0.9866186278289849,0.9839715030409207,0.977506391790058,0.8174355578516525,0.9063651517184097,0.37675715635373463,5.0,5,5,105,700706
2,8,1600,xgboost,fine,0.8192394527804814,0.5840536656029603,0.5540111500057087,0.8185208945435162,0.5880127370740408,0.5583621965380577,0.5173146182071008,0.8174355578516525,0.9063651517184097,0.37675715635373463,38.8,38,5,105,700706
3,8,1600,logistic_regression,coarse,0.990265532191818,0.9814046725977927,0.98511969325642,0.9907044814201323,0.9829924783875283,0.9864600967695676,0.9728799960135777,0.7285837426823804,0.8606783729552765,0.5722771033785925,5.0,5,5,105,700706
3,8,1600,logistic_regression,fine,0.7310912137187351,0.5316916049451814,0.5476569107142226,0.7320385526878885,0.5358457999779714,0.5508820099018844,0.4696104731343919,0.7285837426823804,0.8606783729552765,0.5722771033785925,38.4,38,5,105,700706
3,8,1600,xgboost,coarse,0.9937206189186335,0.9827041348405576,0.9757179818285691,0.9937547762902549,0.9828365569522115,0.9756965528150664,0.9755360178877137,0.8168789763467131,0.906113976475155,0.3789720653169803,5.0,5,5,105,700706
3,8,1600,xgboost,fine,0.8185073340316766,0.5832193766139624,0.5530482621040705,0.8177296727685908,0.5856713482051519,0.5548243402965622,0.5153655542785878,0.8168789763467131,0.906113976475155,0.3789720653169803,38.4,38,5,105,700706
4,8,1600,logistic_regression,coarse,0.9900314825333306,0.9822807996362467,0.9801186810346743,0.9906451408054626,0.9840333997361658,0.9825048578145589,0.9769102856805644,0.7319888797869577,0.8621704395281331,0.5668540015355941,5.0,5,5,105,700706
4,8,1600,logistic_regression,fine,0.7343093965229355,0.5264023345514754,0.5366518866164691,0.7345106416729769,0.5301449889144718,0.5398643511956399,0.4665321185339884,0.7319888797869577,0.8621704395281331,0.5668540015355941,38.2,38,5,105,700706
4,8,1600,xgboost,coarse,0.9925546520223888,0.9805332206309514,0.9704272092284224,0.9930997391102819,0.982469701784642,0.9738324549886002,0.9755059295944287,0.8131612973201314,0.9038605349461829,0.3869896932522342,5.0,5,5,105,700706
4,8,1600,xgboost,fine,0.8151664178699769,0.5669185876396766,0.5340763450268192,0.814644790032352,0.5719254987370805,0.5389050264345572,0.5085526548274134,0.8131612973201314,0.9038605349461829,0.3869896932522342,38.2,38,5,105,700706
5,8,1600,logistic_regression,coarse,0.9906808276224265,0.9817504508656618,0.9843348845803114,0.9912567017009503,0.9834283537217612,0.9857284990253445,0.9751821779257374,0.7303690848943779,0.8616959181168707,0.566157561088388,5.0,5,5,105,700706
5,8,1600,logistic_regression,fine,0.7327110086113149,0.5292806851422386,0.5412968542287249,0.7314974876661752,0.528895819448083,0.5401852499519577,0.46647768009325763,0.7303690848943779,0.8616959181168707,0.566157561088388,38.2,37,5,105,700706
5,8,1600,xgboost,coarse,0.9933923785439257,0.9811704750441471,0.973020693338466,0.9937642291165998,0.9823589751746228,0.9746172779425791,0.9746683331775342,0.8153205481328831,0.9053012247647373,0.380781668774065,5.0,5,5,105,700706
5,8,1600,xgboost,fine,0.8172100709855489,0.5732602959313385,0.5445573538910561,0.8159549350525171,0.5747620517007604,0.545001059206526,0.5115676964788805,0.8153205481328831,0.9053012247647373,0.380781668774065,38.2,37,5,105,700706
6,8,1600,logistic_regression,coarse,0.9908235408288212,0.9837241347166646,0.9842952195216912,0.9911531703160014,0.984920299351854,0.9856541051469472,0.977955905411609,0.7284652907210728,0.8607982520486481,0.5712609853490622,5.0,5,5,105,700706
6,8,1600,logistic_regression,fine,0.730772963268475,0.5330334355374609,0.5449217725327349,0.7296132403493751,0.5349608698061699,0.5468586591219585,0.47182457605515066,0.7284652907210728,0.8607982520486481,0.5712609853490622,38.2,37,5,105,700706
6,8,1600,xgboost,coarse,0.9930241784714274,0.9779819614608549,0.9669749803182665,0.9930630457112186,0.9781313016870815,0.9672614165839128,0.971944383672796,0.8166306553675864,0.9057514849309125,0.3792089692395955,5.0,5,5,105,700706
6,8,1600,xgboost,fine,0.8184787913903977,0.5747237990060202,0.5436377053358706,0.8174420932540611,0.5766100984620739,0.5453992933341495,0.5128744658388918,0.8166306553675864,0.9057514849309125,0.3792089692395955,38.2,37,5,105,700706
7,8,1600,logistic_regression,coarse,0.9912045850898951,0.9827809632416988,0.9848155243864127,0.9916446024759501,0.9846154957638632,0.9865520300875671,0.9754292610576625,0.7316163983182675,0.8624665694314021,0.5630007449629374,5.0,5,5,105,700706
7,8,1600,logistic_regression,fine,0.733728553772909,0.5424667897119191,0.5545862862707539,0.7340300161179915,0.5456298697447531,0.5568565193379187,0.4717703553281822,0.7316163983182675,0.8624665694314021,0.5630007449629374,38.8,38,5,105,700706
7,8,1600,xgboost,coarse,0.9935779057122388,0.9813649225043617,0.9732191650243133,0.9939852331444742,0.9827288687710759,0.9752034669858254,0.9739595413286819,0.8174441206440362,0.9063894129634968,0.37644318729966636,5.0,5,5,105,700706
7,8,1600,xgboost,fine,0.8192009202147549,0.5841871474367063,0.5555387950374396,0.8176522208524691,0.5851643518417584,0.5562936290555377,0.5187459231224333,0.8174441206440362,0.9063894129634968,0.37644318729966636,38.8,38,5,105,700706
8,8,1600,logistic_regression,coarse,0.9897888700824596,0.9800943083124144,0.9784060425849944,0.9900678937361935,0.980283785645421,0.9778507229627899,0.9742317689469756,0.7294214692039171,0.8609809249528333,0.5691259957813977,5.0,5,5,105,700706
8,8,1600,logistic_regression,fine,0.7321729798232068,0.5289852974005159,0.5415813003951313,0.730434777163052,0.5278587151343744,0.5407806729717367,0.4716573261604478,0.7294214692039171,0.8609809249528333,0.5691259957813977,38.6,38,5,105,700706
8,8,1600,xgboost,coarse,0.9933795343553502,0.9789272236608972,0.9696941775441056,0.9934220107122413,0.9776247912568117,0.9674457430307459,0.9734593107104136,0.8153262566611389,0.9053212046136325,0.38128116499644643,5.0,5,5,105,700706
8,8,1600,xgboost,fine,0.8172628748719148,0.5763816317917085,0.5423863761403838,0.8161525326289399,0.5770286783092039,0.5429276829641762,0.5148451674526178,0.8153262566611389,0.9053212046136325,0.38128116499644643,38.6,38,5,105,700706
9,8,1600,logistic_regression,coarse,0.9904182353226603,0.9819727054565096,0.98193861298285,0.990823001357006,0.9834216633680362,0.9835142036169688,0.9755138420827758,0.7310369827003051,0.8619128421905906,0.5673249551166966,5.0,5,5,105,700706
9,8,1600,logistic_regression,fine,0.733407449058521,0.5275701690859806,0.5369805580042085,0.7324262495776862,0.5297239962359935,0.538957524614248,0.46760629834167194,0.7310369827003051,0.8619128421905906,0.5673249551166966,38.4,37,5,105,700706
9,8,1600,xgboost,coarse,0.9931954343191011,0.9801608965346842,0.9710259056846688,0.9934461106285416,0.9812350208498989,0.9727083996329086,0.9744556981899459,0.8160512397496239,0.9055459779137042,0.3799168267433132,5.0,5,5,105,700706
9,8,1600,xgboost,fine,0.8178965215083074,0.5753246500211574,0.542343439242222,0.8162588124554312,0.5772437944081352,0.5443265607188016,0.5136726162745383,0.8160512397496239,0.9055459779137042,0.3799168267433132,38.4,37,5,105,700706
10,8,1600,logistic_regression,coarse,0.9891281079368522,0.9807848694267433,0.9820164321475447,0.989822671685396,0.9826629630103467,0.9843681538407377,0.974505366070027,0.7343950244467723,0.8630945075395386,0.5610284484505628,5.0,5,5,105,700706
10,8,1600,logistic_regression,fine,0.7370609071422252,0.5393348374908312,0.5485666660642203,0.7368846579853789,0.541946094373633,0.5517985965414761,0.4731304123012794,0.7343950244467723,0.8630945075395386,0.5610284484505628,38.4,38,5,105,700706
10,8,1600,xgboost,coarse,0.9927487419830856,0.9822134930541161,0.9750625634047129,0.9932520969972618,0.9841448907421491,0.9785290052533645,0.9762071945953571,0.8145070828564334,0.9046711459585047,0.3837244150899236,5.0,5,5,105,700706
10,8,1600,xgboost,fine,0.8165935499339237,0.5764422601171795,0.544975286941761,0.814998783547419,0.5759401793560658,0.5450817813222911,0.5124848703900196,0.8145070828564334,0.9046711459585047,0.3837244150899236,38.4,38,5,105,700706
11,8,1600,logistic_regression,coarse,0.9903140546819922,0.9829112680917481,0.9803319812726837,0.9907012430594763,0.9842491275014673,0.9824231808084495,0.9772054215898799,0.7340039902612508,0.8632265172554537,0.5635573264678767,5.0,5,5,105,700706
11,8,1600,logistic_regression,fine,0.7361389798289154,0.5312363784415409,0.5364000321126129,0.7360066020028919,0.5357126197923122,0.5409135929077614,0.46734603301154304,0.7340039902612508,0.8632265172554537,0.5635573264678767,38.2,37,5,105,700706
11,8,1600,xgboost,coarse,0.9922735070057913,0.979035294278979,0.9673829681149153,0.9928610032226729,0.9809113561708841,0.9708772418943937,0.9731649545544444,0.8138548835032097,0.904016805907185,0.38569385733817035,5.0,5,5,105,700706
11,8,1600,xgboost,fine,0.8157601048085787,0.5670484533966885,0.5337428896537636,0.8149334919398504,0.5719085846917421,0.5386889790616711,0.5069246373625458,0.8138548835032097,0.904016805907185,0.38569385733817035,38.2,37,5,105,700706
12,8,1600,logistic_regression,coarse,0.9896918251021113,0.9815660598114644,0.9833962533327496,0.9901966814362785,0.9832102065525692,0.9853225691177009,0.9754928276250198,0.7321515728422476,0.8621847108487726,0.5668054790454199,5.0,5,5,105,700706
12,8,1600,logistic_regression,fine,0.7346775965954337,0.5337904446453415,0.5440705833222438,0.7340399884469312,0.5360132216927546,0.5464384596882341,0.4727001850282933,0.7321515728422476,0.8621847108487726,0.5668054790454199,38.4,37,5,105,700706
12,8,1600,xgboost,coarse,0.9925689233430283,0.9801548487086219,0.9711703186988032,0.9929477950270623,0.981216643067061,0.9730718606331241,0.9741431444710454,0.817745245509529,0.9061104086449951,0.37768764645942804,5.0,5,5,105,700706
12,8,1600,xgboost,fine,0.819651893946962,0.5791097536215337,0.5494491682733206,0.8188285925140821,0.5805314326454556,0.5508537339916939,0.5172834712119048,0.817745245509529,0.9061104086449951,0.37768764645942804,38.4,37,5,105,700706
13,8,1600,logistic_regression,coarse,0.9902541151353064,0.9817935197436594,0.9832431122572831,0.9909914891226274,0.9836554561764675,0.9851869161748663,0.9756786619596601,0.7276903580103495,0.8601125150919215,0.5751170961858468,5.0,5,5,105,700706
13,8,1600,logistic_regression,fine,0.7299709150485367,0.5299624026316746,0.5467449360807184,0.7285522053110706,0.534675852784923,0.5500733540563741,0.4710030493371973,0.7276903580103495,0.8601125150919215,0.5751170961858468,38.6,38,5,105,700706
13,8,1600,xgboost,coarse,0.9928001187373877,0.9810505955329221,0.9748949156355554,0.9930781332444472,0.981707525971881,0.9756756571329461,0.9736754137215282,0.8158771296378224,0.9053690135377748,0.3806361013035424,5.0,5,5,105,700706
13,8,1600,xgboost,fine,0.8179379083381618,0.578899214327182,0.5505928171339206,0.8165428345377823,0.5819673364722844,0.5531527675324283,0.5135017309646317,0.8158771296378224,0.9053690135377748,0.3806361013035424,38.6,38,5,105,700706
14,8,1600,logistic_regression,coarse,0.989995804231732,0.9823219466059925,0.9831014113032917,0.9904681912558027,0.9839487174976718,0.9846505244010109,0.9758485186674491,0.7283311403070617,0.860395800806615,0.574414947210385,5.0,5,5,105,700706
14,8,1600,logistic_regression,fine,0.7307957973814981,0.5297573542457009,0.547018419708261,0.7305697946536418,0.5314882676537223,0.5485990373046261,0.46888177769706335,0.7283311403070617,0.860395800806615,0.574414947210385,38.8,38,5,105,700706
14,8,1600,xgboost,coarse,0.993168318809886,0.9826604396461244,0.9747323223269543,0.9933596739305242,0.9830604967192457,0.9752610016472903,0.9763515092118205,0.8150650914934366,0.9051049941059446,0.3824885187225455,5.0,5,5,105,700706
14,8,1600,xgboost,fine,0.8170416694020031,0.5797145491414063,0.5494706956548912,0.815886282723463,0.5805571984270022,0.5504723084557346,0.5148689268824357,0.8150650914934366,0.9051049941059446,0.3824885187225455,38.8,38,5,105,700706
15,8,1600,logistic_regression,coarse,0.9893664389915314,0.9767434781638276,0.9742668923205041,0.9897434574462244,0.9780652985300404,0.9760288269038637,0.9713429835099334,0.7311839773028916,0.8616830739282951,0.5661290184471091,5.0,5,5,105,700706
15,8,1600,logistic_regression,fine,0.7339997088650589,0.5249754102121079,0.5345857191967708,0.733125455604493,0.5273359186321461,0.5372969202354626,0.4681252000628519,0.7311839773028916,0.8616830739282951,0.5661290184471091,38.0,37,5,105,700706
15,8,1600,xgboost,coarse,0.9929571032644219,0.975016539366812,0.9626292585934466,0.9932971370952576,0.9759098424602497,0.9642881880390302,0.9701971739347931,0.8149423581359372,0.9048381204099865,0.3828938242287065,5.0,5,5,105,700706
15,8,1600,xgboost,fine,0.8167191375555511,0.5725230221817538,0.5394793958310203,0.8159931119110574,0.5756471228415667,0.5428772004314403,0.5136630923451321,0.8149423581359372,0.9048381204099865,0.3828938242287065,38.0,37,5,105,700706
16,8,1600,logistic_regression,coarse,0.9900842864196967,0.9811673605123887,0.9825815761732203,0.9904775817763024,0.9829899630082337,0.9844440043933241,0.9742084924086856,0.7339497592428208,0.8632329393497415,0.5608885895082959,5.0,5,5,105,700706
16,8,1600,logistic_regression,fine,0.7363815922797864,0.5309236988089504,0.5447619847666473,0.7361801922322534,0.5344552443048328,0.5485259640302284,0.4681909173463052,0.7339497592428208,0.8632329393497415,0.5608885895082959,38.4,38,5,105,700706
16,8,1600,xgboost,coarse,0.9922335473080008,0.9810263100692639,0.972587761857417,0.9923018276352487,0.9817199377238788,0.973728048377466,0.9748480057666361,0.814598419308526,0.9044542218847847,0.38371014376928414,5.0,5,5,105,700706
16,8,1600,xgboost,fine,0.8166748964615688,0.5755074807175284,0.5459289260504306,0.8160916144670514,0.5778873235702099,0.5482274010649294,0.5099086995871382,0.814598419308526,0.9044542218847847,0.38371014376928414,38.4,38,5,105,700706
17,8,1600,logistic_regression,coarse,0.9892265800492646,0.9795805181432826,0.9827506199922551,0.989535721956557,0.9812696006070935,0.9842610689985524,0.971528966792001,0.7319232317120161,0.8620826709062003,0.564005445935956,5.0,5,5,105,700706
17,8,1600,logistic_regression,fine,0.734938761763136,0.5282384325041263,0.541834017059123,0.7336662776702219,0.5300724128261088,0.5434128494878897,0.46709908323612015,0.7319232317120161,0.8620826709062003,0.564005445935956,38.6,38,5,105,700706
17,8,1600,xgboost,coarse,0.9932953335635774,0.9806435476855434,0.9750137499532056,0.9932843472179521,0.98160758661241,0.9763205920933832,0.971166041335999,0.8152049504357034,0.9050764514646656,0.38295376377539225,5.0,5,5,105,700706
17,8,1600,xgboost,fine,0.8168575693657539,0.5766508052001201,0.5468283308014642,0.8153893077452963,0.5776437431466795,0.5476971597467511,0.5128940323199149,0.8152049504357034,0.9050764514646656,0.38295376377539225,38.6,38,5,105,700706
18,8,1600,logistic_regression,coarse,0.9910062137330065,0.9816319283795402,0.9791655269353903,0.9915342545563895,0.9821750191607508,0.979421230352606,0.9784166680006947,0.7281598844593881,0.8605906043333438,0.5743778417767224,5.0,5,5,105,700706
18,8,1600,logistic_regression,fine,0.7301749949336812,0.5216987885674254,0.5365565040945706,0.730442464530324,0.5220736965208784,0.5359356075500998,0.46603712531716024,0.7281598844593881,0.8605906043333438,0.5743778417767224,38.4,38,5,105,700706
18,8,1600,xgboost,coarse,0.9928657668123293,0.9786408520050133,0.9680618210296117,0.9931515819927242,0.9787213318911216,0.9680199323159406,0.9744853927034623,0.813147025999492,0.9039861225678102,0.38617622797578444,5.0,5,5,105,700706
18,8,1600,xgboost,fine,0.8151064783232911,0.5615527033332847,0.5280323878948723,0.8132294507097763,0.5604563789548637,0.5274373166667747,0.5061823271226783,0.813147025999492,0.9039861225678102,0.38617622797578444,38.4,38,5,105,700706
19,8,1600,logistic_regression,coarse,0.9898302569123142,0.9797090504680008,0.9788627560817389,0.990322544351307,0.9816824569125406,0.9812684578084567,0.974240647326394,0.7314893835645763,0.8620177363972907,0.5658293207136802,5.0,5,5,105,700706
19,8,1600,logistic_regression,fine,0.7342052158822673,0.5211325826219071,0.5361376417156025,0.7352263392487907,0.5272639156919143,0.542296051048602,0.4629535168622681,0.7314893835645763,0.8620177363972907,0.5658293207136802,37.8,37,5,105,700706
19,8,1600,xgboost,coarse,0.9937206189186335,0.9802502019895336,0.9715986806452663,0.9937773778993385,0.9815597586387362,0.97352507383952,0.975196313731485,0.8146640673834675,0.9050357782008431,0.38373583214643514,5.0,5,5,105,700706
19,8,1600,xgboost,fine,0.8163509374830528,0.5719368538961856,0.5423254820051561,0.8148099113170318,0.5762242150460634,0.5465888048897006,0.5107113090455015,0.8146640673834675,0.9050357782008431,0.38373583214643514,37.8,37,5,105,700706
0,16,100,logistic_regression,coarse,0.9916227347846315,0.9755609214165941,0.9769199713841628,0.9918143611918806,0.9774238809657761,0.9770443795939453,0.9675152473173543,0.7432946199975453,0.8684483934774356,0.5424814401475083,5.0,5,5,105,700706
0,16,100,logistic_regression,fine,0.7452740521702397,0.48406123374407894,0.472537571022381,0.7438273920672026,0.48374156410894287,0.472649239751517,0.43473510799811893,0.7432946199975453,0.8684483934774356,0.5424814401475083,35.8,35,5,105,700706
0,16,100,xgboost,coarse,0.989915884836151,0.950542309224532,0.928391324515071,0.990048824557513,0.9507895772787798,0.9281636377779903,0.9407293518972112,0.7687332490373994,0.8812462002608797,0.4844085822013798,5.0,5,5,105,700706
0,16,100,xgboost,fine,0.7725765156856085,0.46460274850783845,0.4363622934710314,0.7708904455050302,0.4651409219529961,0.43588194841447503,0.4123992743921515,0.7687332490373994,0.8812462002608797,0.4844085822013798,35.8,35,5,105,700706
1,16,100,logistic_regression,coarse,0.9902312810222832,0.9701789365894461,0.9634139357216815,0.9903230712497741,0.9704058777863722,0.9639641449799023,0.9620424957874032,0.7374062731017003,0.86505110559921,0.5539784160546649,5.0,5,5,105,700706
1,16,100,logistic_regression,fine,0.7398709301761366,0.470329743262372,0.4524936599106674,0.7401392415094937,0.4722505520558046,0.45443719549092876,0.42544126649215297,0.7374062731017003,0.86505110559921,0.5539784160546649,35.8,35,5,105,700706
1,16,100,xgboost,coarse,0.9893036451807178,0.9415856572818975,0.9156593613218469,0.9893358552493057,0.9389070835228972,0.9126765538731595,0.9308548973251695,0.7641921148099203,0.8786095737727377,0.49538037350900377,5.0,5,5,105,700706
1,16,100,xgboost,fine,0.7679155023647578,0.4433612773072652,0.40998893583064633,0.7658925633030316,0.4430426036101331,0.40875506911913956,0.39462301209713596,0.7641921148099203,0.8786095737727377,0.49538037350900377,35.8,35,5,105,700706
2,16,100,logistic_regression,coarse,0.9910946959209711,0.9775334015401789,0.9804990797698903,0.9915985919149591,0.9795719377770438,0.9822300055399553,0.9673564713176777,0.7414992878611001,0.8673530696183563,0.5464231789081297,5.0,5,5,105,700706
2,16,100,logistic_regression,fine,0.7436114433157416,0.484545907031092,0.47398599798032237,0.743221871308351,0.4867718547819918,0.4772982472284306,0.42648772172363425,0.7414992878611001,0.8673530696183563,0.5464231789081297,36.6,35,5,105,700706
2,16,100,xgboost,coarse,0.9881876279067112,0.9385584885800284,0.9145966778643764,0.9882402139626834,0.9410920457485552,0.9168576037594983,0.9274087560329826,0.7667766509777282,0.8794522952564985,0.49022557249402743,5.0,5,5,105,700706
2,16,100,xgboost,fine,0.7707169626062856,0.45870283285412594,0.4311422169951407,0.7684877751773775,0.45908231259437027,0.4314224908549774,0.39830976864916323,0.7667766509777282,0.8794522952564985,0.49022557249402743,36.6,35,5,105,700706
3,16,100,logistic_regression,coarse,0.9911189571660582,0.970276786809641,0.9651550729821263,0.9910030098724224,0.9699714338270656,0.9629322059880397,0.952594898936707,0.740911309450754,0.8669970001684015,0.5466258316612103,5.0,5,5,105,700706
3,16,100,logistic_regression,fine,0.7428750431707449,0.48116366091954904,0.4679865042476526,0.741663367034465,0.4828713348061262,0.46895686132450604,0.4219761891666266,0.740911309450754,0.8669970001684015,0.5466258316612103,36.0,35,5,105,700706
3,16,100,xgboost,coarse,0.9887984404300805,0.9445866787070922,0.9232845975220464,0.9883605040948269,0.9418454507581883,0.9178338571951412,0.9193417841985565,0.7666667618088042,0.8797427166315116,0.49190387980122907,5.0,5,5,105,700706
3,16,100,xgboost,fine,0.7706869928329427,0.4562032096091258,0.43222005080103754,0.7681006153649446,0.4550259857215343,0.42923153783346696,0.40010387595046626,0.7666667618088042,0.8797427166315116,0.49190387980122907,36.0,35,5,105,700706
4,16,100,logistic_regression,coarse,0.9916883828595731,0.9766701747999604,0.9788982432503079,0.9919531107329219,0.9796506487950667,0.9823571998880818,0.9668127063975428,0.7425996066824032,0.868142987215751,0.5431493379534356,5.0,5,5,105,700706
4,16,100,logistic_regression,fine,0.7445975915719288,0.5019271443898469,0.48579614675506916,0.74480352200002,0.5056556319639252,0.48962073583389143,0.4398065942685932,0.7425996066824032,0.868142987215751,0.5431493379534356,37.2,37,5,105,700706
4,16,100,xgboost,coarse,0.9890838668428699,0.9534043287394429,0.9343965301551771,0.9892977885455422,0.9563280197754958,0.9378108108647542,0.9444185458625108,0.768717550584696,0.880861588169646,0.48487097299009857,5.0,5,5,105,700706
4,16,100,xgboost,fine,0.7726393094964222,0.4663806574865328,0.43688711667889524,0.770337444921889,0.46794112116223674,0.4387673577238137,0.406992035841693,0.768717550584696,0.880861588169646,0.48487097299009857,37.2,37,5,105,700706
5,16,100,logistic_regression,coarse,0.9911960222975114,0.9781666775103142,0.9776130917531909,0.9915700935268605,0.9799805168941649,0.9787932279034317,0.9713957910541493,0.7431590424514704,0.8682436000262592,0.5423986664877994,5.0,5,5,105,700706
5,16,100,logistic_regression,fine,0.7452911777550071,0.48831429874670274,0.4716811204495224,0.7445430895896583,0.48918427735067044,0.4717467976217978,0.43452120457448107,0.7431590424514704,0.8682436000262592,0.5423986664877994,36.4,35,5,105,700706
5,16,100,xgboost,coarse,0.9902512608711785,0.9540746696694431,0.9329179424541942,0.990484080004247,0.9546080503563374,0.9334338092290853,0.94627559271111,0.7667423998081935,0.8803199915513782,0.48642083841154493,5.0,5,5,105,700706
5,16,100,xgboost,fine,0.7703887222315778,0.46275538987865755,0.4338867992360094,0.7681271359235905,0.4592285814973698,0.4302226835421234,0.41339472755930595,0.7667423998081935,0.8803199915513782,0.48642083841154493,36.4,35,5,105,700706
6,16,100,logistic_regression,coarse,0.9916198805205036,0.9771858046002373,0.9792025097894417,0.991730303909993,0.9784929130373282,0.9800517093270515,0.9687615443976872,0.7431590424514704,0.8683463535348634,0.5401609234115307,5.0,5,5,105,700706
6,16,100,logistic_regression,fine,0.7450728265492232,0.48869717131713625,0.477677918176325,0.744660086937461,0.4905235052268971,0.47952529236046987,0.4370691799493586,0.7431590424514704,0.8683463535348634,0.5401609234115307,36.2,36,5,105,700706
6,16,100,xgboost,coarse,0.9903311802667595,0.9494158610532917,0.9298273569136064,0.9900146335034576,0.9505041215409401,0.9306613189897947,0.9402518388578749,0.7694296894846056,0.8815979883146426,0.48513641955399267,5.0,5,5,105,700706
6,16,100,xgboost,fine,0.7728647963625258,0.46565871564909517,0.44112083056749835,0.7706890458216112,0.4657865746058903,0.44062870853368846,0.4164565711316384,0.7694296894846056,0.8815979883146426,0.48513641955399267,36.2,36,5,105,700706
7,16,100,logistic_regression,coarse,0.9901784771359172,0.9744948054480826,0.9719605348589486,0.9902937118400227,0.9768747243226052,0.9755091801269538,0.9639871645758142,0.7386478779973341,0.8657354154238724,0.5521859381823475,5.0,5,5,105,700706
7,16,100,logistic_regression,fine,0.7412923537118278,0.4907667228969576,0.4749247780458566,0.7411537212821281,0.4951647159164872,0.4799239229225708,0.43562662344769215,0.7386478779973341,0.8657354154238724,0.5521859381823475,36.6,35,5,105,700706
7,16,100,xgboost,coarse,0.989430659934409,0.9424898078787722,0.9180794205736668,0.9890461444571389,0.9436074524222237,0.9191095109281147,0.9276558344971328,0.7702017679312008,0.8815287724095412,0.483192665682897,5.0,5,5,105,700706
7,16,100,xgboost,fine,0.7736268848846735,0.4563706596657997,0.4256800222366478,0.7714071182667382,0.45913302018314794,0.4280913963845332,0.4030284478008599,0.7702017679312008,0.8815287724095412,0.483192665682897,36.6,35,5,105,700706
8,16,100,logistic_regression,coarse,0.9905466772084155,0.9717821768929855,0.9669865261562937,0.9908008201055272,0.9728799301777163,0.9685059360304515,0.9564627958463152,0.7402462659089547,0.8666823175483013,0.5477875171612631,5.0,5,5,105,700706
8,16,100,logistic_regression,fine,0.742817957888187,0.4786212402293384,0.4622497903927834,0.7424701298677809,0.48017146903070296,0.46311663259063524,0.42325952203800254,0.7402462659089547,0.8666823175483013,0.5477875171612631,36.6,36,5,105,700706
8,16,100,xgboost,coarse,0.9893978358969382,0.9407194154141708,0.9152126544568674,0.9893680717048224,0.9378895441851152,0.9120813093915998,0.9211389321553992,0.7664969330931946,0.8797748271029504,0.4915214084080913,5.0,5,5,105,700706
8,16,100,xgboost,fine,0.7701518183089626,0.45027152285821087,0.4262562313860319,0.7682900444235143,0.4497098947826645,0.4244999180246798,0.39593697100181413,0.7664969330931946,0.8797748271029504,0.4915214084080913,36.6,36,5,105,700706
9,16,100,logistic_regression,coarse,0.9908506563380363,0.9753704320732872,0.972195834630058,0.9910622014609258,0.9762745953688248,0.9733520554400398,0.9697965233886278,0.7352441680248207,0.8641898313986179,0.557392115951626,5.0,5,5,105,700706
9,16,100,logistic_regression,fine,0.7375290064591997,0.48159199572178035,0.4666906484630465,0.7369633736149757,0.48327635951550374,0.4698912483376783,0.4286486867980267,0.7352441680248207,0.8641898313986179,0.557392115951626,36.2,35,5,105,700706
9,16,100,xgboost,coarse,0.9891209722765325,0.9437534132370485,0.918212253283151,0.9891284033373874,0.9451192830994601,0.9201299949245604,0.9352180032844357,0.7675758449335385,0.8804755489463484,0.48533336377881736,5.0,5,5,105,700706
9,16,100,xgboost,fine,0.7718301256161643,0.4564810662650559,0.42614016631394197,0.7700368783341472,0.4585944334712258,0.4279159511295761,0.40192877910072566,0.7675758449335385,0.8804755489463484,0.48533336377881736,36.2,35,5,105,700706
10,16,100,logistic_regression,coarse,0.9901313817778069,0.9668889989234051,0.9624559602574925,0.990679128279618,0.9725642275818169,0.9706182871776002,0.9559479542932264,0.7377701917780067,0.8651745525227413,0.5538556826971655,5.0,5,5,105,700706
10,16,100,logistic_regression,fine,0.7402177232676758,0.48067813147694566,0.466040320168843,0.7402745429657323,0.4853212602466989,0.4715402118628836,0.42903351571239523,0.7377701917780067,0.8651745525227413,0.5538556826971655,36.6,35,5,105,700706
10,16,100,xgboost,coarse,0.9887770334491213,0.924402701401773,0.8979641610120597,0.9891476907682379,0.9316781905718614,0.9064771622322816,0.9082669483650151,0.7644475714493668,0.8787772617902515,0.493276780846746,5.0,5,5,105,700706
10,16,100,xgboost,fine,0.7687774901313817,0.4543324161425768,0.4309964602711324,0.7676841283254247,0.4598095311297617,0.4362693221934176,0.4041386581755434,0.7644475714493668,0.8787772617902515,0.493276780846746,36.6,35,5,105,700706
11,16,100,logistic_regression,coarse,0.991097550185099,0.9769305466755658,0.9783839540224475,0.9911906185041611,0.9773014010178164,0.9785355253055383,0.967564020203465,0.7412295599010141,0.8670712110357268,0.5478132055384141,5.0,5,5,105,700706
11,16,100,logistic_regression,fine,0.7430448718863546,0.4741117731095919,0.4577341480657046,0.7428905189114576,0.47784881371510296,0.46082170387273325,0.4244966902425147,0.7412295599010141,0.8670712110357268,0.5478132055384141,36.8,36,5,105,700706
11,16,100,xgboost,coarse,0.9896775537814718,0.9562725893455534,0.9371351137670656,0.9898848772556216,0.9558069843131539,0.9365113857199988,0.9474192801751827,0.7672718658039177,0.8802514892123088,0.4880477689644444,5.0,5,5,105,700706
11,16,100,xgboost,fine,0.7708254246431456,0.4512268372269898,0.42115842449189556,0.7687308564065207,0.4521141829927047,0.4224274095887293,0.401032677122304,0.7672718658039177,0.8802514892123088,0.4880477689644444,36.8,36,5,105,700706
12,16,100,logistic_regression,coarse,0.9911731881844882,0.9781917882282789,0.9797748853638033,0.9914658758494622,0.9806170096485965,0.9815407425273339,0.9687162177713114,0.7410397513365091,0.8671561253935317,0.5451929910690075,5.0,5,5,105,700706
12,16,100,logistic_regression,fine,0.7431390626025751,0.4897930756739694,0.4753506897268166,0.741512705443498,0.4906799707052757,0.4765930268495585,0.43361806388047036,0.7410397513365091,0.8671561253935317,0.5451929910690075,36.0,35,5,105,700706
12,16,100,xgboost,coarse,0.9891680676346428,0.950290576170749,0.9302881298253929,0.9892886254705403,0.9513586302843191,0.9312158364520993,0.9389910446296635,0.7676914426307182,0.8806068450962315,0.4842915573721361,5.0,5,5,105,700706
12,16,100,xgboost,fine,0.7720456225578203,0.4638744633368748,0.43522115601379996,0.7693902368600839,0.463309404146362,0.43477727533022986,0.41046949231985974,0.7676914426307182,0.8806068450962315,0.4842915573721361,36.0,35,5,105,700706
13,16,100,logistic_regression,coarse,0.9905481043404795,0.9798232971435409,0.9831230173501885,0.9909786480499272,0.9816961911488663,0.9851127210241725,0.9708799705533032,0.7395626696503241,0.8661721178354402,0.551689296224094,5.0,5,5,105,700706
13,16,100,logistic_regression,fine,0.741796131330401,0.4930267860427656,0.48063932518087954,0.7430177901849931,0.49796907923172984,0.48551778432671416,0.43762506671070056,0.7395626696503241,0.8661721178354402,0.551689296224094,36.2,35,5,105,700706
13,16,100,xgboost,coarse,0.9894220971420253,0.9523330694442464,0.9331285274302081,0.9893612358879281,0.9505104809530961,0.9296012645722633,0.9412327980593342,0.7651739816699158,0.8791297634100464,0.4948580431735992,5.0,5,5,105,700706
13,16,100,xgboost,fine,0.7688374296780676,0.45752002715009044,0.42872390017430934,0.7681512959213995,0.4629149515919886,0.4336590449207357,0.40662115689089356,0.7651739816699158,0.8791297634100464,0.4948580431735992,36.2,35,5,105,700706
14,16,100,logistic_regression,coarse,0.9901014120044641,0.9749879002026665,0.9736589435993881,0.9902661987504181,0.9759431579059115,0.9738829077607166,0.9661720526139944,0.738704963279892,0.8655712952365185,0.5515408744894436,5.0,5,5,105,700706
14,16,100,logistic_regression,fine,0.7410411784685731,0.4714431375844077,0.4593794399653413,0.7407915767053072,0.47109325927986617,0.46085210949140504,0.42259374538968186,0.738704963279892,0.8655712952365185,0.5515408744894436,36.6,35,5,105,700706
14,16,100,xgboost,coarse,0.9877823224005503,0.9486727849118228,0.9238425047113218,0.9876396411863632,0.9471627096265681,0.9218970787535431,0.9340465150743308,0.762827776556787,0.8774286219898217,0.4979263771110851,5.0,5,5,105,700706
14,16,100,xgboost,fine,0.7670749215790931,0.44368496951753544,0.41869745803343916,0.7644250573152885,0.4433889286324333,0.418936311961652,0.398563464315526,0.762827776556787,0.8774286219898217,0.4979263771110851,36.6,35,5,105,700706
15,16,100,logistic_regression,coarse,0.9904753206052181,0.9763720248225839,0.975679950941284,0.9907565534523161,0.9777199038931528,0.9767737576947846,0.9659391657542683,0.7341666833165408,0.8636846266479807,0.5593387240868496,5.0,5,5,105,700706
15,16,100,logistic_regression,fine,0.7368939326907433,0.49003298723147976,0.4748586274092754,0.7362772590179478,0.4919284308932326,0.47734644018078753,0.43445473509953675,0.7341666833165408,0.8636846266479807,0.5593387240868496,36.4,35,5,105,700706
15,16,100,xgboost,coarse,0.9886728528084532,0.9373304071558273,0.9125113281411732,0.9886664410624205,0.9381138456218098,0.9130614094403757,0.9264546943605797,0.7666125307903743,0.8796035712552768,0.4919809449326822,5.0,5,5,105,700706
15,16,100,xgboost,fine,0.7705342897021005,0.4587396514204519,0.42656704042375126,0.769177130707957,0.4573922492789321,0.42566173046094635,0.40519635132564685,0.7666125307903743,0.8796035712552768,0.4919809449326822,36.4,35,5,105,700706
16,16,100,logistic_regression,coarse,0.9905238430953923,0.978681973772014,0.9809272972930426,0.990934264287103,0.9809302619350924,0.9828719913232652,0.9684480387869504,0.7380698895114356,0.8653665017853422,0.5538728082819327,5.0,5,5,105,700706
16,16,100,logistic_regression,fine,0.7402091604752921,0.482570971043529,0.46673515570693597,0.7400377023649013,0.48608360837983566,0.46953522860442565,0.4224798061180272,0.7380698895114356,0.8653665017853422,0.5538728082819327,36.8,36,5,105,700706
16,16,100,xgboost,coarse,0.9890396257488876,0.9587287661130798,0.9432146403145287,0.9893237482187444,0.9604313494750023,0.9450649989578472,0.9458307029656281,0.7625908726341718,0.8776269933467103,0.4982060949956187,5.0,5,5,105,700706
16,16,100,xgboost,fine,0.7662143609445331,0.44302842742631154,0.41551263919686054,0.7640861512185175,0.439949070745959,0.4119110052879812,0.38710658667856196,0.7625908726341718,0.8776269933467103,0.4982060949956187,36.8,36,5,105,700706
17,16,100,logistic_regression,coarse,0.9892779568035667,0.9630971981575897,0.9554669534529806,0.9893030133151385,0.9639262333233354,0.9569159901625168,0.9495502047581749,0.7363830194118504,0.8640692387392145,0.5595499396323137,5.0,5,5,105,700706
17,16,100,logistic_regression,fine,0.7388605206748622,0.4652817426945015,0.44786715614500505,0.7377506064689985,0.4642826242282202,0.4475163302616278,0.4171552898076681,0.7363830194118504,0.8640692387392145,0.5595499396323137,36.4,36,5,105,700706
17,16,100,xgboost,coarse,0.9877409355706959,0.9387300998191506,0.9142773989295343,0.9872870709879605,0.9398298332552593,0.9156761392417906,0.9227796206331955,0.7647786660882024,0.8784176245101369,0.4963194264070809,5.0,5,5,105,700706
17,16,100,xgboost,fine,0.769094313449578,0.45420445235381496,0.4228797383970816,0.7666039931364497,0.4513461651588233,0.4201487645051493,0.4061841796060079,0.7647786660882024,0.8784176245101369,0.4963194264070809,36.4,36,5,105,700706
18,16,100,logistic_regression,coarse,0.9921136682146292,0.9746069009040312,0.9698929801822427,0.9922033491579311,0.9756475501676285,0.9705924619724513,0.9670784123175202,0.7427751439262686,0.8682728562335701,0.5419476927555922,5.0,5,5,105,700706
18,16,100,logistic_regression,fine,0.7444320442525111,0.47409699073006895,0.45706533248717196,0.7438450370763423,0.4740953176891176,0.4571920826880414,0.4246129263856156,0.7427751439262686,0.8682728562335701,0.5419476927555922,36.2,35,5,105,700706
18,16,100,xgboost,coarse,0.9891752032949626,0.9433340322181623,0.9185068380071346,0.9890346389925831,0.9416138571480239,0.9163774301926845,0.9333407318268124,0.7646102645046567,0.87898276880746,0.4923063310432621,5.0,5,5,105,700706
18,16,100,xgboost,fine,0.7687903343199572,0.44949656449792175,0.4176009510458555,0.7664879328937113,0.447943490415836,0.41678940333675857,0.40022074645813766,0.7646102645046567,0.87898276880746,0.4923063310432621,36.2,35,5,105,700706
19,16,100,logistic_regression,coarse,0.989915884836151,0.9680686914843729,0.9615609407359731,0.9904279290615355,0.973119395733679,0.9689740943695544,0.95647978528328,0.7324898031414031,0.862550770223175,0.5634545729592725,5.0,5,5,105,700706
19,16,100,logistic_regression,fine,0.7351856556101989,0.47946702886877673,0.4648800437637577,0.7360926873615415,0.4847541962554223,0.4702414334743132,0.424829837238307,0.7324898031414031,0.862550770223175,0.5634545729592725,36.0,35,5,105,700706
19,16,100,xgboost,coarse,0.9892836653318224,0.9360177969456169,0.9094559103744873,0.9888391199147459,0.9363696340623517,0.9096860543936834,0.9251658939779334,0.7619600802619073,0.8773822401977435,0.5003182504502601,5.0,5,5,105,700706
19,16,100,xgboost,fine,0.7654808150636644,0.4481332220252044,0.4168309130294281,0.7637068222237124,0.45199479849420016,0.4196702509988728,0.3956321247874574,0.7619600802619073,0.8773822401977435,0.5003182504502601,36.0,35,5,105,700706
0,16,200,logistic_regression,coarse,0.9921407837238443,0.9801975386306709,0.9835810021942237,0.9924139496525385,0.9825374261021093,0.984847032959068,0.9706488386205849,0.7497695181716726,0.8718942038458355,0.5273624030620545,5.0,5,5,105,700706
0,16,200,logistic_regression,fine,0.7516476239678267,0.5193800607605931,0.5143894420332507,0.7504213797988248,0.5220391102366767,0.5161050962928737,0.4628990268448553,0.7497695181716726,0.8718942038458355,0.5273624030620545,37.2,36,5,105,700706
0,16,200,xgboost,coarse,0.9919524022914032,0.9690956117603047,0.9559386226202005,0.9920454907754119,0.9693352103542802,0.9557898920364046,0.9590913738682666,0.7926434196367663,0.8937236158959678,0.4316931780233079,5.0,5,5,105,700706
0,16,200,xgboost,fine,0.7954948295005323,0.5237740434310266,0.4965089094491013,0.7938512122505963,0.5262819919110497,0.49761405529305225,0.46506017755054696,0.7926434196367663,0.8937236158959678,0.4316931780233079,37.2,36,5,105,700706
1,16,200,logistic_regression,coarse,0.9915913378792247,0.977671461465546,0.9729552474283005,0.9918555097738965,0.9784842109473126,0.9744125832778042,0.9717762455696263,0.745107077718758,0.8693610444323296,0.5366473242700933,5.0,5,5,105,700706
1,16,200,logistic_regression,fine,0.7471307509854347,0.4995131613742724,0.48966689223168086,0.7471929541538618,0.5018730737789796,0.49271126033198154,0.4536818007685645,0.745107077718758,0.8693610444323296,0.5366473242700933,36.2,35,5,105,700706
1,16,200,xgboost,coarse,0.9911631982600406,0.960595506020977,0.9407506563914673,0.9912340992057033,0.9599181079052344,0.9400779803285273,0.9532577453539235,0.7908523688965129,0.892616161414345,0.43455885920771337,5.0,5,5,105,700706
1,16,200,xgboost,fine,0.7940691245686493,0.5066293210096131,0.4720210471223766,0.7929930091946807,0.5082223925271875,0.4736118360074005,0.4564248860204075,0.7908523688965129,0.892616161414345,0.43455885920771337,36.2,35,5,105,700706
2,16,200,logistic_regression,coarse,0.9916626944824221,0.9798048327105526,0.9796560506658155,0.9922075570485813,0.9817856388022033,0.981493123487471,0.9721258451785747,0.7494655390420518,0.8714917526038024,0.5288951428987335,5.0,5,5,105,700706
2,16,200,logistic_regression,fine,0.7513208107251829,0.5144180490481701,0.5049591309829892,0.7512161575827446,0.5176069180760193,0.5099129337300337,0.45543498653351994,0.7494655390420518,0.8714917526038024,0.5288951428987335,37.2,35,5,105,700706
2,16,200,xgboost,coarse,0.9909762439596635,0.9572468126792473,0.9370218751392747,0.9911096902253598,0.958501969262937,0.938633719907495,0.9489596726400024,0.7911677650826452,0.8925505133394034,0.4351953601082337,5.0,5,5,105,700706
2,16,200,xgboost,fine,0.7941247827191432,0.5184844456464395,0.486742900353994,0.7931173418301246,0.5207147412737504,0.4891178546199997,0.45426246999451286,0.7911677650826452,0.8925505133394034,0.4351953601082337,37.2,35,5,105,700706
3,16,200,logistic_regression,coarse,0.9916826743313173,0.9721964677902877,0.9670502298049335,0.9916931293557749,0.9719313353116605,0.9651712648503565,0.955655906793318,0.7457021917894238,0.8696043704492327,0.536359043593176,5.0,5,5,105,700706
3,16,200,logistic_regression,fine,0.747526066567148,0.5123587843113844,0.5015757709226796,0.746940322721065,0.5126570119006013,0.5022197080494302,0.44931082523148613,0.7457021917894238,0.8696043704492327,0.536359043593176,37.2,37,5,105,700706
3,16,200,xgboost,coarse,0.9913201827870748,0.9635957826323152,0.950086166170491,0.9911116617951125,0.9615696820530388,0.9462330584921823,0.9465106497354353,0.7896978190567798,0.892051730683054,0.4364198394191002,5.0,5,5,105,700706
3,16,200,xgboost,fine,0.7927832785790332,0.51217564997369,0.484338345191067,0.7910728539555631,0.5138210521689904,0.485026930228714,0.45071312693011534,0.7896978190567798,0.892051730683054,0.4364198394191002,37.2,37,5,105,700706
4,16,200,logistic_regression,coarse,0.9919409852348917,0.9806510620128,0.9857901827616962,0.9923584322000891,0.9833241979500255,0.9878828606286516,0.9719294404900112,0.7477900859989782,0.8707838951000848,0.531974893892731,5.0,5,5,105,700706
4,16,200,logistic_regression,fine,0.7496268049652779,0.5223870515293129,0.5147911870910689,0.7493365633531843,0.525662706257983,0.5171978653710436,0.4613212562957069,0.7477900859989782,0.8707838951000848,0.531974893892731,38.0,38,5,105,700706
4,16,200,xgboost,coarse,0.9910319021101575,0.9732031045428187,0.963901168496361,0.9915510345556466,0.9754013203454226,0.9664527358486925,0.9636610849482804,0.7902358478448879,0.8922351171532711,0.43506691822247845,5.0,5,5,105,700706
4,16,200,xgboost,fine,0.7934383321963848,0.516799864810032,0.4897871822590449,0.7911635221788522,0.5192339242145139,0.49244840291626446,0.45921243065541717,0.7902358478448879,0.8922351171532711,0.43506691822247845,38.0,38,5,105,700706
5,16,200,logistic_regression,coarse,0.9917840007078575,0.9813533598692686,0.9801984102934853,0.9922124820032739,0.982678089232975,0.9818825743007438,0.9754157081145655,0.7507442493713483,0.8721553690135377,0.5270741223851373,5.0,5,5,105,700706
5,16,200,logistic_regression,fine,0.752526737319218,0.5156392608570215,0.5034797783869932,0.7522415077023753,0.5160728247607407,0.5039786088123706,0.45839604595939987,0.7507442493713483,0.8721553690135377,0.5270741223851373,37.0,36,5,105,700706
5,16,200,xgboost,coarse,0.9917640208589622,0.9685242368749449,0.9534750637579836,0.9921400909630266,0.9686494032009098,0.9537939132653029,0.9586935997686417,0.7910578759137213,0.8928687637896636,0.433599826460741,5.0,5,5,105,700706
5,16,200,xgboost,fine,0.7939735067203649,0.5126372758865205,0.48095397590681077,0.7921060299745181,0.509821368836229,0.478495990447288,0.45831884708513204,0.7910578759137213,0.8928687637896636,0.433599826460741,37.0,36,5,105,700706
6,16,200,logistic_regression,coarse,0.9919966433853856,0.9805398156648899,0.980178405576073,0.9921876312213426,0.981427371074562,0.9808695958909128,0.9746720140437016,0.7503731950347221,0.8721303942024187,0.5248849017990427,5.0,5,5,105,700706
6,16,200,logistic_regression,fine,0.7522641450194518,0.514766810487388,0.5075396577420664,0.7520664122151484,0.517441093948417,0.5105899659645318,0.4620213672932595,0.7503731950347221,0.8721303942024187,0.5248849017990427,36.4,36,5,105,700706
6,16,200,xgboost,coarse,0.9922378287041926,0.9703501285128742,0.9575497422755459,0.9922335730383166,0.9715961302108141,0.9590728849045114,0.9618563285482673,0.7922523854512449,0.8934253452946028,0.4332316263882427,5.0,5,5,105,700706
6,16,200,xgboost,fine,0.7946128618850131,0.5138551810234991,0.483712534955895,0.7934165338345573,0.5156943358332136,0.48567748793720295,0.46036445563251344,0.7922523854512449,0.8934253452946028,0.4332316263882427,36.4,36,5,105,700706
7,16,200,logistic_regression,coarse,0.9902526880032424,0.9777064455868167,0.9787413701274754,0.9905529570522563,0.9803854637295337,0.9822880861309983,0.9691897468140364,0.7468182090634303,0.8699197666353649,0.5326684800758092,5.0,5,5,105,700706
7,16,200,logistic_regression,fine,0.7495868452674873,0.5251050879948415,0.5159283030731094,0.7493521673754754,0.5289535970416914,0.5211449374009456,0.4624008694240335,0.7468182090634303,0.8699197666353649,0.5326684800758092,37.2,36,5,105,700706
7,16,200,xgboost,coarse,0.9916427146335267,0.9638356251498651,0.9489084427725913,0.9914877301374683,0.9648953549071877,0.9501392345083793,0.9508047614730187,0.7920554412264202,0.8932162704472346,0.4336112435172526,5.0,5,5,105,700706
7,16,200,xgboost,fine,0.7947898262609425,0.5156304083688078,0.4867910756362241,0.7932589304836178,0.5189210896021528,0.49080774961867324,0.4577343149439077,0.7920554412264202,0.8932162704472346,0.4336112435172526,37.2,36,5,105,700706
8,16,200,logistic_regression,coarse,0.9910889873927153,0.9790535867324264,0.9814970008113401,0.9913719104038526,0.9801517318765836,0.981330001810098,0.9712196629541003,0.7433959463740856,0.8683078209691368,0.5413482972887345,5.0,5,5,105,700706
8,16,200,logistic_regression,fine,0.7455266545455583,0.5119455669642686,0.503225849320928,0.7455787190923242,0.5129241237115434,0.5032877478046635,0.45993130803360954,0.7433959463740856,0.8683078209691368,0.5413482972887345,37.0,36,5,105,700706
8,16,200,xgboost,coarse,0.9913786952016965,0.9641637011282504,0.9493334801902817,0.9914657881382233,0.9624217652538517,0.946244016069735,0.9556497531669534,0.7897434872828262,0.892051017117022,0.43874606468333366,5.0,5,5,105,700706
8,16,200,xgboost,fine,0.7927233390323474,0.5061960722454261,0.4768637321370835,0.7908967442492543,0.5066565431691286,0.4758883313262311,0.45408443052448183,0.7897434872828262,0.892051017117022,0.43874606468333366,37.0,36,5,105,700706
9,16,200,logistic_regression,coarse,0.9906979532071939,0.97723179672596,0.9753753667540271,0.9908158961238486,0.9784047937152403,0.977178767464731,0.9729988996557434,0.7429678067549015,0.8680188267261876,0.541388256986525,5.0,5,5,105,700706
9,16,200,logistic_regression,fine,0.7453397002451813,0.5101827662869151,0.4985199550304272,0.7451466465132994,0.513476381031225,0.5025251531194077,0.4580532503794432,0.7429678067549015,0.8680188267261876,0.541388256986525,37.0,36,5,105,700706
9,16,200,xgboost,coarse,0.9908692090548675,0.9646902260798917,0.9485978787418514,0.9911113365837412,0.9666113598012858,0.9515244717656435,0.955782536204261,0.7906682688602638,0.892479156736206,0.43351990706515997,5.0,5,5,105,700706
9,16,200,xgboost,fine,0.7940891044175445,0.5092026932740429,0.4792692129390215,0.7924514031816358,0.5108097453204378,0.4806516417316948,0.4579098234443195,0.7906682688602638,0.892479156736206,0.43351990706515997,37.0,36,5,105,700706
10,16,200,logistic_regression,coarse,0.9913444440321618,0.9776690216951124,0.9796466832956618,0.9919092898042369,0.9808867304245494,0.9840213006672496,0.9685500696742905,0.7491344444032162,0.8712056126249811,0.5286981986739089,5.0,5,5,105,700706
10,16,200,logistic_regression,fine,0.7510667812178003,0.5188563363431152,0.507419829646683,0.7515333307773866,0.5236252038054504,0.5136881232932846,0.4604611398968431,0.7491344444032162,0.8712056126249811,0.5286981986739089,37.2,36,5,105,700706
10,16,200,xgboost,coarse,0.9910904145247793,0.9662059058721926,0.951935266026064,0.9915686539961728,0.9677909517332267,0.954197967907793,0.9567337311454565,0.7890827251372188,0.8917199224781863,0.43856339177914844,5.0,5,5,105,700706
10,16,200,xgboost,fine,0.7923494304315932,0.5116584979660619,0.48278168079762845,0.7912012334504309,0.5149410226764356,0.4865938637996997,0.45527662346803616,0.7890827251372188,0.8917199224781863,0.43856339177914844,37.2,36,5,105,700706
11,16,200,logistic_regression,coarse,0.9923462907410526,0.9800955534789582,0.9785576688425028,0.9925929465410929,0.9813808298808488,0.9806362312489206,0.9740396361336704,0.7488761334996418,0.8713904262272623,0.5303108579061689,5.0,5,5,105,700706
11,16,200,logistic_regression,fine,0.7504345617134719,0.5073603575994079,0.49516378899539265,0.750790609941767,0.5118792025950264,0.49948841219299583,0.4575463865514244,0.7488761334996418,0.8713904262272623,0.5303108579061689,37.4,36,5,105,700706
11,16,200,xgboost,coarse,0.9913159013908829,0.9693968167267404,0.9550880273328909,0.9917533681914906,0.9700537719982243,0.9560987013845503,0.9632498477940195,0.7905669424837236,0.8924035187368169,0.43413357385265716,5.0,5,5,105,700706
11,16,200,xgboost,fine,0.7934911360827508,0.5096966476638087,0.4785375325478039,0.791700772523993,0.5101532905020791,0.4794820965550735,0.4581835555899762,0.7905669424837236,0.8924035187368169,0.43413357385265716,37.4,36,5,105,700706
12,16,200,logistic_regression,coarse,0.9914314990880626,0.9799642646185044,0.9799708825168081,0.9917905778570876,0.9816088156556371,0.9809266078092019,0.9732966363951202,0.748332396183278,0.8708923571369447,0.5308902735241314,5.0,5,5,105,700706
12,16,200,logistic_regression,fine,0.7503532151858269,0.5152284179218121,0.5035008812276762,0.7494017213521391,0.5153407316843917,0.5039222668078331,0.4570660576985983,0.748332396183278,0.8708923571369447,0.5308902735241314,36.6,36,5,105,700706
12,16,200,xgboost,coarse,0.9910632990155643,0.9691964350569796,0.9548657014248174,0.991318626843967,0.9701510792057826,0.9563385569388163,0.9608902344108012,0.7908652130850885,0.8926340005651443,0.4334713845749858,5.0,5,5,105,700706
12,16,200,xgboost,fine,0.7942047021147243,0.5163112385120963,0.4843041058575312,0.7917046203519471,0.5144530016348147,0.4826359314314027,0.4568896336787109,0.7908652130850885,0.8926340005651443,0.4334713845749858,36.6,36,5,105,700706
13,16,200,logistic_regression,coarse,0.9909619726390241,0.9811948403657695,0.984487410439972,0.9915108463941578,0.9833187236218326,0.9862024787177657,0.9737298196551054,0.7452298110762574,0.869166954471633,0.5391647852308957,5.0,5,5,105,700706
13,16,200,logistic_regression,fine,0.7473719363042417,0.5186504743883944,0.5135493278615773,0.7474861937830727,0.5228332439023287,0.5183440532253597,0.4599983302264354,0.7452298110762574,0.869166954471633,0.5391647852308957,37.4,35,5,105,700706
13,16,200,xgboost,coarse,0.9912045850898951,0.968719319234571,0.9546803593274129,0.9914324037507873,0.9685222371043706,0.9537265077588358,0.9606652826144483,0.7916629799088348,0.8928673366575997,0.4349927073551532,5.0,5,5,105,700706
13,16,200,xgboost,fine,0.7945300882253042,0.5169424025123767,0.48625196412589133,0.7937778527736172,0.520649114414949,0.48948915249362496,0.45938316708788723,0.7916629799088348,0.8928673366575997,0.4349927073551532,37.4,35,5,105,700706
14,16,200,logistic_regression,coarse,0.9907821539989667,0.9803476999245071,0.9816771264976458,0.9912319481600502,0.9823581256173419,0.9835526130227121,0.9714738167967444,0.7443050294988197,0.8686560411927399,0.5381772098426444,5.0,5,5,105,700706
14,16,200,logistic_regression,fine,0.746529928386513,0.5163552429644632,0.5092916675259187,0.7463284205604929,0.5191461712072162,0.5129229027151372,0.4587843224469569,0.7443050294988197,0.8686560411927399,0.5381772098426444,37.6,37,5,105,700706
14,16,200,xgboost,coarse,0.9909591183748961,0.9689893214225063,0.9547358540581554,0.9911934296845243,0.9690549548326899,0.9552164686967025,0.9588886727063277,0.7907324898031414,0.8923071873225005,0.4356149369350341,5.0,5,5,105,700706
14,16,200,xgboost,fine,0.7936552562701047,0.5211125391302364,0.4900513529407576,0.7918210688517373,0.5225930522400467,0.49164500388646204,0.4586083968008642,0.7907324898031414,0.8923071873225005,0.4356149369350341,37.6,37,5,105,700706
15,16,200,logistic_regression,coarse,0.9912973486740516,0.9799693551128428,0.9799007620416684,0.9917241102992658,0.9811042210585089,0.9802447297310563,0.9730144773787118,0.7430662788673138,0.8681986453662449,0.5417279144177444,5.0,5,5,105,700706
15,16,200,logistic_regression,fine,0.7450999420584382,0.5142920139904029,0.5083993026536503,0.7452583199854749,0.5171169667733191,0.5105459254226637,0.4607179899077735,0.7430662788673138,0.8681986453662449,0.5417279144177444,37.2,37,5,105,700706
15,16,200,xgboost,coarse,0.9909020330923383,0.9583693865682505,0.9385951596282702,0.9911125237808939,0.9587187554135657,0.9388632688092688,0.9527748769537276,0.7904499176544799,0.8923178908129801,0.4344418343784697,5.0,5,5,105,700706
15,16,200,xgboost,fine,0.7937337485336218,0.5190851645005011,0.48848408407029864,0.7925530953374609,0.5198278877819141,0.48739541279923426,0.4661911370333385,0.7904499176544799,0.8923178908129801,0.4344418343784697,37.2,37,5,105,700706
16,16,200,logistic_regression,coarse,0.9911061129774827,0.9810375737420809,0.9818882315743277,0.9915744823086821,0.9828288179241639,0.9836119396307084,0.9726489903667458,0.7432318261867317,0.868329941516128,0.5405519575970521,5.0,5,5,105,700706
16,16,200,logistic_regression,fine,0.7455537700547733,0.514358180149954,0.5055899442280832,0.745679942094876,0.5195547095496774,0.5100811376836,0.4545169858264869,0.7432318261867317,0.868329941516128,0.5405519575970521,37.4,36,5,105,700706
16,16,200,xgboost,coarse,0.9910261935819017,0.9711311101787338,0.9604826677484347,0.9915602039202133,0.9738594137936609,0.9638144517251718,0.9614359313259425,0.7873573224719069,0.890732347089935,0.44173733348936645,5.0,5,5,105,700706
16,16,200,xgboost,fine,0.7904385005979684,0.5120599792134563,0.48029281010626373,0.7889659260878115,0.5131915259356321,0.48063677171658453,0.44829533226437984,0.7873573224719069,0.890732347089935,0.44173733348936645,37.4,36,5,105,700706
17,16,200,logistic_regression,coarse,0.9907107973957694,0.9790676039755196,0.9816237980429579,0.9909259797999156,0.9811459557698832,0.9845442003781679,0.96957787897196,0.7478371813570884,0.8704699260460165,0.5318550147993595,5.0,5,5,105,700706
17,16,200,logistic_regression,fine,0.7502290546962634,0.5143225201181476,0.5073173142751821,0.7491952397085512,0.5182454807981649,0.5123427356279097,0.457003982297962,0.7478371813570884,0.8704699260460165,0.5318550147993595,37.8,37,5,105,700706
17,16,200,xgboost,coarse,0.9910518819590527,0.9657573488647901,0.9521185734071755,0.990884535692376,0.9665206728004986,0.952687350169267,0.9540613055883782,0.7897620399996574,0.8919461229103218,0.43810956378281335,5.0,5,5,105,700706
17,16,200,xgboost,fine,0.7928403638615911,0.5209343389641673,0.49002651399572944,0.7911804770460488,0.5216889493321103,0.49124201796010625,0.46027212456752103,0.7897620399996574,0.8919461229103218,0.43810956378281335,37.8,37,5,105,700706
18,16,200,logistic_regression,coarse,0.991716925500852,0.977849993642149,0.9758064138553836,0.9920204171586995,0.9792652267735328,0.9771138213427827,0.9709857324289197,0.7506229431459128,0.8721353891646425,0.524930570025089,5.0,5,5,105,700706
18,16,200,logistic_regression,fine,0.752553852828433,0.5114699000907691,0.5001971912483817,0.7519947816669306,0.5138781555156037,0.5035202763130179,0.4576812064452884,0.7506229431459128,0.8721353891646425,0.524930570025089,37.4,36,5,105,700706
18,16,200,xgboost,coarse,0.9914300719559986,0.9627043886869657,0.9445399605341764,0.9913838544511643,0.9612649082434139,0.9425594836035506,0.9544695917797184,0.7878082962041142,0.8912304161802524,0.44078400927064987,5.0,5,5,105,700706
18,16,200,xgboost,fine,0.7910307604045063,0.505042388313511,0.47289020717184843,0.7893170856015351,0.5048646549741214,0.47282093962459,0.4507135896830925,0.7878082962041142,0.8912304161802524,0.44078400927064987,37.4,36,5,105,700706
19,16,200,logistic_regression,coarse,0.991367278145185,0.9813157124931464,0.9825782780188531,0.9919911250765083,0.9838660974929988,0.9848132040205082,0.9725432099922965,0.7403875519832854,0.8668913923956695,0.5462405060039446,5.0,5,5,105,700706
19,16,200,logistic_regression,fine,0.742415506646154,0.5142482627618197,0.5079965509753944,0.7432825378309018,0.5185789316000069,0.5116497436243258,0.4542233842350822,0.7403875519832854,0.8668913923956695,0.5462405060039446,36.6,36,5,105,700706
19,16,200,xgboost,coarse,0.9916227347846315,0.9707743363528175,0.9579153111861756,0.9915418075971737,0.9714651552299391,0.9584308417411705,0.9605133040141084,0.7870219464368794,0.8907444777124786,0.44099237055198615,5.0,5,5,105,700706
19,16,200,xgboost,fine,0.7898662206403256,0.5146439181131193,0.4851316808362766,0.7881108636040338,0.5157451901393769,0.48549002815638376,0.4521047783959065,0.7870219464368794,0.8907444777124786,0.44099237055198615,36.6,36,5,105,700706
0,16,400,logistic_regression,coarse,0.9917768650475378,0.9821248322324994,0.9834359006190594,0.9922043366900578,0.9842386150589171,0.9848042866360359,0.9744501834947845,0.747931372073309,0.8708145784394596,0.5317465527624995,5.0,5,5,105,700706
0,16,400,logistic_regression,fine,0.7498522918313815,0.5332154594852724,0.5340957334303577,0.7486437732361687,0.5343956305230876,0.5355813457675779,0.47243159700909226,0.747931372073309,0.8708145784394596,0.5317465527624995,37.6,37,5,105,700706
0,16,400,xgboost,coarse,0.9926359985500338,0.9763479789282925,0.9650415548684721,0.992947448049393,0.9776143361965529,0.9670564125723187,0.9693668147089506,0.8076240249120173,0.9013202398723573,0.3968340502293401,5.0,5,5,105,700706
0,16,400,xgboost,fine,0.8100044811946808,0.5629041154317038,0.533682159812261,0.8088835312785715,0.5659198600921043,0.5363273962810244,0.4991711239470591,0.8076240249120173,0.9013202398723573,0.3968340502293401,37.6,37,5,105,700706
1,16,400,logistic_regression,coarse,0.9913587153528013,0.9829954040245463,0.9828230308792509,0.9918064641884853,0.9842814423728152,0.9841215232775491,0.9763877712264813,0.7483737830131325,0.870910196287744,0.5294916841014634,5.0,5,5,105,700706
1,16,400,logistic_regression,fine,0.7504616772226869,0.5289666271240249,0.5282627179529616,0.7503800475745774,0.5322719003952371,0.530744025167989,0.47077068252944776,0.7483737830131325,0.870910196287744,0.5294916841014634,37.4,36,5,105,700706
1,16,400,xgboost,coarse,0.9924904310795112,0.9782074940264515,0.9678320872802567,0.9928725261102513,0.979117629785077,0.969413068259098,0.972611546405522,0.8080264761540503,0.9015257468895657,0.39659429204259705,5.0,5,5,105,700706
1,16,400,xgboost,fine,0.8105610626996201,0.5507605733312021,0.5174350416759576,0.8097869665677271,0.5543642165330328,0.5210996371101901,0.49473556165011473,0.8080264761540503,0.9015257468895657,0.39659429204259705,37.4,36,5,105,700706
2,16,400,logistic_regression,coarse,0.9913530068245455,0.9840833282105113,0.9856077830300007,0.9921066026340484,0.9861381788869611,0.9875098408721754,0.9792929616862516,0.7486363753128987,0.8709979649096768,0.5290692530105351,5.0,5,5,105,700706
2,16,400,logistic_regression,fine,0.7506429229948081,0.5370180126869736,0.5365687978610845,0.7505938542466071,0.5409078601079964,0.540891783243125,0.4736124137242059,0.7486363753128987,0.8709979649096768,0.5290692530105351,38.6,38,5,105,700706
2,16,400,xgboost,coarse,0.9928671939443933,0.9799539951842059,0.9722478251607208,0.993317514429906,0.9818927883368668,0.9749042409630881,0.9719333685842487,0.8077995621558828,0.9014765108333594,0.396460141628586,5.0,5,5,105,700706
2,16,400,xgboost,fine,0.8100858277223257,0.5617868611941599,0.5313782577623279,0.8094273847644752,0.5652646004791332,0.5349244625375705,0.495316032450009,0.8077995621558828,0.9014765108333594,0.396460141628586,38.6,38,5,105,700706
3,16,400,logistic_regression,coarse,0.9915413882569866,0.9814831317908499,0.9830432462509325,0.991933805093309,0.9831141282018467,0.9842978043883083,0.9729266521210933,0.7418960305748773,0.8677954805581799,0.5418592105676275,5.0,5,5,105,700706
3,16,400,logistic_regression,fine,0.7440495728593732,0.5275768567617088,0.5294153442495872,0.7434324572852696,0.5303879834169724,0.5324860705508286,0.46850340745495594,0.7418960305748773,0.8677954805581799,0.5418592105676275,38.2,37,5,105,700706
3,16,400,xgboost,coarse,0.9928386513031143,0.9767850205059976,0.9671160510148565,0.9927976374505834,0.9758378221134787,0.9650066413238554,0.9662376951711024,0.8069575542381541,0.9009563211960508,0.39940003368031674,5.0,5,5,105,700706
3,16,400,xgboost,fine,0.8090739910889874,0.5541299907634606,0.5235182841608326,0.8075109103061285,0.5563689831002684,0.5247957989204225,0.49234837008563864,0.8069575542381541,0.9009563211960508,0.39940003368031674,38.2,37,5,105,700706
4,16,400,logistic_regression,coarse,0.9909163044129777,0.9820323222221597,0.9839199420894476,0.9915025138224143,0.9840318933706321,0.9860963953781268,0.9754059747411967,0.7462430748416597,0.8696229231660639,0.5370269413991032,5.0,5,5,105,700706
4,16,400,logistic_regression,fine,0.7483295419191501,0.532369425156969,0.5323072282018986,0.7477837820388878,0.5354376131517822,0.5351041575961101,0.4708232594563927,0.7462430748416597,0.8696229231660639,0.5370269413991032,38.4,38,5,105,700706
4,16,400,xgboost,coarse,0.9923420093448607,0.9802012685388931,0.9723536448247962,0.9927995795035869,0.9811908446705269,0.973609464307246,0.9730435496935811,0.8077524667977726,0.9012652952878953,0.3967655478902707,5.0,5,5,105,700706
4,16,400,xgboost,fine,0.81018858123093,0.5532197524148389,0.524985265212357,0.8084174134990075,0.5565820485543923,0.5283113410822697,0.4931951053027981,0.8077524667977726,0.9012652952878953,0.3967655478902707,38.4,38,5,105,700706
5,16,400,logistic_regression,coarse,0.9915114184836437,0.9797779624281864,0.9804160717831598,0.9919569253294075,0.9813004546240836,0.9811584102159367,0.9736872594608085,0.7449044249656774,0.8691748036979846,0.5378232810907856,5.0,5,5,105,700706
5,16,400,logistic_regression,fine,0.7468381889123256,0.5252529296611956,0.5250892491489528,0.7460871281508555,0.5253660516942633,0.52460360628875,0.4680427208042285,0.7449044249656774,0.8691748036979846,0.5378232810907856,37.8,37,5,105,700706
5,16,400,xgboost,coarse,0.9927829931526203,0.9748516994536391,0.9631754278666514,0.9930134268593067,0.9748808605226994,0.9629866196137467,0.9644989186644317,0.8064180983179822,0.9007772161220255,0.39995946944938393,5.0,5,5,105,700706
5,16,400,xgboost,fine,0.8087714390914307,0.5475963977235109,0.5165361588797783,0.8065112194166775,0.5449734300148226,0.5133047986693106,0.49155310706529093,0.8064180983179822,0.9007772161220255,0.39995946944938393,37.8,37,5,105,700706
6,16,400,logistic_regression,coarse,0.9914015293147197,0.9809761250549416,0.9811044473343695,0.9916642054584464,0.9817193628647732,0.9814866332384531,0.9754362338625293,0.7455680413754128,0.8695158882612679,0.5348177409641134,5.0,5,5,105,700706
6,16,400,logistic_regression,fine,0.7476302472078161,0.5263070403810487,0.5263339839740151,0.7462902943286396,0.5287753472604391,0.5288763437949845,0.4714980688459194,0.7455680413754128,0.8695158882612679,0.5348177409641134,37.2,37,5,105,700706
6,16,400,xgboost,coarse,0.992711636549423,0.9744384130919104,0.9636991428793671,0.9927815768068924,0.9752649410672536,0.9646747228728643,0.9671118756412012,0.8075812109500989,0.9012916972310784,0.3974077573190468,5.0,5,5,105,700706
6,16,400,xgboost,fine,0.8098717579127337,0.5546152316119244,0.5230349485905977,0.8084947405247448,0.5545904954213757,0.5233400857333796,0.49583699992680297,0.8075812109500989,0.9012916972310784,0.3974077573190468,37.2,37,5,105,700706
7,16,400,logistic_regression,coarse,0.9905966268306536,0.9818746768255984,0.9841629180644718,0.9909136215362347,0.9839555829104242,0.9859261838193316,0.9741559472988522,0.743788407691671,0.8684005845532934,0.5384026967087481,5.0,5,5,105,700706
7,16,400,logistic_regression,fine,0.7462045422759331,0.5415753203794376,0.5425913354489036,0.7463107533730067,0.5421471743657739,0.5442908113102015,0.472080377980368,0.743788407691671,0.8684005845532934,0.5384026967087481,38.0,37,5,105,700706
7,16,400,xgboost,coarse,0.9931954343191011,0.9810199625821434,0.9744911942829152,0.9934227160700392,0.9822508526249246,0.9760280041852385,0.9722826986134488,0.808520263848176,0.9019367609239823,0.39610335861259927,5.0,5,5,105,700706
7,16,400,xgboost,fine,0.8106780875288637,0.5624575942302288,0.534141996620425,0.8094149460946073,0.5645767107938797,0.5359210272620806,0.49845158388175775,0.808520263848176,0.9019367609239823,0.39610335861259927,38.0,37,5,105,700706
8,16,400,logistic_regression,coarse,0.9901328089098709,0.9813618248671038,0.9840618124753302,0.9907561017047735,0.9830324977364722,0.9852815928943415,0.9743272290508397,0.743625714636381,0.8681351379893992,0.5398412458292066,5.0,5,5,105,700706
8,16,400,logistic_regression,fine,0.7461374670689276,0.5341277303581352,0.5329810489279474,0.7457816967703453,0.5340869171173362,0.5328107131189147,0.4731685055146423,0.743625714636381,0.8681351379893992,0.5398412458292066,38.2,37,5,105,700706
8,16,400,xgboost,coarse,0.9929913544339566,0.9782256331760664,0.9704433432686301,0.9932660070619355,0.9781753189407862,0.9700173188693162,0.969139515819703,0.8076354419685289,0.9014807922295514,0.3982925791986939,5.0,5,5,105,700706
8,16,400,xgboost,fine,0.8099702300251461,0.557711327376707,0.5253088624163466,0.808394579023311,0.5600545220502654,0.5263020472373574,0.49718519017681095,0.8076354419685289,0.9014807922295514,0.3982925791986939,38.2,37,5,105,700706
9,16,400,logistic_regression,coarse,0.9908906160358267,0.9826747133220621,0.9854173813397736,0.9911815437947187,0.984197037708339,0.9868770729251584,0.975089061575318,0.7428165307561231,0.8679952790471325,0.5416422864939076,5.0,5,5,105,700706
9,16,400,logistic_regression,fine,0.7450999420584382,0.5329672868103531,0.5344841789026932,0.7448679895696946,0.5355020430834261,0.5369926177072102,0.47182063542727964,0.7428165307561231,0.8679952790471325,0.5416422864939076,38.2,37,5,105,700706
9,16,400,xgboost,coarse,0.9922792155340471,0.9771845740064677,0.9674577353039899,0.9926026426743266,0.9782666195326148,0.9689506899560921,0.9674002116241562,0.8062197269610936,0.9004882218790763,0.4000993283916507,5.0,5,5,105,700706
9,16,400,xgboost,fine,0.8086972282241054,0.5590334402658036,0.5305775735658306,0.8073337829493328,0.5614664081457911,0.5327057103983303,0.49568712772943685,0.8062197269610936,0.9004882218790763,0.4000993283916507,38.2,37,5,105,700706
10,16,400,logistic_regression,coarse,0.9906208880757408,0.9792643530119841,0.9795869233274945,0.9911401982073929,0.9817866656877176,0.9830353310912949,0.9730514567884018,0.7479527790542682,0.870401423706947,0.5309359417501777,5.0,5,5,105,700706
10,16,400,logistic_regression,fine,0.7501819593381532,0.5324470904787518,0.5276959348462286,0.7499892808593173,0.5362605346392181,0.5329605940837803,0.47175681106631806,0.7479527790542682,0.870401423706947,0.5309359417501777,37.4,36,5,105,700706
10,16,400,xgboost,coarse,0.9927758574923006,0.9757588193822233,0.9647259926285964,0.9931744819124706,0.9781933170219614,0.9687449140557914,0.9687689734289322,0.8059086121711531,0.9004739505584368,0.4012781394764709,5.0,5,5,105,700706
10,16,400,xgboost,fine,0.808172043624573,0.5557801978555025,0.5238437087421027,0.8071165793927203,0.5590461757164494,0.5283597555356959,0.4956009041850798,0.8059086121711531,0.9004739505584368,0.4012781394764709,37.4,36,5,105,700706
11,16,400,logistic_regression,coarse,0.9919138697256766,0.9809036664053327,0.9774289711471212,0.9922625050285943,0.9822679046324279,0.9795638517243178,0.9763595160585508,0.7448473396831196,0.8692347432446704,0.5388022936866532,5.0,5,5,105,700706
11,16,400,logistic_regression,fine,0.7465556167636641,0.5197034075363536,0.5159367248547344,0.7474264234786375,0.5247415340532533,0.5203871229699342,0.46882430812891984,0.7448473396831196,0.8692347432446704,0.5388022936866532,38.0,36,5,105,700706
11,16,400,xgboost,coarse,0.9921165224787571,0.9724633050574696,0.9578623070814644,0.9926130333533091,0.9739366619543623,0.9603971663905371,0.9684530782217917,0.8065608115243769,0.900600251746096,0.39943143058572356,5.0,5,5,105,700706
11,16,400,xgboost,fine,0.809083981013435,0.5473771246620052,0.5154802844026187,0.8077147399711908,0.548675217536424,0.5174300209821211,0.4946002860588144,0.8065608115243769,0.900600251746096,0.39943143058572356,38.0,36,5,105,700706
12,16,400,logistic_regression,coarse,0.9915042828233239,0.9808939325995517,0.9805481459830734,0.9918600561464113,0.9822102901125952,0.9810894787958251,0.9743798993581214,0.7445604861382663,0.8689735780769681,0.5396214674913588,5.0,5,5,105,700706
12,16,400,logistic_regression,fine,0.7464428733306123,0.5256217666465539,0.5258803344912931,0.7461869135469268,0.5267891070073479,0.5265380395987069,0.4694972944762994,0.7445604861382663,0.8689735780769681,0.5396214674913588,37.8,36,5,105,700706
12,16,400,xgboost,coarse,0.9921165224787571,0.9748068845550785,0.9629443790522073,0.9923324529002059,0.9752549726246101,0.9637130218502312,0.967893231173031,0.8077182156282378,0.9012481697031279,0.39733640071584947,5.0,5,5,105,700706
12,16,400,xgboost,fine,0.8103798169274988,0.5553646723703909,0.5241660351143824,0.8083574063899936,0.5549762390410411,0.5235630307116601,0.4962554199634137,0.8077182156282378,0.9012481697031279,0.39733640071584947,37.8,36,5,105,700706
13,16,400,logistic_regression,coarse,0.9901256732495511,0.9800830560222045,0.9838446435390702,0.9907190091465726,0.9823555377752772,0.9853138413334855,0.9733257136322309,0.7443193008194592,0.868492634571418,0.5400125016768802,5.0,5,5,105,700706
13,16,400,logistic_regression,fine,0.7468595958932848,0.5298943441548095,0.5336778042124154,0.7461666932760529,0.5330280376168326,0.5368184734424467,0.4681363678964258,0.7443193008194592,0.868492634571418,0.5400125016768802,37.8,36,5,105,700706
13,16,400,xgboost,coarse,0.9926545512668651,0.9767876125675461,0.9669517526636513,0.9928698594955773,0.9779821645631094,0.9684868883579656,0.9690061201623688,0.808842795694628,0.9019239167354068,0.39612619272562244,5.0,5,5,105,700706
13,16,400,xgboost,fine,0.8111932822039486,0.5624860020839901,0.5327093198067967,0.8101307220975,0.5663784819252943,0.5364677421865625,0.4953034464217915,0.808842795694628,0.9019239167354068,0.39612619272562244,37.8,36,5,105,700706
14,16,400,logistic_regression,coarse,0.9904624764166426,0.9816118376276174,0.9844042129730408,0.9910715562259698,0.9837205399882087,0.9864777765854258,0.9743270040744628,0.7418988848390052,0.8673544967504203,0.5431379208969239,5.0,5,5,105,700706
14,16,400,logistic_regression,fine,0.744246517084198,0.5333190597329779,0.5369449940896585,0.7435598602671357,0.5346547673014435,0.5392449052646305,0.4723912706006499,0.7418988848390052,0.8673544967504203,0.5431379208969239,38.2,38,5,105,700706
14,16,400,xgboost,coarse,0.9925646419468365,0.9803128608919736,0.9722819262006779,0.9929123531719771,0.9814230534890598,0.9740570160114943,0.9724968450332895,0.8075369698561166,0.901193938684698,0.3983639358018912,5.0,5,5,105,700706
14,16,400,xgboost,fine,0.8098232354225595,0.5586051773749569,0.5299624339101886,0.8079353694433475,0.5599079889487572,0.5314403011600619,0.4949089734525241,0.8075369698561166,0.901193938684698,0.3983639358018912,38.2,38,5,105,700706
15,16,400,logistic_regression,coarse,0.9907621741500715,0.9793229671206566,0.9791883973794819,0.9910945335852483,0.9802523372290144,0.9794165499997325,0.9731580194373778,0.7392001781060816,0.8661171732509783,0.5491661267350358,5.0,5,5,105,700706
15,16,400,logistic_regression,fine,0.7414721723518851,0.522479417634864,0.5281102915039891,0.7414762463406754,0.5249739476971633,0.5297859638347604,0.4678836238410605,0.7392001781060816,0.8661171732509783,0.5491661267350358,37.6,37,5,105,700706
15,16,400,xgboost,coarse,0.9924875768153834,0.9752333839100947,0.964291192580994,0.992803025400098,0.9758416714381207,0.9652436306067245,0.9681468437145003,0.8074584775925995,0.9012096371374014,0.39779308297631244,5.0,5,5,105,700706
15,16,400,xgboost,fine,0.8099316974594195,0.5561931629573821,0.5266911452299219,0.8086994413859425,0.557127677691001,0.526671634622185,0.4999796224533729,0.8074584775925995,0.9012096371374014,0.39779308297631244,37.6,37,5,105,700706
16,16,400,logistic_regression,coarse,0.9910019323368146,0.9818166627588528,0.9810337695194289,0.991613292698704,0.9836746153126352,0.9832346093419544,0.9754665626976489,0.7433074641861208,0.8682814190259538,0.5403721389569948,5.0,5,5,105,700706
16,16,400,logistic_regression,fine,0.745560905715093,0.5280413311211491,0.5271045016517187,0.746090424915228,0.5328432102572551,0.5321875160955644,0.4661474621602848,0.7433074641861208,0.8682814190259538,0.5403721389569948,37.8,36,5,105,700706
16,16,400,xgboost,coarse,0.9922064317987858,0.9764853655416932,0.9662536193831464,0.9927802234865414,0.9788988367726024,0.9700839867553134,0.9694011556690725,0.8051379608566217,0.899956615185256,0.40202881094210696,5.0,5,5,105,700706
16,16,400,xgboost,fine,0.8077067985717262,0.5566310114645592,0.523764537168694,0.807233405077093,0.5607767292798569,0.5280447333111279,0.49041814768445974,0.8051379608566217,0.899956615185256,0.40202881094210696,37.8,36,5,105,700706
17,16,400,logistic_regression,coarse,0.9907407671691123,0.9805614761937564,0.9833710667664899,0.9910136307271419,0.9824280120449268,0.985733022341065,0.9716266555498966,0.7449329676069564,0.8689807137372878,0.5374550810182873,5.0,5,5,105,700706
17,16,400,logistic_regression,fine,0.7472206603054633,0.526213201550667,0.5247901024113844,0.7464969651997412,0.5304438242594924,0.529168760450362,0.4689667374870662,0.7449329676069564,0.8689807137372878,0.5374550810182873,38.0,37,5,105,700706
17,16,400,xgboost,coarse,0.9925132651925344,0.9760212757228917,0.9672737506139487,0.9925071958617441,0.9774218179738092,0.969015942723963,0.9672762960746849,0.8066421580520218,0.9006930153302526,0.40068159827374106,5.0,5,5,105,700706
17,16,400,xgboost,fine,0.8088727654679708,0.5567698231364651,0.5255819937539311,0.8076800327323069,0.5601092938317782,0.5298447269025526,0.49620040369438434,0.8066421580520218,0.9006930153302526,0.40068159827374106,38.0,37,5,105,700706
18,16,400,logistic_regression,coarse,0.99112323856225,0.9800456040369763,0.9796090248138132,0.9916565123892827,0.9825590626648205,0.9825779459637151,0.9728436174830359,0.7482610395800806,0.8707453625343582,0.5306961835634346,5.0,5,5,105,700706
18,16,400,logistic_regression,fine,0.7503674865064663,0.526927831171952,0.5255687982173831,0.7495533578451209,0.5300213921431495,0.5285108427617795,0.4683779409298262,0.7482610395800806,0.8707453625343582,0.5306961835634346,38.0,37,5,105,700706
18,16,400,xgboost,coarse,0.9927787117564285,0.9756250928025093,0.9642313561060817,0.9930482689829956,0.9765599161062954,0.9657798378041903,0.9677826502075552,0.8062725308474595,0.900684452537869,0.4017776356988523,5.0,5,5,105,700706
18,16,400,xgboost,fine,0.8085901933193094,0.5502855079155836,0.518576620524497,0.8070844219004611,0.5508013900439571,0.5193870999885971,0.49124787276413884,0.8062725308474595,0.900684452537869,0.4017776356988523,38.0,37,5,105,700706
19,16,400,logistic_regression,coarse,0.9912445447876855,0.9829203532378832,0.983670072453353,0.9918491242660717,0.9850212245770708,0.9857700707619133,0.9766200351535055,0.742094401931766,0.8677326867473663,0.542627007618031,5.0,5,5,105,700706
19,16,400,logistic_regression,fine,0.7442208287070469,0.5325135232545983,0.5379690539699269,0.7445898708129549,0.5373415585242192,0.5428976792813186,0.469509505539338,0.742094401931766,0.8677326867473663,0.542627007618031,37.2,37,5,105,700706
19,16,400,xgboost,coarse,0.9929171435666314,0.9803508252855927,0.9720550346779356,0.9929749078985864,0.9807705542564401,0.9723977649435398,0.9712986549655971,0.8066435851840857,0.9008599897817344,0.3989918739100279,5.0,5,5,105,700706
19,16,400,xgboost,fine,0.8088028359968374,0.5623799162274735,0.5332131348276095,0.8079254585826533,0.5653612396499472,0.535620568357641,0.49515242563783646,0.8066435851840857,0.9008599897817344,0.3989918739100279,37.2,37,5,105,700706
0,16,800,logistic_regression,coarse,0.9899858143072844,0.9806144678998422,0.9831310829417126,0.990660327361987,0.983126852679262,0.9851658772596515,0.9731100115845805,0.7355895339842958,0.8641120527011329,0.5553399000436703,5.0,5,5,105,700706
0,16,800,logistic_regression,fine,0.7382382910949814,0.5376320979877424,0.5505892255379631,0.7369051081055371,0.5397487034851902,0.552339916349702,0.4744260777977611,0.7355895339842958,0.8641120527011329,0.5553399000436703,38.4,38,5,105,700706
0,16,800,xgboost,coarse,0.9935964584290701,0.9832578564860389,0.976278957716034,0.9939576026757585,0.9845726483489349,0.9782045145257209,0.9773087242580372,0.8185073340316766,0.9069138839969973,0.37421115275165334,5.0,5,5,105,700706
0,16,800,xgboost,fine,0.8202313095649245,0.5827534775984916,0.5536601946493339,0.8195396189166461,0.5852314812832105,0.5558338502871149,0.5184866472044766,0.8185073340316766,0.9069138839969973,0.37421115275165334,38.4,38,5,105,700706
1,16,800,logistic_regression,coarse,0.9901470802305103,0.9821664763579177,0.9832444653148356,0.9906811151991721,0.9836749357315183,0.9849962264041373,0.9751212556624151,0.7368910784266154,0.8648370357896179,0.5518719691282792,5.0,5,5,105,700706
1,16,800,logistic_regression,fine,0.7395269913487255,0.5383195969772495,0.5458801881070625,0.7400672499087501,0.5410305940946285,0.5483561084227346,0.47166859678329104,0.7368910784266154,0.8648370357896179,0.5518719691282792,38.4,38,5,105,700706
1,16,800,xgboost,coarse,0.9934152126569489,0.9833444054520244,0.9765425415442692,0.9938409968559903,0.9849008764702301,0.9790781069514477,0.9765668154218703,0.8193265078363822,0.907379129049844,0.3719277414493382,5.0,5,5,105,700706
1,16,800,xgboost,fine,0.8213430454427392,0.5886184700852608,0.5563115801478468,0.820572250490145,0.5905549504125513,0.5582836156605985,0.5210720046004598,0.8193265078363822,0.907379129049844,0.3719277414493382,38.4,38,5,105,700706
2,16,800,logistic_regression,coarse,0.9905709384535026,0.9825249535547697,0.9841504461021564,0.991289861219002,0.9845613842922674,0.9860238515347277,0.9769867770564622,0.7371922032921082,0.8650061509391956,0.5526483289710663,5.0,5,5,105,700706
2,16,800,logistic_regression,fine,0.7394413634248886,0.535031304710858,0.5474311119015224,0.7392506029341482,0.5373287804693213,0.5497311738723005,0.4726280475459168,0.7371922032921082,0.8650061509391956,0.5526483289710663,38.8,38,5,105,700706
2,16,800,xgboost,coarse,0.9937049204659301,0.9846669659332775,0.9796868498440278,0.9942376162588208,0.9867260286848634,0.9826065510436607,0.9780809066438025,0.818901222481326,0.9071036925615023,0.3736574255108419,5.0,5,5,105,700706
2,16,800,xgboost,fine,0.8205024646570744,0.5883001594635503,0.5573130505702808,0.8200587710827225,0.593230359782081,0.5623897804737309,0.519824823469066,0.818901222481326,0.9071036925615023,0.3736574255108419,38.8,38,5,105,700706
3,16,800,logistic_regression,coarse,0.990399682605829,0.9828385230516521,0.9857550644684515,0.9910777803143566,0.984677815690357,0.9871000906455011,0.9765461895599199,0.7281541759311323,0.8605399411450737,0.5707044038441229,5.0,5,5,105,700706
3,16,800,logistic_regression,fine,0.7306801996843184,0.5321399515407134,0.5497623575785325,0.7302236392759729,0.5353344967944758,0.5530387580833567,0.46906565001469774,0.7281541759311323,0.8605399411450737,0.5707044038441229,39.0,39,5,105,700706
3,16,800,xgboost,coarse,0.9939803569542718,0.9845960163921121,0.9798189293830564,0.9941053770224146,0.985134192666815,0.9799255520918544,0.9766692483592119,0.8190325186312091,0.9073006367863269,0.3734918781914241,5.0,5,5,105,700706
3,16,800,xgboost,fine,0.820620916618382,0.5868784747053188,0.5566724546208717,0.8195534034703185,0.5900310670737775,0.5598862456677578,0.5184796288286101,0.8190325186312091,0.9073006367863269,0.3734918781914241,39.0,39,5,105,700706
4,16,800,logistic_regression,coarse,0.9895876444614432,0.980779467892315,0.9827272858291277,0.9901632168981388,0.982529495515443,0.9845695200200494,0.9742746121303327,0.7334916498502938,0.8628868598242344,0.5636115574863066,5.0,5,5,105,700706
4,16,800,logistic_regression,fine,0.7361860751870256,0.5345091742625112,0.5469155089454014,0.7352556452368173,0.5378093171169496,0.5498415844539383,0.4731505948262327,0.7334916498502938,0.8628868598242344,0.5636115574863066,38.6,38,5,105,700706
4,16,800,xgboost,coarse,0.9933167405445366,0.9841342383169014,0.9778131650927543,0.993749488567931,0.9852017156777018,0.9795766915386201,0.9776596584888699,0.8195263063253347,0.9073484457104691,0.37238156944567335,5.0,5,5,105,700706
4,16,800,xgboost,fine,0.8213801508764018,0.5889250350013564,0.559428027073367,0.8196796400658461,0.5908431851826143,0.5615034691752818,0.5229244999640915,0.8195263063253347,0.9073484457104691,0.37238156944567335,38.6,38,5,105,700706
5,16,800,logistic_regression,coarse,0.9908463749418444,0.9801507399014382,0.9790699153087754,0.9913224589473892,0.9809853955027095,0.9793932501370713,0.9762974678123495,0.7321886782759103,0.8625964384492212,0.5619275416508492,5.0,5,5,105,700706
5,16,800,logistic_regression,fine,0.734346501956598,0.5237598901931354,0.535108676419861,0.7335864855567884,0.5233726845732835,0.5340490894149443,0.46661127740763564,0.7321886782759103,0.8625964384492212,0.5619275416508492,38.4,38,5,105,700706
5,16,800,xgboost,coarse,0.993410931260757,0.9809771271754115,0.9723099140951967,0.9938026001524891,0.9817369287652136,0.9735284083767846,0.9739332647650685,0.8180292447902544,0.9066662765839025,0.37551555145810084,5.0,5,5,105,700706
5,16,800,xgboost,fine,0.819921621907048,0.5750434964526944,0.5429744523499537,0.8184494433189713,0.5734157257896688,0.5414742505017198,0.517210586568003,0.8180292447902544,0.9066662765839025,0.37551555145810084,38.4,38,5,105,700706
6,16,800,logistic_regression,coarse,0.9901056934006559,0.9791793432059773,0.9797081799817245,0.9904689789518345,0.9801898763431811,0.979709321039709,0.9740524810932594,0.731579292884605,0.8621383290566943,0.5629322426238679,5.0,5,5,105,700706
6,16,800,logistic_regression,fine,0.7341709647127326,0.5318305949497636,0.5451332766566699,0.7336013220821644,0.5332761660237876,0.5459839017941791,0.47214908128273897,0.731579292884605,0.8621383290566943,0.5629322426238679,37.8,37,5,105,700706
6,16,800,xgboost,coarse,0.9936706692963954,0.9805558689068474,0.9724003624337778,0.993727083215558,0.9805109365982018,0.9720835325480726,0.9745760666661214,0.8186343487853679,0.9069838134681307,0.3748533621804295,5.0,5,5,105,700706
6,16,800,xgboost,fine,0.8202969576398661,0.5818657831985227,0.5509485262458431,0.8192854715484743,0.5823576378304381,0.5516975999153946,0.5201490854640128,0.8186343487853679,0.9069838134681307,0.3748533621804295,37.8,37,5,105,700706
7,16,800,logistic_regression,coarse,0.990318336078184,0.9828697711911213,0.9848524425895124,0.9906758561301319,0.9843877975925783,0.9861453600374259,0.9760855517936992,0.734670460935114,0.8637017522327481,0.5582655207747614,5.0,5,5,105,700706
7,16,800,logistic_regression,fine,0.7370851683873122,0.5386150818752765,0.551028365814088,0.7372535464345628,0.540829405296017,0.5536024107759948,0.47198947212969017,0.734670460935114,0.8637017522327481,0.5582655207747614,38.8,38,5,105,700706
7,16,800,xgboost,coarse,0.994110225972091,0.9834365107908498,0.9774439863583408,0.9943810167609274,0.9845998587750311,0.9788954560894663,0.976891228921656,0.8200800335661461,0.9078700624798418,0.3712370095303879,5.0,5,5,105,700706
7,16,800,xgboost,fine,0.8216298989875925,0.5865147514321147,0.5577391940478379,0.8202960013639015,0.5878317956230827,0.5594038702217919,0.5209533408169152,0.8200800335661461,0.9078700624798418,0.3712370095303879,38.8,38,5,105,700706
8,16,800,logistic_regression,coarse,0.9902598236635621,0.9827292421918201,0.9851601087006353,0.9907210847058622,0.9841173051115811,0.9861929188821886,0.9754516309507244,0.7322714519356193,0.8624993934688728,0.5626411076828227,5.0,5,5,105,700706
8,16,800,logistic_regression,fine,0.7347389632741834,0.5367637599166388,0.5480608930828742,0.7348968924131073,0.5359049701401885,0.5471881007875272,0.47456939509060264,0.7322714519356193,0.8624993934688728,0.5626411076828227,38.6,38,5,105,700706
8,16,800,xgboost,coarse,0.9939461057847371,0.9827785717081561,0.9756686398141705,0.9941364751878672,0.9829973305249741,0.9759459179972236,0.9774933072543818,0.8191566791207725,0.9074190887476346,0.3733291851361341,5.0,5,5,105,700706
8,16,800,xgboost,fine,0.8208920717105319,0.5840973735925673,0.5516981566777832,0.8196289958427454,0.5850848193431364,0.5524917512224025,0.5232051282889841,0.8191566791207725,0.9074190887476346,0.3733291851361341,38.6,38,5,105,700706
9,16,800,logistic_regression,coarse,0.9901470802305103,0.982827101649524,0.9843042646371961,0.9906374258675388,0.9842079268762621,0.9860648576708393,0.9763540006376263,0.7313466703581816,0.8620312941518983,0.5646333840440927,5.0,5,5,105,700706
9,16,800,logistic_regression,fine,0.7339155080732861,0.5385021158664498,0.5497754170214233,0.7324567542467559,0.5382507549668051,0.5496613679671458,0.4720639362361813,0.7313466703581816,0.8620312941518983,0.5646333840440927,38.8,38,5,105,700706
9,16,800,xgboost,coarse,0.9935564987312796,0.982658543619444,0.9754573517597851,0.9938141665433999,0.9834577480030247,0.9768044219694583,0.974851070497983,0.8184531030132466,0.9069153111290612,0.37424254965706016,5.0,5,5,105,700706
9,16,800,xgboost,fine,0.8202741235268429,0.5894013075616054,0.5567540229912497,0.8187639918707029,0.5905625825078326,0.558251196286217,0.5207394384422058,0.8184531030132466,0.9069153111290612,0.37424254965706016,38.8,38,5,105,700706
10,16,800,logistic_regression,coarse,0.9902769492483295,0.9819644256783671,0.9835496900852279,0.9907606929732072,0.9836696152789077,0.9852836267419658,0.9745816726000377,0.7358478448878703,0.8643346853031085,0.5547148161996615,5.0,5,5,105,700706
10,16,800,logistic_regression,fine,0.7383924213578876,0.539412751846855,0.5480276734271083,0.7386586084328021,0.5428740796323814,0.5518519435340595,0.47503394375744634,0.7358478448878703,0.8643346853031085,0.5547148161996615,38.4,38,5,105,700706
10,16,800,xgboost,coarse,0.9935636343915993,0.981421394110874,0.9735968564642704,0.9939439719856826,0.9826923593588767,0.9756653497650672,0.9751638568029843,0.8176524819253724,0.9064422168498628,0.3762804942443764,5.0,5,5,105,700706
10,16,800,xgboost,fine,0.8193207993081264,0.5856891393218608,0.5532115641766142,0.8180428978960825,0.5870653912931597,0.5550994123007881,0.5198253588015614,0.8176524819253724,0.9064422168498628,0.3762804942443764,38.4,38,5,105,700706
11,16,800,logistic_regression,coarse,0.9916198805205036,0.9817540458594693,0.9788490657830982,0.9919528912544168,0.9834136640506046,0.9816143295350205,0.9771918549476486,0.7376959809106816,0.8655655867082628,0.5531934934194941,5.0,5,5,105,700706
11,16,800,logistic_regression,fine,0.739511292896022,0.5262312987016933,0.5327123553089309,0.7400177833375057,0.5313695579791214,0.5369828483184081,0.4709691578691806,0.7376959809106816,0.8655655867082628,0.5531934934194941,38.4,36,5,105,700706
11,16,800,xgboost,coarse,0.9929770831133171,0.9790345357829906,0.968211182057208,0.9934803161627224,0.9808416817073153,0.9715094822182184,0.9762191183931576,0.8178280191692379,0.9064172420387437,0.37532431576153197,5.0,5,5,105,700706
11,16,800,xgboost,fine,0.8198574009641704,0.5741646042348701,0.5417362778296647,0.8184448855368717,0.5757463389453447,0.5440089385158537,0.5177382678678877,0.8178280191692379,0.9064172420387437,0.37532431576153197,38.4,36,5,105,700706
12,16,800,logistic_regression,coarse,0.989967261590453,0.9816648879465559,0.9840013268160253,0.9906292360151245,0.9836702715279346,0.985674136121995,0.975853697185021,0.7293972079588301,0.8608938698969325,0.5720059482864426,5.0,5,5,105,700706
12,16,800,logistic_regression,fine,0.731820478203412,0.5378107333557777,0.5504946014741199,0.7311528726424122,0.5396416443211864,0.5528434179708493,0.47309804476751294,0.7293972079588301,0.8608938698969325,0.5720059482864426,38.6,38,5,105,700706
12,16,800,xgboost,coarse,0.9931626102816302,0.9830893676771943,0.976644515711464,0.9935545688231404,0.9845506602785857,0.9789081652646106,0.97580143426579,0.8192879752706556,0.9072100139002663,0.3728382517061364,5.0,5,5,105,700706
12,16,800,xgboost,fine,0.8212574175189024,0.5880840793649439,0.5594317306989739,0.8199560474403546,0.5910168196623035,0.562314775035101,0.5244879817575034,0.8192879752706556,0.9072100139002663,0.3728382517061364,38.6,38,5,105,700706
13,16,800,logistic_regression,coarse,0.9899173119682149,0.9816076014794668,0.9838355249493548,0.9904142808334051,0.983455144340226,0.9854327670152052,0.9752156444914357,0.7304732655350461,0.8615096773825256,0.5674933567002424,5.0,5,5,105,700706
13,16,800,logistic_regression,fine,0.7331020427968363,0.5338658831170656,0.5491944663274594,0.7310883245112377,0.5362117474420451,0.5517461530273503,0.4713614795984044,0.7304732655350461,0.8615096773825256,0.5674933567002424,38.6,38,5,105,700706
13,16,800,xgboost,coarse,0.993489423524274,0.9830613673859896,0.9767153392175064,0.9937311699573494,0.9838012309364437,0.9776605456733115,0.9762885708206377,0.820111430471553,0.9076581333683457,0.37183069646898986,5.0,5,5,105,700706
13,16,800,xgboost,fine,0.8218268432124172,0.5908325859259358,0.5621054366186505,0.8207236918166306,0.5945888236929913,0.5653947219682778,0.5235080772057539,0.820111430471553,0.9076581333683457,0.37183069646898986,38.6,38,5,105,700706
14,16,800,logistic_regression,coarse,0.9899886685714122,0.9823617936064801,0.983982950959023,0.990524593275742,0.9839789048694264,0.9857078083957825,0.9763446860121451,0.7285309387960143,0.860612724880335,0.5708870767483082,5.0,5,5,105,700706
14,16,800,logistic_regression,fine,0.7312367811892577,0.5344137294659053,0.5515956343273257,0.730714111073888,0.5369406364034813,0.5543210624078883,0.4712888362800603,0.7285309387960143,0.860612724880335,0.5708870767483082,39.0,39,5,105,700706
14,16,800,xgboost,coarse,0.9934608808829951,0.9838305672010306,0.977383496802573,0.9938491239667255,0.9847346438329977,0.9791959277256652,0.9773955399376757,0.8192323171201616,0.9072171495605861,0.37310369827003054,5.0,5,5,105,700706
14,16,800,xgboost,fine,0.8209734182381769,0.5891731650492192,0.5601289614035626,0.8197173444240565,0.5912951351517061,0.5627203587012868,0.5231355309651686,0.8192323171201616,0.9072171495605861,0.37310369827003054,39.0,39,5,105,700706
15,16,800,logistic_regression,coarse,0.9903711399645501,0.9826976246748955,0.9833587345281917,0.9907832284418883,0.9840944702945696,0.984905307952233,0.9762887763267594,0.7293601025251675,0.8610808241973096,0.5689518856695961,5.0,5,5,105,700706
15,16,800,logistic_regression,fine,0.7317905084300691,0.5294842210092693,0.5491863205049328,0.7311127056022853,0.5327315708354354,0.5518349131186105,0.46967634239539285,0.7293601025251675,0.8610808241973096,0.5689518856695961,38.6,38,5,105,700706
15,16,800,xgboost,coarse,0.9935664886557273,0.9827724384262403,0.9758041904439836,0.9939252611981293,0.9840253952848353,0.9778551386709861,0.9755907397572054,0.8191837946299875,0.9073070588806147,0.3725613880857307,5.0,5,5,105,700706
15,16,800,xgboost,fine,0.8210476291055022,0.5890972631351552,0.5606855029223602,0.8200173642450855,0.5912742338768214,0.562891912047772,0.525120076724765,0.8191837946299875,0.9073070588806147,0.3725613880857307,38.6,38,5,105,700706
16,16,800,logistic_regression,coarse,0.99053383301984,0.9831663128383987,0.9838149157290113,0.9911028178097782,0.9849440221777052,0.9859442543538698,0.9768242198976053,0.7336743227544791,0.8632828889719797,0.5602064203817293,5.0,5,5,105,700706
16,16,800,logistic_regression,fine,0.7360319449241194,0.5340059654501537,0.5476464430378047,0.7359463325509439,0.5381483761129234,0.552012317637977,0.46993799469259023,0.7336743227544791,0.8632828889719797,0.5602064203817293,38.8,38,5,105,700706
16,16,800,xgboost,coarse,0.993356700242327,0.9841315757753909,0.9779965790996531,0.9939032362795094,0.9858089036387575,0.9809153762222931,0.9778383056572325,0.8179179284892666,0.9065399753962432,0.3760835500195517,5.0,5,5,105,700706
16,16,800,xgboost,fine,0.8197232505501594,0.5827774020428859,0.5522060928968832,0.8193449082810872,0.5866247061945563,0.5564365075771189,0.5167933971371554,0.8179179284892666,0.9065399753962432,0.3760835500195517,38.8,38,5,105,700706
17,16,800,logistic_regression,coarse,0.9899601259301333,0.9817117521908543,0.9823226293688947,0.9902268462660944,0.9829022046082452,0.9841530075436639,0.9749525980058997,0.7335929762268341,0.8631822761614715,0.5595613566888252,5.0,5,5,105,700706
17,16,800,logistic_regression,fine,0.7364044263928096,0.5257757716688024,0.5377276863126399,0.7357074932728025,0.5298158297002359,0.5420279817002046,0.46829855125750713,0.7335929762268341,0.8631822761614715,0.5595613566888252,38.4,37,5,105,700706
17,16,800,xgboost,coarse,0.9931840172625894,0.980129570261823,0.9730363058293549,0.9932552726960958,0.9817957939176768,0.9757222403420457,0.9716296853306587,0.8186714542190305,0.9068782056953987,0.3743053434678738,5.0,5,5,105,700706
17,16,800,xgboost,fine,0.8205723941282078,0.5823243802688903,0.5516435037075308,0.8195550117175022,0.5853002295198548,0.5554669314936076,0.5203704860694361,0.8186714542190305,0.9068782056953987,0.3743053434678738,38.4,37,5,105,700706
18,16,800,logistic_regression,coarse,0.9909619726390241,0.981369793826642,0.979408377069072,0.9915647041113413,0.9833019723978941,0.9822184280371078,0.9758005468735392,0.7369638621618767,0.8650603819576256,0.5543580331836747,5.0,5,5,105,700706
18,16,800,logistic_regression,fine,0.7391587912762271,0.5326873204742051,0.5414280781978977,0.7385835713806927,0.5360620264282294,0.5442879217640948,0.4722732407807256,0.7369638621618767,0.8650603819576256,0.5543580331836747,38.4,38,5,105,700706
18,16,800,xgboost,coarse,0.9937234731827614,0.9820975837518773,0.9745839683716285,0.9940078063308908,0.9831598679116137,0.976281822643049,0.9748623201952954,0.8190225287067615,0.9072542549942486,0.3733520192491573,5.0,5,5,105,700706
18,16,800,xgboost,fine,0.8207850368057359,0.5817758307538435,0.5508530331203131,0.8197768491680538,0.5843593196274244,0.5540518114329763,0.5194395639292883,0.8190225287067615,0.9072542549942486,0.3733520192491573,38.4,38,5,105,700706
19,16,800,logistic_regression,coarse,0.9907892896592865,0.9835541493716837,0.9847583346183028,0.9913824904468549,0.9850418823666864,0.9863768585312848,0.9773649107969232,0.729344404072464,0.8611721606494022,0.5685579972199467,5.0,5,5,105,700706
19,16,800,logistic_regression,fine,0.7315550316395178,0.5349166551637524,0.551977025730846,0.7323865587851875,0.5384127809632654,0.5544539101240207,0.47123953973328575,0.729344404072464,0.8611721606494022,0.5685579972199467,38.4,38,5,105,700706
19,16,800,xgboost,coarse,0.9937662871446798,0.9845584065890669,0.9787768696414851,0.9938596000700942,0.9852090078891156,0.9798587892532726,0.9771614166331609,0.81846880146595,0.9069559843928837,0.37391430928235236,5.0,5,5,105,700706
19,16,800,xgboost,fine,0.8201456816410877,0.5887086344456683,0.5601189126842362,0.8194838179768337,0.5919489641295226,0.5635022167473389,0.5223514638371972,0.81846880146595,0.9069559843928837,0.37391430928235236,38.4,38,5,105,700706
0,16,1600,logistic_regression,coarse,0.991477167314109,0.9832644298868873,0.9861856857983311,0.9920231243183217,0.9851953436953732,0.9876871010394757,0.9759055974256192,0.7144023313629396,0.8538174355578516,0.5969550710283629,5.0,5,5,105,700706
0,16,1600,logistic_regression,fine,0.7161577038015944,0.5343407141469019,0.5689865735499671,0.7150165776303964,0.5366427484356242,0.5712656351973701,0.4736403867946118,0.7144023313629396,0.8538174355578516,0.5969550710283629,38.8,38,5,105,700706
0,16,1600,xgboost,coarse,0.9942486577822939,0.9863277290268968,0.9805283838030501,0.9946215240313033,0.9874050523912828,0.9824338125850499,0.9810995462242614,0.8269102876241962,0.9112416619809164,0.3565461120641182,5.0,5,5,105,700706
0,16,1600,xgboost,fine,0.8282346661795389,0.6039701196136213,0.576524715553215,0.8278455599751342,0.607966359798205,0.5805601544393688,0.5380245894872527,0.8269102876241962,0.9112416619809164,0.3565461120641182,38.8,38,5,105,700706
1,16,1600,logistic_regression,coarse,0.9912359819953018,0.9840236864481564,0.9857355396244373,0.9916031594194682,0.9853739154798914,0.9871302274350789,0.977640277222156,0.7235887804585661,0.8583671325777145,0.57847371080025,5.0,5,5,105,700706
1,16,1600,logistic_regression,fine,0.7254982831601271,0.5497256805633779,0.577581148960807,0.7254006863375573,0.5520866928880659,0.5792296229632565,0.47940196402499186,0.7235887804585661,0.8583671325777145,0.57847371080025,38.8,38,5,105,700706
1,16,1600,xgboost,coarse,0.9944941244972927,0.9868014131400773,0.9820019246058089,0.9946862535711718,0.9878893564226747,0.9838622996215591,0.9802157701598562,0.8274354722237286,0.9115720430537201,0.3559381538048768,5.0,5,5,105,700706
1,16,1600,xgboost,fine,0.8286499616101475,0.6086000432368728,0.5785033039571452,0.8280740647006355,0.6109287957035898,0.5812362406577195,0.541081047492896,0.8274354722237286,0.9115720430537201,0.3559381538048768,38.8,38,5,105,700706
2,16,1600,logistic_regression,coarse,0.9914514789369578,0.9843770285735929,0.9865722190039328,0.9921592868275426,0.9862978524253689,0.9884902514074124,0.9788773205588708,0.724021201473942,0.8586853830279746,0.5755452358050309,5.0,5,5,105,700706
2,16,1600,logistic_regression,fine,0.7259192871189915,0.5415993151940618,0.5749013941049101,0.7264121783529688,0.5444598725275019,0.5767817337554273,0.4778659720494049,0.724021201473942,0.8586853830279746,0.5755452358050309,39.0,39,5,105,700706
2,16,1600,xgboost,coarse,0.9942400949899102,0.9873090622448396,0.9832322158822782,0.9947133621903599,0.9889065174095644,0.9858215958506941,0.9823540650935179,0.8282189677268355,0.9118396303157101,0.3542427209129078,5.0,5,5,105,700706
2,16,1600,xgboost,fine,0.8294391656415101,0.6091414248456155,0.5807511911357393,0.8290957308893281,0.6130616803259814,0.5853742214168088,0.5419427630663277,0.8282189677268355,0.9118396303157101,0.3542427209129078,39.0,39,5,105,700706
3,16,1600,logistic_regression,coarse,0.9912916401457958,0.983907552096041,0.9868963404926736,0.9916664341942065,0.9850181570800327,0.9879481004526923,0.977662230974839,0.7080530208104397,0.8505892628292037,0.6107040613324276,5.0,5,5,105,700706
3,16,1600,logistic_regression,fine,0.7098868855126116,0.534441457639576,0.5715205469805497,0.7097625737386252,0.538774572003997,0.5748092936089634,0.47069342653262963,0.7080530208104397,0.8505892628292037,0.6107040613324276,39.0,39,5,105,700706
3,16,1600,xgboost,coarse,0.9945012601576124,0.987508545671288,0.9839563901524299,0.9946284413275155,0.9884915327400616,0.9852742998737261,0.9810670717583417,0.8273355729792523,0.9115542039029207,0.35586108867342364,5.0,5,5,105,700706
3,16,1600,xgboost,fine,0.8286071476482291,0.6070565678653488,0.5772970109813012,0.8278295204730373,0.6105593346565957,0.5810594888289085,0.5378028800545146,0.8273355729792523,0.9115542039029207,0.35586108867342364,39.0,39,5,105,700706
4,16,1600,logistic_regression,coarse,0.9910290478460295,0.9834750513825432,0.9853829406440665,0.9917181409697327,0.984997032417561,0.9874576730537898,0.9774845816308174,0.7176676095252502,0.8553037936024523,0.592916287287393,5.0,5,5,105,700706
4,16,1600,logistic_regression,fine,0.7195785393588752,0.5358424775700327,0.5690876818341342,0.7190988090711713,0.5390957646999105,0.5713053490132651,0.47615889376526094,0.7176676095252502,0.8553037936024523,0.592916287287393,39.0,39,5,105,700706
4,16,1600,xgboost,coarse,0.9938319352196213,0.9866167702262647,0.9812193964275682,0.9943573093398707,0.9883120368879187,0.984133465424611,0.9820440156820688,0.8276566776936404,0.9114821337336915,0.3549619954731371,5.0,5,5,105,700706
4,16,1600,xgboost,fine,0.8291323322477615,0.6080521782344094,0.5795841401441351,0.8280013331617385,0.6097763378584007,0.5817480080519538,0.5414971105443735,0.8276566776936404,0.9114821337336915,0.3549619954731371,39.0,39,5,105,700706
5,16,1600,logistic_regression,coarse,0.9917311968214915,0.9839124704645865,0.9842549698351067,0.9920882633440704,0.9852044136259008,0.9854830837769757,0.9777461528619614,0.71234868832292,0.8529090659991494,0.6001004700973018,5.0,5,5,105,700706
5,16,1600,logistic_regression,fine,0.7140869351768074,0.534471698177061,0.5690045318650594,0.7135356431674408,0.5376639878138206,0.5700513458734248,0.4719290861490494,0.71234868832292,0.8529090659991494,0.6001004700973018,38.6,38,5,105,700706
5,16,1600,xgboost,coarse,0.9943713911397933,0.9851702510172728,0.9789125687728017,0.9946319952270004,0.9861745550809526,0.9805282192720363,0.9784132185879347,0.8272784876966944,0.9114821337336915,0.3560294902569694,5.0,5,5,105,700706
5,16,1600,xgboost,fine,0.8285928763275896,0.6016456987493062,0.5716414261281968,0.8274606017781093,0.6031778917127766,0.5729386307972198,0.5356153722088673,0.8272784876966944,0.9114821337336915,0.3560294902569694,38.6,38,5,105,700706
6,16,1600,logistic_regression,coarse,0.9913373083718421,0.9843177009545301,0.986415782188149,0.9916950396715715,0.9856031051271186,0.987582904374489,0.9790392085984101,0.711973352590102,0.8525394387945872,0.6030603419979278,5.0,5,5,105,700706
6,16,1600,logistic_regression,fine,0.7137415692173322,0.5337826213796204,0.5693511025615289,0.7119418669112149,0.53640785994445,0.5713482626633972,0.47171735236909157,0.711973352590102,0.8525394387945872,0.6030603419979278,38.8,38,5,105,700706
6,16,1600,xgboost,coarse,0.9943314314420028,0.9857276420681279,0.9809070941945157,0.9945350929249782,0.9867511925142572,0.9826979636271652,0.9795617899378426,0.8271486186788753,0.9113743852628634,0.3569942315321975,5.0,5,5,105,700706
6,16,1600,xgboost,fine,0.8284173390837242,0.605269061169133,0.5761932462509305,0.8277156156848519,0.6078056865288575,0.5793148015500803,0.5371731685075131,0.8271486186788753,0.9113743852628634,0.3569942315321975,38.8,38,5,105,700706
7,16,1600,logistic_regression,coarse,0.9917996991605609,0.9853295306785365,0.9868703530145193,0.9921958923333465,0.9867014339153097,0.9881062065388303,0.9797737438993819,0.7159093828224676,0.8546737147962198,0.5929191415515209,5.0,5,5,105,700706
7,16,1600,logistic_regression,fine,0.7175477304318787,0.5490100019646154,0.5825374765834772,0.718086725250782,0.5515408093310197,0.5840627779627494,0.4800678223188207,0.7159093828224676,0.8546737147962198,0.5929191415515209,39.0,39,5,105,700706
7,16,1600,xgboost,coarse,0.994405642309328,0.9868599185757543,0.9821495179607378,0.9948296792791125,0.9882524358176784,0.9845473746988411,0.9809997672466084,0.8275325172040771,0.9116155705816705,0.3558325460321447,5.0,5,5,105,700706
7,16,1600,xgboost,fine,0.8288254988540129,0.6078270211610092,0.5782241272193339,0.8280835771430747,0.6110265870296686,0.5816786309274228,0.5394575952430214,0.8275325172040771,0.9116155705816705,0.3558325460321447,39.0,39,5,105,700706
8,16,1600,logistic_regression,coarse,0.9919181511218685,0.9858468239265548,0.9874277000521048,0.9923439701628741,0.986925573872569,0.9884604631313003,0.9796688516537873,0.7157281370503463,0.8546587299095484,0.594880021007384,5.0,5,5,105,700706
8,16,1600,logistic_regression,fine,0.7173993086972282,0.5475986936915777,0.5805674367117352,0.7172609725697358,0.5479409345908535,0.5800322312285416,0.4779543962236863,0.7157281370503463,0.8546587299095484,0.594880021007384,39.0,39,5,105,700706
8,16,1600,xgboost,coarse,0.9944241950261593,0.9852325611201668,0.9795625554121177,0.994608285565882,0.985654695833218,0.980063391756054,0.979204471507918,0.8272756334325666,0.9115556310349847,0.3558953398429584,5.0,5,5,105,700706
8,16,1600,xgboost,fine,0.8286870670438101,0.607984917731665,0.5769104332790741,0.8278633046302399,0.6094216463782423,0.5788799129679575,0.5397214155664982,0.8272756334325666,0.9115556310349847,0.3558953398429584,39.0,39,5,105,700706
9,16,1600,logistic_regression,coarse,0.9913073385984992,0.9847311870989737,0.9861067270886877,0.9916991998141623,0.9857984892850802,0.987558118324728,0.979387399033736,0.7162661658384544,0.854670860532092,0.594797247347675,5.0,5,5,105,700706
9,16,1600,logistic_regression,fine,0.7180343824656846,0.5419055335956833,0.574248911465928,0.7171738710125158,0.5429860322432117,0.575003589773218,0.47546408069346124,0.7162661658384544,0.854670860532092,0.594797247347675,39.0,39,5,105,700706
9,16,1600,xgboost,coarse,0.9941401957454339,0.9863713624614976,0.9811574437374695,0.9944048608992393,0.9873691324946205,0.9829561539063378,0.9809902958750907,0.8267690015498654,0.9111203557554809,0.35708556798429014,5.0,5,5,105,700706
9,16,1600,xgboost,fine,0.8281005157655279,0.6071964179351951,0.5766873632077132,0.8273679084021787,0.6097882878588948,0.5794563182998652,0.5389432305562799,0.8267690015498654,0.9111203557554809,0.35708556798429014,39.0,39,5,105,700706
10,16,1600,logistic_regression,coarse,0.9920294674228564,0.9851792990164989,0.9877598479550915,0.992414031907521,0.9864688987256006,0.989115382071995,0.9791494582903331,0.717243751302258,0.8554950292990213,0.5914777381669345,5.0,5,5,105,700706
10,16,1600,logistic_regression,fine,0.7189605911751862,0.5409671580208592,0.5717032827814756,0.7196735189071511,0.5452205072261355,0.5752760974913762,0.4776937265973702,0.717243751302258,0.8554950292990213,0.5914777381669345,38.8,38,5,105,700706
10,16,1600,xgboost,coarse,0.9942943260083401,0.9862854792946629,0.9816885854924976,0.9946163751157406,0.9878628076144851,0.9843449685642636,0.9808742273107357,0.8259112951794333,0.9107735626639418,0.3589779451010838,5.0,5,5,105,700706
10,16,1600,xgboost,fine,0.8272527993195434,0.6036328970492344,0.5729856165963547,0.8258742018962791,0.6051822454302607,0.5746199198669112,0.5392952131185164,0.8259112951794333,0.9107735626639418,0.3589779451010838,38.8,38,5,105,700706
11,16,1600,logistic_regression,coarse,0.9916498502938464,0.9852099483354337,0.9854317818803706,0.9919834886326347,0.9863298681453632,0.9867061995118258,0.9799242757621709,0.7234874540820259,0.8584235042942404,0.5794070551700713,5.0,5,5,105,700706
11,16,1600,logistic_regression,fine,0.7251971582946343,0.540879075649529,0.569288595145471,0.7255239840258875,0.5460449052306406,0.572979070548233,0.4785550037559519,0.7234874540820259,0.8584235042942404,0.5794070551700713,38.8,38,5,105,700706
11,16,1600,xgboost,coarse,0.9937477344278485,0.986108902883476,0.9799500984404723,0.9942109379616189,0.9874922653602004,0.9824612133319024,0.9816303668498111,0.8263365805344896,0.9107935425128371,0.35796468133568143,5.0,5,5,105,700706
11,16,1600,xgboost,fine,0.8278393505978257,0.6012398863242885,0.5713996414500594,0.8268789082284617,0.6031432536525592,0.5740884730840349,0.5364013167518314,0.8263365805344896,0.9107935425128371,0.35796468133568143,38.8,38,5,105,700706
12,16,1600,logistic_regression,coarse,0.9906351593963802,0.9838853074149088,0.9847482554248641,0.9911967680233742,0.9853239409986939,0.9863773666579071,0.9779515989037753,0.7117550013843181,0.8521940728351121,0.6061286759354138,5.0,5,5,105,700706
12,16,1600,logistic_regression,fine,0.7137529862738438,0.5406973222401461,0.5747273713569108,0.7124076236657909,0.5419743813255244,0.5749778778336398,0.4749180880112703,0.7117550013843181,0.8521940728351121,0.6061286759354138,39.0,39,5,105,700706
12,16,1600,xgboost,coarse,0.9937463072957845,0.985694850177987,0.9801905255748492,0.9941272591853013,0.9870399796351655,0.9826641543078791,0.9797546204949575,0.8270244581893119,0.9111053708688095,0.35726253236021954,5.0,5,5,105,700706
12,16,1600,xgboost,fine,0.8284644344418344,0.604777039577563,0.5747476130119575,0.8275612823748606,0.6066894203577705,0.5771708092377894,0.5392211500847424,0.8270244581893119,0.9111053708688095,0.35726253236021954,39.0,39,5,105,700706
13,16,1600,logistic_regression,coarse,0.9911375098828895,0.9839827078185184,0.9866190044372937,0.9915565548149826,0.9853527569398566,0.987827389727677,0.9789802830189984,0.7128524659414933,0.8529176287915331,0.6023667558148496,5.0,5,5,105,700706
13,16,1600,logistic_regression,fine,0.7146977477001767,0.535696035752451,0.5707740261901467,0.7123437468505373,0.5401127726975172,0.5743767783824423,0.4731664806411326,0.7128524659414933,0.8529176287915331,0.6023667558148496,39.0,39,5,105,700706
13,16,1600,xgboost,coarse,0.9941444771416257,0.9856530590785922,0.9804063456237675,0.9944293780044388,0.9867766561885846,0.9820960645049095,0.9800739505073868,0.8276167179958499,0.9115235205635459,0.3563491678392935,5.0,5,5,105,700706
13,16,1600,xgboost,fine,0.8289025639854661,0.6049530021181839,0.5759456828938893,0.8279843182225138,0.6078344969459255,0.5793062785851673,0.5377181491242466,0.8276167179958499,0.9115235205635459,0.3563491678392935,39.0,39,5,105,700706
14,16,1600,logistic_regression,coarse,0.9915142727477715,0.9840090101791727,0.9861482489262862,0.9919189376290092,0.9855737438490515,0.987525348190714,0.9781036679797247,0.7086167379756988,0.8509189303359754,0.6097935510756295,5.0,5,5,105,700706
14,16,1600,logistic_regression,fine,0.7103235879241794,0.5384401914969767,0.5755817758841619,0.7099183784975972,0.5407278204389122,0.5775045772249909,0.4753265575154811,0.7086167379756988,0.8509189303359754,0.6097935510756295,39.0,39,5,105,700706
14,16,1600,xgboost,coarse,0.9940802561987481,0.9863984622402688,0.98084713614537,0.9944481939630464,0.9876179114198512,0.9830801080110992,0.9808383059188188,0.8273783869411707,0.9114550182244765,0.3554358033183675,5.0,5,5,105,700706
14,16,1600,xgboost,fine,0.8288297802502048,0.6060721970928491,0.5776067742055552,0.8278335757629024,0.6080854240477025,0.5804539066007361,0.5394503099990613,0.8273783869411707,0.9114550182244765,0.3554358033183675,39.0,39,5,105,700706
15,16,1600,logistic_regression,coarse,0.9919110154615488,0.9851681818192818,0.9869848848794731,0.9922619025080965,0.9864600929367018,0.9881133875300252,0.9792601680819198,0.7103835274708651,0.8520306662137901,0.60450745391077,5.0,5,5,105,700706
15,16,1600,logistic_regression,fine,0.7121503169660314,0.5426975861348367,0.5789979902213501,0.710966301904644,0.5462636001269243,0.581230056334072,0.4756720418676241,0.7103835274708651,0.8520306662137901,0.60450745391077,39.0,39,5,105,700706
15,16,1600,xgboost,coarse,0.9941844368394163,0.9857510538662988,0.9800385293183004,0.9945798323455208,0.9871390656771416,0.9823601789329086,0.9811388674003239,0.8277009187876228,0.9116719422981964,0.3545452729104646,5.0,5,5,105,700706
15,16,1600,xgboost,fine,0.8291594477569766,0.6104339447890281,0.5810214546437938,0.82833344642788,0.6121775615618942,0.5833185842479869,0.5412832945516508,0.8277009187876228,0.9116719422981964,0.3545452729104646,39.0,39,5,105,700706
16,16,1600,logistic_regression,coarse,0.9914714587858531,0.9838705531595453,0.9861753855209443,0.9920453283174443,0.9859870441057916,0.9880156349943988,0.9782769900351576,0.7183554871800727,0.8557633301270433,0.590764172134961,5.0,5,5,105,700706
16,16,1600,logistic_regression,fine,0.7200552014682334,0.5390211227011452,0.5721770766502546,0.7194245309533343,0.542074243433641,0.5756507926254855,0.47316986104208253,0.7183554871800727,0.8557633301270433,0.590764172134961,39.0,39,5,105,700706
16,16,1600,xgboost,coarse,0.993977502690144,0.9867614184533396,0.9818631855132945,0.9944902522244309,0.9884417976951809,0.9848597248423324,0.9823916502032288,0.8270415837740793,0.9112059836793177,0.3568087043638844,5.0,5,5,105,700706
16,16,1600,xgboost,fine,0.8284344646684915,0.6070188712767551,0.5782943991816968,0.828139245802013,0.6113831524664941,0.5831822769372493,0.5384998792969762,0.8270415837740793,0.9112059836793177,0.3568087043638844,39.0,39,5,105,700706
17,16,1600,logistic_regression,coarse,0.991206012221959,0.984216419285007,0.9857573911783202,0.991538766997018,0.9854853250452514,0.9871943030940438,0.9772590068275006,0.7167242752309814,0.8549405884921779,0.5927764283451262,5.0,5,5,105,700706
17,16,1600,logistic_regression,fine,0.7186751647623968,0.5385848254541036,0.5731700871557512,0.717462716667723,0.5416280715561583,0.575418306718298,0.47451235933129365,0.7167242752309814,0.8549405884921779,0.5927764283451262,39.0,39,5,105,700706
17,16,1600,xgboost,coarse,0.9942229694051428,0.985673598405423,0.9806588609009154,0.994307285528678,0.9868713561778085,0.9825921924664905,0.9791542336647072,0.8273270101868687,0.9114086364323982,0.35660605161080394,5.0,5,5,105,700706
17,16,1600,xgboost,fine,0.8285943034596536,0.6062123057144944,0.5773753887295607,0.8278098202497269,0.6081773996016764,0.5797547286013017,0.5392498215483443,0.8273270101868687,0.9114086364323982,0.35660605161080394,39.0,39,5,105,700706
18,16,1600,logistic_regression,coarse,0.9917811464437296,0.98464190585899,0.9847081682038723,0.9922695924726647,0.985832838797261,0.9858851226338976,0.9796705050741442,0.7136673583500069,0.8535441397676058,0.600474378698056,5.0,5,5,105,700706
18,16,1600,logistic_regression,fine,0.715307133091482,0.5343531386269179,0.5682172011330965,0.7140925185488661,0.5380648249749239,0.5699812667992814,0.47296518173682156,0.7136673583500069,0.8535441397676058,0.600474378698056,39.0,39,5,105,700706
18,16,1600,xgboost,coarse,0.9940931003873237,0.9855404295754091,0.9795491911491429,0.9943750746535992,0.986015848263553,0.9802935712632962,0.9807897907741308,0.8270244581893119,0.9112652096599715,0.35690004081597704,5.0,5,5,105,700706
18,16,1600,xgboost,fine,0.8284373189326194,0.6003262558216358,0.568540336764631,0.8274021738122751,0.6032721835369491,0.5719526338971918,0.5348587704135253,0.8270244581893119,0.9112652096599715,0.35690004081597704,39.0,39,5,105,700706
19,16,1600,logistic_regression,coarse,0.9913487254283537,0.9842287140720121,0.9860431562294851,0.9917242648947557,0.9852937990199836,0.9869349998824856,0.9784014909615619,0.7130280031853587,0.853161668374468,0.598830322560389,5.0,5,5,105,700706
19,16,1600,logistic_regression,fine,0.7149746113205824,0.5377022484914596,0.5744065895822316,0.715362998041792,0.5408752123052853,0.5766837845857895,0.4736794651920436,0.7130280031853587,0.853161668374468,0.598830322560389,38.8,38,5,105,700706
19,16,1600,xgboost,coarse,0.9943371399702585,0.9869280291243989,0.9817080500381735,0.9944610115144529,0.9876099438518636,0.9829774742029646,0.9817125273058812,0.8268061069835281,0.9112980336974423,0.356309208141503,5.0,5,5,105,700706
19,16,1600,xgboost,fine,0.828258927424626,0.6088359958513255,0.5796915066048783,0.8275972659476075,0.6116695296262659,0.5828363405505976,0.5400068398321781,0.8268061069835281,0.9112980336974423,0.356309208141503,38.8,38,5,105,700706
0,32,100,logistic_regression,coarse,0.9915856293509688,0.9783569804999752,0.9813373166714545,0.9919158415037903,0.9803196840441967,0.9816353926185094,0.9711680145986588,0.7479370806015647,0.8708167191375555,0.5303422548115757,5.0,5,5,105,700706
0,32,100,logistic_regression,fine,0.7500478089241422,0.5250181800180317,0.5150630303392028,0.7503293575470821,0.52605236396536,0.5161599985915962,0.46610777629817246,0.7479370806015647,0.8708167191375555,0.5303422548115757,37.4,36,5,105,700706
0,32,100,xgboost,coarse,0.9921165224787571,0.9724129574010367,0.9616012406187717,0.9923337712275113,0.9730349173474215,0.9620831428153112,0.9648234742773896,0.793593889591355,0.8941467605529281,0.4288646022725651,5.0,5,5,105,700706
0,32,100,xgboost,fine,0.796176998627099,0.5273667069890958,0.49805584366738287,0.7949653441343186,0.5278115221453858,0.4972318176985921,0.46923275527034997,0.793593889591355,0.8941467605529281,0.4288646022725651,37.4,36,5,105,700706
1,32,100,logistic_regression,coarse,0.9904225167188522,0.9766720555593207,0.9781697203596422,0.9906745937293282,0.9779135539932555,0.9781971327465596,0.9684881425241846,0.7484208783712427,0.870670438101001,0.5289493739171636,5.0,5,5,105,700706
1,32,100,logistic_regression,fine,0.7509183594831499,0.5127043047158635,0.5023776643154484,0.7506354748021239,0.5134257200391676,0.5025446953238062,0.46009964735133146,0.7484208783712427,0.870670438101001,0.5289493739171636,37.0,35,5,105,700706
1,32,100,xgboost,coarse,0.9915784936906491,0.9657898945070293,0.951668965516905,0.991823548083728,0.9655543181656622,0.9506774406814597,0.9592559325658173,0.7917314822479042,0.8930963913538631,0.43308320465359224,5.0,5,5,105,700706
1,32,100,xgboost,fine,0.7946142890170771,0.5176950620985546,0.483742770769434,0.7930096709135092,0.5171195470451635,0.48223461603754675,0.46070600880785706,0.7917314822479042,0.8930963913538631,0.43308320465359224,37.0,35,5,105,700706
2,32,100,logistic_regression,coarse,0.9915456696531784,0.9821735479998281,0.9865078990016883,0.9920316989476492,0.9841266068255996,0.9883769153904222,0.9727484358891032,0.7473319766064512,0.8704663582158566,0.5310643836359329,5.0,5,5,105,700706
2,32,100,logistic_regression,fine,0.7493870467785347,0.5230793120529925,0.5154797807664951,0.7482284077910254,0.5247944905012999,0.517358282351539,0.462204839621962,0.7473319766064512,0.8704663582158566,0.5310643836359329,37.4,36,5,105,700706
2,32,100,xgboost,coarse,0.9918539301789909,0.9689935337922633,0.9551336400164802,0.9921135294732152,0.970438031375236,0.9570423501828363,0.9591698271194714,0.7919298536047928,0.8932234061075544,0.4330032852580112,5.0,5,5,105,700706
2,32,100,xgboost,fine,0.7945928820361179,0.5140392202969387,0.4804587205729741,0.7931875956947448,0.5169771384243484,0.48354293585879804,0.45583184600741733,0.7919298536047928,0.8932234061075544,0.4330032852580112,37.4,36,5,105,700706
3,32,100,logistic_regression,coarse,0.9914871572385565,0.9812191337937044,0.9820993449664994,0.9918169958709935,0.9828893818432635,0.9833032272725226,0.9723707661103813,0.7476587898490951,0.870589805139388,0.5308902735241314,5.0,5,5,105,700706
3,32,100,logistic_regression,fine,0.7496924530402195,0.5173256212735777,0.5092818295689651,0.749400179684427,0.520698835459551,0.5131199701106582,0.4596990749762371,0.7476587898490951,0.870589805139388,0.5308902735241314,37.6,37,5,105,700706
3,32,100,xgboost,coarse,0.9914200820315511,0.9710418202163881,0.9576567715795395,0.9916010077679774,0.9704617512552998,0.9558928952907019,0.961168954178806,0.7898633663761977,0.892078846192269,0.4369136271132258,5.0,5,5,105,700706
3,32,100,xgboost,fine,0.7927376103529868,0.5135625611411568,0.4839095719850404,0.7909020455480833,0.5149178840405286,0.4840575611710446,0.4569350775845307,0.7898633663761977,0.892078846192269,0.4369136271132258,37.6,37,5,105,700706
4,32,100,logistic_regression,coarse,0.991151781203529,0.9781189362975968,0.9805936559237918,0.991547662835611,0.980995896764749,0.9837218342157168,0.9685161552589733,0.7485621644455734,0.8709522966836305,0.5293775135363477,5.0,5,5,105,700706
4,32,100,logistic_regression,fine,0.750752812163732,0.5182437003507909,0.5118872207955039,0.7512679275449777,0.5234058814978616,0.5168633569142451,0.46282241947127684,0.7485621644455734,0.8709522966836305,0.5293775135363477,37.6,37,5,105,700706
4,32,100,xgboost,coarse,0.9911589168638487,0.9669017121041351,0.9535416837347819,0.9913753584413585,0.9693086571238932,0.9567201684748685,0.9578949105091861,0.7933726841214432,0.8938363593290196,0.42902729532785505,5.0,5,5,105,700706
4,32,100,xgboost,fine,0.7965138017941904,0.5226646255031719,0.49190880941696263,0.7949348893460151,0.5253819275841943,0.4942181181932626,0.46434435796703066,0.7933726841214432,0.8938363593290196,0.42902729532785505,37.6,37,5,105,700706
5,32,100,logistic_regression,coarse,0.9910632990155643,0.9808522848126561,0.9871251201114555,0.9915384523337948,0.9835888099192737,0.9886929194297697,0.9713744673211249,0.7458206437507314,0.8695651243174741,0.5350261022454496,5.0,5,5,105,700706
5,32,100,logistic_regression,fine,0.7480669496193839,0.5274130914670471,0.5239644278420027,0.7473718088893814,0.5330829481395056,0.5286014059190288,0.46734313996518256,0.7458206437507314,0.8695651243174741,0.5350261022454496,37.8,37,5,105,700706
5,32,100,xgboost,coarse,0.9922135674591055,0.9779786295193332,0.9709662840870577,0.9926542876819223,0.9796236437935708,0.9732485695503209,0.9689499542223969,0.7947070526012336,0.8948239347172708,0.4262472420672864,5.0,5,5,105,700706
5,32,100,xgboost,fine,0.7974343019754362,0.5263352251377325,0.5019183147887206,0.7960762037157303,0.5289260279519539,0.5033515855427643,0.4708376984778717,0.7947070526012336,0.8948239347172708,0.4262472420672864,37.8,37,5,105,700706
6,32,100,logistic_regression,coarse,0.9913986750505919,0.9803100029124957,0.9829364911559262,0.9917593355174488,0.9828238014868637,0.9860466187490801,0.9719392368604663,0.751990135663174,0.8727733171972268,0.5217195228812084,5.0,5,5,105,700706
6,32,100,logistic_regression,fine,0.7541479593438618,0.5243737409249719,0.5187918872507116,0.7538248110233638,0.5282002971170883,0.5228330465023965,0.46591572816705956,0.751990135663174,0.8727733171972268,0.5217195228812084,37.0,36,5,105,700706
6,32,100,xgboost,coarse,0.9917354782176833,0.9665410870506064,0.951890608555366,0.9919412901616891,0.9691818794847709,0.955743198076612,0.9561443563468226,0.7933398600839725,0.8939662283468388,0.43085687863383504,5.0,5,5,105,700706
6,32,100,xgboost,fine,0.7961969784759942,0.5219648158032767,0.4932874326618507,0.7950607616060745,0.5256924001544162,0.4969229560837461,0.4624645441307909,0.7933398600839725,0.8939662283468388,0.43085687863383504,37.0,36,5,105,700706
7,32,100,logistic_regression,coarse,0.991691237123701,0.9809809332138772,0.9824458013221158,0.9919096419329843,0.9832056066881982,0.9853164478013688,0.9721446296768175,0.7477244379240366,0.8707118249308554,0.5303565261322152,5.0,5,5,105,700706
7,32,100,logistic_regression,fine,0.74973241273801,0.5227864147510913,0.5146189902793312,0.7496490161524524,0.526204771967473,0.5198912888552699,0.4631784100725061,0.7477244379240366,0.8707118249308554,0.5303565261322152,37.6,36,5,105,700706
7,32,100,xgboost,coarse,0.99225495428896,0.9722830787555751,0.9596512967893993,0.9924389412394717,0.9732432523155055,0.9611770263646967,0.9642026508512221,0.7928161026165039,0.8938506306496591,0.43005483041389686,5.0,5,5,105,700706
7,32,100,xgboost,fine,0.7954463070103581,0.5163842009182293,0.4849748733514291,0.7947281359737217,0.5214832719076986,0.48956976409346525,0.4603744134893612,0.7928161026165039,0.8938506306496591,0.43005483041389686,37.6,36,5,105,700706
8,32,100,logistic_regression,coarse,0.9910304749780935,0.9797611751118034,0.9792640640746881,0.991526377363075,0.9807276727754599,0.9799142504031604,0.973356984902188,0.7463643810670952,0.8697492243537233,0.5350860417921354,5.0,5,5,105,700706
8,32,100,logistic_regression,fine,0.7484679737293529,0.5122349970358584,0.5006684848210504,0.7482069977594877,0.511681490342623,0.5001141183314232,0.455194844525983,0.7463643810670952,0.8697492243537233,0.5350860417921354,37.2,36,5,105,700706
8,32,100,xgboost,coarse,0.9911860323730637,0.961005568852595,0.9410867418791466,0.9915394800347613,0.960584785859487,0.9408316827292695,0.9512768093046676,0.7885418420849829,0.8913931092355425,0.4401189657288506,5.0,5,5,105,700706
8,32,100,xgboost,fine,0.7916001860980212,0.5091685459270996,0.47764120626294765,0.7900580159482326,0.5075221915197752,0.4759300885503075,0.45627682464213326,0.7885418420849829,0.8913931092355425,0.4401189657288506,37.2,36,5,105,700706
9,32,100,logistic_regression,coarse,0.9908635005266118,0.9763475386053605,0.9777209703799198,0.9913200679479875,0.978607186776783,0.9801952706709367,0.9698014429909562,0.7477729604142108,0.87042782565013,0.5316209651408722,5.0,5,5,105,700706
9,32,100,logistic_regression,fine,0.7499921507736483,0.5116202544377231,0.5023722001157469,0.7491356567637761,0.5133703156361129,0.5051657087478156,0.45919632887139583,0.7477729604142108,0.87042782565013,0.5316209651408722,36.8,35,5,105,700706
9,32,100,xgboost,coarse,0.9911945951654474,0.9644736828286871,0.9487741591776153,0.991522887065201,0.9671831520501106,0.9528953618234354,0.9565264943342782,0.7915573721361028,0.8930614266182964,0.43194149900243467,5.0,5,5,105,700706
9,32,100,xgboost,fine,0.7949282580711454,0.5106883279131252,0.4805884853329924,0.7938125577802303,0.5133950114612806,0.4831069813560844,0.45860754573016294,0.7915573721361028,0.8930614266182964,0.43194149900243467,36.8,35,5,105,700706
10,32,100,logistic_regression,coarse,0.991043319166669,0.9782709833286749,0.9780511246143639,0.9916551626556401,0.9811737138065662,0.9823330723694135,0.970295177903913,0.7511424192171895,0.8721132686176514,0.5248791932707869,5.0,5,5,105,700706
10,32,100,logistic_regression,fine,0.7531832180686336,0.5185446666033868,0.5076327373082882,0.7532641468121372,0.5233839956254409,0.5129618021626364,0.45945783658799705,0.7511424192171895,0.8721132686176514,0.5248791932707869,37.2,36,5,105,700706
10,32,100,xgboost,coarse,0.9910276207139657,0.9577342796229598,0.9382320505679905,0.9912947418311178,0.9607799756600277,0.9427975224423522,0.9493366148926458,0.7914788798725857,0.8928466432426724,0.4342677242666682,5.0,5,5,105,700706
10,32,100,xgboost,fine,0.7946656657713792,0.5135902036327317,0.4835037177592655,0.7924350166180789,0.5144336025738195,0.4852007879914119,0.4537864851066102,0.7914788798725857,0.8928466432426724,0.4342677242666682,37.2,36,5,105,700706
11,32,100,logistic_regression,coarse,0.9922506728927681,0.9809848330390336,0.98259971295827,0.9923875302589591,0.9815188144821283,0.982429994103682,0.9734695100099812,0.751452106875066,0.8727083826883172,0.5235919201491067,5.0,5,5,105,700706
11,32,100,logistic_regression,fine,0.7531660924838662,0.5184675081336538,0.5100882249641783,0.7530144897443254,0.5205531906824693,0.5118302821804741,0.46280362409626585,0.751452106875066,0.8727083826883172,0.5235919201491067,37.6,37,5,105,700706
11,32,100,xgboost,coarse,0.9916441417655907,0.9694529376987218,0.9583510333895063,0.9919485987882013,0.9697557893073976,0.9587191615080897,0.9615784829611244,0.7932285437829846,0.8939476756300074,0.4277200423572797,5.0,5,5,105,700706
11,32,100,xgboost,fine,0.7962512094944242,0.5160759334692286,0.4868302359783222,0.794341389772214,0.5154514773793967,0.4860151142724645,0.4617408321266664,0.7932285437829846,0.8939476756300074,0.4277200423572797,37.6,37,5,105,700706
12,32,100,logistic_regression,coarse,0.9916327247090791,0.9813518539352366,0.9812140452975685,0.9919496165785474,0.9824729905828681,0.9821033929799562,0.9754155850070636,0.7492243537232448,0.871369732812335,0.5271997100067646,5.0,5,5,105,700706
12,32,100,logistic_regression,fine,0.7511067409155908,0.5174740014096365,0.5079243795810066,0.7507423268367935,0.518794084397378,0.5098710628511335,0.4596564054954249,0.7492243537232448,0.871369732812335,0.5271997100067646,37.0,35,5,105,700706
12,32,100,xgboost,coarse,0.9917668751230901,0.9681252710834893,0.9535085893728885,0.991687773877758,0.9673912185621545,0.9525030186170262,0.9587840620060799,0.7907667409726761,0.8926896587156382,0.4350555011659669,5.0,5,5,105,700706
12,32,100,xgboost,fine,0.7936124423081863,0.513057862974093,0.4808950329402445,0.791706092039288,0.511739342416506,0.4799311167203473,0.45499325474144087,0.7907667409726761,0.8926896587156382,0.4350555011659669,37.0,35,5,105,700706
13,32,100,logistic_regression,coarse,0.9915042828233239,0.9831357168420055,0.9880100174104772,0.9919832337884339,0.9850581626492545,0.9890994069897896,0.9764569468918375,0.7461474569933753,0.8698476964661356,0.5339871501028962,5.0,5,5,105,700706
13,32,100,logistic_regression,fine,0.7481911101089472,0.5231468430574086,0.5181525491683551,0.7487132458514194,0.527371526659886,0.5224753906587908,0.46604199049491535,0.7461474569933753,0.8698476964661356,0.5339871501028962,37.6,37,5,105,700706
13,32,100,xgboost,coarse,0.9919252867821883,0.9708010745325006,0.9592950752952595,0.9920735422095761,0.9708961254249362,0.9591225431589102,0.961967141171888,0.793055860803247,0.8939169922906326,0.43052578399499936,5.0,5,5,105,700706
13,32,100,xgboost,fine,0.7959086977990769,0.5278471184504444,0.4985885736536267,0.795082229847804,0.5313146698994543,0.5008557140943459,0.46788965241313096,0.793055860803247,0.8939169922906326,0.43052578399499936,37.6,37,5,105,700706
14,32,100,logistic_regression,coarse,0.9902726678521377,0.9778695500726613,0.9796201919516913,0.9904934459617979,0.9788899227473722,0.9795427856456695,0.9694208689146351,0.7455808855639883,0.8691683816036968,0.5348205952282412,5.0,5,5,105,700706
14,32,100,logistic_regression,fine,0.748064095355256,0.511511063436896,0.5046088639701672,0.7475335068864571,0.5135326418750774,0.5060006192215974,0.4578489070175187,0.7455808855639883,0.8691683816036968,0.5348205952282412,37.4,35,5,105,700706
14,32,100,xgboost,coarse,0.9911817509768719,0.9693654884877768,0.9561735293227909,0.9913104408060054,0.9687314155679119,0.9550236631232452,0.963330245873704,0.78948089498306,0.891860494986485,0.4372275961672941,5.0,5,5,105,700706
14,32,100,xgboost,fine,0.7925392389960982,0.5145392818499143,0.48535578860910417,0.7915565574496602,0.5150880665093158,0.4853892995973712,0.459126114690968,0.78948089498306,0.891860494986485,0.4372275961672941,37.4,35,5,105,700706
15,32,100,logistic_regression,coarse,0.9919381309707638,0.9805151095759885,0.9817269567635322,0.9921397483285873,0.9813508175209238,0.9822898270485704,0.9743053118156042,0.7449343947390203,0.8693560494701059,0.5366701583831165,5.0,5,5,105,700706
15,32,100,logistic_regression,fine,0.746773967969448,0.5173513948710496,0.5116558784088248,0.7462518915644809,0.51957243810011,0.5137133446323658,0.46531013894930967,0.7449343947390203,0.8693560494701059,0.5366701583831165,37.2,36,5,105,700706
15,32,100,xgboost,coarse,0.9915513781814341,0.9713885119216478,0.9586275934612773,0.991893636880542,0.972515985555343,0.9603637770518738,0.9651135653598147,0.7933726841214432,0.8939640876487428,0.4284421711816368,5.0,5,5,105,700706
15,32,100,xgboost,fine,0.7963767971160515,0.5186545032060005,0.4882918622048723,0.7951187260089849,0.5193149884983114,0.4886448096017089,0.4654136705320141,0.7933726841214432,0.8939640876487428,0.4284421711816368,37.2,36,5,105,700706
16,32,100,logistic_regression,coarse,0.9918924627447174,0.9832995581238203,0.9867819291021813,0.9923904896788857,0.9853163115106728,0.9886601026954004,0.9736619919210694,0.7462502105019795,0.8699568720690275,0.5329510522244707,5.0,5,5,105,700706
16,32,100,logistic_regression,fine,0.7480212813933376,0.5222438747182863,0.5143132767255767,0.748027594790494,0.5254931348815173,0.5166467139407064,0.46323910901010174,0.7462502105019795,0.8699568720690275,0.5329510522244707,38.2,37,5,105,700706
16,32,100,xgboost,coarse,0.9916541316900384,0.9737514073958387,0.963558272484704,0.9921737851930927,0.9756568639421308,0.966181031187151,0.9653044084913096,0.7930501522749912,0.8939141380265047,0.4277086253007681,5.0,5,5,105,700706
16,32,100,xgboost,fine,0.7961741443629711,0.5258006952157527,0.49678104306251086,0.7946754168870258,0.526491706088827,0.4971735427723516,0.46529791178891544,0.7930501522749912,0.8939141380265047,0.4277086253007681,38.2,37,5,105,700706
17,32,100,logistic_regression,coarse,0.9916712572748057,0.9799176411172491,0.9830420498974421,0.9921077250984961,0.9819502507230521,0.9846972363807893,0.9690556169330847,0.7511609719340209,0.8724415089923592,0.5242170039931155,5.0,5,5,105,700706
17,32,100,logistic_regression,fine,0.7532117607099126,0.5243651091523532,0.5157289640167114,0.7528994976417951,0.5265070770282265,0.5177677541882074,0.46379549917793517,0.7511609719340209,0.8724415089923592,0.5242170039931155,37.2,36,5,105,700706
17,32,100,xgboost,coarse,0.9916726844068696,0.960813882774989,0.9438013926602394,0.991486955918104,0.9609003118098087,0.9436056779568979,0.9476448124602963,0.7936952159678953,0.8941817252884947,0.4292727620428539,5.0,5,5,105,700706
17,32,100,xgboost,fine,0.7966907661701198,0.5266029491810519,0.4963178733895599,0.7952961527138724,0.5275796597070729,0.49697973217934016,0.46775860797348584,0.7936952159678953,0.8941817252884947,0.4292727620428539,37.2,36,5,105,700706
18,32,100,logistic_regression,coarse,0.9917526038024507,0.9805803903017705,0.9875039611122673,0.9922380993072184,0.9835812992106208,0.9890523235420934,0.9711211434429998,0.7508655555967838,0.8723052178802522,0.5223531695176008,5.0,5,5,105,700706
18,32,100,logistic_regression,fine,0.7528578319580538,0.5248823612439941,0.520890821124164,0.7531019049859733,0.5291611626106292,0.5238950885448708,0.4646304389119828,0.7508655555967838,0.8723052178802522,0.5223531695176008,37.2,37,5,105,700706
18,32,100,xgboost,coarse,0.9924190744763138,0.9728518607995795,0.9623526209445028,0.9926153367251841,0.9738991886007776,0.9634257845595247,0.9636621695276133,0.792303762205547,0.893720048065808,0.43003485056500157,5.0,5,5,105,700706
18,32,100,xgboost,fine,0.795021021655302,0.5233295426742668,0.4932917375642514,0.7933621985312976,0.5232959813990136,0.49279006824716914,0.46230599017632773,0.792303762205547,0.893720048065808,0.43003485056500157,37.2,37,5,105,700706
19,32,100,logistic_regression,coarse,0.9920294674228564,0.9822410994051122,0.9813814951195896,0.9925199998047011,0.9845546019583367,0.9849602375913425,0.9756234254502851,0.7476302472078161,0.8707032621384718,0.5301852702845415,5.0,5,5,105,700706
19,32,100,logistic_regression,fine,0.7493770568540872,0.518042481572152,0.5077459352219897,0.7495059359892543,0.5228324009668885,0.5130400398612921,0.4627752039314847,0.7476302472078161,0.8707032621384718,0.5301852702845415,36.8,36,5,105,700706
19,32,100,xgboost,coarse,0.9921307937993966,0.9658231667135219,0.9496110571104461,0.9921072858480214,0.9672392557139802,0.9517189057271288,0.959366347114002,0.7922109986213904,0.8935109732184396,0.4310538228586597,5.0,5,5,105,700706
19,32,100,xgboost,fine,0.7948911526374828,0.5189950027739345,0.4884168218342752,0.7928665531308324,0.5204324382632312,0.4904706609189674,0.4622242471566906,0.7922109986213904,0.8935109732184396,0.4310538228586597,36.8,36,5,105,700706
0,32,200,logistic_regression,coarse,0.990993369544431,0.9806431882596254,0.9849328685842045,0.9915903575392361,0.9833542329840924,0.9868317704964777,0.9731742476834919,0.7456336894503544,0.8694509537523584,0.5352116294137627,5.0,5,5,105,700706
0,32,200,logistic_regression,fine,0.7479085379602858,0.5393522174789579,0.5394708288297593,0.7478713446714235,0.5422426244630917,0.5422634852854616,0.4754514088709796,0.7456336894503544,0.8694509537523584,0.5352116294137627,38.6,38,5,105,700706
0,32,200,xgboost,coarse,0.9930684195654097,0.9811775275869159,0.9738847463820027,0.9933756867692021,0.9822431295088834,0.9755364697534097,0.9724984474350331,0.8093993771995673,0.9022600063364664,0.3942309613447009,5.0,5,5,105,700706
0,32,200,xgboost,fine,0.811451593107523,0.5690303873507526,0.5396405292567229,0.81043685803063,0.5714713037130431,0.5413688457939555,0.5046787901160276,0.8093993771995673,0.9022600063364664,0.3942309613447009,38.6,38,5,105,700706
1,32,200,logistic_regression,coarse,0.9907379129049844,0.9794890081594797,0.9793385439577358,0.9910836299047027,0.9800355293144895,0.9792601450654029,0.9734262209778723,0.7458634577126498,0.8694937677142768,0.5336218042945258,5.0,5,5,105,700706
1,32,200,logistic_regression,fine,0.7482496225235691,0.5270760625587445,0.5273709066395719,0.7478138086383608,0.527204799822228,0.5280674241504594,0.47090875133696986,0.7458634577126498,0.8694937677142768,0.5336218042945258,37.4,36,5,105,700706
1,32,200,xgboost,coarse,0.992901445113928,0.9762574375994042,0.9662048020485077,0.9931636802482986,0.9765711192841999,0.9666853753290393,0.9708069285012298,0.8104839975681669,0.9027987486906063,0.3925697796222667,5.0,5,5,105,700706
1,32,200,xgboost,fine,0.8126960522672847,0.5598263241684894,0.5262734063325352,0.8118368749496371,0.5603330801823452,0.5270767650819209,0.5008970112566606,0.8104839975681669,0.9027987486906063,0.3925697796222667,37.4,36,5,105,700706
2,32,200,logistic_regression,coarse,0.9913701324093129,0.9839027585863276,0.9872463921767775,0.9920034912203707,0.9858349484379454,0.9890119949202096,0.9770388556367313,0.7453782328109079,0.8694124211866318,0.5350574991508564,5.0,5,5,105,700706
2,32,200,logistic_regression,fine,0.7474547099639507,0.5371792806541098,0.5397763093898225,0.7471847648046861,0.5406097624730108,0.5430247756025528,0.4750767742809164,0.7453782328109079,0.8694124211866318,0.5350574991508564,38.2,37,5,105,700706
2,32,200,xgboost,coarse,0.9930441583203227,0.9798212757076715,0.9724316670797959,0.9933971399717946,0.9807830975713097,0.9737975651787723,0.972582836696687,0.8091610461448882,0.9022921168079052,0.39377142482011,5.0,5,5,105,700706
2,32,200,xgboost,fine,0.8115400752954877,0.5599685882309163,0.5283516698499684,0.8108103863989303,0.5610030037650243,0.5287778261132162,0.5006219514810494,0.8091610461448882,0.9022921168079052,0.39377142482011,38.2,37,5,105,700706
3,32,200,logistic_regression,coarse,0.9909434199221928,0.9818873598685979,0.9818724523757746,0.9913421890172679,0.9833803536090062,0.9834031137140629,0.9750838223933257,0.7464485818588681,0.8698505507302635,0.5337188492748742,5.0,5,5,105,700706
3,32,200,logistic_regression,fine,0.7487576815383342,0.530795088362265,0.5294376809377415,0.7487616850128861,0.5333324647434752,0.5325289288675781,0.47114765647880247,0.7464485818588681,0.8698505507302635,0.5337188492748742,38.0,37,5,105,700706
3,32,200,xgboost,coarse,0.9925289636452378,0.977977832521827,0.9688440131848826,0.9928144422239427,0.9779854411256359,0.9685418649206665,0.9703128410331662,0.8072900760090538,0.9011361398361082,0.39723364720724524,5.0,5,5,105,700706
3,32,200,xgboost,fine,0.8097433160269785,0.5570021892130794,0.5265548237838348,0.8082922256507935,0.5587207277102048,0.5280182077147002,0.4952302234065883,0.8072900760090538,0.9011361398361082,0.39723364720724524,38.0,37,5,105,700706
4,32,200,logistic_regression,coarse,0.9912031579578311,0.9820355458303325,0.9863881241854303,0.9916738137859784,0.984250702017048,0.9880428091880479,0.9737369827189073,0.7443635419134416,0.8688986536436109,0.5362619986128276,5.0,5,5,105,700706
4,32,200,logistic_regression,fine,0.7465941493293906,0.5397318054028631,0.54047500034077,0.7464817265129624,0.541655759725087,0.5424845314363316,0.4742548884675508,0.7443635419134416,0.8688986536436109,0.5362619986128276,38.0,38,5,105,700706
4,32,200,xgboost,coarse,0.9928843195291606,0.9806575014031544,0.9740031562651679,0.9932306407380285,0.9816260624764371,0.9753486949533705,0.9725682257285092,0.8090497298439003,0.9021337051488071,0.3944621567390603,5.0,5,5,105,700706
4,32,200,xgboost,fine,0.8113830907684535,0.5620359388002572,0.5365723162350386,0.8100311541348686,0.5658370391607004,0.539186577521257,0.49990062848562344,0.8090497298439003,0.9021337051488071,0.3944621567390603,38.0,38,5,105,700706
5,32,200,logistic_regression,coarse,0.991472885917917,0.983073168969641,0.9863548222951373,0.991932552011266,0.9849985933911108,0.9880080643066507,0.9752626366135588,0.7468281989878779,0.8701823589351312,0.5337844973498158,5.0,5,5,105,700706
5,32,200,logistic_regression,fine,0.7488918319523452,0.5400642203954421,0.5411438030934927,0.7490166789409968,0.5446089732365712,0.5452339166568007,0.4755316639400945,0.7468281989878779,0.8701823589351312,0.5337844973498158,38.6,38,5,105,700706
5,32,200,xgboost,coarse,0.9931797358663976,0.9815903794404667,0.9768257330730492,0.9936284783641424,0.9834382092379261,0.9790354028139339,0.9729664169276168,0.8103855254557546,0.902890085142699,0.391162627407215,5.0,5,5,105,700706
5,32,200,xgboost,fine,0.8126004344190003,0.5677610864393814,0.5398731062733234,0.8117347846298222,0.5718156585918439,0.5438729431925922,0.50431812438476,0.8103855254557546,0.902890085142699,0.391162627407215,38.6,38,5,105,700706
6,32,200,logistic_regression,coarse,0.9914215091636149,0.9823329308659285,0.9825258400880152,0.9917145771222687,0.9842678928348301,0.985282427056536,0.9762282455706295,0.7480112914688899,0.8707646288172215,0.5299940345879727,5.0,5,5,105,700706
6,32,200,logistic_regression,fine,0.750107748470828,0.5339387002701713,0.5343982704262878,0.7498740824148634,0.5375977708986411,0.5384095280054668,0.4745986713986268,0.7480112914688899,0.8707646288172215,0.5299940345879727,37.2,36,5,105,700706
6,32,200,xgboost,coarse,0.9931540474892465,0.9764293703189842,0.9658403577461552,0.9934491847980532,0.9785371042937128,0.9692334481534862,0.9674203233908834,0.8103512742862199,0.9027937537283826,0.39308925569354336,5.0,5,5,105,700706
6,32,200,xgboost,fine,0.8124334599675185,0.5528692767468306,0.5220033962236036,0.811367600713647,0.555075618730845,0.524868336136745,0.4970083679034617,0.8103512742862199,0.9027937537283826,0.39308925569354336,37.2,36,5,105,700706
7,32,200,logistic_regression,coarse,0.9909434199221928,0.9826109877714215,0.985997460180647,0.9912310314209268,0.9845442486540399,0.9876122523612942,0.9743521263523123,0.7442978938385,0.8687959001350067,0.5373523275096831,5.0,5,5,105,700706
7,32,200,logistic_regression,fine,0.7466483803478207,0.5415557192792593,0.545674422049071,0.7461736122845999,0.5426246030178986,0.5475844682083016,0.4743800771013008,0.7442978938385,0.8687959001350067,0.5373523275096831,38.4,38,5,105,700706
7,32,200,xgboost,coarse,0.9934052227325012,0.981648353118862,0.9749424122280923,0.993638441061599,0.9823077546982699,0.9756953079787583,0.9729048807383025,0.8099088633463963,0.9026681661067552,0.39300933629796236,5.0,5,5,105,700706
7,32,200,xgboost,fine,0.8119311094810091,0.5667752913026632,0.5392313875080613,0.8113586353803612,0.5697094007475356,0.5427901002859219,0.5010272943474936,0.8099088633463963,0.9026681661067552,0.39300933629796236,38.4,38,5,105,700706
8,32,200,logistic_regression,coarse,0.990989088148239,0.9826713301458213,0.9852607216058425,0.9915949448556528,0.9843494001648162,0.9869776617721582,0.9747114988569752,0.7447702745516664,0.8689507439639449,0.5380773105981681,5.0,5,5,105,700706
8,32,200,logistic_regression,fine,0.7469123997796508,0.53118851411755,0.5319701335754601,0.7471872230222374,0.5329313486498596,0.5336157842146461,0.47025632571918685,0.7447702745516664,0.8689507439639449,0.5380773105981681,37.8,37,5,105,700706
8,32,200,xgboost,coarse,0.9926331442859059,0.9784636480644394,0.969983455212315,0.9931486291897792,0.9794862192623865,0.9713238687083617,0.9708161824999233,0.8076211706478894,0.9013337976269648,0.39762468139276674,5.0,5,5,105,700706
8,32,200,xgboost,fine,0.8100344509680237,0.5615812029490403,0.5315587052137164,0.8088352376235249,0.5626917095303745,0.5323748658318037,0.500163187604726,0.8076211706478894,0.9013337976269648,0.39762468139276674,37.8,37,5,105,700706
9,32,200,logistic_regression,coarse,0.9903483058515269,0.9815791451019434,0.985832662857453,0.9907522232584782,0.9831745207158387,0.9872108027148311,0.9729473563106751,0.7457692669964293,0.8693553359040739,0.5345380230795798,5.0,5,5,105,700706
9,32,200,logistic_regression,fine,0.7483623659566209,0.5387675497606969,0.539915283916868,0.7482346034003959,0.5421323275895225,0.5436561175921307,0.47501761443057033,0.7457692669964293,0.8693553359040739,0.5345380230795798,37.8,37,5,105,700706
9,32,200,xgboost,coarse,0.9928172443221551,0.9796886338707104,0.971599328989923,0.9930996100810869,0.9815263571037983,0.9743402351571031,0.971135647958603,0.8095121206326191,0.90243126218414,0.39238710671808147,5.0,5,5,105,700706
9,32,200,xgboost,fine,0.8120452800461249,0.5606851879691453,0.5297756556602302,0.8109064313534302,0.5642667813983963,0.5341368084257536,0.497076167967798,0.8095121206326191,0.90243126218414,0.39238710671808147,37.8,37,5,105,700706
10,32,200,logistic_regression,coarse,0.9906537121132115,0.9797663577115696,0.9800300661517648,0.9912549984839113,0.9825265906978456,0.9836679679661197,0.9738859855455781,0.7487191489726076,0.870832417590259,0.5288865801063499,5.0,5,5,105,700706
10,32,200,logistic_regression,fine,0.7510111230673064,0.5378556512533595,0.5343740678888533,0.7511086514522949,0.5434592323314253,0.540337353668386,0.47641568204665785,0.7487191489726076,0.870832417590259,0.5288865801063499,38.2,38,5,105,700706
10,32,200,xgboost,coarse,0.9927416063227659,0.9778634005986268,0.968156364861078,0.993144242187787,0.9800000597834512,0.9715889881987023,0.9697825601480262,0.8092081415029984,0.9021715241485017,0.3941596047415036,5.0,5,5,105,700706
10,32,200,xgboost,fine,0.8116014419742374,0.5608756752478349,0.5304359065409516,0.8099001104501181,0.5622646906843837,0.532616968443097,0.4996672653647479,0.8092081415029984,0.9021715241485017,0.3941596047415036,38.2,38,5,105,700706
11,32,200,logistic_regression,coarse,0.99150285569126,0.9831763443981322,0.9868977979149612,0.9919916094701767,0.9847404228427651,0.988266613522684,0.9750746752608994,0.7512494541219855,0.8723458911440747,0.524042893881314,5.0,5,5,105,700706
11,32,200,logistic_regression,fine,0.7531889265968894,0.5378305705020158,0.5403615865719765,0.7527876381555176,0.5420553101696598,0.5439218511984171,0.47651440574151993,0.7512494541219855,0.8723458911440747,0.524042893881314,38.4,37,5,105,700706
11,32,200,xgboost,coarse,0.992981364509509,0.9818260637349872,0.9768894439084874,0.9935025258295556,0.9836871279690392,0.9795658133990715,0.9733875701685688,0.8097818485927051,0.9024755032781223,0.3926554075461035,5.0,5,5,105,700706
11,32,200,xgboost,fine,0.8119696420467357,0.5623667504798636,0.5355716305368476,0.810568117452114,0.5628469490879915,0.5368880511599778,0.4996428561781806,0.8097818485927051,0.9024755032781223,0.3926554075461035,38.4,37,5,105,700706
12,32,200,logistic_regression,coarse,0.9911703339203604,0.9818035830791152,0.9810465439727679,0.9914529907414511,0.9824088702469735,0.9814336535466568,0.9769235935871541,0.7487690985948458,0.871018658324604,0.5298027988914038,5.0,5,5,105,700706
12,32,200,logistic_regression,fine,0.7508669827288478,0.5314374916691261,0.5307330843066974,0.7509855642342343,0.5333199895293218,0.5329545381117077,0.47214464870573686,0.7487690985948458,0.871018658324604,0.5298027988914038,37.6,37,5,105,700706
12,32,200,xgboost,coarse,0.9929970629622124,0.9756410151504831,0.9647834552249211,0.9930017315845389,0.9754248424181846,0.9646886153029806,0.968354930297499,0.8093108950116026,0.9022985389021929,0.3941139365154573,5.0,5,5,105,700706
12,32,200,xgboost,fine,0.8116000148421735,0.5582518736387532,0.5266508405762788,0.8100748366962196,0.5586567017900931,0.5268824611445807,0.4974284811144823,0.8093108950116026,0.9022985389021929,0.3941139365154573,37.6,37,5,105,700706
13,32,200,logistic_regression,coarse,0.9905109989068168,0.9820120941971131,0.9857389485098194,0.9910905267479899,0.9840328672377112,0.9869257602130255,0.9754953325628817,0.7436571115417878,0.8682971174786572,0.5394958798697314,5.0,5,5,105,700706
13,32,200,logistic_regression,fine,0.7460832360504976,0.5338004585096301,0.5391138478714126,0.7462063181520168,0.536762532382463,0.5418536956984205,0.4736847571220515,0.7436571115417878,0.8682971174786572,0.5394958798697314,38.6,38,5,105,700706
13,32,200,xgboost,coarse,0.9929057265101198,0.9774699550273729,0.9686200720746999,0.9930445398906346,0.977431282183973,0.9678844650785603,0.9695602732261605,0.8093408647849455,0.9021936446954928,0.39458774436068766,5.0,5,5,105,700706
13,32,200,xgboost,fine,0.8114815628808658,0.5632458195853468,0.5356393130573364,0.810923433878476,0.5668732946966311,0.5388407097482816,0.5017105439830115,0.8093408647849455,0.9021936446954928,0.39458774436068766,38.6,38,5,105,700706
14,32,200,logistic_regression,coarse,0.9896761266494079,0.9802247935729529,0.9834125455501577,0.9902200143188531,0.9821655980696209,0.9850613468748725,0.9725453132521079,0.746047557748899,0.8693175169043793,0.5325971234726119,5.0,5,5,105,700706
14,32,200,logistic_regression,fine,0.7489589071593508,0.534235261807592,0.537275139162626,0.7483776089872103,0.5368093311159854,0.5394663115928473,0.47415682602370507,0.746047557748899,0.8693175169043793,0.5325971234726119,38.4,38,5,105,700706
14,32,200,xgboost,coarse,0.9927758574923006,0.9784279030404466,0.9699775485728022,0.9932024836696399,0.9797589175527545,0.97179326237958,0.9726694619018619,0.8091738903334637,0.9020644892437056,0.39454493039876926,5.0,5,5,105,700706
14,32,200,xgboost,fine,0.8113531209951107,0.5623248931796426,0.5344942511626789,0.8103457967403339,0.5645748736103819,0.5368681906967481,0.49972140185368197,0.8091738903334637,0.9020644892437056,0.39454493039876926,38.4,38,5,105,700706
15,32,200,logistic_regression,coarse,0.990991942412367,0.982912665377125,0.9853011847418,0.99137509438743,0.9846851356347773,0.9871031071587485,0.9764437614532556,0.7442921853102442,0.8687916187388148,0.5370526297762542,5.0,5,5,105,700706
15,32,200,logistic_regression,fine,0.7465912950652628,0.539342738105205,0.5444621353785897,0.746720984917925,0.5433220006246824,0.5482349778700413,0.47735764259249486,0.7442921853102442,0.8687916187388148,0.5370526297762542,38.2,38,5,105,700706
15,32,200,xgboost,coarse,0.9931526203571827,0.9809556127236003,0.974811013338357,0.9935769450094337,0.9829257811073422,0.9778435453772844,0.9714665767698799,0.8109092829232232,0.9031954914043836,0.3891246828198988,5.0,5,5,105,700706
15,32,200,xgboost,fine,0.8132383624515845,0.5705158923137403,0.5439483488319753,0.8123239591678687,0.5726203899943848,0.5460637183681128,0.5053091016248047,0.8109092829232232,0.9031954914043836,0.3891246828198988,38.2,38,5,105,700706
16,32,200,logistic_regression,coarse,0.9911888866371916,0.9824546688011392,0.9865603557805368,0.9918360146244922,0.9848051119831134,0.9885197845991828,0.9744953631058915,0.7438640456910601,0.8686025237403419,0.5375121663008452,5.0,5,5,105,700706
16,32,200,logistic_regression,fine,0.7460161608434921,0.5325132243137298,0.5358571847708791,0.7464789087214436,0.5373050895308912,0.5398241786798237,0.4724483325491102,0.7438640456910601,0.8686025237403419,0.5375121663008452,38.4,38,5,105,700706
16,32,200,xgboost,coarse,0.9928600582840735,0.9815907234100336,0.9754289152277249,0.993468930323628,0.9840002174159268,0.9792020302787252,0.9734766430778087,0.8092095686350623,0.9021829412050132,0.39309781848592706,5.0,5,5,105,700706
16,32,200,xgboost,fine,0.811505824125953,0.5650453896442672,0.5352832016116941,0.8103287007334876,0.5671486716947743,0.5372650603491813,0.5018851139012469,0.8092095686350623,0.9021829412050132,0.39309781848592706,38.4,38,5,105,700706
17,32,200,logistic_regression,coarse,0.991153208335593,0.9824310740541009,0.9857345755592315,0.9915809396691394,0.984308334760979,0.9874249378642916,0.9729356823920572,0.7494940816833308,0.8714018432837738,0.527539367437984,5.0,5,5,105,700706
17,32,200,logistic_regression,fine,0.7516504782319546,0.5368995942177262,0.5395281723634451,0.7506965093553959,0.5395321213654022,0.5424530043917704,0.4734369614932262,0.7494940816833308,0.8714018432837738,0.527539367437984,38.2,38,5,105,700706
17,32,200,xgboost,coarse,0.9930955350746248,0.9765828940807241,0.9698236681037345,0.9931660704395938,0.9773210412362211,0.9702654996570143,0.9658159322188893,0.8101657471179068,0.9027095529366096,0.3929094370534861,5.0,5,5,105,700706
17,32,200,xgboost,fine,0.8123235707985945,0.5676564266158654,0.5400873690779106,0.8113409051325855,0.571317478698513,0.5427761310419406,0.5036932784996738,0.8101657471179068,0.9027095529366096,0.3929094370534861,38.2,38,5,105,700706
18,32,200,logistic_regression,coarse,0.9910376106384132,0.9821450387251931,0.9860616064941633,0.991503977186629,0.9843389561958888,0.9876290002279994,0.9739092462707658,0.7496496390783011,0.8714717727549072,0.5259010198285728,5.0,5,5,105,700706
18,32,200,logistic_regression,fine,0.7519059348714011,0.537801302959357,0.5405972548598268,0.7515097979268694,0.5406797074055559,0.5440071655217836,0.47393835880231727,0.7496496390783011,0.8714717727549072,0.5259010198285728,38.4,38,5,105,700706
18,32,200,xgboost,coarse,0.9933938056759897,0.9816684776130105,0.9765544898819216,0.9935955507066218,0.9834215169700233,0.9788262140720215,0.9719556969075497,0.8096077384809035,0.9025811110508545,0.3930321704109855,5.0,5,5,105,700706
18,32,200,xgboost,fine,0.8117684164257192,0.5669105217474858,0.5381566822910928,0.810507462537461,0.569092931339564,0.540070193419395,0.5007398714347441,0.8096077384809035,0.9025811110508545,0.3930321704109855,38.4,38,5,105,700706
19,32,200,logistic_regression,coarse,0.9914557603331497,0.9839910929088109,0.9851502406921124,0.9920487762853389,0.9857695986768439,0.987188866793818,0.9767682351325855,0.7432974742616733,0.8684334085907641,0.5391419511178726,5.0,5,5,105,700706
19,32,200,logistic_regression,fine,0.7454110568483786,0.5350644503925341,0.5375168484264526,0.7461109550269119,0.5386334230820632,0.5412824257225016,0.47287200832534454,0.7432974742616733,0.8684334085907641,0.5391419511178726,37.6,37,5,105,700706
19,32,200,xgboost,coarse,0.993382388619478,0.980079899287332,0.9724435551130742,0.9934871670462933,0.9808667959719296,0.9734352202478043,0.9703278834803779,0.8090654282966037,0.902242880751699,0.39387703259284207,5.0,5,5,105,700706
19,32,200,xgboost,fine,0.81110337288392,0.5647296569554617,0.5352188243743152,0.809672220760027,0.566014108876676,0.5358967794089481,0.5026083797647118,0.8090654282966037,0.902242880751699,0.39387703259284207,37.6,37,5,105,700706
0,32,400,logistic_regression,coarse,0.9900000856279239,0.9804310173909281,0.9836070666291004,0.9906088915651589,0.9829367666974381,0.9852680161412696,0.9733440395130841,0.7327053000830591,0.8626770714108342,0.5626154193056717,5.0,5,5,105,700706
0,32,400,logistic_regression,fine,0.7353540571937446,0.5416291116753462,0.55530012467256,0.7349534786970341,0.5425622040526814,0.5563624895857218,0.47489279114152305,0.7327053000830591,0.8626770714108342,0.5626154193056717,38.8,38,5,105,700706
0,32,400,xgboost,coarse,0.994057422085725,0.9846946525407694,0.9788963603480809,0.9943083441818972,0.985898516979009,0.9809738005131239,0.978254084642661,0.820810725182887,0.9082346947221802,0.3691077284909791,5.0,5,5,105,700706
0,32,400,xgboost,fine,0.8224119673586354,0.5948297203356907,0.5646987507329556,0.8211852276853596,0.5962488081296982,0.5662669570511595,0.5279335342213224,0.820810725182887,0.9082346947221802,0.3691077284909791,38.8,38,5,105,700706
1,32,400,logistic_regression,coarse,0.9897888700824596,0.9818316192079098,0.9844802265733363,0.9904042305721249,0.9834730777215483,0.9861980048046443,0.9747159511689061,0.7351314245917688,0.8638187770619917,0.5555111558913439,5.0,5,5,105,700706
1,32,400,logistic_regression,fine,0.7378486840415238,0.5400179319782628,0.5541231168513705,0.7374683173368453,0.5443316700126332,0.5576997611552699,0.47491409663276946,0.7351314245917688,0.8638187770619917,0.5555111558913439,38.4,37,5,105,700706
1,32,400,xgboost,coarse,0.9938990104266269,0.9845251714728951,0.9796736671329416,0.9942470210655207,0.985815918643917,0.9813057779199348,0.9771925110153283,0.822477615433577,0.9090338886779905,0.3662249217218063,5.0,5,5,105,700706
1,32,400,xgboost,fine,0.8241687669293541,0.5967789481655048,0.5666870321090954,0.8236294944401427,0.6023518449906303,0.5715352921376005,0.5272848521498973,0.822477615433577,0.9090338886779905,0.3662249217218063,38.4,37,5,105,700706
2,32,400,logistic_regression,coarse,0.9903297531346956,0.9836267958014341,0.985023752580154,0.990943215964075,0.9852254248639181,0.9867200152384626,0.9777342214540802,0.7332419017391031,0.8630623970680998,0.5589362728448165,5.0,5,5,105,700706
2,32,400,logistic_regression,fine,0.7357950410015042,0.5368933897592735,0.5531387896069336,0.7353793931002252,0.5407572616222875,0.5563621387367679,0.47403012691305624,0.7332419017391031,0.8630623970680998,0.5589362728448165,38.8,38,5,105,700706
2,32,400,xgboost,coarse,0.9940688391422365,0.9863166415763681,0.9820929655872049,0.9944649959958158,0.9876720478048036,0.9842914762418669,0.9799748752420757,0.8212474275944547,0.9084844428333709,0.36819721823418095,5.0,5,5,105,700706
2,32,400,xgboost,fine,0.8229000465245053,0.5962849443626654,0.5672200985643586,0.8223865482736419,0.5986152833540669,0.5701349581199395,0.5274501015879429,0.8212474275944547,0.9084844428333709,0.36819721823418095,38.8,38,5,105,700706
3,32,400,logistic_regression,coarse,0.99042537098298,0.9830986992987354,0.9843355175415885,0.9908119795032831,0.9843556384891056,0.9856639395919535,0.9764374968595964,0.7321901054079742,0.8625343582044396,0.5625554797589859,5.0,5,5,105,700706
3,32,400,logistic_regression,fine,0.734643345425899,0.5326496358649228,0.5473337977622961,0.73458329276405,0.5364107607289126,0.5513232414078663,0.471648564444282,0.7321901054079742,0.8625343582044396,0.5625554797589859,38.6,38,5,105,700706
3,32,400,xgboost,coarse,0.9935393731465122,0.9829423191604605,0.9767654558492789,0.9937793871892817,0.9836195108608253,0.977656208944411,0.9749021435073367,0.8201999126595176,0.9077066558585198,0.37131692892596896,5.0,5,5,105,700706
3,32,400,xgboost,fine,0.8218739385705275,0.5856858439190613,0.5552399295833969,0.8205601126887556,0.5879866339560936,0.557445315420122,0.5213175474852653,0.8201999126595176,0.9077066558585198,0.37131692892596896,38.6,38,5,105,700706
4,32,400,logistic_regression,coarse,0.9900457538539701,0.9826289029242238,0.9844577864033563,0.9907312919394303,0.9843283629531012,0.9862108575783065,0.9763760894603765,0.7322528992187879,0.8624465895825068,0.5632205233007852,5.0,5,5,105,700706
4,32,400,logistic_regression,fine,0.7348474253110434,0.5381309516978615,0.5525497188432508,0.7345803841444821,0.5398828191233229,0.5545719146899694,0.4732754673282343,0.7322528992187879,0.8624465895825068,0.5632205233007852,38.8,38,5,105,700706
4,32,400,xgboost,coarse,0.9934865692601462,0.9838217657241813,0.9786537500903698,0.9938810149819138,0.9848884959361307,0.9800162002431101,0.9769274857371126,0.8199416017559433,0.9076053294819796,0.37160235533875835,5.0,5,5,105,700706
4,32,400,xgboost,fine,0.821724089703813,0.5906643233425471,0.5621084416993378,0.8205635099536266,0.5921713854954939,0.5635091310312851,0.523913101470438,0.8199416017559433,0.9076053294819796,0.37160235533875835,38.8,38,5,105,700706
5,32,400,logistic_regression,coarse,0.9908963245640825,0.982730418070107,0.9857700160755133,0.9912738352953909,0.9845709103278617,0.9873241001551764,0.975753776154893,0.7342066430143313,0.8637488475908583,0.5578345268914495,5.0,5,5,105,700706
5,32,400,logistic_regression,fine,0.7366013706176342,0.5394715412352804,0.5543261334060967,0.7359084686898248,0.5432303046802845,0.557227192460527,0.4753482697913841,0.7342066430143313,0.8637488475908583,0.5578345268914495,38.8,38,5,105,700706
5,32,400,xgboost,coarse,0.994435612082671,0.9857251013127529,0.982128012167372,0.9946321317927109,0.9868333708941883,0.9835020832533207,0.9783421938418664,0.8215685323088427,0.9087142110956664,0.36804308797127466,5.0,5,5,105,700706
5,32,400,xgboost,fine,0.8229928101086619,0.5951573627297104,0.567098530351891,0.8222321036913325,0.5998518245485324,0.5708965829029923,0.5282299989877441,0.8215685323088427,0.9087142110956664,0.36804308797127466,38.8,38,5,105,700706
6,32,400,logistic_regression,coarse,0.9900528895142898,0.9814085785747961,0.9836852332890682,0.9904551653841797,0.9832372615725701,0.9851618334497922,0.9743669417203101,0.7322186480492532,0.8625429209968232,0.5618733106324193,5.0,5,5,105,700706
6,32,400,logistic_regression,fine,0.7350329524793565,0.5383089293022019,0.5535080838151304,0.7341754860091682,0.540345613893733,0.5547275143959928,0.47358342420355054,0.7322186480492532,0.8625429209968232,0.5618733106324193,38.6,38,5,105,700706
6,32,400,xgboost,coarse,0.9940674120101726,0.983624125675427,0.978046363474037,0.9942031305292874,0.9843524181351823,0.9790490538276944,0.9766720304553476,0.8209691368419851,0.9083538602495198,0.36912770833987435,5.0,5,5,105,700706
6,32,400,xgboost,fine,0.8226403084888669,0.5919309643448702,0.5639659491345514,0.8219653898266239,0.5949860781746151,0.5672171901255173,0.5238694176716796,0.8209691368419851,0.9083538602495198,0.36912770833987435,38.6,38,5,105,700706
7,32,400,logistic_regression,coarse,0.990615179547485,0.9823300076185513,0.9852776635588502,0.9909730416221803,0.9840532171459013,0.9868411365470408,0.975540271794895,0.7311054850393746,0.8621297662643106,0.5633946334125868,5.0,5,5,105,700706
7,32,400,logistic_regression,fine,0.7336443529811362,0.5410545890847975,0.557135580643323,0.7329726363283864,0.5420221367248086,0.5588208703646995,0.4740590035035366,0.7311054850393746,0.8621297662643106,0.5633946334125868,38.6,38,5,105,700706
7,32,400,xgboost,coarse,0.9942101252165673,0.9850117920906218,0.9798619109588398,0.9945082504615066,0.9864021553850837,0.9819490011096249,0.9769149507183312,0.8212702617074779,0.9084851563994029,0.368867970304236,5.0,5,5,105,700706
7,32,400,xgboost,fine,0.8227601875822385,0.5938876594083586,0.5650161771303872,0.8222648237254636,0.5963427457245708,0.5683150468884544,0.5241840415182825,0.8212702617074779,0.9084851563994029,0.368867970304236,38.6,38,5,105,700706
8,32,400,logistic_regression,coarse,0.9894620568398158,0.9818583273333538,0.9838734227059167,0.9901799592162482,0.9836233600989285,0.9854862646517093,0.9745830239762232,0.7323727783121594,0.8622953135837285,0.5619675013486398,5.0,5,5,105,700706
8,32,400,logistic_regression,fine,0.735128570327641,0.5331577521390571,0.5483348896072195,0.735530813192307,0.5358904072579904,0.5508866797670255,0.4717556071217047,0.7323727783121594,0.8622953135837285,0.5619675013486398,38.8,38,5,105,700706
8,32,400,xgboost,coarse,0.9937934026538948,0.983333368115216,0.9771058515293962,0.9941269938320114,0.9839207840030564,0.9778848211793469,0.9771558730106533,0.8198916521337052,0.9077687361033016,0.3709943970795169,5.0,5,5,105,700706
8,32,400,xgboost,fine,0.8217440695527083,0.5924779318510409,0.5616838828707176,0.8211313052600838,0.5953836148091541,0.5643359074936427,0.526471107106962,0.8198916521337052,0.9077687361033016,0.3709943970795169,38.8,38,5,105,700706
9,32,400,logistic_regression,coarse,0.9900999848724001,0.9823128135646686,0.9846763186639651,0.9905305595275787,0.9836594772943655,0.9860409082977826,0.974552160544695,0.7348474253110434,0.8637666867416577,0.5581199533042389,5.0,5,5,105,700706
9,32,400,logistic_regression,fine,0.7374333886109152,0.5357807270036695,0.5513500664540887,0.7369306837774394,0.5390733016079943,0.5545594090118229,0.4737727329069957,0.7348474253110434,0.8637666867416577,0.5581199533042389,38.8,38,5,105,700706
9,32,400,xgboost,coarse,0.9937948297859587,0.983738763959674,0.9774761593907219,0.9939968599419724,0.9847855612845535,0.9790890505845382,0.976568745626524,0.8211489554820424,0.9083923928152463,0.3681715298570299,5.0,5,5,105,700706
9,32,400,xgboost,fine,0.8229899558445339,0.5911223231043022,0.5623291116921811,0.8219623804818629,0.594130846706376,0.5650754713378192,0.5222910920170565,0.8211489554820424,0.9083923928152463,0.3681715298570299,38.8,38,5,105,700706
10,32,400,logistic_regression,coarse,0.9900015127599878,0.9824561835050881,0.9832149154743192,0.9904976280327519,0.9842358590385063,0.9851531720303548,0.9758857217415353,0.7363344969216762,0.8645216396034856,0.5537786175657123,5.0,5,5,105,700706
10,32,400,logistic_regression,fine,0.7390417664469835,0.544335679768759,0.5552434205477463,0.7390915445961316,0.547642573434899,0.5592668715103074,0.477146368108352,0.7363344969216762,0.8645216396034856,0.5537786175657123,38.6,38,5,105,700706
10,32,400,xgboost,coarse,0.9939532414450568,0.9835033838909208,0.9768373580685965,0.99427689792497,0.9850466633847572,0.9793381675384317,0.97642394058554,0.8211403926896587,0.9083595687777756,0.36920477347132746,5.0,5,5,105,700706
10,32,400,xgboost,fine,0.8227658961104942,0.5877739177947275,0.5573481785489169,0.8216379305056234,0.5912256451664195,0.5612337804442726,0.5245372312274202,0.8211403926896587,0.9083595687777756,0.36920477347132746,38.6,38,5,105,700706
11,32,400,logistic_regression,coarse,0.9907421943011763,0.983390282563841,0.9851606727247532,0.9911551680834417,0.9846246983602871,0.9866632172369691,0.977352495870592,0.7353397858731051,0.8641969670589377,0.555023076725474,5.0,5,5,105,700706
11,32,400,logistic_regression,fine,0.7376517398166992,0.5435520520167842,0.5561355737589677,0.7380690763204413,0.5470356877427875,0.5592602591659764,0.4764437684405536,0.7353397858731051,0.8641969670589377,0.555023076725474,39.0,39,5,105,700706
11,32,400,xgboost,coarse,0.9937919755218309,0.9856741656634036,0.9803996744651424,0.9942660389224732,0.9871580414441622,0.9830316598549433,0.9795191280139668,0.8211575182744261,0.9083167548158572,0.36847122759045875,5.0,5,5,105,700706
11,32,400,xgboost,fine,0.8228415341098835,0.5924156518270686,0.563310738793616,0.8218164514496765,0.5942385176936602,0.5656408988906565,0.5241765080665826,0.8211575182744261,0.9083167548158572,0.36847122759045875,39.0,39,5,105,700706
12,32,400,logistic_regression,coarse,0.9905737927176305,0.9817300137646559,0.9801042322821807,0.9909355758868146,0.982504380759042,0.9806726659935615,0.9772922658352969,0.7339483321107568,0.8634791196307724,0.5588392278644682,5.0,5,5,105,700706
12,32,400,logistic_regression,fine,0.7363844465439143,0.5289878022108072,0.5417961103911059,0.7366875409540709,0.531252471661508,0.5433249688562675,0.4699613810911706,0.7339483321107568,0.8634791196307724,0.5588392278644682,38.6,38,5,105,700706
12,32,400,xgboost,coarse,0.993843352276133,0.9806432421244635,0.9718858799961998,0.9938480055206529,0.9806573948423727,0.9721387192164302,0.9744877055570524,0.8206009367694868,0.9080077807240127,0.37113996455003956,5.0,5,5,105,700706
12,32,400,xgboost,fine,0.8221722091718924,0.5803322859941458,0.5500112845237454,0.8212712679439456,0.5814241334517022,0.5510953341333313,0.520425109489221,0.8206009367694868,0.9080077807240127,0.37113996455003956,38.6,38,5,105,700706
13,32,400,logistic_regression,coarse,0.989833111176442,0.9818138583138485,0.9846185319873673,0.9903802402491522,0.9836125807566987,0.9856269042600353,0.9755417782385797,0.7326410791401815,0.8626242675244682,0.5604261987195771,5.0,5,5,105,700706
13,32,400,logistic_regression,fine,0.7354154238724944,0.5337053593554318,0.5517396366198938,0.7345855854851474,0.5370967971546495,0.5541999568337929,0.4726780886401842,0.7326410791401815,0.8626242675244682,0.5604261987195771,38.8,38,5,105,700706
13,32,400,xgboost,coarse,0.9939960554069752,0.983998637180654,0.9781115726910563,0.9941721822057891,0.9849006181221729,0.9791981732272929,0.977385196382479,0.8202898219795464,0.9079585446678065,0.3710172311925401,5.0,5,5,105,700706
13,32,400,xgboost,fine,0.8219210339286377,0.5902572372584599,0.5600903128358949,0.8209383739939501,0.5933435785862614,0.5630992286457505,0.5233192638599256,0.8202898219795464,0.9079585446678065,0.3710172311925401,38.8,38,5,105,700706
14,32,400,logistic_regression,coarse,0.9896033429141466,0.981265421497131,0.9837501583280449,0.9903030828055552,0.9832034053101942,0.9855434847577573,0.9743892236189338,0.7296869157678113,0.8610315881411034,0.5682697165430295,5.0,5,5,105,700706
14,32,400,logistic_regression,fine,0.7324598333680602,0.5372542511946323,0.5530021120952312,0.7326598761417275,0.539918309966675,0.5550514619985992,0.47412742299968896,0.7296869157678113,0.8610315881411034,0.5682697165430295,38.8,38,5,105,700706
14,32,400,xgboost,coarse,0.9937149103903777,0.9840088936656011,0.9775505662841191,0.9941565179464671,0.9852015975216114,0.9796466015628781,0.9780449414418421,0.8208321321638462,0.9080934086478495,0.3697670635045226,5.0,5,5,105,700706
14,32,400,xgboost,fine,0.8224719069053212,0.5891811517291158,0.5618953680847988,0.8216955016434844,0.5916047073739433,0.5643303092221463,0.5225216177591464,0.8208321321638462,0.9080934086478495,0.3697670635045226,38.8,38,5,105,700706
15,32,400,logistic_regression,coarse,0.9904967275861774,0.9830577181173299,0.9853176352149504,0.9908371034420421,0.9843506228104053,0.98699014033224,0.9768392448206327,0.729479981618539,0.8613077381954771,0.5667826449323967,5.0,5,5,105,700706
15,32,400,logistic_regression,fine,0.7321187488047769,0.5360958995910434,0.5548896552432694,0.7321154440755433,0.5398034495938011,0.5584959828050625,0.4733748352254099,0.729479981618539,0.8613077381954771,0.5667826449323967,38.4,38,5,105,700706
15,32,400,xgboost,coarse,0.9941159345003467,0.9851804256804024,0.980068210844711,0.9943328416845009,0.9863347130960086,0.9820686848064788,0.9779090708815391,0.8216784214777667,0.9087641607179046,0.3671982257894181,5.0,5,5,105,700706
15,32,400,xgboost,fine,0.8234123869354623,0.5942088878639941,0.5679157772323941,0.8225351230004745,0.5974942644648186,0.5711207759291282,0.5263392599765401,0.8216784214777667,0.9087641607179046,0.3671982257894181,38.4,38,5,105,700706
16,32,400,logistic_regression,coarse,0.9902084469092601,0.9820608765509402,0.9847870812031626,0.990797092105362,0.9840511572516902,0.9868242501062721,0.974551515884083,0.7316121169220757,0.8622396554332344,0.5610370112429464,5.0,5,5,105,700706
16,32,400,logistic_regression,fine,0.7342708639572089,0.5345613473836448,0.5504241972704108,0.7342136240498301,0.5397181208397379,0.5553215447549437,0.47312504673695094,0.7316121169220757,0.8622396554332344,0.5610370112429464,38.6,38,5,105,700706
16,32,400,xgboost,coarse,0.9935707700519191,0.9839079616706996,0.9777501451975553,0.994118771368124,0.9859640126215901,0.9811418108377973,0.9774215888170897,0.8199929785102453,0.9076288771610347,0.37115423587067903,5.0,5,5,105,700706
16,32,400,xgboost,fine,0.8216869842701504,0.5875665430583948,0.5578567785769761,0.8213657806144825,0.591195373056409,0.5618290746424405,0.521926074022557,0.8199929785102453,0.9076288771610347,0.37115423587067903,38.6,38,5,105,700706
17,32,400,logistic_regression,coarse,0.9906865361506824,0.9829663876311618,0.9852233005716412,0.9911455455416893,0.9843643407984335,0.9869635737995524,0.9754315124382085,0.736338778317868,0.8646821919606796,0.5546149169551852,5.0,5,5,105,700706
17,32,400,logistic_regression,fine,0.738677847770677,0.5371416338655239,0.5513509047529048,0.7379354939253712,0.5403733148051549,0.5539519589476591,0.47312205640244637,0.736338778317868,0.8646821919606796,0.5546149169551852,38.4,38,5,105,700706
17,32,400,xgboost,coarse,0.9939832112183997,0.9831542575198193,0.9784496037219361,0.9941304322869919,0.9844771914095117,0.9803478622237058,0.9745810509671265,0.821374442348146,0.9085244025311614,0.3684055795155172,5.0,5,5,105,700706
17,32,400,xgboost,fine,0.8230655938439231,0.5908494808805167,0.5623872966625271,0.82247419361916,0.5944012062711034,0.5661424444878999,0.5261592751790461,0.821374442348146,0.9085244025311614,0.3684055795155172,38.4,38,5,105,700706
18,32,400,logistic_regression,coarse,0.9901085476647838,0.9811567256002485,0.9844711624654954,0.9905099471735017,0.9830007604343702,0.9859976906774544,0.9734973535857706,0.7380798794358833,0.8654571246714028,0.5496399345802662,5.0,5,5,105,700706
18,32,400,logistic_regression,fine,0.7408057016780218,0.5383669669134592,0.5544066987619137,0.7395866895525907,0.5418465997803138,0.5574029130377932,0.47406169882301535,0.7380798794358833,0.8654571246714028,0.5496399345802662,38.4,38,5,105,700706
18,32,400,xgboost,coarse,0.9941815825752883,0.9859022383020516,0.9820120257365176,0.9944177194415306,0.987236855937908,0.9841620466075239,0.9780187773342299,0.8214158291780005,0.9085757792854635,0.36835991128947093,5.0,5,5,105,700706
18,32,400,xgboost,fine,0.8229699759956387,0.5903991653291224,0.5630284433827953,0.8217618995125026,0.592210094808512,0.5644598217164971,0.5233161916857592,0.8214158291780005,0.9085757792854635,0.36835991128947093,38.4,38,5,105,700706
19,32,400,logistic_regression,coarse,0.9908763447151873,0.9834423800704236,0.9848005765783354,0.9914262610952278,0.9850435476666505,0.9867032785415366,0.9764724359889733,0.7338669855831119,0.8635255014228507,0.5576689795720317,5.0,5,5,105,700706
19,32,400,logistic_regression,fine,0.7361746581305141,0.5397757638854112,0.5568259510992625,0.7358169185409339,0.543371816022031,0.5606380142012984,0.4732916209477897,0.7338669855831119,0.8635255014228507,0.5576689795720317,39.0,39,5,105,700706
19,32,400,xgboost,coarse,0.9942215422730789,0.9844176294079953,0.9793759864293745,0.9943296829570599,0.985239280187011,0.9805936227328151,0.9759466094024869,0.8217326524961966,0.9087420401709133,0.3670640753754071,5.0,5,5,105,700706
19,32,400,xgboost,fine,0.8232625380687478,0.5975920880021792,0.5678880337339502,0.8224219628175984,0.6013167463155049,0.57159787512919,0.5282768327850884,0.8217326524961966,0.9087420401709133,0.3670640753754071,39.0,39,5,105,700706
0,32,800,logistic_regression,coarse,0.9914500518048939,0.9836671571967905,0.9863570090652451,0.9919852067826219,0.9853896421945996,0.9877607405014974,0.9775228006424808,0.7135103738229728,0.8534706424663125,0.5985306248269603,5.0,5,5,105,700706
0,32,800,logistic_regression,fine,0.7154912331277312,0.5439316651414013,0.5774397504885752,0.7145682303401719,0.5458099748393668,0.5782121517533786,0.4781389650554938,0.7135103738229728,0.8534706424663125,0.5985306248269603,39.0,39,5,105,700706
0,32,800,xgboost,coarse,0.9945455012515948,0.987419201004373,0.9827038250260196,0.9948396825563768,0.9886328808180227,0.9848684881732284,0.9818848681564871,0.8289682120604076,0.9123669556133386,0.35289836250866985,5.0,5,5,105,700706
0,32,800,xgboost,fine,0.8301884099750823,0.6146463355610895,0.5836960697317671,0.8293035903141983,0.6173509653522039,0.5864448674970847,0.5441089788984841,0.8289682120604076,0.9123669556133386,0.35289836250866985,39.0,39,5,105,700706
1,32,800,logistic_regression,coarse,0.9918111162170725,0.9844146364855101,0.9878157247539004,0.9922293297961509,0.9858153551453951,0.988972674365584,0.9779744846798718,0.719878237092304,0.8567216493079837,0.5846960065990586,5.0,5,5,105,700706
1,32,800,logistic_regression,fine,0.7216321823988948,0.5474328425760705,0.5798145440709386,0.7220201388737585,0.5514627676349837,0.583215719530101,0.4784539698115271,0.719878237092304,0.8567216493079837,0.5846960065990586,39.0,39,5,105,700706
1,32,800,xgboost,coarse,0.9945868880814492,0.9871478472457206,0.983518122230606,0.9949065536604448,0.9885430840014156,0.9858437268893778,0.9814857499211579,0.8299229634111881,0.9128792960242955,0.35043513256629744,5.0,5,5,105,700706
1,32,800,xgboost,fine,0.8311717039671417,0.6133632354034797,0.5836684857786849,0.8303761915138926,0.6163198214814384,0.5873718534282616,0.5429637873254727,0.8299229634111881,0.9128792960242955,0.35043513256629744,39.0,39,5,105,700706
2,32,800,logistic_regression,coarse,0.9917311968214915,0.9855921686782357,0.9878452529729429,0.9922285268262193,0.9868760160230463,0.9893323156558724,0.9802683770527435,0.7141040607615747,0.8537753351619652,0.5969864679337696,5.0,5,5,105,700706
2,32,800,logistic_regression,fine,0.715819473502439,0.5416355910138158,0.5793668915078303,0.7154460230837261,0.5449623683412388,0.5817327014018214,0.47690170828983314,0.7141040607615747,0.8537753351619652,0.5969864679337696,39.0,39,5,105,700706
2,32,800,xgboost,coarse,0.9946197121189201,0.9877834484664358,0.984118386840796,0.9950484704350744,0.9891713168569091,0.9865087770566705,0.9823673457872483,0.8291851361341276,0.9125203723102129,0.35194503828995327,5.0,5,5,105,700706
2,32,800,xgboost,fine,0.8304210325015057,0.6129557048921257,0.582815067428974,0.8297559100207891,0.6165225252930703,0.5867196354860144,0.5440366710496337,0.8291851361341276,0.9125203723102129,0.35194503828995327,39.0,39,5,105,700706
3,32,800,logistic_regression,coarse,0.9915199812760274,0.9849013607998351,0.9864039086513923,0.9919642686071888,0.9863223958397904,0.9877224249131498,0.9794871461454755,0.7171966559441477,0.8552452811878306,0.5911894574900172,5.0,5,5,105,700706
3,32,800,logistic_regression,fine,0.7189705810996337,0.5375451354910016,0.573514187429591,0.7188357141819378,0.5413213344901363,0.5767014659482701,0.47442116095929543,0.7171966559441477,0.8552452811878306,0.5911894574900172,39.0,39,5,105,700706
3,32,800,xgboost,coarse,0.9943542655550259,0.9866690165717124,0.9820516347587616,0.9946470404458123,0.987747861300653,0.9837004293254866,0.9799649640831691,0.8292907439068596,0.9124411664806638,0.35212200266588267,5.0,5,5,105,700706
3,32,800,xgboost,fine,0.8305280674063017,0.6106134868565158,0.5833018388275261,0.8299438854179744,0.6143682131028101,0.5874163211379894,0.5428805100277004,0.8292907439068596,0.9124411664806638,0.35212200266588267,39.0,39,5,105,700706
4,32,800,logistic_regression,coarse,0.991477167314109,0.9846603218626058,0.9869473691955342,0.9919176741597043,0.9858370015320623,0.988286880238215,0.9784864421682478,0.7161491410092107,0.8547293729467137,0.5946716597260477,5.0,5,5,105,700706
4,32,800,logistic_regression,fine,0.7179815785793185,0.5431785041693802,0.5767159141754805,0.717812614214078,0.5463093724415335,0.579679366073104,0.47726209880790205,0.7161491410092107,0.8547293729467137,0.5946716597260477,39.0,39,5,105,700706
4,32,800,xgboost,coarse,0.9942943260083401,0.986869298539534,0.9819685784855873,0.9945961713848152,0.9877561252551846,0.983464244181663,0.9821013782238933,0.8289011368534022,0.9122670563688623,0.35270427254797304,5.0,5,5,105,700706
4,32,800,xgboost,fine,0.8302397867293844,0.6087942578727062,0.5797169327701138,0.8291726898911823,0.6105659017626445,0.5822464707698837,0.5425363186586986,0.8289011368534022,0.9122670563688623,0.35270427254797304,39.0,39,5,105,700706
5,32,800,logistic_regression,coarse,0.9915856293509688,0.9845231537121899,0.9878620769832102,0.9920863963415129,0.9859540744042586,0.9891773995894256,0.978195407429722,0.715389906751191,0.8543968511758141,0.5935927478857038,5.0,5,5,105,700706
5,32,800,logistic_regression,fine,0.7172080730006594,0.5411234153167267,0.5786681270523752,0.7162858573816945,0.5463660518377323,0.5826666755132328,0.4770375522508411,0.715389906751191,0.8543968511758141,0.5935927478857038,38.8,38,5,105,700706
5,32,800,xgboost,coarse,0.9947667067215066,0.9878828224953532,0.9851800563042648,0.9949599302927912,0.9890947065127484,0.9872547179549727,0.9814972679146794,0.8293849346230802,0.912705899478526,0.35132280871007243,5.0,5,5,105,700706
5,32,800,xgboost,fine,0.8306450922355453,0.6121031403641939,0.5834369524753825,0.829968100356189,0.6160067974155723,0.5870952536698066,0.5455728008953945,0.8293849346230802,0.912705899478526,0.35132280871007243,38.8,38,5,105,700706
6,32,800,logistic_regression,coarse,0.991715498368788,0.9846827031954991,0.9866219316209671,0.9921007315874749,0.9861547486386684,0.9878761188198381,0.9778630414957119,0.7142267941190742,0.8539002092175606,0.5960816662052273,5.0,5,5,105,700706
6,32,800,logistic_regression,fine,0.7160849200663331,0.5419593853204513,0.5776101289090136,0.7160676773870062,0.5454423604637169,0.5798212184731117,0.4757911685223148,0.7142267941190742,0.8539002092175606,0.5960816662052273,38.8,38,5,105,700706
6,32,800,xgboost,coarse,0.9946910687221174,0.9868663150181011,0.9822190795411803,0.994826293562746,0.9874056402450548,0.9833517165260328,0.9810286547470614,0.8287641321752632,0.912354111424763,0.35260437330349675,5.0,5,5,105,700706
6,32,800,xgboost,fine,0.8300171541274086,0.6098005374835396,0.5804815222773845,0.8294946687640141,0.6140992330282331,0.5845168592615684,0.5406304888876695,0.8287641321752632,0.912354111424763,0.35260437330349675,38.8,38,5,105,700706
7,32,800,logistic_regression,coarse,0.9923505721372444,0.9861097071495996,0.9881956162352321,0.9927198036255492,0.9875486615318326,0.989669612231196,0.9810142996488853,0.7167742248532195,0.8553159242249959,0.5905643736460084,5.0,5,5,105,700706
7,32,800,logistic_regression,fine,0.7182812763127474,0.5434808575979765,0.5788452372745095,0.7175755966086594,0.5459477146290675,0.5811189886950865,0.47733507238484074,0.7167742248532195,0.8553159242249959,0.5905643736460084,39.0,39,5,105,700706
7,32,800,xgboost,coarse,0.994785259438338,0.9869604585896754,0.9821479000896748,0.9950688449623971,0.9883212549693245,0.984281290569372,0.9808590997977078,0.8297331548466832,0.9128578890433363,0.3508033326387957,5.0,5,5,105,700706
7,32,800,xgboost,fine,0.8309305186483347,0.610578643545934,0.582150466821272,0.830384526909858,0.6138289957488048,0.5862604573695194,0.5414599394266953,0.8297331548466832,0.9128578890433363,0.3508033326387957,39.0,39,5,105,700706
8,32,800,logistic_regression,coarse,0.9915528053134981,0.9849839653845501,0.9871724910520147,0.9919901772306987,0.9863535758857271,0.9883701029925017,0.9792368246025668,0.7169012396069108,0.8551318241887468,0.5912037288106566,5.0,5,5,105,700706
8,32,800,logistic_regression,fine,0.7187108430639955,0.5413006441094194,0.5771256206511429,0.718689324105341,0.5438107215033294,0.5784222250363009,0.4753603575518142,0.7169012396069108,0.8551318241887468,0.5912037288106566,38.8,38,5,105,700706
8,32,800,xgboost,coarse,0.9942843360838926,0.9862753636308165,0.981461011201245,0.9946543018170828,0.9874544854098891,0.9834186424142992,0.9807201944834493,0.8292850353786039,0.9125296486686285,0.3511486985982709,5.0,5,5,105,700706
8,32,800,xgboost,fine,0.8307749612533645,0.6118524353904388,0.5820088685655445,0.8301054575061526,0.6136580466952882,0.5844761551980255,0.5440985989558067,0.8292850353786039,0.9125296486686285,0.3511486985982709,38.8,38,5,105,700706
9,32,800,logistic_regression,coarse,0.9917369053497472,0.9856297851564513,0.987170464192175,0.9921123318657047,0.9866517391663654,0.9885287385913022,0.9797372462490083,0.7177432475246395,0.8555628180720588,0.5906414387774616,5.0,5,5,105,700706
9,32,800,logistic_regression,fine,0.7193887307943703,0.5457193381133753,0.5774399386818837,0.7174829432453826,0.5465195742081038,0.5776343761831069,0.4753058275699432,0.7177432475246395,0.8555628180720588,0.5906414387774616,39.0,39,5,105,700706
9,32,800,xgboost,coarse,0.9946282749113038,0.9867554838951124,0.9818443945881654,0.9947678917463761,0.9877813644554221,0.983673558893754,0.9807168946222478,0.8284287561402357,0.912192845501537,0.35283842296198403,5.0,5,5,105,700706
9,32,800,xgboost,fine,0.8297574160917703,0.6106921496937017,0.5793531215612342,0.8288604865978654,0.6130764480625713,0.5823221480159838,0.5402065393885656,0.8284287561402357,0.912192845501537,0.35283842296198403,39.0,39,5,105,700706
10,32,800,logistic_regression,coarse,0.9917126441046602,0.9857279753404414,0.9873616471472214,0.9922540654467994,0.9871191505861713,0.9889861069526964,0.9810192728785306,0.717997277032022,0.8557419231460841,0.5900877115366502,5.0,5,5,105,700706
10,32,800,logistic_regression,fine,0.719771202187508,0.5468449389849132,0.5785300709028981,0.719197710103351,0.5514341695007361,0.5832516745640751,0.4796900899365277,0.717997277032022,0.8557419231460841,0.5900877115366502,39.0,39,5,105,700706
10,32,800,xgboost,coarse,0.9945740438928737,0.9870180924369588,0.9822131331436553,0.9949198167015948,0.9881953142058066,0.9842624752102275,0.9822177856405124,0.8290452771918608,0.9123976389527134,0.3526985640197173,5.0,5,5,105,700706
10,32,800,xgboost,fine,0.8302212340125531,0.6095654661158103,0.5801902350848215,0.8290591871070837,0.6128230517922554,0.583087085303393,0.5431015938540575,0.8290452771918608,0.9123976389527134,0.3526985640197173,39.0,39,5,105,700706
11,32,800,logistic_regression,coarse,0.9920094875739611,0.9855188710121705,0.9872458774356797,0.9924414047532705,0.9865350411891127,0.9886556369654785,0.9788615937741383,0.7209928272342466,0.8573217583408733,0.58202441537535,5.0,5,5,105,700706
11,32,800,logistic_regression,fine,0.7226340291077856,0.5485946693707666,0.5801486025629538,0.7217315389543765,0.5520643498168053,0.5831625887967135,0.47937796792166376,0.7209928272342466,0.8573217583408733,0.58202441537535,39.0,39,5,105,700706
11,32,800,xgboost,coarse,0.9943927981207525,0.9875900973521425,0.9832413690388485,0.9947682110216716,0.9890334268627969,0.9858116946977951,0.982462649244959,0.8291437493042731,0.9124668548578149,0.3515996723304781,5.0,5,5,105,700706
11,32,800,xgboost,fine,0.8305409115948772,0.6093295594796269,0.5795234364590461,0.8296417929031669,0.6115320143864836,0.5820804043827735,0.5409839361478488,0.8291437493042731,0.9124668548578149,0.3515996723304781,39.0,39,5,105,700706
12,32,800,logistic_regression,coarse,0.9912816502213482,0.9845289810494593,0.9865944425006725,0.991785164069369,0.9857189586833319,0.9877863853491193,0.9794595956897352,0.7137915188395704,0.8534635068059928,0.5988103427114938,5.0,5,5,105,700706
12,32,800,logistic_regression,fine,0.7156453633906374,0.5369305844305643,0.5724472269992654,0.7151865605977521,0.5399067892474051,0.5744306550097459,0.4728975138167187,0.7137915188395704,0.8534635068059928,0.5988103427114938,38.8,38,5,105,700706
12,32,800,xgboost,coarse,0.9945112500820601,0.9866795882932264,0.9818446401086336,0.994709531208587,0.9875954602659004,0.9834333730518141,0.9809793210406641,0.8292607741335167,0.9125382114610122,0.3522276104386148,5.0,5,5,105,700706
12,32,800,xgboost,fine,0.8305651728399642,0.6079634610830867,0.5793705394720591,0.8296822447036996,0.6111316443349859,0.5830047120406336,0.5429873897640424,0.8292607741335167,0.9125382114610122,0.3522276104386148,38.8,38,5,105,700706
13,32,800,logistic_regression,coarse,0.9917012270481486,0.9850424317558609,0.9879389539367077,0.9921271805220503,0.9863654307584386,0.9888785361456037,0.9790079773739239,0.7147548329827346,0.8541349724420798,0.5956963405479616,5.0,5,5,105,700706
13,32,800,logistic_regression,fine,0.7165687178360111,0.5394015708555842,0.5747668002237779,0.7152718727786092,0.5436643526489277,0.5777056335879864,0.47472500903141485,0.7147548329827346,0.8541349724420798,0.5956963405479616,38.8,38,5,105,700706
13,32,800,xgboost,coarse,0.9944384663467988,0.9861691055538803,0.9812441658548898,0.9946997495271104,0.9877088343200924,0.9835909031210008,0.9798615075029057,0.8291637291531684,0.9124789854803583,0.35200212357251115,5.0,5,5,105,700706
13,32,800,xgboost,fine,0.830519504613918,0.6111380261611329,0.5805984206498694,0.8297602499630172,0.6148806080430528,0.5845181025281371,0.5419216855006272,0.8291637291531684,0.9124789854803583,0.35200212357251115,38.8,38,5,105,700706
14,32,800,logistic_regression,coarse,0.9911546354676569,0.9844882049028207,0.9865575865071671,0.9916837247763417,0.9860801739116208,0.9882200389284707,0.9774009050040949,0.7141012064974469,0.853621918465091,0.5978484557003936,5.0,5,5,105,700706
14,32,800,logistic_regression,fine,0.716089201462525,0.5395257233293481,0.5752752935585301,0.7151535362375647,0.5418392329522842,0.5772647944649916,0.4756224267908898,0.7141012064974469,0.853621918465091,0.5978484557003936,39.0,39,5,105,700706
14,32,800,xgboost,coarse,0.9943028888007238,0.987275085449529,0.9827238932207525,0.9947666812288706,0.9886050554330351,0.9851839125936452,0.9818383866978462,0.8281033700296558,0.911869600089053,0.3542227410640126,5.0,5,5,105,700706
14,32,800,xgboost,fine,0.8294363113773823,0.6056062863945797,0.57771323836919,0.8285846666240422,0.6082754738881447,0.5808507774427044,0.539850313136981,0.8281033700296558,0.911869600089053,0.3542227410640126,39.0,39,5,105,700706
15,32,800,logistic_regression,coarse,0.992444762853465,0.9856348823560197,0.9882296713518354,0.9926961343997605,0.986720461794927,0.9897082279153775,0.9792491020671034,0.7131450280146024,0.8536047928803235,0.5982195100370198,5.0,5,5,105,700706
15,32,800,logistic_regression,fine,0.7147648229071822,0.5424458055449364,0.580643166218679,0.7132011509057978,0.5450156673487765,0.583078754393141,0.4746350193112413,0.7131450280146024,0.8536047928803235,0.5982195100370198,39.0,39,5,105,700706
15,32,800,xgboost,coarse,0.9947224656275242,0.9879112607060829,0.9837639703674859,0.9949481619053042,0.9891115375130957,0.9860280562417231,0.9829402574356316,0.8299343804676997,0.9129706324763881,0.3499242192874044,5.0,5,5,105,700706
15,32,800,xgboost,fine,0.831218799325252,0.6140373802414371,0.5858381275113881,0.830407716603692,0.6167378708465038,0.5891635147531696,0.5438204231581784,0.8299343804676997,0.9129706324763881,0.3499242192874044,39.0,39,5,105,700706
16,32,800,logistic_regression,coarse,0.99150285569126,0.9839534221436059,0.9860906540722099,0.9920558976510462,0.9858429549997989,0.9881002656589246,0.9768381200058586,0.7174963536775766,0.8554201048656641,0.5889431516213648,5.0,5,5,105,700706
16,32,800,logistic_regression,fine,0.7193373540400682,0.5382147536204438,0.5759245809817092,0.7194165458786005,0.542988048580938,0.579910162735836,0.47608892002456954,0.7174963536775766,0.8554201048656641,0.5889431516213648,39.0,39,5,105,700706
16,32,800,xgboost,coarse,0.9942429492540381,0.9872884209034716,0.982814638244332,0.9947616110865602,0.9889874449211499,0.9856928461078391,0.982495422707649,0.8289396694191287,0.9122313780672636,0.3525301624361715,5.0,5,5,105,700706
16,32,800,xgboost,fine,0.8302198068804891,0.6093579333423814,0.5806587951241133,0.8295899208899281,0.6126021304788982,0.5843889577706322,0.5416985332661778,0.8289396694191287,0.9122313780672636,0.3525301624361715,39.0,39,5,105,700706
17,32,800,logistic_regression,coarse,0.9918995984050372,0.9856194226961993,0.9874568790575206,0.9922702384076033,0.9867871139292813,0.9887883824881749,0.9800790981251821,0.7205347178417196,0.8570898493804819,0.5842364700744678,5.0,5,5,105,700706
17,32,800,logistic_regression,fine,0.7222801003559267,0.539953070108335,0.574321109510567,0.7218476251753407,0.5448430465042998,0.5780509033294462,0.4767384753865995,0.7205347178417196,0.8570898493804819,0.5842364700744678,39.0,39,5,105,700706
17,32,800,xgboost,coarse,0.9944156322337756,0.9862842617002284,0.981779056956207,0.9946414515192216,0.9875575941536763,0.983930494642818,0.9799581015151877,0.8294605726224693,0.9126145630264333,0.3512314722579798,5.0,5,5,105,700706
17,32,800,xgboost,fine,0.830813493819091,0.6097339678400914,0.5813949744411587,0.8301426216361102,0.6136604461396932,0.5855483201580615,0.5427240817098489,0.8294605726224693,0.9126145630264333,0.3512314722579798,39.0,39,5,105,700706
18,32,800,logistic_regression,coarse,0.9915670766341376,0.984457959182064,0.986986488077467,0.9920723553583278,0.9862534703917014,0.9884238918809556,0.9788075140357259,0.7184197081229503,0.8558867770505747,0.588883212074679,5.0,5,5,105,700706
18,32,800,logistic_regression,fine,0.7202064774670118,0.5448430282143143,0.5798627375124886,0.7190711502761813,0.5460525275924731,0.5813347512954268,0.47715346636358635,0.7184197081229503,0.8558867770505747,0.588883212074679,39.0,39,5,105,700706
18,32,800,xgboost,coarse,0.994594023741769,0.9881009503067231,0.9841883674696671,0.9948244286311405,0.9893633038623995,0.9864069178508735,0.9820973861938062,0.8297945215254329,0.9128586026093682,0.35024675113385645,5.0,5,5,105,700706
18,32,800,xgboost,fine,0.8311231814769675,0.6116403977888178,0.5839093505385385,0.8305258215377053,0.6159089022763001,0.5881273969905585,0.5434744367090428,0.8297945215254329,0.9128586026093682,0.35024675113385645,39.0,39,5,105,700706
19,32,800,logistic_regression,coarse,0.9915870564830328,0.984954605401249,0.9868503198331713,0.9919407846255371,0.9859942657983002,0.9881071108522432,0.9787912240761305,0.7122787588517866,0.8528312873016644,0.5991642714633527,5.0,5,5,105,700706
19,32,800,logistic_regression,fine,0.7140755181202958,0.5395473918802447,0.5781704301526133,0.7143513901350927,0.5429645634911101,0.5806552060104565,0.47266285076082243,0.7122787588517866,0.8528312873016644,0.5991642714633527,39.0,39,5,105,700706
19,32,800,xgboost,coarse,0.9946197121189201,0.9875278163765214,0.9838169664294479,0.9948381715365643,0.9887348744736876,0.9859741331323526,0.9803998039326977,0.8302326510690646,0.9130698181548325,0.3493019897075236,5.0,5,5,105,700706
19,32,800,xgboost,fine,0.8315199241907447,0.6139183848025691,0.5843376039167923,0.8308579084353543,0.6171777054162225,0.5879931072492898,0.5458420030481159,0.8302326510690646,0.9130698181548325,0.3493019897075236,39.0,39,5,105,700706
0,32,1600,logistic_regression,coarse,0.992979937377445,0.9858356514468462,0.9898481032270645,0.9933342795308555,0.9875129844776745,0.9910109359686409,0.9798469571596771,0.7188664004589657,0.8565696597431733,0.5814021857954691,5.0,5,5,105,700706
0,32,1600,logistic_regression,fine,0.7201593821089016,0.5658234680309158,0.6205387134461242,0.718065933098998,0.5691329096862194,0.6229790720698135,0.5007123194934368,0.7188664004589657,0.8565696597431733,0.5814021857954691,39.0,39,5,105,700706
0,32,1600,xgboost,coarse,0.9948494803812156,0.9888365563363954,0.9847249922640472,0.9951818079554253,0.9901745910983151,0.9870985950125725,0.9842173246097666,0.8354217032535757,0.915635088039777,0.33911512103507035,5.0,5,5,105,700706
0,32,1600,xgboost,fine,0.8364206956983385,0.6267149921225675,0.5967839960614979,0.8358273907459997,0.6294771615525411,0.5998484982004693,0.556723012045798,0.8354217032535757,0.915635088039777,0.33911512103507035,39.0,39,5,105,700706
1,32,1600,logistic_regression,coarse,0.9930113342828518,0.9862794252076625,0.9905054420751911,0.9933921159322894,0.9877081054621737,0.9917775677573447,0.9799471365838751,0.7265172554537852,0.8604057907310627,0.5664943642554795,5.0,5,5,105,700706
1,32,1600,logistic_regression,fine,0.7278002471792735,0.5753374233724857,0.6286406361419765,0.7271321716879198,0.579876684905245,0.6330890468741561,0.5024949428205135,0.7265172554537852,0.8604057907310627,0.5664943642554795,39.0,39,5,105,700706
1,32,1600,xgboost,coarse,0.9951377610581328,0.9893450238111461,0.9865111154515093,0.9953890815489452,0.9903214565296459,0.9881708951085798,0.9844372113844218,0.8357313909114522,0.915902675301767,0.33830736428687636,5.0,5,5,105,700706
1,32,1600,xgboost,fine,0.8366675895454013,0.6264550164207027,0.5967142601105649,0.8361486081146057,0.6292418820629957,0.6005230061749531,0.5576878084834344,0.8357313909114522,0.915902675301767,0.33830736428687636,39.0,39,5,105,700706
2,32,1600,logistic_regression,coarse,0.9930013443584043,0.9865941642682877,0.9904360290116987,0.9934354151830728,0.9882502306486225,0.9918163439336907,0.9807350948932116,0.7227910136348198,0.8585355341612602,0.5733531609548085,5.0,5,5,105,700706
2,32,1600,logistic_regression,fine,0.7240697239641162,0.5741647576084399,0.6284279822895832,0.7237138393020603,0.5778814063314278,0.6313607185977217,0.5031595261012886,0.7227910136348198,0.8585355341612602,0.5733531609548085,39.0,39,5,105,700706
2,32,1600,xgboost,coarse,0.9949764951349068,0.9897176856565446,0.9867411168991342,0.9953979403894757,0.9909456059789935,0.9888697265436399,0.9853865719913724,0.8353674722351457,0.9156771884356635,0.33897526209280354,5.0,5,5,105,700706
2,32,1600,xgboost,fine,0.8363778817364201,0.6272932644081383,0.5975835340651638,0.8357491710479936,0.6299807440241993,0.6013070712464168,0.5565523258547485,0.8353674722351457,0.9156771884356635,0.33897526209280354,39.0,39,5,105,700706
3,32,1600,logistic_regression,coarse,0.9929642389247416,0.9867930918458926,0.9896048686979523,0.9933421772161993,0.988261734365056,0.9907226756085604,0.982035981780005,0.7257052173093994,0.8599890681683902,0.5684809320884936,5.0,5,5,105,700706
3,32,1600,logistic_regression,fine,0.7270138974120387,0.5698326453698959,0.6213747102869213,0.7263629338170958,0.5747799355765766,0.6257615575948418,0.5015271056768438,0.7257052173093994,0.8599890681683902,0.5684809320884936,39.0,39,5,105,700706
3,32,1600,xgboost,coarse,0.99483663619264,0.9891847993098223,0.9856907492924855,0.9951101370603057,0.9902630063934754,0.9876243613966278,0.9841598101500737,0.8347309713346254,0.9152968577406216,0.3404937306088431,5.0,5,5,105,700706
3,32,1600,xgboost,fine,0.8357570792886032,0.6276293754439856,0.5970030916059765,0.8352963295264995,0.6316843006748728,0.6015577320325752,0.5548229967657535,0.8347309713346254,0.9152968577406216,0.3404937306088431,39.0,39,5,105,700706
4,32,1600,logistic_regression,coarse,0.9927244807379986,0.9865384744029125,0.9901205793692893,0.9930925661360557,0.9875740474455308,0.9911763270444547,0.9804901858837278,0.7225598182404603,0.8583064794649967,0.5748373783013132,5.0,5,5,105,700706
4,32,1600,logistic_regression,fine,0.723888478191995,0.5685513971618985,0.6226747023796274,0.7233106553333912,0.5726556859125908,0.6261770326783176,0.500339250897835,0.7225598182404603,0.8583064794649967,0.5748373783013132,39.0,39,5,105,700706
4,32,1600,xgboost,coarse,0.9948594703056631,0.9892347930046675,0.985770788063457,0.9951862612392188,0.9905340144432598,0.9879679437663553,0.9845842841311334,0.8349949907664556,0.9154502744374959,0.340065590989659,5.0,5,5,105,700706
4,32,1600,xgboost,fine,0.8360410785693286,0.6234507680121091,0.5944371447679214,0.8354177806233679,0.6258817091964606,0.597972921423084,0.5564079433037311,0.8349949907664556,0.9154502744374959,0.340065590989659,39.0,39,5,105,700706
5,32,1600,logistic_regression,coarse,0.9929999172263403,0.986291509631916,0.9908071429764751,0.9933827383055457,0.9876089287055005,0.9919228678159993,0.9798138068915777,0.7160149905951997,0.85520532149004,0.5869537295242228,5.0,5,5,105,700706
5,32,1600,logistic_regression,fine,0.7174107257537398,0.5616374857255683,0.6187697027460206,0.7169210023614023,0.5677309057163109,0.6231847128885976,0.4986094828804186,0.7160149905951997,0.85520532149004,0.5869537295242228,39.0,39,5,105,700706
5,32,1600,xgboost,coarse,0.9952619215476962,0.989786857315934,0.9872316187560382,0.9954464300985176,0.9906938269407768,0.9887772812083433,0.9850258581427875,0.8353546280465701,0.9157770876801398,0.33897240782867566,5.0,5,5,105,700706
5,32,1600,xgboost,fine,0.8362922538125833,0.6275929879062443,0.5988831207470541,0.8356859101875794,0.6320762270204938,0.6033745725496181,0.5574746641040528,0.8353546280465701,0.9157770876801398,0.33897240782867566,39.0,39,5,105,700706
6,32,1600,logistic_regression,coarse,0.9931326405082873,0.9869081273836695,0.9901306795688865,0.9934350282451316,0.9880138425728809,0.9911399049980799,0.9807356281300994,0.7179359103532723,0.8561443743881171,0.5835257583066222,5.0,5,5,105,700706
6,32,1600,logistic_regression,fine,0.7191561082679468,0.5670324985708094,0.622801139181264,0.7180554812963368,0.5709345868290415,0.6254049484697705,0.49771112832491665,0.7179359103532723,0.8561443743881171,0.5835257583066222,39.0,39,5,105,700706
6,32,1600,xgboost,coarse,0.9950878114358946,0.9888951195901321,0.9852394604475865,0.9952530580874265,0.9898955233032053,0.9870657820837655,0.9832231837696849,0.8350006992947113,0.9155580229083239,0.33976589325623013,5.0,5,5,105,700706
6,32,1600,xgboost,fine,0.8360282343807531,0.6251030964977493,0.5961917002404363,0.8353296809154553,0.6274661972071917,0.5991189427648275,0.5562943297649208,0.8350006992947113,0.9155580229083239,0.33976589325623013,39.0,39,5,105,700706
7,32,1600,logistic_regression,coarse,0.9933267304689841,0.9872824653936887,0.9902680419819234,0.9937653638599774,0.9887372221873626,0.9916337314551977,0.9823466983493317,0.7189534555148664,0.8567366341946551,0.5809968802893082,5.0,5,5,105,700706
7,32,1600,logistic_regression,fine,0.7201465379203261,0.5729052485384027,0.6284909613593604,0.7200899650668349,0.5781687568121393,0.6329110623065098,0.5026285624527802,0.7189534555148664,0.8567366341946551,0.5809968802893082,39.0,39,5,105,700706
7,32,1600,xgboost,coarse,0.995159168039092,0.9891594256994946,0.9855579086424349,0.9954577342640731,0.9904275661315076,0.9876392332053406,0.9841354777593165,0.8356643157044467,0.9159005346036712,0.338290238702109,5.0,5,5,105,700706
7,32,1600,xgboost,fine,0.8366419011682503,0.6278491523083297,0.5985030510253848,0.836285481035385,0.6311511633564548,0.6025544127100477,0.5561741541897285,0.8356643157044467,0.9159005346036712,0.338290238702109,39.0,39,5,105,700706
8,32,1600,logistic_regression,coarse,0.9930470125844505,0.9872831494913357,0.9902404171473865,0.9934489871695176,0.9885465618055524,0.9914477956716301,0.9813776513929108,0.7217948754541847,0.8580217666182394,0.5754710249377056,5.0,5,5,105,700706
8,32,1600,logistic_regression,fine,0.7229965206520281,0.5728277581514037,0.626572545076687,0.7223305309087327,0.5755313144380936,0.6281448188628261,0.5004554812283712,0.7217948754541847,0.8580217666182394,0.5754710249377056,39.0,39,5,105,700706
8,32,1600,xgboost,coarse,0.9948594703056631,0.9883071746634376,0.9843261494430873,0.9951546535917476,0.9892611414928302,0.9860176396828779,0.9839025533931071,0.8349664481251766,0.9154438523432081,0.3399228777832643,5.0,5,5,105,700706
8,32,1600,xgboost,fine,0.8360282343807531,0.6257305503959387,0.5955328643296394,0.8354789530089312,0.6291142340207541,0.5989972787203154,0.5556827434228127,0.8349664481251766,0.9154438523432081,0.3399228777832643,39.0,39,5,105,700706
9,32,1600,logistic_regression,coarse,0.9929199978307592,0.9868036993698442,0.9898755707644173,0.9932935485822002,0.9879377958270972,0.9910728773639175,0.9813490935274908,0.7295170870522016,0.8619228321150383,0.5592445333706291,5.0,5,5,105,700706
9,32,1600,logistic_regression,fine,0.7309256663993172,0.5755701249805438,0.625018837654877,0.7285721921306791,0.5784328406237983,0.6277524068740492,0.5030640543213197,0.7295170870522016,0.8619228321150383,0.5592445333706291,39.0,39,5,105,700706
9,32,1600,xgboost,coarse,0.9950892385679586,0.9893501248911212,0.9860429659944326,0.9952794406325629,0.9902209323968417,0.9875885972515739,0.9839952726806173,0.8350506489169495,0.9155615907384838,0.3391978946947793,5.0,5,5,105,700706
9,32,1600,xgboost,fine,0.8360339429090089,0.6246224442421773,0.5940128193955184,0.8353488982557482,0.6261414591212828,0.5966002130008989,0.5556704157325817,0.8350506489169495,0.9155615907384838,0.3391978946947793,39.0,39,5,105,700706
10,32,1600,logistic_regression,coarse,0.9932953335635774,0.9874056610280155,0.9907320514308544,0.9936514064251195,0.9885679755635415,0.9920390060693769,0.9819540822627133,0.7205076023325047,0.8574972955847389,0.5797581296578023,5.0,5,5,105,700706
10,32,1600,logistic_regression,fine,0.7216992576059004,0.5661417442479476,0.619034859753497,0.7211880447196838,0.5714015691246083,0.6231046000640251,0.5000037797337974,0.7205076023325047,0.8574972955847389,0.5797581296578023,39.0,39,5,105,700706
10,32,1600,xgboost,coarse,0.9950007563799939,0.9888189909697418,0.9853800855896422,0.9953576908851263,0.9899449711142493,0.9874502241557689,0.9846110533690307,0.8354716528758138,0.9157299923220295,0.33900665899821036,5.0,5,5,105,700706
10,32,1600,xgboost,fine,0.836459228264065,0.6279603562476864,0.5966500501228867,0.835120184716876,0.6282245499996714,0.5975525743511592,0.5578043461130657,0.8354716528758138,0.9157299923220295,0.33900665899821036,39.0,39,5,105,700706
11,32,1600,logistic_regression,coarse,0.9933167405445366,0.9871544813689519,0.9902783937211748,0.9936005608896415,0.9882646949048436,0.9913616586958852,0.9818602168605154,0.7237457649856003,0.8591170904773185,0.572288520435104,5.0,5,5,105,700706
11,32,1600,logistic_regression,fine,0.7249174404101006,0.5704268308493828,0.6216960139544295,0.7237114598075705,0.5751525279540461,0.6253505806197579,0.5020801522205797,0.7237457649856003,0.8591170904773185,0.572288520435104,39.0,39,5,105,700706
11,32,1600,xgboost,coarse,0.9949522338898197,0.9893239870375691,0.9859604692425938,0.9952616815088035,0.99048478408963,0.9880587915996226,0.9847216697931305,0.8353503466503783,0.9156493593604165,0.33912653809158194,5.0,5,5,105,700706
11,32,1600,xgboost,fine,0.8363464848310133,0.6248462935964099,0.5954258011183031,0.8357630137941547,0.6279260512376628,0.5992935982677459,0.5553887976714736,0.8353503466503783,0.9156493593604165,0.33912653809158194,39.0,39,5,105,700706
12,32,1600,logistic_regression,coarse,0.9925532248903249,0.9861711305410802,0.9899213493567585,0.9929761062516038,0.9875031769804314,0.9909513020572127,0.9801945880286846,0.7156767602960443,0.8547864582292716,0.5899421440661275,5.0,5,5,105,700706
12,32,1600,logistic_regression,fine,0.7170196915682183,0.5649767774878394,0.6200575042661893,0.7168386641545746,0.5676523582857502,0.6214369180931631,0.4967822548820626,0.7156767602960443,0.8547864582292716,0.5899421440661275,39.0,39,5,105,700706
12,32,1600,xgboost,coarse,0.9949251183806047,0.9891176562645001,0.9857503810387535,0.9951577389448175,0.9902380064081159,0.9877376771162039,0.9839268222137675,0.8350720558979087,0.9155030783238619,0.34005702819727535,5.0,5,5,105,700706
12,32,1600,xgboost,fine,0.8360810382671192,0.6202040130590306,0.593255478867996,0.8356093365157968,0.6244463843492052,0.5980095730322111,0.5551550382701906,0.8350720558979087,0.9155030783238619,0.34005702819727535,39.0,39,5,105,700706
13,32,1600,logistic_regression,coarse,0.9928329427748585,0.986776449353014,0.9908768764617303,0.9932027618613273,0.9879848771815312,0.9915648798942925,0.9818219244356529,0.7201822162219248,0.8571890350589263,0.5797438583371628,5.0,5,5,105,700706
13,32,1600,logistic_regression,fine,0.721545127342994,0.5640558570422485,0.6175364386257918,0.7203010528403755,0.5697117247944066,0.6218318474320937,0.49813886782797295,0.7201822162219248,0.8571890350589263,0.5797438583371628,39.0,39,5,105,700706
13,32,1600,xgboost,coarse,0.9950421432098484,0.9888901121010862,0.9857062134105865,0.9952862190769722,0.9900730333499057,0.9876057865612526,0.9834249663980422,0.8351990706515999,0.9155908469457946,0.33962888857809126,5.0,5,5,105,700706
13,32,1600,xgboost,fine,0.836139550681741,0.6241584611033536,0.5961742200783731,0.8353196806374029,0.6268243413566229,0.6000243561018497,0.5538630046985008,0.8351990706515999,0.9155908469457946,0.33962888857809126,39.0,39,5,105,700706
14,32,1600,logistic_regression,coarse,0.9929071536421837,0.9865302666576742,0.9899183274962942,0.9933471949284677,0.9881347587176338,0.9911375566705539,0.9804753419696537,0.7205875217280857,0.857409526962806,0.5786792178174583,5.0,5,5,105,700706
14,32,1600,logistic_regression,fine,0.7219119002834284,0.5643350921289447,0.6193255386049378,0.7203150131041973,0.5673405800976722,0.6215849535308763,0.49747875164447725,0.7205875217280857,0.857409526962806,0.5786792178174583,39.0,39,5,105,700706
14,32,1600,xgboost,coarse,0.9949308269088605,0.9889658713034313,0.9854734035291847,0.9952839530092662,0.9900978772651694,0.9876148855090889,0.9845643296102824,0.8349321969556419,0.9154424252111442,0.3400513196690195,5.0,5,5,105,700706
14,32,1600,xgboost,fine,0.8359540235134278,0.6240734713147408,0.5952054831969731,0.8353360827185075,0.6278666167684174,0.5994385505292315,0.5548945595471874,0.8349321969556419,0.9154424252111442,0.3400513196690195,39.0,39,5,105,700706
15,32,1600,logistic_regression,coarse,0.9934879963922102,0.987085761475796,0.9907412929872871,0.9937869268825834,0.9884075891344594,0.9917319771005804,0.9812283767114266,0.7163689193470585,0.8555121548837886,0.5857577928546351,5.0,5,5,105,700706
15,32,1600,logistic_regression,fine,0.7175363133753672,0.5739174372134291,0.6304712346652424,0.7163481152420957,0.5781833857268864,0.6332823168161543,0.5013752603472011,0.7163689193470585,0.8555121548837886,0.5857577928546351,39.0,39,5,105,700706
15,32,1600,xgboost,coarse,0.995106364152726,0.9894755904533273,0.9861910078500433,0.9953372289645637,0.9904892339773703,0.9880829632344506,0.9848355888070586,0.8353389295938668,0.9157720927179159,0.3383473239846669,5.0,5,5,105,700706
15,32,1600,xgboost,fine,0.8364378212831058,0.630494180189569,0.6008010750620552,0.8358023805227682,0.6352392399428485,0.6053991458994423,0.5583107428610218,0.8353389295938668,0.9157720927179159,0.3383473239846669,39.0,39,5,105,700706
16,32,1600,logistic_regression,coarse,0.9930769823577934,0.985738642045656,0.9900134287739337,0.9935562758325456,0.9873735488768147,0.9913660089760576,0.9783626140402005,0.7262075677959087,0.8602645046567319,0.56637163089798,5.0,5,5,105,700706
16,32,1600,logistic_regression,fine,0.7274520269556705,0.5701723793062361,0.6235637438212935,0.7270530993166113,0.5752935448221043,0.6275973574146165,0.501547247497836,0.7262075677959087,0.8602645046567319,0.56637163089798,39.0,39,5,105,700706
16,32,1600,xgboost,coarse,0.9947110485710127,0.9888247063163929,0.9851627602013291,0.9951571553424667,0.9902504481700246,0.9876229901272058,0.9841497898828303,0.835494486988837,0.9156564950207362,0.33866700156699103,5.0,5,5,105,700706
16,32,1600,xgboost,fine,0.8366019414704597,0.6269126441891222,0.5987705898967344,0.8361883325756321,0.6305938659569441,0.6031717817072436,0.5576137564533288,0.835494486988837,0.9156564950207362,0.33866700156699103,39.0,39,5,105,700706
17,32,1600,logistic_regression,coarse,0.9932682180543623,0.9874901277402447,0.9900568861377798,0.9936416364615392,0.988624129601552,0.9914074080636558,0.9817253317219184,0.7234731827613864,0.8589394125353572,0.5726767003564975,5.0,5,5,105,700706
17,32,1600,logistic_regression,fine,0.724610607016352,0.5775921758378548,0.6306902240844764,0.7234990806932146,0.5813260068391104,0.6337248757946521,0.5043560422100571,0.7234731827613864,0.8589394125353572,0.5726767003564975,39.0,39,5,105,700706
17,32,1600,xgboost,coarse,0.994917982720285,0.9889107798960491,0.9854348681055066,0.9951611410649659,0.99009698662095,0.9875600243134137,0.9843750481874075,0.8356657428365106,0.9158512985474649,0.33816465108048166,5.0,5,5,105,700706
17,32,1600,xgboost,fine,0.836784614374645,0.6276539349443127,0.5990833378990638,0.8364175014887683,0.6296873732333197,0.60226054510294,0.5567468342977757,0.8356657428365106,0.9158512985474649,0.33816465108048166,39.0,39,5,105,700706
18,32,1600,logistic_regression,coarse,0.9930998164708166,0.9859618280652601,0.9900760200737029,0.9934956949095097,0.9878116828344415,0.9911034486076533,0.9801130808541808,0.7213253490051462,0.8578547921667575,0.5766669616072932,5.0,5,5,105,700706
18,32,1600,logistic_regression,fine,0.7226097678626985,0.5669583527903101,0.6209926542711997,0.7207406762116562,0.5703164093217844,0.6244341784032773,0.49758295268729047,0.7213253490051462,0.8578547921667575,0.5766669616072932,39.0,39,5,105,700706
18,32,1600,xgboost,coarse,0.9949465253615639,0.9894409160896936,0.9864780569348512,0.9951875089135201,0.9905742689470616,0.9883384531581397,0.9845341911152896,0.8355116125736043,0.9157513993029887,0.3383130728151322,5.0,5,5,105,700706
18,32,1600,xgboost,fine,0.8365562732444135,0.6259503996829039,0.5972633605482078,0.8359870640993983,0.6292020481102824,0.6010832540601624,0.5565846218846361,0.8355116125736043,0.9157513993029887,0.3383130728151322,39.0,39,5,105,700706
19,32,1600,logistic_regression,coarse,0.9929456862079103,0.9866480449064022,0.9904788715788989,0.9932653280672358,0.9878480699310856,0.9913886466806939,0.9816826761543618,0.7172309071136825,0.8557340739197323,0.5843192437341767,5.0,5,5,105,700706
19,32,1600,logistic_regression,fine,0.7185224616315544,0.5708233226699522,0.6279152336586721,0.7182873855039429,0.5743338381474788,0.6294739943607521,0.49907728044696,0.7172309071136825,0.8557340739197323,0.5843192437341767,39.0,39,5,105,700706
19,32,1600,xgboost,coarse,0.9951234897374933,0.9895610796239536,0.986535106842639,0.9952977810980465,0.9904265113454344,0.9880638228133881,0.9848702777200332,0.8355715521202901,0.9158377407928575,0.3383558867770506,5.0,5,5,105,700706
19,32,1600,xgboost,fine,0.8365519918482216,0.627466035674395,0.5982764020032244,0.8359081854636874,0.6309858554721166,0.6025731279899337,0.5560206282762746,0.8355715521202901,0.9158377407928575,0.3383558867770506,39.0,39,5,105,700706
