model,task,fold,stage,seed,patient_count,cell_count,validation_patients,validation_cells,test_patients,test_cells,preprocessing,selection,refit,sampling,supervision,ci_type,bootstrap_seed,bootstrap_replicates,prediction_metric,artifact_source,config_source,log_source,checkpoint_source,manifest_source,details
logistic_regression,coarse,0,final_fit,unavailable / not applicable; see details,32,294812,0,0,8,66980,"provided apt_expression, train-only mean/std; source evidence, original scaler unavailable",fixed recipe in surviving source; original search history unavailable,no separate selection stage in surviving source,all fit cells; LR class_weight=balanced,coarse labels only,P,42,2000,subject-normalized pooled fixed-class Macro-F1,/home/mayiling/projs/apt_agent/cell_JEPA/outputs/classical_baselines_kfold5/coarse/logistic_regression/pooled_oof_predictions.csv,unavailable,unavailable,unavailable,/home/mayiling/projs/apt_agent/cell_JEPA/outputs/classical_baselines_kfold5/fold_assignment.json,"{""input_features_status"": ""current keyed matrix and surviving source; original estimator feature snapshot unavailable"", ""seed_status"": ""unavailable original CLI; source default 42, LR lbfgs has no RNG seed"", ""test"": {""cell_count"": 66980, ""patient_count"": 8}, ""validation"": {""cell_count"": 0, ""patient_count"": 0}}"
logistic_regression,coarse,1,final_fit,unavailable / not applicable; see details,32,293411,0,0,8,68381,"provided apt_expression, train-only mean/std; source evidence, original scaler unavailable",fixed recipe in surviving source; original search history unavailable,no separate selection stage in surviving source,all fit cells; LR class_weight=balanced,coarse labels only,P,42,2000,subject-normalized pooled fixed-class Macro-F1,/home/mayiling/projs/apt_agent/cell_JEPA/outputs/classical_baselines_kfold5/coarse/logistic_regression/pooled_oof_predictions.csv,unavailable,unavailable,unavailable,/home/mayiling/projs/apt_agent/cell_JEPA/outputs/classical_baselines_kfold5/fold_assignment.json,"{""input_features_status"": ""current keyed matrix and surviving source; original estimator feature snapshot unavailable"", ""seed_status"": ""unavailable original CLI; source default 42, LR lbfgs has no RNG seed"", ""test"": {""cell_count"": 68381, ""patient_count"": 8}, ""validation"": {""cell_count"": 0, ""patient_count"": 0}}"
logistic_regression,coarse,2,final_fit,unavailable / not applicable; see details,32,275553,0,0,8,86239,"provided apt_expression, train-only mean/std; source evidence, original scaler unavailable",fixed recipe in surviving source; original search history unavailable,no separate selection stage in surviving source,all fit cells; LR class_weight=balanced,coarse labels only,P,42,2000,subject-normalized pooled fixed-class Macro-F1,/home/mayiling/projs/apt_agent/cell_JEPA/outputs/classical_baselines_kfold5/coarse/logistic_regression/pooled_oof_predictions.csv,unavailable,unavailable,unavailable,/home/mayiling/projs/apt_agent/cell_JEPA/outputs/classical_baselines_kfold5/fold_assignment.json,"{""input_features_status"": ""current keyed matrix and surviving source; original estimator feature snapshot unavailable"", ""seed_status"": ""unavailable original CLI; source default 42, LR lbfgs has no RNG seed"", ""test"": {""cell_count"": 86239, ""patient_count"": 8}, ""validation"": {""cell_count"": 0, ""patient_count"": 0}}"
logistic_regression,coarse,3,final_fit,unavailable / not applicable; see details,32,292943,0,0,8,68849,"provided apt_expression, train-only mean/std; source evidence, original scaler unavailable",fixed recipe in surviving source; original search history unavailable,no separate selection stage in surviving source,all fit cells; LR class_weight=balanced,coarse labels only,P,42,2000,subject-normalized pooled fixed-class Macro-F1,/home/mayiling/projs/apt_agent/cell_JEPA/outputs/classical_baselines_kfold5/coarse/logistic_regression/pooled_oof_predictions.csv,unavailable,unavailable,unavailable,/home/mayiling/projs/apt_agent/cell_JEPA/outputs/classical_baselines_kfold5/fold_assignment.json,"{""input_features_status"": ""current keyed matrix and surviving source; original estimator feature snapshot unavailable"", ""seed_status"": ""unavailable original CLI; source default 42, LR lbfgs has no RNG seed"", ""test"": {""cell_count"": 68849, ""patient_count"": 8}, ""validation"": {""cell_count"": 0, ""patient_count"": 0}}"
logistic_regression,coarse,4,final_fit,unavailable / not applicable; see details,32,290449,0,0,8,71343,"provided apt_expression, train-only mean/std; source evidence, original scaler unavailable",fixed recipe in surviving source; original search history unavailable,no separate selection stage in surviving source,all fit cells; LR class_weight=balanced,coarse labels only,P,42,2000,subject-normalized pooled fixed-class Macro-F1,/home/mayiling/projs/apt_agent/cell_JEPA/outputs/classical_baselines_kfold5/coarse/logistic_regression/pooled_oof_predictions.csv,unavailable,unavailable,unavailable,/home/mayiling/projs/apt_agent/cell_JEPA/outputs/classical_baselines_kfold5/fold_assignment.json,"{""input_features_status"": ""current keyed matrix and surviving source; original estimator feature snapshot unavailable"", ""seed_status"": ""unavailable original CLI; source default 42, LR lbfgs has no RNG seed"", ""test"": {""cell_count"": 71343, ""patient_count"": 8}, ""validation"": {""cell_count"": 0, ""patient_count"": 0}}"
logistic_regression,fine,0,final_fit,unavailable / not applicable; see details,32,294812,0,0,8,66980,"provided apt_expression, train-only mean/std; source evidence, original scaler unavailable",fixed recipe in surviving source; original search history unavailable,no separate selection stage in surviving source,all fit cells; LR class_weight=balanced,fine labels only,P,42,2000,subject-normalized pooled fixed-class Macro-F1,/home/mayiling/projs/apt_agent/cell_JEPA/outputs/classical_baselines_kfold5/fine/logistic_regression/pooled_oof_predictions.csv,unavailable,unavailable,unavailable,/home/mayiling/projs/apt_agent/cell_JEPA/outputs/classical_baselines_kfold5/fold_assignment.json,"{""input_features_status"": ""current keyed matrix and surviving source; original estimator feature snapshot unavailable"", ""seed_status"": ""unavailable original CLI; source default 42, LR lbfgs has no RNG seed"", ""test"": {""cell_count"": 66980, ""patient_count"": 8}, ""validation"": {""cell_count"": 0, ""patient_count"": 0}}"
logistic_regression,fine,1,final_fit,unavailable / not applicable; see details,32,293411,0,0,8,68381,"provided apt_expression, train-only mean/std; source evidence, original scaler unavailable",fixed recipe in surviving source; original search history unavailable,no separate selection stage in surviving source,all fit cells; LR class_weight=balanced,fine labels only,P,42,2000,subject-normalized pooled fixed-class Macro-F1,/home/mayiling/projs/apt_agent/cell_JEPA/outputs/classical_baselines_kfold5/fine/logistic_regression/pooled_oof_predictions.csv,unavailable,unavailable,unavailable,/home/mayiling/projs/apt_agent/cell_JEPA/outputs/classical_baselines_kfold5/fold_assignment.json,"{""input_features_status"": ""current keyed matrix and surviving source; original estimator feature snapshot unavailable"", ""seed_status"": ""unavailable original CLI; source default 42, LR lbfgs has no RNG seed"", ""test"": {""cell_count"": 68381, ""patient_count"": 8}, ""validation"": {""cell_count"": 0, ""patient_count"": 0}}"
logistic_regression,fine,2,final_fit,unavailable / not applicable; see details,32,275553,0,0,8,86239,"provided apt_expression, train-only mean/std; source evidence, original scaler unavailable",fixed recipe in surviving source; original search history unavailable,no separate selection stage in surviving source,all fit cells; LR class_weight=balanced,fine labels only,P,42,2000,subject-normalized pooled fixed-class Macro-F1,/home/mayiling/projs/apt_agent/cell_JEPA/outputs/classical_baselines_kfold5/fine/logistic_regression/pooled_oof_predictions.csv,unavailable,unavailable,unavailable,/home/mayiling/projs/apt_agent/cell_JEPA/outputs/classical_baselines_kfold5/fold_assignment.json,"{""input_features_status"": ""current keyed matrix and surviving source; original estimator feature snapshot unavailable"", ""seed_status"": ""unavailable original CLI; source default 42, LR lbfgs has no RNG seed"", ""test"": {""cell_count"": 86239, ""patient_count"": 8}, ""validation"": {""cell_count"": 0, ""patient_count"": 0}}"
logistic_regression,fine,3,final_fit,unavailable / not applicable; see details,32,292943,0,0,8,68849,"provided apt_expression, train-only mean/std; source evidence, original scaler unavailable",fixed recipe in surviving source; original search history unavailable,no separate selection stage in surviving source,all fit cells; LR class_weight=balanced,fine labels only,P,42,2000,subject-normalized pooled fixed-class Macro-F1,/home/mayiling/projs/apt_agent/cell_JEPA/outputs/classical_baselines_kfold5/fine/logistic_regression/pooled_oof_predictions.csv,unavailable,unavailable,unavailable,/home/mayiling/projs/apt_agent/cell_JEPA/outputs/classical_baselines_kfold5/fold_assignment.json,"{""input_features_status"": ""current keyed matrix and surviving source; original estimator feature snapshot unavailable"", ""seed_status"": ""unavailable original CLI; source default 42, LR lbfgs has no RNG seed"", ""test"": {""cell_count"": 68849, ""patient_count"": 8}, ""validation"": {""cell_count"": 0, ""patient_count"": 0}}"
logistic_regression,fine,4,final_fit,unavailable / not applicable; see details,32,290449,0,0,8,71343,"provided apt_expression, train-only mean/std; source evidence, original scaler unavailable",fixed recipe in surviving source; original search history unavailable,no separate selection stage in surviving source,all fit cells; LR class_weight=balanced,fine labels only,P,42,2000,subject-normalized pooled fixed-class Macro-F1,/home/mayiling/projs/apt_agent/cell_JEPA/outputs/classical_baselines_kfold5/fine/logistic_regression/pooled_oof_predictions.csv,unavailable,unavailable,unavailable,/home/mayiling/projs/apt_agent/cell_JEPA/outputs/classical_baselines_kfold5/fold_assignment.json,"{""input_features_status"": ""current keyed matrix and surviving source; original estimator feature snapshot unavailable"", ""seed_status"": ""unavailable original CLI; source default 42, LR lbfgs has no RNG seed"", ""test"": {""cell_count"": 71343, ""patient_count"": 8}, ""validation"": {""cell_count"": 0, ""patient_count"": 0}}"
xgboost,coarse,0,final_fit,unavailable / not applicable; see details,32,294812,0,0,8,66980,"provided apt_expression, train-only mean/std; source evidence, original scaler unavailable",fixed recipe in surviving source; original search history unavailable,no separate selection stage in surviving source,all fit cells; no sample weights; tree subsample=.8,coarse labels only,P,42,2000,subject-normalized pooled fixed-class Macro-F1,/home/mayiling/projs/apt_agent/cell_JEPA/outputs/classical_baselines_kfold5/coarse/xgboost/pooled_oof_predictions.csv,unavailable,unavailable,unavailable,/home/mayiling/projs/apt_agent/cell_JEPA/outputs/classical_baselines_kfold5/fold_assignment.json,"{""input_features_status"": ""current keyed matrix and surviving source; original estimator feature snapshot unavailable"", ""seed_status"": ""unavailable original CLI; source default 42, LR lbfgs has no RNG seed"", ""test"": {""cell_count"": 66980, ""patient_count"": 8}, ""validation"": {""cell_count"": 0, ""patient_count"": 0}}"
xgboost,coarse,1,final_fit,unavailable / not applicable; see details,32,293411,0,0,8,68381,"provided apt_expression, train-only mean/std; source evidence, original scaler unavailable",fixed recipe in surviving source; original search history unavailable,no separate selection stage in surviving source,all fit cells; no sample weights; tree subsample=.8,coarse labels only,P,42,2000,subject-normalized pooled fixed-class Macro-F1,/home/mayiling/projs/apt_agent/cell_JEPA/outputs/classical_baselines_kfold5/coarse/xgboost/pooled_oof_predictions.csv,unavailable,unavailable,unavailable,/home/mayiling/projs/apt_agent/cell_JEPA/outputs/classical_baselines_kfold5/fold_assignment.json,"{""input_features_status"": ""current keyed matrix and surviving source; original estimator feature snapshot unavailable"", ""seed_status"": ""unavailable original CLI; source default 42, LR lbfgs has no RNG seed"", ""test"": {""cell_count"": 68381, ""patient_count"": 8}, ""validation"": {""cell_count"": 0, ""patient_count"": 0}}"
xgboost,coarse,2,final_fit,unavailable / not applicable; see details,32,275553,0,0,8,86239,"provided apt_expression, train-only mean/std; source evidence, original scaler unavailable",fixed recipe in surviving source; original search history unavailable,no separate selection stage in surviving source,all fit cells; no sample weights; tree subsample=.8,coarse labels only,P,42,2000,subject-normalized pooled fixed-class Macro-F1,/home/mayiling/projs/apt_agent/cell_JEPA/outputs/classical_baselines_kfold5/coarse/xgboost/pooled_oof_predictions.csv,unavailable,unavailable,unavailable,/home/mayiling/projs/apt_agent/cell_JEPA/outputs/classical_baselines_kfold5/fold_assignment.json,"{""input_features_status"": ""current keyed matrix and surviving source; original estimator feature snapshot unavailable"", ""seed_status"": ""unavailable original CLI; source default 42, LR lbfgs has no RNG seed"", ""test"": {""cell_count"": 86239, ""patient_count"": 8}, ""validation"": {""cell_count"": 0, ""patient_count"": 0}}"
xgboost,coarse,3,final_fit,unavailable / not applicable; see details,32,292943,0,0,8,68849,"provided apt_expression, train-only mean/std; source evidence, original scaler unavailable",fixed recipe in surviving source; original search history unavailable,no separate selection stage in surviving source,all fit cells; no sample weights; tree subsample=.8,coarse labels only,P,42,2000,subject-normalized pooled fixed-class Macro-F1,/home/mayiling/projs/apt_agent/cell_JEPA/outputs/classical_baselines_kfold5/coarse/xgboost/pooled_oof_predictions.csv,unavailable,unavailable,unavailable,/home/mayiling/projs/apt_agent/cell_JEPA/outputs/classical_baselines_kfold5/fold_assignment.json,"{""input_features_status"": ""current keyed matrix and surviving source; original estimator feature snapshot unavailable"", ""seed_status"": ""unavailable original CLI; source default 42, LR lbfgs has no RNG seed"", ""test"": {""cell_count"": 68849, ""patient_count"": 8}, ""validation"": {""cell_count"": 0, ""patient_count"": 0}}"
xgboost,coarse,4,final_fit,unavailable / not applicable; see details,32,290449,0,0,8,71343,"provided apt_expression, train-only mean/std; source evidence, original scaler unavailable",fixed recipe in surviving source; original search history unavailable,no separate selection stage in surviving source,all fit cells; no sample weights; tree subsample=.8,coarse labels only,P,42,2000,subject-normalized pooled fixed-class Macro-F1,/home/mayiling/projs/apt_agent/cell_JEPA/outputs/classical_baselines_kfold5/coarse/xgboost/pooled_oof_predictions.csv,unavailable,unavailable,unavailable,/home/mayiling/projs/apt_agent/cell_JEPA/outputs/classical_baselines_kfold5/fold_assignment.json,"{""input_features_status"": ""current keyed matrix and surviving source; original estimator feature snapshot unavailable"", ""seed_status"": ""unavailable original CLI; source default 42, LR lbfgs has no RNG seed"", ""test"": {""cell_count"": 71343, ""patient_count"": 8}, ""validation"": {""cell_count"": 0, ""patient_count"": 0}}"
xgboost,fine,0,final_fit,unavailable / not applicable; see details,32,294812,0,0,8,66980,"provided apt_expression, train-only mean/std; source evidence, original scaler unavailable",fixed recipe in surviving source; original search history unavailable,no separate selection stage in surviving source,all fit cells; no sample weights; tree subsample=.8,fine labels only,P,42,2000,subject-normalized pooled fixed-class Macro-F1,/home/mayiling/projs/apt_agent/cell_JEPA/outputs/classical_baselines_kfold5/fine/xgboost/pooled_oof_predictions.csv,unavailable,unavailable,unavailable,/home/mayiling/projs/apt_agent/cell_JEPA/outputs/classical_baselines_kfold5/fold_assignment.json,"{""input_features_status"": ""current keyed matrix and surviving source; original estimator feature snapshot unavailable"", ""seed_status"": ""unavailable original CLI; source default 42, LR lbfgs has no RNG seed"", ""test"": {""cell_count"": 66980, ""patient_count"": 8}, ""validation"": {""cell_count"": 0, ""patient_count"": 0}}"
xgboost,fine,1,final_fit,unavailable / not applicable; see details,32,293411,0,0,8,68381,"provided apt_expression, train-only mean/std; source evidence, original scaler unavailable",fixed recipe in surviving source; original search history unavailable,no separate selection stage in surviving source,all fit cells; no sample weights; tree subsample=.8,fine labels only,P,42,2000,subject-normalized pooled fixed-class Macro-F1,/home/mayiling/projs/apt_agent/cell_JEPA/outputs/classical_baselines_kfold5/fine/xgboost/pooled_oof_predictions.csv,unavailable,unavailable,unavailable,/home/mayiling/projs/apt_agent/cell_JEPA/outputs/classical_baselines_kfold5/fold_assignment.json,"{""input_features_status"": ""current keyed matrix and surviving source; original estimator feature snapshot unavailable"", ""seed_status"": ""unavailable original CLI; source default 42, LR lbfgs has no RNG seed"", ""test"": {""cell_count"": 68381, ""patient_count"": 8}, ""validation"": {""cell_count"": 0, ""patient_count"": 0}}"
xgboost,fine,2,final_fit,unavailable / not applicable; see details,32,275553,0,0,8,86239,"provided apt_expression, train-only mean/std; source evidence, original scaler unavailable",fixed recipe in surviving source; original search history unavailable,no separate selection stage in surviving source,all fit cells; no sample weights; tree subsample=.8,fine labels only,P,42,2000,subject-normalized pooled fixed-class Macro-F1,/home/mayiling/projs/apt_agent/cell_JEPA/outputs/classical_baselines_kfold5/fine/xgboost/pooled_oof_predictions.csv,unavailable,unavailable,unavailable,/home/mayiling/projs/apt_agent/cell_JEPA/outputs/classical_baselines_kfold5/fold_assignment.json,"{""input_features_status"": ""current keyed matrix and surviving source; original estimator feature snapshot unavailable"", ""seed_status"": ""unavailable original CLI; source default 42, LR lbfgs has no RNG seed"", ""test"": {""cell_count"": 86239, ""patient_count"": 8}, ""validation"": {""cell_count"": 0, ""patient_count"": 0}}"
xgboost,fine,3,final_fit,unavailable / not applicable; see details,32,292943,0,0,8,68849,"provided apt_expression, train-only mean/std; source evidence, original scaler unavailable",fixed recipe in surviving source; original search history unavailable,no separate selection stage in surviving source,all fit cells; no sample weights; tree subsample=.8,fine labels only,P,42,2000,subject-normalized pooled fixed-class Macro-F1,/home/mayiling/projs/apt_agent/cell_JEPA/outputs/classical_baselines_kfold5/fine/xgboost/pooled_oof_predictions.csv,unavailable,unavailable,unavailable,/home/mayiling/projs/apt_agent/cell_JEPA/outputs/classical_baselines_kfold5/fold_assignment.json,"{""input_features_status"": ""current keyed matrix and surviving source; original estimator feature snapshot unavailable"", ""seed_status"": ""unavailable original CLI; source default 42, LR lbfgs has no RNG seed"", ""test"": {""cell_count"": 68849, ""patient_count"": 8}, ""validation"": {""cell_count"": 0, ""patient_count"": 0}}"
xgboost,fine,4,final_fit,unavailable / not applicable; see details,32,290449,0,0,8,71343,"provided apt_expression, train-only mean/std; source evidence, original scaler unavailable",fixed recipe in surviving source; original search history unavailable,no separate selection stage in surviving source,all fit cells; no sample weights; tree subsample=.8,fine labels only,P,42,2000,subject-normalized pooled fixed-class Macro-F1,/home/mayiling/projs/apt_agent/cell_JEPA/outputs/classical_baselines_kfold5/fine/xgboost/pooled_oof_predictions.csv,unavailable,unavailable,unavailable,/home/mayiling/projs/apt_agent/cell_JEPA/outputs/classical_baselines_kfold5/fold_assignment.json,"{""input_features_status"": ""current keyed matrix and surviving source; original estimator feature snapshot unavailable"", ""seed_status"": ""unavailable original CLI; source default 42, LR lbfgs has no RNG seed"", ""test"": {""cell_count"": 71343, ""patient_count"": 8}, ""validation"": {""cell_count"": 0, ""patient_count"": 0}}"
flat_ce,coarse+fine,0,selected_checkpoint,42,24,226431,8,68381,8,66980,"provided apt_expression, train-only mean/std, no quantile binning","validation fine CW Macro-F1, first strict maximum, patience 10; observed-label union","no development refit; selected checkpoint, calibration_epochs=0","all fit cells, shuffled mini-batches; no weighted sampler","fine/coarse hierarchy labels, no disease objective",P,42,2000,subject-normalized pooled fixed-class Macro-F1,/home/mayiling/projs/apt_agent/cell_JEPA/outputs/matched_ft_transformer/flat_ce/fold0/test_predictions.csv,/home/mayiling/projs/apt_agent/cell_JEPA/outputs/matched_ft_transformer/flat_ce/fold0/resolved_config.json,/home/mayiling/projs/apt_agent/cell_JEPA/outputs/matched_ft_transformer/flat_ce/fold0/training_log.csv,/home/mayiling/projs/apt_agent/cell_JEPA/outputs/matched_ft_transformer/flat_ce/fold0/final.pt,/home/mayiling/projs/apt_agent/cell_JEPA/outputs/matched_ft_transformer/flat_ce/fold0/split.csv,"{""alignment"": ""exact replay and keyed test set, no intersection filtering"", ""alignment_source"": ""/ssd3/mayiling/apt_agent_runtime/remaining_v1/oracle/flat_ce_f0.npz"", ""best_logged_epoch"": 9, ""config"": {""data"": {""annotation_path"": ""data/cell_annotation.csv"", ""coarse_mapping_config"": ""cell_JEPA/apt_jepa/configs/coarse_lineage_explicit.yaml"", ""data_dir"": ""data"", ""drop_missing_subtype"": true, ""drop_unknown"": true, ""metadata_path"": ""data/metadata.csv"", ""subtype_col_in_annotation"": ""Celltypes_new"", ""use_quantile_binning"": false}, ""loss"": {""epsilon"": 1e-06, ""lambda_coarse"": 0.5, ""lambda_fine"": 1.0, ""variant"": ""flat_ce""}, ""model"": {""dropout"": 0.1, ""ff_dim"": 512, ""hidden_dim"": 256, ""n_heads"": 8, ""n_layers"": 4, ""num_features"": 293}, ""schedule"": {""calibration_epochs"": 5, ""calibration_lr"": 0.0003}, ""split"": {""external_split_csv"": ""cell_JEPA/outputs/dropcascade_kfold5_splits/fold0_split.csv"", ""mode"": ""external""}, ""train"": {""batch_size"": 512, ""epochs"": 50, ""grad_clip_norm"": 1.0, ""lr"": 0.0001, ""num_workers"": 4, ""output_dir"": ""cell_JEPA/outputs/matched_ft_transformer/flat_ce/fold0"", ""patience"": 10, ""seed"": 42, ""use_amp"": true, ""weight_decay"": 1e-05}}, ""declared_max_epochs"": 50, ""evaluated_recipe_count"": ""one retained configuration; complete historical search count unavailable"", ""final_equals_best_tensors"": true, ""final_replay_calibration_budget"": 0, ""input_features_status"": ""293 features in saved config; exact historical feature-ID list not serialized in this audit"", ""max_epoch_status"": ""recovered from selected best.pt training config; final model tensors identical"", ""observed_epochs"": 19, ""original_calibration_budget"": 5, ""pooled_source"": ""/home/mayiling/projs/apt_agent/cell_JEPA/outputs/matched_ft_transformer/flat_ce/pooled_oof_predictions.csv"", ""resolved_config"": {""data"": {""annotation_path"": ""data/cell_annotation.csv"", ""coarse_mapping_config"": ""cell_JEPA/apt_jepa/configs/coarse_lineage_explicit.yaml"", ""data_dir"": ""data"", ""drop_missing_subtype"": true, ""drop_unknown"": true, ""metadata_path"": ""data/metadata.csv"", ""subtype_col_in_annotation"": ""Celltypes_new"", ""use_quantile_binning"": false}, ""loss"": {""epsilon"": 1e-06, ""lambda_coarse"": 0.5, ""lambda_fine"": 1.0, ""variant"": ""flat_ce""}, ""model"": {""dropout"": 0.1, ""ff_dim"": 512, ""hidden_dim"": 256, ""n_heads"": 8, ""n_layers"": 4, ""num_features"": 293}, ""schedule"": {""calibration_epochs"": 0, ""calibration_lr"": 0.0003}, ""split"": {""external_split_csv"": ""cell_JEPA/outputs/dropcascade_kfold5_splits/fold0_split.csv"", ""mode"": ""external""}, ""train"": {""batch_size"": 512, ""epochs"": 50, ""grad_clip_norm"": 1.0, ""lr"": 0.0001, ""num_workers"": 4, ""output_dir"": ""cell_JEPA/outputs/matched_ft_transformer/flat_ce/fold0"", ""patience"": 10, ""seed"": 42, ""use_amp"": true, ""weight_decay"": 1e-05}}, ""test"": {""cell_count"": 66980, ""patient_count"": 8}, ""validation"": {""cell_count"": 68381, ""patient_count"": 8}}"
flat_ce,coarse+fine,1,selected_checkpoint,42,24,207172,8,86239,8,68381,"provided apt_expression, train-only mean/std, no quantile binning","validation fine CW Macro-F1, first strict maximum, patience 10; observed-label union","no development refit; selected checkpoint, calibration_epochs=0","all fit cells, shuffled mini-batches; no weighted sampler","fine/coarse hierarchy labels, no disease objective",P,42,2000,subject-normalized pooled fixed-class Macro-F1,/home/mayiling/projs/apt_agent/cell_JEPA/outputs/matched_ft_transformer/flat_ce/fold1/test_predictions.csv,/home/mayiling/projs/apt_agent/cell_JEPA/outputs/matched_ft_transformer/flat_ce/fold1/resolved_config.json,/home/mayiling/projs/apt_agent/cell_JEPA/outputs/matched_ft_transformer/flat_ce/fold1/training_log.csv,/home/mayiling/projs/apt_agent/cell_JEPA/outputs/matched_ft_transformer/flat_ce/fold1/final.pt,/home/mayiling/projs/apt_agent/cell_JEPA/outputs/matched_ft_transformer/flat_ce/fold1/split.csv,"{""alignment"": ""exact replay and keyed test set, no intersection filtering"", ""alignment_source"": ""/ssd3/mayiling/apt_agent_runtime/remaining_v1/oracle/flat_ce_f1.npz"", ""best_logged_epoch"": 11, ""config"": {""data"": {""annotation_path"": ""data/cell_annotation.csv"", ""coarse_mapping_config"": ""cell_JEPA/apt_jepa/configs/coarse_lineage_explicit.yaml"", ""data_dir"": ""data"", ""drop_missing_subtype"": true, ""drop_unknown"": true, ""metadata_path"": ""data/metadata.csv"", ""subtype_col_in_annotation"": ""Celltypes_new"", ""use_quantile_binning"": false}, ""loss"": {""epsilon"": 1e-06, ""lambda_coarse"": 0.5, ""lambda_fine"": 1.0, ""variant"": ""flat_ce""}, ""model"": {""dropout"": 0.1, ""ff_dim"": 512, ""hidden_dim"": 256, ""n_heads"": 8, ""n_layers"": 4, ""num_features"": 293}, ""schedule"": {""calibration_epochs"": 5, ""calibration_lr"": 0.0003}, ""split"": {""external_split_csv"": ""cell_JEPA/outputs/dropcascade_kfold5_splits/fold1_split.csv"", ""mode"": ""external""}, ""train"": {""batch_size"": 512, ""epochs"": 50, ""grad_clip_norm"": 1.0, ""lr"": 0.0001, ""num_workers"": 4, ""output_dir"": ""cell_JEPA/outputs/matched_ft_transformer/flat_ce/fold1"", ""patience"": 10, ""seed"": 42, ""use_amp"": true, ""weight_decay"": 1e-05}}, ""declared_max_epochs"": 50, ""evaluated_recipe_count"": ""one retained configuration; complete historical search count unavailable"", ""final_equals_best_tensors"": true, ""final_replay_calibration_budget"": 0, ""input_features_status"": ""293 features in saved config; exact historical feature-ID list not serialized in this audit"", ""max_epoch_status"": ""recovered from selected best.pt training config; final model tensors identical"", ""observed_epochs"": 21, ""original_calibration_budget"": 5, ""pooled_source"": ""/home/mayiling/projs/apt_agent/cell_JEPA/outputs/matched_ft_transformer/flat_ce/pooled_oof_predictions.csv"", ""resolved_config"": {""data"": {""annotation_path"": ""data/cell_annotation.csv"", ""coarse_mapping_config"": ""cell_JEPA/apt_jepa/configs/coarse_lineage_explicit.yaml"", ""data_dir"": ""data"", ""drop_missing_subtype"": true, ""drop_unknown"": true, ""metadata_path"": ""data/metadata.csv"", ""subtype_col_in_annotation"": ""Celltypes_new"", ""use_quantile_binning"": false}, ""loss"": {""epsilon"": 1e-06, ""lambda_coarse"": 0.5, ""lambda_fine"": 1.0, ""variant"": ""flat_ce""}, ""model"": {""dropout"": 0.1, ""ff_dim"": 512, ""hidden_dim"": 256, ""n_heads"": 8, ""n_layers"": 4, ""num_features"": 293}, ""schedule"": {""calibration_epochs"": 0, ""calibration_lr"": 0.0003}, ""split"": {""external_split_csv"": ""cell_JEPA/outputs/dropcascade_kfold5_splits/fold1_split.csv"", ""mode"": ""external""}, ""train"": {""batch_size"": 512, ""epochs"": 50, ""grad_clip_norm"": 1.0, ""lr"": 0.0001, ""num_workers"": 4, ""output_dir"": ""cell_JEPA/outputs/matched_ft_transformer/flat_ce/fold1"", ""patience"": 10, ""seed"": 42, ""use_amp"": true, ""weight_decay"": 1e-05}}, ""test"": {""cell_count"": 68381, ""patient_count"": 8}, ""validation"": {""cell_count"": 86239, ""patient_count"": 8}}"
flat_ce,coarse+fine,2,selected_checkpoint,42,24,206704,8,68849,8,86239,"provided apt_expression, train-only mean/std, no quantile binning","validation fine CW Macro-F1, first strict maximum, patience 10; observed-label union","no development refit; selected checkpoint, calibration_epochs=0","all fit cells, shuffled mini-batches; no weighted sampler","fine/coarse hierarchy labels, no disease objective",P,42,2000,subject-normalized pooled fixed-class Macro-F1,/home/mayiling/projs/apt_agent/cell_JEPA/outputs/matched_ft_transformer/flat_ce/fold2/test_predictions.csv,/home/mayiling/projs/apt_agent/cell_JEPA/outputs/matched_ft_transformer/flat_ce/fold2/resolved_config.json,/home/mayiling/projs/apt_agent/cell_JEPA/outputs/matched_ft_transformer/flat_ce/fold2/training_log.csv,/home/mayiling/projs/apt_agent/cell_JEPA/outputs/matched_ft_transformer/flat_ce/fold2/final.pt,/home/mayiling/projs/apt_agent/cell_JEPA/outputs/matched_ft_transformer/flat_ce/fold2/split.csv,"{""alignment"": ""exact replay and keyed test set, no intersection filtering"", ""alignment_source"": ""/ssd3/mayiling/apt_agent_runtime/remaining_v1/oracle/flat_ce_f2.npz"", ""best_logged_epoch"": 16, ""config"": {""data"": {""annotation_path"": ""data/cell_annotation.csv"", ""coarse_mapping_config"": ""cell_JEPA/apt_jepa/configs/coarse_lineage_explicit.yaml"", ""data_dir"": ""data"", ""drop_missing_subtype"": true, ""drop_unknown"": true, ""metadata_path"": ""data/metadata.csv"", ""subtype_col_in_annotation"": ""Celltypes_new"", ""use_quantile_binning"": false}, ""loss"": {""epsilon"": 1e-06, ""lambda_coarse"": 0.5, ""lambda_fine"": 1.0, ""variant"": ""flat_ce""}, ""model"": {""dropout"": 0.1, ""ff_dim"": 512, ""hidden_dim"": 256, ""n_heads"": 8, ""n_layers"": 4, ""num_features"": 293}, ""schedule"": {""calibration_epochs"": 5, ""calibration_lr"": 0.0003}, ""split"": {""external_split_csv"": ""cell_JEPA/outputs/dropcascade_kfold5_splits/fold2_split.csv"", ""mode"": ""external""}, ""train"": {""batch_size"": 512, ""epochs"": 50, ""grad_clip_norm"": 1.0, ""lr"": 0.0001, ""num_workers"": 4, ""output_dir"": ""cell_JEPA/outputs/matched_ft_transformer/flat_ce/fold2"", ""patience"": 10, ""seed"": 42, ""use_amp"": true, ""weight_decay"": 1e-05}}, ""declared_max_epochs"": 50, ""evaluated_recipe_count"": ""one retained configuration; complete historical search count unavailable"", ""final_equals_best_tensors"": true, ""final_replay_calibration_budget"": 0, ""input_features_status"": ""293 features in saved config; exact historical feature-ID list not serialized in this audit"", ""max_epoch_status"": ""recovered from selected best.pt training config; final model tensors identical"", ""observed_epochs"": 26, ""original_calibration_budget"": 5, ""pooled_source"": ""/home/mayiling/projs/apt_agent/cell_JEPA/outputs/matched_ft_transformer/flat_ce/pooled_oof_predictions.csv"", ""resolved_config"": {""data"": {""annotation_path"": ""data/cell_annotation.csv"", ""coarse_mapping_config"": ""cell_JEPA/apt_jepa/configs/coarse_lineage_explicit.yaml"", ""data_dir"": ""data"", ""drop_missing_subtype"": true, ""drop_unknown"": true, ""metadata_path"": ""data/metadata.csv"", ""subtype_col_in_annotation"": ""Celltypes_new"", ""use_quantile_binning"": false}, ""loss"": {""epsilon"": 1e-06, ""lambda_coarse"": 0.5, ""lambda_fine"": 1.0, ""variant"": ""flat_ce""}, ""model"": {""dropout"": 0.1, ""ff_dim"": 512, ""hidden_dim"": 256, ""n_heads"": 8, ""n_layers"": 4, ""num_features"": 293}, ""schedule"": {""calibration_epochs"": 0, ""calibration_lr"": 0.0003}, ""split"": {""external_split_csv"": ""cell_JEPA/outputs/dropcascade_kfold5_splits/fold2_split.csv"", ""mode"": ""external""}, ""train"": {""batch_size"": 512, ""epochs"": 50, ""grad_clip_norm"": 1.0, ""lr"": 0.0001, ""num_workers"": 4, ""output_dir"": ""cell_JEPA/outputs/matched_ft_transformer/flat_ce/fold2"", ""patience"": 10, ""seed"": 42, ""use_amp"": true, ""weight_decay"": 1e-05}}, ""test"": {""cell_count"": 86239, ""patient_count"": 8}, ""validation"": {""cell_count"": 68849, ""patient_count"": 8}}"
flat_ce,coarse+fine,3,selected_checkpoint,42,24,221600,8,71343,8,68849,"provided apt_expression, train-only mean/std, no quantile binning","validation fine CW Macro-F1, first strict maximum, patience 10; observed-label union","no development refit; selected checkpoint, calibration_epochs=0","all fit cells, shuffled mini-batches; no weighted sampler","fine/coarse hierarchy labels, no disease objective",P,42,2000,subject-normalized pooled fixed-class Macro-F1,/home/mayiling/projs/apt_agent/cell_JEPA/outputs/matched_ft_transformer/flat_ce/fold3/test_predictions.csv,/home/mayiling/projs/apt_agent/cell_JEPA/outputs/matched_ft_transformer/flat_ce/fold3/resolved_config.json,/home/mayiling/projs/apt_agent/cell_JEPA/outputs/matched_ft_transformer/flat_ce/fold3/training_log.csv,/home/mayiling/projs/apt_agent/cell_JEPA/outputs/matched_ft_transformer/flat_ce/fold3/final.pt,/home/mayiling/projs/apt_agent/cell_JEPA/outputs/matched_ft_transformer/flat_ce/fold3/split.csv,"{""alignment"": ""exact replay and keyed test set, no intersection filtering"", ""alignment_source"": ""/ssd3/mayiling/apt_agent_runtime/remaining_v1/oracle/flat_ce_f3.npz"", ""best_logged_epoch"": 9, ""config"": {""data"": {""annotation_path"": ""data/cell_annotation.csv"", ""coarse_mapping_config"": ""cell_JEPA/apt_jepa/configs/coarse_lineage_explicit.yaml"", ""data_dir"": ""data"", ""drop_missing_subtype"": true, ""drop_unknown"": true, ""metadata_path"": ""data/metadata.csv"", ""subtype_col_in_annotation"": ""Celltypes_new"", ""use_quantile_binning"": false}, ""loss"": {""epsilon"": 1e-06, ""lambda_coarse"": 0.5, ""lambda_fine"": 1.0, ""variant"": ""flat_ce""}, ""model"": {""dropout"": 0.1, ""ff_dim"": 512, ""hidden_dim"": 256, ""n_heads"": 8, ""n_layers"": 4, ""num_features"": 293}, ""schedule"": {""calibration_epochs"": 5, ""calibration_lr"": 0.0003}, ""split"": {""external_split_csv"": ""cell_JEPA/outputs/dropcascade_kfold5_splits/fold3_split.csv"", ""mode"": ""external""}, ""train"": {""batch_size"": 512, ""epochs"": 50, ""grad_clip_norm"": 1.0, ""lr"": 0.0001, ""num_workers"": 4, ""output_dir"": ""cell_JEPA/outputs/matched_ft_transformer/flat_ce/fold3"", ""patience"": 10, ""seed"": 42, ""use_amp"": true, ""weight_decay"": 1e-05}}, ""declared_max_epochs"": 50, ""evaluated_recipe_count"": ""one retained configuration; complete historical search count unavailable"", ""final_equals_best_tensors"": true, ""final_replay_calibration_budget"": 0, ""input_features_status"": ""293 features in saved config; exact historical feature-ID list not serialized in this audit"", ""max_epoch_status"": ""recovered from selected best.pt training config; final model tensors identical"", ""observed_epochs"": 19, ""original_calibration_budget"": 5, ""pooled_source"": ""/home/mayiling/projs/apt_agent/cell_JEPA/outputs/matched_ft_transformer/flat_ce/pooled_oof_predictions.csv"", ""resolved_config"": {""data"": {""annotation_path"": ""data/cell_annotation.csv"", ""coarse_mapping_config"": ""cell_JEPA/apt_jepa/configs/coarse_lineage_explicit.yaml"", ""data_dir"": ""data"", ""drop_missing_subtype"": true, ""drop_unknown"": true, ""metadata_path"": ""data/metadata.csv"", ""subtype_col_in_annotation"": ""Celltypes_new"", ""use_quantile_binning"": false}, ""loss"": {""epsilon"": 1e-06, ""lambda_coarse"": 0.5, ""lambda_fine"": 1.0, ""variant"": ""flat_ce""}, ""model"": {""dropout"": 0.1, ""ff_dim"": 512, ""hidden_dim"": 256, ""n_heads"": 8, ""n_layers"": 4, ""num_features"": 293}, ""schedule"": {""calibration_epochs"": 0, ""calibration_lr"": 0.0003}, ""split"": {""external_split_csv"": ""cell_JEPA/outputs/dropcascade_kfold5_splits/fold3_split.csv"", ""mode"": ""external""}, ""train"": {""batch_size"": 512, ""epochs"": 50, ""grad_clip_norm"": 1.0, ""lr"": 0.0001, ""num_workers"": 4, ""output_dir"": ""cell_JEPA/outputs/matched_ft_transformer/flat_ce/fold3"", ""patience"": 10, ""seed"": 42, ""use_amp"": true, ""weight_decay"": 1e-05}}, ""test"": {""cell_count"": 68849, ""patient_count"": 8}, ""validation"": {""cell_count"": 71343, ""patient_count"": 8}}"
flat_ce,coarse+fine,4,selected_checkpoint,42,24,223469,8,66980,8,71343,"provided apt_expression, train-only mean/std, no quantile binning","validation fine CW Macro-F1, first strict maximum, patience 10; observed-label union","no development refit; selected checkpoint, calibration_epochs=0","all fit cells, shuffled mini-batches; no weighted sampler","fine/coarse hierarchy labels, no disease objective",P,42,2000,subject-normalized pooled fixed-class Macro-F1,/home/mayiling/projs/apt_agent/cell_JEPA/outputs/matched_ft_transformer/flat_ce/fold4/test_predictions.csv,/home/mayiling/projs/apt_agent/cell_JEPA/outputs/matched_ft_transformer/flat_ce/fold4/resolved_config.json,/home/mayiling/projs/apt_agent/cell_JEPA/outputs/matched_ft_transformer/flat_ce/fold4/training_log.csv,/home/mayiling/projs/apt_agent/cell_JEPA/outputs/matched_ft_transformer/flat_ce/fold4/final.pt,/home/mayiling/projs/apt_agent/cell_JEPA/outputs/matched_ft_transformer/flat_ce/fold4/split.csv,"{""alignment"": ""exact replay and keyed test set, no intersection filtering"", ""alignment_source"": ""/ssd3/mayiling/apt_agent_runtime/remaining_v1/oracle/flat_ce_f4.npz"", ""best_logged_epoch"": 33, ""config"": {""data"": {""annotation_path"": ""data/cell_annotation.csv"", ""coarse_mapping_config"": ""cell_JEPA/apt_jepa/configs/coarse_lineage_explicit.yaml"", ""data_dir"": ""data"", ""drop_missing_subtype"": true, ""drop_unknown"": true, ""metadata_path"": ""data/metadata.csv"", ""subtype_col_in_annotation"": ""Celltypes_new"", ""use_quantile_binning"": false}, ""loss"": {""epsilon"": 1e-06, ""lambda_coarse"": 0.5, ""lambda_fine"": 1.0, ""variant"": ""flat_ce""}, ""model"": {""dropout"": 0.1, ""ff_dim"": 512, ""hidden_dim"": 256, ""n_heads"": 8, ""n_layers"": 4, ""num_features"": 293}, ""schedule"": {""calibration_epochs"": 5, ""calibration_lr"": 0.0003}, ""split"": {""external_split_csv"": ""cell_JEPA/outputs/dropcascade_kfold5_splits/fold4_split.csv"", ""mode"": ""external""}, ""train"": {""batch_size"": 512, ""epochs"": 50, ""grad_clip_norm"": 1.0, ""lr"": 0.0001, ""num_workers"": 4, ""output_dir"": ""cell_JEPA/outputs/matched_ft_transformer/flat_ce/fold4"", ""patience"": 10, ""seed"": 42, ""use_amp"": true, ""weight_decay"": 1e-05}}, ""declared_max_epochs"": 50, ""evaluated_recipe_count"": ""one retained configuration; complete historical search count unavailable"", ""final_equals_best_tensors"": true, ""final_replay_calibration_budget"": 0, ""input_features_status"": ""293 features in saved config; exact historical feature-ID list not serialized in this audit"", ""max_epoch_status"": ""recovered from selected best.pt training config; final model tensors identical"", ""observed_epochs"": 43, ""original_calibration_budget"": 5, ""pooled_source"": ""/home/mayiling/projs/apt_agent/cell_JEPA/outputs/matched_ft_transformer/flat_ce/pooled_oof_predictions.csv"", ""resolved_config"": {""data"": {""annotation_path"": ""data/cell_annotation.csv"", ""coarse_mapping_config"": ""cell_JEPA/apt_jepa/configs/coarse_lineage_explicit.yaml"", ""data_dir"": ""data"", ""drop_missing_subtype"": true, ""drop_unknown"": true, ""metadata_path"": ""data/metadata.csv"", ""subtype_col_in_annotation"": ""Celltypes_new"", ""use_quantile_binning"": false}, ""loss"": {""epsilon"": 1e-06, ""lambda_coarse"": 0.5, ""lambda_fine"": 1.0, ""variant"": ""flat_ce""}, ""model"": {""dropout"": 0.1, ""ff_dim"": 512, ""hidden_dim"": 256, ""n_heads"": 8, ""n_layers"": 4, ""num_features"": 293}, ""schedule"": {""calibration_epochs"": 0, ""calibration_lr"": 0.0003}, ""split"": {""external_split_csv"": ""cell_JEPA/outputs/dropcascade_kfold5_splits/fold4_split.csv"", ""mode"": ""external""}, ""train"": {""batch_size"": 512, ""epochs"": 50, ""grad_clip_norm"": 1.0, ""lr"": 0.0001, ""num_workers"": 4, ""output_dir"": ""cell_JEPA/outputs/matched_ft_transformer/flat_ce/fold4"", ""patience"": 10, ""seed"": 42, ""use_amp"": true, ""weight_decay"": 1e-05}}, ""test"": {""cell_count"": 71343, ""patient_count"": 8}, ""validation"": {""cell_count"": 66980, ""patient_count"": 8}}"
hce,coarse+fine,0,selected_checkpoint,42,24,226431,8,68381,8,66980,"provided apt_expression, train-only mean/std, no quantile binning","validation fine CW Macro-F1, first strict maximum, patience 10; observed-label union","no development refit; selected checkpoint, calibration_epochs=0","all fit cells, shuffled mini-batches; no weighted sampler","fine/coarse hierarchy labels, no disease objective",P,42,2000,subject-normalized pooled fixed-class Macro-F1,/home/mayiling/projs/apt_agent/cell_JEPA/outputs/matched_ft_transformer/hce/fold0/test_predictions.csv,/home/mayiling/projs/apt_agent/cell_JEPA/outputs/matched_ft_transformer/hce/fold0/resolved_config.json,/home/mayiling/projs/apt_agent/cell_JEPA/outputs/matched_ft_transformer/hce/fold0/training_log.csv,/home/mayiling/projs/apt_agent/cell_JEPA/outputs/matched_ft_transformer/hce/fold0/final.pt,/home/mayiling/projs/apt_agent/cell_JEPA/outputs/matched_ft_transformer/hce/fold0/split.csv,"{""alignment"": ""exact replay and keyed test set, no intersection filtering"", ""alignment_source"": ""/ssd3/mayiling/apt_agent_runtime/remaining_v1/oracle/hce_f0.npz"", ""best_logged_epoch"": 46, ""config"": {""data"": {""annotation_path"": ""data/cell_annotation.csv"", ""coarse_mapping_config"": ""cell_JEPA/apt_jepa/configs/coarse_lineage_explicit.yaml"", ""data_dir"": ""data"", ""drop_missing_subtype"": true, ""drop_unknown"": true, ""metadata_path"": ""data/metadata.csv"", ""subtype_col_in_annotation"": ""Celltypes_new"", ""use_quantile_binning"": false}, ""loss"": {""epsilon"": 1e-06, ""lambda_coarse"": 0.5, ""lambda_fine"": 1.0, ""variant"": ""hce""}, ""model"": {""dropout"": 0.1, ""ff_dim"": 512, ""hidden_dim"": 256, ""n_heads"": 8, ""n_layers"": 4, ""num_features"": 293}, ""schedule"": {""calibration_epochs"": 5, ""calibration_lr"": 0.0003}, ""split"": {""external_split_csv"": ""cell_JEPA/outputs/dropcascade_kfold5_splits/fold0_split.csv"", ""mode"": ""external""}, ""train"": {""batch_size"": 512, ""epochs"": 50, ""grad_clip_norm"": 1.0, ""lr"": 0.0001, ""num_workers"": 4, ""output_dir"": ""cell_JEPA/outputs/matched_ft_transformer/hce/fold0"", ""patience"": 10, ""seed"": 42, ""use_amp"": true, ""weight_decay"": 1e-05}}, ""declared_max_epochs"": 50, ""evaluated_recipe_count"": ""one retained configuration; complete historical search count unavailable"", ""final_equals_best_tensors"": true, ""final_replay_calibration_budget"": 0, ""input_features_status"": ""293 features in saved config; exact historical feature-ID list not serialized in this audit"", ""max_epoch_status"": ""recovered from selected best.pt training config; final model tensors identical"", ""observed_epochs"": 50, ""original_calibration_budget"": 5, ""pooled_source"": ""/home/mayiling/projs/apt_agent/cell_JEPA/outputs/matched_ft_transformer/hce/pooled_oof_predictions.csv"", ""resolved_config"": {""data"": {""annotation_path"": ""data/cell_annotation.csv"", ""coarse_mapping_config"": ""cell_JEPA/apt_jepa/configs/coarse_lineage_explicit.yaml"", ""data_dir"": ""data"", ""drop_missing_subtype"": true, ""drop_unknown"": true, ""metadata_path"": ""data/metadata.csv"", ""subtype_col_in_annotation"": ""Celltypes_new"", ""use_quantile_binning"": false}, ""loss"": {""epsilon"": 1e-06, ""lambda_coarse"": 0.5, ""lambda_fine"": 1.0, ""variant"": ""hce""}, ""model"": {""dropout"": 0.1, ""ff_dim"": 512, ""hidden_dim"": 256, ""n_heads"": 8, ""n_layers"": 4, ""num_features"": 293}, ""schedule"": {""calibration_epochs"": 0, ""calibration_lr"": 0.0003}, ""split"": {""external_split_csv"": ""cell_JEPA/outputs/dropcascade_kfold5_splits/fold0_split.csv"", ""mode"": ""external""}, ""train"": {""batch_size"": 512, ""epochs"": 50, ""grad_clip_norm"": 1.0, ""lr"": 0.0001, ""num_workers"": 4, ""output_dir"": ""cell_JEPA/outputs/matched_ft_transformer/hce/fold0"", ""patience"": 10, ""seed"": 42, ""use_amp"": true, ""weight_decay"": 1e-05}}, ""test"": {""cell_count"": 66980, ""patient_count"": 8}, ""validation"": {""cell_count"": 68381, ""patient_count"": 8}}"
hce,coarse+fine,1,selected_checkpoint,42,24,207172,8,86239,8,68381,"provided apt_expression, train-only mean/std, no quantile binning","validation fine CW Macro-F1, first strict maximum, patience 10; observed-label union","no development refit; selected checkpoint, calibration_epochs=0","all fit cells, shuffled mini-batches; no weighted sampler","fine/coarse hierarchy labels, no disease objective",P,42,2000,subject-normalized pooled fixed-class Macro-F1,/home/mayiling/projs/apt_agent/cell_JEPA/outputs/matched_ft_transformer/hce/fold1/test_predictions.csv,/home/mayiling/projs/apt_agent/cell_JEPA/outputs/matched_ft_transformer/hce/fold1/resolved_config.json,/home/mayiling/projs/apt_agent/cell_JEPA/outputs/matched_ft_transformer/hce/fold1/training_log.csv,/home/mayiling/projs/apt_agent/cell_JEPA/outputs/matched_ft_transformer/hce/fold1/final.pt,/home/mayiling/projs/apt_agent/cell_JEPA/outputs/matched_ft_transformer/hce/fold1/split.csv,"{""alignment"": ""exact replay and keyed test set, no intersection filtering"", ""alignment_source"": ""/ssd3/mayiling/apt_agent_runtime/remaining_v1/oracle/hce_f1.npz"", ""best_logged_epoch"": 22, ""config"": {""data"": {""annotation_path"": ""data/cell_annotation.csv"", ""coarse_mapping_config"": ""cell_JEPA/apt_jepa/configs/coarse_lineage_explicit.yaml"", ""data_dir"": ""data"", ""drop_missing_subtype"": true, ""drop_unknown"": true, ""metadata_path"": ""data/metadata.csv"", ""subtype_col_in_annotation"": ""Celltypes_new"", ""use_quantile_binning"": false}, ""loss"": {""epsilon"": 1e-06, ""lambda_coarse"": 0.5, ""lambda_fine"": 1.0, ""variant"": ""hce""}, ""model"": {""dropout"": 0.1, ""ff_dim"": 512, ""hidden_dim"": 256, ""n_heads"": 8, ""n_layers"": 4, ""num_features"": 293}, ""schedule"": {""calibration_epochs"": 5, ""calibration_lr"": 0.0003}, ""split"": {""external_split_csv"": ""cell_JEPA/outputs/dropcascade_kfold5_splits/fold1_split.csv"", ""mode"": ""external""}, ""train"": {""batch_size"": 512, ""epochs"": 50, ""grad_clip_norm"": 1.0, ""lr"": 0.0001, ""num_workers"": 4, ""output_dir"": ""cell_JEPA/outputs/matched_ft_transformer/hce/fold1"", ""patience"": 10, ""seed"": 42, ""use_amp"": true, ""weight_decay"": 1e-05}}, ""declared_max_epochs"": 50, ""evaluated_recipe_count"": ""one retained configuration; complete historical search count unavailable"", ""final_equals_best_tensors"": true, ""final_replay_calibration_budget"": 0, ""input_features_status"": ""293 features in saved config; exact historical feature-ID list not serialized in this audit"", ""max_epoch_status"": ""recovered from selected best.pt training config; final model tensors identical"", ""observed_epochs"": 32, ""original_calibration_budget"": 5, ""pooled_source"": ""/home/mayiling/projs/apt_agent/cell_JEPA/outputs/matched_ft_transformer/hce/pooled_oof_predictions.csv"", ""resolved_config"": {""data"": {""annotation_path"": ""data/cell_annotation.csv"", ""coarse_mapping_config"": ""cell_JEPA/apt_jepa/configs/coarse_lineage_explicit.yaml"", ""data_dir"": ""data"", ""drop_missing_subtype"": true, ""drop_unknown"": true, ""metadata_path"": ""data/metadata.csv"", ""subtype_col_in_annotation"": ""Celltypes_new"", ""use_quantile_binning"": false}, ""loss"": {""epsilon"": 1e-06, ""lambda_coarse"": 0.5, ""lambda_fine"": 1.0, ""variant"": ""hce""}, ""model"": {""dropout"": 0.1, ""ff_dim"": 512, ""hidden_dim"": 256, ""n_heads"": 8, ""n_layers"": 4, ""num_features"": 293}, ""schedule"": {""calibration_epochs"": 0, ""calibration_lr"": 0.0003}, ""split"": {""external_split_csv"": ""cell_JEPA/outputs/dropcascade_kfold5_splits/fold1_split.csv"", ""mode"": ""external""}, ""train"": {""batch_size"": 512, ""epochs"": 50, ""grad_clip_norm"": 1.0, ""lr"": 0.0001, ""num_workers"": 4, ""output_dir"": ""cell_JEPA/outputs/matched_ft_transformer/hce/fold1"", ""patience"": 10, ""seed"": 42, ""use_amp"": true, ""weight_decay"": 1e-05}}, ""test"": {""cell_count"": 68381, ""patient_count"": 8}, ""validation"": {""cell_count"": 86239, ""patient_count"": 8}}"
hce,coarse+fine,2,selected_checkpoint,42,24,206704,8,68849,8,86239,"provided apt_expression, train-only mean/std, no quantile binning","validation fine CW Macro-F1, first strict maximum, patience 10; observed-label union","no development refit; selected checkpoint, calibration_epochs=0","all fit cells, shuffled mini-batches; no weighted sampler","fine/coarse hierarchy labels, no disease objective",P,42,2000,subject-normalized pooled fixed-class Macro-F1,/home/mayiling/projs/apt_agent/cell_JEPA/outputs/matched_ft_transformer/hce/fold2/test_predictions.csv,/home/mayiling/projs/apt_agent/cell_JEPA/outputs/matched_ft_transformer/hce/fold2/resolved_config.json,/home/mayiling/projs/apt_agent/cell_JEPA/outputs/matched_ft_transformer/hce/fold2/training_log.csv,/home/mayiling/projs/apt_agent/cell_JEPA/outputs/matched_ft_transformer/hce/fold2/final.pt,/home/mayiling/projs/apt_agent/cell_JEPA/outputs/matched_ft_transformer/hce/fold2/split.csv,"{""alignment"": ""exact replay and keyed test set, no intersection filtering"", ""alignment_source"": ""/ssd3/mayiling/apt_agent_runtime/remaining_v1/oracle/hce_f2.npz"", ""best_logged_epoch"": 16, ""config"": {""data"": {""annotation_path"": ""data/cell_annotation.csv"", ""coarse_mapping_config"": ""cell_JEPA/apt_jepa/configs/coarse_lineage_explicit.yaml"", ""data_dir"": ""data"", ""drop_missing_subtype"": true, ""drop_unknown"": true, ""metadata_path"": ""data/metadata.csv"", ""subtype_col_in_annotation"": ""Celltypes_new"", ""use_quantile_binning"": false}, ""loss"": {""epsilon"": 1e-06, ""lambda_coarse"": 0.5, ""lambda_fine"": 1.0, ""variant"": ""hce""}, ""model"": {""dropout"": 0.1, ""ff_dim"": 512, ""hidden_dim"": 256, ""n_heads"": 8, ""n_layers"": 4, ""num_features"": 293}, ""schedule"": {""calibration_epochs"": 5, ""calibration_lr"": 0.0003}, ""split"": {""external_split_csv"": ""cell_JEPA/outputs/dropcascade_kfold5_splits/fold2_split.csv"", ""mode"": ""external""}, ""train"": {""batch_size"": 512, ""epochs"": 50, ""grad_clip_norm"": 1.0, ""lr"": 0.0001, ""num_workers"": 4, ""output_dir"": ""cell_JEPA/outputs/matched_ft_transformer/hce/fold2"", ""patience"": 10, ""seed"": 42, ""use_amp"": true, ""weight_decay"": 1e-05}}, ""declared_max_epochs"": 50, ""evaluated_recipe_count"": ""one retained configuration; complete historical search count unavailable"", ""final_equals_best_tensors"": true, ""final_replay_calibration_budget"": 0, ""input_features_status"": ""293 features in saved config; exact historical feature-ID list not serialized in this audit"", ""max_epoch_status"": ""recovered from selected best.pt training config; final model tensors identical"", ""observed_epochs"": 26, ""original_calibration_budget"": 5, ""pooled_source"": ""/home/mayiling/projs/apt_agent/cell_JEPA/outputs/matched_ft_transformer/hce/pooled_oof_predictions.csv"", ""resolved_config"": {""data"": {""annotation_path"": ""data/cell_annotation.csv"", ""coarse_mapping_config"": ""cell_JEPA/apt_jepa/configs/coarse_lineage_explicit.yaml"", ""data_dir"": ""data"", ""drop_missing_subtype"": true, ""drop_unknown"": true, ""metadata_path"": ""data/metadata.csv"", ""subtype_col_in_annotation"": ""Celltypes_new"", ""use_quantile_binning"": false}, ""loss"": {""epsilon"": 1e-06, ""lambda_coarse"": 0.5, ""lambda_fine"": 1.0, ""variant"": ""hce""}, ""model"": {""dropout"": 0.1, ""ff_dim"": 512, ""hidden_dim"": 256, ""n_heads"": 8, ""n_layers"": 4, ""num_features"": 293}, ""schedule"": {""calibration_epochs"": 0, ""calibration_lr"": 0.0003}, ""split"": {""external_split_csv"": ""cell_JEPA/outputs/dropcascade_kfold5_splits/fold2_split.csv"", ""mode"": ""external""}, ""train"": {""batch_size"": 512, ""epochs"": 50, ""grad_clip_norm"": 1.0, ""lr"": 0.0001, ""num_workers"": 4, ""output_dir"": ""cell_JEPA/outputs/matched_ft_transformer/hce/fold2"", ""patience"": 10, ""seed"": 42, ""use_amp"": true, ""weight_decay"": 1e-05}}, ""test"": {""cell_count"": 86239, ""patient_count"": 8}, ""validation"": {""cell_count"": 68849, ""patient_count"": 8}}"
hce,coarse+fine,3,selected_checkpoint,42,24,221600,8,71343,8,68849,"provided apt_expression, train-only mean/std, no quantile binning","validation fine CW Macro-F1, first strict maximum, patience 10; observed-label union","no development refit; selected checkpoint, calibration_epochs=0","all fit cells, shuffled mini-batches; no weighted sampler","fine/coarse hierarchy labels, no disease objective",P,42,2000,subject-normalized pooled fixed-class Macro-F1,/home/mayiling/projs/apt_agent/cell_JEPA/outputs/matched_ft_transformer/hce/fold3/test_predictions.csv,/home/mayiling/projs/apt_agent/cell_JEPA/outputs/matched_ft_transformer/hce/fold3/resolved_config.json,/home/mayiling/projs/apt_agent/cell_JEPA/outputs/matched_ft_transformer/hce/fold3/training_log.csv,/home/mayiling/projs/apt_agent/cell_JEPA/outputs/matched_ft_transformer/hce/fold3/final.pt,/home/mayiling/projs/apt_agent/cell_JEPA/outputs/matched_ft_transformer/hce/fold3/split.csv,"{""alignment"": ""exact replay and keyed test set, no intersection filtering"", ""alignment_source"": ""/ssd3/mayiling/apt_agent_runtime/remaining_v1/oracle/hce_f3.npz"", ""best_logged_epoch"": 32, ""config"": {""data"": {""annotation_path"": ""data/cell_annotation.csv"", ""coarse_mapping_config"": ""cell_JEPA/apt_jepa/configs/coarse_lineage_explicit.yaml"", ""data_dir"": ""data"", ""drop_missing_subtype"": true, ""drop_unknown"": true, ""metadata_path"": ""data/metadata.csv"", ""subtype_col_in_annotation"": ""Celltypes_new"", ""use_quantile_binning"": false}, ""loss"": {""epsilon"": 1e-06, ""lambda_coarse"": 0.5, ""lambda_fine"": 1.0, ""variant"": ""hce""}, ""model"": {""dropout"": 0.1, ""ff_dim"": 512, ""hidden_dim"": 256, ""n_heads"": 8, ""n_layers"": 4, ""num_features"": 293}, ""schedule"": {""calibration_epochs"": 0, ""calibration_lr"": 0.0003}, ""split"": {""external_split_csv"": ""cell_JEPA/outputs/dropcascade_kfold5_splits/fold3_split.csv"", ""mode"": ""external""}, ""train"": {""batch_size"": 512, ""epochs"": 50, ""grad_clip_norm"": 1.0, ""lr"": 0.0001, ""num_workers"": 4, ""output_dir"": ""cell_JEPA/outputs/matched_ft_transformer/hce/fold3"", ""patience"": 10, ""seed"": 42, ""use_amp"": true, ""weight_decay"": 1e-05}}, ""declared_max_epochs"": 50, ""evaluated_recipe_count"": ""one retained configuration; complete historical search count unavailable"", ""final_equals_best_tensors"": true, ""final_replay_calibration_budget"": 0, ""input_features_status"": ""293 features in saved config; exact historical feature-ID list not serialized in this audit"", ""max_epoch_status"": ""recovered from selected best.pt training config; final model tensors identical"", ""observed_epochs"": 42, ""original_calibration_budget"": 0, ""pooled_source"": ""/home/mayiling/projs/apt_agent/cell_JEPA/outputs/matched_ft_transformer/hce/pooled_oof_predictions.csv"", ""resolved_config"": {""data"": {""annotation_path"": ""data/cell_annotation.csv"", ""coarse_mapping_config"": ""cell_JEPA/apt_jepa/configs/coarse_lineage_explicit.yaml"", ""data_dir"": ""data"", ""drop_missing_subtype"": true, ""drop_unknown"": true, ""metadata_path"": ""data/metadata.csv"", ""subtype_col_in_annotation"": ""Celltypes_new"", ""use_quantile_binning"": false}, ""loss"": {""epsilon"": 1e-06, ""lambda_coarse"": 0.5, ""lambda_fine"": 1.0, ""variant"": ""hce""}, ""model"": {""dropout"": 0.1, ""ff_dim"": 512, ""hidden_dim"": 256, ""n_heads"": 8, ""n_layers"": 4, ""num_features"": 293}, ""schedule"": {""calibration_epochs"": 0, ""calibration_lr"": 0.0003}, ""split"": {""external_split_csv"": ""cell_JEPA/outputs/dropcascade_kfold5_splits/fold3_split.csv"", ""mode"": ""external""}, ""train"": {""batch_size"": 512, ""epochs"": 50, ""grad_clip_norm"": 1.0, ""lr"": 0.0001, ""num_workers"": 4, ""output_dir"": ""cell_JEPA/outputs/matched_ft_transformer/hce/fold3"", ""patience"": 10, ""seed"": 42, ""use_amp"": true, ""weight_decay"": 1e-05}}, ""test"": {""cell_count"": 68849, ""patient_count"": 8}, ""validation"": {""cell_count"": 71343, ""patient_count"": 8}}"
hce,coarse+fine,4,selected_checkpoint,42,24,223469,8,66980,8,71343,"provided apt_expression, train-only mean/std, no quantile binning","validation fine CW Macro-F1, first strict maximum, patience 10; observed-label union","no development refit; selected checkpoint, calibration_epochs=0","all fit cells, shuffled mini-batches; no weighted sampler","fine/coarse hierarchy labels, no disease objective",P,42,2000,subject-normalized pooled fixed-class Macro-F1,/home/mayiling/projs/apt_agent/cell_JEPA/outputs/matched_ft_transformer/hce/fold4/test_predictions.csv,/home/mayiling/projs/apt_agent/cell_JEPA/outputs/matched_ft_transformer/hce/fold4/resolved_config.json,/home/mayiling/projs/apt_agent/cell_JEPA/outputs/matched_ft_transformer/hce/fold4/training_log.csv,/home/mayiling/projs/apt_agent/cell_JEPA/outputs/matched_ft_transformer/hce/fold4/final.pt,/home/mayiling/projs/apt_agent/cell_JEPA/outputs/matched_ft_transformer/hce/fold4/split.csv,"{""alignment"": ""exact replay and keyed test set, no intersection filtering"", ""alignment_source"": ""/ssd3/mayiling/apt_agent_runtime/remaining_v1/oracle/hce_f4.npz"", ""best_logged_epoch"": 50, ""config"": {""data"": {""annotation_path"": ""data/cell_annotation.csv"", ""coarse_mapping_config"": ""cell_JEPA/apt_jepa/configs/coarse_lineage_explicit.yaml"", ""data_dir"": ""data"", ""drop_missing_subtype"": true, ""drop_unknown"": true, ""metadata_path"": ""data/metadata.csv"", ""subtype_col_in_annotation"": ""Celltypes_new"", ""use_quantile_binning"": false}, ""loss"": {""epsilon"": 1e-06, ""lambda_coarse"": 0.5, ""lambda_fine"": 1.0, ""variant"": ""hce""}, ""model"": {""dropout"": 0.1, ""ff_dim"": 512, ""hidden_dim"": 256, ""n_heads"": 8, ""n_layers"": 4, ""num_features"": 293}, ""schedule"": {""calibration_epochs"": 0, ""calibration_lr"": 0.0003}, ""split"": {""external_split_csv"": ""cell_JEPA/outputs/dropcascade_kfold5_splits/fold4_split.csv"", ""mode"": ""external""}, ""train"": {""batch_size"": 512, ""epochs"": 50, ""grad_clip_norm"": 1.0, ""lr"": 0.0001, ""num_workers"": 4, ""output_dir"": ""cell_JEPA/outputs/matched_ft_transformer/hce/fold4"", ""patience"": 10, ""seed"": 42, ""use_amp"": true, ""weight_decay"": 1e-05}}, ""declared_max_epochs"": 50, ""evaluated_recipe_count"": ""one retained configuration; complete historical search count unavailable"", ""final_equals_best_tensors"": true, ""final_replay_calibration_budget"": 0, ""input_features_status"": ""293 features in saved config; exact historical feature-ID list not serialized in this audit"", ""max_epoch_status"": ""recovered from selected best.pt training config; final model tensors identical"", ""observed_epochs"": 50, ""original_calibration_budget"": 0, ""pooled_source"": ""/home/mayiling/projs/apt_agent/cell_JEPA/outputs/matched_ft_transformer/hce/pooled_oof_predictions.csv"", ""resolved_config"": {""data"": {""annotation_path"": ""data/cell_annotation.csv"", ""coarse_mapping_config"": ""cell_JEPA/apt_jepa/configs/coarse_lineage_explicit.yaml"", ""data_dir"": ""data"", ""drop_missing_subtype"": true, ""drop_unknown"": true, ""metadata_path"": ""data/metadata.csv"", ""subtype_col_in_annotation"": ""Celltypes_new"", ""use_quantile_binning"": false}, ""loss"": {""epsilon"": 1e-06, ""lambda_coarse"": 0.5, ""lambda_fine"": 1.0, ""variant"": ""hce""}, ""model"": {""dropout"": 0.1, ""ff_dim"": 512, ""hidden_dim"": 256, ""n_heads"": 8, ""n_layers"": 4, ""num_features"": 293}, ""schedule"": {""calibration_epochs"": 0, ""calibration_lr"": 0.0003}, ""split"": {""external_split_csv"": ""cell_JEPA/outputs/dropcascade_kfold5_splits/fold4_split.csv"", ""mode"": ""external""}, ""train"": {""batch_size"": 512, ""epochs"": 50, ""grad_clip_norm"": 1.0, ""lr"": 0.0001, ""num_workers"": 4, ""output_dir"": ""cell_JEPA/outputs/matched_ft_transformer/hce/fold4"", ""patience"": 10, ""seed"": 42, ""use_amp"": true, ""weight_decay"": 1e-05}}, ""test"": {""cell_count"": 71343, ""patient_count"": 8}, ""validation"": {""cell_count"": 66980, ""patient_count"": 8}}"
soft_cascade,coarse+fine,0,selected_checkpoint,42,24,226431,8,68381,8,66980,"provided apt_expression, train-only mean/std, no quantile binning","validation fine CW Macro-F1, first strict maximum, patience 10; all 27 classes","no development refit; selected checkpoint, calibration_epochs=0","all fit cells, shuffled mini-batches; no weighted sampler",fine/coarse and disease contrastive labels,P,42,2000,subject-normalized pooled fixed-class Macro-F1,/home/mayiling/projs/apt_agent/cell_JEPA/outputs/dropcascade_kfold5/fold0/test_predictions.csv,/home/mayiling/projs/apt_agent/cell_JEPA/outputs/dropcascade_kfold5/fold0/resolved_config.json,/home/mayiling/projs/apt_agent/cell_JEPA/outputs/dropcascade_kfold5/fold0/training_log.csv,/home/mayiling/projs/apt_agent/cell_JEPA/outputs/dropcascade_kfold5/fold0/final.pt,/home/mayiling/projs/apt_agent/cell_JEPA/outputs/dropcascade_kfold5/fold0/split.csv,"{""alignment"": ""exact replay and keyed test set, no intersection filtering"", ""alignment_source"": ""/ssd3/mayiling/apt_agent_runtime/remaining_v1/oracle/soft_cascade_f0.npz"", ""best_logged_epoch"": 22, ""config"": {""data"": {""annotation_path"": ""data/cell_annotation.csv"", ""coarse_mapping_config"": ""cell_JEPA/apt_jepa/configs/coarse_lineage_explicit.yaml"", ""data_dir"": ""data"", ""drop_missing_subtype"": true, ""drop_unknown"": true, ""metadata_path"": ""data/metadata.csv"", ""subtype_col_in_annotation"": ""Celltypes_new"", ""use_quantile_binning"": false}, ""loss"": {""contrast_temperature"": 0.1, ""detach_router_for_fine"": false, ""effective_number_beta"": 0.999, ""fine_weighting"": ""none"", ""lambda_coarse"": 0.5, ""lambda_contrast"": 0.2, ""lambda_fine"": 1.0, ""same_lineage_negative_weight"": 1.0}, ""model"": {""dropout"": 0.1, ""expert_scale"": 1.0, ""ff_dim"": 512, ""hidden_dim"": 256, ""n_heads"": 8, ""n_layers"": 4, ""num_features"": 293, ""pretrained_checkpoint"": null, ""projection_dim"": 128, ""routing_epsilon"": 0.1, ""routing_strength"": 0.5, ""routing_temperature"": 1.0}, ""sampler"": {""cells_per_domain"": 4, ""diseases_per_subtype"": 2, ""enabled"": false, ""steps_per_epoch"": null, ""subtypes_per_batch"": 14}, ""schedule"": {""calibration_epochs"": 5, ""calibration_lr"": 0.0003, ""contrast_ramp_epochs"": 10, ""routing_ramp_epochs"": 10, ""warmup_epochs"": 5}, ""split"": {""external_split_csv"": ""cell_JEPA/outputs/dropcascade_kfold5_splits/fold0_split.csv"", ""held_out_disease"": null, ""mode"": ""external"", ""ratios"": {""test"": 0.15, ""train"": 0.7, ""val"": 0.15}, ""seed"": 42}, ""train"": {""batch_size"": 512, ""epochs"": 50, ""grad_clip_norm"": 1.0, ""lr"": 0.0001, ""num_workers"": 4, ""output_dir"": ""cell_JEPA/outputs/dropcascade_kfold5/fold0"", ""patience"": 10, ""seed"": 42, ""use_amp"": true, ""weight_decay"": 1e-05}}, ""declared_max_epochs"": 50, ""evaluated_recipe_count"": ""one retained configuration; complete historical search count unavailable"", ""final_equals_best_tensors"": true, ""final_replay_calibration_budget"": 0, ""input_features_status"": ""293 features in saved config; exact historical feature-ID list not serialized in this audit"", ""max_epoch_status"": ""recovered from selected best.pt training config; final model tensors identical"", ""observed_epochs"": 32, ""original_calibration_budget"": 5, ""pooled_source"": ""/home/mayiling/projs/apt_agent/cell_JEPA/outputs/dropcascade_kfold5/pooled_oof_predictions.csv"", ""resolved_config"": {""data"": {""annotation_path"": ""data/cell_annotation.csv"", ""coarse_mapping_config"": ""cell_JEPA/apt_jepa/configs/coarse_lineage_explicit.yaml"", ""data_dir"": ""data"", ""drop_missing_subtype"": true, ""drop_unknown"": true, ""metadata_path"": ""data/metadata.csv"", ""subtype_col_in_annotation"": ""Celltypes_new"", ""use_quantile_binning"": false}, ""loss"": {""contrast_temperature"": 0.1, ""detach_router_for_fine"": false, ""effective_number_beta"": 0.999, ""fine_weighting"": ""none"", ""lambda_coarse"": 0.5, ""lambda_contrast"": 0.2, ""lambda_fine"": 1.0, ""same_lineage_negative_weight"": 1.0}, ""model"": {""dropout"": 0.1, ""expert_scale"": 1.0, ""ff_dim"": 512, ""hidden_dim"": 256, ""n_heads"": 8, ""n_layers"": 4, ""num_features"": 293, ""pretrained_checkpoint"": null, ""projection_dim"": 128, ""routing_epsilon"": 0.1, ""routing_strength"": 0.5, ""routing_temperature"": 1.0}, ""sampler"": {""cells_per_domain"": 4, ""diseases_per_subtype"": 2, ""enabled"": false, ""steps_per_epoch"": null, ""subtypes_per_batch"": 14}, ""schedule"": {""calibration_epochs"": 0, ""calibration_lr"": 0.0003, ""contrast_ramp_epochs"": 10, ""routing_ramp_epochs"": 10, ""warmup_epochs"": 5}, ""split"": {""external_split_csv"": ""cell_JEPA/outputs/dropcascade_kfold5_splits/fold0_split.csv"", ""held_out_disease"": null, ""mode"": ""external"", ""ratios"": {""test"": 0.15, ""train"": 0.7, ""val"": 0.15}, ""seed"": 42}, ""train"": {""batch_size"": 512, ""epochs"": 0, ""grad_clip_norm"": 1.0, ""lr"": 0.0001, ""num_workers"": 4, ""output_dir"": ""cell_JEPA/outputs/dropcascade_kfold5/fold0"", ""patience"": 10, ""seed"": 42, ""use_amp"": true, ""weight_decay"": 1e-05}}, ""test"": {""cell_count"": 66980, ""patient_count"": 8}, ""validation"": {""cell_count"": 68381, ""patient_count"": 8}}"
soft_cascade,coarse+fine,1,selected_checkpoint,42,24,207172,8,86239,8,68381,"provided apt_expression, train-only mean/std, no quantile binning","validation fine CW Macro-F1, first strict maximum, patience 10; all 27 classes","no development refit; selected checkpoint, calibration_epochs=0","all fit cells, shuffled mini-batches; no weighted sampler",fine/coarse and disease contrastive labels,P,42,2000,subject-normalized pooled fixed-class Macro-F1,/home/mayiling/projs/apt_agent/cell_JEPA/outputs/dropcascade_kfold5/fold1/test_predictions.csv,/home/mayiling/projs/apt_agent/cell_JEPA/outputs/dropcascade_kfold5/fold1/resolved_config.json,/home/mayiling/projs/apt_agent/cell_JEPA/outputs/dropcascade_kfold5/fold1/training_log.csv,/home/mayiling/projs/apt_agent/cell_JEPA/outputs/dropcascade_kfold5/fold1/final.pt,/home/mayiling/projs/apt_agent/cell_JEPA/outputs/dropcascade_kfold5/fold1/split.csv,"{""alignment"": ""exact replay and keyed test set, no intersection filtering"", ""alignment_source"": ""/ssd3/mayiling/apt_agent_runtime/remaining_v1/oracle/soft_cascade_f1.npz"", ""best_logged_epoch"": 26, ""config"": {""data"": {""annotation_path"": ""data/cell_annotation.csv"", ""coarse_mapping_config"": ""cell_JEPA/apt_jepa/configs/coarse_lineage_explicit.yaml"", ""data_dir"": ""data"", ""drop_missing_subtype"": true, ""drop_unknown"": true, ""metadata_path"": ""data/metadata.csv"", ""subtype_col_in_annotation"": ""Celltypes_new"", ""use_quantile_binning"": false}, ""loss"": {""contrast_temperature"": 0.1, ""detach_router_for_fine"": false, ""effective_number_beta"": 0.999, ""fine_weighting"": ""none"", ""lambda_coarse"": 0.5, ""lambda_contrast"": 0.2, ""lambda_fine"": 1.0, ""same_lineage_negative_weight"": 1.0}, ""model"": {""dropout"": 0.1, ""expert_scale"": 1.0, ""ff_dim"": 512, ""hidden_dim"": 256, ""n_heads"": 8, ""n_layers"": 4, ""num_features"": 293, ""pretrained_checkpoint"": null, ""projection_dim"": 128, ""routing_epsilon"": 0.1, ""routing_strength"": 0.5, ""routing_temperature"": 1.0}, ""sampler"": {""cells_per_domain"": 4, ""diseases_per_subtype"": 2, ""enabled"": false, ""steps_per_epoch"": null, ""subtypes_per_batch"": 14}, ""schedule"": {""calibration_epochs"": 5, ""calibration_lr"": 0.0003, ""contrast_ramp_epochs"": 10, ""routing_ramp_epochs"": 10, ""warmup_epochs"": 5}, ""split"": {""external_split_csv"": ""cell_JEPA/outputs/dropcascade_kfold5_splits/fold1_split.csv"", ""held_out_disease"": null, ""mode"": ""external"", ""ratios"": {""test"": 0.15, ""train"": 0.7, ""val"": 0.15}, ""seed"": 42}, ""train"": {""batch_size"": 512, ""epochs"": 50, ""grad_clip_norm"": 1.0, ""lr"": 0.0001, ""num_workers"": 4, ""output_dir"": ""cell_JEPA/outputs/dropcascade_kfold5/fold1"", ""patience"": 10, ""seed"": 42, ""use_amp"": true, ""weight_decay"": 1e-05}}, ""declared_max_epochs"": 50, ""evaluated_recipe_count"": ""one retained configuration; complete historical search count unavailable"", ""final_equals_best_tensors"": true, ""final_replay_calibration_budget"": 0, ""input_features_status"": ""293 features in saved config; exact historical feature-ID list not serialized in this audit"", ""max_epoch_status"": ""recovered from selected best.pt training config; final model tensors identical"", ""observed_epochs"": 36, ""original_calibration_budget"": 5, ""pooled_source"": ""/home/mayiling/projs/apt_agent/cell_JEPA/outputs/dropcascade_kfold5/pooled_oof_predictions.csv"", ""resolved_config"": {""data"": {""annotation_path"": ""data/cell_annotation.csv"", ""coarse_mapping_config"": ""cell_JEPA/apt_jepa/configs/coarse_lineage_explicit.yaml"", ""data_dir"": ""data"", ""drop_missing_subtype"": true, ""drop_unknown"": true, ""metadata_path"": ""data/metadata.csv"", ""subtype_col_in_annotation"": ""Celltypes_new"", ""use_quantile_binning"": false}, ""loss"": {""contrast_temperature"": 0.1, ""detach_router_for_fine"": false, ""effective_number_beta"": 0.999, ""fine_weighting"": ""none"", ""lambda_coarse"": 0.5, ""lambda_contrast"": 0.2, ""lambda_fine"": 1.0, ""same_lineage_negative_weight"": 1.0}, ""model"": {""dropout"": 0.1, ""expert_scale"": 1.0, ""ff_dim"": 512, ""hidden_dim"": 256, ""n_heads"": 8, ""n_layers"": 4, ""num_features"": 293, ""pretrained_checkpoint"": null, ""projection_dim"": 128, ""routing_epsilon"": 0.1, ""routing_strength"": 0.5, ""routing_temperature"": 1.0}, ""sampler"": {""cells_per_domain"": 4, ""diseases_per_subtype"": 2, ""enabled"": false, ""steps_per_epoch"": null, ""subtypes_per_batch"": 14}, ""schedule"": {""calibration_epochs"": 0, ""calibration_lr"": 0.0003, ""contrast_ramp_epochs"": 10, ""routing_ramp_epochs"": 10, ""warmup_epochs"": 5}, ""split"": {""external_split_csv"": ""cell_JEPA/outputs/dropcascade_kfold5_splits/fold1_split.csv"", ""held_out_disease"": null, ""mode"": ""external"", ""ratios"": {""test"": 0.15, ""train"": 0.7, ""val"": 0.15}, ""seed"": 42}, ""train"": {""batch_size"": 512, ""epochs"": 0, ""grad_clip_norm"": 1.0, ""lr"": 0.0001, ""num_workers"": 4, ""output_dir"": ""cell_JEPA/outputs/dropcascade_kfold5/fold1"", ""patience"": 10, ""seed"": 42, ""use_amp"": true, ""weight_decay"": 1e-05}}, ""test"": {""cell_count"": 68381, ""patient_count"": 8}, ""validation"": {""cell_count"": 86239, ""patient_count"": 8}}"
soft_cascade,coarse+fine,2,selected_checkpoint,42,24,206704,8,68849,8,86239,"provided apt_expression, train-only mean/std, no quantile binning","validation fine CW Macro-F1, first strict maximum, patience 10; all 27 classes","no development refit; selected checkpoint, calibration_epochs=0","all fit cells, shuffled mini-batches; no weighted sampler",fine/coarse and disease contrastive labels,P,42,2000,subject-normalized pooled fixed-class Macro-F1,/home/mayiling/projs/apt_agent/cell_JEPA/outputs/dropcascade_kfold5/fold2/test_predictions.csv,/home/mayiling/projs/apt_agent/cell_JEPA/outputs/dropcascade_kfold5/fold2/resolved_config.json,/home/mayiling/projs/apt_agent/cell_JEPA/outputs/dropcascade_kfold5/fold2/training_log.csv,/home/mayiling/projs/apt_agent/cell_JEPA/outputs/dropcascade_kfold5/fold2/final.pt,/home/mayiling/projs/apt_agent/cell_JEPA/outputs/dropcascade_kfold5/fold2/split.csv,"{""alignment"": ""exact replay and keyed test set, no intersection filtering"", ""alignment_source"": ""/ssd3/mayiling/apt_agent_runtime/remaining_v1/oracle/soft_cascade_f2.npz"", ""best_logged_epoch"": 29, ""config"": {""data"": {""annotation_path"": ""data/cell_annotation.csv"", ""coarse_mapping_config"": ""cell_JEPA/apt_jepa/configs/coarse_lineage_explicit.yaml"", ""data_dir"": ""data"", ""drop_missing_subtype"": true, ""drop_unknown"": true, ""metadata_path"": ""data/metadata.csv"", ""subtype_col_in_annotation"": ""Celltypes_new"", ""use_quantile_binning"": false}, ""loss"": {""contrast_temperature"": 0.1, ""detach_router_for_fine"": false, ""effective_number_beta"": 0.999, ""fine_weighting"": ""none"", ""lambda_coarse"": 0.5, ""lambda_contrast"": 0.2, ""lambda_fine"": 1.0, ""same_lineage_negative_weight"": 1.0}, ""model"": {""dropout"": 0.1, ""expert_scale"": 1.0, ""ff_dim"": 512, ""hidden_dim"": 256, ""n_heads"": 8, ""n_layers"": 4, ""num_features"": 293, ""pretrained_checkpoint"": null, ""projection_dim"": 128, ""routing_epsilon"": 0.1, ""routing_strength"": 0.5, ""routing_temperature"": 1.0}, ""sampler"": {""cells_per_domain"": 4, ""diseases_per_subtype"": 2, ""enabled"": false, ""steps_per_epoch"": null, ""subtypes_per_batch"": 14}, ""schedule"": {""calibration_epochs"": 5, ""calibration_lr"": 0.0003, ""contrast_ramp_epochs"": 10, ""routing_ramp_epochs"": 10, ""warmup_epochs"": 5}, ""split"": {""external_split_csv"": ""cell_JEPA/outputs/dropcascade_kfold5_splits/fold2_split.csv"", ""held_out_disease"": null, ""mode"": ""external"", ""ratios"": {""test"": 0.15, ""train"": 0.7, ""val"": 0.15}, ""seed"": 42}, ""train"": {""batch_size"": 512, ""epochs"": 50, ""grad_clip_norm"": 1.0, ""lr"": 0.0001, ""num_workers"": 4, ""output_dir"": ""cell_JEPA/outputs/dropcascade_kfold5/fold2"", ""patience"": 10, ""seed"": 42, ""use_amp"": true, ""weight_decay"": 1e-05}}, ""declared_max_epochs"": 50, ""evaluated_recipe_count"": ""one retained configuration; complete historical search count unavailable"", ""final_equals_best_tensors"": true, ""final_replay_calibration_budget"": 0, ""input_features_status"": ""293 features in saved config; exact historical feature-ID list not serialized in this audit"", ""max_epoch_status"": ""recovered from selected best.pt training config; final model tensors identical"", ""observed_epochs"": 39, ""original_calibration_budget"": 5, ""pooled_source"": ""/home/mayiling/projs/apt_agent/cell_JEPA/outputs/dropcascade_kfold5/pooled_oof_predictions.csv"", ""resolved_config"": {""data"": {""annotation_path"": ""data/cell_annotation.csv"", ""coarse_mapping_config"": ""cell_JEPA/apt_jepa/configs/coarse_lineage_explicit.yaml"", ""data_dir"": ""data"", ""drop_missing_subtype"": true, ""drop_unknown"": true, ""metadata_path"": ""data/metadata.csv"", ""subtype_col_in_annotation"": ""Celltypes_new"", ""use_quantile_binning"": false}, ""loss"": {""contrast_temperature"": 0.1, ""detach_router_for_fine"": false, ""effective_number_beta"": 0.999, ""fine_weighting"": ""none"", ""lambda_coarse"": 0.5, ""lambda_contrast"": 0.2, ""lambda_fine"": 1.0, ""same_lineage_negative_weight"": 1.0}, ""model"": {""dropout"": 0.1, ""expert_scale"": 1.0, ""ff_dim"": 512, ""hidden_dim"": 256, ""n_heads"": 8, ""n_layers"": 4, ""num_features"": 293, ""pretrained_checkpoint"": null, ""projection_dim"": 128, ""routing_epsilon"": 0.1, ""routing_strength"": 0.5, ""routing_temperature"": 1.0}, ""sampler"": {""cells_per_domain"": 4, ""diseases_per_subtype"": 2, ""enabled"": false, ""steps_per_epoch"": null, ""subtypes_per_batch"": 14}, ""schedule"": {""calibration_epochs"": 0, ""calibration_lr"": 0.0003, ""contrast_ramp_epochs"": 10, ""routing_ramp_epochs"": 10, ""warmup_epochs"": 5}, ""split"": {""external_split_csv"": ""cell_JEPA/outputs/dropcascade_kfold5_splits/fold2_split.csv"", ""held_out_disease"": null, ""mode"": ""external"", ""ratios"": {""test"": 0.15, ""train"": 0.7, ""val"": 0.15}, ""seed"": 42}, ""train"": {""batch_size"": 512, ""epochs"": 0, ""grad_clip_norm"": 1.0, ""lr"": 0.0001, ""num_workers"": 4, ""output_dir"": ""cell_JEPA/outputs/dropcascade_kfold5/fold2"", ""patience"": 10, ""seed"": 42, ""use_amp"": true, ""weight_decay"": 1e-05}}, ""test"": {""cell_count"": 86239, ""patient_count"": 8}, ""validation"": {""cell_count"": 68849, ""patient_count"": 8}}"
soft_cascade,coarse+fine,3,selected_checkpoint,42,24,221600,8,71343,8,68849,"provided apt_expression, train-only mean/std, no quantile binning","validation fine CW Macro-F1, first strict maximum, patience 10; all 27 classes","no development refit; selected checkpoint, calibration_epochs=0","all fit cells, shuffled mini-batches; no weighted sampler",fine/coarse and disease contrastive labels,P,42,2000,subject-normalized pooled fixed-class Macro-F1,/home/mayiling/projs/apt_agent/cell_JEPA/outputs/dropcascade_kfold5/fold3/test_predictions.csv,/home/mayiling/projs/apt_agent/cell_JEPA/outputs/dropcascade_kfold5/fold3/resolved_config.json,/home/mayiling/projs/apt_agent/cell_JEPA/outputs/dropcascade_kfold5/fold3/training_log.csv,/home/mayiling/projs/apt_agent/cell_JEPA/outputs/dropcascade_kfold5/fold3/final.pt,/home/mayiling/projs/apt_agent/cell_JEPA/outputs/dropcascade_kfold5/fold3/split.csv,"{""alignment"": ""exact replay and keyed test set, no intersection filtering"", ""alignment_source"": ""/ssd3/mayiling/apt_agent_runtime/remaining_v1/oracle/soft_cascade_f3.npz"", ""best_logged_epoch"": 13, ""config"": {""data"": {""annotation_path"": ""data/cell_annotation.csv"", ""coarse_mapping_config"": ""cell_JEPA/apt_jepa/configs/coarse_lineage_explicit.yaml"", ""data_dir"": ""data"", ""drop_missing_subtype"": true, ""drop_unknown"": true, ""metadata_path"": ""data/metadata.csv"", ""subtype_col_in_annotation"": ""Celltypes_new"", ""use_quantile_binning"": false}, ""loss"": {""contrast_temperature"": 0.1, ""detach_router_for_fine"": false, ""effective_number_beta"": 0.999, ""fine_weighting"": ""none"", ""lambda_coarse"": 0.5, ""lambda_contrast"": 0.2, ""lambda_fine"": 1.0, ""same_lineage_negative_weight"": 1.0}, ""model"": {""dropout"": 0.1, ""expert_scale"": 1.0, ""ff_dim"": 512, ""hidden_dim"": 256, ""n_heads"": 8, ""n_layers"": 4, ""num_features"": 293, ""pretrained_checkpoint"": null, ""projection_dim"": 128, ""routing_epsilon"": 0.1, ""routing_strength"": 0.5, ""routing_temperature"": 1.0}, ""sampler"": {""cells_per_domain"": 4, ""diseases_per_subtype"": 2, ""enabled"": false, ""steps_per_epoch"": null, ""subtypes_per_batch"": 14}, ""schedule"": {""calibration_epochs"": 5, ""calibration_lr"": 0.0003, ""contrast_ramp_epochs"": 10, ""routing_ramp_epochs"": 10, ""warmup_epochs"": 5}, ""split"": {""external_split_csv"": ""cell_JEPA/outputs/dropcascade_kfold5_splits/fold3_split.csv"", ""held_out_disease"": null, ""mode"": ""external"", ""ratios"": {""test"": 0.15, ""train"": 0.7, ""val"": 0.15}, ""seed"": 42}, ""train"": {""batch_size"": 512, ""epochs"": 50, ""grad_clip_norm"": 1.0, ""lr"": 0.0001, ""num_workers"": 4, ""output_dir"": ""cell_JEPA/outputs/dropcascade_kfold5/fold3"", ""patience"": 10, ""seed"": 42, ""use_amp"": true, ""weight_decay"": 1e-05}}, ""declared_max_epochs"": 50, ""evaluated_recipe_count"": ""one retained configuration; complete historical search count unavailable"", ""final_equals_best_tensors"": true, ""final_replay_calibration_budget"": 0, ""input_features_status"": ""293 features in saved config; exact historical feature-ID list not serialized in this audit"", ""max_epoch_status"": ""recovered from selected best.pt training config; final model tensors identical"", ""observed_epochs"": 23, ""original_calibration_budget"": 5, ""pooled_source"": ""/home/mayiling/projs/apt_agent/cell_JEPA/outputs/dropcascade_kfold5/pooled_oof_predictions.csv"", ""resolved_config"": {""data"": {""annotation_path"": ""data/cell_annotation.csv"", ""coarse_mapping_config"": ""cell_JEPA/apt_jepa/configs/coarse_lineage_explicit.yaml"", ""data_dir"": ""data"", ""drop_missing_subtype"": true, ""drop_unknown"": true, ""metadata_path"": ""data/metadata.csv"", ""subtype_col_in_annotation"": ""Celltypes_new"", ""use_quantile_binning"": false}, ""loss"": {""contrast_temperature"": 0.1, ""detach_router_for_fine"": false, ""effective_number_beta"": 0.999, ""fine_weighting"": ""none"", ""lambda_coarse"": 0.5, ""lambda_contrast"": 0.2, ""lambda_fine"": 1.0, ""same_lineage_negative_weight"": 1.0}, ""model"": {""dropout"": 0.1, ""expert_scale"": 1.0, ""ff_dim"": 512, ""hidden_dim"": 256, ""n_heads"": 8, ""n_layers"": 4, ""num_features"": 293, ""pretrained_checkpoint"": null, ""projection_dim"": 128, ""routing_epsilon"": 0.1, ""routing_strength"": 0.5, ""routing_temperature"": 1.0}, ""sampler"": {""cells_per_domain"": 4, ""diseases_per_subtype"": 2, ""enabled"": false, ""steps_per_epoch"": null, ""subtypes_per_batch"": 14}, ""schedule"": {""calibration_epochs"": 0, ""calibration_lr"": 0.0003, ""contrast_ramp_epochs"": 10, ""routing_ramp_epochs"": 10, ""warmup_epochs"": 5}, ""split"": {""external_split_csv"": ""cell_JEPA/outputs/dropcascade_kfold5_splits/fold3_split.csv"", ""held_out_disease"": null, ""mode"": ""external"", ""ratios"": {""test"": 0.15, ""train"": 0.7, ""val"": 0.15}, ""seed"": 42}, ""train"": {""batch_size"": 512, ""epochs"": 0, ""grad_clip_norm"": 1.0, ""lr"": 0.0001, ""num_workers"": 4, ""output_dir"": ""cell_JEPA/outputs/dropcascade_kfold5/fold3"", ""patience"": 10, ""seed"": 42, ""use_amp"": true, ""weight_decay"": 1e-05}}, ""test"": {""cell_count"": 68849, ""patient_count"": 8}, ""validation"": {""cell_count"": 71343, ""patient_count"": 8}}"
soft_cascade,coarse+fine,4,selected_checkpoint,42,24,223469,8,66980,8,71343,"provided apt_expression, train-only mean/std, no quantile binning","validation fine CW Macro-F1, first strict maximum, patience 10; all 27 classes","no development refit; selected checkpoint, calibration_epochs=0","all fit cells, shuffled mini-batches; no weighted sampler",fine/coarse and disease contrastive labels,P,42,2000,subject-normalized pooled fixed-class Macro-F1,/home/mayiling/projs/apt_agent/cell_JEPA/outputs/dropcascade_kfold5/fold4/test_predictions.csv,/home/mayiling/projs/apt_agent/cell_JEPA/outputs/dropcascade_kfold5/fold4/resolved_config.json,/home/mayiling/projs/apt_agent/cell_JEPA/outputs/dropcascade_kfold5/fold4/training_log.csv,/home/mayiling/projs/apt_agent/cell_JEPA/outputs/dropcascade_kfold5/fold4/final.pt,/home/mayiling/projs/apt_agent/cell_JEPA/outputs/dropcascade_kfold5/fold4/split.csv,"{""alignment"": ""exact replay and keyed test set, no intersection filtering"", ""alignment_source"": ""/ssd3/mayiling/apt_agent_runtime/remaining_v1/oracle/soft_cascade_f4.npz"", ""best_logged_epoch"": 31, ""config"": {""data"": {""annotation_path"": ""data/cell_annotation.csv"", ""coarse_mapping_config"": ""cell_JEPA/apt_jepa/configs/coarse_lineage_explicit.yaml"", ""data_dir"": ""data"", ""drop_missing_subtype"": true, ""drop_unknown"": true, ""metadata_path"": ""data/metadata.csv"", ""subtype_col_in_annotation"": ""Celltypes_new"", ""use_quantile_binning"": false}, ""loss"": {""contrast_temperature"": 0.1, ""detach_router_for_fine"": false, ""effective_number_beta"": 0.999, ""fine_weighting"": ""none"", ""lambda_coarse"": 0.5, ""lambda_contrast"": 0.2, ""lambda_fine"": 1.0, ""same_lineage_negative_weight"": 1.0}, ""model"": {""dropout"": 0.1, ""expert_scale"": 1.0, ""ff_dim"": 512, ""hidden_dim"": 256, ""n_heads"": 8, ""n_layers"": 4, ""num_features"": 293, ""pretrained_checkpoint"": null, ""projection_dim"": 128, ""routing_epsilon"": 0.1, ""routing_strength"": 0.5, ""routing_temperature"": 1.0}, ""sampler"": {""cells_per_domain"": 4, ""diseases_per_subtype"": 2, ""enabled"": false, ""steps_per_epoch"": null, ""subtypes_per_batch"": 14}, ""schedule"": {""calibration_epochs"": 5, ""calibration_lr"": 0.0003, ""contrast_ramp_epochs"": 10, ""routing_ramp_epochs"": 10, ""warmup_epochs"": 5}, ""split"": {""external_split_csv"": ""cell_JEPA/outputs/dropcascade_kfold5_splits/fold4_split.csv"", ""held_out_disease"": null, ""mode"": ""external"", ""ratios"": {""test"": 0.15, ""train"": 0.7, ""val"": 0.15}, ""seed"": 42}, ""train"": {""batch_size"": 512, ""epochs"": 50, ""grad_clip_norm"": 1.0, ""lr"": 0.0001, ""num_workers"": 4, ""output_dir"": ""cell_JEPA/outputs/dropcascade_kfold5/fold4"", ""patience"": 10, ""seed"": 42, ""use_amp"": true, ""weight_decay"": 1e-05}}, ""declared_max_epochs"": 50, ""evaluated_recipe_count"": ""one retained configuration; complete historical search count unavailable"", ""final_equals_best_tensors"": true, ""final_replay_calibration_budget"": 0, ""input_features_status"": ""293 features in saved config; exact historical feature-ID list not serialized in this audit"", ""max_epoch_status"": ""recovered from selected best.pt training config; final model tensors identical"", ""observed_epochs"": 41, ""original_calibration_budget"": 5, ""pooled_source"": ""/home/mayiling/projs/apt_agent/cell_JEPA/outputs/dropcascade_kfold5/pooled_oof_predictions.csv"", ""resolved_config"": {""data"": {""annotation_path"": ""data/cell_annotation.csv"", ""coarse_mapping_config"": ""cell_JEPA/apt_jepa/configs/coarse_lineage_explicit.yaml"", ""data_dir"": ""data"", ""drop_missing_subtype"": true, ""drop_unknown"": true, ""metadata_path"": ""data/metadata.csv"", ""subtype_col_in_annotation"": ""Celltypes_new"", ""use_quantile_binning"": false}, ""loss"": {""contrast_temperature"": 0.1, ""detach_router_for_fine"": false, ""effective_number_beta"": 0.999, ""fine_weighting"": ""none"", ""lambda_coarse"": 0.5, ""lambda_contrast"": 0.2, ""lambda_fine"": 1.0, ""same_lineage_negative_weight"": 1.0}, ""model"": {""dropout"": 0.1, ""expert_scale"": 1.0, ""ff_dim"": 512, ""hidden_dim"": 256, ""n_heads"": 8, ""n_layers"": 4, ""num_features"": 293, ""pretrained_checkpoint"": null, ""projection_dim"": 128, ""routing_epsilon"": 0.1, ""routing_strength"": 0.5, ""routing_temperature"": 1.0}, ""sampler"": {""cells_per_domain"": 4, ""diseases_per_subtype"": 2, ""enabled"": false, ""steps_per_epoch"": null, ""subtypes_per_batch"": 14}, ""schedule"": {""calibration_epochs"": 0, ""calibration_lr"": 0.0003, ""contrast_ramp_epochs"": 10, ""routing_ramp_epochs"": 10, ""warmup_epochs"": 5}, ""split"": {""external_split_csv"": ""cell_JEPA/outputs/dropcascade_kfold5_splits/fold4_split.csv"", ""held_out_disease"": null, ""mode"": ""external"", ""ratios"": {""test"": 0.15, ""train"": 0.7, ""val"": 0.15}, ""seed"": 42}, ""train"": {""batch_size"": 512, ""epochs"": 0, ""grad_clip_norm"": 1.0, ""lr"": 0.0001, ""num_workers"": 4, ""output_dir"": ""cell_JEPA/outputs/dropcascade_kfold5/fold4"", ""patience"": 10, ""seed"": 42, ""use_amp"": true, ""weight_decay"": 1e-05}}, ""test"": {""cell_count"": 71343, ""patient_count"": 8}, ""validation"": {""cell_count"": 66980, ""patient_count"": 8}}"
plain_mlp,coarse,0,inner_selection,20260912,24,226431,8,68381,8,66980,provided apt_expression; stage-specific training-only StandardScaler; outer saved scaler verified,task-specific validation SB Macro-F1; two decays x 50 epochs; first strict maximum,fresh initialization and scaler on all development cells,"all stage fit cells, shuffled mini-batches; unweighted CE",coarse labels only,SP,20260912,2000,subject-normalized pooled fixed-class Macro-F1,/ssd3/mayiling/apt_agent_runtime/remaining_v1/full_mlp/s20260912_f0_coarse.npz,/ssd3/mayiling/apt_agent_runtime/remaining_v1/full_mlp/protocol.json,/ssd3/mayiling/apt_agent_runtime/remaining_v1/full_mlp/s20260912_f0_coarse.json,/ssd3/mayiling/apt_agent_runtime/remaining_v1/full_mlp/s20260912_f0_coarse.pt,unavailable,"{""candidates"": [1e-05, 0.001], ""evaluated_configs"": 2, ""input_features_status"": ""saved checkpoint features exactly match keyed current 293-column input"", ""selected_decay"": 1e-05, ""selected_epochs"": 16, ""test"": {""cell_count"": 66980, ""patient_count"": 8}, ""validation"": {""cell_count"": 68381, ""patient_count"": 8}}"
plain_mlp,coarse,0,outer_refit,20260912,32,294812,0,0,8,66980,provided apt_expression; stage-specific training-only StandardScaler; outer saved scaler verified,task-specific validation SB Macro-F1; two decays x 50 epochs; first strict maximum,fresh initialization and scaler on all development cells,"all stage fit cells, shuffled mini-batches; unweighted CE",coarse labels only,SP,20260912,2000,subject-normalized pooled fixed-class Macro-F1,/ssd3/mayiling/apt_agent_runtime/remaining_v1/full_mlp/s20260912_f0_coarse.npz,/ssd3/mayiling/apt_agent_runtime/remaining_v1/full_mlp/protocol.json,/ssd3/mayiling/apt_agent_runtime/remaining_v1/full_mlp/s20260912_f0_coarse.json,/ssd3/mayiling/apt_agent_runtime/remaining_v1/full_mlp/s20260912_f0_coarse.pt,unavailable,"{""candidates"": [1e-05, 0.001], ""evaluated_configs"": 2, ""input_features_status"": ""saved checkpoint features exactly match keyed current 293-column input"", ""selected_decay"": 1e-05, ""selected_epochs"": 16, ""test"": {""cell_count"": 66980, ""patient_count"": 8}, ""validation"": {""cell_count"": 0, ""patient_count"": 0}}"
plain_mlp,coarse,1,inner_selection,20260912,24,207172,8,86239,8,68381,provided apt_expression; stage-specific training-only StandardScaler; outer saved scaler verified,task-specific validation SB Macro-F1; two decays x 50 epochs; first strict maximum,fresh initialization and scaler on all development cells,"all stage fit cells, shuffled mini-batches; unweighted CE",coarse labels only,SP,20260912,2000,subject-normalized pooled fixed-class Macro-F1,/ssd3/mayiling/apt_agent_runtime/remaining_v1/full_mlp/s20260912_f1_coarse.npz,/ssd3/mayiling/apt_agent_runtime/remaining_v1/full_mlp/protocol.json,/ssd3/mayiling/apt_agent_runtime/remaining_v1/full_mlp/s20260912_f1_coarse.json,/ssd3/mayiling/apt_agent_runtime/remaining_v1/full_mlp/s20260912_f1_coarse.pt,unavailable,"{""candidates"": [1e-05, 0.001], ""evaluated_configs"": 2, ""input_features_status"": ""saved checkpoint features exactly match keyed current 293-column input"", ""selected_decay"": 1e-05, ""selected_epochs"": 41, ""test"": {""cell_count"": 68381, ""patient_count"": 8}, ""validation"": {""cell_count"": 86239, ""patient_count"": 8}}"
plain_mlp,coarse,1,outer_refit,20260912,32,293411,0,0,8,68381,provided apt_expression; stage-specific training-only StandardScaler; outer saved scaler verified,task-specific validation SB Macro-F1; two decays x 50 epochs; first strict maximum,fresh initialization and scaler on all development cells,"all stage fit cells, shuffled mini-batches; unweighted CE",coarse labels only,SP,20260912,2000,subject-normalized pooled fixed-class Macro-F1,/ssd3/mayiling/apt_agent_runtime/remaining_v1/full_mlp/s20260912_f1_coarse.npz,/ssd3/mayiling/apt_agent_runtime/remaining_v1/full_mlp/protocol.json,/ssd3/mayiling/apt_agent_runtime/remaining_v1/full_mlp/s20260912_f1_coarse.json,/ssd3/mayiling/apt_agent_runtime/remaining_v1/full_mlp/s20260912_f1_coarse.pt,unavailable,"{""candidates"": [1e-05, 0.001], ""evaluated_configs"": 2, ""input_features_status"": ""saved checkpoint features exactly match keyed current 293-column input"", ""selected_decay"": 1e-05, ""selected_epochs"": 41, ""test"": {""cell_count"": 68381, ""patient_count"": 8}, ""validation"": {""cell_count"": 0, ""patient_count"": 0}}"
plain_mlp,coarse,2,inner_selection,20260912,24,206704,8,68849,8,86239,provided apt_expression; stage-specific training-only StandardScaler; outer saved scaler verified,task-specific validation SB Macro-F1; two decays x 50 epochs; first strict maximum,fresh initialization and scaler on all development cells,"all stage fit cells, shuffled mini-batches; unweighted CE",coarse labels only,SP,20260912,2000,subject-normalized pooled fixed-class Macro-F1,/ssd3/mayiling/apt_agent_runtime/remaining_v1/full_mlp/s20260912_f2_coarse.npz,/ssd3/mayiling/apt_agent_runtime/remaining_v1/full_mlp/protocol.json,/ssd3/mayiling/apt_agent_runtime/remaining_v1/full_mlp/s20260912_f2_coarse.json,/ssd3/mayiling/apt_agent_runtime/remaining_v1/full_mlp/s20260912_f2_coarse.pt,unavailable,"{""candidates"": [1e-05, 0.001], ""evaluated_configs"": 2, ""input_features_status"": ""saved checkpoint features exactly match keyed current 293-column input"", ""selected_decay"": 1e-05, ""selected_epochs"": 23, ""test"": {""cell_count"": 86239, ""patient_count"": 8}, ""validation"": {""cell_count"": 68849, ""patient_count"": 8}}"
plain_mlp,coarse,2,outer_refit,20260912,32,275553,0,0,8,86239,provided apt_expression; stage-specific training-only StandardScaler; outer saved scaler verified,task-specific validation SB Macro-F1; two decays x 50 epochs; first strict maximum,fresh initialization and scaler on all development cells,"all stage fit cells, shuffled mini-batches; unweighted CE",coarse labels only,SP,20260912,2000,subject-normalized pooled fixed-class Macro-F1,/ssd3/mayiling/apt_agent_runtime/remaining_v1/full_mlp/s20260912_f2_coarse.npz,/ssd3/mayiling/apt_agent_runtime/remaining_v1/full_mlp/protocol.json,/ssd3/mayiling/apt_agent_runtime/remaining_v1/full_mlp/s20260912_f2_coarse.json,/ssd3/mayiling/apt_agent_runtime/remaining_v1/full_mlp/s20260912_f2_coarse.pt,unavailable,"{""candidates"": [1e-05, 0.001], ""evaluated_configs"": 2, ""input_features_status"": ""saved checkpoint features exactly match keyed current 293-column input"", ""selected_decay"": 1e-05, ""selected_epochs"": 23, ""test"": {""cell_count"": 86239, ""patient_count"": 8}, ""validation"": {""cell_count"": 0, ""patient_count"": 0}}"
plain_mlp,coarse,3,inner_selection,20260912,24,221600,8,71343,8,68849,provided apt_expression; stage-specific training-only StandardScaler; outer saved scaler verified,task-specific validation SB Macro-F1; two decays x 50 epochs; first strict maximum,fresh initialization and scaler on all development cells,"all stage fit cells, shuffled mini-batches; unweighted CE",coarse labels only,SP,20260912,2000,subject-normalized pooled fixed-class Macro-F1,/ssd3/mayiling/apt_agent_runtime/remaining_v1/full_mlp/s20260912_f3_coarse.npz,/ssd3/mayiling/apt_agent_runtime/remaining_v1/full_mlp/protocol.json,/ssd3/mayiling/apt_agent_runtime/remaining_v1/full_mlp/s20260912_f3_coarse.json,/ssd3/mayiling/apt_agent_runtime/remaining_v1/full_mlp/s20260912_f3_coarse.pt,unavailable,"{""candidates"": [1e-05, 0.001], ""evaluated_configs"": 2, ""input_features_status"": ""saved checkpoint features exactly match keyed current 293-column input"", ""selected_decay"": 0.001, ""selected_epochs"": 15, ""test"": {""cell_count"": 68849, ""patient_count"": 8}, ""validation"": {""cell_count"": 71343, ""patient_count"": 8}}"
plain_mlp,coarse,3,outer_refit,20260912,32,292943,0,0,8,68849,provided apt_expression; stage-specific training-only StandardScaler; outer saved scaler verified,task-specific validation SB Macro-F1; two decays x 50 epochs; first strict maximum,fresh initialization and scaler on all development cells,"all stage fit cells, shuffled mini-batches; unweighted CE",coarse labels only,SP,20260912,2000,subject-normalized pooled fixed-class Macro-F1,/ssd3/mayiling/apt_agent_runtime/remaining_v1/full_mlp/s20260912_f3_coarse.npz,/ssd3/mayiling/apt_agent_runtime/remaining_v1/full_mlp/protocol.json,/ssd3/mayiling/apt_agent_runtime/remaining_v1/full_mlp/s20260912_f3_coarse.json,/ssd3/mayiling/apt_agent_runtime/remaining_v1/full_mlp/s20260912_f3_coarse.pt,unavailable,"{""candidates"": [1e-05, 0.001], ""evaluated_configs"": 2, ""input_features_status"": ""saved checkpoint features exactly match keyed current 293-column input"", ""selected_decay"": 0.001, ""selected_epochs"": 15, ""test"": {""cell_count"": 68849, ""patient_count"": 8}, ""validation"": {""cell_count"": 0, ""patient_count"": 0}}"
plain_mlp,coarse,4,inner_selection,20260912,24,223469,8,66980,8,71343,provided apt_expression; stage-specific training-only StandardScaler; outer saved scaler verified,task-specific validation SB Macro-F1; two decays x 50 epochs; first strict maximum,fresh initialization and scaler on all development cells,"all stage fit cells, shuffled mini-batches; unweighted CE",coarse labels only,SP,20260912,2000,subject-normalized pooled fixed-class Macro-F1,/ssd3/mayiling/apt_agent_runtime/remaining_v1/full_mlp/s20260912_f4_coarse.npz,/ssd3/mayiling/apt_agent_runtime/remaining_v1/full_mlp/protocol.json,/ssd3/mayiling/apt_agent_runtime/remaining_v1/full_mlp/s20260912_f4_coarse.json,/ssd3/mayiling/apt_agent_runtime/remaining_v1/full_mlp/s20260912_f4_coarse.pt,unavailable,"{""candidates"": [1e-05, 0.001], ""evaluated_configs"": 2, ""input_features_status"": ""saved checkpoint features exactly match keyed current 293-column input"", ""selected_decay"": 0.001, ""selected_epochs"": 50, ""test"": {""cell_count"": 71343, ""patient_count"": 8}, ""validation"": {""cell_count"": 66980, ""patient_count"": 8}}"
plain_mlp,coarse,4,outer_refit,20260912,32,290449,0,0,8,71343,provided apt_expression; stage-specific training-only StandardScaler; outer saved scaler verified,task-specific validation SB Macro-F1; two decays x 50 epochs; first strict maximum,fresh initialization and scaler on all development cells,"all stage fit cells, shuffled mini-batches; unweighted CE",coarse labels only,SP,20260912,2000,subject-normalized pooled fixed-class Macro-F1,/ssd3/mayiling/apt_agent_runtime/remaining_v1/full_mlp/s20260912_f4_coarse.npz,/ssd3/mayiling/apt_agent_runtime/remaining_v1/full_mlp/protocol.json,/ssd3/mayiling/apt_agent_runtime/remaining_v1/full_mlp/s20260912_f4_coarse.json,/ssd3/mayiling/apt_agent_runtime/remaining_v1/full_mlp/s20260912_f4_coarse.pt,unavailable,"{""candidates"": [1e-05, 0.001], ""evaluated_configs"": 2, ""input_features_status"": ""saved checkpoint features exactly match keyed current 293-column input"", ""selected_decay"": 0.001, ""selected_epochs"": 50, ""test"": {""cell_count"": 71343, ""patient_count"": 8}, ""validation"": {""cell_count"": 0, ""patient_count"": 0}}"
plain_mlp,fine,0,inner_selection,20260912,24,226431,8,68381,8,66980,provided apt_expression; stage-specific training-only StandardScaler; outer saved scaler verified,task-specific validation SB Macro-F1; two decays x 50 epochs; first strict maximum,fresh initialization and scaler on all development cells,"all stage fit cells, shuffled mini-batches; unweighted CE",fine labels only,SP,20260912,2000,subject-normalized pooled fixed-class Macro-F1,/ssd3/mayiling/apt_agent_runtime/remaining_v1/full_mlp/s20260912_f0_fine.npz,/ssd3/mayiling/apt_agent_runtime/remaining_v1/full_mlp/protocol.json,/ssd3/mayiling/apt_agent_runtime/remaining_v1/full_mlp/s20260912_f0_fine.json,/ssd3/mayiling/apt_agent_runtime/remaining_v1/full_mlp/s20260912_f0_fine.pt,unavailable,"{""candidates"": [1e-05, 0.001], ""evaluated_configs"": 2, ""input_features_status"": ""saved checkpoint features exactly match keyed current 293-column input"", ""selected_decay"": 0.001, ""selected_epochs"": 32, ""test"": {""cell_count"": 66980, ""patient_count"": 8}, ""validation"": {""cell_count"": 68381, ""patient_count"": 8}}"
plain_mlp,fine,0,outer_refit,20260912,32,294812,0,0,8,66980,provided apt_expression; stage-specific training-only StandardScaler; outer saved scaler verified,task-specific validation SB Macro-F1; two decays x 50 epochs; first strict maximum,fresh initialization and scaler on all development cells,"all stage fit cells, shuffled mini-batches; unweighted CE",fine labels only,SP,20260912,2000,subject-normalized pooled fixed-class Macro-F1,/ssd3/mayiling/apt_agent_runtime/remaining_v1/full_mlp/s20260912_f0_fine.npz,/ssd3/mayiling/apt_agent_runtime/remaining_v1/full_mlp/protocol.json,/ssd3/mayiling/apt_agent_runtime/remaining_v1/full_mlp/s20260912_f0_fine.json,/ssd3/mayiling/apt_agent_runtime/remaining_v1/full_mlp/s20260912_f0_fine.pt,unavailable,"{""candidates"": [1e-05, 0.001], ""evaluated_configs"": 2, ""input_features_status"": ""saved checkpoint features exactly match keyed current 293-column input"", ""selected_decay"": 0.001, ""selected_epochs"": 32, ""test"": {""cell_count"": 66980, ""patient_count"": 8}, ""validation"": {""cell_count"": 0, ""patient_count"": 0}}"
plain_mlp,fine,1,inner_selection,20260912,24,207172,8,86239,8,68381,provided apt_expression; stage-specific training-only StandardScaler; outer saved scaler verified,task-specific validation SB Macro-F1; two decays x 50 epochs; first strict maximum,fresh initialization and scaler on all development cells,"all stage fit cells, shuffled mini-batches; unweighted CE",fine labels only,SP,20260912,2000,subject-normalized pooled fixed-class Macro-F1,/ssd3/mayiling/apt_agent_runtime/remaining_v1/full_mlp/s20260912_f1_fine.npz,/ssd3/mayiling/apt_agent_runtime/remaining_v1/full_mlp/protocol.json,/ssd3/mayiling/apt_agent_runtime/remaining_v1/full_mlp/s20260912_f1_fine.json,/ssd3/mayiling/apt_agent_runtime/remaining_v1/full_mlp/s20260912_f1_fine.pt,unavailable,"{""candidates"": [1e-05, 0.001], ""evaluated_configs"": 2, ""input_features_status"": ""saved checkpoint features exactly match keyed current 293-column input"", ""selected_decay"": 0.001, ""selected_epochs"": 44, ""test"": {""cell_count"": 68381, ""patient_count"": 8}, ""validation"": {""cell_count"": 86239, ""patient_count"": 8}}"
plain_mlp,fine,1,outer_refit,20260912,32,293411,0,0,8,68381,provided apt_expression; stage-specific training-only StandardScaler; outer saved scaler verified,task-specific validation SB Macro-F1; two decays x 50 epochs; first strict maximum,fresh initialization and scaler on all development cells,"all stage fit cells, shuffled mini-batches; unweighted CE",fine labels only,SP,20260912,2000,subject-normalized pooled fixed-class Macro-F1,/ssd3/mayiling/apt_agent_runtime/remaining_v1/full_mlp/s20260912_f1_fine.npz,/ssd3/mayiling/apt_agent_runtime/remaining_v1/full_mlp/protocol.json,/ssd3/mayiling/apt_agent_runtime/remaining_v1/full_mlp/s20260912_f1_fine.json,/ssd3/mayiling/apt_agent_runtime/remaining_v1/full_mlp/s20260912_f1_fine.pt,unavailable,"{""candidates"": [1e-05, 0.001], ""evaluated_configs"": 2, ""input_features_status"": ""saved checkpoint features exactly match keyed current 293-column input"", ""selected_decay"": 0.001, ""selected_epochs"": 44, ""test"": {""cell_count"": 68381, ""patient_count"": 8}, ""validation"": {""cell_count"": 0, ""patient_count"": 0}}"
plain_mlp,fine,2,inner_selection,20260912,24,206704,8,68849,8,86239,provided apt_expression; stage-specific training-only StandardScaler; outer saved scaler verified,task-specific validation SB Macro-F1; two decays x 50 epochs; first strict maximum,fresh initialization and scaler on all development cells,"all stage fit cells, shuffled mini-batches; unweighted CE",fine labels only,SP,20260912,2000,subject-normalized pooled fixed-class Macro-F1,/ssd3/mayiling/apt_agent_runtime/remaining_v1/full_mlp/s20260912_f2_fine.npz,/ssd3/mayiling/apt_agent_runtime/remaining_v1/full_mlp/protocol.json,/ssd3/mayiling/apt_agent_runtime/remaining_v1/full_mlp/s20260912_f2_fine.json,/ssd3/mayiling/apt_agent_runtime/remaining_v1/full_mlp/s20260912_f2_fine.pt,unavailable,"{""candidates"": [1e-05, 0.001], ""evaluated_configs"": 2, ""input_features_status"": ""saved checkpoint features exactly match keyed current 293-column input"", ""selected_decay"": 1e-05, ""selected_epochs"": 42, ""test"": {""cell_count"": 86239, ""patient_count"": 8}, ""validation"": {""cell_count"": 68849, ""patient_count"": 8}}"
plain_mlp,fine,2,outer_refit,20260912,32,275553,0,0,8,86239,provided apt_expression; stage-specific training-only StandardScaler; outer saved scaler verified,task-specific validation SB Macro-F1; two decays x 50 epochs; first strict maximum,fresh initialization and scaler on all development cells,"all stage fit cells, shuffled mini-batches; unweighted CE",fine labels only,SP,20260912,2000,subject-normalized pooled fixed-class Macro-F1,/ssd3/mayiling/apt_agent_runtime/remaining_v1/full_mlp/s20260912_f2_fine.npz,/ssd3/mayiling/apt_agent_runtime/remaining_v1/full_mlp/protocol.json,/ssd3/mayiling/apt_agent_runtime/remaining_v1/full_mlp/s20260912_f2_fine.json,/ssd3/mayiling/apt_agent_runtime/remaining_v1/full_mlp/s20260912_f2_fine.pt,unavailable,"{""candidates"": [1e-05, 0.001], ""evaluated_configs"": 2, ""input_features_status"": ""saved checkpoint features exactly match keyed current 293-column input"", ""selected_decay"": 1e-05, ""selected_epochs"": 42, ""test"": {""cell_count"": 86239, ""patient_count"": 8}, ""validation"": {""cell_count"": 0, ""patient_count"": 0}}"
plain_mlp,fine,3,inner_selection,20260912,24,221600,8,71343,8,68849,provided apt_expression; stage-specific training-only StandardScaler; outer saved scaler verified,task-specific validation SB Macro-F1; two decays x 50 epochs; first strict maximum,fresh initialization and scaler on all development cells,"all stage fit cells, shuffled mini-batches; unweighted CE",fine labels only,SP,20260912,2000,subject-normalized pooled fixed-class Macro-F1,/ssd3/mayiling/apt_agent_runtime/remaining_v1/full_mlp/s20260912_f3_fine.npz,/ssd3/mayiling/apt_agent_runtime/remaining_v1/full_mlp/protocol.json,/ssd3/mayiling/apt_agent_runtime/remaining_v1/full_mlp/s20260912_f3_fine.json,/ssd3/mayiling/apt_agent_runtime/remaining_v1/full_mlp/s20260912_f3_fine.pt,unavailable,"{""candidates"": [1e-05, 0.001], ""evaluated_configs"": 2, ""input_features_status"": ""saved checkpoint features exactly match keyed current 293-column input"", ""selected_decay"": 1e-05, ""selected_epochs"": 17, ""test"": {""cell_count"": 68849, ""patient_count"": 8}, ""validation"": {""cell_count"": 71343, ""patient_count"": 8}}"
plain_mlp,fine,3,outer_refit,20260912,32,292943,0,0,8,68849,provided apt_expression; stage-specific training-only StandardScaler; outer saved scaler verified,task-specific validation SB Macro-F1; two decays x 50 epochs; first strict maximum,fresh initialization and scaler on all development cells,"all stage fit cells, shuffled mini-batches; unweighted CE",fine labels only,SP,20260912,2000,subject-normalized pooled fixed-class Macro-F1,/ssd3/mayiling/apt_agent_runtime/remaining_v1/full_mlp/s20260912_f3_fine.npz,/ssd3/mayiling/apt_agent_runtime/remaining_v1/full_mlp/protocol.json,/ssd3/mayiling/apt_agent_runtime/remaining_v1/full_mlp/s20260912_f3_fine.json,/ssd3/mayiling/apt_agent_runtime/remaining_v1/full_mlp/s20260912_f3_fine.pt,unavailable,"{""candidates"": [1e-05, 0.001], ""evaluated_configs"": 2, ""input_features_status"": ""saved checkpoint features exactly match keyed current 293-column input"", ""selected_decay"": 1e-05, ""selected_epochs"": 17, ""test"": {""cell_count"": 68849, ""patient_count"": 8}, ""validation"": {""cell_count"": 0, ""patient_count"": 0}}"
plain_mlp,fine,4,inner_selection,20260912,24,223469,8,66980,8,71343,provided apt_expression; stage-specific training-only StandardScaler; outer saved scaler verified,task-specific validation SB Macro-F1; two decays x 50 epochs; first strict maximum,fresh initialization and scaler on all development cells,"all stage fit cells, shuffled mini-batches; unweighted CE",fine labels only,SP,20260912,2000,subject-normalized pooled fixed-class Macro-F1,/ssd3/mayiling/apt_agent_runtime/remaining_v1/full_mlp/s20260912_f4_fine.npz,/ssd3/mayiling/apt_agent_runtime/remaining_v1/full_mlp/protocol.json,/ssd3/mayiling/apt_agent_runtime/remaining_v1/full_mlp/s20260912_f4_fine.json,/ssd3/mayiling/apt_agent_runtime/remaining_v1/full_mlp/s20260912_f4_fine.pt,unavailable,"{""candidates"": [1e-05, 0.001], ""evaluated_configs"": 2, ""input_features_status"": ""saved checkpoint features exactly match keyed current 293-column input"", ""selected_decay"": 1e-05, ""selected_epochs"": 24, ""test"": {""cell_count"": 71343, ""patient_count"": 8}, ""validation"": {""cell_count"": 66980, ""patient_count"": 8}}"
plain_mlp,fine,4,outer_refit,20260912,32,290449,0,0,8,71343,provided apt_expression; stage-specific training-only StandardScaler; outer saved scaler verified,task-specific validation SB Macro-F1; two decays x 50 epochs; first strict maximum,fresh initialization and scaler on all development cells,"all stage fit cells, shuffled mini-batches; unweighted CE",fine labels only,SP,20260912,2000,subject-normalized pooled fixed-class Macro-F1,/ssd3/mayiling/apt_agent_runtime/remaining_v1/full_mlp/s20260912_f4_fine.npz,/ssd3/mayiling/apt_agent_runtime/remaining_v1/full_mlp/protocol.json,/ssd3/mayiling/apt_agent_runtime/remaining_v1/full_mlp/s20260912_f4_fine.json,/ssd3/mayiling/apt_agent_runtime/remaining_v1/full_mlp/s20260912_f4_fine.pt,unavailable,"{""candidates"": [1e-05, 0.001], ""evaluated_configs"": 2, ""input_features_status"": ""saved checkpoint features exactly match keyed current 293-column input"", ""selected_decay"": 1e-05, ""selected_epochs"": 24, ""test"": {""cell_count"": 71343, ""patient_count"": 8}, ""validation"": {""cell_count"": 0, ""patient_count"": 0}}"
plain_mlp,coarse,0,inner_selection,20260913,24,226431,8,68381,8,66980,provided apt_expression; stage-specific training-only StandardScaler; outer saved scaler verified,task-specific validation SB Macro-F1; two decays x 50 epochs; first strict maximum,fresh initialization and scaler on all development cells,"all stage fit cells, shuffled mini-batches; unweighted CE",coarse labels only,SP,20260912,2000,subject-normalized pooled fixed-class Macro-F1,/ssd3/mayiling/apt_agent_runtime/remaining_v1/full_mlp/s20260913_f0_coarse.npz,/ssd3/mayiling/apt_agent_runtime/remaining_v1/full_mlp/protocol.json,/ssd3/mayiling/apt_agent_runtime/remaining_v1/full_mlp/s20260913_f0_coarse.json,/ssd3/mayiling/apt_agent_runtime/remaining_v1/full_mlp/s20260913_f0_coarse.pt,unavailable,"{""candidates"": [1e-05, 0.001], ""evaluated_configs"": 2, ""input_features_status"": ""saved checkpoint features exactly match keyed current 293-column input"", ""selected_decay"": 0.001, ""selected_epochs"": 27, ""test"": {""cell_count"": 66980, ""patient_count"": 8}, ""validation"": {""cell_count"": 68381, ""patient_count"": 8}}"
plain_mlp,coarse,0,outer_refit,20260913,32,294812,0,0,8,66980,provided apt_expression; stage-specific training-only StandardScaler; outer saved scaler verified,task-specific validation SB Macro-F1; two decays x 50 epochs; first strict maximum,fresh initialization and scaler on all development cells,"all stage fit cells, shuffled mini-batches; unweighted CE",coarse labels only,SP,20260912,2000,subject-normalized pooled fixed-class Macro-F1,/ssd3/mayiling/apt_agent_runtime/remaining_v1/full_mlp/s20260913_f0_coarse.npz,/ssd3/mayiling/apt_agent_runtime/remaining_v1/full_mlp/protocol.json,/ssd3/mayiling/apt_agent_runtime/remaining_v1/full_mlp/s20260913_f0_coarse.json,/ssd3/mayiling/apt_agent_runtime/remaining_v1/full_mlp/s20260913_f0_coarse.pt,unavailable,"{""candidates"": [1e-05, 0.001], ""evaluated_configs"": 2, ""input_features_status"": ""saved checkpoint features exactly match keyed current 293-column input"", ""selected_decay"": 0.001, ""selected_epochs"": 27, ""test"": {""cell_count"": 66980, ""patient_count"": 8}, ""validation"": {""cell_count"": 0, ""patient_count"": 0}}"
plain_mlp,coarse,1,inner_selection,20260913,24,207172,8,86239,8,68381,provided apt_expression; stage-specific training-only StandardScaler; outer saved scaler verified,task-specific validation SB Macro-F1; two decays x 50 epochs; first strict maximum,fresh initialization and scaler on all development cells,"all stage fit cells, shuffled mini-batches; unweighted CE",coarse labels only,SP,20260912,2000,subject-normalized pooled fixed-class Macro-F1,/ssd3/mayiling/apt_agent_runtime/remaining_v1/full_mlp/s20260913_f1_coarse.npz,/ssd3/mayiling/apt_agent_runtime/remaining_v1/full_mlp/protocol.json,/ssd3/mayiling/apt_agent_runtime/remaining_v1/full_mlp/s20260913_f1_coarse.json,/ssd3/mayiling/apt_agent_runtime/remaining_v1/full_mlp/s20260913_f1_coarse.pt,unavailable,"{""candidates"": [1e-05, 0.001], ""evaluated_configs"": 2, ""input_features_status"": ""saved checkpoint features exactly match keyed current 293-column input"", ""selected_decay"": 0.001, ""selected_epochs"": 43, ""test"": {""cell_count"": 68381, ""patient_count"": 8}, ""validation"": {""cell_count"": 86239, ""patient_count"": 8}}"
plain_mlp,coarse,1,outer_refit,20260913,32,293411,0,0,8,68381,provided apt_expression; stage-specific training-only StandardScaler; outer saved scaler verified,task-specific validation SB Macro-F1; two decays x 50 epochs; first strict maximum,fresh initialization and scaler on all development cells,"all stage fit cells, shuffled mini-batches; unweighted CE",coarse labels only,SP,20260912,2000,subject-normalized pooled fixed-class Macro-F1,/ssd3/mayiling/apt_agent_runtime/remaining_v1/full_mlp/s20260913_f1_coarse.npz,/ssd3/mayiling/apt_agent_runtime/remaining_v1/full_mlp/protocol.json,/ssd3/mayiling/apt_agent_runtime/remaining_v1/full_mlp/s20260913_f1_coarse.json,/ssd3/mayiling/apt_agent_runtime/remaining_v1/full_mlp/s20260913_f1_coarse.pt,unavailable,"{""candidates"": [1e-05, 0.001], ""evaluated_configs"": 2, ""input_features_status"": ""saved checkpoint features exactly match keyed current 293-column input"", ""selected_decay"": 0.001, ""selected_epochs"": 43, ""test"": {""cell_count"": 68381, ""patient_count"": 8}, ""validation"": {""cell_count"": 0, ""patient_count"": 0}}"
plain_mlp,coarse,2,inner_selection,20260913,24,206704,8,68849,8,86239,provided apt_expression; stage-specific training-only StandardScaler; outer saved scaler verified,task-specific validation SB Macro-F1; two decays x 50 epochs; first strict maximum,fresh initialization and scaler on all development cells,"all stage fit cells, shuffled mini-batches; unweighted CE",coarse labels only,SP,20260912,2000,subject-normalized pooled fixed-class Macro-F1,/ssd3/mayiling/apt_agent_runtime/remaining_v1/full_mlp/s20260913_f2_coarse.npz,/ssd3/mayiling/apt_agent_runtime/remaining_v1/full_mlp/protocol.json,/ssd3/mayiling/apt_agent_runtime/remaining_v1/full_mlp/s20260913_f2_coarse.json,/ssd3/mayiling/apt_agent_runtime/remaining_v1/full_mlp/s20260913_f2_coarse.pt,unavailable,"{""candidates"": [1e-05, 0.001], ""evaluated_configs"": 2, ""input_features_status"": ""saved checkpoint features exactly match keyed current 293-column input"", ""selected_decay"": 0.001, ""selected_epochs"": 25, ""test"": {""cell_count"": 86239, ""patient_count"": 8}, ""validation"": {""cell_count"": 68849, ""patient_count"": 8}}"
plain_mlp,coarse,2,outer_refit,20260913,32,275553,0,0,8,86239,provided apt_expression; stage-specific training-only StandardScaler; outer saved scaler verified,task-specific validation SB Macro-F1; two decays x 50 epochs; first strict maximum,fresh initialization and scaler on all development cells,"all stage fit cells, shuffled mini-batches; unweighted CE",coarse labels only,SP,20260912,2000,subject-normalized pooled fixed-class Macro-F1,/ssd3/mayiling/apt_agent_runtime/remaining_v1/full_mlp/s20260913_f2_coarse.npz,/ssd3/mayiling/apt_agent_runtime/remaining_v1/full_mlp/protocol.json,/ssd3/mayiling/apt_agent_runtime/remaining_v1/full_mlp/s20260913_f2_coarse.json,/ssd3/mayiling/apt_agent_runtime/remaining_v1/full_mlp/s20260913_f2_coarse.pt,unavailable,"{""candidates"": [1e-05, 0.001], ""evaluated_configs"": 2, ""input_features_status"": ""saved checkpoint features exactly match keyed current 293-column input"", ""selected_decay"": 0.001, ""selected_epochs"": 25, ""test"": {""cell_count"": 86239, ""patient_count"": 8}, ""validation"": {""cell_count"": 0, ""patient_count"": 0}}"
plain_mlp,coarse,3,inner_selection,20260913,24,221600,8,71343,8,68849,provided apt_expression; stage-specific training-only StandardScaler; outer saved scaler verified,task-specific validation SB Macro-F1; two decays x 50 epochs; first strict maximum,fresh initialization and scaler on all development cells,"all stage fit cells, shuffled mini-batches; unweighted CE",coarse labels only,SP,20260912,2000,subject-normalized pooled fixed-class Macro-F1,/ssd3/mayiling/apt_agent_runtime/remaining_v1/full_mlp/s20260913_f3_coarse.npz,/ssd3/mayiling/apt_agent_runtime/remaining_v1/full_mlp/protocol.json,/ssd3/mayiling/apt_agent_runtime/remaining_v1/full_mlp/s20260913_f3_coarse.json,/ssd3/mayiling/apt_agent_runtime/remaining_v1/full_mlp/s20260913_f3_coarse.pt,unavailable,"{""candidates"": [1e-05, 0.001], ""evaluated_configs"": 2, ""input_features_status"": ""saved checkpoint features exactly match keyed current 293-column input"", ""selected_decay"": 1e-05, ""selected_epochs"": 20, ""test"": {""cell_count"": 68849, ""patient_count"": 8}, ""validation"": {""cell_count"": 71343, ""patient_count"": 8}}"
plain_mlp,coarse,3,outer_refit,20260913,32,292943,0,0,8,68849,provided apt_expression; stage-specific training-only StandardScaler; outer saved scaler verified,task-specific validation SB Macro-F1; two decays x 50 epochs; first strict maximum,fresh initialization and scaler on all development cells,"all stage fit cells, shuffled mini-batches; unweighted CE",coarse labels only,SP,20260912,2000,subject-normalized pooled fixed-class Macro-F1,/ssd3/mayiling/apt_agent_runtime/remaining_v1/full_mlp/s20260913_f3_coarse.npz,/ssd3/mayiling/apt_agent_runtime/remaining_v1/full_mlp/protocol.json,/ssd3/mayiling/apt_agent_runtime/remaining_v1/full_mlp/s20260913_f3_coarse.json,/ssd3/mayiling/apt_agent_runtime/remaining_v1/full_mlp/s20260913_f3_coarse.pt,unavailable,"{""candidates"": [1e-05, 0.001], ""evaluated_configs"": 2, ""input_features_status"": ""saved checkpoint features exactly match keyed current 293-column input"", ""selected_decay"": 1e-05, ""selected_epochs"": 20, ""test"": {""cell_count"": 68849, ""patient_count"": 8}, ""validation"": {""cell_count"": 0, ""patient_count"": 0}}"
plain_mlp,coarse,4,inner_selection,20260913,24,223469,8,66980,8,71343,provided apt_expression; stage-specific training-only StandardScaler; outer saved scaler verified,task-specific validation SB Macro-F1; two decays x 50 epochs; first strict maximum,fresh initialization and scaler on all development cells,"all stage fit cells, shuffled mini-batches; unweighted CE",coarse labels only,SP,20260912,2000,subject-normalized pooled fixed-class Macro-F1,/ssd3/mayiling/apt_agent_runtime/remaining_v1/full_mlp/s20260913_f4_coarse.npz,/ssd3/mayiling/apt_agent_runtime/remaining_v1/full_mlp/protocol.json,/ssd3/mayiling/apt_agent_runtime/remaining_v1/full_mlp/s20260913_f4_coarse.json,/ssd3/mayiling/apt_agent_runtime/remaining_v1/full_mlp/s20260913_f4_coarse.pt,unavailable,"{""candidates"": [1e-05, 0.001], ""evaluated_configs"": 2, ""input_features_status"": ""saved checkpoint features exactly match keyed current 293-column input"", ""selected_decay"": 1e-05, ""selected_epochs"": 35, ""test"": {""cell_count"": 71343, ""patient_count"": 8}, ""validation"": {""cell_count"": 66980, ""patient_count"": 8}}"
plain_mlp,coarse,4,outer_refit,20260913,32,290449,0,0,8,71343,provided apt_expression; stage-specific training-only StandardScaler; outer saved scaler verified,task-specific validation SB Macro-F1; two decays x 50 epochs; first strict maximum,fresh initialization and scaler on all development cells,"all stage fit cells, shuffled mini-batches; unweighted CE",coarse labels only,SP,20260912,2000,subject-normalized pooled fixed-class Macro-F1,/ssd3/mayiling/apt_agent_runtime/remaining_v1/full_mlp/s20260913_f4_coarse.npz,/ssd3/mayiling/apt_agent_runtime/remaining_v1/full_mlp/protocol.json,/ssd3/mayiling/apt_agent_runtime/remaining_v1/full_mlp/s20260913_f4_coarse.json,/ssd3/mayiling/apt_agent_runtime/remaining_v1/full_mlp/s20260913_f4_coarse.pt,unavailable,"{""candidates"": [1e-05, 0.001], ""evaluated_configs"": 2, ""input_features_status"": ""saved checkpoint features exactly match keyed current 293-column input"", ""selected_decay"": 1e-05, ""selected_epochs"": 35, ""test"": {""cell_count"": 71343, ""patient_count"": 8}, ""validation"": {""cell_count"": 0, ""patient_count"": 0}}"
plain_mlp,fine,0,inner_selection,20260913,24,226431,8,68381,8,66980,provided apt_expression; stage-specific training-only StandardScaler; outer saved scaler verified,task-specific validation SB Macro-F1; two decays x 50 epochs; first strict maximum,fresh initialization and scaler on all development cells,"all stage fit cells, shuffled mini-batches; unweighted CE",fine labels only,SP,20260912,2000,subject-normalized pooled fixed-class Macro-F1,/ssd3/mayiling/apt_agent_runtime/remaining_v1/full_mlp/s20260913_f0_fine.npz,/ssd3/mayiling/apt_agent_runtime/remaining_v1/full_mlp/protocol.json,/ssd3/mayiling/apt_agent_runtime/remaining_v1/full_mlp/s20260913_f0_fine.json,/ssd3/mayiling/apt_agent_runtime/remaining_v1/full_mlp/s20260913_f0_fine.pt,unavailable,"{""candidates"": [1e-05, 0.001], ""evaluated_configs"": 2, ""input_features_status"": ""saved checkpoint features exactly match keyed current 293-column input"", ""selected_decay"": 0.001, ""selected_epochs"": 49, ""test"": {""cell_count"": 66980, ""patient_count"": 8}, ""validation"": {""cell_count"": 68381, ""patient_count"": 8}}"
plain_mlp,fine,0,outer_refit,20260913,32,294812,0,0,8,66980,provided apt_expression; stage-specific training-only StandardScaler; outer saved scaler verified,task-specific validation SB Macro-F1; two decays x 50 epochs; first strict maximum,fresh initialization and scaler on all development cells,"all stage fit cells, shuffled mini-batches; unweighted CE",fine labels only,SP,20260912,2000,subject-normalized pooled fixed-class Macro-F1,/ssd3/mayiling/apt_agent_runtime/remaining_v1/full_mlp/s20260913_f0_fine.npz,/ssd3/mayiling/apt_agent_runtime/remaining_v1/full_mlp/protocol.json,/ssd3/mayiling/apt_agent_runtime/remaining_v1/full_mlp/s20260913_f0_fine.json,/ssd3/mayiling/apt_agent_runtime/remaining_v1/full_mlp/s20260913_f0_fine.pt,unavailable,"{""candidates"": [1e-05, 0.001], ""evaluated_configs"": 2, ""input_features_status"": ""saved checkpoint features exactly match keyed current 293-column input"", ""selected_decay"": 0.001, ""selected_epochs"": 49, ""test"": {""cell_count"": 66980, ""patient_count"": 8}, ""validation"": {""cell_count"": 0, ""patient_count"": 0}}"
plain_mlp,fine,1,inner_selection,20260913,24,207172,8,86239,8,68381,provided apt_expression; stage-specific training-only StandardScaler; outer saved scaler verified,task-specific validation SB Macro-F1; two decays x 50 epochs; first strict maximum,fresh initialization and scaler on all development cells,"all stage fit cells, shuffled mini-batches; unweighted CE",fine labels only,SP,20260912,2000,subject-normalized pooled fixed-class Macro-F1,/ssd3/mayiling/apt_agent_runtime/remaining_v1/full_mlp/s20260913_f1_fine.npz,/ssd3/mayiling/apt_agent_runtime/remaining_v1/full_mlp/protocol.json,/ssd3/mayiling/apt_agent_runtime/remaining_v1/full_mlp/s20260913_f1_fine.json,/ssd3/mayiling/apt_agent_runtime/remaining_v1/full_mlp/s20260913_f1_fine.pt,unavailable,"{""candidates"": [1e-05, 0.001], ""evaluated_configs"": 2, ""input_features_status"": ""saved checkpoint features exactly match keyed current 293-column input"", ""selected_decay"": 1e-05, ""selected_epochs"": 40, ""test"": {""cell_count"": 68381, ""patient_count"": 8}, ""validation"": {""cell_count"": 86239, ""patient_count"": 8}}"
plain_mlp,fine,1,outer_refit,20260913,32,293411,0,0,8,68381,provided apt_expression; stage-specific training-only StandardScaler; outer saved scaler verified,task-specific validation SB Macro-F1; two decays x 50 epochs; first strict maximum,fresh initialization and scaler on all development cells,"all stage fit cells, shuffled mini-batches; unweighted CE",fine labels only,SP,20260912,2000,subject-normalized pooled fixed-class Macro-F1,/ssd3/mayiling/apt_agent_runtime/remaining_v1/full_mlp/s20260913_f1_fine.npz,/ssd3/mayiling/apt_agent_runtime/remaining_v1/full_mlp/protocol.json,/ssd3/mayiling/apt_agent_runtime/remaining_v1/full_mlp/s20260913_f1_fine.json,/ssd3/mayiling/apt_agent_runtime/remaining_v1/full_mlp/s20260913_f1_fine.pt,unavailable,"{""candidates"": [1e-05, 0.001], ""evaluated_configs"": 2, ""input_features_status"": ""saved checkpoint features exactly match keyed current 293-column input"", ""selected_decay"": 1e-05, ""selected_epochs"": 40, ""test"": {""cell_count"": 68381, ""patient_count"": 8}, ""validation"": {""cell_count"": 0, ""patient_count"": 0}}"
plain_mlp,fine,2,inner_selection,20260913,24,206704,8,68849,8,86239,provided apt_expression; stage-specific training-only StandardScaler; outer saved scaler verified,task-specific validation SB Macro-F1; two decays x 50 epochs; first strict maximum,fresh initialization and scaler on all development cells,"all stage fit cells, shuffled mini-batches; unweighted CE",fine labels only,SP,20260912,2000,subject-normalized pooled fixed-class Macro-F1,/ssd3/mayiling/apt_agent_runtime/remaining_v1/full_mlp/s20260913_f2_fine.npz,/ssd3/mayiling/apt_agent_runtime/remaining_v1/full_mlp/protocol.json,/ssd3/mayiling/apt_agent_runtime/remaining_v1/full_mlp/s20260913_f2_fine.json,/ssd3/mayiling/apt_agent_runtime/remaining_v1/full_mlp/s20260913_f2_fine.pt,unavailable,"{""candidates"": [1e-05, 0.001], ""evaluated_configs"": 2, ""input_features_status"": ""saved checkpoint features exactly match keyed current 293-column input"", ""selected_decay"": 1e-05, ""selected_epochs"": 48, ""test"": {""cell_count"": 86239, ""patient_count"": 8}, ""validation"": {""cell_count"": 68849, ""patient_count"": 8}}"
plain_mlp,fine,2,outer_refit,20260913,32,275553,0,0,8,86239,provided apt_expression; stage-specific training-only StandardScaler; outer saved scaler verified,task-specific validation SB Macro-F1; two decays x 50 epochs; first strict maximum,fresh initialization and scaler on all development cells,"all stage fit cells, shuffled mini-batches; unweighted CE",fine labels only,SP,20260912,2000,subject-normalized pooled fixed-class Macro-F1,/ssd3/mayiling/apt_agent_runtime/remaining_v1/full_mlp/s20260913_f2_fine.npz,/ssd3/mayiling/apt_agent_runtime/remaining_v1/full_mlp/protocol.json,/ssd3/mayiling/apt_agent_runtime/remaining_v1/full_mlp/s20260913_f2_fine.json,/ssd3/mayiling/apt_agent_runtime/remaining_v1/full_mlp/s20260913_f2_fine.pt,unavailable,"{""candidates"": [1e-05, 0.001], ""evaluated_configs"": 2, ""input_features_status"": ""saved checkpoint features exactly match keyed current 293-column input"", ""selected_decay"": 1e-05, ""selected_epochs"": 48, ""test"": {""cell_count"": 86239, ""patient_count"": 8}, ""validation"": {""cell_count"": 0, ""patient_count"": 0}}"
plain_mlp,fine,3,inner_selection,20260913,24,221600,8,71343,8,68849,provided apt_expression; stage-specific training-only StandardScaler; outer saved scaler verified,task-specific validation SB Macro-F1; two decays x 50 epochs; first strict maximum,fresh initialization and scaler on all development cells,"all stage fit cells, shuffled mini-batches; unweighted CE",fine labels only,SP,20260912,2000,subject-normalized pooled fixed-class Macro-F1,/ssd3/mayiling/apt_agent_runtime/remaining_v1/full_mlp/s20260913_f3_fine.npz,/ssd3/mayiling/apt_agent_runtime/remaining_v1/full_mlp/protocol.json,/ssd3/mayiling/apt_agent_runtime/remaining_v1/full_mlp/s20260913_f3_fine.json,/ssd3/mayiling/apt_agent_runtime/remaining_v1/full_mlp/s20260913_f3_fine.pt,unavailable,"{""candidates"": [1e-05, 0.001], ""evaluated_configs"": 2, ""input_features_status"": ""saved checkpoint features exactly match keyed current 293-column input"", ""selected_decay"": 1e-05, ""selected_epochs"": 28, ""test"": {""cell_count"": 68849, ""patient_count"": 8}, ""validation"": {""cell_count"": 71343, ""patient_count"": 8}}"
plain_mlp,fine,3,outer_refit,20260913,32,292943,0,0,8,68849,provided apt_expression; stage-specific training-only StandardScaler; outer saved scaler verified,task-specific validation SB Macro-F1; two decays x 50 epochs; first strict maximum,fresh initialization and scaler on all development cells,"all stage fit cells, shuffled mini-batches; unweighted CE",fine labels only,SP,20260912,2000,subject-normalized pooled fixed-class Macro-F1,/ssd3/mayiling/apt_agent_runtime/remaining_v1/full_mlp/s20260913_f3_fine.npz,/ssd3/mayiling/apt_agent_runtime/remaining_v1/full_mlp/protocol.json,/ssd3/mayiling/apt_agent_runtime/remaining_v1/full_mlp/s20260913_f3_fine.json,/ssd3/mayiling/apt_agent_runtime/remaining_v1/full_mlp/s20260913_f3_fine.pt,unavailable,"{""candidates"": [1e-05, 0.001], ""evaluated_configs"": 2, ""input_features_status"": ""saved checkpoint features exactly match keyed current 293-column input"", ""selected_decay"": 1e-05, ""selected_epochs"": 28, ""test"": {""cell_count"": 68849, ""patient_count"": 8}, ""validation"": {""cell_count"": 0, ""patient_count"": 0}}"
plain_mlp,fine,4,inner_selection,20260913,24,223469,8,66980,8,71343,provided apt_expression; stage-specific training-only StandardScaler; outer saved scaler verified,task-specific validation SB Macro-F1; two decays x 50 epochs; first strict maximum,fresh initialization and scaler on all development cells,"all stage fit cells, shuffled mini-batches; unweighted CE",fine labels only,SP,20260912,2000,subject-normalized pooled fixed-class Macro-F1,/ssd3/mayiling/apt_agent_runtime/remaining_v1/full_mlp/s20260913_f4_fine.npz,/ssd3/mayiling/apt_agent_runtime/remaining_v1/full_mlp/protocol.json,/ssd3/mayiling/apt_agent_runtime/remaining_v1/full_mlp/s20260913_f4_fine.json,/ssd3/mayiling/apt_agent_runtime/remaining_v1/full_mlp/s20260913_f4_fine.pt,unavailable,"{""candidates"": [1e-05, 0.001], ""evaluated_configs"": 2, ""input_features_status"": ""saved checkpoint features exactly match keyed current 293-column input"", ""selected_decay"": 0.001, ""selected_epochs"": 37, ""test"": {""cell_count"": 71343, ""patient_count"": 8}, ""validation"": {""cell_count"": 66980, ""patient_count"": 8}}"
plain_mlp,fine,4,outer_refit,20260913,32,290449,0,0,8,71343,provided apt_expression; stage-specific training-only StandardScaler; outer saved scaler verified,task-specific validation SB Macro-F1; two decays x 50 epochs; first strict maximum,fresh initialization and scaler on all development cells,"all stage fit cells, shuffled mini-batches; unweighted CE",fine labels only,SP,20260912,2000,subject-normalized pooled fixed-class Macro-F1,/ssd3/mayiling/apt_agent_runtime/remaining_v1/full_mlp/s20260913_f4_fine.npz,/ssd3/mayiling/apt_agent_runtime/remaining_v1/full_mlp/protocol.json,/ssd3/mayiling/apt_agent_runtime/remaining_v1/full_mlp/s20260913_f4_fine.json,/ssd3/mayiling/apt_agent_runtime/remaining_v1/full_mlp/s20260913_f4_fine.pt,unavailable,"{""candidates"": [1e-05, 0.001], ""evaluated_configs"": 2, ""input_features_status"": ""saved checkpoint features exactly match keyed current 293-column input"", ""selected_decay"": 0.001, ""selected_epochs"": 37, ""test"": {""cell_count"": 71343, ""patient_count"": 8}, ""validation"": {""cell_count"": 0, ""patient_count"": 0}}"
plain_mlp,coarse,0,inner_selection,20260914,24,226431,8,68381,8,66980,provided apt_expression; stage-specific training-only StandardScaler; outer saved scaler verified,task-specific validation SB Macro-F1; two decays x 50 epochs; first strict maximum,fresh initialization and scaler on all development cells,"all stage fit cells, shuffled mini-batches; unweighted CE",coarse labels only,SP,20260912,2000,subject-normalized pooled fixed-class Macro-F1,/ssd3/mayiling/apt_agent_runtime/remaining_v1/full_mlp/s20260914_f0_coarse.npz,/ssd3/mayiling/apt_agent_runtime/remaining_v1/full_mlp/protocol.json,/ssd3/mayiling/apt_agent_runtime/remaining_v1/full_mlp/s20260914_f0_coarse.json,/ssd3/mayiling/apt_agent_runtime/remaining_v1/full_mlp/s20260914_f0_coarse.pt,unavailable,"{""candidates"": [1e-05, 0.001], ""evaluated_configs"": 2, ""input_features_status"": ""saved checkpoint features exactly match keyed current 293-column input"", ""selected_decay"": 0.001, ""selected_epochs"": 38, ""test"": {""cell_count"": 66980, ""patient_count"": 8}, ""validation"": {""cell_count"": 68381, ""patient_count"": 8}}"
plain_mlp,coarse,0,outer_refit,20260914,32,294812,0,0,8,66980,provided apt_expression; stage-specific training-only StandardScaler; outer saved scaler verified,task-specific validation SB Macro-F1; two decays x 50 epochs; first strict maximum,fresh initialization and scaler on all development cells,"all stage fit cells, shuffled mini-batches; unweighted CE",coarse labels only,SP,20260912,2000,subject-normalized pooled fixed-class Macro-F1,/ssd3/mayiling/apt_agent_runtime/remaining_v1/full_mlp/s20260914_f0_coarse.npz,/ssd3/mayiling/apt_agent_runtime/remaining_v1/full_mlp/protocol.json,/ssd3/mayiling/apt_agent_runtime/remaining_v1/full_mlp/s20260914_f0_coarse.json,/ssd3/mayiling/apt_agent_runtime/remaining_v1/full_mlp/s20260914_f0_coarse.pt,unavailable,"{""candidates"": [1e-05, 0.001], ""evaluated_configs"": 2, ""input_features_status"": ""saved checkpoint features exactly match keyed current 293-column input"", ""selected_decay"": 0.001, ""selected_epochs"": 38, ""test"": {""cell_count"": 66980, ""patient_count"": 8}, ""validation"": {""cell_count"": 0, ""patient_count"": 0}}"
plain_mlp,coarse,1,inner_selection,20260914,24,207172,8,86239,8,68381,provided apt_expression; stage-specific training-only StandardScaler; outer saved scaler verified,task-specific validation SB Macro-F1; two decays x 50 epochs; first strict maximum,fresh initialization and scaler on all development cells,"all stage fit cells, shuffled mini-batches; unweighted CE",coarse labels only,SP,20260912,2000,subject-normalized pooled fixed-class Macro-F1,/ssd3/mayiling/apt_agent_runtime/remaining_v1/full_mlp/s20260914_f1_coarse.npz,/ssd3/mayiling/apt_agent_runtime/remaining_v1/full_mlp/protocol.json,/ssd3/mayiling/apt_agent_runtime/remaining_v1/full_mlp/s20260914_f1_coarse.json,/ssd3/mayiling/apt_agent_runtime/remaining_v1/full_mlp/s20260914_f1_coarse.pt,unavailable,"{""candidates"": [1e-05, 0.001], ""evaluated_configs"": 2, ""input_features_status"": ""saved checkpoint features exactly match keyed current 293-column input"", ""selected_decay"": 1e-05, ""selected_epochs"": 33, ""test"": {""cell_count"": 68381, ""patient_count"": 8}, ""validation"": {""cell_count"": 86239, ""patient_count"": 8}}"
plain_mlp,coarse,1,outer_refit,20260914,32,293411,0,0,8,68381,provided apt_expression; stage-specific training-only StandardScaler; outer saved scaler verified,task-specific validation SB Macro-F1; two decays x 50 epochs; first strict maximum,fresh initialization and scaler on all development cells,"all stage fit cells, shuffled mini-batches; unweighted CE",coarse labels only,SP,20260912,2000,subject-normalized pooled fixed-class Macro-F1,/ssd3/mayiling/apt_agent_runtime/remaining_v1/full_mlp/s20260914_f1_coarse.npz,/ssd3/mayiling/apt_agent_runtime/remaining_v1/full_mlp/protocol.json,/ssd3/mayiling/apt_agent_runtime/remaining_v1/full_mlp/s20260914_f1_coarse.json,/ssd3/mayiling/apt_agent_runtime/remaining_v1/full_mlp/s20260914_f1_coarse.pt,unavailable,"{""candidates"": [1e-05, 0.001], ""evaluated_configs"": 2, ""input_features_status"": ""saved checkpoint features exactly match keyed current 293-column input"", ""selected_decay"": 1e-05, ""selected_epochs"": 33, ""test"": {""cell_count"": 68381, ""patient_count"": 8}, ""validation"": {""cell_count"": 0, ""patient_count"": 0}}"
plain_mlp,coarse,2,inner_selection,20260914,24,206704,8,68849,8,86239,provided apt_expression; stage-specific training-only StandardScaler; outer saved scaler verified,task-specific validation SB Macro-F1; two decays x 50 epochs; first strict maximum,fresh initialization and scaler on all development cells,"all stage fit cells, shuffled mini-batches; unweighted CE",coarse labels only,SP,20260912,2000,subject-normalized pooled fixed-class Macro-F1,/ssd3/mayiling/apt_agent_runtime/remaining_v1/full_mlp/s20260914_f2_coarse.npz,/ssd3/mayiling/apt_agent_runtime/remaining_v1/full_mlp/protocol.json,/ssd3/mayiling/apt_agent_runtime/remaining_v1/full_mlp/s20260914_f2_coarse.json,/ssd3/mayiling/apt_agent_runtime/remaining_v1/full_mlp/s20260914_f2_coarse.pt,unavailable,"{""candidates"": [1e-05, 0.001], ""evaluated_configs"": 2, ""input_features_status"": ""saved checkpoint features exactly match keyed current 293-column input"", ""selected_decay"": 1e-05, ""selected_epochs"": 33, ""test"": {""cell_count"": 86239, ""patient_count"": 8}, ""validation"": {""cell_count"": 68849, ""patient_count"": 8}}"
plain_mlp,coarse,2,outer_refit,20260914,32,275553,0,0,8,86239,provided apt_expression; stage-specific training-only StandardScaler; outer saved scaler verified,task-specific validation SB Macro-F1; two decays x 50 epochs; first strict maximum,fresh initialization and scaler on all development cells,"all stage fit cells, shuffled mini-batches; unweighted CE",coarse labels only,SP,20260912,2000,subject-normalized pooled fixed-class Macro-F1,/ssd3/mayiling/apt_agent_runtime/remaining_v1/full_mlp/s20260914_f2_coarse.npz,/ssd3/mayiling/apt_agent_runtime/remaining_v1/full_mlp/protocol.json,/ssd3/mayiling/apt_agent_runtime/remaining_v1/full_mlp/s20260914_f2_coarse.json,/ssd3/mayiling/apt_agent_runtime/remaining_v1/full_mlp/s20260914_f2_coarse.pt,unavailable,"{""candidates"": [1e-05, 0.001], ""evaluated_configs"": 2, ""input_features_status"": ""saved checkpoint features exactly match keyed current 293-column input"", ""selected_decay"": 1e-05, ""selected_epochs"": 33, ""test"": {""cell_count"": 86239, ""patient_count"": 8}, ""validation"": {""cell_count"": 0, ""patient_count"": 0}}"
plain_mlp,coarse,3,inner_selection,20260914,24,221600,8,71343,8,68849,provided apt_expression; stage-specific training-only StandardScaler; outer saved scaler verified,task-specific validation SB Macro-F1; two decays x 50 epochs; first strict maximum,fresh initialization and scaler on all development cells,"all stage fit cells, shuffled mini-batches; unweighted CE",coarse labels only,SP,20260912,2000,subject-normalized pooled fixed-class Macro-F1,/ssd3/mayiling/apt_agent_runtime/remaining_v1/full_mlp/s20260914_f3_coarse.npz,/ssd3/mayiling/apt_agent_runtime/remaining_v1/full_mlp/protocol.json,/ssd3/mayiling/apt_agent_runtime/remaining_v1/full_mlp/s20260914_f3_coarse.json,/ssd3/mayiling/apt_agent_runtime/remaining_v1/full_mlp/s20260914_f3_coarse.pt,unavailable,"{""candidates"": [1e-05, 0.001], ""evaluated_configs"": 2, ""input_features_status"": ""saved checkpoint features exactly match keyed current 293-column input"", ""selected_decay"": 0.001, ""selected_epochs"": 41, ""test"": {""cell_count"": 68849, ""patient_count"": 8}, ""validation"": {""cell_count"": 71343, ""patient_count"": 8}}"
plain_mlp,coarse,3,outer_refit,20260914,32,292943,0,0,8,68849,provided apt_expression; stage-specific training-only StandardScaler; outer saved scaler verified,task-specific validation SB Macro-F1; two decays x 50 epochs; first strict maximum,fresh initialization and scaler on all development cells,"all stage fit cells, shuffled mini-batches; unweighted CE",coarse labels only,SP,20260912,2000,subject-normalized pooled fixed-class Macro-F1,/ssd3/mayiling/apt_agent_runtime/remaining_v1/full_mlp/s20260914_f3_coarse.npz,/ssd3/mayiling/apt_agent_runtime/remaining_v1/full_mlp/protocol.json,/ssd3/mayiling/apt_agent_runtime/remaining_v1/full_mlp/s20260914_f3_coarse.json,/ssd3/mayiling/apt_agent_runtime/remaining_v1/full_mlp/s20260914_f3_coarse.pt,unavailable,"{""candidates"": [1e-05, 0.001], ""evaluated_configs"": 2, ""input_features_status"": ""saved checkpoint features exactly match keyed current 293-column input"", ""selected_decay"": 0.001, ""selected_epochs"": 41, ""test"": {""cell_count"": 68849, ""patient_count"": 8}, ""validation"": {""cell_count"": 0, ""patient_count"": 0}}"
plain_mlp,coarse,4,inner_selection,20260914,24,223469,8,66980,8,71343,provided apt_expression; stage-specific training-only StandardScaler; outer saved scaler verified,task-specific validation SB Macro-F1; two decays x 50 epochs; first strict maximum,fresh initialization and scaler on all development cells,"all stage fit cells, shuffled mini-batches; unweighted CE",coarse labels only,SP,20260912,2000,subject-normalized pooled fixed-class Macro-F1,/ssd3/mayiling/apt_agent_runtime/remaining_v1/full_mlp/s20260914_f4_coarse.npz,/ssd3/mayiling/apt_agent_runtime/remaining_v1/full_mlp/protocol.json,/ssd3/mayiling/apt_agent_runtime/remaining_v1/full_mlp/s20260914_f4_coarse.json,/ssd3/mayiling/apt_agent_runtime/remaining_v1/full_mlp/s20260914_f4_coarse.pt,unavailable,"{""candidates"": [1e-05, 0.001], ""evaluated_configs"": 2, ""input_features_status"": ""saved checkpoint features exactly match keyed current 293-column input"", ""selected_decay"": 1e-05, ""selected_epochs"": 37, ""test"": {""cell_count"": 71343, ""patient_count"": 8}, ""validation"": {""cell_count"": 66980, ""patient_count"": 8}}"
plain_mlp,coarse,4,outer_refit,20260914,32,290449,0,0,8,71343,provided apt_expression; stage-specific training-only StandardScaler; outer saved scaler verified,task-specific validation SB Macro-F1; two decays x 50 epochs; first strict maximum,fresh initialization and scaler on all development cells,"all stage fit cells, shuffled mini-batches; unweighted CE",coarse labels only,SP,20260912,2000,subject-normalized pooled fixed-class Macro-F1,/ssd3/mayiling/apt_agent_runtime/remaining_v1/full_mlp/s20260914_f4_coarse.npz,/ssd3/mayiling/apt_agent_runtime/remaining_v1/full_mlp/protocol.json,/ssd3/mayiling/apt_agent_runtime/remaining_v1/full_mlp/s20260914_f4_coarse.json,/ssd3/mayiling/apt_agent_runtime/remaining_v1/full_mlp/s20260914_f4_coarse.pt,unavailable,"{""candidates"": [1e-05, 0.001], ""evaluated_configs"": 2, ""input_features_status"": ""saved checkpoint features exactly match keyed current 293-column input"", ""selected_decay"": 1e-05, ""selected_epochs"": 37, ""test"": {""cell_count"": 71343, ""patient_count"": 8}, ""validation"": {""cell_count"": 0, ""patient_count"": 0}}"
plain_mlp,fine,0,inner_selection,20260914,24,226431,8,68381,8,66980,provided apt_expression; stage-specific training-only StandardScaler; outer saved scaler verified,task-specific validation SB Macro-F1; two decays x 50 epochs; first strict maximum,fresh initialization and scaler on all development cells,"all stage fit cells, shuffled mini-batches; unweighted CE",fine labels only,SP,20260912,2000,subject-normalized pooled fixed-class Macro-F1,/ssd3/mayiling/apt_agent_runtime/remaining_v1/full_mlp/s20260914_f0_fine.npz,/ssd3/mayiling/apt_agent_runtime/remaining_v1/full_mlp/protocol.json,/ssd3/mayiling/apt_agent_runtime/remaining_v1/full_mlp/s20260914_f0_fine.json,/ssd3/mayiling/apt_agent_runtime/remaining_v1/full_mlp/s20260914_f0_fine.pt,unavailable,"{""candidates"": [1e-05, 0.001], ""evaluated_configs"": 2, ""input_features_status"": ""saved checkpoint features exactly match keyed current 293-column input"", ""selected_decay"": 1e-05, ""selected_epochs"": 43, ""test"": {""cell_count"": 66980, ""patient_count"": 8}, ""validation"": {""cell_count"": 68381, ""patient_count"": 8}}"
plain_mlp,fine,0,outer_refit,20260914,32,294812,0,0,8,66980,provided apt_expression; stage-specific training-only StandardScaler; outer saved scaler verified,task-specific validation SB Macro-F1; two decays x 50 epochs; first strict maximum,fresh initialization and scaler on all development cells,"all stage fit cells, shuffled mini-batches; unweighted CE",fine labels only,SP,20260912,2000,subject-normalized pooled fixed-class Macro-F1,/ssd3/mayiling/apt_agent_runtime/remaining_v1/full_mlp/s20260914_f0_fine.npz,/ssd3/mayiling/apt_agent_runtime/remaining_v1/full_mlp/protocol.json,/ssd3/mayiling/apt_agent_runtime/remaining_v1/full_mlp/s20260914_f0_fine.json,/ssd3/mayiling/apt_agent_runtime/remaining_v1/full_mlp/s20260914_f0_fine.pt,unavailable,"{""candidates"": [1e-05, 0.001], ""evaluated_configs"": 2, ""input_features_status"": ""saved checkpoint features exactly match keyed current 293-column input"", ""selected_decay"": 1e-05, ""selected_epochs"": 43, ""test"": {""cell_count"": 66980, ""patient_count"": 8}, ""validation"": {""cell_count"": 0, ""patient_count"": 0}}"
plain_mlp,fine,1,inner_selection,20260914,24,207172,8,86239,8,68381,provided apt_expression; stage-specific training-only StandardScaler; outer saved scaler verified,task-specific validation SB Macro-F1; two decays x 50 epochs; first strict maximum,fresh initialization and scaler on all development cells,"all stage fit cells, shuffled mini-batches; unweighted CE",fine labels only,SP,20260912,2000,subject-normalized pooled fixed-class Macro-F1,/ssd3/mayiling/apt_agent_runtime/remaining_v1/full_mlp/s20260914_f1_fine.npz,/ssd3/mayiling/apt_agent_runtime/remaining_v1/full_mlp/protocol.json,/ssd3/mayiling/apt_agent_runtime/remaining_v1/full_mlp/s20260914_f1_fine.json,/ssd3/mayiling/apt_agent_runtime/remaining_v1/full_mlp/s20260914_f1_fine.pt,unavailable,"{""candidates"": [1e-05, 0.001], ""evaluated_configs"": 2, ""input_features_status"": ""saved checkpoint features exactly match keyed current 293-column input"", ""selected_decay"": 1e-05, ""selected_epochs"": 29, ""test"": {""cell_count"": 68381, ""patient_count"": 8}, ""validation"": {""cell_count"": 86239, ""patient_count"": 8}}"
plain_mlp,fine,1,outer_refit,20260914,32,293411,0,0,8,68381,provided apt_expression; stage-specific training-only StandardScaler; outer saved scaler verified,task-specific validation SB Macro-F1; two decays x 50 epochs; first strict maximum,fresh initialization and scaler on all development cells,"all stage fit cells, shuffled mini-batches; unweighted CE",fine labels only,SP,20260912,2000,subject-normalized pooled fixed-class Macro-F1,/ssd3/mayiling/apt_agent_runtime/remaining_v1/full_mlp/s20260914_f1_fine.npz,/ssd3/mayiling/apt_agent_runtime/remaining_v1/full_mlp/protocol.json,/ssd3/mayiling/apt_agent_runtime/remaining_v1/full_mlp/s20260914_f1_fine.json,/ssd3/mayiling/apt_agent_runtime/remaining_v1/full_mlp/s20260914_f1_fine.pt,unavailable,"{""candidates"": [1e-05, 0.001], ""evaluated_configs"": 2, ""input_features_status"": ""saved checkpoint features exactly match keyed current 293-column input"", ""selected_decay"": 1e-05, ""selected_epochs"": 29, ""test"": {""cell_count"": 68381, ""patient_count"": 8}, ""validation"": {""cell_count"": 0, ""patient_count"": 0}}"
plain_mlp,fine,2,inner_selection,20260914,24,206704,8,68849,8,86239,provided apt_expression; stage-specific training-only StandardScaler; outer saved scaler verified,task-specific validation SB Macro-F1; two decays x 50 epochs; first strict maximum,fresh initialization and scaler on all development cells,"all stage fit cells, shuffled mini-batches; unweighted CE",fine labels only,SP,20260912,2000,subject-normalized pooled fixed-class Macro-F1,/ssd3/mayiling/apt_agent_runtime/remaining_v1/full_mlp/s20260914_f2_fine.npz,/ssd3/mayiling/apt_agent_runtime/remaining_v1/full_mlp/protocol.json,/ssd3/mayiling/apt_agent_runtime/remaining_v1/full_mlp/s20260914_f2_fine.json,/ssd3/mayiling/apt_agent_runtime/remaining_v1/full_mlp/s20260914_f2_fine.pt,unavailable,"{""candidates"": [1e-05, 0.001], ""evaluated_configs"": 2, ""input_features_status"": ""saved checkpoint features exactly match keyed current 293-column input"", ""selected_decay"": 1e-05, ""selected_epochs"": 45, ""test"": {""cell_count"": 86239, ""patient_count"": 8}, ""validation"": {""cell_count"": 68849, ""patient_count"": 8}}"
plain_mlp,fine,2,outer_refit,20260914,32,275553,0,0,8,86239,provided apt_expression; stage-specific training-only StandardScaler; outer saved scaler verified,task-specific validation SB Macro-F1; two decays x 50 epochs; first strict maximum,fresh initialization and scaler on all development cells,"all stage fit cells, shuffled mini-batches; unweighted CE",fine labels only,SP,20260912,2000,subject-normalized pooled fixed-class Macro-F1,/ssd3/mayiling/apt_agent_runtime/remaining_v1/full_mlp/s20260914_f2_fine.npz,/ssd3/mayiling/apt_agent_runtime/remaining_v1/full_mlp/protocol.json,/ssd3/mayiling/apt_agent_runtime/remaining_v1/full_mlp/s20260914_f2_fine.json,/ssd3/mayiling/apt_agent_runtime/remaining_v1/full_mlp/s20260914_f2_fine.pt,unavailable,"{""candidates"": [1e-05, 0.001], ""evaluated_configs"": 2, ""input_features_status"": ""saved checkpoint features exactly match keyed current 293-column input"", ""selected_decay"": 1e-05, ""selected_epochs"": 45, ""test"": {""cell_count"": 86239, ""patient_count"": 8}, ""validation"": {""cell_count"": 0, ""patient_count"": 0}}"
plain_mlp,fine,3,inner_selection,20260914,24,221600,8,71343,8,68849,provided apt_expression; stage-specific training-only StandardScaler; outer saved scaler verified,task-specific validation SB Macro-F1; two decays x 50 epochs; first strict maximum,fresh initialization and scaler on all development cells,"all stage fit cells, shuffled mini-batches; unweighted CE",fine labels only,SP,20260912,2000,subject-normalized pooled fixed-class Macro-F1,/ssd3/mayiling/apt_agent_runtime/remaining_v1/full_mlp/s20260914_f3_fine.npz,/ssd3/mayiling/apt_agent_runtime/remaining_v1/full_mlp/protocol.json,/ssd3/mayiling/apt_agent_runtime/remaining_v1/full_mlp/s20260914_f3_fine.json,/ssd3/mayiling/apt_agent_runtime/remaining_v1/full_mlp/s20260914_f3_fine.pt,unavailable,"{""candidates"": [1e-05, 0.001], ""evaluated_configs"": 2, ""input_features_status"": ""saved checkpoint features exactly match keyed current 293-column input"", ""selected_decay"": 1e-05, ""selected_epochs"": 33, ""test"": {""cell_count"": 68849, ""patient_count"": 8}, ""validation"": {""cell_count"": 71343, ""patient_count"": 8}}"
plain_mlp,fine,3,outer_refit,20260914,32,292943,0,0,8,68849,provided apt_expression; stage-specific training-only StandardScaler; outer saved scaler verified,task-specific validation SB Macro-F1; two decays x 50 epochs; first strict maximum,fresh initialization and scaler on all development cells,"all stage fit cells, shuffled mini-batches; unweighted CE",fine labels only,SP,20260912,2000,subject-normalized pooled fixed-class Macro-F1,/ssd3/mayiling/apt_agent_runtime/remaining_v1/full_mlp/s20260914_f3_fine.npz,/ssd3/mayiling/apt_agent_runtime/remaining_v1/full_mlp/protocol.json,/ssd3/mayiling/apt_agent_runtime/remaining_v1/full_mlp/s20260914_f3_fine.json,/ssd3/mayiling/apt_agent_runtime/remaining_v1/full_mlp/s20260914_f3_fine.pt,unavailable,"{""candidates"": [1e-05, 0.001], ""evaluated_configs"": 2, ""input_features_status"": ""saved checkpoint features exactly match keyed current 293-column input"", ""selected_decay"": 1e-05, ""selected_epochs"": 33, ""test"": {""cell_count"": 68849, ""patient_count"": 8}, ""validation"": {""cell_count"": 0, ""patient_count"": 0}}"
plain_mlp,fine,4,inner_selection,20260914,24,223469,8,66980,8,71343,provided apt_expression; stage-specific training-only StandardScaler; outer saved scaler verified,task-specific validation SB Macro-F1; two decays x 50 epochs; first strict maximum,fresh initialization and scaler on all development cells,"all stage fit cells, shuffled mini-batches; unweighted CE",fine labels only,SP,20260912,2000,subject-normalized pooled fixed-class Macro-F1,/ssd3/mayiling/apt_agent_runtime/remaining_v1/full_mlp/s20260914_f4_fine.npz,/ssd3/mayiling/apt_agent_runtime/remaining_v1/full_mlp/protocol.json,/ssd3/mayiling/apt_agent_runtime/remaining_v1/full_mlp/s20260914_f4_fine.json,/ssd3/mayiling/apt_agent_runtime/remaining_v1/full_mlp/s20260914_f4_fine.pt,unavailable,"{""candidates"": [1e-05, 0.001], ""evaluated_configs"": 2, ""input_features_status"": ""saved checkpoint features exactly match keyed current 293-column input"", ""selected_decay"": 0.001, ""selected_epochs"": 28, ""test"": {""cell_count"": 71343, ""patient_count"": 8}, ""validation"": {""cell_count"": 66980, ""patient_count"": 8}}"
plain_mlp,fine,4,outer_refit,20260914,32,290449,0,0,8,71343,provided apt_expression; stage-specific training-only StandardScaler; outer saved scaler verified,task-specific validation SB Macro-F1; two decays x 50 epochs; first strict maximum,fresh initialization and scaler on all development cells,"all stage fit cells, shuffled mini-batches; unweighted CE",fine labels only,SP,20260912,2000,subject-normalized pooled fixed-class Macro-F1,/ssd3/mayiling/apt_agent_runtime/remaining_v1/full_mlp/s20260914_f4_fine.npz,/ssd3/mayiling/apt_agent_runtime/remaining_v1/full_mlp/protocol.json,/ssd3/mayiling/apt_agent_runtime/remaining_v1/full_mlp/s20260914_f4_fine.json,/ssd3/mayiling/apt_agent_runtime/remaining_v1/full_mlp/s20260914_f4_fine.pt,unavailable,"{""candidates"": [1e-05, 0.001], ""evaluated_configs"": 2, ""input_features_status"": ""saved checkpoint features exactly match keyed current 293-column input"", ""selected_decay"": 0.001, ""selected_epochs"": 28, ""test"": {""cell_count"": 71343, ""patient_count"": 8}, ""validation"": {""cell_count"": 0, ""patient_count"": 0}}"
