actual_contributing_patients,fit_seconds,fold,inference_seconds,mean_class_donor_coverage,min_class_donor_coverage,model,n_classes,n_test_cells,n_train_cells,observed_class_count,patient_budget,protocol_hash,seed,status,task,total,unseen_at_training_class_count,wall_seconds
16,1.1969872526824474,0,0.031738853082060814,15.6,14,logistic_regression,5,66980,3200,5,16,d53c22dd7c1e22fc,0,success,coarse,3200,0,1.30895134806633
16,3.4440923240035772,0,0.05286805424839258,14.148148148148149,2,logistic_regression,27,66980,3200,27,16,d53c22dd7c1e22fc,0,success,fine,3200,0,3.57411019038409
32,1.0489476853981614,0,0.03125215880572796,28.4,14,logistic_regression,5,66980,3200,5,32,d53c22dd7c1e22fc,0,success,coarse,3200,0,1.1746532591059804
32,2.748352114111185,0,0.0583597831428051,25.11111111111111,2,logistic_regression,27,66980,3200,27,32,d53c22dd7c1e22fc,0,success,fine,3200,0,2.9426522981375456
8,1.102527811191976,0,0.02910827100276947,8.0,8,logistic_regression,5,66980,3200,5,8,d53c22dd7c1e22fc,0,success,coarse,3200,0,1.200195492245257
8,3.4023962588980794,0,0.05202146992087364,7.407407407407407,1,logistic_regression,27,66980,3200,27,8,d53c22dd7c1e22fc,0,success,fine,3200,0,3.52320674341172
16,2.7969696735963225,0,0.028955623507499695,16.0,16,logistic_regression,5,66980,6400,5,16,d53c22dd7c1e22fc,0,success,coarse,6400,0,2.906196196563542
16,5.571387982927263,0,0.05279422178864479,14.592592592592593,2,logistic_regression,27,66980,6400,27,16,d53c22dd7c1e22fc,0,success,fine,6400,0,5.706297454424202
32,2.8923224546015263,0,0.031138090416789055,31.0,27,logistic_regression,5,66980,6400,5,32,d53c22dd7c1e22fc,0,success,coarse,6400,0,3.0216957293450832
32,4.948926942422986,0,0.051577490754425526,27.88888888888889,2,logistic_regression,27,66980,6400,27,32,d53c22dd7c1e22fc,0,success,fine,6400,0,5.0955745140090585
8,2.7975510908290744,0,0.028687667101621628,8.0,8,logistic_regression,5,66980,6400,5,8,d53c22dd7c1e22fc,0,success,coarse,6400,0,2.8964200420305133
8,6.390664693899453,0,0.05512912850826979,7.518518518518518,1,logistic_regression,27,66980,6400,27,8,d53c22dd7c1e22fc,0,success,fine,6400,0,6.518567939288914
16,0.948528628796339,0,0.029449475929141045,15.4,13,logistic_regression,5,66980,3200,5,16,d53c22dd7c1e22fc,1,success,coarse,3200,0,1.0550547679886222
16,1.8828207030892372,0,0.054940368980169296,13.814814814814815,1,logistic_regression,27,66980,3200,27,16,d53c22dd7c1e22fc,1,success,fine,3200,0,2.018036849796772
32,1.2248335871845484,0,0.029037199914455414,28.2,13,logistic_regression,5,66980,3200,5,32,d53c22dd7c1e22fc,1,success,coarse,3200,0,1.3480139607563615
32,2.3272565361112356,0,0.05589161720126867,24.40740740740741,1,logistic_regression,27,66980,3200,27,32,d53c22dd7c1e22fc,1,success,fine,3200,0,2.48372969776392
8,0.9881985392421484,0,0.03094849456101656,8.0,8,logistic_regression,5,66980,3200,5,8,d53c22dd7c1e22fc,1,success,coarse,3200,0,1.0887865545228124
8,1.865097233094275,0,0.057948509231209755,7.185185185185185,1,logistic_regression,27,66980,3200,27,8,d53c22dd7c1e22fc,1,success,fine,3200,0,2.000533848069608
16,2.513740419410169,0,0.031133786775171757,16.0,16,logistic_regression,5,66980,6400,5,16,d53c22dd7c1e22fc,1,success,coarse,6400,0,2.6235447013750672
16,4.25454177800566,0,0.05751573760062456,14.333333333333334,1,logistic_regression,27,66980,6400,27,16,d53c22dd7c1e22fc,1,success,fine,6400,0,4.402496324852109
32,2.6617670450359583,0,0.029060769826173782,30.6,25,logistic_regression,5,66980,6400,5,32,d53c22dd7c1e22fc,1,success,coarse,6400,0,2.7868203772231936
32,5.616897862404585,0,0.059784761629998684,27.14814814814815,1,logistic_regression,27,66980,6400,27,32,d53c22dd7c1e22fc,1,success,fine,6400,0,5.787134346552193
8,2.2586031444370747,0,0.03134575393050909,8.0,8,logistic_regression,5,66980,6400,5,8,d53c22dd7c1e22fc,1,success,coarse,6400,0,2.3611095547676086
8,4.175099823623896,0,0.05150825250893831,7.222222222222222,1,logistic_regression,27,66980,6400,27,8,d53c22dd7c1e22fc,1,success,fine,6400,0,4.294962370768189
16,1.267420052550733,0,0.03188444674015045,15.6,14,logistic_regression,5,66980,3200,5,16,d53c22dd7c1e22fc,2,success,coarse,3200,0,1.3747515613213181
16,2.266082522459328,0,0.05602950882166624,13.62962962962963,1,logistic_regression,27,66980,3200,27,16,d53c22dd7c1e22fc,2,success,fine,3200,0,2.3997386330738664
32,1.2419441603124142,0,0.0307542122900486,29.0,17,logistic_regression,5,66980,3200,5,32,d53c22dd7c1e22fc,2,success,coarse,3200,0,1.3666916443035007
32,2.432291622273624,0,0.05795420240610838,25.25925925925926,1,logistic_regression,27,66980,3200,27,32,d53c22dd7c1e22fc,2,success,fine,3200,0,2.5941984336823225
8,1.292294779792428,0,0.03064828086644411,7.6,6,logistic_regression,5,66980,3200,5,8,d53c22dd7c1e22fc,2,success,coarse,3200,0,1.3926093522459269
8,2.3929447438567877,0,0.053856249898672104,6.666666666666667,1,logistic_regression,27,66980,3200,27,8,d53c22dd7c1e22fc,2,success,fine,3200,0,2.5182750541716814
16,2.8073027916252613,0,0.02973158936947584,15.6,14,logistic_regression,5,66980,6400,5,16,d53c22dd7c1e22fc,2,success,coarse,6400,0,2.917203069664538
16,5.563313892111182,0,0.05663133691996336,13.814814814814815,1,logistic_regression,27,66980,6400,27,16,d53c22dd7c1e22fc,2,success,fine,6400,0,5.705672540701926
32,2.8304589120671153,0,0.03093545138835907,31.6,30,logistic_regression,5,66980,6400,5,32,d53c22dd7c1e22fc,2,success,coarse,6400,0,2.9579731728881598
32,4.887412566691637,0,0.05364495888352394,27.666666666666668,1,logistic_regression,27,66980,6400,27,32,d53c22dd7c1e22fc,2,success,fine,6400,0,5.046352514997125
8,2.8296614568680525,0,0.029284720309078693,7.6,6,logistic_regression,5,66980,6400,5,8,d53c22dd7c1e22fc,2,success,coarse,6400,0,2.928425501100719
8,5.7534843403846025,0,0.05796570051461458,6.703703703703703,1,logistic_regression,27,66980,6400,27,8,d53c22dd7c1e22fc,2,success,fine,6400,0,5.885748103260994
16,1.101887813769281,0,0.030087190680205822,14.6,9,logistic_regression,5,66980,3200,5,16,d53c22dd7c1e22fc,3,success,coarse,3200,0,1.2076450176537037
16,2.1034330604597926,0,0.0539851039648056,13.807692307692308,2,logistic_regression,27,66980,3200,26,16,d53c22dd7c1e22fc,3,success,fine,3200,1,2.2416463745757937
32,1.0685751978307962,0,0.029556140303611755,27.4,9,logistic_regression,5,66980,3200,5,32,d53c22dd7c1e22fc,3,success,coarse,3200,0,1.1968419523909688
32,2.844197235070169,0,0.05147298984229565,25.192307692307693,2,logistic_regression,27,66980,3200,26,32,d53c22dd7c1e22fc,3,success,fine,3200,1,2.999479888007045
8,1.1762967873364687,0,0.031007475219666958,7.6,6,logistic_regression,5,66980,3200,5,8,d53c22dd7c1e22fc,3,success,coarse,3200,0,1.2737726522609591
8,1.9714994756504893,0,0.05076392274349928,6.884615384615385,2,logistic_regression,27,66980,3200,26,8,d53c22dd7c1e22fc,3,success,fine,3200,1,2.0915697338059545
16,2.763820882886648,0,0.030519460327923298,15.6,14,logistic_regression,5,66980,6400,5,16,d53c22dd7c1e22fc,3,success,coarse,6400,0,2.8737421687692404
16,4.314222913235426,0,0.05330258887261152,14.423076923076923,4,logistic_regression,27,66980,6400,26,16,d53c22dd7c1e22fc,3,success,fine,6400,1,4.45422154571861
32,2.4845635974779725,0,0.029311773367226124,28.8,16,logistic_regression,5,66980,6400,5,32,d53c22dd7c1e22fc,3,success,coarse,6400,0,2.6083143036812544
32,4.859435896389186,0,0.053713574074208736,27.384615384615383,4,logistic_regression,27,66980,6400,26,32,d53c22dd7c1e22fc,3,success,fine,6400,1,5.022934961132705
8,2.518147154711187,0,0.031043989583849907,7.6,6,logistic_regression,5,66980,6400,5,8,d53c22dd7c1e22fc,3,success,coarse,6400,0,2.6167628625407815
8,4.43966212682426,0,0.04807340446859598,6.961538461538462,4,logistic_regression,27,66980,6400,26,8,d53c22dd7c1e22fc,3,success,fine,6400,1,4.5542415184900165
16,1.1663815136998892,0,0.032410623505711555,15.6,14,logistic_regression,5,66980,3200,5,16,d53c22dd7c1e22fc,4,success,coarse,3200,0,1.2865305598825216
16,3.4134739665314555,0,0.05402266513556242,13.62962962962963,1,logistic_regression,27,66980,3200,27,16,d53c22dd7c1e22fc,4,success,fine,3200,0,3.547189923003316
32,1.4212468704208732,0,0.031026942655444145,29.0,17,logistic_regression,5,66980,3200,5,32,d53c22dd7c1e22fc,4,success,coarse,3200,0,1.54739323630929
32,2.642528899013996,0,0.05549210123717785,25.296296296296298,1,logistic_regression,27,66980,3200,27,32,d53c22dd7c1e22fc,4,success,fine,3200,0,2.80200160946697
8,1.2106654960662127,0,0.02961939200758934,7.6,6,logistic_regression,5,66980,3200,5,8,d53c22dd7c1e22fc,4,success,coarse,3200,0,1.307750086300075
8,2.6986436154693365,0,0.053994701243937016,6.666666666666667,1,logistic_regression,27,66980,3200,27,8,d53c22dd7c1e22fc,4,success,fine,3200,0,2.8220531195402145
16,2.808306971564889,0,0.02961064036935568,15.6,14,logistic_regression,5,66980,6400,5,16,d53c22dd7c1e22fc,4,success,coarse,6400,0,2.923079256899655
16,6.209570433944464,0,0.056710364297032356,13.814814814814815,1,logistic_regression,27,66980,6400,27,16,d53c22dd7c1e22fc,4,success,fine,6400,0,6.355296392925084
32,2.8200846454128623,0,0.03149485029280186,31.6,30,logistic_regression,5,66980,6400,5,32,d53c22dd7c1e22fc,4,success,coarse,6400,0,2.9492289163172245
32,6.247150804847479,0,0.055752892047166824,27.666666666666668,1,logistic_regression,27,66980,6400,27,32,d53c22dd7c1e22fc,4,success,fine,6400,0,6.403667213395238
8,2.777907603420317,0,0.030368279665708542,7.6,6,logistic_regression,5,66980,6400,5,8,d53c22dd7c1e22fc,4,success,coarse,6400,0,2.879660500213504
8,6.45849399920553,0,0.059324296191334724,6.703703703703703,1,logistic_regression,27,66980,6400,27,8,d53c22dd7c1e22fc,4,success,fine,6400,0,6.5918639320880175
16,1.163085849955678,0,0.029128453694283962,15.4,13,logistic_regression,5,66980,3200,5,16,d53c22dd7c1e22fc,5,success,coarse,3200,0,1.273192236199975
16,2.221525319851935,0,0.0510849067941308,14.692307692307692,2,logistic_regression,27,66980,3200,26,16,d53c22dd7c1e22fc,5,success,fine,3200,1,2.3583657909184694
32,1.2307462925091386,0,0.029345696792006493,28.2,13,logistic_regression,5,66980,3200,5,32,d53c22dd7c1e22fc,5,success,coarse,3200,0,1.3601555973291397
32,2.093742160126567,0,0.05082070268690586,26.0,2,logistic_regression,27,66980,3200,26,32,d53c22dd7c1e22fc,5,success,fine,3200,1,2.246144992299378
8,1.2635709773749113,0,0.03075292706489563,7.8,7,logistic_regression,5,66980,3200,5,8,d53c22dd7c1e22fc,5,success,coarse,3200,0,1.3633261574432254
8,2.4455509688705206,0,0.049999031238257885,7.384615384615385,2,logistic_regression,27,66980,3200,26,8,d53c22dd7c1e22fc,5,success,fine,3200,1,2.567698289640248
16,2.8672790713608265,0,0.03212270699441433,15.8,15,logistic_regression,5,66980,6400,5,16,d53c22dd7c1e22fc,5,success,coarse,6400,0,2.986186762340367
16,5.700539213605225,0,0.053754192776978016,15.0,4,logistic_regression,27,66980,6400,26,16,d53c22dd7c1e22fc,5,success,fine,6400,1,5.846471408382058
32,2.5832068352028728,0,0.029376767575740814,30.8,26,logistic_regression,5,66980,6400,5,32,d53c22dd7c1e22fc,5,success,coarse,6400,0,2.7143597034737468
32,4.670434430241585,0,0.051290628500282764,28.576923076923077,4,logistic_regression,27,66980,6400,26,32,d53c22dd7c1e22fc,5,success,fine,6400,1,4.8260074416175485
8,2.993479333817959,0,0.031437584199011326,7.8,7,logistic_regression,5,66980,6400,5,8,d53c22dd7c1e22fc,5,success,coarse,6400,0,3.096799706108868
8,5.106215070001781,0,0.047329358756542206,7.461538461538462,4,logistic_regression,27,66980,6400,26,8,d53c22dd7c1e22fc,5,success,fine,6400,1,5.2268937630578876
16,1.136029570363462,0,0.03155436832457781,14.8,10,logistic_regression,5,66980,3200,5,16,d53c22dd7c1e22fc,6,success,coarse,3200,0,1.2474439358338714
16,2.039363546296954,0,0.05198871623724699,13.555555555555555,1,logistic_regression,27,66980,3200,27,16,d53c22dd7c1e22fc,6,success,fine,3200,0,2.165307438932359
32,1.069373314268887,0,0.031106463633477688,27.6,10,logistic_regression,5,66980,3200,5,32,d53c22dd7c1e22fc,6,success,coarse,3200,0,1.1949143633246422
32,2.624440722167492,0,0.054871478118002415,24.37037037037037,1,logistic_regression,27,66980,3200,27,32,d53c22dd7c1e22fc,6,success,fine,3200,0,2.781023579649627
8,1.0423871958628297,0,0.02939619030803442,7.8,7,logistic_regression,5,66980,3200,5,8,d53c22dd7c1e22fc,6,success,coarse,3200,0,1.1359220882877707
8,1.8751010550186038,0,0.05400026123970747,6.925925925925926,1,logistic_regression,27,66980,3200,27,8,d53c22dd7c1e22fc,6,success,fine,3200,0,2.0010097036138177
16,2.8584848027676344,0,0.03003084473311901,15.6,14,logistic_regression,5,66980,6400,5,16,d53c22dd7c1e22fc,6,success,coarse,6400,0,2.9716251343488693
16,4.653921187855303,0,0.051543411798775196,14.148148148148149,2,logistic_regression,27,66980,6400,27,16,d53c22dd7c1e22fc,6,success,fine,6400,0,4.788402936421335
32,2.718618093058467,0,0.03119127918034792,29.6,20,logistic_regression,5,66980,6400,5,32,d53c22dd7c1e22fc,6,success,coarse,6400,0,2.848693265579641
32,5.420151715166867,0,0.05545144900679588,26.814814814814813,2,logistic_regression,27,66980,6400,27,32,d53c22dd7c1e22fc,6,success,fine,6400,0,5.57657933793962
8,2.4888641806319356,0,0.029669418931007385,7.8,7,logistic_regression,5,66980,6400,5,8,d53c22dd7c1e22fc,6,success,coarse,6400,0,2.589662787504494
8,4.824886618182063,0,0.05786370765417814,6.962962962962963,1,logistic_regression,27,66980,6400,27,8,d53c22dd7c1e22fc,6,success,fine,6400,0,4.956323252990842
16,1.2394003849476576,0,0.029638143256306648,15.0,11,logistic_regression,5,66980,3200,5,16,d53c22dd7c1e22fc,7,success,coarse,3200,0,1.3468462964519858
16,1.9981170743703842,0,0.05063999071717262,14.076923076923077,2,logistic_regression,27,66980,3200,26,16,d53c22dd7c1e22fc,7,success,fine,3200,1,2.130193146876991
32,1.339894407428801,0,0.02987917885184288,27.8,11,logistic_regression,5,66980,3200,5,32,d53c22dd7c1e22fc,7,success,coarse,3200,0,1.4640513136982918
32,2.1708750566467643,0,0.050011434592306614,25.576923076923077,2,logistic_regression,27,66980,3200,26,32,d53c22dd7c1e22fc,7,success,fine,3200,1,2.3206803491339087
8,1.1592445047572255,0,0.03103974461555481,8.0,8,logistic_regression,5,66980,3200,5,8,d53c22dd7c1e22fc,7,success,coarse,3200,0,1.2597545878961682
8,2.317350495606661,0,0.05420819763094187,7.346153846153846,2,logistic_regression,27,66980,3200,26,8,d53c22dd7c1e22fc,7,success,fine,3200,1,2.4462301647290587
16,2.7592594493180513,0,0.031021111644804478,15.8,15,logistic_regression,5,66980,6400,5,16,d53c22dd7c1e22fc,7,success,coarse,6400,0,2.8708024695515633
16,4.598293683491647,0,0.05142574477940798,14.538461538461538,3,logistic_regression,27,66980,6400,26,16,d53c22dd7c1e22fc,7,success,fine,6400,1,4.737852797843516
32,2.3288823990151286,0,0.029276564717292786,29.8,21,logistic_regression,5,66980,6400,5,32,d53c22dd7c1e22fc,7,success,coarse,6400,0,2.454209830611944
32,5.275361304171383,0,0.05373893119394779,28.115384615384617,3,logistic_regression,27,66980,6400,26,32,d53c22dd7c1e22fc,7,success,fine,6400,1,5.435843540355563
8,2.704098326154053,0,0.033170207403600216,8.0,8,logistic_regression,5,66980,6400,5,8,d53c22dd7c1e22fc,7,success,coarse,6400,0,2.8139568027108908
8,5.092500407248735,0,0.04906964208930731,7.384615384615385,3,logistic_regression,27,66980,6400,26,8,d53c22dd7c1e22fc,7,success,fine,6400,1,5.21320304274559
16,0.9939601626247168,0,0.03205314837396145,14.8,10,logistic_regression,5,66980,3200,5,16,d53c22dd7c1e22fc,8,success,coarse,3200,0,1.1058441577479243
16,1.9532874068245292,0,0.0518514309078455,13.666666666666666,1,logistic_regression,27,66980,3200,27,16,d53c22dd7c1e22fc,8,success,fine,3200,0,2.082861895672977
32,1.1356833335012197,0,0.030757411383092403,27.6,10,logistic_regression,5,66980,3200,5,32,d53c22dd7c1e22fc,8,success,coarse,3200,0,1.2626811508089304
32,2.5726876463741064,0,0.054463885724544525,24.48148148148148,1,logistic_regression,27,66980,3200,27,32,d53c22dd7c1e22fc,8,success,fine,3200,0,2.7279955223202705
8,0.977122388780117,0,0.028999456204473972,7.8,7,logistic_regression,5,66980,3200,5,8,d53c22dd7c1e22fc,8,success,coarse,3200,0,1.0719930035993457
8,1.722946242429316,0,0.05253984592854977,6.888888888888889,1,logistic_regression,27,66980,3200,27,8,d53c22dd7c1e22fc,8,success,fine,3200,0,1.8424195563420653
16,1.909946477971971,0,0.028850886970758438,15.8,15,logistic_regression,5,66980,6400,5,16,d53c22dd7c1e22fc,8,success,coarse,6400,0,2.0191956348717213
16,4.26888198684901,0,0.052589776925742626,14.25925925925926,2,logistic_regression,27,66980,6400,27,16,d53c22dd7c1e22fc,8,success,fine,6400,0,4.403596672229469
32,2.8919838033616543,0,0.03134310059249401,29.4,19,logistic_regression,5,66980,6400,5,32,d53c22dd7c1e22fc,8,success,coarse,6400,0,3.0218077655881643
32,4.882933394983411,0,0.05228262580931187,26.88888888888889,2,logistic_regression,27,66980,6400,27,32,d53c22dd7c1e22fc,8,success,fine,6400,0,5.033745185472071
8,1.9729916471987963,0,0.03093541320413351,7.8,7,logistic_regression,5,66980,6400,5,8,d53c22dd7c1e22fc,8,success,coarse,6400,0,2.0751952920109034
8,4.38946761097759,0,0.05419175233691931,6.962962962962963,1,logistic_regression,27,66980,6400,27,8,d53c22dd7c1e22fc,8,success,fine,6400,0,4.512808091938496
16,1.192559938877821,0,0.029965398833155632,15.6,14,logistic_regression,5,66980,3200,5,16,d53c22dd7c1e22fc,9,success,coarse,3200,0,1.2981513105332851
16,2.357330782338977,0,0.05421638395637274,13.814814814814815,1,logistic_regression,27,66980,3200,27,16,d53c22dd7c1e22fc,9,success,fine,3200,0,2.4915056424215436
32,1.2070378446951509,0,0.02958741970360279,29.0,17,logistic_regression,5,66980,3200,5,32,d53c22dd7c1e22fc,9,success,coarse,3200,0,1.332932598888874
32,2.297468171454966,0,0.05536997318267822,24.51851851851852,1,logistic_regression,27,66980,3200,27,32,d53c22dd7c1e22fc,9,success,fine,3200,0,2.4548904690891504
8,1.1869521830230951,0,0.03119587991386652,7.8,7,logistic_regression,5,66980,3200,5,8,d53c22dd7c1e22fc,9,success,coarse,3200,0,1.2869734279811382
8,2.2659677090123296,0,0.053997128270566463,7.074074074074074,1,logistic_regression,27,66980,3200,27,8,d53c22dd7c1e22fc,9,success,fine,3200,0,2.390609612688422
16,2.8498015888035297,0,0.03170156478881836,15.6,14,logistic_regression,5,66980,6400,5,16,d53c22dd7c1e22fc,9,success,coarse,6400,0,2.964025183580816
16,6.457030136138201,0,0.05777144245803356,14.074074074074074,1,logistic_regression,27,66980,6400,27,16,d53c22dd7c1e22fc,9,success,fine,6400,0,6.599213885143399
32,2.7521479539573193,0,0.029502304270863533,31.6,30,logistic_regression,5,66980,6400,5,32,d53c22dd7c1e22fc,9,success,coarse,6400,0,2.879947405308485
32,6.43852293677628,0,0.05818112753331661,27.77777777777778,1,logistic_regression,27,66980,6400,27,32,d53c22dd7c1e22fc,9,success,fine,6400,0,6.602425227873027
8,2.9587693894281983,0,0.031930952332913876,7.8,7,logistic_regression,5,66980,6400,5,8,d53c22dd7c1e22fc,9,success,coarse,6400,0,3.0638368101790547
8,5.58209715038538,0,0.05133843142539263,7.148148148148148,1,logistic_regression,27,66980,6400,27,8,d53c22dd7c1e22fc,9,success,fine,6400,0,5.703568468801677
16,1.2466004816815257,0,0.031471679918468,15.8,15,logistic_regression,5,66980,3200,5,16,d53c22dd7c1e22fc,10,success,coarse,3200,0,1.3576332405209541
16,2.2843441208824515,0,0.05243299063295126,13.777777777777779,1,logistic_regression,27,66980,3200,27,16,d53c22dd7c1e22fc,10,success,fine,3200,0,2.4118033377453685
32,1.2836586395278573,0,0.031069951131939888,29.0,17,logistic_regression,5,66980,3200,5,32,d53c22dd7c1e22fc,10,success,coarse,3200,0,1.4114070301875472
32,2.3334155390039086,0,0.05501018278300762,25.40740740740741,1,logistic_regression,27,66980,3200,27,32,d53c22dd7c1e22fc,10,success,fine,3200,0,2.4915064554661512
8,1.1782305780798197,0,0.029429531656205654,8.0,8,logistic_regression,5,66980,3200,5,8,d53c22dd7c1e22fc,10,success,coarse,3200,0,1.2742906277999282
8,2.4444760642945766,0,0.05323588754981756,6.962962962962963,1,logistic_regression,27,66980,3200,27,8,d53c22dd7c1e22fc,10,success,fine,3200,0,2.56569108273834
16,2.6268751258030534,0,0.02987052872776985,15.8,15,logistic_regression,5,66980,6400,5,16,d53c22dd7c1e22fc,10,success,coarse,6400,0,2.739050518721342
16,5.2072170889005065,0,0.05256924219429493,14.037037037037036,1,logistic_regression,27,66980,6400,27,16,d53c22dd7c1e22fc,10,success,fine,6400,0,5.342313699424267
32,2.939225689508021,0,0.03148322645574808,31.6,30,logistic_regression,5,66980,6400,5,32,d53c22dd7c1e22fc,10,success,coarse,6400,0,3.0724012199789286
32,5.157503457739949,0,0.05581714678555727,27.666666666666668,1,logistic_regression,27,66980,6400,27,32,d53c22dd7c1e22fc,10,success,fine,6400,0,5.314175706356764
8,2.796779197640717,0,0.02932627499103546,8.0,8,logistic_regression,5,66980,6400,5,8,d53c22dd7c1e22fc,10,success,coarse,6400,0,2.895249143242836
8,6.378101636655629,0,0.05470782984048128,7.037037037037037,1,logistic_regression,27,66980,6400,27,8,d53c22dd7c1e22fc,10,success,fine,6400,0,6.506051613017917
16,1.13138834759593,0,0.02972261607646942,15.6,14,logistic_regression,5,66980,3200,5,16,d53c22dd7c1e22fc,11,success,coarse,3200,0,1.242036322131753
16,3.10107902251184,0,0.05439712107181549,13.962962962962964,3,logistic_regression,27,66980,3200,27,16,d53c22dd7c1e22fc,11,success,fine,3200,0,3.238497270271182
32,1.1301780696958303,0,0.02949624601751566,30.4,24,logistic_regression,5,66980,3200,5,32,d53c22dd7c1e22fc,11,success,coarse,3200,0,1.2545213624835014
32,2.5011377464979887,0,0.052636963315308094,24.703703703703702,3,logistic_regression,27,66980,3200,27,32,d53c22dd7c1e22fc,11,success,fine,3200,0,2.6511329459026456
8,1.1179853742942214,0,0.03139294870197773,8.0,8,logistic_regression,5,66980,3200,5,8,d53c22dd7c1e22fc,11,success,coarse,3200,0,1.2169950185343623
8,2.2390995332971215,0,0.05480885040014982,7.296296296296297,2,logistic_regression,27,66980,3200,27,8,d53c22dd7c1e22fc,11,success,fine,3200,0,2.3648117342963815
16,2.896452353335917,0,0.03134735021740198,15.6,14,logistic_regression,5,66980,6400,5,16,d53c22dd7c1e22fc,11,success,coarse,6400,0,3.011299191042781
16,5.303255307488143,0,0.05461852438747883,14.333333333333334,3,logistic_regression,27,66980,6400,27,16,d53c22dd7c1e22fc,11,success,fine,6400,0,5.441299736499786
32,2.764952914789319,0,0.029074635356664658,31.6,30,logistic_regression,5,66980,6400,5,32,d53c22dd7c1e22fc,11,success,coarse,6400,0,2.890235082246363
32,5.4512718403711915,0,0.05429975036531687,27.962962962962962,4,logistic_regression,27,66980,6400,27,32,d53c22dd7c1e22fc,11,success,fine,6400,0,5.604690014384687
8,2.8365123346447945,0,0.03111247345805168,8.0,8,logistic_regression,5,66980,6400,5,8,d53c22dd7c1e22fc,11,success,coarse,6400,0,2.9380316231399775
8,4.464593051932752,0,0.05184663459658623,7.37037037037037,2,logistic_regression,27,66980,6400,27,8,d53c22dd7c1e22fc,11,success,fine,6400,0,4.584444932639599
16,1.1559828193858266,0,0.032019236125051975,14.6,9,logistic_regression,5,66980,3200,5,16,d53c22dd7c1e22fc,12,success,coarse,3200,0,1.265077338553965
16,2.7402658481150866,0,0.04756899829953909,13.884615384615385,3,logistic_regression,27,66980,3200,26,16,d53c22dd7c1e22fc,12,success,fine,3200,1,2.865999390371144
32,1.2979879975318909,0,0.03163582179695368,27.4,9,logistic_regression,5,66980,3200,5,32,d53c22dd7c1e22fc,12,success,coarse,3200,0,1.4262678464874625
32,2.689948516897857,0,0.052673669531941414,25.576923076923077,3,logistic_regression,27,66980,3200,26,32,d53c22dd7c1e22fc,12,success,fine,3200,1,2.842574796639383
8,1.2212620126083493,0,0.029803602024912834,7.8,7,logistic_regression,5,66980,3200,5,8,d53c22dd7c1e22fc,12,success,coarse,3200,0,1.3188535664230585
8,2.2735734451562166,0,0.052195808850228786,7.115384615384615,3,logistic_regression,27,66980,3200,26,8,d53c22dd7c1e22fc,12,success,fine,3200,1,2.395050449296832
16,2.653708797879517,0,0.029261687770485878,15.6,14,logistic_regression,5,66980,6400,5,16,d53c22dd7c1e22fc,12,success,coarse,6400,0,2.7613665414974093
16,4.935727333649993,0,0.04803283140063286,14.346153846153847,5,logistic_regression,27,66980,6400,26,16,d53c22dd7c1e22fc,12,success,fine,6400,1,5.062777948565781
32,2.6481765173375607,0,0.032436772249639034,29.0,17,logistic_regression,5,66980,6400,5,32,d53c22dd7c1e22fc,12,success,coarse,6400,0,2.7851572800427675
32,4.576999705284834,0,0.04951176792383194,28.03846153846154,5,logistic_regression,27,66980,6400,26,32,d53c22dd7c1e22fc,12,success,fine,6400,1,4.7254936676472425
8,2.5880588460713625,0,0.028905113227665424,7.8,7,logistic_regression,5,66980,6400,5,8,d53c22dd7c1e22fc,12,success,coarse,6400,0,2.6845397586002946
8,5.967226178385317,0,0.05404847301542759,7.1923076923076925,4,logistic_regression,27,66980,6400,26,8,d53c22dd7c1e22fc,12,success,fine,6400,1,6.091784046962857
16,1.0617744904011488,0,0.02901434898376465,14.8,10,logistic_regression,5,66980,3200,5,16,d53c22dd7c1e22fc,13,success,coarse,3200,0,1.1683994438499212
16,2.9063500724732876,0,0.05436897277832031,13.925925925925926,2,logistic_regression,27,66980,3200,27,16,d53c22dd7c1e22fc,13,success,fine,3200,0,3.0412592431530356
32,1.0496632643043995,0,0.02986146602779627,27.6,10,logistic_regression,5,66980,3200,5,32,d53c22dd7c1e22fc,13,success,coarse,3200,0,1.17579809948802
32,2.609897280111909,0,0.053127776831388474,24.962962962962962,2,logistic_regression,27,66980,3200,27,32,d53c22dd7c1e22fc,13,success,fine,3200,0,2.7646335819736123
8,1.0838015787303448,0,0.030988819897174835,7.8,7,logistic_regression,5,66980,3200,5,8,d53c22dd7c1e22fc,13,success,coarse,3200,0,1.182562593370676
8,1.8347460441291332,0,0.05436523351818323,7.2592592592592595,2,logistic_regression,27,66980,3200,27,8,d53c22dd7c1e22fc,13,success,fine,3200,0,1.960268983617425
16,2.863292778842151,0,0.03164447098970413,15.8,15,logistic_regression,5,66980,6400,5,16,d53c22dd7c1e22fc,13,success,coarse,6400,0,2.975983526557684
16,6.352524328045547,0,0.054335786029696465,14.555555555555555,3,logistic_regression,27,66980,6400,27,16,d53c22dd7c1e22fc,13,success,fine,6400,0,6.4915878139436245
32,2.541186380200088,0,0.03020899649709463,29.6,20,logistic_regression,5,66980,6400,5,32,d53c22dd7c1e22fc,13,success,coarse,6400,0,2.6719260634854436
32,5.74621183052659,0,0.055320522747933865,27.25925925925926,3,logistic_regression,27,66980,6400,27,32,d53c22dd7c1e22fc,13,success,fine,6400,0,5.908369217067957
8,2.1673469180241227,0,0.03168258722871542,7.8,7,logistic_regression,5,66980,6400,5,8,d53c22dd7c1e22fc,13,success,coarse,6400,0,2.2672224091365933
8,4.637701204046607,0,0.052442748099565506,7.37037037037037,2,logistic_regression,27,66980,6400,27,8,d53c22dd7c1e22fc,13,success,fine,6400,0,4.7586679654195905
16,1.1236023530364037,0,0.031133021228015423,15.2,12,logistic_regression,5,66980,3200,5,16,d53c22dd7c1e22fc,14,success,coarse,3200,0,1.2326443791389465
16,2.0710256369784474,0,0.04797711968421936,14.23076923076923,2,logistic_regression,27,66980,3200,26,16,d53c22dd7c1e22fc,14,success,fine,3200,1,2.1933085843920708
32,1.129764056764543,0,0.03228318691253662,28.0,12,logistic_regression,5,66980,3200,5,32,d53c22dd7c1e22fc,14,success,coarse,3200,0,1.259232853539288
32,2.1311736991629004,0,0.05186150781810284,24.846153846153847,2,logistic_regression,27,66980,3200,26,32,d53c22dd7c1e22fc,14,success,fine,3200,1,2.2861646451056004
8,0.8638002956286073,0,0.03026155848056078,8.0,8,logistic_regression,5,66980,3200,5,8,d53c22dd7c1e22fc,14,success,coarse,3200,0,0.9627822795882821
8,1.6056930860504508,0,0.0480365427210927,7.423076923076923,2,logistic_regression,27,66980,3200,26,8,d53c22dd7c1e22fc,14,success,fine,3200,1,1.722715369425714
16,2.706265017390251,0,0.02907918021082878,15.8,15,logistic_regression,5,66980,6400,5,16,d53c22dd7c1e22fc,14,success,coarse,6400,0,2.8145138500258327
16,4.5779709834605455,0,0.04757281672209501,14.73076923076923,3,logistic_regression,27,66980,6400,26,16,d53c22dd7c1e22fc,14,success,fine,6400,1,4.702412572689354
32,2.786854782141745,0,0.03149652574211359,30.2,23,logistic_regression,5,66980,6400,5,32,d53c22dd7c1e22fc,14,success,coarse,6400,0,2.9203545739874244
32,4.6109708324074745,0,0.048817441798746586,27.923076923076923,3,logistic_regression,27,66980,6400,26,32,d53c22dd7c1e22fc,14,success,fine,6400,1,4.7562787579372525
8,2.015256280079484,0,0.029216711409389973,8.0,8,logistic_regression,5,66980,6400,5,8,d53c22dd7c1e22fc,14,success,coarse,6400,0,2.1135808639228344
8,4.436325288377702,0,0.05106180626899004,7.461538461538462,3,logistic_regression,27,66980,6400,26,8,d53c22dd7c1e22fc,14,success,fine,6400,1,4.56081757415086
16,1.0732147358357906,0,0.02912508975714445,14.4,8,logistic_regression,5,66980,3200,5,16,d53c22dd7c1e22fc,15,success,coarse,3200,0,1.1749274982139468
16,2.747692205943167,0,0.0513701718300581,13.307692307692308,2,logistic_regression,27,66980,3200,26,16,d53c22dd7c1e22fc,15,success,fine,3200,1,2.876496990211308
32,1.1905221659690142,0,0.029084659181535244,27.2,8,logistic_regression,5,66980,3200,5,32,d53c22dd7c1e22fc,15,success,coarse,3200,0,1.3142071217298508
32,2.7391880666837096,0,0.050482661463320255,24.923076923076923,2,logistic_regression,27,66980,3200,26,32,d53c22dd7c1e22fc,15,success,fine,3200,1,2.891553574241698
8,1.1633232682943344,0,0.031313929706811905,7.6,6,logistic_regression,5,66980,3200,5,8,d53c22dd7c1e22fc,15,success,coarse,3200,0,1.2648332174867392
8,2.11502218618989,0,0.050051954574882984,6.8076923076923075,2,logistic_regression,27,66980,3200,26,8,d53c22dd7c1e22fc,15,success,fine,3200,1,2.233885457739234
16,2.6953665167093277,0,0.03224498964846134,15.6,14,logistic_regression,5,66980,6400,5,16,d53c22dd7c1e22fc,15,success,coarse,6400,0,2.8093705074861646
16,5.100387576036155,0,0.050751096569001675,13.923076923076923,3,logistic_regression,27,66980,6400,26,16,d53c22dd7c1e22fc,15,success,fine,6400,1,5.22789054363966
32,2.7544855643063784,0,0.02944965474307537,28.8,16,logistic_regression,5,66980,6400,5,32,d53c22dd7c1e22fc,15,success,coarse,6400,0,2.8840459706261754
32,4.9492536364123225,0,0.055519928224384785,27.153846153846153,3,logistic_regression,27,66980,6400,26,32,d53c22dd7c1e22fc,15,success,fine,6400,1,5.111614725552499
8,2.7139694122597575,0,0.031317874789237976,7.6,6,logistic_regression,5,66980,6400,5,8,d53c22dd7c1e22fc,15,success,coarse,6400,0,2.8125782692804933
8,4.998697665520012,0,0.05186101049184799,6.846153846153846,3,logistic_regression,27,66980,6400,26,8,d53c22dd7c1e22fc,15,success,fine,6400,1,5.119365809485316
16,1.1989923128858209,0,0.031237262301146984,14.4,8,logistic_regression,5,66980,3200,5,16,d53c22dd7c1e22fc,16,success,coarse,3200,0,1.3108480973169208
16,3.0024071130901575,0,0.04971730802208185,14.076923076923077,2,logistic_regression,27,66980,3200,26,16,d53c22dd7c1e22fc,16,success,fine,3200,1,3.1327508809044957
32,1.2737597404047847,0,0.031239270232617855,27.2,8,logistic_regression,5,66980,3200,5,32,d53c22dd7c1e22fc,16,success,coarse,3200,0,1.3998722778633237
32,2.7351657785475254,0,0.0533264959231019,26.115384615384617,2,logistic_regression,27,66980,3200,26,32,d53c22dd7c1e22fc,16,success,fine,3200,1,2.890877014026046
8,1.2305694874376059,0,0.029170062392950058,8.0,8,logistic_regression,5,66980,3200,5,8,d53c22dd7c1e22fc,16,success,coarse,3200,0,1.3279399564489722
8,2.8621473722159863,0,0.0470243152230978,7.230769230769231,2,logistic_regression,27,66980,3200,26,8,d53c22dd7c1e22fc,16,success,fine,3200,1,2.977437337860465
16,2.5697018625214696,0,0.029921178705990314,15.8,15,logistic_regression,5,66980,6400,5,16,d53c22dd7c1e22fc,16,success,coarse,6400,0,2.681524378247559
16,5.185065547004342,0,0.04814892169088125,14.692307692307692,3,logistic_regression,27,66980,6400,26,16,d53c22dd7c1e22fc,16,success,fine,6400,1,5.3142169043421745
32,2.4721618285402656,0,0.03088362142443657,28.6,15,logistic_regression,5,66980,6400,5,32,d53c22dd7c1e22fc,16,success,coarse,6400,0,2.6009205458685756
32,4.699870228767395,0,0.04861950594931841,27.73076923076923,3,logistic_regression,27,66980,6400,26,32,d53c22dd7c1e22fc,16,success,fine,6400,1,4.845263047143817
8,2.3568163849413395,0,0.029977927915751934,8.0,8,logistic_regression,5,66980,6400,5,8,d53c22dd7c1e22fc,16,success,coarse,6400,0,2.4533213414251804
8,6.042012816295028,0,0.05018589459359646,7.269230769230769,3,logistic_regression,27,66980,6400,26,8,d53c22dd7c1e22fc,16,success,fine,6400,1,6.163878735154867
16,1.1568375499919057,0,0.02976041939109564,15.4,13,logistic_regression,5,66980,3200,5,16,d53c22dd7c1e22fc,17,success,coarse,3200,0,1.2635314632207155
16,2.177493093535304,0,0.05471119284629822,13.592592592592593,2,logistic_regression,27,66980,3200,27,16,d53c22dd7c1e22fc,17,success,fine,3200,0,2.310913440771401
32,1.1869854629039764,0,0.029667065478861332,28.2,13,logistic_regression,5,66980,3200,5,32,d53c22dd7c1e22fc,17,success,coarse,3200,0,1.311606677249074
32,2.4759848546236753,0,0.05358328577131033,23.62962962962963,2,logistic_regression,27,66980,3200,27,32,d53c22dd7c1e22fc,17,success,fine,3200,0,2.6308852741494775
8,1.2074077287688851,0,0.03125228360295296,8.0,8,logistic_regression,5,66980,3200,5,8,d53c22dd7c1e22fc,17,success,coarse,3200,0,1.309190396219492
8,1.8829567143693566,0,0.05500864051282406,7.333333333333333,1,logistic_regression,27,66980,3200,27,8,d53c22dd7c1e22fc,17,success,fine,3200,0,2.0090969344601035
16,2.5783352134749293,0,0.0314039122313261,15.6,14,logistic_regression,5,66980,6400,5,16,d53c22dd7c1e22fc,17,success,coarse,6400,0,2.686961409635842
16,4.810504904948175,0,0.05643249675631523,14.148148148148149,2,logistic_regression,27,66980,6400,27,16,d53c22dd7c1e22fc,17,success,fine,6400,0,4.950326289050281
32,2.7552562300115824,0,0.029830753803253174,30.6,25,logistic_regression,5,66980,6400,5,32,d53c22dd7c1e22fc,17,success,coarse,6400,0,2.879896673373878
32,4.7914098566398025,0,0.05408474709838629,26.925925925925927,2,logistic_regression,27,66980,6400,27,32,d53c22dd7c1e22fc,17,success,fine,6400,0,4.95097775477916
8,2.424452214501798,0,0.030400621704757214,8.0,8,logistic_regression,5,66980,6400,5,8,d53c22dd7c1e22fc,17,success,coarse,6400,0,2.5240399911999702
8,4.296125020831823,0,0.053328877314925194,7.444444444444445,1,logistic_regression,27,66980,6400,27,8,d53c22dd7c1e22fc,17,success,fine,6400,0,4.419235461391509
16,1.2505092527717352,0,0.03175153862684965,15.8,15,logistic_regression,5,66980,3200,5,16,d53c22dd7c1e22fc,18,success,coarse,3200,0,1.3607955379411578
16,2.3056785482913256,0,0.052257838658988476,13.777777777777779,1,logistic_regression,27,66980,3200,27,16,d53c22dd7c1e22fc,18,success,fine,3200,0,2.4367296751588583
32,1.2924178782850504,0,0.030914343893527985,28.8,16,logistic_regression,5,66980,3200,5,32,d53c22dd7c1e22fc,18,success,coarse,3200,0,1.41899626981467
32,3.0003869412466884,0,0.055201356299221516,25.0,1,logistic_regression,27,66980,3200,27,32,d53c22dd7c1e22fc,18,success,fine,3200,0,3.1566279381513596
8,1.251253149472177,0,0.029058300890028477,7.8,7,logistic_regression,5,66980,3200,5,8,d53c22dd7c1e22fc,18,success,coarse,3200,0,1.347837883979082
8,2.6819919031113386,0,0.0529556842520833,6.851851851851852,1,logistic_regression,27,66980,3200,27,8,d53c22dd7c1e22fc,18,success,fine,3200,0,2.802208592183888
16,2.7263992996886373,0,0.02952700573951006,15.8,15,logistic_regression,5,66980,6400,5,16,d53c22dd7c1e22fc,18,success,coarse,6400,0,2.8355774078518152
16,5.07463725656271,0,0.05160467512905598,14.0,1,logistic_regression,27,66980,6400,27,16,d53c22dd7c1e22fc,18,success,fine,6400,0,5.203572682105005
32,2.882860004901886,0,0.03249863442033529,31.6,30,logistic_regression,5,66980,6400,5,32,d53c22dd7c1e22fc,18,success,coarse,6400,0,3.0200755055993795
32,5.007049206644297,0,0.05224028881639242,27.62962962962963,1,logistic_regression,27,66980,6400,27,32,d53c22dd7c1e22fc,18,success,fine,6400,0,5.156656788662076
8,2.6974493553861976,0,0.029376340098679066,7.8,7,logistic_regression,5,66980,6400,5,8,d53c22dd7c1e22fc,18,success,coarse,6400,0,2.798009855672717
8,6.477956014685333,0,0.05493892449885607,6.925925925925926,1,logistic_regression,27,66980,6400,27,8,d53c22dd7c1e22fc,18,success,fine,6400,0,6.603596408851445
16,1.160954898223281,0,0.029521198943257332,14.8,10,logistic_regression,5,66980,3200,5,16,d53c22dd7c1e22fc,19,success,coarse,3200,0,1.2681907080113888
16,2.3437858317047358,0,0.050714622251689434,14.076923076923077,3,logistic_regression,27,66980,3200,26,16,d53c22dd7c1e22fc,19,success,fine,3200,1,2.473408507183194
32,1.1683296924456954,0,0.03029328491538763,27.6,10,logistic_regression,5,66980,3200,5,32,d53c22dd7c1e22fc,19,success,coarse,3200,0,1.295314627699554
32,2.3149699550122023,0,0.0479877982288599,25.23076923076923,3,logistic_regression,27,66980,3200,26,32,d53c22dd7c1e22fc,19,success,fine,3200,1,2.4565209932625294
8,0.9974149679765105,0,0.031560477800667286,7.8,7,logistic_regression,5,66980,3200,5,8,d53c22dd7c1e22fc,19,success,coarse,3200,0,1.0969316232949495
8,1.8929583169519901,0,0.051456211134791374,7.230769230769231,3,logistic_regression,27,66980,3200,26,8,d53c22dd7c1e22fc,19,success,fine,3200,1,2.0139981377869844
16,2.291133717633784,0,0.030748643912374973,15.8,15,logistic_regression,5,66980,6400,5,16,d53c22dd7c1e22fc,19,success,coarse,6400,0,2.4053688999265432
16,4.85589040722698,0,0.05085367616266012,14.653846153846153,5,logistic_regression,27,66980,6400,26,16,d53c22dd7c1e22fc,19,success,fine,6400,1,4.996818945743144
32,2.273964563384652,0,0.028872596099972725,29.4,19,logistic_regression,5,66980,6400,5,32,d53c22dd7c1e22fc,19,success,coarse,6400,0,2.3974947314709425
32,5.9752457132562995,0,0.05041856970638037,27.653846153846153,5,logistic_regression,27,66980,6400,26,32,d53c22dd7c1e22fc,19,success,fine,6400,1,6.135920720174909
8,2.5270842909812927,0,0.031597294844686985,7.8,7,logistic_regression,5,66980,6400,5,8,d53c22dd7c1e22fc,19,success,coarse,6400,0,2.6293958462774754
8,4.148018593899906,0,0.04788551107048988,7.3076923076923075,5,logistic_regression,27,66980,6400,26,8,d53c22dd7c1e22fc,19,success,fine,6400,1,4.26291948184371
16,1.1359780980274081,1,0.0318958293646574,15.8,15,logistic_regression,5,68381,3200,5,16,d53c22dd7c1e22fc,0,success,coarse,3200,0,1.2487038932740688
16,2.5460097612813115,1,0.057329412549734116,13.925925925925926,2,logistic_regression,27,68381,3200,27,16,d53c22dd7c1e22fc,0,success,fine,3200,0,2.683570553548634
32,1.2952944226562977,1,0.03191539831459522,29.4,19,logistic_regression,5,68381,3200,5,32,d53c22dd7c1e22fc,0,success,coarse,3200,0,1.4257959630340338
32,2.734516422264278,1,0.057353073731064796,25.77777777777778,2,logistic_regression,27,68381,3200,27,32,d53c22dd7c1e22fc,0,success,fine,3200,0,2.899481387808919
8,1.3510429039597511,1,0.030181816779077053,7.8,7,logistic_regression,5,68381,3200,5,8,d53c22dd7c1e22fc,0,success,coarse,3200,0,1.4481485253199935
8,2.967485573142767,1,0.056853934191167355,7.037037037037037,2,logistic_regression,27,68381,3200,27,8,d53c22dd7c1e22fc,0,success,fine,3200,0,3.096236406825483
16,2.667091466486454,1,0.02990018017590046,15.8,15,logistic_regression,5,68381,6400,5,16,d53c22dd7c1e22fc,0,success,coarse,6400,0,2.7763790199533105
16,4.792907141149044,1,0.05346708185970783,14.296296296296296,3,logistic_regression,27,68381,6400,27,16,d53c22dd7c1e22fc,0,success,fine,6400,0,4.9271328914910555
32,2.965476604178548,1,0.032259268686175346,31.8,31,logistic_regression,5,68381,6400,5,32,d53c22dd7c1e22fc,0,success,coarse,6400,0,3.098055789247155
32,4.7605569288134575,1,0.053745356388390064,28.037037037037038,3,logistic_regression,27,68381,6400,27,32,d53c22dd7c1e22fc,0,success,fine,6400,0,4.911769742146134
8,2.6957100480794907,1,0.03043865691870451,7.8,7,logistic_regression,5,68381,6400,5,8,d53c22dd7c1e22fc,0,success,coarse,6400,0,2.8020456451922655
8,5.627413939684629,1,0.05603374633938074,7.074074074074074,2,logistic_regression,27,68381,6400,27,8,d53c22dd7c1e22fc,0,success,fine,6400,0,5.756866091862321
16,1.162026603706181,1,0.030497370287775993,15.6,14,logistic_regression,5,68381,3200,5,16,d53c22dd7c1e22fc,1,success,coarse,3200,0,1.2704735798761249
16,2.3835148867219687,1,0.05246031656861305,14.923076923076923,7,logistic_regression,27,68381,3200,26,16,d53c22dd7c1e22fc,1,success,fine,3200,1,2.5176520738750696
32,1.131455548107624,1,0.02968856878578663,28.4,14,logistic_regression,5,68381,3200,5,32,d53c22dd7c1e22fc,1,success,coarse,3200,0,1.2555998042225838
32,2.1108014928177,1,0.04845556616783142,26.153846153846153,7,logistic_regression,27,68381,3200,26,32,d53c22dd7c1e22fc,1,success,fine,3200,1,2.2561678048223257
8,1.2177780792117119,1,0.031459471210837364,8.0,8,logistic_regression,5,68381,3200,5,8,d53c22dd7c1e22fc,1,success,coarse,3200,0,1.3183285566046834
8,1.9248143546283245,1,0.05143775325268507,7.769230769230769,5,logistic_regression,27,68381,3200,26,8,d53c22dd7c1e22fc,1,success,fine,3200,1,2.045924383215606
16,2.8252518912777305,1,0.031193215399980545,16.0,16,logistic_regression,5,68381,6400,5,16,d53c22dd7c1e22fc,1,success,coarse,6400,0,2.937483498826623
16,4.880967436358333,1,0.05488522909581661,15.461538461538462,12,logistic_regression,27,68381,6400,26,16,d53c22dd7c1e22fc,1,success,fine,6400,1,5.0271987318992615
32,2.705573140643537,1,0.0303423460572958,30.8,26,logistic_regression,5,68381,6400,5,32,d53c22dd7c1e22fc,1,success,coarse,6400,0,2.831693264655769
32,4.38975543808192,1,0.05234809033572674,29.23076923076923,14,logistic_regression,27,68381,6400,26,32,d53c22dd7c1e22fc,1,success,fine,6400,1,4.547442649491131
8,2.6963987052440643,1,0.03184104710817337,8.0,8,logistic_regression,5,68381,6400,5,8,d53c22dd7c1e22fc,1,success,coarse,6400,0,2.800246734172106
8,4.309827148914337,1,0.05003488063812256,7.8076923076923075,5,logistic_regression,27,68381,6400,26,8,d53c22dd7c1e22fc,1,success,fine,6400,1,4.428981011733413
16,1.335806466639042,1,0.03234183136373758,15.4,13,logistic_regression,5,68381,3200,5,16,d53c22dd7c1e22fc,2,success,coarse,3200,0,1.4495376190170646
16,2.2546890042722225,1,0.05367756448686123,12.592592592592593,1,logistic_regression,27,68381,3200,27,16,d53c22dd7c1e22fc,2,success,fine,3200,0,2.3842300130054355
32,1.1913605378940701,1,0.031160124577581882,28.2,13,logistic_regression,5,68381,3200,5,32,d53c22dd7c1e22fc,2,success,coarse,3200,0,1.3155422853305936
32,2.4529296942055225,1,0.055217414163053036,22.62962962962963,1,logistic_regression,27,68381,3200,27,32,d53c22dd7c1e22fc,2,success,fine,3200,0,2.6081360140815377
8,1.2653259634971619,1,0.029679262079298496,7.8,7,logistic_regression,5,68381,3200,5,8,d53c22dd7c1e22fc,2,success,coarse,3200,0,1.3596547041088343
8,2.348780458793044,1,0.055384078063070774,6.703703703703703,1,logistic_regression,27,68381,3200,27,8,d53c22dd7c1e22fc,2,success,fine,3200,0,2.474590489640832
16,2.6895411275327206,1,0.03135652933269739,15.8,15,logistic_regression,5,68381,6400,5,16,d53c22dd7c1e22fc,2,success,coarse,6400,0,2.802201067097485
16,5.066711253486574,1,0.0535421222448349,13.481481481481481,1,logistic_regression,27,68381,6400,27,16,d53c22dd7c1e22fc,2,success,fine,6400,0,5.198837867937982
32,2.8148626126348972,1,0.03126200195401907,30.4,24,logistic_regression,5,68381,6400,5,32,d53c22dd7c1e22fc,2,success,coarse,6400,0,2.945204572752118
32,5.032555114477873,1,0.05338374525308609,24.85185185185185,1,logistic_regression,27,68381,6400,27,32,d53c22dd7c1e22fc,2,success,fine,6400,0,5.180522340349853
8,2.7084214566275477,1,0.029279977083206177,7.8,7,logistic_regression,5,68381,6400,5,8,d53c22dd7c1e22fc,2,success,coarse,6400,0,2.804527224972844
8,5.745524444617331,1,0.05565066263079643,6.888888888888889,1,logistic_regression,27,68381,6400,27,8,d53c22dd7c1e22fc,2,success,fine,6400,0,5.871804364025593
16,1.1307959388941526,1,0.0297986613586545,15.0,11,logistic_regression,5,68381,3200,5,16,d53c22dd7c1e22fc,3,success,coarse,3200,0,1.2370177898555994
16,2.688188426196575,1,0.05149396602064371,13.923076923076923,3,logistic_regression,27,68381,3200,26,16,d53c22dd7c1e22fc,3,success,fine,3200,1,2.8168224710971117
32,1.187072403728962,1,0.030733369290828705,27.8,11,logistic_regression,5,68381,3200,5,32,d53c22dd7c1e22fc,3,success,coarse,3200,0,1.3134049316868186
32,2.296201408840716,1,0.04896597657352686,25.346153846153847,3,logistic_regression,27,68381,3200,26,32,d53c22dd7c1e22fc,3,success,fine,3200,1,2.4460979606956244
8,1.0811946829780936,1,0.031531406566500664,7.8,7,logistic_regression,5,68381,3200,5,8,d53c22dd7c1e22fc,3,success,coarse,3200,0,1.1793879168108106
8,2.0744606191292405,1,0.053970267064869404,7.153846153846154,3,logistic_regression,27,68381,3200,26,8,d53c22dd7c1e22fc,3,success,fine,3200,1,2.199875964783132
16,2.7405252680182457,1,0.0334969824180007,15.8,15,logistic_regression,5,68381,6400,5,16,d53c22dd7c1e22fc,3,success,coarse,6400,0,2.860421541146934
16,4.6494491351768374,1,0.05108142178505659,14.423076923076923,4,logistic_regression,27,68381,6400,26,16,d53c22dd7c1e22fc,3,success,fine,6400,1,4.786558295600116
32,2.7690397519618273,1,0.02988085988909006,29.8,21,logistic_regression,5,68381,6400,5,32,d53c22dd7c1e22fc,3,success,coarse,6400,0,2.895733312703669
32,4.875480100512505,1,0.05487322714179754,27.846153846153847,4,logistic_regression,27,68381,6400,26,32,d53c22dd7c1e22fc,3,success,fine,6400,1,5.034295226447284
8,2.846021664328873,1,0.03257623687386513,7.8,7,logistic_regression,5,68381,6400,5,8,d53c22dd7c1e22fc,3,success,coarse,6400,0,2.9492373215034604
8,4.22216378711164,1,0.04855245724320412,7.230769230769231,4,logistic_regression,27,68381,6400,26,8,d53c22dd7c1e22fc,3,success,fine,6400,1,4.341109867207706
16,1.1987463515251875,1,0.03193696588277817,15.8,15,logistic_regression,5,68381,3200,5,16,d53c22dd7c1e22fc,4,success,coarse,3200,0,1.307391437701881
16,1.9398913346230984,1,0.054145121946930885,13.777777777777779,2,logistic_regression,27,68381,3200,27,16,d53c22dd7c1e22fc,4,success,fine,3200,0,2.0683624474331737
32,1.312544034793973,1,0.03177008032798767,30.2,23,logistic_regression,5,68381,3200,5,32,d53c22dd7c1e22fc,4,success,coarse,3200,0,1.4400524934753776
32,2.873560673557222,1,0.0553578045219183,25.74074074074074,3,logistic_regression,27,68381,3200,27,32,d53c22dd7c1e22fc,4,success,fine,3200,0,3.027501213364303
8,1.128693881444633,1,0.030158394016325474,7.8,7,logistic_regression,5,68381,3200,5,8,d53c22dd7c1e22fc,4,success,coarse,3200,0,1.2258891826495528
8,2.292248268611729,1,0.054237174801528454,7.037037037037037,2,logistic_regression,27,68381,3200,27,8,d53c22dd7c1e22fc,4,success,fine,3200,0,2.4150493489578366
16,2.6388298543170094,1,0.029450587928295135,15.8,15,logistic_regression,5,68381,6400,5,16,d53c22dd7c1e22fc,4,success,coarse,6400,0,2.746781066991389
16,4.93045727815479,1,0.054212397895753384,14.0,2,logistic_regression,27,68381,6400,27,16,d53c22dd7c1e22fc,4,success,fine,6400,0,5.060252638533711
32,2.8653986621648073,1,0.03163147531449795,31.8,31,logistic_regression,5,68381,6400,5,32,d53c22dd7c1e22fc,4,success,coarse,6400,0,2.9944633515551686
32,5.26828701980412,1,0.05553848668932915,27.925925925925927,4,logistic_regression,27,68381,6400,27,32,d53c22dd7c1e22fc,4,success,fine,6400,0,5.423237116076052
8,2.726378080435097,1,0.029918345622718334,7.8,7,logistic_regression,5,68381,6400,5,8,d53c22dd7c1e22fc,4,success,coarse,6400,0,2.824016211554408
8,5.642836465500295,1,0.05570414289832115,7.074074074074074,2,logistic_regression,27,68381,6400,27,8,d53c22dd7c1e22fc,4,success,fine,6400,0,5.768422680906951
16,1.0596864596009254,1,0.030315781943500042,15.4,13,logistic_regression,5,68381,3200,5,16,d53c22dd7c1e22fc,5,success,coarse,3200,0,1.1625988418236375
16,2.553014151751995,1,0.05620486568659544,13.925925925925926,2,logistic_regression,27,68381,3200,27,16,d53c22dd7c1e22fc,5,success,fine,3200,0,2.6854901323094964
32,1.165849743410945,1,0.030314034782350063,28.2,13,logistic_regression,5,68381,3200,5,32,d53c22dd7c1e22fc,5,success,coarse,3200,0,1.2920168014243245
32,2.312471522949636,1,0.05393742583692074,25.14814814814815,2,logistic_regression,27,68381,3200,27,32,d53c22dd7c1e22fc,5,success,fine,3200,0,2.4628210505470634
8,1.1182805383577943,1,0.031619698740541935,7.8,7,logistic_regression,5,68381,3200,5,8,d53c22dd7c1e22fc,5,success,coarse,3200,0,1.2186451125890017
8,2.248840544372797,1,0.055145821534097195,7.222222222222222,2,logistic_regression,27,68381,3200,27,8,d53c22dd7c1e22fc,5,success,fine,3200,0,2.3710233559831977
16,2.9231167687103152,1,0.03139823395758867,15.8,15,logistic_regression,5,68381,6400,5,16,d53c22dd7c1e22fc,5,success,coarse,6400,0,3.0321648754179478
16,4.5220403634011745,1,0.055853499099612236,14.555555555555555,3,logistic_regression,27,68381,6400,27,16,d53c22dd7c1e22fc,5,success,fine,6400,0,4.662867147475481
32,2.579546282067895,1,0.030604980885982513,30.8,26,logistic_regression,5,68381,6400,5,32,d53c22dd7c1e22fc,5,success,coarse,6400,0,2.7035527573898435
32,4.793953347019851,1,0.055636344477534294,27.925925925925927,3,logistic_regression,27,68381,6400,27,32,d53c22dd7c1e22fc,5,success,fine,6400,0,4.952422064729035
8,2.664971709251404,1,0.03221918735653162,7.8,7,logistic_regression,5,68381,6400,5,8,d53c22dd7c1e22fc,5,success,coarse,6400,0,2.767370621673763
8,4.181973970495164,1,0.05855392478406429,7.222222222222222,2,logistic_regression,27,68381,6400,27,8,d53c22dd7c1e22fc,5,success,fine,6400,0,4.310555571690202
16,1.2830506432801485,1,0.031841273419559,16.0,16,logistic_regression,5,68381,3200,5,16,d53c22dd7c1e22fc,6,success,coarse,3200,0,1.39490875788033
16,2.967130227945745,1,0.054328194819390774,14.222222222222221,2,logistic_regression,27,68381,3200,27,16,d53c22dd7c1e22fc,6,success,fine,3200,0,3.0989819476380944
32,1.2597684785723686,1,0.032250446267426014,29.6,20,logistic_regression,5,68381,3200,5,32,d53c22dd7c1e22fc,6,success,coarse,3200,0,1.388959645293653
32,2.7845708606764674,1,0.05613909661769867,25.48148148148148,2,logistic_regression,27,68381,3200,27,32,d53c22dd7c1e22fc,6,success,fine,3200,0,2.942664969712496
8,1.3147430876269937,1,0.02957306895405054,8.0,8,logistic_regression,5,68381,3200,5,8,d53c22dd7c1e22fc,6,success,coarse,3200,0,1.4131270796060562
8,3.357853221707046,1,0.05792644340544939,7.296296296296297,2,logistic_regression,27,68381,3200,27,8,d53c22dd7c1e22fc,6,success,fine,3200,0,3.4876841232180595
16,2.6839212803170085,1,0.02929074689745903,16.0,16,logistic_regression,5,68381,6400,5,16,d53c22dd7c1e22fc,6,success,coarse,6400,0,2.792516021989286
16,5.153816503472626,1,0.05344120878726244,14.703703703703704,3,logistic_regression,27,68381,6400,27,16,d53c22dd7c1e22fc,6,success,fine,6400,0,5.283848153427243
32,2.8858702266588807,1,0.034026346169412136,31.8,31,logistic_regression,5,68381,6400,5,32,d53c22dd7c1e22fc,6,success,coarse,6400,0,3.027418687939644
32,4.431830291636288,1,0.053256492130458355,28.14814814814815,3,logistic_regression,27,68381,6400,27,32,d53c22dd7c1e22fc,6,success,fine,6400,0,4.582584986463189
8,2.741215955466032,1,0.030673203989863396,8.0,8,logistic_regression,5,68381,6400,5,8,d53c22dd7c1e22fc,6,success,coarse,6400,0,2.841063667088747
8,5.870715721510351,1,0.05654395371675491,7.333333333333333,2,logistic_regression,27,68381,6400,27,8,d53c22dd7c1e22fc,6,success,fine,6400,0,6.000946056097746
16,1.1632685726508498,1,0.029907829128205776,16.0,16,logistic_regression,5,68381,3200,5,16,d53c22dd7c1e22fc,7,success,coarse,3200,0,1.2709105825051665
16,2.7841584235429764,1,0.05549796298146248,14.074074074074074,1,logistic_regression,27,68381,3200,27,16,d53c22dd7c1e22fc,7,success,fine,3200,0,2.9185230834409595
32,0.9938958212733269,1,0.03002570103853941,29.0,17,logistic_regression,5,68381,3200,5,32,d53c22dd7c1e22fc,7,success,coarse,3200,0,1.1245614616200328
32,2.7686367351561785,1,0.053691623732447624,25.85185185185185,1,logistic_regression,27,68381,3200,27,32,d53c22dd7c1e22fc,7,success,fine,3200,0,2.920421595685184
8,1.1673378627747297,1,0.031631382182240486,8.0,8,logistic_regression,5,68381,3200,5,8,d53c22dd7c1e22fc,7,success,coarse,3200,0,1.267841199412942
8,2.6465112902224064,1,0.05531932879239321,7.148148148148148,1,logistic_regression,27,68381,3200,27,8,d53c22dd7c1e22fc,7,success,fine,3200,0,2.773716589435935
16,2.8192766830325127,1,0.03162793442606926,16.0,16,logistic_regression,5,68381,6400,5,16,d53c22dd7c1e22fc,7,success,coarse,6400,0,2.930296187289059
16,5.554441782645881,1,0.05956416670233011,14.37037037037037,1,logistic_regression,27,68381,6400,27,16,d53c22dd7c1e22fc,7,success,fine,6400,0,5.702414586208761
32,2.773659004829824,1,0.030920490622520447,31.8,31,logistic_regression,5,68381,6400,5,32,d53c22dd7c1e22fc,7,success,coarse,6400,0,2.9060450922697783
32,4.827363111078739,1,0.05592633783817291,27.74074074074074,1,logistic_regression,27,68381,6400,27,32,d53c22dd7c1e22fc,7,success,fine,6400,0,4.982604959979653
8,2.837670721113682,1,0.0321950213983655,8.0,8,logistic_regression,5,68381,6400,5,8,d53c22dd7c1e22fc,7,success,coarse,6400,0,2.9390083868056536
8,6.118113486096263,1,0.05286458786576986,7.222222222222222,1,logistic_regression,27,68381,6400,27,8,d53c22dd7c1e22fc,7,success,fine,6400,0,6.242242545820773
16,1.1642946116626263,1,0.03258507698774338,15.6,14,logistic_regression,5,68381,3200,5,16,d53c22dd7c1e22fc,8,success,coarse,3200,0,1.277833498083055
16,2.545723349787295,1,0.05436540208756924,12.88888888888889,1,logistic_regression,27,68381,3200,27,16,d53c22dd7c1e22fc,8,success,fine,3200,0,2.6799793280661106
32,1.1682351510971785,1,0.031590127386152744,28.4,14,logistic_regression,5,68381,3200,5,32,d53c22dd7c1e22fc,8,success,coarse,3200,0,1.2923782840371132
32,2.5027257027104497,1,0.05495338048785925,22.555555555555557,1,logistic_regression,27,68381,3200,27,32,d53c22dd7c1e22fc,8,success,fine,3200,0,2.6559195835143328
8,1.1823365334421396,1,0.029925378039479256,8.0,8,logistic_regression,5,68381,3200,5,8,d53c22dd7c1e22fc,8,success,coarse,3200,0,1.2812864510342479
8,2.239359646104276,1,0.0530703030526638,7.0,1,logistic_regression,27,68381,3200,27,8,d53c22dd7c1e22fc,8,success,fine,3200,0,2.3628941206261516
16,2.6258337423205376,1,0.03013042826205492,16.0,16,logistic_regression,5,68381,6400,5,16,d53c22dd7c1e22fc,8,success,coarse,6400,0,2.735560769215226
16,5.560526697896421,1,0.05246037431061268,13.851851851851851,1,logistic_regression,27,68381,6400,27,16,d53c22dd7c1e22fc,8,success,fine,6400,0,5.697607058100402
32,2.923535686917603,1,0.031656754203140736,31.0,27,logistic_regression,5,68381,6400,5,32,d53c22dd7c1e22fc,8,success,coarse,6400,0,3.051778180524707
32,4.858028667978942,1,0.05334767233580351,25.40740740740741,1,logistic_regression,27,68381,6400,27,32,d53c22dd7c1e22fc,8,success,fine,6400,0,5.008084717206657
8,2.411902830004692,1,0.030538713559508324,8.0,8,logistic_regression,5,68381,6400,5,8,d53c22dd7c1e22fc,8,success,coarse,6400,0,2.5135376639664173
8,6.155243792571127,1,0.05846418347209692,7.2592592592592595,1,logistic_regression,27,68381,6400,27,8,d53c22dd7c1e22fc,8,success,fine,6400,0,6.28790070861578
16,1.2107206098735332,1,0.030193738639354706,15.2,12,logistic_regression,5,68381,3200,5,16,d53c22dd7c1e22fc,9,success,coarse,3200,0,1.3190776659175754
16,2.3077882770448923,1,0.057051547802984715,13.703703703703704,1,logistic_regression,27,68381,3200,27,16,d53c22dd7c1e22fc,9,success,fine,3200,0,2.4472486097365618
32,1.0759378066286445,1,0.030306300148367882,28.0,12,logistic_regression,5,68381,3200,5,32,d53c22dd7c1e22fc,9,success,coarse,3200,0,1.2003848450258374
32,2.421211897395551,1,0.05369574297219515,24.62962962962963,1,logistic_regression,27,68381,3200,27,32,d53c22dd7c1e22fc,9,success,fine,3200,0,2.5727913547307253
8,0.9299819087609649,1,0.03170108236372471,8.0,8,logistic_regression,5,68381,3200,5,8,d53c22dd7c1e22fc,9,success,coarse,3200,0,1.0291707487776875
8,2.301914071664214,1,0.055728291161358356,7.2592592592592595,1,logistic_regression,27,68381,3200,27,8,d53c22dd7c1e22fc,9,success,fine,3200,0,2.4259184608235955
16,2.8728786651045084,1,0.03198510129004717,16.0,16,logistic_regression,5,68381,6400,5,16,d53c22dd7c1e22fc,9,success,coarse,6400,0,2.9894553758203983
16,5.322398393414915,1,0.055123952217400074,14.296296296296296,1,logistic_regression,27,68381,6400,27,16,d53c22dd7c1e22fc,9,success,fine,6400,0,5.464394921436906
32,2.7258324455469847,1,0.029837045818567276,30.0,22,logistic_regression,5,68381,6400,5,32,d53c22dd7c1e22fc,9,success,coarse,6400,0,2.8498216504231095
32,5.928740644827485,1,0.05624967161566019,27.037037037037038,1,logistic_regression,27,68381,6400,27,32,d53c22dd7c1e22fc,9,success,fine,6400,0,6.089477390050888
8,2.5621650628745556,1,0.03165667038410902,8.0,8,logistic_regression,5,68381,6400,5,8,d53c22dd7c1e22fc,9,success,coarse,6400,0,2.662340546026826
8,4.498207864351571,1,0.05350045394152403,7.407407407407407,1,logistic_regression,27,68381,6400,27,8,d53c22dd7c1e22fc,9,success,fine,6400,0,4.61955700814724
16,1.2527357712388039,1,0.031928544864058495,15.8,15,logistic_regression,5,68381,3200,5,16,d53c22dd7c1e22fc,10,success,coarse,3200,0,1.3628723360598087
16,2.1996745485812426,1,0.05255936738103628,14.222222222222221,2,logistic_regression,27,68381,3200,27,16,d53c22dd7c1e22fc,10,success,fine,3200,0,2.329080108553171
32,1.4227577801793814,1,0.032360258512198925,30.4,24,logistic_regression,5,68381,3200,5,32,d53c22dd7c1e22fc,10,success,coarse,3200,0,1.5526254894211888
32,2.3428213289007545,1,0.05840653460472822,26.444444444444443,3,logistic_regression,27,68381,3200,27,32,d53c22dd7c1e22fc,10,success,fine,3200,0,2.502142251469195
8,1.1809260165318847,1,0.030529647134244442,8.0,8,logistic_regression,5,68381,3200,5,8,d53c22dd7c1e22fc,10,success,coarse,3200,0,1.2793967928737402
8,2.570131668820977,1,0.053117986768484116,7.296296296296297,1,logistic_regression,27,68381,3200,27,8,d53c22dd7c1e22fc,10,success,fine,3200,0,2.6902348967269063
16,2.631021694280207,1,0.02992779854685068,15.8,15,logistic_regression,5,68381,6400,5,16,d53c22dd7c1e22fc,10,success,coarse,6400,0,2.7377616660669446
16,4.54339047614485,1,0.053764053620398045,14.555555555555555,2,logistic_regression,27,68381,6400,27,16,d53c22dd7c1e22fc,10,success,fine,6400,0,4.674746663309634
32,2.813765457831323,1,0.031682767905294895,31.8,31,logistic_regression,5,68381,6400,5,32,d53c22dd7c1e22fc,10,success,coarse,6400,0,2.9432762041687965
32,4.977230196818709,1,0.05769317876547575,28.703703703703702,5,logistic_regression,27,68381,6400,27,32,d53c22dd7c1e22fc,10,success,fine,6400,0,5.1356251407414675
8,2.742756584659219,1,0.030491603538393974,8.0,8,logistic_regression,5,68381,6400,5,8,d53c22dd7c1e22fc,10,success,coarse,6400,0,2.8417411660775542
8,5.575876675546169,1,0.05609079264104366,7.296296296296297,1,logistic_regression,27,68381,6400,27,8,d53c22dd7c1e22fc,10,success,fine,6400,0,5.705468853004277
16,1.0576604781672359,1,0.030031617730855942,15.8,15,logistic_regression,5,68381,3200,5,16,d53c22dd7c1e22fc,11,success,coarse,3200,0,1.1669362932443619
16,2.3609090484678745,1,0.055755769833922386,14.074074074074074,1,logistic_regression,27,68381,3200,27,16,d53c22dd7c1e22fc,11,success,fine,3200,0,2.499632466584444
32,1.091465612873435,1,0.030200780369341373,29.4,19,logistic_regression,5,68381,3200,5,32,d53c22dd7c1e22fc,11,success,coarse,3200,0,1.2168403873220086
32,2.731300943531096,1,0.057627422735095024,26.22222222222222,1,logistic_regression,27,68381,3200,27,32,d53c22dd7c1e22fc,11,success,fine,3200,0,2.889746529981494
8,1.2680348064750433,1,0.0320323733612895,8.0,8,logistic_regression,5,68381,3200,5,8,d53c22dd7c1e22fc,11,success,coarse,3200,0,1.3684990340843797
8,2.7334433272480965,1,0.05895973928272724,7.222222222222222,1,logistic_regression,27,68381,3200,27,8,d53c22dd7c1e22fc,11,success,fine,3200,0,2.865676020272076
16,2.842138015665114,1,0.03210526239126921,15.8,15,logistic_regression,5,68381,6400,5,16,d53c22dd7c1e22fc,11,success,coarse,6400,0,2.954962938092649
16,5.347082342021167,1,0.05655212141573429,14.37037037037037,1,logistic_regression,27,68381,6400,27,16,d53c22dd7c1e22fc,11,success,fine,6400,0,5.486462729051709
32,2.7267840914428234,1,0.029967110604047775,31.8,31,logistic_regression,5,68381,6400,5,32,d53c22dd7c1e22fc,11,success,coarse,6400,0,2.8560577919706702
32,5.386055485345423,1,0.05594179779291153,28.59259259259259,1,logistic_regression,27,68381,6400,27,32,d53c22dd7c1e22fc,11,success,fine,6400,0,5.5413124384358525
8,2.9401415986940265,1,0.0316377691924572,8.0,8,logistic_regression,5,68381,6400,5,8,d53c22dd7c1e22fc,11,success,coarse,6400,0,3.046818980947137
8,5.358890740200877,1,0.0537399360910058,7.222222222222222,1,logistic_regression,27,68381,6400,27,8,d53c22dd7c1e22fc,11,success,fine,6400,0,5.48284896556288
16,1.1816938668489456,1,0.032040759921073914,16.0,16,logistic_regression,5,68381,3200,5,16,d53c22dd7c1e22fc,12,success,coarse,3200,0,1.294500540010631
16,2.841592966578901,1,0.05233240965753794,14.25925925925926,3,logistic_regression,27,68381,3200,27,16,d53c22dd7c1e22fc,12,success,fine,3200,0,2.974254010245204
32,1.1704550413414836,1,0.03183570597320795,30.6,25,logistic_regression,5,68381,3200,5,32,d53c22dd7c1e22fc,12,success,coarse,3200,0,1.295694399625063
32,3.1800207337364554,1,0.05676120612770319,25.88888888888889,4,logistic_regression,27,68381,3200,27,32,d53c22dd7c1e22fc,12,success,fine,3200,0,3.335842871107161
8,1.2552443537861109,1,0.03153972700238228,8.0,8,logistic_regression,5,68381,3200,5,8,d53c22dd7c1e22fc,12,success,coarse,3200,0,1.3591653583571315
8,2.7309327460825443,1,0.05401837080717087,7.407407407407407,2,logistic_regression,27,68381,3200,27,8,d53c22dd7c1e22fc,12,success,fine,3200,0,2.852834395132959
16,2.691652954556048,1,0.02938108704984188,16.0,16,logistic_regression,5,68381,6400,5,16,d53c22dd7c1e22fc,12,success,coarse,6400,0,2.800151721574366
16,4.837677242234349,1,0.05230608396232128,14.74074074074074,3,logistic_regression,27,68381,6400,27,16,d53c22dd7c1e22fc,12,success,fine,6400,0,4.968662858940661
32,2.8454190911725163,1,0.03223325964063406,31.8,31,logistic_regression,5,68381,6400,5,32,d53c22dd7c1e22fc,12,success,coarse,6400,0,2.9774718806147575
32,4.815295389853418,1,0.05226497072726488,28.22222222222222,6,logistic_regression,27,68381,6400,27,32,d53c22dd7c1e22fc,12,success,fine,6400,0,4.963122321292758
8,2.752330974675715,1,0.030230592004954815,8.0,8,logistic_regression,5,68381,6400,5,8,d53c22dd7c1e22fc,12,success,coarse,6400,0,2.851459939032793
8,5.345657913014293,1,0.060732399113476276,7.481481481481482,2,logistic_regression,27,68381,6400,27,8,d53c22dd7c1e22fc,12,success,fine,6400,0,5.481353324837983
16,1.3434256566688418,1,0.02977235708385706,15.2,12,logistic_regression,5,68381,3200,5,16,d53c22dd7c1e22fc,13,success,coarse,3200,0,1.4506515879184008
16,2.8877314468845725,1,0.05851533357053995,13.62962962962963,2,logistic_regression,27,68381,3200,27,16,d53c22dd7c1e22fc,13,success,fine,3200,0,3.0271823778748512
32,1.1298707006499171,1,0.03029225580394268,28.0,12,logistic_regression,5,68381,3200,5,32,d53c22dd7c1e22fc,13,success,coarse,3200,0,1.2565919645130634
32,2.985623359680176,1,0.053162130527198315,24.74074074074074,2,logistic_regression,27,68381,3200,27,32,d53c22dd7c1e22fc,13,success,fine,3200,0,3.1345032630488276
8,1.339610337279737,1,0.03209812380373478,8.0,8,logistic_regression,5,68381,3200,5,8,d53c22dd7c1e22fc,13,success,coarse,3200,0,1.4406717168167233
8,3.183040685020387,1,0.05467823427170515,7.407407407407407,2,logistic_regression,27,68381,3200,27,8,d53c22dd7c1e22fc,13,success,fine,3200,0,3.3043455351144075
16,2.923940598964691,1,0.03290944639593363,15.8,15,logistic_regression,5,68381,6400,5,16,d53c22dd7c1e22fc,13,success,coarse,6400,0,3.0412758542224765
16,4.818795061670244,1,0.05894444789737463,14.333333333333334,3,logistic_regression,27,68381,6400,27,16,d53c22dd7c1e22fc,13,success,fine,6400,0,4.962570194154978
32,2.746834147721529,1,0.030340696685016155,30.2,23,logistic_regression,5,68381,6400,5,32,d53c22dd7c1e22fc,13,success,coarse,6400,0,2.871211509220302
32,5.357855618931353,1,0.05473965033888817,27.11111111111111,3,logistic_regression,27,68381,6400,27,32,d53c22dd7c1e22fc,13,success,fine,6400,0,5.511870049871504
8,2.913027483969927,1,0.031934681348502636,8.0,8,logistic_regression,5,68381,6400,5,8,d53c22dd7c1e22fc,13,success,coarse,6400,0,3.017646837979555
8,4.723521359264851,1,0.05218600854277611,7.555555555555555,2,logistic_regression,27,68381,6400,27,8,d53c22dd7c1e22fc,13,success,fine,6400,0,4.84523640666157
16,1.0967654436826706,1,0.03197223413735628,15.2,12,logistic_regression,5,68381,3200,5,16,d53c22dd7c1e22fc,14,success,coarse,3200,0,1.2102150889113545
16,2.2210411177948117,1,0.0484160752967,14.653846153846153,8,logistic_regression,27,68381,3200,26,16,d53c22dd7c1e22fc,14,success,fine,3200,1,2.3464439008384943
32,1.2049420420080423,1,0.031426118686795235,28.0,12,logistic_regression,5,68381,3200,5,32,d53c22dd7c1e22fc,14,success,coarse,3200,0,1.332500190474093
32,2.036733386106789,1,0.051299240440130234,25.26923076923077,8,logistic_regression,27,68381,3200,26,32,d53c22dd7c1e22fc,14,success,fine,3200,1,2.1884738551452756
8,1.2518917871639132,1,0.029506064020097256,8.0,8,logistic_regression,5,68381,3200,5,8,d53c22dd7c1e22fc,14,success,coarse,3200,0,1.3497804310172796
8,1.746755601838231,1,0.04783267714083195,7.653846153846154,5,logistic_regression,27,68381,3200,26,8,d53c22dd7c1e22fc,14,success,fine,3200,1,1.8638271875679493
16,2.439968606457114,1,0.02993900515139103,16.0,16,logistic_regression,5,68381,6400,5,16,d53c22dd7c1e22fc,14,success,coarse,6400,0,2.5482477992773056
16,4.2066256906837225,1,0.04779737815260887,15.307692307692308,12,logistic_regression,27,68381,6400,26,16,d53c22dd7c1e22fc,14,success,fine,6400,1,4.333473765291274
32,2.930162009783089,1,0.03275877609848976,30.4,24,logistic_regression,5,68381,6400,5,32,d53c22dd7c1e22fc,14,success,coarse,6400,0,3.0671359645202756
32,4.5642891908064485,1,0.04898615926504135,28.807692307692307,14,logistic_regression,27,68381,6400,26,32,d53c22dd7c1e22fc,14,success,fine,6400,1,4.708655821159482
8,2.3581760870292783,1,0.029766320250928402,8.0,8,logistic_regression,5,68381,6400,5,8,d53c22dd7c1e22fc,14,success,coarse,6400,0,2.458790285512805
8,4.286516919732094,1,0.051659120246768,7.653846153846154,5,logistic_regression,27,68381,6400,26,8,d53c22dd7c1e22fc,14,success,fine,6400,1,4.413352998904884
16,1.1167738866060972,1,0.03037676401436329,15.8,15,logistic_regression,5,68381,3200,5,16,d53c22dd7c1e22fc,15,success,coarse,3200,0,1.222488233819604
16,2.6223507318645716,1,0.058114200830459595,14.37037037037037,2,logistic_regression,27,68381,3200,27,16,d53c22dd7c1e22fc,15,success,fine,3200,0,2.7596471533179283
32,1.1909502744674683,1,0.03016162570565939,29.4,19,logistic_regression,5,68381,3200,5,32,d53c22dd7c1e22fc,15,success,coarse,3200,0,1.315289057791233
32,2.1636930759996176,1,0.05383612308651209,26.25925925925926,2,logistic_regression,27,68381,3200,27,32,d53c22dd7c1e22fc,15,success,fine,3200,0,2.3173593003302813
8,1.3263368662446737,1,0.03142569400370121,8.0,8,logistic_regression,5,68381,3200,5,8,d53c22dd7c1e22fc,15,success,coarse,3200,0,1.4245395148172975
8,2.6708226492628455,1,0.05607610568404198,7.407407407407407,2,logistic_regression,27,68381,3200,27,8,d53c22dd7c1e22fc,15,success,fine,3200,0,2.796593123115599
16,2.9244399555027485,1,0.032075025141239166,15.8,15,logistic_regression,5,68381,6400,5,16,d53c22dd7c1e22fc,15,success,coarse,6400,0,3.0349672408774495
16,5.188350156880915,1,0.05567369796335697,14.592592592592593,3,logistic_regression,27,68381,6400,27,16,d53c22dd7c1e22fc,15,success,fine,6400,0,5.3297714395448565
32,2.7461864138022065,1,0.030340388417243958,31.8,31,logistic_regression,5,68381,6400,5,32,d53c22dd7c1e22fc,15,success,coarse,6400,0,2.8726707017049193
32,5.0522970743477345,1,0.05590895563364029,28.85185185185185,3,logistic_regression,27,68381,6400,27,32,d53c22dd7c1e22fc,15,success,fine,6400,0,5.209649099968374
8,2.8513133572414517,1,0.031613667495548725,8.0,8,logistic_regression,5,68381,6400,5,8,d53c22dd7c1e22fc,15,success,coarse,6400,0,2.954390258528292
8,5.413458508439362,1,0.057281870394945145,7.407407407407407,2,logistic_regression,27,68381,6400,27,8,d53c22dd7c1e22fc,15,success,fine,6400,0,5.543534609489143
16,1.1798744071274996,1,0.03274777252227068,16.0,16,logistic_regression,5,68381,3200,5,16,d53c22dd7c1e22fc,16,success,coarse,3200,0,1.2934655528515577
16,2.647327184677124,1,0.052895779721438885,14.25925925925926,2,logistic_regression,27,68381,3200,27,16,d53c22dd7c1e22fc,16,success,fine,3200,0,2.776132334023714
32,1.0328047825023532,1,0.03151070885360241,29.6,20,logistic_regression,5,68381,3200,5,32,d53c22dd7c1e22fc,16,success,coarse,3200,0,1.160111078992486
32,3.5491921603679657,1,0.05535490997135639,25.22222222222222,2,logistic_regression,27,68381,3200,27,32,d53c22dd7c1e22fc,16,success,fine,3200,0,3.7049751663580537
8,1.2298097936436534,1,0.030248895287513733,8.0,8,logistic_regression,5,68381,3200,5,8,d53c22dd7c1e22fc,16,success,coarse,3200,0,1.3309646174311638
8,2.3108501452952623,1,0.05400602798908949,7.37037037037037,2,logistic_regression,27,68381,3200,27,8,d53c22dd7c1e22fc,16,success,fine,3200,0,2.434940492734313
16,2.7539203418418765,1,0.02979052159935236,16.0,16,logistic_regression,5,68381,6400,5,16,d53c22dd7c1e22fc,16,success,coarse,6400,0,2.863620680756867
16,5.3575802985578775,1,0.05404170136898756,14.592592592592593,2,logistic_regression,27,68381,6400,27,16,d53c22dd7c1e22fc,16,success,fine,6400,0,5.493891184218228
32,2.9106920761987567,1,0.032596598379313946,31.8,31,logistic_regression,5,68381,6400,5,32,d53c22dd7c1e22fc,16,success,coarse,6400,0,3.0421161223202944
32,4.830127163790166,1,0.05408580508083105,28.0,3,logistic_regression,27,68381,6400,27,32,d53c22dd7c1e22fc,16,success,fine,6400,0,4.980126858688891
8,2.822710881009698,1,0.03169855382293463,8.0,8,logistic_regression,5,68381,6400,5,8,d53c22dd7c1e22fc,16,success,coarse,6400,0,2.9285163460299373
8,6.308154651895165,1,0.055652061477303505,7.444444444444445,2,logistic_regression,27,68381,6400,27,8,d53c22dd7c1e22fc,16,success,fine,6400,0,6.436639570631087
16,1.0539506394416094,1,0.030358197167515755,15.0,11,logistic_regression,5,68381,3200,5,16,d53c22dd7c1e22fc,17,success,coarse,3200,0,1.1629513688385487
16,2.423053936101496,1,0.055946855805814266,13.777777777777779,1,logistic_regression,27,68381,3200,27,16,d53c22dd7c1e22fc,17,success,fine,3200,0,2.5603812485933304
32,1.1148767890408635,1,0.030623307451605797,27.8,11,logistic_regression,5,68381,3200,5,32,d53c22dd7c1e22fc,17,success,coarse,3200,0,1.24106540158391
32,2.409973243251443,1,0.057996260933578014,24.925925925925927,1,logistic_regression,27,68381,3200,27,32,d53c22dd7c1e22fc,17,success,fine,3200,0,2.571696757338941
8,1.0756462719291449,1,0.03155204467475414,8.0,8,logistic_regression,5,68381,3200,5,8,d53c22dd7c1e22fc,17,success,coarse,3200,0,1.1755379661917686
8,2.0872766813263297,1,0.056224796921014786,7.148148148148148,1,logistic_regression,27,68381,3200,27,8,d53c22dd7c1e22fc,17,success,fine,3200,0,2.2135497527197003
16,2.4119197791442275,1,0.03181246388703585,16.0,16,logistic_regression,5,68381,6400,5,16,d53c22dd7c1e22fc,17,success,coarse,6400,0,2.52648067753762
16,5.314469126984477,1,0.05601823888719082,14.25925925925926,1,logistic_regression,27,68381,6400,27,16,d53c22dd7c1e22fc,17,success,fine,6400,0,5.4541645450517535
32,2.559989297762513,1,0.03053839225322008,30.0,22,logistic_regression,5,68381,6400,5,32,d53c22dd7c1e22fc,17,success,coarse,6400,0,2.6861943565309048
32,5.321332570165396,1,0.059259640984237194,27.22222222222222,1,logistic_regression,27,68381,6400,27,32,d53c22dd7c1e22fc,17,success,fine,6400,0,5.484111187048256
8,2.6991751389577985,1,0.031317767687141895,8.0,8,logistic_regression,5,68381,6400,5,8,d53c22dd7c1e22fc,17,success,coarse,6400,0,2.802368087694049
8,5.095008474774659,1,0.05292963422834873,7.185185185185185,1,logistic_regression,27,68381,6400,27,8,d53c22dd7c1e22fc,17,success,fine,6400,0,5.218002907000482
16,1.22619151417166,1,0.03211573325097561,15.2,12,logistic_regression,5,68381,3200,5,16,d53c22dd7c1e22fc,18,success,coarse,3200,0,1.3381705796346068
16,2.253440327011049,1,0.05470026098191738,13.185185185185185,1,logistic_regression,27,68381,3200,27,16,d53c22dd7c1e22fc,18,success,fine,3200,0,2.3825748451054096
32,1.1531295739114285,1,0.03184961434453726,28.0,12,logistic_regression,5,68381,3200,5,32,d53c22dd7c1e22fc,18,success,coarse,3200,0,1.2816737238317728
32,2.645170512609184,1,0.05834732111543417,23.962962962962962,1,logistic_regression,27,68381,3200,27,32,d53c22dd7c1e22fc,18,success,fine,3200,0,2.806903311982751
8,1.2095443159341812,1,0.029682516120374203,7.8,7,logistic_regression,5,68381,3200,5,8,d53c22dd7c1e22fc,18,success,coarse,3200,0,1.3088575536385179
8,2.7146574622020125,1,0.05405708588659763,6.962962962962963,1,logistic_regression,27,68381,3200,27,8,d53c22dd7c1e22fc,18,success,fine,3200,0,2.8358067702502012
16,2.2846088921651244,1,0.029201216995716095,15.8,15,logistic_regression,5,68381,6400,5,16,d53c22dd7c1e22fc,18,success,coarse,6400,0,2.390534342266619
16,4.872428875416517,1,0.05293856933712959,14.0,1,logistic_regression,27,68381,6400,27,16,d53c22dd7c1e22fc,18,success,fine,6400,0,5.003964655101299
32,2.5169277135282755,1,0.03193501755595207,30.0,22,logistic_regression,5,68381,6400,5,32,d53c22dd7c1e22fc,18,success,coarse,6400,0,2.650790896266699
32,4.920011996291578,1,0.05301766004413366,26.296296296296298,1,logistic_regression,27,68381,6400,27,32,d53c22dd7c1e22fc,18,success,fine,6400,0,5.070762079209089
8,2.748346123844385,1,0.029832937754690647,7.8,7,logistic_regression,5,68381,6400,5,8,d53c22dd7c1e22fc,18,success,coarse,6400,0,2.8454712126404047
8,5.710160471498966,1,0.0560522461310029,7.074074074074074,1,logistic_regression,27,68381,6400,27,8,d53c22dd7c1e22fc,18,success,fine,6400,0,5.837140276096761
16,1.2101684287190437,1,0.02988096885383129,15.0,11,logistic_regression,5,68381,3200,5,16,d53c22dd7c1e22fc,19,success,coarse,3200,0,1.3130512442439795
16,2.393580934032798,1,0.05759109649807215,13.222222222222221,1,logistic_regression,27,68381,3200,27,16,d53c22dd7c1e22fc,19,success,fine,3200,0,2.533924002200365
32,1.0717801311984658,1,0.02967609092593193,27.8,11,logistic_regression,5,68381,3200,5,32,d53c22dd7c1e22fc,19,success,coarse,3200,0,1.1955850776284933
32,2.460473674349487,1,0.052234298549592495,23.444444444444443,1,logistic_regression,27,68381,3200,27,32,d53c22dd7c1e22fc,19,success,fine,3200,0,2.6059765219688416
8,1.218543923459947,1,0.0320829888805747,8.0,8,logistic_regression,5,68381,3200,5,8,d53c22dd7c1e22fc,19,success,coarse,3200,0,1.3180557871237397
8,2.4404239431023598,1,0.059122717939317226,7.111111111111111,1,logistic_regression,27,68381,3200,27,8,d53c22dd7c1e22fc,19,success,fine,3200,0,2.569726664572954
16,2.920321637764573,1,0.031643946655094624,16.0,16,logistic_regression,5,68381,6400,5,16,d53c22dd7c1e22fc,19,success,coarse,6400,0,3.0317263193428516
16,5.588547309860587,1,0.055366973392665386,14.25925925925926,1,logistic_regression,27,68381,6400,27,16,d53c22dd7c1e22fc,19,success,fine,6400,0,5.7274834448471665
32,2.7458628127351403,1,0.02951694279909134,29.8,21,logistic_regression,5,68381,6400,5,32,d53c22dd7c1e22fc,19,success,coarse,6400,0,2.8694519558921456
32,5.084771090187132,1,0.055321923457086086,26.0,1,logistic_regression,27,68381,6400,27,32,d53c22dd7c1e22fc,19,success,fine,6400,0,5.241185812279582
8,2.9047270864248276,1,0.03220964968204498,8.0,8,logistic_regression,5,68381,6400,5,8,d53c22dd7c1e22fc,19,success,coarse,6400,0,3.010622317902744
8,4.874221254140139,1,0.052499519661068916,7.222222222222222,1,logistic_regression,27,68381,6400,27,8,d53c22dd7c1e22fc,19,success,fine,6400,0,4.994152652099729
16,1.334711798466742,2,0.03988218028098345,15.4,13,logistic_regression,5,86239,3200,5,16,d53c22dd7c1e22fc,0,success,coarse,3200,0,1.4625567477196455
16,2.7281440822407603,2,0.07146218605339527,12.88888888888889,2,logistic_regression,27,86239,3200,27,16,d53c22dd7c1e22fc,0,success,fine,3200,0,2.888137419708073
32,1.3026953972876072,2,0.03985392302274704,28.2,13,logistic_regression,5,86239,3200,5,32,d53c22dd7c1e22fc,0,success,coarse,3200,0,1.445632572285831
32,2.432972346432507,2,0.07203881908208132,22.77777777777778,2,logistic_regression,27,86239,3200,27,32,d53c22dd7c1e22fc,0,success,fine,3200,0,2.611837711185217
8,1.2017445545643568,2,0.037016197107732296,8.0,8,logistic_regression,5,86239,3200,5,8,d53c22dd7c1e22fc,0,success,coarse,3200,0,1.3152142642065883
8,2.283259834162891,2,0.06602759379893541,7.074074074074074,2,logistic_regression,27,86239,3200,27,8,d53c22dd7c1e22fc,0,success,fine,3200,0,2.426099901087582
16,2.6925800871104,2,0.03691576328128576,15.8,15,logistic_regression,5,86239,6400,5,16,d53c22dd7c1e22fc,0,success,coarse,6400,0,2.8176879845559597
16,5.383468754589558,2,0.06786136422306299,13.925925925925926,3,logistic_regression,27,86239,6400,27,16,d53c22dd7c1e22fc,0,success,fine,6400,0,5.543950237333775
32,2.816638356074691,2,0.040115063078701496,30.6,25,logistic_regression,5,86239,6400,5,32,d53c22dd7c1e22fc,0,success,coarse,6400,0,2.9605148239061236
32,4.772968539968133,2,0.06733951438218355,25.444444444444443,3,logistic_regression,27,86239,6400,27,32,d53c22dd7c1e22fc,0,success,fine,6400,0,4.9422375885769725
8,2.6788539979606867,2,0.037151564843952656,8.0,8,logistic_regression,5,86239,6400,5,8,d53c22dd7c1e22fc,0,success,coarse,6400,0,2.794633524492383
8,5.856356378644705,2,0.07146992068737745,7.222222222222222,2,logistic_regression,27,86239,6400,27,8,d53c22dd7c1e22fc,0,success,fine,6400,0,6.007964514195919
16,1.4444897146895528,2,0.03770141117274761,15.0,11,logistic_regression,5,86239,3200,5,16,d53c22dd7c1e22fc,1,success,coarse,3200,0,1.568585991859436
16,2.3559079756960273,2,0.07081093173474073,14.185185185185185,2,logistic_regression,27,86239,3200,27,16,d53c22dd7c1e22fc,1,success,fine,3200,0,2.5114301228895783
32,1.2972370889037848,2,0.037259990349411964,27.8,11,logistic_regression,5,86239,3200,5,32,d53c22dd7c1e22fc,1,success,coarse,3200,0,1.4355690283700824
32,2.1359616527333856,2,0.0672575319185853,25.62962962962963,2,logistic_regression,27,86239,3200,27,32,d53c22dd7c1e22fc,1,success,fine,3200,0,2.30590346083045
8,1.3962481962516904,2,0.04020008724182844,7.8,7,logistic_regression,5,86239,3200,5,8,d53c22dd7c1e22fc,1,success,coarse,3200,0,1.5116861835122108
8,3.0420515043661,2,0.06928882468491793,7.333333333333333,1,logistic_regression,27,86239,3200,27,8,d53c22dd7c1e22fc,1,success,fine,3200,0,3.18856003228575
16,2.8828119905665517,2,0.03908659424632788,15.8,15,logistic_regression,5,86239,6400,5,16,d53c22dd7c1e22fc,1,success,coarse,6400,0,3.009630070067942
16,5.924275706522167,2,0.07743656635284424,14.62962962962963,2,logistic_regression,27,86239,6400,27,16,d53c22dd7c1e22fc,1,success,fine,6400,0,6.0916258078068495
32,2.766236372292042,2,0.03705714177340269,29.8,21,logistic_regression,5,86239,6400,5,32,d53c22dd7c1e22fc,1,success,coarse,6400,0,2.907104386948049
32,5.307583441957831,2,0.06955668702721596,27.962962962962962,3,logistic_regression,27,86239,6400,27,32,d53c22dd7c1e22fc,1,success,fine,6400,0,5.482596894726157
8,2.8714601136744022,2,0.04023165628314018,7.8,7,logistic_regression,5,86239,6400,5,8,d53c22dd7c1e22fc,1,success,coarse,6400,0,2.9913195269182324
8,5.474809094332159,2,0.06662904098629951,7.333333333333333,1,logistic_regression,27,86239,6400,27,8,d53c22dd7c1e22fc,1,success,fine,6400,0,5.618603443726897
16,1.1910592932254076,2,0.04014179948717356,15.0,11,logistic_regression,5,86239,3200,5,16,d53c22dd7c1e22fc,2,success,coarse,3200,0,1.3164486102759838
16,2.2408404890447855,2,0.06719670351594687,13.518518518518519,1,logistic_regression,27,86239,3200,27,16,d53c22dd7c1e22fc,2,success,fine,3200,0,2.390402032993734
32,1.131003636866808,2,0.039630020037293434,27.8,11,logistic_regression,5,86239,3200,5,32,d53c22dd7c1e22fc,2,success,coarse,3200,0,1.2720325719565153
32,2.780373473651707,2,0.07017578277736902,25.296296296296298,1,logistic_regression,27,86239,3200,27,32,d53c22dd7c1e22fc,2,success,fine,3200,0,2.9599669938907027
8,1.068444357253611,2,0.03723261319100857,7.8,7,logistic_regression,5,86239,3200,5,8,d53c22dd7c1e22fc,2,success,coarse,3200,0,1.1823123376816511
8,2.2285662330687046,2,0.06639004591852427,7.037037037037037,1,logistic_regression,27,86239,3200,27,8,d53c22dd7c1e22fc,2,success,fine,3200,0,2.3712654439732432
16,2.7967317355796695,2,0.038864655420184135,15.6,14,logistic_regression,5,86239,6400,5,16,d53c22dd7c1e22fc,2,success,coarse,6400,0,2.9244615864008665
16,4.531048270873725,2,0.06740146595984697,14.0,2,logistic_regression,27,86239,6400,27,16,d53c22dd7c1e22fc,2,success,fine,6400,0,4.683329184539616
32,2.965980777516961,2,0.03995999414473772,29.8,21,logistic_regression,5,86239,6400,5,32,d53c22dd7c1e22fc,2,success,coarse,6400,0,3.1103868475183845
32,4.775103246793151,2,0.06944944988936186,27.185185185185187,2,logistic_regression,27,86239,6400,27,32,d53c22dd7c1e22fc,2,success,fine,6400,0,4.950942683033645
8,2.483000561594963,2,0.03662863466888666,7.8,7,logistic_regression,5,86239,6400,5,8,d53c22dd7c1e22fc,2,success,coarse,6400,0,2.5962857650592923
8,5.012849999591708,2,0.07496975734829903,7.148148148148148,2,logistic_regression,27,86239,6400,27,8,d53c22dd7c1e22fc,2,success,fine,6400,0,5.171620232053101
16,1.1741388626396656,2,0.03698882181197405,15.0,11,logistic_regression,5,86239,3200,5,16,d53c22dd7c1e22fc,3,success,coarse,3200,0,1.2941846093162894
16,3.2960738725960255,2,0.07957819662988186,13.666666666666666,1,logistic_regression,27,86239,3200,27,16,d53c22dd7c1e22fc,3,success,fine,3200,0,3.4666743176057935
32,1.1136027770116925,2,0.03806839883327484,27.8,11,logistic_regression,5,86239,3200,5,32,d53c22dd7c1e22fc,3,success,coarse,3200,0,1.2531931567937136
32,2.647820401005447,2,0.06710816640406847,25.444444444444443,1,logistic_regression,27,86239,3200,27,32,d53c22dd7c1e22fc,3,success,fine,3200,0,2.8157709315419197
8,1.238344956189394,2,0.03937284927815199,7.8,7,logistic_regression,5,86239,3200,5,8,d53c22dd7c1e22fc,3,success,coarse,3200,0,1.3557454524561763
8,2.942443293519318,2,0.0696335593238473,7.037037037037037,1,logistic_regression,27,86239,3200,27,8,d53c22dd7c1e22fc,3,success,fine,3200,0,3.091203613206744
16,2.912269470281899,2,0.04057864472270012,15.8,15,logistic_regression,5,86239,6400,5,16,d53c22dd7c1e22fc,3,success,coarse,6400,0,3.0453483276069164
16,6.046334727667272,2,0.07056755665689707,14.185185185185185,1,logistic_regression,27,86239,6400,27,16,d53c22dd7c1e22fc,3,success,fine,6400,0,6.206417080014944
32,2.7577305184677243,2,0.03684469498693943,30.0,22,logistic_regression,5,86239,6400,5,32,d53c22dd7c1e22fc,3,success,coarse,6400,0,2.894460872747004
32,5.395680106244981,2,0.10635042190551758,27.22222222222222,1,logistic_regression,27,86239,6400,27,32,d53c22dd7c1e22fc,3,success,fine,6400,0,5.621300840750337
8,2.6698344498872757,2,0.039924247190356255,7.8,7,logistic_regression,5,86239,6400,5,8,d53c22dd7c1e22fc,3,success,coarse,6400,0,2.7872970225289464
8,6.198732402175665,2,0.0668675983324647,7.111111111111111,1,logistic_regression,27,86239,6400,27,8,d53c22dd7c1e22fc,3,success,fine,6400,0,6.345466625876725
16,1.443790533579886,2,0.04205457214266062,15.0,11,logistic_regression,5,86239,3200,5,16,d53c22dd7c1e22fc,4,success,coarse,3200,0,1.5800478337332606
16,2.56204601470381,2,0.06594416592270136,14.444444444444445,1,logistic_regression,27,86239,3200,27,16,d53c22dd7c1e22fc,4,success,fine,3200,0,2.7143330397084355
32,1.1792116547003388,2,0.039472853764891624,27.8,11,logistic_regression,5,86239,3200,5,32,d53c22dd7c1e22fc,4,success,coarse,3200,0,1.321592517197132
32,2.6385143222287297,2,0.070033417083323,26.62962962962963,1,logistic_regression,27,86239,3200,27,32,d53c22dd7c1e22fc,4,success,fine,3200,0,2.813831590116024
8,1.1665773391723633,2,0.03723675757646561,8.0,8,logistic_regression,5,86239,3200,5,8,d53c22dd7c1e22fc,4,success,coarse,3200,0,1.2814218057319522
8,2.760081793181598,2,0.06749813910573721,7.444444444444445,1,logistic_regression,27,86239,3200,27,8,d53c22dd7c1e22fc,4,success,fine,3200,0,2.90457100328058
16,2.683637327514589,2,0.037331593222916126,16.0,16,logistic_regression,5,86239,6400,5,16,d53c22dd7c1e22fc,4,success,coarse,6400,0,2.8100535171106458
16,5.622280282899737,2,0.07131028827279806,14.851851851851851,1,logistic_regression,27,86239,6400,27,16,d53c22dd7c1e22fc,4,success,fine,6400,0,5.788955414667726
32,2.7699313843622804,2,0.039946649223566055,29.8,21,logistic_regression,5,86239,6400,5,32,d53c22dd7c1e22fc,4,success,coarse,6400,0,2.9150765715166926
32,4.926756391301751,2,0.06764914095401764,28.14814814814815,1,logistic_regression,27,86239,6400,27,32,d53c22dd7c1e22fc,4,success,fine,6400,0,5.096631836146116
8,2.709322363138199,2,0.03710104152560234,8.0,8,logistic_regression,5,86239,6400,5,8,d53c22dd7c1e22fc,4,success,coarse,6400,0,2.823574454523623
8,5.909982739016414,2,0.07397786993533373,7.444444444444445,1,logistic_regression,27,86239,6400,27,8,d53c22dd7c1e22fc,4,success,fine,6400,0,6.067538371309638
16,1.1739287488162518,2,0.037073192186653614,15.2,12,logistic_regression,5,86239,3200,5,16,d53c22dd7c1e22fc,5,success,coarse,3200,0,1.2946810126304626
16,2.3312187204137444,2,0.07439091242849827,14.222222222222221,2,logistic_regression,27,86239,3200,27,16,d53c22dd7c1e22fc,5,success,fine,3200,0,2.5005516819655895
32,1.2285263491794467,2,0.0373963313177228,28.0,12,logistic_regression,5,86239,3200,5,32,d53c22dd7c1e22fc,5,success,coarse,3200,0,1.3672360563650727
32,2.4721955182030797,2,0.06820618268102407,24.88888888888889,2,logistic_regression,27,86239,3200,27,32,d53c22dd7c1e22fc,5,success,fine,3200,0,2.6428973134607077
8,1.1199990911409259,2,0.03898573387414217,8.0,8,logistic_regression,5,86239,3200,5,8,d53c22dd7c1e22fc,5,success,coarse,3200,0,1.235258019529283
8,2.0622585359960794,2,0.07344942353665829,7.37037037037037,1,logistic_regression,27,86239,3200,27,8,d53c22dd7c1e22fc,5,success,fine,3200,0,2.2173944795504212
16,2.8449140721932054,2,0.0392222348600626,16.0,16,logistic_regression,5,86239,6400,5,16,d53c22dd7c1e22fc,5,success,coarse,6400,0,2.9737287433817983
16,4.978142945095897,2,0.07313952036201954,14.88888888888889,3,logistic_regression,27,86239,6400,27,16,d53c22dd7c1e22fc,5,success,fine,6400,0,5.143975276499987
32,2.6911094626411796,2,0.036844936199486256,30.2,23,logistic_regression,5,86239,6400,5,32,d53c22dd7c1e22fc,5,success,coarse,6400,0,2.829473896883428
32,4.9357031444087625,2,0.0705124530941248,27.62962962962963,3,logistic_regression,27,86239,6400,27,32,d53c22dd7c1e22fc,5,success,fine,6400,0,5.115230367518961
8,2.1675994927063584,2,0.039447094313800335,8.0,8,logistic_regression,5,86239,6400,5,8,d53c22dd7c1e22fc,5,success,coarse,6400,0,2.2847615499049425
8,4.521548453718424,2,0.07204799726605415,7.407407407407407,1,logistic_regression,27,86239,6400,27,8,d53c22dd7c1e22fc,5,success,fine,6400,0,4.672470165416598
16,1.333310361020267,2,0.039817764423787594,16.0,16,logistic_regression,5,86239,3200,5,16,d53c22dd7c1e22fc,6,success,coarse,3200,0,1.462298408150673
16,2.2155033331364393,2,0.06592191383242607,14.333333333333334,3,logistic_regression,27,86239,3200,27,16,d53c22dd7c1e22fc,6,success,fine,3200,0,2.3671209970489144
32,1.1716255862265825,2,0.03999917209148407,30.8,26,logistic_regression,5,86239,3200,5,32,d53c22dd7c1e22fc,6,success,coarse,3200,0,1.313613474369049
32,2.7494261227548122,2,0.06943803746253252,25.185185185185187,4,logistic_regression,27,86239,3200,27,32,d53c22dd7c1e22fc,6,success,fine,3200,0,2.923779858276248
8,1.1640050588175654,2,0.03735997714102268,8.0,8,logistic_regression,5,86239,3200,5,8,d53c22dd7c1e22fc,6,success,coarse,3200,0,1.2756416285410523
8,3.171885603107512,2,0.06661542877554893,7.592592592592593,2,logistic_regression,27,86239,3200,27,8,d53c22dd7c1e22fc,6,success,fine,3200,0,3.3128036661073565
16,2.7277772845700383,2,0.03712151199579239,16.0,16,logistic_regression,5,86239,6400,5,16,d53c22dd7c1e22fc,6,success,coarse,6400,0,2.8531847093254328
16,5.007189660333097,2,0.06733628176152706,14.851851851851851,3,logistic_regression,27,86239,6400,27,16,d53c22dd7c1e22fc,6,success,fine,6400,0,5.163931351155043
32,2.8325079921633005,2,0.03933201916515827,31.6,30,logistic_regression,5,86239,6400,5,32,d53c22dd7c1e22fc,6,success,coarse,6400,0,2.9760098652914166
32,4.90067688934505,2,0.0654731784015894,27.74074074074074,5,logistic_regression,27,86239,6400,27,32,d53c22dd7c1e22fc,6,success,fine,6400,0,5.066495664417744
8,2.785103681497276,2,0.03855792246758938,8.0,8,logistic_regression,5,86239,6400,5,8,d53c22dd7c1e22fc,6,success,coarse,6400,0,2.903643539175391
8,5.283473958261311,2,0.0735996076837182,7.62962962962963,2,logistic_regression,27,86239,6400,27,8,d53c22dd7c1e22fc,6,success,fine,6400,0,5.440123469568789
16,1.1434904374182224,2,0.03694434091448784,16.0,16,logistic_regression,5,86239,3200,5,16,d53c22dd7c1e22fc,7,success,coarse,3200,0,1.2641530521214008
16,2.506589151918888,2,0.06966445129364729,14.074074074074074,3,logistic_regression,27,86239,3200,27,16,d53c22dd7c1e22fc,7,success,fine,3200,0,2.66293980833143
32,1.1764989141374826,2,0.03755620960146189,30.6,25,logistic_regression,5,86239,3200,5,32,d53c22dd7c1e22fc,7,success,coarse,3200,0,1.3159055281430483
32,2.7140405932441354,2,0.0672506419941783,25.555555555555557,4,logistic_regression,27,86239,3200,27,32,d53c22dd7c1e22fc,7,success,fine,3200,0,2.8883412843570113
8,1.3246856862679124,2,0.03927402384579182,8.0,8,logistic_regression,5,86239,3200,5,8,d53c22dd7c1e22fc,7,success,coarse,3200,0,1.4393806187435985
8,2.398169208317995,2,0.06872913986444473,7.296296296296297,2,logistic_regression,27,86239,3200,27,8,d53c22dd7c1e22fc,7,success,fine,3200,0,2.5439088754355907
16,2.779216998256743,2,0.03979814890772104,16.0,16,logistic_regression,5,86239,6400,5,16,d53c22dd7c1e22fc,7,success,coarse,6400,0,2.9045019540935755
16,5.003391953185201,2,0.07020442467182875,14.444444444444445,3,logistic_regression,27,86239,6400,27,16,d53c22dd7c1e22fc,7,success,fine,6400,0,5.164977525360882
32,2.769652009010315,2,0.03712840750813484,31.6,30,logistic_regression,5,86239,6400,5,32,d53c22dd7c1e22fc,7,success,coarse,6400,0,2.9114581886678934
32,5.594708054326475,2,0.07341877371072769,27.88888888888889,5,logistic_regression,27,86239,6400,27,32,d53c22dd7c1e22fc,7,success,fine,6400,0,5.779848526231945
8,2.8838893864303827,2,0.040236993692815304,8.0,8,logistic_regression,5,86239,6400,5,8,d53c22dd7c1e22fc,7,success,coarse,6400,0,3.001784024760127
8,4.668723379261792,2,0.06593138072639704,7.333333333333333,2,logistic_regression,27,86239,6400,27,8,d53c22dd7c1e22fc,7,success,fine,6400,0,4.808073855005205
16,1.194150504656136,2,0.03933246619999409,15.0,11,logistic_regression,5,86239,3200,5,16,d53c22dd7c1e22fc,8,success,coarse,3200,0,1.3190228641033173
16,2.086373074911535,2,0.06095260847359896,13.846153846153847,3,logistic_regression,27,86239,3200,26,16,d53c22dd7c1e22fc,8,success,fine,3200,1,2.2320239152759314
32,1.3293325072154403,2,0.039021238684654236,27.8,11,logistic_regression,5,86239,3200,5,32,d53c22dd7c1e22fc,8,success,coarse,3200,0,1.4713478796184063
32,2.342789047397673,2,0.06468040309846401,26.115384615384617,3,logistic_regression,27,86239,3200,26,32,d53c22dd7c1e22fc,8,success,fine,3200,1,2.517791574820876
8,1.063949866220355,2,0.03697563428431749,8.0,8,logistic_regression,5,86239,3200,5,8,d53c22dd7c1e22fc,8,success,coarse,3200,0,1.175989710725844
8,3.057124862447381,2,0.06140779983252287,7.269230769230769,3,logistic_regression,27,86239,3200,26,8,d53c22dd7c1e22fc,8,success,fine,3200,1,3.1958601027727127
16,2.7052819319069386,2,0.03738193213939667,15.8,15,logistic_regression,5,86239,6400,5,16,d53c22dd7c1e22fc,8,success,coarse,6400,0,2.83466730825603
16,4.866015806794167,2,0.0612481813877821,14.384615384615385,6,logistic_regression,27,86239,6400,26,16,d53c22dd7c1e22fc,8,success,fine,6400,1,5.012488076463342
32,2.847991949878633,2,0.03961035702377558,29.6,20,logistic_regression,5,86239,6400,5,32,d53c22dd7c1e22fc,8,success,coarse,6400,0,2.9975453671067953
32,5.484226983040571,2,0.0611737621948123,28.23076923076923,6,logistic_regression,27,86239,6400,26,32,d53c22dd7c1e22fc,8,success,fine,6400,1,5.648530554026365
8,2.519100767560303,2,0.036415597423911095,8.0,8,logistic_regression,5,86239,6400,5,8,d53c22dd7c1e22fc,8,success,coarse,6400,0,2.630529629997909
8,5.810339238494635,2,0.06287841871380806,7.384615384615385,4,logistic_regression,27,86239,6400,26,8,d53c22dd7c1e22fc,8,success,fine,6400,1,5.954869580455124
16,1.1501372493803501,2,0.03742572013288736,15.0,11,logistic_regression,5,86239,3200,5,16,d53c22dd7c1e22fc,9,success,coarse,3200,0,1.2716326778754592
16,1.9497010065242648,2,0.06370664853602648,13.76923076923077,3,logistic_regression,27,86239,3200,26,16,d53c22dd7c1e22fc,9,success,fine,3200,1,2.1005776077508926
32,1.2480660323053598,2,0.0370156466960907,27.8,11,logistic_regression,5,86239,3200,5,32,d53c22dd7c1e22fc,9,success,coarse,3200,0,1.3893650667741895
32,2.2875859728083014,2,0.06785252504050732,25.76923076923077,3,logistic_regression,27,86239,3200,26,32,d53c22dd7c1e22fc,9,success,fine,3200,1,2.463727726601064
8,1.3130440162494779,2,0.03969575185328722,7.6,6,logistic_regression,5,86239,3200,5,8,d53c22dd7c1e22fc,9,success,coarse,3200,0,1.4300005054101348
8,2.6036817459389567,2,0.06546476576477289,6.846153846153846,3,logistic_regression,27,86239,3200,26,8,d53c22dd7c1e22fc,9,success,fine,3200,1,2.7466791914775968
16,2.7099651088938117,2,0.03947682213038206,15.6,14,logistic_regression,5,86239,6400,5,16,d53c22dd7c1e22fc,9,success,coarse,6400,0,2.838032233528793
16,4.37092930264771,2,0.06470075063407421,14.23076923076923,5,logistic_regression,27,86239,6400,26,16,d53c22dd7c1e22fc,9,success,fine,6400,1,4.524337509647012
32,2.564631295390427,2,0.03669120650738478,30.0,22,logistic_regression,5,86239,6400,5,32,d53c22dd7c1e22fc,9,success,coarse,6400,0,2.702926402911544
32,4.68545712903142,2,0.07105986308306456,27.73076923076923,5,logistic_regression,27,86239,6400,26,32,d53c22dd7c1e22fc,9,success,fine,6400,1,4.87140541151166
8,2.9188924971967936,2,0.03976831492036581,7.6,6,logistic_regression,5,86239,6400,5,8,d53c22dd7c1e22fc,9,success,coarse,6400,0,3.034729172475636
8,4.520646622404456,2,0.0603956263512373,6.961538461538462,4,logistic_regression,27,86239,6400,26,8,d53c22dd7c1e22fc,9,success,fine,6400,1,4.654524226672947
16,1.327115684747696,2,0.0396732185035944,15.0,11,logistic_regression,5,86239,3200,5,16,d53c22dd7c1e22fc,10,success,coarse,3200,0,1.4527104841545224
16,2.4182302644476295,2,0.0697975903749466,13.481481481481481,1,logistic_regression,27,86239,3200,27,16,d53c22dd7c1e22fc,10,success,fine,3200,0,2.5738839814439416
32,1.2176066329702735,2,0.03942768555134535,27.8,11,logistic_regression,5,86239,3200,5,32,d53c22dd7c1e22fc,10,success,coarse,3200,0,1.3591858753934503
32,2.6418032413348556,2,0.07428443431854248,25.333333333333332,1,logistic_regression,27,86239,3200,27,32,d53c22dd7c1e22fc,10,success,fine,3200,0,2.8268533758819103
8,1.082281157374382,2,0.037859789095818996,7.8,7,logistic_regression,5,86239,3200,5,8,d53c22dd7c1e22fc,10,success,coarse,3200,0,1.1982458820566535
8,2.4269105456769466,2,0.06631718296557665,7.111111111111111,1,logistic_regression,27,86239,3200,27,8,d53c22dd7c1e22fc,10,success,fine,3200,0,2.568295388482511
16,2.723837078548968,2,0.03705535922199488,15.6,14,logistic_regression,5,86239,6400,5,16,d53c22dd7c1e22fc,10,success,coarse,6400,0,2.848767466843128
16,5.424747049808502,2,0.06854154542088509,13.925925925925926,1,logistic_regression,27,86239,6400,27,16,d53c22dd7c1e22fc,10,success,fine,6400,0,5.57616974785924
32,2.8162580635398626,2,0.03980407677590847,29.8,21,logistic_regression,5,86239,6400,5,32,d53c22dd7c1e22fc,10,success,coarse,6400,0,2.9607405588030815
32,5.184723845683038,2,0.06720022298395634,27.11111111111111,1,logistic_regression,27,86239,6400,27,32,d53c22dd7c1e22fc,10,success,fine,6400,0,5.353194667957723
8,2.766435387544334,2,0.037103389389812946,7.8,7,logistic_regression,5,86239,6400,5,8,d53c22dd7c1e22fc,10,success,coarse,6400,0,2.8810640955343843
8,5.127540374174714,2,0.07046550139784813,7.148148148148148,1,logistic_regression,27,86239,6400,27,8,d53c22dd7c1e22fc,10,success,fine,6400,0,5.280650248751044
16,1.2670375602319837,2,0.03719501011073589,15.0,11,logistic_regression,5,86239,3200,5,16,d53c22dd7c1e22fc,11,success,coarse,3200,0,1.3920530173927546
16,2.142488774843514,2,0.07052572630345821,13.407407407407407,2,logistic_regression,27,86239,3200,27,16,d53c22dd7c1e22fc,11,success,fine,3200,0,2.3028713762760162
32,1.1810065684840083,2,0.037252397276461124,27.8,11,logistic_regression,5,86239,3200,5,32,d53c22dd7c1e22fc,11,success,coarse,3200,0,1.3214823044836521
32,2.9411320695653558,2,0.06677983980625868,24.555555555555557,2,logistic_regression,27,86239,3200,27,32,d53c22dd7c1e22fc,11,success,fine,3200,0,3.110491476021707
8,1.2319882158190012,2,0.03887491673231125,8.0,8,logistic_regression,5,86239,3200,5,8,d53c22dd7c1e22fc,11,success,coarse,3200,0,1.3470914475619793
8,2.3510901229456067,2,0.07059234473854303,7.148148148148148,1,logistic_regression,27,86239,3200,27,8,d53c22dd7c1e22fc,11,success,fine,3200,0,2.497651710174978
16,2.879389432258904,2,0.039393870159983635,15.6,14,logistic_regression,5,86239,6400,5,16,d53c22dd7c1e22fc,11,success,coarse,6400,0,3.0048719262704253
16,4.892362918704748,2,0.06969400681555271,13.925925925925926,2,logistic_regression,27,86239,6400,27,16,d53c22dd7c1e22fc,11,success,fine,6400,0,5.0477983839809895
32,2.397689051926136,2,0.03708185162395239,30.0,22,logistic_regression,5,86239,6400,5,32,d53c22dd7c1e22fc,11,success,coarse,6400,0,2.538820032030344
32,5.171078939922154,2,0.07125826459378004,26.925925925925927,3,logistic_regression,27,86239,6400,27,32,d53c22dd7c1e22fc,11,success,fine,6400,0,5.349044098518789
8,2.880980377085507,2,0.04131434019654989,8.0,8,logistic_regression,5,86239,6400,5,8,d53c22dd7c1e22fc,11,success,coarse,6400,0,3.004484853707254
8,4.473702258430421,2,0.06607895717024803,7.222222222222222,1,logistic_regression,27,86239,6400,27,8,d53c22dd7c1e22fc,11,success,fine,6400,0,4.617345415055752
16,1.2020148634910583,2,0.040118325501680374,15.6,14,logistic_regression,5,86239,3200,5,16,d53c22dd7c1e22fc,12,success,coarse,3200,0,1.3283128328621387
16,2.424510123208165,2,0.06621004082262516,13.74074074074074,3,logistic_regression,27,86239,3200,27,16,d53c22dd7c1e22fc,12,success,fine,3200,0,2.5707871234044433
32,1.1913328915834427,2,0.04005511570721865,30.8,26,logistic_regression,5,86239,3200,5,32,d53c22dd7c1e22fc,12,success,coarse,3200,0,1.3341192016378045
32,2.9797260239720345,2,0.06944702565670013,25.444444444444443,4,logistic_regression,27,86239,3200,27,32,d53c22dd7c1e22fc,12,success,fine,3200,0,3.154845626093447
8,1.2064709914848208,2,0.03718074504286051,7.8,7,logistic_regression,5,86239,3200,5,8,d53c22dd7c1e22fc,12,success,coarse,3200,0,1.3177823945879936
8,2.5997914830222726,2,0.06787616480141878,7.148148148148148,2,logistic_regression,27,86239,3200,27,8,d53c22dd7c1e22fc,12,success,fine,3200,0,2.740612342953682
16,2.6350813042372465,2,0.03720837365835905,15.6,14,logistic_regression,5,86239,6400,5,16,d53c22dd7c1e22fc,12,success,coarse,6400,0,2.75880765914917
16,4.581529063172638,2,0.06719177402555943,14.222222222222221,3,logistic_regression,27,86239,6400,27,16,d53c22dd7c1e22fc,12,success,fine,6400,0,4.7355602122843266
32,2.8866204442456365,2,0.03972506616264582,31.6,30,logistic_regression,5,86239,6400,5,32,d53c22dd7c1e22fc,12,success,coarse,6400,0,3.0348227275535464
32,4.750617948360741,2,0.06568176113069057,27.88888888888889,5,logistic_regression,27,86239,6400,27,32,d53c22dd7c1e22fc,12,success,fine,6400,0,4.923910399898887
8,2.7482041204348207,2,0.03816530201584101,7.8,7,logistic_regression,5,86239,6400,5,8,d53c22dd7c1e22fc,12,success,coarse,6400,0,2.8617578269913793
8,4.857037072069943,2,0.07161994930356741,7.148148148148148,2,logistic_regression,27,86239,6400,27,8,d53c22dd7c1e22fc,12,success,fine,6400,0,5.006940482184291
16,1.208490633405745,2,0.03720139246433973,15.0,11,logistic_regression,5,86239,3200,5,16,d53c22dd7c1e22fc,13,success,coarse,3200,0,1.3302297173067927
16,2.5907100522890687,2,0.0693340552970767,13.518518518518519,2,logistic_regression,27,86239,3200,27,16,d53c22dd7c1e22fc,13,success,fine,3200,0,2.7499730587005615
32,1.041875321418047,2,0.03741856571286917,27.8,11,logistic_regression,5,86239,3200,5,32,d53c22dd7c1e22fc,13,success,coarse,3200,0,1.181208630092442
32,2.4560484793037176,2,0.06739879492670298,24.666666666666668,2,logistic_regression,27,86239,3200,27,32,d53c22dd7c1e22fc,13,success,fine,3200,0,2.6261523384600878
8,1.206290734000504,2,0.03954905550926924,7.8,7,logistic_regression,5,86239,3200,5,8,d53c22dd7c1e22fc,13,success,coarse,3200,0,1.3255436345934868
8,2.205426667816937,2,0.07049333583563566,7.2592592592592595,2,logistic_regression,27,86239,3200,27,8,d53c22dd7c1e22fc,13,success,fine,3200,0,2.3513579992577434
16,2.8910480896010995,2,0.039726062677800655,15.6,14,logistic_regression,5,86239,6400,5,16,d53c22dd7c1e22fc,13,success,coarse,6400,0,3.0186742395162582
16,5.371486523188651,2,0.07009061798453331,14.11111111111111,3,logistic_regression,27,86239,6400,27,16,d53c22dd7c1e22fc,13,success,fine,6400,0,5.531659400090575
32,2.700349658727646,2,0.03691845387220383,30.0,22,logistic_regression,5,86239,6400,5,32,d53c22dd7c1e22fc,13,success,coarse,6400,0,2.8456534137949347
32,5.02415229100734,2,0.0702083557844162,27.11111111111111,3,logistic_regression,27,86239,6400,27,32,d53c22dd7c1e22fc,13,success,fine,6400,0,5.201626914553344
8,2.5991421565413475,2,0.04007300082594156,7.8,7,logistic_regression,5,86239,6400,5,8,d53c22dd7c1e22fc,13,success,coarse,6400,0,2.7163724321871996
8,4.353099413216114,2,0.06648124102503061,7.37037037037037,2,logistic_regression,27,86239,6400,27,8,d53c22dd7c1e22fc,13,success,fine,6400,0,4.494802296161652
16,1.3393624303862453,2,0.0401516342535615,15.2,12,logistic_regression,5,86239,3200,5,16,d53c22dd7c1e22fc,14,success,coarse,3200,0,1.4706223905086517
16,2.446067080833018,2,0.06505874544382095,12.703703703703704,1,logistic_regression,27,86239,3200,27,16,d53c22dd7c1e22fc,14,success,fine,3200,0,2.591665493324399
32,1.0522412667050958,2,0.03942130506038666,28.0,12,logistic_regression,5,86239,3200,5,32,d53c22dd7c1e22fc,14,success,coarse,3200,0,1.192817110568285
32,2.4066122826188803,2,0.07000131998211145,22.962962962962962,1,logistic_regression,27,86239,3200,27,32,d53c22dd7c1e22fc,14,success,fine,3200,0,2.583058542571962
8,1.2462746473029256,2,0.03708867356181145,7.8,7,logistic_regression,5,86239,3200,5,8,d53c22dd7c1e22fc,14,success,coarse,3200,0,1.361841638572514
8,2.512369876727462,2,0.06550152599811554,6.962962962962963,1,logistic_regression,27,86239,3200,27,8,d53c22dd7c1e22fc,14,success,fine,3200,0,2.654419468715787
16,2.732785988599062,2,0.03873508516699076,15.6,14,logistic_regression,5,86239,6400,5,16,d53c22dd7c1e22fc,14,success,coarse,6400,0,2.859012233093381
16,5.568557236343622,2,0.07097135949879885,13.444444444444445,1,logistic_regression,27,86239,6400,27,16,d53c22dd7c1e22fc,14,success,fine,6400,0,5.728695686906576
32,2.767676144838333,2,0.03927209321409464,30.2,23,logistic_regression,5,86239,6400,5,32,d53c22dd7c1e22fc,14,success,coarse,6400,0,2.9123225640505552
32,5.158196708187461,2,0.07037502434104681,25.185185185185187,1,logistic_regression,27,86239,6400,27,32,d53c22dd7c1e22fc,14,success,fine,6400,0,5.334113729186356
8,2.7348106559365988,2,0.03910709451884031,7.8,7,logistic_regression,5,86239,6400,5,8,d53c22dd7c1e22fc,14,success,coarse,6400,0,2.854447395540774
8,5.113104718737304,2,0.07196277193725109,7.148148148148148,1,logistic_regression,27,86239,6400,27,8,d53c22dd7c1e22fc,14,success,fine,6400,0,5.262142560444772
16,1.394769816659391,2,0.037715339101850986,15.6,14,logistic_regression,5,86239,3200,5,16,d53c22dd7c1e22fc,15,success,coarse,3200,0,1.5169257735833526
16,2.2139971861615777,2,0.0672624297440052,13.777777777777779,3,logistic_regression,27,86239,3200,27,16,d53c22dd7c1e22fc,15,success,fine,3200,0,2.36495354026556
32,1.0804264647886157,2,0.03761717490851879,31.0,27,logistic_regression,5,86239,3200,5,32,d53c22dd7c1e22fc,15,success,coarse,3200,0,1.219651721417904
32,2.1633682111278176,2,0.06581484246999025,25.48148148148148,3,logistic_regression,27,86239,3200,27,32,d53c22dd7c1e22fc,15,success,fine,3200,0,2.3294129027053714
8,1.2267631236463785,2,0.039840624667704105,8.0,8,logistic_regression,5,86239,3200,5,8,d53c22dd7c1e22fc,15,success,coarse,3200,0,1.3426992436870933
8,2.063660128042102,2,0.06902361009269953,7.148148148148148,1,logistic_regression,27,86239,3200,27,8,d53c22dd7c1e22fc,15,success,fine,3200,0,2.2110317135229707
16,2.8204883942380548,2,0.041002086363732815,15.6,14,logistic_regression,5,86239,6400,5,16,d53c22dd7c1e22fc,15,success,coarse,6400,0,2.9535479517653584
16,6.476141227409244,2,0.07241374999284744,14.074074074074074,3,logistic_regression,27,86239,6400,27,16,d53c22dd7c1e22fc,15,success,fine,6400,0,6.6432741694152355
32,2.731601359322667,2,0.037534115836024284,31.6,30,logistic_regression,5,86239,6400,5,32,d53c22dd7c1e22fc,15,success,coarse,6400,0,2.870205854997039
32,5.895014485344291,2,0.06872588209807873,27.62962962962963,5,logistic_regression,27,86239,6400,27,32,d53c22dd7c1e22fc,15,success,fine,6400,0,6.066612443886697
8,2.9162851702421904,2,0.039857227355241776,8.0,8,logistic_regression,5,86239,6400,5,8,d53c22dd7c1e22fc,15,success,coarse,6400,0,3.0338445715606213
8,5.396649117581546,2,0.061785025522112846,7.222222222222222,1,logistic_regression,27,86239,6400,27,8,d53c22dd7c1e22fc,15,success,fine,6400,0,5.53221058100462
16,1.4935284880921245,2,0.04248381033539772,15.8,15,logistic_regression,5,86239,3200,5,16,d53c22dd7c1e22fc,16,success,coarse,3200,0,1.6327855177223682
16,2.043116628192365,2,0.06139655131846666,14.25925925925926,2,logistic_regression,27,86239,3200,27,16,d53c22dd7c1e22fc,16,success,fine,3200,0,2.1815054854378104
32,1.3061529509723186,2,0.039313510060310364,30.6,25,logistic_regression,5,86239,3200,5,32,d53c22dd7c1e22fc,16,success,coarse,3200,0,1.448297337628901
32,2.2383107524365187,2,0.06987728085368872,26.296296296296298,3,logistic_regression,27,86239,3200,27,32,d53c22dd7c1e22fc,16,success,fine,3200,0,2.4135040333494544
8,1.1380182057619095,2,0.03722319845110178,7.8,7,logistic_regression,5,86239,3200,5,8,d53c22dd7c1e22fc,16,success,coarse,3200,0,1.2492665071040392
8,2.3652692986652255,2,0.06638601515442133,7.222222222222222,1,logistic_regression,27,86239,3200,27,8,d53c22dd7c1e22fc,16,success,fine,3200,0,2.505802307277918
16,2.6659507881850004,2,0.03770621586591005,15.8,15,logistic_regression,5,86239,6400,5,16,d53c22dd7c1e22fc,16,success,coarse,6400,0,2.791613639332354
16,4.81524367723614,2,0.0660841353237629,14.518518518518519,2,logistic_regression,27,86239,6400,27,16,d53c22dd7c1e22fc,16,success,fine,6400,0,4.963905835524201
32,3.0659107994288206,2,0.042720068246126175,31.6,30,logistic_regression,5,86239,6400,5,32,d53c22dd7c1e22fc,16,success,coarse,6400,0,3.2223146995529532
32,4.196242388337851,2,0.06363914720714092,28.59259259259259,5,logistic_regression,27,86239,6400,27,32,d53c22dd7c1e22fc,16,success,fine,6400,0,4.357154724188149
8,2.703335619531572,2,0.03827260807156563,7.8,7,logistic_regression,5,86239,6400,5,8,d53c22dd7c1e22fc,16,success,coarse,6400,0,2.8179483199492097
8,4.572340149432421,2,0.07010145951062441,7.222222222222222,1,logistic_regression,27,86239,6400,27,8,d53c22dd7c1e22fc,16,success,fine,6400,0,4.721269031055272
16,1.1647968143224716,2,0.03785928804427385,14.8,10,logistic_regression,5,86239,3200,5,16,d53c22dd7c1e22fc,17,success,coarse,3200,0,1.290141868405044
16,2.7016715770587325,2,0.07090057339519262,13.333333333333334,1,logistic_regression,27,86239,3200,27,16,d53c22dd7c1e22fc,17,success,fine,3200,0,2.85871188249439
32,1.2571922522038221,2,0.037057883106172085,27.6,10,logistic_regression,5,86239,3200,5,32,d53c22dd7c1e22fc,17,success,coarse,3200,0,1.3953734692186117
32,2.6351343328133225,2,0.0658885920420289,25.37037037037037,1,logistic_regression,27,86239,3200,27,32,d53c22dd7c1e22fc,17,success,fine,3200,0,2.802092610858381
8,1.294582256115973,2,0.03965349216014147,8.0,8,logistic_regression,5,86239,3200,5,8,d53c22dd7c1e22fc,17,success,coarse,3200,0,1.4141020700335503
8,2.712797837331891,2,0.07015200890600681,7.148148148148148,1,logistic_regression,27,86239,3200,27,8,d53c22dd7c1e22fc,17,success,fine,3200,0,2.8599074808880687
16,2.8818447794765234,2,0.03925888705998659,15.6,14,logistic_regression,5,86239,6400,5,16,d53c22dd7c1e22fc,17,success,coarse,6400,0,3.007257084362209
16,5.850705408491194,2,0.07043869886547327,13.777777777777779,1,logistic_regression,27,86239,6400,27,16,d53c22dd7c1e22fc,17,success,fine,6400,0,6.009037800133228
32,2.651110370643437,2,0.03653532359749079,29.4,19,logistic_regression,5,86239,6400,5,32,d53c22dd7c1e22fc,17,success,coarse,6400,0,2.79237122181803
32,5.214857446961105,2,0.06989021506160498,27.185185185185187,1,logistic_regression,27,86239,6400,27,32,d53c22dd7c1e22fc,17,success,fine,6400,0,5.387971916235983
8,2.675391558557749,2,0.039764332585036755,8.0,8,logistic_regression,5,86239,6400,5,8,d53c22dd7c1e22fc,17,success,coarse,6400,0,2.7969228737056255
8,5.329129106365144,2,0.0645076921209693,7.222222222222222,1,logistic_regression,27,86239,6400,27,8,d53c22dd7c1e22fc,17,success,fine,6400,0,5.471601006574929
16,1.2037116950377822,2,0.03969787526875734,15.0,11,logistic_regression,5,86239,3200,5,16,d53c22dd7c1e22fc,18,success,coarse,3200,0,1.3325139004737139
16,2.0742391170933843,2,0.058641739189624786,14.26923076923077,2,logistic_regression,27,86239,3200,26,16,d53c22dd7c1e22fc,18,success,fine,3200,1,2.21600201446563
32,1.1774380765855312,2,0.03982113394886255,27.8,11,logistic_regression,5,86239,3200,5,32,d53c22dd7c1e22fc,18,success,coarse,3200,0,1.318078731186688
32,2.3166525969281793,2,0.06310337968170643,26.0,2,logistic_regression,27,86239,3200,26,32,d53c22dd7c1e22fc,18,success,fine,3200,1,2.486455432139337
8,1.2736650425940752,2,0.03752952069044113,7.8,7,logistic_regression,5,86239,3200,5,8,d53c22dd7c1e22fc,18,success,coarse,3200,0,1.3886467861011624
8,2.4653831319883466,2,0.059553273022174835,7.230769230769231,2,logistic_regression,27,86239,3200,26,8,d53c22dd7c1e22fc,18,success,fine,3200,1,2.6016662130132318
16,2.708411706611514,2,0.03684746101498604,15.8,15,logistic_regression,5,86239,6400,5,16,d53c22dd7c1e22fc,18,success,coarse,6400,0,2.834024950861931
16,5.4422087436541915,2,0.05965951643884182,14.76923076923077,4,logistic_regression,27,86239,6400,26,16,d53c22dd7c1e22fc,18,success,fine,6400,1,5.590101948939264
32,2.5085458122193813,2,0.04118415154516697,29.6,20,logistic_regression,5,86239,6400,5,32,d53c22dd7c1e22fc,18,success,coarse,6400,0,2.66184585634619
32,4.049210011959076,2,0.062226888723671436,28.153846153846153,4,logistic_regression,27,86239,6400,26,32,d53c22dd7c1e22fc,18,success,fine,6400,1,4.213212252594531
8,2.7240142319351435,2,0.03636933211237192,7.8,7,logistic_regression,5,86239,6400,5,8,d53c22dd7c1e22fc,18,success,coarse,6400,0,2.840100192464888
8,5.388204779475927,2,0.06685954984277487,7.3076923076923075,4,logistic_regression,27,86239,6400,26,8,d53c22dd7c1e22fc,18,success,fine,6400,1,5.536699991673231
16,1.2259141942486167,2,0.037413641810417175,15.4,13,logistic_regression,5,86239,3200,5,16,d53c22dd7c1e22fc,19,success,coarse,3200,0,1.3462656047195196
16,2.096649846062064,2,0.07065920997411013,13.962962962962964,2,logistic_regression,27,86239,3200,27,16,d53c22dd7c1e22fc,19,success,fine,3200,0,2.2508163256570697
32,1.0145454527810216,2,0.037290546111762524,28.2,13,logistic_regression,5,86239,3200,5,32,d53c22dd7c1e22fc,19,success,coarse,3200,0,1.155451925471425
32,2.354542608372867,2,0.06755387037992477,25.444444444444443,2,logistic_regression,27,86239,3200,27,32,d53c22dd7c1e22fc,19,success,fine,3200,0,2.5234770122915506
8,1.4545308481901884,2,0.039635470137000084,7.8,7,logistic_regression,5,86239,3200,5,8,d53c22dd7c1e22fc,19,success,coarse,3200,0,1.572483948431909
8,2.314499069005251,2,0.06741623021662235,7.111111111111111,2,logistic_regression,27,86239,3200,27,8,d53c22dd7c1e22fc,19,success,fine,3200,0,2.4564154827967286
16,2.817803313024342,2,0.038973026908934116,15.8,15,logistic_regression,5,86239,6400,5,16,d53c22dd7c1e22fc,19,success,coarse,6400,0,2.9443233432248235
16,4.648089135996997,2,0.06900183018296957,14.555555555555555,3,logistic_regression,27,86239,6400,27,16,d53c22dd7c1e22fc,19,success,fine,6400,0,4.809241189621389
32,2.688325590454042,2,0.03680859971791506,30.8,26,logistic_regression,5,86239,6400,5,32,d53c22dd7c1e22fc,19,success,coarse,6400,0,2.826810846105218
32,5.050559090450406,2,0.07085646968334913,27.555555555555557,3,logistic_regression,27,86239,6400,27,32,d53c22dd7c1e22fc,19,success,fine,6400,0,5.224917286075652
8,2.673412243835628,2,0.039769197814166546,7.8,7,logistic_regression,5,86239,6400,5,8,d53c22dd7c1e22fc,19,success,coarse,6400,0,2.7901534410193563
8,4.0900841830298305,2,0.06118162162601948,7.185185185185185,3,logistic_regression,27,86239,6400,27,8,d53c22dd7c1e22fc,19,success,fine,6400,0,4.22316880337894
16,1.269286371767521,3,0.032232772558927536,14.8,10,logistic_regression,5,68849,3200,5,16,d53c22dd7c1e22fc,0,success,coarse,3200,0,1.3818084681406617
16,1.7999654244631529,3,0.04983797762542963,13.37037037037037,1,logistic_regression,27,68849,3200,27,16,d53c22dd7c1e22fc,0,success,fine,3200,0,1.9215338518843055
32,1.301676613278687,3,0.03221056703478098,27.6,10,logistic_regression,5,68849,3200,5,32,d53c22dd7c1e22fc,0,success,coarse,3200,0,1.4329982157796621
32,2.6823977949097753,3,0.05506425257772207,24.185185185185187,1,logistic_regression,27,68849,3200,27,32,d53c22dd7c1e22fc,0,success,fine,3200,0,2.8343222672119737
8,1.123926187865436,3,0.030595271848142147,7.8,7,logistic_regression,5,68849,3200,5,8,d53c22dd7c1e22fc,0,success,coarse,3200,0,1.2258560983464122
8,1.8621901785954833,3,0.05609104409813881,7.0,1,logistic_regression,27,68849,3200,27,8,d53c22dd7c1e22fc,0,success,fine,3200,0,1.9892324125394225
16,2.4655145462602377,3,0.030065576545894146,15.8,15,logistic_regression,5,68849,6400,5,16,d53c22dd7c1e22fc,0,success,coarse,6400,0,2.5756444577127695
16,4.70761856995523,3,0.05300493258982897,14.037037037037036,1,logistic_regression,27,68849,6400,27,16,d53c22dd7c1e22fc,0,success,fine,6400,0,4.840591611340642
32,2.9327327832579613,3,0.032980271615087986,29.4,19,logistic_regression,5,68849,6400,5,32,d53c22dd7c1e22fc,0,success,coarse,6400,0,3.0670859571546316
32,4.485338872298598,3,0.0534673472866416,26.51851851851852,1,logistic_regression,27,68849,6400,27,32,d53c22dd7c1e22fc,0,success,fine,6400,0,4.633392594754696
8,2.406133192591369,3,0.03059342037886381,7.8,7,logistic_regression,5,68849,6400,5,8,d53c22dd7c1e22fc,0,success,coarse,6400,0,2.506222067400813
8,4.620232560671866,3,0.05470979493111372,7.074074074074074,1,logistic_regression,27,68849,6400,27,8,d53c22dd7c1e22fc,0,success,fine,6400,0,4.744542839936912
16,1.1149524310603738,3,0.03020949847996235,15.8,15,logistic_regression,5,68849,3200,5,16,d53c22dd7c1e22fc,1,success,coarse,3200,0,1.2223559319972992
16,2.9490998843684793,3,0.05575344152748585,13.88888888888889,2,logistic_regression,27,68849,3200,27,16,d53c22dd7c1e22fc,1,success,fine,3200,0,3.0877352971583605
32,1.1396520277485251,3,0.029947010800242424,29.4,19,logistic_regression,5,68849,3200,5,32,d53c22dd7c1e22fc,1,success,coarse,3200,0,1.2655934449285269
32,2.767157939262688,3,0.05302718374878168,25.814814814814813,2,logistic_regression,27,68849,3200,27,32,d53c22dd7c1e22fc,1,success,fine,3200,0,2.9151961505413055
8,1.2485506385564804,3,0.0319310100749135,7.8,7,logistic_regression,5,68849,3200,5,8,d53c22dd7c1e22fc,1,success,coarse,3200,0,1.3492458015680313
8,2.9256021082401276,3,0.06007158663123846,7.037037037037037,2,logistic_regression,27,68849,3200,27,8,d53c22dd7c1e22fc,1,success,fine,3200,0,3.0584836611524224
16,2.926048488356173,3,0.03157171327620745,15.8,15,logistic_regression,5,68849,6400,5,16,d53c22dd7c1e22fc,1,success,coarse,6400,0,3.0356179932132363
16,6.221145524643362,3,0.055195980705320835,14.222222222222221,2,logistic_regression,27,68849,6400,27,16,d53c22dd7c1e22fc,1,success,fine,6400,0,6.357369544915855
32,2.7039408003911376,3,0.02978104166686535,31.8,31,logistic_regression,5,68849,6400,5,32,d53c22dd7c1e22fc,1,success,coarse,6400,0,2.8314393274486065
32,4.829830545000732,3,0.05708434898406267,28.037037037037038,3,logistic_regression,27,68849,6400,27,32,d53c22dd7c1e22fc,1,success,fine,6400,0,4.986749736592174
8,2.8721499145030975,3,0.03289519902318716,7.8,7,logistic_regression,5,68849,6400,5,8,d53c22dd7c1e22fc,1,success,coarse,6400,0,2.9796107411384583
8,4.865755491890013,3,0.0498325377702713,7.111111111111111,2,logistic_regression,27,68849,6400,27,8,d53c22dd7c1e22fc,1,success,fine,6400,0,4.981128588318825
16,1.2800051597878337,3,0.03209957014769316,15.8,15,logistic_regression,5,68849,3200,5,16,d53c22dd7c1e22fc,2,success,coarse,3200,0,1.389403867535293
16,1.7563140075653791,3,0.05098663829267025,13.851851851851851,2,logistic_regression,27,68849,3200,27,16,d53c22dd7c1e22fc,2,success,fine,3200,0,1.8807559302076697
32,1.3220156682655215,3,0.0318868150934577,30.2,23,logistic_regression,5,68849,3200,5,32,d53c22dd7c1e22fc,2,success,coarse,3200,0,1.4502711240202188
32,2.05244707968086,3,0.054281266406178474,24.185185185185187,2,logistic_regression,27,68849,3200,27,32,d53c22dd7c1e22fc,2,success,fine,3200,0,2.2034470923244953
8,1.0433431770652533,3,0.02988352905958891,8.0,8,logistic_regression,5,68849,3200,5,8,d53c22dd7c1e22fc,2,success,coarse,3200,0,1.14072622731328
8,1.800284386612475,3,0.052745306864380836,7.185185185185185,1,logistic_regression,27,68849,3200,27,8,d53c22dd7c1e22fc,2,success,fine,3200,0,1.9187065046280622
16,2.682822484523058,3,0.029528041370213032,15.8,15,logistic_regression,5,68849,6400,5,16,d53c22dd7c1e22fc,2,success,coarse,6400,0,2.7898578196763992
16,4.188502320088446,3,0.05293961800634861,14.11111111111111,2,logistic_regression,27,68849,6400,27,16,d53c22dd7c1e22fc,2,success,fine,6400,0,4.317602290771902
32,2.868400045670569,3,0.03219989687204361,31.8,31,logistic_regression,5,68849,6400,5,32,d53c22dd7c1e22fc,2,success,coarse,6400,0,3.0027320124208927
32,4.296104866079986,3,0.05019326135516167,27.77777777777778,4,logistic_regression,27,68849,6400,27,32,d53c22dd7c1e22fc,2,success,fine,6400,0,4.4394984701648355
8,2.674509440548718,3,0.030323971062898636,8.0,8,logistic_regression,5,68849,6400,5,8,d53c22dd7c1e22fc,2,success,coarse,6400,0,2.7742434246465564
8,4.824310821481049,3,0.05252956785261631,7.2592592592592595,1,logistic_regression,27,68849,6400,27,8,d53c22dd7c1e22fc,2,success,fine,6400,0,4.946451903320849
16,1.1672582989558578,3,0.02986116334795952,14.8,10,logistic_regression,5,68849,3200,5,16,d53c22dd7c1e22fc,3,success,coarse,3200,0,1.2734568770974874
16,2.348643198609352,3,0.05842398665845394,12.333333333333334,1,logistic_regression,27,68849,3200,27,16,d53c22dd7c1e22fc,3,success,fine,3200,0,2.4854106875136495
32,1.1377610620111227,3,0.02995903044939041,27.6,10,logistic_regression,5,68849,3200,5,32,d53c22dd7c1e22fc,3,success,coarse,3200,0,1.2641151370480657
32,2.2127862004563212,3,0.05441941041499376,22.037037037037038,1,logistic_regression,27,68849,3200,27,32,d53c22dd7c1e22fc,3,success,fine,3200,0,2.3697293112054467
8,1.2360777901485562,3,0.03141133300960064,7.8,7,logistic_regression,5,68849,3200,5,8,d53c22dd7c1e22fc,3,success,coarse,3200,0,1.3378705130890012
8,2.1702605839818716,3,0.05460252892225981,6.7407407407407405,1,logistic_regression,27,68849,3200,27,8,d53c22dd7c1e22fc,3,success,fine,3200,0,2.293222950771451
16,2.6780568221583962,3,0.03187497239559889,15.8,15,logistic_regression,5,68849,6400,5,16,d53c22dd7c1e22fc,3,success,coarse,6400,0,2.7896589105948806
16,5.395964780822396,3,0.05542575381696224,13.444444444444445,1,logistic_regression,27,68849,6400,27,16,d53c22dd7c1e22fc,3,success,fine,6400,0,5.53559557441622
32,2.6348765594884753,3,0.03066443558782339,29.4,19,logistic_regression,5,68849,6400,5,32,d53c22dd7c1e22fc,3,success,coarse,6400,0,2.7663737749680877
32,4.761233322322369,3,0.054036881774663925,24.40740740740741,1,logistic_regression,27,68849,6400,27,32,d53c22dd7c1e22fc,3,success,fine,6400,0,4.9150718208402395
8,2.9571603536605835,3,0.03420195821672678,7.8,7,logistic_regression,5,68849,6400,5,8,d53c22dd7c1e22fc,3,success,coarse,6400,0,3.067646808922291
8,4.161113036796451,3,0.04963077139109373,7.0,1,logistic_regression,27,68849,6400,27,8,d53c22dd7c1e22fc,3,success,fine,6400,0,4.275442078709602
16,1.2518105749040842,3,0.032651147805154324,15.2,12,logistic_regression,5,68849,3200,5,16,d53c22dd7c1e22fc,4,success,coarse,3200,0,1.3657950395718217
16,2.145208372734487,3,0.04982184153050184,14.76923076923077,8,logistic_regression,27,68849,3200,26,16,d53c22dd7c1e22fc,4,success,fine,3200,1,2.270095151849091
32,1.1741978637874126,3,0.03350462391972542,28.0,12,logistic_regression,5,68849,3200,5,32,d53c22dd7c1e22fc,4,success,coarse,3200,0,1.311134279705584
32,2.267525271512568,3,0.05003893095999956,25.53846153846154,8,logistic_regression,27,68849,3200,26,32,d53c22dd7c1e22fc,4,success,fine,3200,1,2.4159146482124925
8,1.2578498600050807,3,0.031325845047831535,8.0,8,logistic_regression,5,68849,3200,5,8,d53c22dd7c1e22fc,4,success,coarse,3200,0,1.3589298343285918
8,1.6220505768433213,3,0.047412045300006866,7.653846153846154,4,logistic_regression,27,68849,3200,26,8,d53c22dd7c1e22fc,4,success,fine,3200,1,1.7355235973373055
16,2.7276103859767318,3,0.03009511809796095,16.0,16,logistic_regression,5,68849,6400,5,16,d53c22dd7c1e22fc,4,success,coarse,6400,0,2.8369050482288003
16,4.005254006013274,3,0.04769747983664274,15.307692307692308,10,logistic_regression,27,68849,6400,26,16,d53c22dd7c1e22fc,4,success,fine,6400,1,4.132135367020965
32,2.7499987203627825,3,0.032095588743686676,30.0,22,logistic_regression,5,68849,6400,5,32,d53c22dd7c1e22fc,4,success,coarse,6400,0,2.8830203590914607
32,3.7741671511903405,3,0.04698797594755888,29.0,14,logistic_regression,27,68849,6400,26,32,d53c22dd7c1e22fc,4,success,fine,6400,1,3.9146724473685026
8,2.6897583678364754,3,0.02976775448769331,8.0,8,logistic_regression,5,68849,6400,5,8,d53c22dd7c1e22fc,4,success,coarse,6400,0,2.7889064121991396
8,4.142383434809744,3,0.051002299413084984,7.653846153846154,4,logistic_regression,27,68849,6400,26,8,d53c22dd7c1e22fc,4,success,fine,6400,1,4.262047475203872
16,1.2282967092469335,3,0.030426212586462498,16.0,16,logistic_regression,5,68849,3200,5,16,d53c22dd7c1e22fc,5,success,coarse,3200,0,1.337492791004479
16,2.3245709212496877,3,0.05254198890179396,14.518518518518519,3,logistic_regression,27,68849,3200,27,16,d53c22dd7c1e22fc,5,success,fine,3200,0,2.4517638348042965
32,1.164937756024301,3,0.03009005356580019,30.2,23,logistic_regression,5,68849,3200,5,32,d53c22dd7c1e22fc,5,success,coarse,3200,0,1.2888619909062982
32,2.143900594674051,3,0.052008628845214844,26.185185185185187,3,logistic_regression,27,68849,3200,27,32,d53c22dd7c1e22fc,5,success,fine,3200,0,2.287044678814709
8,1.3332803137600422,3,0.03446973580867052,8.0,8,logistic_regression,5,68849,3200,5,8,d53c22dd7c1e22fc,5,success,coarse,3200,0,1.4403886049985886
8,2.2194207003340125,3,0.05536102410405874,7.37037037037037,1,logistic_regression,27,68849,3200,27,8,d53c22dd7c1e22fc,5,success,fine,3200,0,2.342001084238291
16,2.840868080034852,3,0.03106392454355955,16.0,16,logistic_regression,5,68849,6400,5,16,d53c22dd7c1e22fc,5,success,coarse,6400,0,2.954766462557018
16,5.30621259380132,3,0.059341139160096645,14.88888888888889,3,logistic_regression,27,68849,6400,27,16,d53c22dd7c1e22fc,5,success,fine,6400,0,5.450091440230608
32,2.688824092037976,3,0.0296302093192935,31.8,31,logistic_regression,5,68849,6400,5,32,d53c22dd7c1e22fc,5,success,coarse,6400,0,2.813787763006985
32,4.524108071811497,3,0.05248235631734133,28.51851851851852,5,logistic_regression,27,68849,6400,27,32,d53c22dd7c1e22fc,5,success,fine,6400,0,4.6722843293100595
8,2.9661411680281162,3,0.033712311647832394,8.0,8,logistic_regression,5,68849,6400,5,8,d53c22dd7c1e22fc,5,success,coarse,6400,0,3.072395797818899
8,4.4955383855849504,3,0.0490426579490304,7.37037037037037,1,logistic_regression,27,68849,6400,27,8,d53c22dd7c1e22fc,5,success,fine,6400,0,4.608636694960296
16,1.3184411814436316,3,0.03472238499671221,16.0,16,logistic_regression,5,68849,3200,5,16,d53c22dd7c1e22fc,6,success,coarse,3200,0,1.4403210924938321
16,2.424468979239464,3,0.050033275969326496,14.296296296296296,3,logistic_regression,27,68849,3200,27,16,d53c22dd7c1e22fc,6,success,fine,3200,0,2.545828999951482
32,1.2455127881839871,3,0.03197589796036482,30.4,24,logistic_regression,5,68849,3200,5,32,d53c22dd7c1e22fc,6,success,coarse,3200,0,1.3735875645652413
32,3.072519746609032,3,0.0557254683226347,24.296296296296298,3,logistic_regression,27,68849,3200,27,32,d53c22dd7c1e22fc,6,success,fine,3200,0,3.225330173969269
8,1.121585895307362,3,0.030558375641703606,8.0,8,logistic_regression,5,68849,3200,5,8,d53c22dd7c1e22fc,6,success,coarse,3200,0,1.2225723266601562
8,2.8492130925878882,3,0.056404005736112595,7.407407407407407,2,logistic_regression,27,68849,3200,27,8,d53c22dd7c1e22fc,6,success,fine,3200,0,2.976412868127227
16,2.71238362044096,3,0.030704298987984657,16.0,16,logistic_regression,5,68849,6400,5,16,d53c22dd7c1e22fc,6,success,coarse,6400,0,2.823250533081591
16,5.69282968621701,3,0.05223176535218954,14.703703703703704,4,logistic_regression,27,68849,6400,27,16,d53c22dd7c1e22fc,6,success,fine,6400,0,5.825634159147739
32,2.9760099509730935,3,0.03343010041862726,31.8,31,logistic_regression,5,68849,6400,5,32,d53c22dd7c1e22fc,6,success,coarse,6400,0,3.11427294742316
32,5.293229310773313,3,0.0499444380402565,28.0,5,logistic_regression,27,68849,6400,27,32,d53c22dd7c1e22fc,6,success,fine,6400,0,5.439312822185457
8,2.696200644597411,3,0.031566708348691463,8.0,8,logistic_regression,5,68849,6400,5,8,d53c22dd7c1e22fc,6,success,coarse,6400,0,2.802677808329463
8,4.240968514233828,3,0.05636285897344351,7.481481481481482,2,logistic_regression,27,68849,6400,27,8,d53c22dd7c1e22fc,6,success,fine,6400,0,4.369558956474066
16,1.2382666002959013,3,0.030461697839200497,15.2,12,logistic_regression,5,68849,3200,5,16,d53c22dd7c1e22fc,7,success,coarse,3200,0,1.3456706628203392
16,2.486270415596664,3,0.05554506182670593,13.74074074074074,2,logistic_regression,27,68849,3200,27,16,d53c22dd7c1e22fc,7,success,fine,3200,0,2.62032123003155
32,1.1259833704680204,3,0.030867082066833973,28.0,12,logistic_regression,5,68849,3200,5,32,d53c22dd7c1e22fc,7,success,coarse,3200,0,1.2517472226172686
32,2.239411499351263,3,0.04901933018118143,24.40740740740741,2,logistic_regression,27,68849,3200,27,32,d53c22dd7c1e22fc,7,success,fine,3200,0,2.3789656227454543
8,1.1028797756880522,3,0.031957642175257206,7.8,7,logistic_regression,5,68849,3200,5,8,d53c22dd7c1e22fc,7,success,coarse,3200,0,1.2035557851195335
8,1.919500833377242,3,0.05567353777587414,7.222222222222222,1,logistic_regression,27,68849,3200,27,8,d53c22dd7c1e22fc,7,success,fine,3200,0,2.042039587162435
16,2.848455267958343,3,0.03133231773972511,15.8,15,logistic_regression,5,68849,6400,5,16,d53c22dd7c1e22fc,7,success,coarse,6400,0,2.9596737157553434
16,5.734137024730444,3,0.055251460522413254,14.407407407407407,2,logistic_regression,27,68849,6400,27,16,d53c22dd7c1e22fc,7,success,fine,6400,0,5.8733702134341
32,2.6890120590105653,3,0.029706732369959354,30.0,22,logistic_regression,5,68849,6400,5,32,d53c22dd7c1e22fc,7,success,coarse,6400,0,2.8144935686141253
32,5.107630943879485,3,0.05847008619457483,27.074074074074073,3,logistic_regression,27,68849,6400,27,32,d53c22dd7c1e22fc,7,success,fine,6400,0,5.2662906320765615
8,2.8222882486879826,3,0.0314946286380291,7.8,7,logistic_regression,5,68849,6400,5,8,d53c22dd7c1e22fc,7,success,coarse,6400,0,2.923971858806908
8,3.6379003869369626,3,0.04927080310881138,7.2592592592592595,1,logistic_regression,27,68849,6400,27,8,d53c22dd7c1e22fc,7,success,fine,6400,0,3.7530571687966585
16,1.1997370338067412,3,0.0317907826974988,14.8,10,logistic_regression,5,68849,3200,5,16,d53c22dd7c1e22fc,8,success,coarse,3200,0,1.3127206359058619
16,2.640118073672056,3,0.04972444847226143,13.777777777777779,2,logistic_regression,27,68849,3200,27,16,d53c22dd7c1e22fc,8,success,fine,3200,0,2.761461094021797
32,1.1733437227085233,3,0.03180287033319473,27.6,10,logistic_regression,5,68849,3200,5,32,d53c22dd7c1e22fc,8,success,coarse,3200,0,1.3014330249279737
32,2.6699894526973367,3,0.054467310197651386,25.037037037037038,2,logistic_regression,27,68849,3200,27,32,d53c22dd7c1e22fc,8,success,fine,3200,0,2.825496518984437
8,1.3078669691458344,3,0.0302522461861372,8.0,8,logistic_regression,5,68849,3200,5,8,d53c22dd7c1e22fc,8,success,coarse,3200,0,1.405327120795846
8,2.463975040242076,3,0.05034864507615566,7.074074074074074,1,logistic_regression,27,68849,3200,27,8,d53c22dd7c1e22fc,8,success,fine,3200,0,2.579964170232415
16,2.6914936881512403,3,0.029683632776141167,16.0,16,logistic_regression,5,68849,6400,5,16,d53c22dd7c1e22fc,8,success,coarse,6400,0,2.8023901721462607
16,4.269218021072447,3,0.0492714811116457,14.407407407407407,3,logistic_regression,27,68849,6400,27,16,d53c22dd7c1e22fc,8,success,fine,6400,0,4.396341276355088
32,2.915870572440326,3,0.03403803985565901,29.6,20,logistic_regression,5,68849,6400,5,32,d53c22dd7c1e22fc,8,success,coarse,6400,0,3.053089417517185
32,4.401359943673015,3,0.05527830310165882,27.48148148148148,3,logistic_regression,27,68849,6400,27,32,d53c22dd7c1e22fc,8,success,fine,6400,0,4.552471905015409
8,2.7054432863369584,3,0.0308378292247653,8.0,8,logistic_regression,5,68849,6400,5,8,d53c22dd7c1e22fc,8,success,coarse,6400,0,2.8063368564471602
8,5.362088990397751,3,0.05703430809080601,7.148148148148148,1,logistic_regression,27,68849,6400,27,8,d53c22dd7c1e22fc,8,success,fine,6400,0,5.49015436694026
16,1.1411702381446958,3,0.029977336525917053,15.8,15,logistic_regression,5,68849,3200,5,16,d53c22dd7c1e22fc,9,success,coarse,3200,0,1.2446623295545578
16,1.8293616324663162,3,0.05279640108346939,13.851851851851851,2,logistic_regression,27,68849,3200,27,16,d53c22dd7c1e22fc,9,success,fine,3200,0,1.9534441977739334
32,1.3293327065184712,3,0.030570071190595627,30.8,26,logistic_regression,5,68849,3200,5,32,d53c22dd7c1e22fc,9,success,coarse,3200,0,1.4545825887471437
32,1.9085089853033423,3,0.05084832198917866,25.88888888888889,3,logistic_regression,27,68849,3200,27,32,d53c22dd7c1e22fc,9,success,fine,3200,0,2.0552269369363785
8,1.2417513011023402,3,0.031895178370177746,8.0,8,logistic_regression,5,68849,3200,5,8,d53c22dd7c1e22fc,9,success,coarse,3200,0,1.343148990534246
8,2.3669944582507014,3,0.05947148520499468,7.148148148148148,2,logistic_regression,27,68849,3200,27,8,d53c22dd7c1e22fc,9,success,fine,3200,0,2.4995012944564223
16,2.77583921328187,3,0.032123747281730175,15.8,15,logistic_regression,5,68849,6400,5,16,d53c22dd7c1e22fc,9,success,coarse,6400,0,2.8921377630904317
16,4.572769607417285,3,0.05525271687656641,14.074074074074074,2,logistic_regression,27,68849,6400,27,16,d53c22dd7c1e22fc,9,success,fine,6400,0,4.70451579336077
32,2.7021395014598966,3,0.030043182894587517,31.8,31,logistic_regression,5,68849,6400,5,32,d53c22dd7c1e22fc,9,success,coarse,6400,0,2.833136764355004
32,4.982614807784557,3,0.05547384172677994,27.88888888888889,4,logistic_regression,27,68849,6400,27,32,d53c22dd7c1e22fc,9,success,fine,6400,0,5.142265879549086
8,3.0271674375981092,3,0.03204580955207348,8.0,8,logistic_regression,5,68849,6400,5,8,d53c22dd7c1e22fc,9,success,coarse,6400,0,3.129805762320757
8,4.560594175942242,3,0.048430061899125576,7.185185185185185,2,logistic_regression,27,68849,6400,27,8,d53c22dd7c1e22fc,9,success,fine,6400,0,4.671372648328543
16,1.2777065485715866,3,0.03240224625915289,16.0,16,logistic_regression,5,68849,3200,5,16,d53c22dd7c1e22fc,10,success,coarse,3200,0,1.392583504319191
16,1.9146342249587178,3,0.052104651927948,14.185185185185185,2,logistic_regression,27,68849,3200,27,16,d53c22dd7c1e22fc,10,success,fine,3200,0,2.041801921091974
32,1.1333084730431437,3,0.03211136721074581,30.0,22,logistic_regression,5,68849,3200,5,32,d53c22dd7c1e22fc,10,success,coarse,3200,0,1.2628988670185208
32,2.0636839708313346,3,0.05540892481803894,25.0,2,logistic_regression,27,68849,3200,27,32,d53c22dd7c1e22fc,10,success,fine,3200,0,2.214268261566758
8,1.1833347491919994,3,0.03042071219533682,8.0,8,logistic_regression,5,68849,3200,5,8,d53c22dd7c1e22fc,10,success,coarse,3200,0,1.285407043993473
8,1.696955893188715,3,0.04924454353749752,7.2592592592592595,2,logistic_regression,27,68849,3200,27,8,d53c22dd7c1e22fc,10,success,fine,3200,0,1.8097089603543282
16,2.6259609321132302,3,0.029604649171233177,16.0,16,logistic_regression,5,68849,6400,5,16,d53c22dd7c1e22fc,10,success,coarse,6400,0,2.7366455821320415
16,4.5511573469266295,3,0.04927391279488802,14.333333333333334,3,logistic_regression,27,68849,6400,27,16,d53c22dd7c1e22fc,10,success,fine,6400,0,4.67483168374747
32,2.881731924600899,3,0.03245489485561848,31.8,31,logistic_regression,5,68849,6400,5,32,d53c22dd7c1e22fc,10,success,coarse,6400,0,3.020252762362361
32,4.276864276267588,3,0.04866490047425032,27.962962962962962,4,logistic_regression,27,68849,6400,27,32,d53c22dd7c1e22fc,10,success,fine,6400,0,4.418274867348373
8,2.77175919059664,3,0.03050309605896473,8.0,8,logistic_regression,5,68849,6400,5,8,d53c22dd7c1e22fc,10,success,coarse,6400,0,2.8712964355945587
8,4.53836013097316,3,0.0545237185433507,7.333333333333333,2,logistic_regression,27,68849,6400,27,8,d53c22dd7c1e22fc,10,success,fine,6400,0,4.665862067602575
16,1.270331577397883,3,0.030548453330993652,15.4,13,logistic_regression,5,68849,3200,5,16,d53c22dd7c1e22fc,11,success,coarse,3200,0,1.3793655140325427
16,2.3052451387047768,3,0.05394159164279699,13.592592592592593,1,logistic_regression,27,68849,3200,27,16,d53c22dd7c1e22fc,11,success,fine,3200,0,2.433502865023911
32,1.1402018386870623,3,0.0297301122918725,28.2,13,logistic_regression,5,68849,3200,5,32,d53c22dd7c1e22fc,11,success,coarse,3200,0,1.2674873480573297
32,2.545839455910027,3,0.05339494626969099,24.814814814814813,1,logistic_regression,27,68849,3200,27,32,d53c22dd7c1e22fc,11,success,fine,3200,0,2.693493826314807
8,1.1881794007495046,3,0.03231537435203791,8.0,8,logistic_regression,5,68849,3200,5,8,d53c22dd7c1e22fc,11,success,coarse,3200,0,1.2895374856889248
8,2.1921570636332035,3,0.05491877254098654,7.111111111111111,1,logistic_regression,27,68849,3200,27,8,d53c22dd7c1e22fc,11,success,fine,3200,0,2.314634538255632
16,2.6847433829680085,3,0.032846808433532715,16.0,16,logistic_regression,5,68849,6400,5,16,d53c22dd7c1e22fc,11,success,coarse,6400,0,2.7986042154952884
16,5.868665808811784,3,0.059684389270842075,14.074074074074074,1,logistic_regression,27,68849,6400,27,16,d53c22dd7c1e22fc,11,success,fine,6400,0,6.0135283106938004
32,2.726135485805571,3,0.030122273601591587,30.6,25,logistic_regression,5,68849,6400,5,32,d53c22dd7c1e22fc,11,success,coarse,6400,0,2.8521829918026924
32,5.161632216535509,3,0.054800462909042835,27.074074074074073,1,logistic_regression,27,68849,6400,27,32,d53c22dd7c1e22fc,11,success,fine,6400,0,5.313223051838577
8,2.528605442494154,3,0.03191536571830511,8.0,8,logistic_regression,5,68849,6400,5,8,d53c22dd7c1e22fc,11,success,coarse,6400,0,2.63180757407099
8,4.078369719907641,3,0.04871611576527357,7.222222222222222,1,logistic_regression,27,68849,6400,27,8,d53c22dd7c1e22fc,11,success,fine,6400,0,4.188800323754549
16,1.157257222570479,3,0.03226283099502325,15.8,15,logistic_regression,5,68849,3200,5,16,d53c22dd7c1e22fc,12,success,coarse,3200,0,1.2654017955064774
16,1.8210906982421875,3,0.051168075762689114,13.62962962962963,1,logistic_regression,27,68849,3200,27,16,d53c22dd7c1e22fc,12,success,fine,3200,0,1.9421150153502822
32,1.2900291122496128,3,0.03220752906054258,30.2,23,logistic_regression,5,68849,3200,5,32,d53c22dd7c1e22fc,12,success,coarse,3200,0,1.418307944200933
32,2.183344983495772,3,0.055478863418102264,24.962962962962962,3,logistic_regression,27,68849,3200,27,32,d53c22dd7c1e22fc,12,success,fine,3200,0,2.3354563526809216
8,1.2394589791074395,3,0.02944295946508646,7.8,7,logistic_regression,5,68849,3200,5,8,d53c22dd7c1e22fc,12,success,coarse,3200,0,1.3332713479176164
8,1.752090098336339,3,0.04903849959373474,6.814814814814815,1,logistic_regression,27,68849,3200,27,8,d53c22dd7c1e22fc,12,success,fine,3200,0,1.8631312334910035
16,2.6795535096898675,3,0.029222603887319565,15.8,15,logistic_regression,5,68849,6400,5,16,d53c22dd7c1e22fc,12,success,coarse,6400,0,2.784143513068557
16,4.066631943918765,3,0.051830584183335304,13.925925925925926,1,logistic_regression,27,68849,6400,27,16,d53c22dd7c1e22fc,12,success,fine,6400,0,4.195827266201377
32,2.9593352330848575,3,0.032662794925272465,31.8,31,logistic_regression,5,68849,6400,5,32,d53c22dd7c1e22fc,12,success,coarse,6400,0,3.0920501379296184
32,3.9820383498445153,3,0.049069665372371674,27.666666666666668,4,logistic_regression,27,68849,6400,27,32,d53c22dd7c1e22fc,12,success,fine,6400,0,4.12100229319185
8,2.6925345230847597,3,0.029969542287290096,7.8,7,logistic_regression,5,68849,6400,5,8,d53c22dd7c1e22fc,12,success,coarse,6400,0,2.7914364775642753
8,4.967555994167924,3,0.059569226577878,6.851851851851852,1,logistic_regression,27,68849,6400,27,8,d53c22dd7c1e22fc,12,success,fine,6400,0,5.100102113559842
16,1.0630367863923311,3,0.029832099564373493,15.2,12,logistic_regression,5,68849,3200,5,16,d53c22dd7c1e22fc,13,success,coarse,3200,0,1.1704062027856708
16,2.2462716102600098,3,0.05600740294903517,13.0,2,logistic_regression,27,68849,3200,27,16,d53c22dd7c1e22fc,13,success,fine,3200,0,2.3806330487132072
32,1.1298244753852487,3,0.029768764972686768,28.0,12,logistic_regression,5,68849,3200,5,32,d53c22dd7c1e22fc,13,success,coarse,3200,0,1.2535742530599236
32,1.8397880112752318,3,0.04935824032872915,23.037037037037038,2,logistic_regression,27,68849,3200,27,32,d53c22dd7c1e22fc,13,success,fine,3200,0,1.9784913305193186
8,1.2745774341747165,3,0.03178003616631031,8.0,8,logistic_regression,5,68849,3200,5,8,d53c22dd7c1e22fc,13,success,coarse,3200,0,1.3737650802358985
8,2.1984653724357486,3,0.05590145196765661,7.185185185185185,2,logistic_regression,27,68849,3200,27,8,d53c22dd7c1e22fc,13,success,fine,3200,0,2.3220091173425317
16,2.9283456690609455,3,0.03267663158476353,15.8,15,logistic_regression,5,68849,6400,5,16,d53c22dd7c1e22fc,13,success,coarse,6400,0,3.0477767530828714
16,4.505276704207063,3,0.05524938087910414,14.185185185185185,3,logistic_regression,27,68849,6400,27,16,d53c22dd7c1e22fc,13,success,fine,6400,0,4.6451957654207945
32,2.731435539200902,3,0.03002096712589264,30.4,24,logistic_regression,5,68849,6400,5,32,d53c22dd7c1e22fc,13,success,coarse,6400,0,2.8579441364854574
32,4.3369468934834,3,0.054566361010074615,25.59259259259259,3,logistic_regression,27,68849,6400,27,32,d53c22dd7c1e22fc,13,success,fine,6400,0,4.495275251567364
8,2.639985370449722,3,0.03352738544344902,8.0,8,logistic_regression,5,68849,6400,5,8,d53c22dd7c1e22fc,13,success,coarse,6400,0,2.7473460333421826
8,3.9000406255945563,3,0.05078805796802044,7.481481481481482,3,logistic_regression,27,68849,6400,27,8,d53c22dd7c1e22fc,13,success,fine,6400,0,4.016884330660105
16,1.203192861750722,3,0.032314661890268326,16.0,16,logistic_regression,5,68849,3200,5,16,d53c22dd7c1e22fc,14,success,coarse,3200,0,1.3164240596815944
16,2.1387399565428495,3,0.05326837580651045,14.037037037037036,1,logistic_regression,27,68849,3200,27,16,d53c22dd7c1e22fc,14,success,fine,3200,0,2.265405025333166
32,1.0240230094641447,3,0.03182374220341444,28.8,16,logistic_regression,5,68849,3200,5,32,d53c22dd7c1e22fc,14,success,coarse,3200,0,1.1525273602455854
32,3.0409077294170856,3,0.0560022983700037,25.444444444444443,1,logistic_regression,27,68849,3200,27,32,d53c22dd7c1e22fc,14,success,fine,3200,0,3.1957616545259953
8,1.1775306034833193,3,0.02989933453500271,8.0,8,logistic_regression,5,68849,3200,5,8,d53c22dd7c1e22fc,14,success,coarse,3200,0,1.2738288370892406
8,2.0760042490437627,3,0.0508638983592391,7.111111111111111,1,logistic_regression,27,68849,3200,27,8,d53c22dd7c1e22fc,14,success,fine,3200,0,2.193471041508019
16,2.6872217981144786,3,0.029638654552400112,16.0,16,logistic_regression,5,68849,6400,5,16,d53c22dd7c1e22fc,14,success,coarse,6400,0,2.7973186960443854
16,4.0703850938007236,3,0.04982565250247717,14.296296296296296,1,logistic_regression,27,68849,6400,27,16,d53c22dd7c1e22fc,14,success,fine,6400,0,4.197474296204746
32,2.914136207662523,3,0.032152620144188404,31.8,31,logistic_regression,5,68849,6400,5,32,d53c22dd7c1e22fc,14,success,coarse,6400,0,3.0474352901801467
32,4.251310075633228,3,0.05011590197682381,27.666666666666668,1,logistic_regression,27,68849,6400,27,32,d53c22dd7c1e22fc,14,success,fine,6400,0,4.393368015997112
8,2.750859602354467,3,0.02988002635538578,8.0,8,logistic_regression,5,68849,6400,5,8,d53c22dd7c1e22fc,14,success,coarse,6400,0,2.8511258298531175
8,5.699003507383168,3,0.05486925784498453,7.148148148148148,1,logistic_regression,27,68849,6400,27,8,d53c22dd7c1e22fc,14,success,fine,6400,0,5.824431139044464
16,1.1725757401436567,3,0.029623721726238728,15.6,14,logistic_regression,5,68849,3200,5,16,d53c22dd7c1e22fc,15,success,coarse,3200,0,1.2797901825979352
16,2.9977596923708916,3,0.05413600895553827,14.0,2,logistic_regression,27,68849,3200,27,16,d53c22dd7c1e22fc,15,success,fine,3200,0,3.129837030544877
32,1.1397924153134227,3,0.02972743660211563,28.4,14,logistic_regression,5,68849,3200,5,32,d53c22dd7c1e22fc,15,success,coarse,3200,0,1.2651584511622787
32,2.153766244649887,3,0.04950489569455385,25.37037037037037,2,logistic_regression,27,68849,3200,27,32,d53c22dd7c1e22fc,15,success,fine,3200,0,2.293615110218525
8,1.192847547121346,3,0.03119188267737627,8.0,8,logistic_regression,5,68849,3200,5,8,d53c22dd7c1e22fc,15,success,coarse,3200,0,1.2938111266121268
8,2.8720174748450518,3,0.05371358059346676,7.222222222222222,1,logistic_regression,27,68849,3200,27,8,d53c22dd7c1e22fc,15,success,fine,3200,0,2.992870820686221
16,2.9389501437544823,3,0.03191972803324461,16.0,16,logistic_regression,5,68849,6400,5,16,d53c22dd7c1e22fc,15,success,coarse,6400,0,3.053489649668336
16,5.886959748342633,3,0.05581581313163042,14.37037037037037,2,logistic_regression,27,68849,6400,27,16,d53c22dd7c1e22fc,15,success,fine,6400,0,6.024665284901857
32,2.724479387514293,3,0.02960275299847126,30.8,26,logistic_regression,5,68849,6400,5,32,d53c22dd7c1e22fc,15,success,coarse,6400,0,2.8507470171898603
32,5.27267000824213,3,0.05533322039991617,27.77777777777778,2,logistic_regression,27,68849,6400,27,32,d53c22dd7c1e22fc,15,success,fine,6400,0,5.426243728026748
8,2.363016152754426,3,0.0330007653683424,8.0,8,logistic_regression,5,68849,6400,5,8,d53c22dd7c1e22fc,15,success,coarse,6400,0,2.4693226888775826
8,4.395585925318301,3,0.049173399806022644,7.296296296296297,1,logistic_regression,27,68849,6400,27,8,d53c22dd7c1e22fc,15,success,fine,6400,0,4.509334460832179
16,1.2027854872867465,3,0.0320421801880002,15.0,11,logistic_regression,5,68849,3200,5,16,d53c22dd7c1e22fc,16,success,coarse,3200,0,1.3151348000392318
16,2.3340242989361286,3,0.04501801170408726,14.73076923076923,10,logistic_regression,27,68849,3200,26,16,d53c22dd7c1e22fc,16,success,fine,3200,1,2.451830350793898
32,1.2543889814987779,3,0.03192439116537571,27.8,11,logistic_regression,5,68849,3200,5,32,d53c22dd7c1e22fc,16,success,coarse,3200,0,1.382515869103372
32,2.489587009884417,3,0.05441220570355654,26.384615384615383,10,logistic_regression,27,68849,3200,26,32,d53c22dd7c1e22fc,16,success,fine,3200,1,2.644217752851546
8,1.2318232795223594,3,0.029824739322066307,8.0,8,logistic_regression,5,68849,3200,5,8,d53c22dd7c1e22fc,16,success,coarse,3200,0,1.3315828628838062
8,1.9954480258747935,3,0.045204609632492065,7.5,5,logistic_regression,27,68849,3200,26,8,d53c22dd7c1e22fc,16,success,fine,3200,1,2.104585073888302
16,2.678182098083198,3,0.030075224116444588,15.8,15,logistic_regression,5,68849,6400,5,16,d53c22dd7c1e22fc,16,success,coarse,6400,0,2.792268575169146
16,4.060656601563096,3,0.04487140662968159,15.038461538461538,11,logistic_regression,27,68849,6400,26,16,d53c22dd7c1e22fc,16,success,fine,6400,1,4.183255190961063
32,2.676035243086517,3,0.03212788142263889,29.8,21,logistic_regression,5,68849,6400,5,32,d53c22dd7c1e22fc,16,success,coarse,6400,0,2.8110055616125464
32,3.8555236337706447,3,0.04531737416982651,29.26923076923077,19,logistic_regression,27,68849,6400,26,32,d53c22dd7c1e22fc,16,success,fine,6400,1,3.991994481533766
8,2.7451368244364858,3,0.0300702303647995,8.0,8,logistic_regression,5,68849,6400,5,8,d53c22dd7c1e22fc,16,success,coarse,6400,0,2.8443659534677863
8,4.488663178868592,3,0.05458612460643053,7.5,5,logistic_regression,27,68849,6400,26,8,d53c22dd7c1e22fc,16,success,fine,6400,1,4.616411537863314
16,1.1509474804624915,3,0.03052273578941822,14.6,9,logistic_regression,5,68849,3200,5,16,d53c22dd7c1e22fc,17,success,coarse,3200,0,1.2591914543882012
16,2.4655488403514028,3,0.056147826835513115,13.518518518518519,1,logistic_regression,27,68849,3200,27,16,d53c22dd7c1e22fc,17,success,fine,3200,0,2.6000789469107985
32,1.1486445488408208,3,0.03053899947553873,27.4,9,logistic_regression,5,68849,3200,5,32,d53c22dd7c1e22fc,17,success,coarse,3200,0,1.2797890109941363
32,2.2972997575998306,3,0.04861006513237953,25.444444444444443,1,logistic_regression,27,68849,3200,27,32,d53c22dd7c1e22fc,17,success,fine,3200,0,2.434258919209242
8,1.2346990341320634,3,0.03208302054554224,7.8,7,logistic_regression,5,68849,3200,5,8,d53c22dd7c1e22fc,17,success,coarse,3200,0,1.3369181798771024
8,2.835247906856239,3,0.054836501367390156,7.0,1,logistic_regression,27,68849,3200,27,8,d53c22dd7c1e22fc,17,success,fine,3200,0,2.962026424705982
16,2.3355244863778353,3,0.03189042769372463,15.8,15,logistic_regression,5,68849,6400,5,16,d53c22dd7c1e22fc,17,success,coarse,6400,0,2.4460574369877577
16,5.167347869835794,3,0.053910513408482075,13.962962962962964,1,logistic_regression,27,68849,6400,27,16,d53c22dd7c1e22fc,17,success,fine,6400,0,5.2978722136467695
32,2.182460875250399,3,0.0294509120285511,29.0,17,logistic_regression,5,68849,6400,5,32,d53c22dd7c1e22fc,17,success,coarse,6400,0,2.3106688112020493
32,4.950531225651503,3,0.05533285066485405,27.296296296296298,1,logistic_regression,27,68849,6400,27,32,d53c22dd7c1e22fc,17,success,fine,6400,0,5.103370876982808
8,2.6015011062845588,3,0.03246160503476858,7.8,7,logistic_regression,5,68849,6400,5,8,d53c22dd7c1e22fc,17,success,coarse,6400,0,2.705805180594325
8,5.2095083417370915,3,0.04929240234196186,7.074074074074074,1,logistic_regression,27,68849,6400,27,8,d53c22dd7c1e22fc,17,success,fine,6400,0,5.3255666783079505
16,1.2749480390921235,3,0.032779998145997524,15.2,12,logistic_regression,5,68849,3200,5,16,d53c22dd7c1e22fc,18,success,coarse,3200,0,1.388696476817131
16,2.1715422505512834,3,0.04981145169585943,12.62962962962963,1,logistic_regression,27,68849,3200,27,16,d53c22dd7c1e22fc,18,success,fine,3200,0,2.293295635841787
32,1.4325234331190586,3,0.03210374712944031,28.0,12,logistic_regression,5,68849,3200,5,32,d53c22dd7c1e22fc,18,success,coarse,3200,0,1.5632871575653553
32,2.188039483502507,3,0.055022832937538624,22.703703703703702,1,logistic_regression,27,68849,3200,27,32,d53c22dd7c1e22fc,18,success,fine,3200,0,2.3429001290351152
8,1.0889259725809097,3,0.03021120186895132,8.0,8,logistic_regression,5,68849,3200,5,8,d53c22dd7c1e22fc,18,success,coarse,3200,0,1.1828658431768417
8,2.1020343229174614,3,0.05138364154845476,6.814814814814815,1,logistic_regression,27,68849,3200,27,8,d53c22dd7c1e22fc,18,success,fine,3200,0,2.2192205982282758
16,2.74343328922987,3,0.029820642434060574,16.0,16,logistic_regression,5,68849,6400,5,16,d53c22dd7c1e22fc,18,success,coarse,6400,0,2.851950271986425
16,4.04841582942754,3,0.050766884349286556,13.592592592592593,1,logistic_regression,27,68849,6400,27,16,d53c22dd7c1e22fc,18,success,fine,6400,0,4.174595034681261
32,2.892969211563468,3,0.032056234776973724,30.2,23,logistic_regression,5,68849,6400,5,32,d53c22dd7c1e22fc,18,success,coarse,6400,0,3.024992611259222
32,4.192939263768494,3,0.04895037040114403,25.074074074074073,1,logistic_regression,27,68849,6400,27,32,d53c22dd7c1e22fc,18,success,fine,6400,0,4.330497309565544
8,2.5355058293789625,3,0.029318473301827908,8.0,8,logistic_regression,5,68849,6400,5,8,d53c22dd7c1e22fc,18,success,coarse,6400,0,2.6335231103003025
8,5.076208733953536,3,0.05550397466868162,7.111111111111111,1,logistic_regression,27,68849,6400,27,8,d53c22dd7c1e22fc,18,success,fine,6400,0,5.201217969879508
16,1.141455109231174,3,0.03036870900541544,15.0,11,logistic_regression,5,68849,3200,5,16,d53c22dd7c1e22fc,19,success,coarse,3200,0,1.2486322680488229
16,2.0155313797295094,3,0.05525930877774954,13.185185185185185,1,logistic_regression,27,68849,3200,27,16,d53c22dd7c1e22fc,19,success,fine,3200,0,2.1484302282333374
32,1.1827488113194704,3,0.029718785546720028,27.8,11,logistic_regression,5,68849,3200,5,32,d53c22dd7c1e22fc,19,success,coarse,3200,0,1.3068139888346195
32,1.963920078240335,3,0.04969730880111456,23.296296296296298,1,logistic_regression,27,68849,3200,27,32,d53c22dd7c1e22fc,19,success,fine,3200,0,2.104590715840459
8,1.3309674179181457,3,0.03204283118247986,8.0,8,logistic_regression,5,68849,3200,5,8,d53c22dd7c1e22fc,19,success,coarse,3200,0,1.431727166287601
8,1.8445976227521896,3,0.05522485263645649,7.074074074074074,1,logistic_regression,27,68849,3200,27,8,d53c22dd7c1e22fc,19,success,fine,3200,0,1.967726862989366
16,2.7308563636615872,3,0.03199094533920288,16.0,16,logistic_regression,5,68849,6400,5,16,d53c22dd7c1e22fc,19,success,coarse,6400,0,2.8487654151394963
16,4.092705613933504,3,0.05417965166270733,14.25925925925926,1,logistic_regression,27,68849,6400,27,16,d53c22dd7c1e22fc,19,success,fine,6400,0,4.230606622993946
32,2.756310715340078,3,0.030827192589640617,29.8,21,logistic_regression,5,68849,6400,5,32,d53c22dd7c1e22fc,19,success,coarse,6400,0,2.882603426463902
32,4.592205652967095,3,0.05528742354363203,25.962962962962962,1,logistic_regression,27,68849,6400,27,32,d53c22dd7c1e22fc,19,success,fine,6400,0,4.746661989018321
8,2.9129512310028076,3,0.03267861530184746,8.0,8,logistic_regression,5,68849,6400,5,8,d53c22dd7c1e22fc,19,success,coarse,6400,0,3.014891413040459
8,3.983585575595498,3,0.053903416730463505,7.148148148148148,1,logistic_regression,27,68849,6400,27,8,d53c22dd7c1e22fc,19,success,fine,6400,0,4.102270821109414
16,1.322439326904714,4,0.0331645580008626,16.0,16,logistic_regression,5,71343,3200,5,16,d53c22dd7c1e22fc,0,success,coarse,3200,0,1.4357234202325344
16,2.496996747329831,4,0.05196832399815321,14.074074074074074,1,logistic_regression,27,71343,3200,27,16,d53c22dd7c1e22fc,0,success,fine,3200,0,2.621505624614656
32,1.0866212882101536,4,0.03257262706756592,28.8,16,logistic_regression,5,71343,3200,5,32,d53c22dd7c1e22fc,0,success,coarse,3200,0,1.2149966536089778
32,2.56068155169487,4,0.05393725819885731,25.333333333333332,1,logistic_regression,27,71343,3200,27,32,d53c22dd7c1e22fc,0,success,fine,3200,0,2.711281263269484
8,1.1972544733434916,4,0.03139467351138592,8.0,8,logistic_regression,5,71343,3200,5,8,d53c22dd7c1e22fc,0,success,coarse,3200,0,1.3002236559987068
8,2.552021712064743,4,0.05041529797017574,7.111111111111111,1,logistic_regression,27,71343,3200,27,8,d53c22dd7c1e22fc,0,success,fine,3200,0,2.6676732124760747
16,2.642981018871069,4,0.03032415732741356,16.0,16,logistic_regression,5,71343,6400,5,16,d53c22dd7c1e22fc,0,success,coarse,6400,0,2.7569080609828234
16,4.8068810338154435,4,0.05176686216145754,14.37037037037037,1,logistic_regression,27,71343,6400,27,16,d53c22dd7c1e22fc,0,success,fine,6400,0,4.938321231864393
32,2.7834324445575476,4,0.0354908537119627,31.6,30,logistic_regression,5,71343,6400,5,32,d53c22dd7c1e22fc,0,success,coarse,6400,0,2.9270375901833177
32,4.326917225494981,4,0.051581524312496185,27.37037037037037,1,logistic_regression,27,71343,6400,27,32,d53c22dd7c1e22fc,0,success,fine,6400,0,4.469150702469051
8,2.5487939808517694,4,0.03200650308281183,8.0,8,logistic_regression,5,71343,6400,5,8,d53c22dd7c1e22fc,0,success,coarse,6400,0,2.6558710858225822
8,5.332325026392937,4,0.054816427640616894,7.148148148148148,1,logistic_regression,27,71343,6400,27,8,d53c22dd7c1e22fc,0,success,fine,6400,0,5.456502213142812
16,1.2122160904109478,4,0.030591988936066628,15.8,15,logistic_regression,5,71343,3200,5,16,d53c22dd7c1e22fc,1,success,coarse,3200,0,1.3198712961748242
16,2.7845885204151273,4,0.060469865798950195,13.666666666666666,1,logistic_regression,27,71343,3200,27,16,d53c22dd7c1e22fc,1,success,fine,3200,0,2.9248693799600005
32,1.3249837551265955,4,0.032876092940568924,29.2,18,logistic_regression,5,71343,3200,5,32,d53c22dd7c1e22fc,1,success,coarse,3200,0,1.455673648044467
32,2.068386934697628,4,0.05122849810868502,25.59259259259259,1,logistic_regression,27,71343,3200,27,32,d53c22dd7c1e22fc,1,success,fine,3200,0,2.215207142755389
8,1.3495340244844556,4,0.03264475520700216,8.0,8,logistic_regression,5,71343,3200,5,8,d53c22dd7c1e22fc,1,success,coarse,3200,0,1.4538494301959872
8,2.847524084150791,4,0.05637586861848831,7.148148148148148,1,logistic_regression,27,71343,3200,27,8,d53c22dd7c1e22fc,1,success,fine,3200,0,2.9725301787257195
16,2.8890463626012206,4,0.032749833539128304,15.8,15,logistic_regression,5,71343,6400,5,16,d53c22dd7c1e22fc,1,success,coarse,6400,0,3.0037864334881306
16,4.920981368981302,4,0.05926520377397537,13.88888888888889,1,logistic_regression,27,71343,6400,27,16,d53c22dd7c1e22fc,1,success,fine,6400,0,5.064348386600614
32,2.5682976581156254,4,0.030325625091791153,31.6,30,logistic_regression,5,71343,6400,5,32,d53c22dd7c1e22fc,1,success,coarse,6400,0,2.6953746331855655
32,4.156461474485695,4,0.05903081130236387,27.48148148148148,1,logistic_regression,27,71343,6400,27,32,d53c22dd7c1e22fc,1,success,fine,6400,0,4.3120521092787385
8,2.6774096013978124,4,0.03337713051587343,8.0,8,logistic_regression,5,71343,6400,5,8,d53c22dd7c1e22fc,1,success,coarse,6400,0,2.7824010103940964
8,4.952015177346766,4,0.04970311000943184,7.185185185185185,1,logistic_regression,27,71343,6400,27,8,d53c22dd7c1e22fc,1,success,fine,6400,0,5.066955220885575
16,1.08058709371835,4,0.03290745057165623,15.0,11,logistic_regression,5,71343,3200,5,16,d53c22dd7c1e22fc,2,success,coarse,3200,0,1.192380154505372
16,1.8444075975567102,4,0.04992178361862898,12.851851851851851,1,logistic_regression,27,71343,3200,27,16,d53c22dd7c1e22fc,2,success,fine,3200,0,1.965535436756909
32,1.1651629069820046,4,0.03312921430915594,27.8,11,logistic_regression,5,71343,3200,5,32,d53c22dd7c1e22fc,2,success,coarse,3200,0,1.296092415228486
32,2.228136770427227,4,0.054847488179802895,23.11111111111111,1,logistic_regression,27,71343,3200,27,32,d53c22dd7c1e22fc,2,success,fine,3200,0,2.3816420417279005
8,1.3113805437460542,4,0.030525040812790394,7.6,6,logistic_regression,5,71343,3200,5,8,d53c22dd7c1e22fc,2,success,coarse,3200,0,1.4115578131750226
8,2.4198381919413805,4,0.050813401117920876,6.777777777777778,1,logistic_regression,27,71343,3200,27,8,d53c22dd7c1e22fc,2,success,fine,3200,0,2.5331045296043158
16,2.685730160214007,4,0.030586264096200466,15.6,14,logistic_regression,5,71343,6400,5,16,d53c22dd7c1e22fc,2,success,coarse,6400,0,2.7945645209401846
16,4.073520524427295,4,0.05038135685026646,13.703703703703704,1,logistic_regression,27,71343,6400,27,16,d53c22dd7c1e22fc,2,success,fine,6400,0,4.199282804504037
32,2.343534778803587,4,0.03300026059150696,29.8,21,logistic_regression,5,71343,6400,5,32,d53c22dd7c1e22fc,2,success,coarse,6400,0,2.4759505968540907
32,4.308018724434078,4,0.05037115886807442,25.555555555555557,1,logistic_regression,27,71343,6400,27,32,d53c22dd7c1e22fc,2,success,fine,6400,0,4.449408145621419
8,2.5594704281538725,4,0.0306685883551836,7.6,6,logistic_regression,5,71343,6400,5,8,d53c22dd7c1e22fc,2,success,coarse,6400,0,2.659061873331666
8,4.506865167059004,4,0.05512582417577505,6.851851851851852,1,logistic_regression,27,71343,6400,27,8,d53c22dd7c1e22fc,2,success,fine,6400,0,4.62728417199105
16,1.107276144437492,4,0.03129419032484293,15.0,11,logistic_regression,5,71343,3200,5,16,d53c22dd7c1e22fc,3,success,coarse,3200,0,1.2168384352698922
16,2.010838447138667,4,0.04960901662707329,14.115384615384615,3,logistic_regression,27,71343,3200,26,16,d53c22dd7c1e22fc,3,success,fine,3200,1,2.1367563707754016
32,0.9998076586052775,4,0.03165290970355272,27.8,11,logistic_regression,5,71343,3200,5,32,d53c22dd7c1e22fc,3,success,coarse,3200,0,1.1268733330070972
32,1.8414289876818657,4,0.04743623360991478,25.692307692307693,3,logistic_regression,27,71343,3200,26,32,d53c22dd7c1e22fc,3,success,fine,3200,1,1.9782574065029621
8,1.2079381868243217,4,0.0354278851300478,8.0,8,logistic_regression,5,71343,3200,5,8,d53c22dd7c1e22fc,3,success,coarse,3200,0,1.316507138311863
8,2.2669092332944274,4,0.05291849281638861,7.384615384615385,3,logistic_regression,27,71343,3200,26,8,d53c22dd7c1e22fc,3,success,fine,3200,1,2.3883287319913507
16,2.86345771048218,4,0.03240273427218199,15.8,15,logistic_regression,5,71343,6400,5,16,d53c22dd7c1e22fc,3,success,coarse,6400,0,2.9765747040510178
16,4.582303944975138,4,0.052879136987030506,14.692307692307692,5,logistic_regression,27,71343,6400,26,16,d53c22dd7c1e22fc,3,success,fine,6400,1,4.717429457232356
32,2.5226296093314886,4,0.030398827977478504,29.6,20,logistic_regression,5,71343,6400,5,32,d53c22dd7c1e22fc,3,success,coarse,6400,0,2.649021993391216
32,3.9857182446867228,4,0.05300614982843399,27.923076923076923,5,logistic_regression,27,71343,6400,26,32,d53c22dd7c1e22fc,3,success,fine,6400,1,4.139746678061783
8,2.694806241430342,4,0.03346461337059736,8.0,8,logistic_regression,5,71343,6400,5,8,d53c22dd7c1e22fc,3,success,coarse,6400,0,2.8008198803290725
8,4.590559364296496,4,0.04601690638810396,7.461538461538462,5,logistic_regression,27,71343,6400,26,8,d53c22dd7c1e22fc,3,success,fine,6400,1,4.701167942024767
16,1.1374346939846873,4,0.03266487177461386,14.8,10,logistic_regression,5,71343,3200,5,16,d53c22dd7c1e22fc,4,success,coarse,3200,0,1.2495603831484914
16,1.730252055451274,4,0.05590426083654165,12.555555555555555,1,logistic_regression,27,71343,3200,27,16,d53c22dd7c1e22fc,4,success,fine,3200,0,1.8631308898329735
32,1.354254074394703,4,0.032819793559610844,27.6,10,logistic_regression,5,71343,3200,5,32,d53c22dd7c1e22fc,4,success,coarse,3200,0,1.4851779602468014
32,1.9527774974703789,4,0.05652337148785591,21.703703703703702,1,logistic_regression,27,71343,3200,27,32,d53c22dd7c1e22fc,4,success,fine,3200,0,2.1068142307922244
8,1.0769478976726532,4,0.031084253452718258,7.8,7,logistic_regression,5,71343,3200,5,8,d53c22dd7c1e22fc,4,success,coarse,3200,0,1.174002030864358
8,1.776988921687007,4,0.051117269322276115,6.666666666666667,1,logistic_regression,27,71343,3200,27,8,d53c22dd7c1e22fc,4,success,fine,3200,0,1.8887664405629039
16,2.360364339314401,4,0.03083721548318863,15.8,15,logistic_regression,5,71343,6400,5,16,d53c22dd7c1e22fc,4,success,coarse,6400,0,2.471345637924969
16,4.304506571032107,4,0.05560242384672165,13.592592592592593,1,logistic_regression,27,71343,6400,27,16,d53c22dd7c1e22fc,4,success,fine,6400,0,4.438843791373074
32,2.3960232017561793,4,0.03279091510921717,29.4,19,logistic_regression,5,71343,6400,5,32,d53c22dd7c1e22fc,4,success,coarse,6400,0,2.5260524014011025
32,4.619510342366993,4,0.051955459639430046,24.59259259259259,1,logistic_regression,27,71343,6400,27,32,d53c22dd7c1e22fc,4,success,fine,6400,0,4.761018555611372
8,2.1281355433166027,4,0.03053253050893545,7.8,7,logistic_regression,5,71343,6400,5,8,d53c22dd7c1e22fc,4,success,coarse,6400,0,2.2238429971039295
8,4.755421554669738,4,0.054191332310438156,6.814814814814815,1,logistic_regression,27,71343,6400,27,8,d53c22dd7c1e22fc,4,success,fine,6400,0,4.877712203189731
16,1.1621337039396167,4,0.0309746116399765,15.0,11,logistic_regression,5,71343,3200,5,16,d53c22dd7c1e22fc,5,success,coarse,3200,0,1.270526820793748
16,2.1758779399096966,4,0.05536494683474302,13.37037037037037,1,logistic_regression,27,71343,3200,27,16,d53c22dd7c1e22fc,5,success,fine,3200,0,2.3127556573599577
32,1.0677252616733313,4,0.03133499901741743,27.8,11,logistic_regression,5,71343,3200,5,32,d53c22dd7c1e22fc,5,success,coarse,3200,0,1.1973431902006269
32,1.9813244687393308,4,0.050416759215295315,24.703703703703702,1,logistic_regression,27,71343,3200,27,32,d53c22dd7c1e22fc,5,success,fine,3200,0,2.1220458075404167
8,0.9282732829451561,4,0.033070885576307774,7.8,7,logistic_regression,5,71343,3200,5,8,d53c22dd7c1e22fc,5,success,coarse,3200,0,1.0325707327574492
8,1.622966748662293,4,0.05622935947030783,6.777777777777778,1,logistic_regression,27,71343,3200,27,8,d53c22dd7c1e22fc,5,success,fine,3200,0,1.7479014424607158
16,2.8062415663152933,4,0.033509913831949234,15.6,14,logistic_regression,5,71343,6400,5,16,d53c22dd7c1e22fc,5,success,coarse,6400,0,2.922757818363607
16,4.754215979017317,4,0.05640383530408144,13.777777777777779,1,logistic_regression,27,71343,6400,27,16,d53c22dd7c1e22fc,5,success,fine,6400,0,4.8947166837751865
32,2.244505751878023,4,0.031055252999067307,29.6,20,logistic_regression,5,71343,6400,5,32,d53c22dd7c1e22fc,5,success,coarse,6400,0,2.377470233477652
32,4.9923155680298805,4,0.05655315611511469,27.074074074074073,1,logistic_regression,27,71343,6400,27,32,d53c22dd7c1e22fc,5,success,fine,6400,0,5.149106471799314
8,2.1512216152623296,4,0.03287446964532137,7.8,7,logistic_regression,5,71343,6400,5,8,d53c22dd7c1e22fc,5,success,coarse,6400,0,2.254776706919074
8,3.736383761279285,4,0.05082641262561083,6.814814814814815,1,logistic_regression,27,71343,6400,27,8,d53c22dd7c1e22fc,5,success,fine,6400,0,3.850870127789676
16,1.2112790504470468,4,0.033479250967502594,15.4,13,logistic_regression,5,71343,3200,5,16,d53c22dd7c1e22fc,6,success,coarse,3200,0,1.3316043363884091
16,2.0522039867937565,4,0.04988709185272455,14.11111111111111,1,logistic_regression,27,71343,3200,27,16,d53c22dd7c1e22fc,6,success,fine,3200,0,2.1749592535197735
32,1.1497709276154637,4,0.033699359744787216,28.2,13,logistic_regression,5,71343,3200,5,32,d53c22dd7c1e22fc,6,success,coarse,3200,0,1.2797794714570045
32,2.275002533569932,4,0.05692710354924202,25.51851851851852,1,logistic_regression,27,71343,3200,27,32,d53c22dd7c1e22fc,6,success,fine,3200,0,2.4299601018428802
8,1.0727162575349212,4,0.030516861006617546,8.0,8,logistic_regression,5,71343,3200,5,8,d53c22dd7c1e22fc,6,success,coarse,3200,0,1.1712382081896067
8,1.726194079965353,4,0.05188360810279846,7.37037037037037,1,logistic_regression,27,71343,3200,27,8,d53c22dd7c1e22fc,6,success,fine,3200,0,1.84120605699718
16,2.6966784931719303,4,0.030999339185655117,15.8,15,logistic_regression,5,71343,6400,5,16,d53c22dd7c1e22fc,6,success,coarse,6400,0,2.807602306827903
16,4.350977722555399,4,0.05165232624858618,14.555555555555555,1,logistic_regression,27,71343,6400,27,16,d53c22dd7c1e22fc,6,success,fine,6400,0,4.478145265951753
32,2.7624760810285807,4,0.03241706266999245,30.6,25,logistic_regression,5,71343,6400,5,32,d53c22dd7c1e22fc,6,success,coarse,6400,0,2.8946830620989203
32,4.1224907878786325,4,0.051012540236115456,27.925925925925927,1,logistic_regression,27,71343,6400,27,32,d53c22dd7c1e22fc,6,success,fine,6400,0,4.2646955866366625
8,2.2905915323644876,4,0.030320369638502598,8.0,8,logistic_regression,5,71343,6400,5,8,d53c22dd7c1e22fc,6,success,coarse,6400,0,2.3911998234689236
8,4.0602714559063315,4,0.05608481075614691,7.37037037037037,1,logistic_regression,27,71343,6400,27,8,d53c22dd7c1e22fc,6,success,fine,6400,0,4.186401128768921
16,1.2165570501238108,4,0.03163154888898134,15.0,11,logistic_regression,5,71343,3200,5,16,d53c22dd7c1e22fc,7,success,coarse,3200,0,1.3295655995607376
16,2.2016789317131042,4,0.0563946682959795,13.666666666666666,1,logistic_regression,27,71343,3200,27,16,d53c22dd7c1e22fc,7,success,fine,3200,0,2.335675770416856
32,1.3040714347735047,4,0.03148332051932812,27.8,11,logistic_regression,5,71343,3200,5,32,d53c22dd7c1e22fc,7,success,coarse,3200,0,1.4390034256502986
32,1.9476576754823327,4,0.0569743812084198,24.666666666666668,1,logistic_regression,27,71343,3200,27,32,d53c22dd7c1e22fc,7,success,fine,3200,0,2.0996306044980884
8,1.3042267337441444,4,0.032776896841824055,8.0,8,logistic_regression,5,71343,3200,5,8,d53c22dd7c1e22fc,7,success,coarse,3200,0,1.4091084115207195
8,2.254637597128749,4,0.055776266381144524,7.222222222222222,1,logistic_regression,27,71343,3200,27,8,d53c22dd7c1e22fc,7,success,fine,3200,0,2.381759381853044
16,2.6759969908744097,4,0.03222877345979214,15.8,15,logistic_regression,5,71343,6400,5,16,d53c22dd7c1e22fc,7,success,coarse,6400,0,2.79130922164768
16,5.093023797497153,4,0.05908710230141878,14.074074074074074,1,logistic_regression,27,71343,6400,27,16,d53c22dd7c1e22fc,7,success,fine,6400,0,5.2415205435827374
32,2.304762744344771,4,0.031491996720433235,29.8,21,logistic_regression,5,71343,6400,5,32,d53c22dd7c1e22fc,7,success,coarse,6400,0,2.431541074067354
32,4.8602393893525,4,0.05789354909211397,27.037037037037038,1,logistic_regression,27,71343,6400,27,32,d53c22dd7c1e22fc,7,success,fine,6400,0,5.021976914256811
8,2.655643961392343,4,0.0325276218354702,8.0,8,logistic_regression,5,71343,6400,5,8,d53c22dd7c1e22fc,7,success,coarse,6400,0,2.7617208752781153
8,4.667878591455519,4,0.049821462482213974,7.2592592592592595,1,logistic_regression,27,71343,6400,27,8,d53c22dd7c1e22fc,7,success,fine,6400,0,4.785681697539985
16,1.3693472696468234,4,0.0341943446546793,14.8,10,logistic_regression,5,71343,3200,5,16,d53c22dd7c1e22fc,8,success,coarse,3200,0,1.4871983109042048
16,2.2038456834852695,4,0.049429530277848244,12.407407407407407,1,logistic_regression,27,71343,3200,27,16,d53c22dd7c1e22fc,8,success,fine,3200,0,2.3231638120487332
32,1.160756854340434,4,0.032551041804254055,27.6,10,logistic_regression,5,71343,3200,5,32,d53c22dd7c1e22fc,8,success,coarse,3200,0,1.2901815762743354
32,2.2990067349746823,4,0.056151313707232475,22.37037037037037,1,logistic_regression,27,71343,3200,27,32,d53c22dd7c1e22fc,8,success,fine,3200,0,2.4514018893241882
8,1.1090078195556998,4,0.030752873979508877,7.8,7,logistic_regression,5,71343,3200,5,8,d53c22dd7c1e22fc,8,success,coarse,3200,0,1.2098178705200553
8,1.8704091254621744,4,0.05136219412088394,6.814814814814815,1,logistic_regression,27,71343,3200,27,8,d53c22dd7c1e22fc,8,success,fine,3200,0,1.988466146402061
16,2.5804747780784965,4,0.030717922374606133,15.6,14,logistic_regression,5,71343,6400,5,16,d53c22dd7c1e22fc,8,success,coarse,6400,0,2.6907884124666452
16,4.25033035222441,4,0.04999048914760351,13.407407407407407,1,logistic_regression,27,71343,6400,27,16,d53c22dd7c1e22fc,8,success,fine,6400,0,4.375956605188549
32,2.79556639585644,4,0.034568882547318935,29.4,19,logistic_regression,5,71343,6400,5,32,d53c22dd7c1e22fc,8,success,coarse,6400,0,2.936452016234398
32,4.1885939463973045,4,0.049092983826994896,24.555555555555557,1,logistic_regression,27,71343,6400,27,32,d53c22dd7c1e22fc,8,success,fine,6400,0,4.325245907530189
8,2.3862230526283383,4,0.031621078960597515,7.8,7,logistic_regression,5,71343,6400,5,8,d53c22dd7c1e22fc,8,success,coarse,6400,0,2.4896859815344214
8,4.495073225349188,4,0.05429124180227518,7.037037037037037,1,logistic_regression,27,71343,6400,27,8,d53c22dd7c1e22fc,8,success,fine,6400,0,4.616924190893769
16,1.023849245160818,4,0.030489588156342506,15.0,11,logistic_regression,5,71343,3200,5,16,d53c22dd7c1e22fc,9,success,coarse,3200,0,1.1289288885891438
16,1.8039080556482077,4,0.05659408774226904,12.37037037037037,1,logistic_regression,27,71343,3200,27,16,d53c22dd7c1e22fc,9,success,fine,3200,0,1.9341710871085525
32,1.234039919450879,4,0.031306919641792774,27.8,11,logistic_regression,5,71343,3200,5,32,d53c22dd7c1e22fc,9,success,coarse,3200,0,1.362032813951373
32,2.086239270865917,4,0.050119560211896896,22.11111111111111,1,logistic_regression,27,71343,3200,27,32,d53c22dd7c1e22fc,9,success,fine,3200,0,2.2261471850797534
8,1.0501657975837588,4,0.033177416771650314,8.0,8,logistic_regression,5,71343,3200,5,8,d53c22dd7c1e22fc,9,success,coarse,3200,0,1.1532464921474457
8,1.8202579012140632,4,0.05616781674325466,6.814814814814815,1,logistic_regression,27,71343,3200,27,8,d53c22dd7c1e22fc,9,success,fine,3200,0,1.9470738722011447
16,2.4226599987596273,4,0.032294624485075474,16.0,16,logistic_regression,5,71343,6400,5,16,d53c22dd7c1e22fc,9,success,coarse,6400,0,2.536259202286601
16,4.091699940152466,4,0.05354850832372904,13.407407407407407,1,logistic_regression,27,71343,6400,27,16,d53c22dd7c1e22fc,9,success,fine,6400,0,4.2246776195243
32,2.4343991056084633,4,0.031199879944324493,29.8,21,logistic_regression,5,71343,6400,5,32,d53c22dd7c1e22fc,9,success,coarse,6400,0,2.561692563816905
32,4.395215819589794,4,0.05291067901998758,24.59259259259259,1,logistic_regression,27,71343,6400,27,32,d53c22dd7c1e22fc,9,success,fine,6400,0,4.542835977859795
8,2.6829562736675143,4,0.033811322413384914,8.0,8,logistic_regression,5,71343,6400,5,8,d53c22dd7c1e22fc,9,success,coarse,6400,0,2.7836338095366955
8,4.094768384471536,4,0.05327046103775501,7.074074074074074,1,logistic_regression,27,71343,6400,27,8,d53c22dd7c1e22fc,9,success,fine,6400,0,4.215879906900227
16,1.269861194305122,4,0.03413481172174215,14.6,9,logistic_regression,5,71343,3200,5,16,d53c22dd7c1e22fc,10,success,coarse,3200,0,1.3839480020105839
16,1.9457089444622397,4,0.0494692986831069,13.148148148148149,1,logistic_regression,27,71343,3200,27,16,d53c22dd7c1e22fc,10,success,fine,3200,0,2.065984645858407
32,1.125287739560008,4,0.03294698055833578,27.4,9,logistic_regression,5,71343,3200,5,32,d53c22dd7c1e22fc,10,success,coarse,3200,0,1.2562522925436497
32,2.2648310139775276,4,0.05764137115329504,24.333333333333332,1,logistic_regression,27,71343,3200,27,32,d53c22dd7c1e22fc,10,success,fine,3200,0,2.4211508771404624
8,1.011703422293067,4,0.03132096864283085,7.6,6,logistic_regression,5,71343,3200,5,8,d53c22dd7c1e22fc,10,success,coarse,3200,0,1.1147555373609066
8,1.5295652700588107,4,0.05248241126537323,6.703703703703703,1,logistic_regression,27,71343,3200,27,8,d53c22dd7c1e22fc,10,success,fine,3200,0,1.6466484842821956
16,2.541716086678207,4,0.031187654472887516,15.6,14,logistic_regression,5,71343,6400,5,16,d53c22dd7c1e22fc,10,success,coarse,6400,0,2.6547836177051067
16,4.423594284802675,4,0.054340628907084465,13.74074074074074,1,logistic_regression,27,71343,6400,27,16,d53c22dd7c1e22fc,10,success,fine,6400,0,4.555798401124775
32,2.717121908441186,4,0.033746144734323025,28.8,16,logistic_regression,5,71343,6400,5,32,d53c22dd7c1e22fc,10,success,coarse,6400,0,2.851611434482038
32,4.137356701306999,4,0.04994215536862612,26.703703703703702,1,logistic_regression,27,71343,6400,27,32,d53c22dd7c1e22fc,10,success,fine,6400,0,4.277685982175171
8,1.9308320842683315,4,0.03045201674103737,7.6,6,logistic_regression,5,71343,6400,5,8,d53c22dd7c1e22fc,10,success,coarse,6400,0,2.0310887414962053
8,3.966032324358821,4,0.05826457217335701,6.7407407407407405,1,logistic_regression,27,71343,6400,27,8,d53c22dd7c1e22fc,10,success,fine,6400,0,4.0963162537664175
16,1.2944655576720834,4,0.030550350435078144,15.6,14,logistic_regression,5,71343,3200,5,16,d53c22dd7c1e22fc,11,success,coarse,3200,0,1.39950742572546
16,2.743001098744571,4,0.055568126030266285,14.0,1,logistic_regression,27,71343,3200,27,16,d53c22dd7c1e22fc,11,success,fine,3200,0,2.8752272250130773
32,1.1279762210324407,4,0.03290268033742905,29.4,19,logistic_regression,5,71343,3200,5,32,d53c22dd7c1e22fc,11,success,coarse,3200,0,1.2587767159566283
32,2.1097572343423963,4,0.051927221938967705,26.074074074074073,1,logistic_regression,27,71343,3200,27,32,d53c22dd7c1e22fc,11,success,fine,3200,0,2.2508667279034853
8,1.2749415803700686,4,0.032589130103588104,7.8,7,logistic_regression,5,71343,3200,5,8,d53c22dd7c1e22fc,11,success,coarse,3200,0,1.374791014008224
8,2.4177582440897822,4,0.05839935131371021,7.37037037037037,1,logistic_regression,27,71343,3200,27,8,d53c22dd7c1e22fc,11,success,fine,3200,0,2.5455726478248835
16,2.8822267334908247,4,0.03237197455018759,15.6,14,logistic_regression,5,71343,6400,5,16,d53c22dd7c1e22fc,11,success,coarse,6400,0,2.9954041773453355
16,5.0539705120027065,4,0.05765063315629959,14.25925925925926,1,logistic_regression,27,71343,6400,27,16,d53c22dd7c1e22fc,11,success,fine,6400,0,5.191424389369786
32,2.5986544573679566,4,0.030183530412614346,31.6,30,logistic_regression,5,71343,6400,5,32,d53c22dd7c1e22fc,11,success,coarse,6400,0,2.7233687099069357
32,4.192035677842796,4,0.05564100295305252,28.48148148148148,1,logistic_regression,27,71343,6400,27,32,d53c22dd7c1e22fc,11,success,fine,6400,0,4.343839797191322
8,2.727875355631113,4,0.03371150512248278,7.8,7,logistic_regression,5,71343,6400,5,8,d53c22dd7c1e22fc,11,success,coarse,6400,0,2.8350964225828648
8,4.382702085189521,4,0.05301436688750982,7.37037037037037,1,logistic_regression,27,71343,6400,27,8,d53c22dd7c1e22fc,11,success,fine,6400,0,4.5031121568754315
16,1.3078030170872808,4,0.03310416080057621,14.8,10,logistic_regression,5,71343,3200,5,16,d53c22dd7c1e22fc,12,success,coarse,3200,0,1.422145045362413
16,1.7779190661385655,4,0.04767562821507454,14.038461538461538,3,logistic_regression,27,71343,3200,26,16,d53c22dd7c1e22fc,12,success,fine,3200,1,1.9020592356100678
32,1.205955844372511,4,0.03336136136204004,27.6,10,logistic_regression,5,71343,3200,5,32,d53c22dd7c1e22fc,12,success,coarse,3200,0,1.3366001667454839
32,2.0448096115142107,4,0.05275348108261824,25.615384615384617,3,logistic_regression,27,71343,3200,26,32,d53c22dd7c1e22fc,12,success,fine,3200,1,2.1928573856130242
8,1.216968889348209,4,0.03181772865355015,7.8,7,logistic_regression,5,71343,3200,5,8,d53c22dd7c1e22fc,12,success,coarse,3200,0,1.3190015079453588
8,1.996265665628016,4,0.047503575682640076,7.1923076923076925,3,logistic_regression,27,71343,3200,26,8,d53c22dd7c1e22fc,12,success,fine,3200,1,2.1073959404602647
16,2.640504236333072,4,0.0309931468218565,15.8,15,logistic_regression,5,71343,6400,5,16,d53c22dd7c1e22fc,12,success,coarse,6400,0,2.750327435322106
16,3.755250772461295,4,0.046035198494791985,14.576923076923077,5,logistic_regression,27,71343,6400,26,16,d53c22dd7c1e22fc,12,success,fine,6400,1,3.8797403126955032
32,2.303157379850745,4,0.03287666477262974,29.2,18,logistic_regression,5,71343,6400,5,32,d53c22dd7c1e22fc,12,success,coarse,6400,0,2.4385798685252666
32,3.462024176493287,4,0.046029241755604744,27.884615384615383,5,logistic_regression,27,71343,6400,26,32,d53c22dd7c1e22fc,12,success,fine,6400,1,3.5978253381326795
8,2.5593422232195735,4,0.030818835832178593,7.8,7,logistic_regression,5,71343,6400,5,8,d53c22dd7c1e22fc,12,success,coarse,6400,0,2.6636915523558855
8,4.837032894603908,4,0.05159198399633169,7.269230769230769,5,logistic_regression,27,71343,6400,26,8,d53c22dd7c1e22fc,12,success,fine,6400,1,4.958402261137962
16,1.3233644841238856,4,0.030496088787913322,15.0,11,logistic_regression,5,71343,3200,5,16,d53c22dd7c1e22fc,13,success,coarse,3200,0,1.4322187630459666
16,1.8712644102051854,4,0.05207045376300812,14.115384615384615,3,logistic_regression,27,71343,3200,26,16,d53c22dd7c1e22fc,13,success,fine,3200,1,2.003282238729298
32,1.0681311320513487,4,0.031076887622475624,27.8,11,logistic_regression,5,71343,3200,5,32,d53c22dd7c1e22fc,13,success,coarse,3200,0,1.1955686453729868
32,1.6527987085282803,4,0.04884801525622606,24.692307692307693,3,logistic_regression,27,71343,3200,26,32,d53c22dd7c1e22fc,13,success,fine,3200,1,1.7963693924248219
8,1.1078320853412151,4,0.03279796242713928,7.8,7,logistic_regression,5,71343,3200,5,8,d53c22dd7c1e22fc,13,success,coarse,3200,0,1.2133802520111203
8,2.283432840369642,4,0.05082402937114239,7.269230769230769,3,logistic_regression,27,71343,3200,26,8,d53c22dd7c1e22fc,13,success,fine,3200,1,2.403634493239224
16,2.9099303176626563,4,0.03248047735542059,15.6,14,logistic_regression,5,71343,6400,5,16,d53c22dd7c1e22fc,13,success,coarse,6400,0,3.023750364780426
16,4.449563198722899,4,0.05408247373998165,14.538461538461538,5,logistic_regression,27,71343,6400,26,16,d53c22dd7c1e22fc,13,success,fine,6400,1,4.589188787154853
32,2.553866312839091,4,0.030714872293174267,29.6,20,logistic_regression,5,71343,6400,5,32,d53c22dd7c1e22fc,13,success,coarse,6400,0,2.6825775150209665
32,4.026256040669978,4,0.05166137497872114,28.115384615384617,5,logistic_regression,27,71343,6400,26,32,d53c22dd7c1e22fc,13,success,fine,6400,1,4.175202550366521
8,2.7347251307219267,4,0.032905759289860725,7.8,7,logistic_regression,5,71343,6400,5,8,d53c22dd7c1e22fc,13,success,coarse,6400,0,2.8410183489322662
8,4.584165880456567,4,0.04543474409729242,7.346153846153846,5,logistic_regression,27,71343,6400,26,8,d53c22dd7c1e22fc,13,success,fine,6400,1,4.694959024898708
16,1.1163204684853554,4,0.0330766998231411,14.6,9,logistic_regression,5,71343,3200,5,16,d53c22dd7c1e22fc,14,success,coarse,3200,0,1.2274944679811597
16,1.9856240516528487,4,0.0469054514542222,13.884615384615385,2,logistic_regression,27,71343,3200,26,16,d53c22dd7c1e22fc,14,success,fine,3200,1,2.1015726691111922
32,1.2223909171298146,4,0.033169194124639034,27.4,9,logistic_regression,5,71343,3200,5,32,d53c22dd7c1e22fc,14,success,coarse,3200,0,1.3533106418326497
32,2.454945215024054,4,0.051363046281039715,25.653846153846153,2,logistic_regression,27,71343,3200,26,32,d53c22dd7c1e22fc,14,success,fine,3200,1,2.6040691966190934
8,1.2169035002589226,4,0.030999607406556606,8.0,8,logistic_regression,5,71343,3200,5,8,d53c22dd7c1e22fc,14,success,coarse,3200,0,1.3157176347449422
8,2.1907820273190737,4,0.047159379348158836,7.076923076923077,2,logistic_regression,27,71343,3200,26,8,d53c22dd7c1e22fc,14,success,fine,3200,1,2.3015930578112602
16,2.5315374583005905,4,0.030755183659493923,15.8,15,logistic_regression,5,71343,6400,5,16,d53c22dd7c1e22fc,14,success,coarse,6400,0,2.6434352127835155
16,3.935757180675864,4,0.045972783118486404,14.384615384615385,3,logistic_regression,27,71343,6400,26,16,d53c22dd7c1e22fc,14,success,fine,6400,1,4.057078275829554
32,2.5729941511526704,4,0.03455400373786688,29.2,18,logistic_regression,5,71343,6400,5,32,d53c22dd7c1e22fc,14,success,coarse,6400,0,2.7085547829046845
32,3.8988270293921232,4,0.05081325117498636,27.73076923076923,3,logistic_regression,27,71343,6400,26,32,d53c22dd7c1e22fc,14,success,fine,6400,1,4.042779594659805
8,2.4753144215792418,4,0.030901314690709114,8.0,8,logistic_regression,5,71343,6400,5,8,d53c22dd7c1e22fc,14,success,coarse,6400,0,2.5758558297529817
8,4.908711562864482,4,0.04788721911609173,7.115384615384615,3,logistic_regression,27,71343,6400,26,8,d53c22dd7c1e22fc,14,success,fine,6400,1,5.024074197746813
16,1.2149868262931705,4,0.03133934084326029,16.0,16,logistic_regression,5,71343,3200,5,16,d53c22dd7c1e22fc,15,success,coarse,3200,0,1.322275492362678
16,1.9792887270450592,4,0.052389563992619514,14.11111111111111,1,logistic_regression,27,71343,3200,27,16,d53c22dd7c1e22fc,15,success,fine,3200,0,2.107874763198197
32,1.202378741465509,4,0.030619396828114986,29.2,18,logistic_regression,5,71343,3200,5,32,d53c22dd7c1e22fc,15,success,coarse,3200,0,1.3336194530129433
32,2.564944644458592,4,0.04998922720551491,25.40740740740741,1,logistic_regression,27,71343,3200,27,32,d53c22dd7c1e22fc,15,success,fine,3200,0,2.703528979793191
8,1.3191738035529852,4,0.03278027754276991,8.0,8,logistic_regression,5,71343,3200,5,8,d53c22dd7c1e22fc,15,success,coarse,3200,0,1.4234205661341548
8,2.477776332758367,4,0.05779521074146032,7.2592592592592595,1,logistic_regression,27,71343,3200,27,8,d53c22dd7c1e22fc,15,success,fine,3200,0,2.606509360484779
16,2.8034264743328094,4,0.032971118576824665,16.0,16,logistic_regression,5,71343,6400,5,16,d53c22dd7c1e22fc,15,success,coarse,6400,0,2.9208913957700133
16,4.775253883562982,4,0.05772782117128372,14.407407407407407,1,logistic_regression,27,71343,6400,27,16,d53c22dd7c1e22fc,15,success,fine,6400,0,4.918723380193114
32,2.513394528068602,4,0.030428367666900158,31.6,30,logistic_regression,5,71343,6400,5,32,d53c22dd7c1e22fc,15,success,coarse,6400,0,2.6393714174628258
32,4.4128102120012045,4,0.060043041594326496,27.59259259259259,1,logistic_regression,27,71343,6400,27,32,d53c22dd7c1e22fc,15,success,fine,6400,0,4.573153637349606
8,2.7773198466748,4,0.032510231249034405,8.0,8,logistic_regression,5,71343,6400,5,8,d53c22dd7c1e22fc,15,success,coarse,6400,0,2.8802103642374277
8,4.8973597614094615,4,0.049937992356717587,7.296296296296297,1,logistic_regression,27,71343,6400,27,8,d53c22dd7c1e22fc,15,success,fine,6400,0,5.0144873932003975
16,1.283621403388679,4,0.032692279666662216,15.2,12,logistic_regression,5,71343,3200,5,16,d53c22dd7c1e22fc,16,success,coarse,3200,0,1.3966329973191023
16,1.9753133533522487,4,0.04945146758109331,13.518518518518519,1,logistic_regression,27,71343,3200,27,16,d53c22dd7c1e22fc,16,success,fine,3200,0,2.0955887278541923
32,1.3271579397842288,4,0.03342793509364128,28.0,12,logistic_regression,5,71343,3200,5,32,d53c22dd7c1e22fc,16,success,coarse,3200,0,1.4622378190979362
32,2.2748710960149765,4,0.05807527247816324,24.444444444444443,1,logistic_regression,27,71343,3200,27,32,d53c22dd7c1e22fc,16,success,fine,3200,0,2.4318723930045962
8,0.9634299259632826,4,0.03134757839143276,7.8,7,logistic_regression,5,71343,3200,5,8,d53c22dd7c1e22fc,16,success,coarse,3200,0,1.0641005784273148
8,1.6479088682681322,4,0.05085704382508993,6.814814814814815,1,logistic_regression,27,71343,3200,27,8,d53c22dd7c1e22fc,16,success,fine,3200,0,1.7636372111737728
16,2.4568254305049777,4,0.032009090296924114,15.8,15,logistic_regression,5,71343,6400,5,16,d53c22dd7c1e22fc,16,success,coarse,6400,0,2.571006470359862
16,4.190459417179227,4,0.050654202699661255,14.037037037037036,1,logistic_regression,27,71343,6400,27,16,d53c22dd7c1e22fc,16,success,fine,6400,0,4.319746653549373
32,2.527385431341827,4,0.03479583468288183,30.0,22,logistic_regression,5,71343,6400,5,32,d53c22dd7c1e22fc,16,success,coarse,6400,0,2.669926761649549
32,3.808822085149586,4,0.050179935060441494,26.925925925925927,2,logistic_regression,27,71343,6400,27,32,d53c22dd7c1e22fc,16,success,fine,6400,0,3.9514251640066504
8,2.305447705090046,4,0.030201510526239872,7.8,7,logistic_regression,5,71343,6400,5,8,d53c22dd7c1e22fc,16,success,coarse,6400,0,2.402986858971417
8,3.8570971554145217,4,0.05468287132680416,6.851851851851852,1,logistic_regression,27,71343,6400,27,8,d53c22dd7c1e22fc,16,success,fine,6400,0,3.9798676185309887
16,1.0403652284294367,4,0.03190849628299475,14.8,10,logistic_regression,5,71343,3200,5,16,d53c22dd7c1e22fc,17,success,coarse,3200,0,1.151958323083818
16,2.154203237965703,4,0.056141581386327744,14.185185185185185,1,logistic_regression,27,71343,3200,27,16,d53c22dd7c1e22fc,17,success,fine,3200,0,2.2861732924357057
32,1.218258360400796,4,0.03148062061518431,27.6,10,logistic_regression,5,71343,3200,5,32,d53c22dd7c1e22fc,17,success,coarse,3200,0,1.346823452040553
32,2.082553111948073,4,0.05628099665045738,25.333333333333332,1,logistic_regression,27,71343,3200,27,32,d53c22dd7c1e22fc,17,success,fine,3200,0,2.234050188213587
8,1.2768049696460366,4,0.03263325057923794,7.8,7,logistic_regression,5,71343,3200,5,8,d53c22dd7c1e22fc,17,success,coarse,3200,0,1.3796347994357347
8,1.808455914258957,4,0.05863580200821161,7.296296296296297,1,logistic_regression,27,71343,3200,27,8,d53c22dd7c1e22fc,17,success,fine,3200,0,1.9384755296632648
16,2.887941529043019,4,0.03341865446418524,15.8,15,logistic_regression,5,71343,6400,5,16,d53c22dd7c1e22fc,17,success,coarse,6400,0,3.004931539297104
16,4.742687270976603,4,0.058174699544906616,14.74074074074074,2,logistic_regression,27,71343,6400,27,16,d53c22dd7c1e22fc,17,success,fine,6400,0,4.8838667422533035
32,2.515854425728321,4,0.030336790718138218,29.4,19,logistic_regression,5,71343,6400,5,32,d53c22dd7c1e22fc,17,success,coarse,6400,0,2.6422725431621075
32,4.523696926422417,4,0.05612147133797407,27.74074074074074,2,logistic_regression,27,71343,6400,27,32,d53c22dd7c1e22fc,17,success,fine,6400,0,4.680637092329562
8,2.7128356024622917,4,0.03342616185545921,7.8,7,logistic_regression,5,71343,6400,5,8,d53c22dd7c1e22fc,17,success,coarse,6400,0,2.818068189546466
8,3.873745338059962,4,0.05002554412931204,7.333333333333333,2,logistic_regression,27,71343,6400,27,8,d53c22dd7c1e22fc,17,success,fine,6400,0,3.9901697989553213
16,1.2171269049867988,4,0.03359999042004347,15.6,14,logistic_regression,5,71343,3200,5,16,d53c22dd7c1e22fc,18,success,coarse,3200,0,1.3316691564396024
16,2.1822876250371337,4,0.0495076784864068,13.703703703703704,1,logistic_regression,27,71343,3200,27,16,d53c22dd7c1e22fc,18,success,fine,3200,0,2.304036737419665
32,1.299755753017962,4,0.03290271107107401,28.6,15,logistic_regression,5,71343,3200,5,32,d53c22dd7c1e22fc,18,success,coarse,3200,0,1.4302886743098497
32,2.4068552246317267,4,0.05817507952451706,25.62962962962963,1,logistic_regression,27,71343,3200,27,32,d53c22dd7c1e22fc,18,success,fine,3200,0,2.563466723076999
8,1.23593838699162,4,0.030684035271406174,7.6,6,logistic_regression,5,71343,3200,5,8,d53c22dd7c1e22fc,18,success,coarse,3200,0,1.3370661353692412
8,2.1265192506834865,4,0.05102680344134569,6.814814814814815,1,logistic_regression,27,71343,3200,27,8,d53c22dd7c1e22fc,18,success,fine,3200,0,2.242157256230712
16,2.674746599048376,4,0.03061122540384531,15.6,14,logistic_regression,5,71343,6400,5,16,d53c22dd7c1e22fc,18,success,coarse,6400,0,2.78724320884794
16,4.646983427926898,4,0.05229870416224003,13.962962962962964,1,logistic_regression,27,71343,6400,27,16,d53c22dd7c1e22fc,18,success,fine,6400,0,4.776996253058314
32,2.636855815537274,4,0.032284761779010296,31.6,30,logistic_regression,5,71343,6400,5,32,d53c22dd7c1e22fc,18,success,coarse,6400,0,2.7677229875698686
32,4.380524115636945,4,0.05126047879457474,27.59259259259259,1,logistic_regression,27,71343,6400,27,32,d53c22dd7c1e22fc,18,success,fine,6400,0,4.519877878017724
8,2.5715306950733066,4,0.030445550568401814,7.6,6,logistic_regression,5,71343,6400,5,8,d53c22dd7c1e22fc,18,success,coarse,6400,0,2.6725545870140195
8,5.062153406441212,4,0.056107244454324245,6.851851851851852,1,logistic_regression,27,71343,6400,27,8,d53c22dd7c1e22fc,18,success,fine,6400,0,5.1891284845769405
16,1.237713842652738,4,0.03055478446185589,14.8,10,logistic_regression,5,71343,3200,5,16,d53c22dd7c1e22fc,19,success,coarse,3200,0,1.3465755991637707
16,2.634923576377332,4,0.05118912551552057,14.307692307692308,8,logistic_regression,27,71343,3200,26,16,d53c22dd7c1e22fc,19,success,fine,3200,1,2.7637401195243
32,1.1257848478853703,4,0.03129775356501341,27.6,10,logistic_regression,5,71343,3200,5,32,d53c22dd7c1e22fc,19,success,coarse,3200,0,1.254458519630134
32,2.2573991250246763,4,0.04738964233547449,26.576923076923077,8,logistic_regression,27,71343,3200,26,32,d53c22dd7c1e22fc,19,success,fine,3200,1,2.400400551967323
8,1.2690091570839286,4,0.033793398179113865,7.8,7,logistic_regression,5,71343,3200,5,8,d53c22dd7c1e22fc,19,success,coarse,3200,0,1.3755189161747694
8,2.8563849553465843,4,0.0561555540189147,7.384615384615385,5,logistic_regression,27,71343,3200,26,8,d53c22dd7c1e22fc,19,success,fine,3200,1,2.981499149464071
16,2.579748133197427,4,0.03480304591357708,15.8,15,logistic_regression,5,71343,6400,5,16,d53c22dd7c1e22fc,19,success,coarse,6400,0,2.7024758998304605
16,4.405614277347922,4,0.05315487924963236,14.76923076923077,11,logistic_regression,27,71343,6400,26,16,d53c22dd7c1e22fc,19,success,fine,6400,1,4.543433145619929
32,2.345327775925398,4,0.03039725311100483,29.6,20,logistic_regression,5,71343,6400,5,32,d53c22dd7c1e22fc,19,success,coarse,6400,0,2.47002783883363
32,3.815261898562312,4,0.05285028554499149,28.923076923076923,15,logistic_regression,27,71343,6400,26,32,d53c22dd7c1e22fc,19,success,fine,6400,1,3.9649544432759285
8,2.695413892157376,4,0.033488781191408634,7.8,7,logistic_regression,5,71343,6400,5,8,d53c22dd7c1e22fc,19,success,coarse,6400,0,2.802828388288617
8,4.583841635845602,4,0.05019014980643988,7.384615384615385,5,logistic_regression,27,71343,6400,26,8,d53c22dd7c1e22fc,19,success,fine,6400,1,4.699963979423046
