actual_contributing_patients,fit_seconds,fold,inference_seconds,mean_class_donor_coverage,min_class_donor_coverage,model,n_classes,n_test_cells,n_train_cells,observed_class_count,patient_budget,protocol_hash,seed,status,task,total,unseen_at_training_class_count,wall_seconds
16,0.047990635968744755,0,0.05343323666602373,15.2,12,logistic_regression,5,228102,3200,5,16,74749b9de8a69391,0,success,coarse,3200,0,1.2077968679368496
16,0.3421709770336747,0,0.09715093672275543,11.586206896551724,1,logistic_regression,30,228102,3200,29,16,74749b9de8a69391,0,success,fine,3200,1,1.553420977666974
32,0.055798737332224846,0,0.052635776810348034,28.0,12,logistic_regression,5,228102,3200,5,32,74749b9de8a69391,0,success,coarse,3200,0,1.2146362029016018
32,0.32777577359229326,0,0.09427723940461874,20.551724137931036,2,logistic_regression,30,228102,3200,29,32,74749b9de8a69391,0,success,fine,3200,1,1.5138729400932789
8,0.0465867705643177,0,0.06807133089751005,8.0,8,logistic_regression,5,228102,3200,5,8,74749b9de8a69391,0,success,coarse,3200,0,1.2690270505845547
8,0.3599298680201173,0,0.09372812882065773,6.413793103448276,1,logistic_regression,30,228102,3200,29,8,74749b9de8a69391,0,success,fine,3200,1,1.6022594589740038
16,0.09735481161624193,0,0.052916405722498894,15.8,15,logistic_regression,5,228102,6400,5,16,74749b9de8a69391,0,success,coarse,6400,0,1.2438523909077048
16,0.719660647213459,0,0.0999321574345231,12.413793103448276,1,logistic_regression,30,228102,6400,29,16,74749b9de8a69391,0,success,fine,6400,1,1.9219413017854095
32,0.11071522906422615,0,0.05276311654597521,30.2,23,logistic_regression,5,228102,6400,5,32,74749b9de8a69391,0,success,coarse,6400,0,1.2614520145580173
32,0.7709642667323351,0,0.09413038846105337,22.93103448275862,2,logistic_regression,30,228102,6400,29,32,74749b9de8a69391,0,success,fine,6400,1,2.001631911844015
8,0.07905683573335409,0,0.053253669291734695,8.0,8,logistic_regression,5,228102,6400,5,8,74749b9de8a69391,0,success,coarse,6400,0,1.2423596940934658
8,0.7309902664273977,0,0.10074937716126442,6.620689655172414,1,logistic_regression,30,228102,6400,29,8,74749b9de8a69391,0,success,fine,6400,1,1.950693178921938
16,0.06128781847655773,0,0.05396330822259188,15.0,11,logistic_regression,5,228102,3200,5,16,74749b9de8a69391,1,success,coarse,3200,0,1.219451335258782
16,0.38071739859879017,0,0.09692406933754683,10.931034482758621,2,logistic_regression,30,228102,3200,29,16,74749b9de8a69391,1,success,fine,3200,1,1.5505532622337341
32,0.052795857191085815,0,0.053552606143057346,27.8,11,logistic_regression,5,228102,3200,5,32,74749b9de8a69391,1,success,coarse,3200,0,1.2287030015140772
32,0.30350391287356615,0,0.0935621801763773,19.862068965517242,2,logistic_regression,30,228102,3200,29,32,74749b9de8a69391,1,success,fine,3200,1,1.4898030059412122
8,0.045460439287126064,0,0.054312088526785374,8.0,8,logistic_regression,5,228102,3200,5,8,74749b9de8a69391,1,success,coarse,3200,0,1.1804644782096148
8,0.3814013684168458,0,0.09290352836251259,6.241379310344827,1,logistic_regression,30,228102,3200,29,8,74749b9de8a69391,1,success,fine,3200,1,1.5730697643011808
16,0.124395533464849,0,0.05418654251843691,15.4,13,logistic_regression,5,228102,6400,5,16,74749b9de8a69391,1,success,coarse,6400,0,1.2871523825451732
16,0.8806261904537678,0,0.09301107842475176,11.931034482758621,2,logistic_regression,30,228102,6400,29,16,74749b9de8a69391,1,success,fine,6400,1,2.0954767083749175
32,0.10414363071322441,0,0.056377812288701534,30.0,22,logistic_regression,5,228102,6400,5,32,74749b9de8a69391,1,success,coarse,6400,0,1.2558759991079569
32,0.8091106405481696,0,0.09660645388066769,21.413793103448278,2,logistic_regression,30,228102,6400,29,32,74749b9de8a69391,1,success,fine,6400,1,2.0041409404948354
8,0.10196261759847403,0,0.0535613177344203,8.0,8,logistic_regression,5,228102,6400,5,8,74749b9de8a69391,1,success,coarse,6400,0,1.2580092241987586
8,0.7900667423382401,0,0.09469942934811115,6.655172413793103,1,logistic_regression,30,228102,6400,29,8,74749b9de8a69391,1,success,fine,6400,1,1.968575238250196
16,0.054635380394756794,0,0.05504861753433943,14.6,9,logistic_regression,5,228102,3200,5,16,74749b9de8a69391,2,success,coarse,3200,0,1.1775524877011776
16,0.3296158090233803,0,0.09931994322687387,11.10344827586207,1,logistic_regression,30,228102,3200,29,16,74749b9de8a69391,2,success,fine,3200,1,1.507242726162076
32,0.05735039338469505,0,0.05340672843158245,27.4,9,logistic_regression,5,228102,3200,5,32,74749b9de8a69391,2,success,coarse,3200,0,1.224713884294033
32,0.31439066771417856,0,0.09285050816833973,19.75862068965517,1,logistic_regression,30,228102,3200,29,32,74749b9de8a69391,2,success,fine,3200,1,1.496401879005134
8,0.052858359180390835,0,0.05406680330634117,7.4,5,logistic_regression,5,228102,3200,5,8,74749b9de8a69391,2,success,coarse,3200,0,1.1725025121122599
8,0.2742221560329199,0,0.09362687729299068,6.137931034482759,1,logistic_regression,30,228102,3200,29,8,74749b9de8a69391,2,success,fine,3200,1,1.4668995244428515
16,0.11362705286592245,0,0.05336481612175703,15.4,13,logistic_regression,5,228102,6400,5,16,74749b9de8a69391,2,success,coarse,6400,0,1.2757972134277225
16,0.7007640954107046,0,0.09741413965821266,11.96551724137931,1,logistic_regression,30,228102,6400,29,16,74749b9de8a69391,2,success,fine,6400,1,1.8988816887140274
32,0.12609567027539015,0,0.056168858893215656,29.0,17,logistic_regression,5,228102,6400,5,32,74749b9de8a69391,2,success,coarse,6400,0,1.30199293512851
32,0.8431888418272138,0,0.09837250877171755,21.655172413793103,1,logistic_regression,30,228102,6400,29,32,74749b9de8a69391,2,success,fine,6400,1,2.047374981455505
8,0.09749824367463589,0,0.054686096496880054,7.4,5,logistic_regression,5,228102,6400,5,8,74749b9de8a69391,2,success,coarse,6400,0,1.2553293611854315
8,0.7727882051840425,0,0.09931732900440693,6.275862068965517,1,logistic_regression,30,228102,6400,29,8,74749b9de8a69391,2,success,fine,6400,1,1.9786474732682109
16,0.05399092845618725,0,0.05578809045255184,14.8,10,logistic_regression,5,228102,3200,5,16,74749b9de8a69391,3,success,coarse,3200,0,1.1972535541281104
16,0.3487024614587426,0,0.09227939695119858,11.535714285714286,1,logistic_regression,30,228102,3200,28,16,74749b9de8a69391,3,success,fine,3200,2,1.5596023388206959
32,0.058421460911631584,0,0.05410721246153116,27.6,10,logistic_regression,5,228102,3200,5,32,74749b9de8a69391,3,success,coarse,3200,0,1.2215029606595635
32,0.34715096466243267,0,0.09359752386808395,21.035714285714285,2,logistic_regression,30,228102,3200,28,32,74749b9de8a69391,3,success,fine,3200,2,1.563105534762144
8,0.050738184712827206,0,0.05293457396328449,7.8,7,logistic_regression,5,228102,3200,5,8,74749b9de8a69391,3,success,coarse,3200,0,1.199072739109397
8,0.313583692535758,0,0.09395222272723913,6.321428571428571,1,logistic_regression,30,228102,3200,28,8,74749b9de8a69391,3,success,fine,3200,2,1.5073687713593245
16,0.11369696725159883,0,0.05406614113599062,15.6,14,logistic_regression,5,228102,6400,5,16,74749b9de8a69391,3,success,coarse,6400,0,1.2464511701837182
16,0.7607493586838245,0,0.08960389345884323,12.535714285714286,1,logistic_regression,30,228102,6400,28,16,74749b9de8a69391,3,success,fine,6400,2,1.9273214554414153
32,0.1253815023228526,0,0.05405256059020758,29.2,18,logistic_regression,5,228102,6400,5,32,74749b9de8a69391,3,success,coarse,6400,0,1.277177040465176
32,0.8385762274265289,0,0.09252805728465319,22.75,2,logistic_regression,30,228102,6400,28,32,74749b9de8a69391,3,success,fine,6400,2,2.049535060301423
8,0.11566535476595163,0,0.053107431158423424,7.8,7,logistic_regression,5,228102,6400,5,8,74749b9de8a69391,3,success,coarse,6400,0,1.2676041442900896
8,0.7584592709317803,0,0.09006812609732151,6.464285714285714,1,logistic_regression,30,228102,6400,28,8,74749b9de8a69391,3,success,fine,6400,2,1.9127771416679025
16,0.06743304897099733,0,0.05542706232517958,15.6,14,logistic_regression,5,228102,3200,5,16,74749b9de8a69391,4,success,coarse,3200,0,1.209794206544757
16,0.31325297988951206,0,0.09290891420096159,11.607142857142858,2,logistic_regression,30,228102,3200,28,16,74749b9de8a69391,4,success,fine,3200,2,1.4862589361146092
32,0.061660739593207836,0,0.05475939251482487,28.4,14,logistic_regression,5,228102,3200,5,32,74749b9de8a69391,4,success,coarse,3200,0,1.2180498922243714
32,0.31914985831826925,0,0.0906352624297142,20.214285714285715,2,logistic_regression,30,228102,3200,28,32,74749b9de8a69391,4,success,fine,3200,2,1.5055838134139776
8,0.05376878846436739,0,0.057341969572007656,8.0,8,logistic_regression,5,228102,3200,5,8,74749b9de8a69391,4,success,coarse,3200,0,1.1808632528409362
8,0.3460508128628135,0,0.09535741060972214,6.464285714285714,2,logistic_regression,30,228102,3200,28,8,74749b9de8a69391,4,success,fine,3200,2,1.5168160255998373
16,0.14014963153749704,0,0.05362180806696415,16.0,16,logistic_regression,5,228102,6400,5,16,74749b9de8a69391,4,success,coarse,6400,0,1.257214912213385
16,0.787571657449007,0,0.09098188392817974,12.5,2,logistic_regression,30,228102,6400,28,16,74749b9de8a69391,4,success,fine,6400,2,1.9767120108008385
32,0.1297454545274377,0,0.05387423560023308,31.2,28,logistic_regression,5,228102,6400,5,32,74749b9de8a69391,4,success,coarse,6400,0,1.3060004487633705
32,0.7274330509826541,0,0.08901509363204241,22.642857142857142,2,logistic_regression,30,228102,6400,28,32,74749b9de8a69391,4,success,fine,6400,2,1.9261749042198062
8,0.11392333079129457,0,0.053564210422337055,8.0,8,logistic_regression,5,228102,6400,5,8,74749b9de8a69391,4,success,coarse,6400,0,1.2384951272979379
8,0.834045821800828,0,0.09117485955357552,6.75,2,logistic_regression,30,228102,6400,28,8,74749b9de8a69391,4,success,fine,6400,2,2.0055712582543492
16,0.06353831477463245,0,0.054346051067113876,15.4,13,logistic_regression,5,228102,3200,5,16,74749b9de8a69391,5,success,coarse,3200,0,1.2138990657404065
16,0.31952681578695774,0,0.09587424341589212,11.10344827586207,1,logistic_regression,30,228102,3200,29,16,74749b9de8a69391,5,success,fine,3200,1,1.4947437765076756
32,0.05232222564518452,0,0.05390204023569822,28.2,13,logistic_regression,5,228102,3200,5,32,74749b9de8a69391,5,success,coarse,3200,0,1.2109984662383795
32,0.3469283850863576,0,0.09499681740999222,19.379310344827587,1,logistic_regression,30,228102,3200,29,32,74749b9de8a69391,5,success,fine,3200,1,1.546884961426258
8,0.05909064318984747,0,0.054552577435970306,7.8,7,logistic_regression,5,228102,3200,5,8,74749b9de8a69391,5,success,coarse,3200,0,1.2274848446249962
8,0.30351483821868896,0,0.10037961974740028,6.103448275862069,1,logistic_regression,30,228102,3200,29,8,74749b9de8a69391,5,success,fine,3200,1,1.4887311710044742
16,0.12517644464969635,0,0.054596878588199615,15.4,13,logistic_regression,5,228102,6400,5,16,74749b9de8a69391,5,success,coarse,6400,0,1.2672347975894809
16,0.7880723932757974,0,0.09638648293912411,11.931034482758621,1,logistic_regression,30,228102,6400,29,16,74749b9de8a69391,5,success,fine,6400,1,1.9631926603615284
32,0.12232728861272335,0,0.05364689324051142,30.6,25,logistic_regression,5,228102,6400,5,32,74749b9de8a69391,5,success,coarse,6400,0,1.2666331864893436
32,0.8563223043456674,0,0.09437818173319101,21.551724137931036,1,logistic_regression,30,228102,6400,29,32,74749b9de8a69391,5,success,fine,6400,1,2.066752609796822
8,0.12679469492286444,0,0.053953719325363636,7.8,7,logistic_regression,5,228102,6400,5,8,74749b9de8a69391,5,success,coarse,6400,0,1.2664707032963634
8,0.7458480838686228,0,0.09820829797536135,6.241379310344827,1,logistic_regression,30,228102,6400,29,8,74749b9de8a69391,5,success,fine,6400,1,1.9550164993852377
16,0.0429596109315753,0,0.05675620213150978,14.6,9,logistic_regression,5,228102,3200,5,16,74749b9de8a69391,6,success,coarse,3200,0,1.1839804230257869
16,0.35173960216343403,0,0.09711269102990627,11.172413793103448,1,logistic_regression,30,228102,3200,29,16,74749b9de8a69391,6,success,fine,3200,1,1.552242150530219
32,0.05214414652436972,0,0.05318288318812847,27.4,9,logistic_regression,5,228102,3200,5,32,74749b9de8a69391,6,success,coarse,3200,0,1.200868765823543
32,0.365535787306726,0,0.09397251158952713,19.75862068965517,1,logistic_regression,30,228102,3200,29,32,74749b9de8a69391,6,success,fine,3200,1,1.5459870398044586
8,0.05423981696367264,0,0.05565359629690647,8.0,8,logistic_regression,5,228102,3200,5,8,74749b9de8a69391,6,success,coarse,3200,0,1.1954015102237463
8,0.3814033716917038,0,0.09444863721728325,6.344827586206897,1,logistic_regression,30,228102,3200,29,8,74749b9de8a69391,6,success,fine,3200,1,1.5670627281069756
16,0.10391994472593069,0,0.05370709951967001,15.6,14,logistic_regression,5,228102,6400,5,16,74749b9de8a69391,6,success,coarse,6400,0,1.256389981135726
16,0.8228567754849792,0,0.09518607426434755,12.448275862068966,1,logistic_regression,30,228102,6400,29,16,74749b9de8a69391,6,success,fine,6400,1,2.013786024414003
32,0.09876392036676407,0,0.05376101844012737,29.2,18,logistic_regression,5,228102,6400,5,32,74749b9de8a69391,6,success,coarse,6400,0,1.2686198288574815
32,0.8065839670598507,0,0.09712303429841995,21.896551724137932,1,logistic_regression,30,228102,6400,29,32,74749b9de8a69391,6,success,fine,6400,1,2.001512692309916
8,0.10260643530637026,0,0.05595589987933636,8.0,8,logistic_regression,5,228102,6400,5,8,74749b9de8a69391,6,success,coarse,6400,0,1.2244588695466518
8,0.8350332761183381,0,0.09741535596549511,6.551724137931035,1,logistic_regression,30,228102,6400,29,8,74749b9de8a69391,6,success,fine,6400,1,2.0374478176236153
16,0.049667276442050934,0,0.05285089276731014,15.8,15,logistic_regression,5,228102,3200,5,16,74749b9de8a69391,7,success,coarse,3200,0,1.1807195479050279
16,0.3170482609421015,0,0.09826289769262075,11.3,1,logistic_regression,30,228102,3200,30,16,74749b9de8a69391,7,success,fine,3200,0,1.4880277337506413
32,0.05120747536420822,0,0.052882242016494274,28.6,15,logistic_regression,5,228102,3200,5,32,74749b9de8a69391,7,success,coarse,3200,0,1.2078559696674347
32,0.2903571277856827,0,0.09495604783296585,19.733333333333334,1,logistic_regression,30,228102,3200,30,32,74749b9de8a69391,7,success,fine,3200,0,1.4805706199258566
8,0.0573758389800787,0,0.05529468692839146,8.0,8,logistic_regression,5,228102,3200,5,8,74749b9de8a69391,7,success,coarse,3200,0,1.2131343400105834
8,0.32695230282843113,0,0.09704337548464537,6.0,1,logistic_regression,30,228102,3200,30,8,74749b9de8a69391,7,success,fine,3200,0,1.5088747348636389
16,0.09680788218975067,0,0.05290155205875635,16.0,16,logistic_regression,5,228102,6400,5,16,74749b9de8a69391,7,success,coarse,6400,0,1.2601816011592746
16,0.7719370489940047,0,0.09619621001183987,11.9,1,logistic_regression,30,228102,6400,30,16,74749b9de8a69391,7,success,fine,6400,0,1.9544388419017196
32,0.12810739502310753,0,0.05304152239114046,31.2,28,logistic_regression,5,228102,6400,5,32,74749b9de8a69391,7,success,coarse,6400,0,1.2710109697654843
32,0.7391528273001313,0,0.10096215922385454,22.333333333333332,1,logistic_regression,30,228102,6400,30,32,74749b9de8a69391,7,success,fine,6400,0,1.9221319882199168
8,0.10421461518853903,0,0.05283817742019892,8.0,8,logistic_regression,5,228102,6400,5,8,74749b9de8a69391,7,success,coarse,6400,0,1.236089306883514
8,0.7265164200216532,0,0.09841128066182137,6.233333333333333,1,logistic_regression,30,228102,6400,30,8,74749b9de8a69391,7,success,fine,6400,0,1.9065141500905156
16,0.06059866212308407,0,0.05399038828909397,15.2,12,logistic_regression,5,228102,3200,5,16,74749b9de8a69391,8,success,coarse,3200,0,1.2051939452067018
16,0.3038298711180687,0,0.09756429493427277,11.2,1,logistic_regression,30,228102,3200,30,16,74749b9de8a69391,8,success,fine,3200,0,1.4725814536213875
32,0.06395631935447454,0,0.053122024051845074,28.0,12,logistic_regression,5,228102,3200,5,32,74749b9de8a69391,8,success,coarse,3200,0,1.1966432612389326
32,0.2812168449163437,0,0.09535201732069254,20.166666666666668,1,logistic_regression,30,228102,3200,30,32,74749b9de8a69391,8,success,fine,3200,0,1.4789182227104902
8,0.056079281494021416,0,0.05263044964522123,7.8,7,logistic_regression,5,228102,3200,5,8,74749b9de8a69391,8,success,coarse,3200,0,1.1895777313038707
8,0.2651129635050893,0,0.09468659199774265,6.366666666666666,1,logistic_regression,30,228102,3200,30,8,74749b9de8a69391,8,success,fine,3200,0,1.448768762871623
16,0.12359293177723885,0,0.05273811332881451,15.6,14,logistic_regression,5,228102,6400,5,16,74749b9de8a69391,8,success,coarse,6400,0,1.2748259929940104
16,0.9034149507060647,0,0.09445537347346544,12.2,1,logistic_regression,30,228102,6400,30,16,74749b9de8a69391,8,success,fine,6400,0,2.083590560592711
32,0.10243584308773279,0,0.05274735763669014,30.0,22,logistic_regression,5,228102,6400,5,32,74749b9de8a69391,8,success,coarse,6400,0,1.2547918073832989
32,0.7876610979437828,0,0.09778295643627644,21.866666666666667,1,logistic_regression,30,228102,6400,30,32,74749b9de8a69391,8,success,fine,6400,0,1.9878309518098831
8,0.10161738097667694,0,0.053350646048784256,7.8,7,logistic_regression,5,228102,6400,5,8,74749b9de8a69391,8,success,coarse,6400,0,1.2402798188850284
8,0.778173416852951,0,0.0980336768552661,6.566666666666666,1,logistic_regression,30,228102,6400,30,8,74749b9de8a69391,8,success,fine,6400,0,1.9633084554225206
16,0.05111123900860548,0,0.05284037906676531,15.2,12,logistic_regression,5,228102,3200,5,16,74749b9de8a69391,9,success,coarse,3200,0,1.178652198985219
16,0.34438645746558905,0,0.09134147316217422,11.535714285714286,2,logistic_regression,30,228102,3200,28,16,74749b9de8a69391,9,success,fine,3200,2,1.5373294157907367
32,0.05776605382561684,0,0.052969601936638355,28.0,12,logistic_regression,5,228102,3200,5,32,74749b9de8a69391,9,success,coarse,3200,0,1.2213104087859392
32,0.3745432337746024,0,0.0879114093258977,20.75,2,logistic_regression,30,228102,3200,28,32,74749b9de8a69391,9,success,fine,3200,2,1.5558484038338065
8,0.0626584580168128,0,0.05331462528556585,8.0,8,logistic_regression,5,228102,3200,5,8,74749b9de8a69391,9,success,coarse,3200,0,1.2055604103952646
8,0.3153390260413289,0,0.08907199837267399,6.357142857142857,2,logistic_regression,30,228102,3200,28,8,74749b9de8a69391,9,success,fine,3200,2,1.4861096842214465
16,0.1243714326992631,0,0.052867270074784756,15.8,15,logistic_regression,5,228102,6400,5,16,74749b9de8a69391,9,success,coarse,6400,0,1.2553312676027417
16,0.7768199555575848,0,0.08823710773140192,12.25,2,logistic_regression,30,228102,6400,28,16,74749b9de8a69391,9,success,fine,6400,2,1.9807769674807787
32,0.10306025296449661,0,0.05305804591625929,30.4,24,logistic_regression,5,228102,6400,5,32,74749b9de8a69391,9,success,coarse,6400,0,1.2617597905918956
32,0.7844938095659018,0,0.0877342987805605,22.714285714285715,2,logistic_regression,30,228102,6400,28,32,74749b9de8a69391,9,success,fine,6400,2,1.948277547955513
8,0.10154685284942389,0,0.052924275398254395,8.0,8,logistic_regression,5,228102,6400,5,8,74749b9de8a69391,9,success,coarse,6400,0,1.2447305209934711
8,0.8093318976461887,0,0.09144147485494614,6.571428571428571,2,logistic_regression,30,228102,6400,28,8,74749b9de8a69391,9,success,fine,6400,2,1.9986321069300175
16,0.06150963995605707,0,0.05284688249230385,14.4,8,logistic_regression,5,228102,3200,5,16,74749b9de8a69391,10,success,coarse,3200,0,1.2026089802384377
16,0.31034307461231947,0,0.08803893439471722,11.178571428571429,1,logistic_regression,30,228102,3200,28,16,74749b9de8a69391,10,success,fine,3200,2,1.5078672785311937
32,0.057688022032380104,0,0.053966973908245564,27.2,8,logistic_regression,5,228102,3200,5,32,74749b9de8a69391,10,success,coarse,3200,0,1.2183824172243476
32,0.3161505591124296,0,0.09088305849581957,20.285714285714285,1,logistic_regression,30,228102,3200,28,32,74749b9de8a69391,10,success,fine,3200,2,1.5188405206426978
8,0.04717635549604893,0,0.05373881105333567,8.0,8,logistic_regression,5,228102,3200,5,8,74749b9de8a69391,10,success,coarse,3200,0,1.1730200899764895
8,0.27982376608997583,0,0.09078855533152819,6.321428571428571,1,logistic_regression,30,228102,3200,28,8,74749b9de8a69391,10,success,fine,3200,2,1.4556867722421885
16,0.11927531193941832,0,0.05276012513786554,15.8,15,logistic_regression,5,228102,6400,5,16,74749b9de8a69391,10,success,coarse,6400,0,1.2541144844144583
16,0.7810764601454139,0,0.09090927895158529,12.357142857142858,1,logistic_regression,30,228102,6400,28,16,74749b9de8a69391,10,success,fine,6400,2,1.9539347616955638
32,0.11520166881382465,0,0.05293124169111252,28.8,16,logistic_regression,5,228102,6400,5,32,74749b9de8a69391,10,success,coarse,6400,0,1.2866703355684876
32,0.8503095516934991,0,0.09122247714549303,22.035714285714285,1,logistic_regression,30,228102,6400,28,32,74749b9de8a69391,10,success,fine,6400,2,2.046244184486568
8,0.09137475211173296,0,0.052871610037982464,8.0,8,logistic_regression,5,228102,6400,5,8,74749b9de8a69391,10,success,coarse,6400,0,1.217527567408979
8,0.6820568069815636,0,0.08826465345919132,6.535714285714286,1,logistic_regression,30,228102,6400,28,8,74749b9de8a69391,10,success,fine,6400,2,1.8414479102939367
16,0.05125423055142164,0,0.05262703821063042,14.4,8,logistic_regression,5,228102,3200,5,16,74749b9de8a69391,11,success,coarse,3200,0,1.194340905174613
16,0.3298190515488386,0,0.09015908278524876,11.37037037037037,2,logistic_regression,30,228102,3200,27,16,74749b9de8a69391,11,success,fine,3200,3,1.5264849411323667
32,0.07609569933265448,0,0.05297354515641928,27.2,8,logistic_regression,5,228102,3200,5,32,74749b9de8a69391,11,success,coarse,3200,0,1.2211935250088573
32,0.2848676545545459,0,0.09441794734448195,20.444444444444443,2,logistic_regression,30,228102,3200,27,32,74749b9de8a69391,11,success,fine,3200,3,1.474700634367764
8,0.05441602598875761,0,0.053711043670773506,7.4,5,logistic_regression,5,228102,3200,5,8,74749b9de8a69391,11,success,coarse,3200,0,1.2034094966948032
8,0.2795517295598984,0,0.09325702302157879,6.333333333333333,1,logistic_regression,30,228102,3200,27,8,74749b9de8a69391,11,success,fine,3200,3,1.4753250749781728
16,0.1235792301595211,0,0.053989240899682045,15.2,12,logistic_regression,5,228102,6400,5,16,74749b9de8a69391,11,success,coarse,6400,0,1.2860366711392999
16,0.7160125859081745,0,0.09372440446168184,12.666666666666666,2,logistic_regression,30,228102,6400,27,16,74749b9de8a69391,11,success,fine,6400,3,1.9090929152444005
32,0.12385467253625393,0,0.05653955601155758,28.6,15,logistic_regression,5,228102,6400,5,32,74749b9de8a69391,11,success,coarse,6400,0,1.290854279883206
32,0.7214399371296167,0,0.0917718531563878,22.51851851851852,2,logistic_regression,30,228102,6400,27,32,74749b9de8a69391,11,success,fine,6400,3,1.9104737965390086
8,0.11733360402286053,0,0.05691330228000879,7.4,5,logistic_regression,5,228102,6400,5,8,74749b9de8a69391,11,success,coarse,6400,0,1.2503300234675407
8,0.7556423507630825,0,0.0936659649014473,6.444444444444445,1,logistic_regression,30,228102,6400,27,8,74749b9de8a69391,11,success,fine,6400,3,1.9569292981177568
16,0.04966052621603012,0,0.054232665337622166,15.2,12,logistic_regression,5,228102,3200,5,16,74749b9de8a69391,12,success,coarse,3200,0,1.1855506617575884
16,0.39149901643395424,0,0.09536687657237053,11.714285714285714,2,logistic_regression,30,228102,3200,28,16,74749b9de8a69391,12,success,fine,3200,2,1.5570226944983006
32,0.05490410793572664,0,0.05518642906099558,28.0,12,logistic_regression,5,228102,3200,5,32,74749b9de8a69391,12,success,coarse,3200,0,1.2159481598064303
32,0.4013092815876007,0,0.08806557767093182,20.0,2,logistic_regression,30,228102,3200,28,32,74749b9de8a69391,12,success,fine,3200,2,1.58277474809438
8,0.05039845686405897,0,0.054109781980514526,7.8,7,logistic_regression,5,228102,3200,5,8,74749b9de8a69391,12,success,coarse,3200,0,1.1848085029050708
8,0.34369847923517227,0,0.09214940667152405,6.321428571428571,2,logistic_regression,30,228102,3200,28,8,74749b9de8a69391,12,success,fine,3200,2,1.526740132831037
16,0.09369868133217096,0,0.05452622566372156,15.6,14,logistic_regression,5,228102,6400,5,16,74749b9de8a69391,12,success,coarse,6400,0,1.224316886626184
16,0.735806081444025,0,0.09171175770461559,12.321428571428571,2,logistic_regression,30,228102,6400,28,16,74749b9de8a69391,12,success,fine,6400,2,1.8986844075843692
32,0.09646706096827984,0,0.05410111229866743,30.2,23,logistic_regression,5,228102,6400,5,32,74749b9de8a69391,12,success,coarse,6400,0,1.2545914547517896
32,0.7776136249303818,0,0.0918422732502222,23.035714285714285,2,logistic_regression,30,228102,6400,28,32,74749b9de8a69391,12,success,fine,6400,2,1.9669440062716603
8,0.09166871197521687,0,0.054286918602883816,7.8,7,logistic_regression,5,228102,6400,5,8,74749b9de8a69391,12,success,coarse,6400,0,1.2294117724522948
8,0.672820451669395,0,0.08877464570105076,6.392857142857143,2,logistic_regression,30,228102,6400,28,8,74749b9de8a69391,12,success,fine,6400,2,1.8525794632732868
16,0.05013750120997429,0,0.05373687855899334,15.0,11,logistic_regression,5,228102,3200,5,16,74749b9de8a69391,13,success,coarse,3200,0,1.1733866687864065
16,0.32882217690348625,0,0.0972641920670867,11.413793103448276,1,logistic_regression,30,228102,3200,29,16,74749b9de8a69391,13,success,fine,3200,1,1.510800656862557
32,0.05177461355924606,0,0.05364293046295643,27.8,11,logistic_regression,5,228102,3200,5,32,74749b9de8a69391,13,success,coarse,3200,0,1.2273195032030344
32,0.36288624722510576,0,0.09712583664804697,20.24137931034483,1,logistic_regression,30,228102,3200,29,32,74749b9de8a69391,13,success,fine,3200,1,1.5557556105777621
8,0.04756500292569399,0,0.05301374942064285,8.0,8,logistic_regression,5,228102,3200,5,8,74749b9de8a69391,13,success,coarse,3200,0,1.1895389296114445
8,0.2825285056605935,0,0.09831326454877853,6.413793103448276,1,logistic_regression,30,228102,3200,29,8,74749b9de8a69391,13,success,fine,3200,1,1.4652876891195774
16,0.10630189441144466,0,0.05354093946516514,16.0,16,logistic_regression,5,228102,6400,5,16,74749b9de8a69391,13,success,coarse,6400,0,1.2577409818768501
16,0.7815398266538978,0,0.0944589814171195,12.517241379310345,1,logistic_regression,30,228102,6400,29,16,74749b9de8a69391,13,success,fine,6400,1,1.9783533671870828
32,0.08885776717215776,0,0.054310848005115986,29.8,21,logistic_regression,5,228102,6400,5,32,74749b9de8a69391,13,success,coarse,6400,0,1.2440466955304146
32,0.8284670086577535,0,0.09792992752045393,22.275862068965516,1,logistic_regression,30,228102,6400,29,32,74749b9de8a69391,13,success,fine,6400,1,2.0299187190830708
8,0.09196395799517632,0,0.05283096991479397,8.0,8,logistic_regression,5,228102,6400,5,8,74749b9de8a69391,13,success,coarse,6400,0,1.2422929871827364
8,0.6477367170155048,0,0.09815355110913515,6.655172413793103,1,logistic_regression,30,228102,6400,29,8,74749b9de8a69391,13,success,fine,6400,1,1.849727756343782
16,0.055264201015233994,0,0.05487274657934904,14.4,8,logistic_regression,5,228102,3200,5,16,74749b9de8a69391,14,success,coarse,3200,0,1.2149868728592992
16,0.3486648015677929,0,0.09675120189785957,11.344827586206897,1,logistic_regression,30,228102,3200,29,16,74749b9de8a69391,14,success,fine,3200,1,1.5333783635869622
32,0.05372658837586641,0,0.054336076602339745,27.2,8,logistic_regression,5,228102,3200,5,32,74749b9de8a69391,14,success,coarse,3200,0,1.2117755226790905
32,0.32221204694360495,0,0.0974968746304512,19.482758620689655,1,logistic_regression,30,228102,3200,29,32,74749b9de8a69391,14,success,fine,3200,1,1.5208216067403555
8,0.05213760677725077,0,0.054793287999928,7.8,7,logistic_regression,5,228102,3200,5,8,74749b9de8a69391,14,success,coarse,3200,0,1.1839382322505116
8,0.32011574506759644,0,0.09450403973460197,6.206896551724138,1,logistic_regression,30,228102,3200,29,8,74749b9de8a69391,14,success,fine,3200,1,1.5042786374688148
16,0.12926216702908278,0,0.05373064521700144,15.8,15,logistic_regression,5,228102,6400,5,16,74749b9de8a69391,14,success,coarse,6400,0,1.277278776280582
16,0.7949097994714975,0,0.09461438655853271,12.10344827586207,1,logistic_regression,30,228102,6400,29,16,74749b9de8a69391,14,success,fine,6400,1,2.0095658544451
32,0.0950318593531847,0,0.05459972191601992,28.6,15,logistic_regression,5,228102,6400,5,32,74749b9de8a69391,14,success,coarse,6400,0,1.2472097957506776
32,0.7786338292062283,0,0.0965046864002943,22.20689655172414,1,logistic_regression,30,228102,6400,29,32,74749b9de8a69391,14,success,fine,6400,1,1.9709561998024583
8,0.10371523164212704,0,0.05366441607475281,7.8,7,logistic_regression,5,228102,6400,5,8,74749b9de8a69391,14,success,coarse,6400,0,1.2336607668548822
8,0.7146680457517505,0,0.09797320608049631,6.413793103448276,1,logistic_regression,30,228102,6400,29,8,74749b9de8a69391,14,success,fine,6400,1,1.8944111233577132
16,0.04908542800694704,0,0.056674967519938946,14.6,9,logistic_regression,5,228102,3200,5,16,74749b9de8a69391,15,success,coarse,3200,0,1.208341029472649
16,0.3254450112581253,0,0.08870233036577702,12.142857142857142,2,logistic_regression,30,228102,3200,28,16,74749b9de8a69391,15,success,fine,3200,2,1.4924796000123024
32,0.048922174610197544,0,0.053808823227882385,27.4,9,logistic_regression,5,228102,3200,5,32,74749b9de8a69391,15,success,coarse,3200,0,1.199263415299356
32,0.30182570312172174,0,0.09059936087578535,21.321428571428573,2,logistic_regression,30,228102,3200,28,32,74749b9de8a69391,15,success,fine,3200,2,1.5061132768169045
8,0.041934430599212646,0,0.05396299157291651,7.8,7,logistic_regression,5,228102,3200,5,8,74749b9de8a69391,15,success,coarse,3200,0,1.163892848417163
8,0.2838224144652486,0,0.08869202435016632,6.714285714285714,2,logistic_regression,30,228102,3200,28,8,74749b9de8a69391,15,success,fine,3200,2,1.4720176989212632
16,0.13015977293252945,0,0.05433938466012478,15.8,15,logistic_regression,5,228102,6400,5,16,74749b9de8a69391,15,success,coarse,6400,0,1.265945860184729
16,0.6903305603191257,0,0.09130782820284367,13.035714285714286,4,logistic_regression,30,228102,6400,28,16,74749b9de8a69391,15,success,fine,6400,2,1.880079174414277
32,0.10204605665057898,0,0.054261970333755016,29.0,17,logistic_regression,5,228102,6400,5,32,74749b9de8a69391,15,success,coarse,6400,0,1.2571340249851346
32,0.6997120780870318,0,0.08865330927073956,23.785714285714285,4,logistic_regression,30,228102,6400,28,32,74749b9de8a69391,15,success,fine,6400,2,1.8826932199299335
8,0.09438413567841053,0,0.05828921590000391,7.8,7,logistic_regression,5,228102,6400,5,8,74749b9de8a69391,15,success,coarse,6400,0,1.2702080579474568
8,0.6382180424407125,0,0.08785177301615477,6.821428571428571,3,logistic_regression,30,228102,6400,28,8,74749b9de8a69391,15,success,fine,6400,2,1.828069862909615
16,0.053874922916293144,0,0.05491737835109234,14.4,8,logistic_regression,5,228102,3200,5,16,74749b9de8a69391,16,success,coarse,3200,0,1.1653767619282007
16,0.3333210740238428,0,0.09427851159125566,10.9,1,logistic_regression,30,228102,3200,30,16,74749b9de8a69391,16,success,fine,3200,0,1.506062475964427
32,0.061479988507926464,0,0.054602550342679024,27.2,8,logistic_regression,5,228102,3200,5,32,74749b9de8a69391,16,success,coarse,3200,0,1.2001967700198293
32,0.3522211592644453,0,0.09879158530384302,19.133333333333333,1,logistic_regression,30,228102,3200,30,32,74749b9de8a69391,16,success,fine,3200,0,1.5288772778585553
8,0.06081897113472223,0,0.05468408949673176,7.6,6,logistic_regression,5,228102,3200,5,8,74749b9de8a69391,16,success,coarse,3200,0,1.186736635863781
8,0.2785360114648938,0,0.0998978354036808,5.966666666666667,1,logistic_regression,30,228102,3200,30,8,74749b9de8a69391,16,success,fine,3200,0,1.4580009346827865
16,0.11695532966405153,0,0.053812901489436626,15.4,13,logistic_regression,5,228102,6400,5,16,74749b9de8a69391,16,success,coarse,6400,0,1.2611558679491282
16,0.7623326014727354,0,0.1028792830184102,11.5,1,logistic_regression,30,228102,6400,30,16,74749b9de8a69391,16,success,fine,6400,0,1.9432749012485147
32,0.12615324277430773,0,0.054736120626330376,28.8,16,logistic_regression,5,228102,6400,5,32,74749b9de8a69391,16,success,coarse,6400,0,1.277655167505145
32,0.6909394301474094,0,0.09391657542437315,21.166666666666668,1,logistic_regression,30,228102,6400,30,32,74749b9de8a69391,16,success,fine,6400,0,1.8574208663776517
8,0.12344271689653397,0,0.05522525776177645,7.6,6,logistic_regression,5,228102,6400,5,8,74749b9de8a69391,16,success,coarse,6400,0,1.2634220700711012
8,0.787244277074933,0,0.09548723697662354,6.133333333333334,1,logistic_regression,30,228102,6400,30,8,74749b9de8a69391,16,success,fine,6400,0,1.9554803539067507
16,0.04733461979776621,0,0.05278812348842621,15.0,11,logistic_regression,5,228102,3200,5,16,74749b9de8a69391,17,success,coarse,3200,0,1.1897459793835878
16,0.2713461387902498,0,0.09293301869183779,10.931034482758621,1,logistic_regression,30,228102,3200,29,16,74749b9de8a69391,17,success,fine,3200,1,1.4487818581983447
32,0.05258746538311243,0,0.05413870792835951,27.8,11,logistic_regression,5,228102,3200,5,32,74749b9de8a69391,17,success,coarse,3200,0,1.1741669466719031
32,0.27374968584626913,0,0.09678949229419231,19.17241379310345,1,logistic_regression,30,228102,3200,29,32,74749b9de8a69391,17,success,fine,3200,1,1.4810594748705626
8,0.05408642068505287,0,0.05381957348436117,8.0,8,logistic_regression,5,228102,3200,5,8,74749b9de8a69391,17,success,coarse,3200,0,1.196733133867383
8,0.26897629257291555,0,0.09574743546545506,6.0,1,logistic_regression,30,228102,3200,29,8,74749b9de8a69391,17,success,fine,3200,1,1.4372338922694325
16,0.10043751541525126,0,0.05255418550223112,15.8,15,logistic_regression,5,228102,6400,5,16,74749b9de8a69391,17,success,coarse,6400,0,1.2314914232119918
16,0.6365976380184293,0,0.0956179853528738,11.758620689655173,1,logistic_regression,30,228102,6400,29,16,74749b9de8a69391,17,success,fine,6400,1,1.8196936221793294
32,0.11003377009183168,0,0.052846102975308895,30.0,22,logistic_regression,5,228102,6400,5,32,74749b9de8a69391,17,success,coarse,6400,0,1.264409595169127
32,0.7379384059458971,0,0.09296668134629726,21.275862068965516,1,logistic_regression,30,228102,6400,29,32,74749b9de8a69391,17,success,fine,6400,1,1.9184107724577188
8,0.07623161654919386,0,0.054528811015188694,8.0,8,logistic_regression,5,228102,6400,5,8,74749b9de8a69391,17,success,coarse,6400,0,1.22138911485672
8,0.6961261536926031,0,0.09196477569639683,6.310344827586207,1,logistic_regression,30,228102,6400,29,8,74749b9de8a69391,17,success,fine,6400,1,1.8679484846070409
16,0.04929029755294323,0,0.053480359725654125,15.4,13,logistic_regression,5,228102,3200,5,16,74749b9de8a69391,18,success,coarse,3200,0,1.1913630617782474
16,0.3030309723690152,0,0.09465401899069548,10.966666666666667,1,logistic_regression,30,228102,3200,30,16,74749b9de8a69391,18,success,fine,3200,0,1.4895204296335578
32,0.044893380254507065,0,0.05512861721217632,28.2,13,logistic_regression,5,228102,3200,5,32,74749b9de8a69391,18,success,coarse,3200,0,1.2220152439549565
32,0.30325473845005035,0,0.09824107121676207,18.766666666666666,1,logistic_regression,30,228102,3200,30,32,74749b9de8a69391,18,success,fine,3200,0,1.489762919023633
8,0.0508224843069911,0,0.05480292160063982,8.0,8,logistic_regression,5,228102,3200,5,8,74749b9de8a69391,18,success,coarse,3200,0,1.2146090446040034
8,0.3074623718857765,0,0.09928714018315077,5.933333333333334,1,logistic_regression,30,228102,3200,30,8,74749b9de8a69391,18,success,fine,3200,0,1.5216670064255595
16,0.09348646830767393,0,0.05374979134649038,15.8,15,logistic_regression,5,228102,6400,5,16,74749b9de8a69391,18,success,coarse,6400,0,1.2208387721329927
16,0.6228322144597769,0,0.09950666967779398,11.8,1,logistic_regression,30,228102,6400,30,16,74749b9de8a69391,18,success,fine,6400,0,1.8125916691496968
32,0.08471335284411907,0,0.05607049446552992,30.4,24,logistic_regression,5,228102,6400,5,32,74749b9de8a69391,18,success,coarse,6400,0,1.2253612158820033
32,0.7283594897016883,0,0.0951418299227953,21.4,1,logistic_regression,30,228102,6400,30,32,74749b9de8a69391,18,success,fine,6400,0,1.9016207875683904
8,0.09309826884418726,0,0.05407607834786177,8.0,8,logistic_regression,5,228102,6400,5,8,74749b9de8a69391,18,success,coarse,6400,0,1.2558372654020786
8,0.5679567214101553,0,0.09536645282059908,5.966666666666667,1,logistic_regression,30,228102,6400,30,8,74749b9de8a69391,18,success,fine,6400,0,1.7494464917108417
16,0.07248217705637217,0,0.0541683966293931,14.4,8,logistic_regression,5,228102,3200,5,16,74749b9de8a69391,19,success,coarse,3200,0,1.2120879087597132
16,0.35762935131788254,0,0.09473706688731909,11.068965517241379,1,logistic_regression,30,228102,3200,29,16,74749b9de8a69391,19,success,fine,3200,1,1.5532359462231398
32,0.06975569948554039,0,0.053020255640149117,27.2,8,logistic_regression,5,228102,3200,5,32,74749b9de8a69391,19,success,coarse,3200,0,1.2211950290948153
32,0.3661016719415784,0,0.09648102801293135,19.82758620689655,1,logistic_regression,30,228102,3200,29,32,74749b9de8a69391,19,success,fine,3200,1,1.5672031193971634
8,0.07108035497367382,0,0.053922420367598534,7.6,6,logistic_regression,5,228102,3200,5,8,74749b9de8a69391,19,success,coarse,3200,0,1.2107349233701825
8,0.33351498655974865,0,0.10061368253082037,6.137931034482759,1,logistic_regression,30,228102,3200,29,8,74749b9de8a69391,19,success,fine,3200,1,1.5343309370800853
16,0.13658318296074867,0,0.055843496695160866,15.2,12,logistic_regression,5,228102,6400,5,16,74749b9de8a69391,19,success,coarse,6400,0,1.2783661102876067
16,0.8084368258714676,0,0.09733804687857628,11.931034482758621,1,logistic_regression,30,228102,6400,29,16,74749b9de8a69391,19,success,fine,6400,1,2.0024935472756624
32,0.14420311991125345,0,0.05389427859336138,28.6,15,logistic_regression,5,228102,6400,5,32,74749b9de8a69391,19,success,coarse,6400,0,1.2859013946726918
32,0.9194785421714187,0,0.09462612308561802,21.689655172413794,1,logistic_regression,30,228102,6400,29,32,74749b9de8a69391,19,success,fine,6400,1,2.115633897483349
8,0.1378282494843006,0,0.05487321875989437,7.6,6,logistic_regression,5,228102,6400,5,8,74749b9de8a69391,19,success,coarse,6400,0,1.2730220798403025
8,0.8151010544970632,0,0.09450708236545324,6.344827586206897,1,logistic_regression,30,228102,6400,29,8,74749b9de8a69391,19,success,fine,6400,1,1.9872869523242116
16,0.05250378139317036,1,0.0520115764811635,15.0,11,logistic_regression,5,228169,3200,5,16,74749b9de8a69391,0,success,coarse,3200,0,1.2062165401875973
16,0.3041110308840871,1,0.08738260995596647,11.25,1,logistic_regression,30,228169,3200,28,16,74749b9de8a69391,0,success,fine,3200,2,1.480872144922614
32,0.0567014841362834,1,0.054495783522725105,27.8,11,logistic_regression,5,228169,3200,5,32,74749b9de8a69391,0,success,coarse,3200,0,1.2183911371976137
32,0.32056797947734594,1,0.09386980999261141,19.892857142857142,1,logistic_regression,30,228169,3200,28,32,74749b9de8a69391,0,success,fine,3200,2,1.5212225588038564
8,0.07867518533021212,1,0.0530493650585413,8.0,8,logistic_regression,5,228169,3200,5,8,74749b9de8a69391,0,success,coarse,3200,0,1.3026871122419834
8,0.30010869819670916,1,0.09198481775820255,6.285714285714286,1,logistic_regression,30,228169,3200,28,8,74749b9de8a69391,0,success,fine,3200,2,1.4944781484082341
16,0.12355318665504456,1,0.05314387567341328,16.0,16,logistic_regression,5,228169,6400,5,16,74749b9de8a69391,0,success,coarse,6400,0,1.2733866851776838
16,0.8458334738388658,1,0.09116982109844685,12.214285714285714,1,logistic_regression,30,228169,6400,28,16,74749b9de8a69391,0,success,fine,6400,2,2.020019802264869
32,0.12195321917533875,1,0.053296253085136414,29.8,21,logistic_regression,5,228169,6400,5,32,74749b9de8a69391,0,success,coarse,6400,0,1.2748718615621328
32,0.8037186870351434,1,0.08822570834308863,21.928571428571427,1,logistic_regression,30,228169,6400,28,32,74749b9de8a69391,0,success,fine,6400,2,2.00356241222471
8,0.11487772036343813,1,0.05577450152486563,8.0,8,logistic_regression,5,228169,6400,5,8,74749b9de8a69391,0,success,coarse,6400,0,1.266324756667018
8,0.6898599276319146,1,0.08793104905635118,6.714285714285714,1,logistic_regression,30,228169,6400,28,8,74749b9de8a69391,0,success,fine,6400,2,1.8686806941404939
16,0.056499834172427654,1,0.05291924066841602,15.4,13,logistic_regression,5,228169,3200,5,16,74749b9de8a69391,1,success,coarse,3200,0,1.215635442174971
16,0.3110773954540491,1,0.09552816487848759,11.241379310344827,1,logistic_regression,30,228169,3200,29,16,74749b9de8a69391,1,success,fine,3200,1,1.5168362185359001
32,0.060209949500858784,1,0.052412654273211956,28.2,13,logistic_regression,5,228169,3200,5,32,74749b9de8a69391,1,success,coarse,3200,0,1.2246767226606607
32,0.36904166359454393,1,0.09252042602747679,20.20689655172414,1,logistic_regression,30,228169,3200,29,32,74749b9de8a69391,1,success,fine,3200,1,1.559212644584477
8,0.05203117523342371,1,0.053954205475747585,8.0,8,logistic_regression,5,228169,3200,5,8,74749b9de8a69391,1,success,coarse,3200,0,1.1983513003215194
8,0.310548335313797,1,0.09945261105895042,6.206896551724138,1,logistic_regression,30,228169,3200,29,8,74749b9de8a69391,1,success,fine,3200,1,1.5130716506391764
16,0.12184182181954384,1,0.05238933954387903,15.6,14,logistic_regression,5,228169,6400,5,16,74749b9de8a69391,1,success,coarse,6400,0,1.2805472575128078
16,0.8968219710513949,1,0.09390744660049677,12.172413793103448,1,logistic_regression,30,228169,6400,29,16,74749b9de8a69391,1,success,fine,6400,1,2.1250743083655834
32,0.11577536910772324,1,0.05334693752229214,30.6,25,logistic_regression,5,228169,6400,5,32,74749b9de8a69391,1,success,coarse,6400,0,1.2812164351344109
32,0.9049149062484503,1,0.09254055749624968,22.103448275862068,1,logistic_regression,30,228169,6400,29,32,74749b9de8a69391,1,success,fine,6400,1,2.1061003217473626
8,0.11686595715582371,1,0.05248549301177263,8.0,8,logistic_regression,5,228169,6400,5,8,74749b9de8a69391,1,success,coarse,6400,0,1.2699959920719266
8,0.8675510315224528,1,0.09549832995980978,6.241379310344827,1,logistic_regression,30,228169,6400,29,8,74749b9de8a69391,1,success,fine,6400,1,2.0618904307484627
16,0.0528668025508523,1,0.05201256647706032,14.6,9,logistic_regression,5,228169,3200,5,16,74749b9de8a69391,2,success,coarse,3200,0,1.1871880069375038
16,0.3124767718836665,1,0.09356916137039661,10.466666666666667,1,logistic_regression,30,228169,3200,30,16,74749b9de8a69391,2,success,fine,3200,0,1.5141182476654649
32,0.05411325301975012,1,0.051929003559052944,27.4,9,logistic_regression,5,228169,3200,5,32,74749b9de8a69391,2,success,coarse,3200,0,1.221934838220477
32,0.3804492261260748,1,0.09667454473674297,19.0,1,logistic_regression,30,228169,3200,30,32,74749b9de8a69391,2,success,fine,3200,0,1.5975163811817765
8,0.058853454887866974,1,0.051774962805211544,7.8,7,logistic_regression,5,228169,3200,5,8,74749b9de8a69391,2,success,coarse,3200,0,1.1984808491542935
8,0.347165297716856,1,0.09754815977066755,5.833333333333333,1,logistic_regression,30,228169,3200,30,8,74749b9de8a69391,2,success,fine,3200,0,1.532120293006301
16,0.13261324632912874,1,0.053166208788752556,15.8,15,logistic_regression,5,228169,6400,5,16,74749b9de8a69391,2,success,coarse,6400,0,1.2933878852054477
16,0.7173871323466301,1,0.10006018821150064,11.233333333333333,1,logistic_regression,30,228169,6400,30,16,74749b9de8a69391,2,success,fine,6400,0,1.9480898519977927
32,0.1140710050240159,1,0.053728788159787655,28.8,16,logistic_regression,5,228169,6400,5,32,74749b9de8a69391,2,success,coarse,6400,0,1.294258262962103
32,0.842303260229528,1,0.09955345094203949,20.533333333333335,1,logistic_regression,30,228169,6400,30,32,74749b9de8a69391,2,success,fine,6400,0,2.0759126897901297
8,0.11872569192200899,1,0.053988476283848286,7.8,7,logistic_regression,5,228169,6400,5,8,74749b9de8a69391,2,success,coarse,6400,0,1.27203010302037
8,0.7459389790892601,1,0.09563580621033907,5.966666666666667,1,logistic_regression,30,228169,6400,30,8,74749b9de8a69391,2,success,fine,6400,0,1.939227788709104
16,0.05104557424783707,1,0.055232662707567215,14.4,8,logistic_regression,5,228169,3200,5,16,74749b9de8a69391,3,success,coarse,3200,0,1.1985922418534756
16,0.28606653958559036,1,0.09975467249751091,11.166666666666666,1,logistic_regression,30,228169,3200,30,16,74749b9de8a69391,3,success,fine,3200,0,1.4751197881996632
32,0.0541272833943367,1,0.05376231763511896,27.2,8,logistic_regression,5,228169,3200,5,32,74749b9de8a69391,3,success,coarse,3200,0,1.2258004946634173
32,0.3052898868918419,1,0.09673446509987116,19.666666666666668,1,logistic_regression,30,228169,3200,30,32,74749b9de8a69391,3,success,fine,3200,0,1.507815376855433
8,0.04974941071122885,1,0.054777623154222965,7.6,6,logistic_regression,5,228169,3200,5,8,74749b9de8a69391,3,success,coarse,3200,0,1.215049870312214
8,0.27107308618724346,1,0.10001162439584732,6.233333333333333,1,logistic_regression,30,228169,3200,30,8,74749b9de8a69391,3,success,fine,3200,0,1.4720808621495962
16,0.09080780111253262,1,0.05513016041368246,15.6,14,logistic_regression,5,228169,6400,5,16,74749b9de8a69391,3,success,coarse,6400,0,1.2680643303319812
16,0.6586228981614113,1,0.09673395473510027,12.0,1,logistic_regression,30,228169,6400,30,16,74749b9de8a69391,3,success,fine,6400,0,1.8653611931949854
32,0.11247103661298752,1,0.054164077155292034,28.6,15,logistic_regression,5,228169,6400,5,32,74749b9de8a69391,3,success,coarse,6400,0,1.2946580471470952
32,0.7033400367945433,1,0.09816328715533018,21.7,2,logistic_regression,30,228169,6400,30,32,74749b9de8a69391,3,success,fine,6400,0,1.9084799569100142
8,0.112849872559309,1,0.0592420743778348,7.6,6,logistic_regression,5,228169,6400,5,8,74749b9de8a69391,3,success,coarse,6400,0,1.2574737388640642
8,0.7426976198330522,1,0.10067842993885279,6.6,1,logistic_regression,30,228169,6400,30,8,74749b9de8a69391,3,success,fine,6400,0,1.948968549259007
16,0.07070792466402054,1,0.05588003899902105,14.6,9,logistic_regression,5,228169,3200,5,16,74749b9de8a69391,4,success,coarse,3200,0,1.2301629912108183
16,0.39557530637830496,1,0.0947525966912508,11.586206896551724,1,logistic_regression,30,228169,3200,29,16,74749b9de8a69391,4,success,fine,3200,1,1.581920218653977
32,0.05861651245504618,1,0.05353380646556616,27.4,9,logistic_regression,5,228169,3200,5,32,74749b9de8a69391,4,success,coarse,3200,0,1.2011604206636548
32,0.3487352868542075,1,0.09814025834202766,20.551724137931036,1,logistic_regression,30,228169,3200,29,32,74749b9de8a69391,4,success,fine,3200,1,1.552378935739398
8,0.07574348989874125,1,0.05303500313311815,8.0,8,logistic_regression,5,228169,3200,5,8,74749b9de8a69391,4,success,coarse,3200,0,1.2172514237463474
8,0.33304066862910986,1,0.09927184041589499,6.344827586206897,1,logistic_regression,30,228169,3200,29,8,74749b9de8a69391,4,success,fine,3200,1,1.5167861618101597
16,0.11547174956649542,1,0.05328780971467495,15.8,15,logistic_regression,5,228169,6400,5,16,74749b9de8a69391,4,success,coarse,6400,0,1.2754051508381963
16,0.7809709068387747,1,0.093467908911407,12.344827586206897,1,logistic_regression,30,228169,6400,29,16,74749b9de8a69391,4,success,fine,6400,1,1.9889711467549205
32,0.12224449962377548,1,0.053905270993709564,29.0,17,logistic_regression,5,228169,6400,5,32,74749b9de8a69391,4,success,coarse,6400,0,1.2848126143217087
32,0.7814554972574115,1,0.09920765832066536,22.93103448275862,1,logistic_regression,30,228169,6400,29,32,74749b9de8a69391,4,success,fine,6400,1,1.9870583722367883
8,0.13482227362692356,1,0.053088000044226646,8.0,8,logistic_regression,5,228169,6400,5,8,74749b9de8a69391,4,success,coarse,6400,0,1.2918955134227872
8,0.65700130071491,1,0.09644246101379395,6.413793103448276,1,logistic_regression,30,228169,6400,29,8,74749b9de8a69391,4,success,fine,6400,1,1.8448676289990544
16,0.052325098775327206,1,0.05374704860150814,15.0,11,logistic_regression,5,228169,3200,5,16,74749b9de8a69391,5,success,coarse,3200,0,1.2284576948732138
16,0.32866804860532284,1,0.09989277273416519,11.206896551724139,1,logistic_regression,30,228169,3200,29,16,74749b9de8a69391,5,success,fine,3200,1,1.5553201446309686
32,0.044097804464399815,1,0.052971421740949154,27.8,11,logistic_regression,5,228169,3200,5,32,74749b9de8a69391,5,success,coarse,3200,0,1.2062479881569743
32,0.33065489679574966,1,0.09405775647610426,20.17241379310345,1,logistic_regression,30,228169,3200,29,32,74749b9de8a69391,5,success,fine,3200,1,1.5356781324371696
8,0.0537171708419919,1,0.05329112708568573,8.0,8,logistic_regression,5,228169,3200,5,8,74749b9de8a69391,5,success,coarse,3200,0,1.203892506659031
8,0.33733689598739147,1,0.09518674481660128,6.379310344827586,1,logistic_regression,30,228169,3200,29,8,74749b9de8a69391,5,success,fine,3200,1,1.523409130051732
16,0.08959259185940027,1,0.05304034613072872,15.4,13,logistic_regression,5,228169,6400,5,16,74749b9de8a69391,5,success,coarse,6400,0,1.2457777820527554
16,0.6948108384385705,1,0.09886642917990685,12.379310344827585,1,logistic_regression,30,228169,6400,29,16,74749b9de8a69391,5,success,fine,6400,1,1.9060183325782418
32,0.11022469587624073,1,0.0532838711515069,29.8,21,logistic_regression,5,228169,6400,5,32,74749b9de8a69391,5,success,coarse,6400,0,1.2822662368416786
32,0.7173028672114015,1,0.09407345671206713,22.137931034482758,1,logistic_regression,30,228169,6400,29,32,74749b9de8a69391,5,success,fine,6400,1,1.9362101554870605
8,0.10564265865832567,1,0.05497447960078716,8.0,8,logistic_regression,5,228169,6400,5,8,74749b9de8a69391,5,success,coarse,6400,0,1.2674705376848578
8,0.7305608550086617,1,0.09601143095642328,6.586206896551724,1,logistic_regression,30,228169,6400,29,8,74749b9de8a69391,5,success,fine,6400,1,1.9395722700282931
16,0.047649494372308254,1,0.05593354348093271,14.8,10,logistic_regression,5,228169,3200,5,16,74749b9de8a69391,6,success,coarse,3200,0,1.1953738452866673
16,0.28856160026043653,1,0.09551428817212582,10.827586206896552,1,logistic_regression,30,228169,3200,29,16,74749b9de8a69391,6,success,fine,3200,1,1.4766083722934127
32,0.04986670892685652,1,0.05307214893400669,27.6,10,logistic_regression,5,228169,3200,5,32,74749b9de8a69391,6,success,coarse,3200,0,1.2090714778751135
32,0.32399757113307714,1,0.09680982027202845,19.0,1,logistic_regression,30,228169,3200,29,32,74749b9de8a69391,6,success,fine,3200,1,1.520639126189053
8,0.05060584004968405,1,0.05583856254816055,8.0,8,logistic_regression,5,228169,3200,5,8,74749b9de8a69391,6,success,coarse,3200,0,1.2288470305502415
8,0.2837844341993332,1,0.09736023843288422,6.172413793103448,1,logistic_regression,30,228169,3200,29,8,74749b9de8a69391,6,success,fine,3200,1,1.480974355712533
16,0.09675239771604538,1,0.05265521816909313,16.0,16,logistic_regression,5,228169,6400,5,16,74749b9de8a69391,6,success,coarse,6400,0,1.2466075886040926
16,0.8564307820051908,1,0.09568215347826481,11.758620689655173,1,logistic_regression,30,228169,6400,29,16,74749b9de8a69391,6,success,fine,6400,1,2.0612821439281106
32,0.10698531568050385,1,0.05203643813729286,29.4,19,logistic_regression,5,228169,6400,5,32,74749b9de8a69391,6,success,coarse,6400,0,1.2697799215093255
32,0.7991559989750385,1,0.0924404114484787,21.17241379310345,1,logistic_regression,30,228169,6400,29,32,74749b9de8a69391,6,success,fine,6400,1,1.9982318226248026
8,0.11392222624272108,1,0.05250075738877058,8.0,8,logistic_regression,5,228169,6400,5,8,74749b9de8a69391,6,success,coarse,6400,0,1.2598263639956713
8,0.6898495070636272,1,0.09327508229762316,6.448275862068965,1,logistic_regression,30,228169,6400,29,8,74749b9de8a69391,6,success,fine,6400,1,1.8712452640756965
16,0.05011929012835026,1,0.052234774455428123,14.8,10,logistic_regression,5,228169,3200,5,16,74749b9de8a69391,7,success,coarse,3200,0,1.1932651679962873
16,0.34841085132211447,1,0.09353044908493757,10.933333333333334,1,logistic_regression,30,228169,3200,30,16,74749b9de8a69391,7,success,fine,3200,0,1.5409415131434798
32,0.044521113857626915,1,0.0518769221380353,27.6,10,logistic_regression,5,228169,3200,5,32,74749b9de8a69391,7,success,coarse,3200,0,1.1835708320140839
32,0.3311225874349475,1,0.100784195587039,18.9,1,logistic_regression,30,228169,3200,30,32,74749b9de8a69391,7,success,fine,3200,0,1.533214625902474
8,0.043297587893903255,1,0.052477024495601654,7.4,5,logistic_regression,5,228169,3200,5,8,74749b9de8a69391,7,success,coarse,3200,0,1.1841298267245293
8,0.2906557098031044,1,0.09736644756048918,6.1,1,logistic_regression,30,228169,3200,30,8,74749b9de8a69391,7,success,fine,3200,0,1.4841436203569174
16,0.09612663555890322,1,0.05207133386284113,15.0,11,logistic_regression,5,228169,6400,5,16,74749b9de8a69391,7,success,coarse,6400,0,1.2622515419498086
16,0.89147081784904,1,0.0974688557907939,11.566666666666666,1,logistic_regression,30,228169,6400,30,16,74749b9de8a69391,7,success,fine,6400,0,2.0861220117658377
32,0.12918536085635424,1,0.051844336092472076,29.4,19,logistic_regression,5,228169,6400,5,32,74749b9de8a69391,7,success,coarse,6400,0,1.2913715643808246
32,0.8651041565462947,1,0.09734133817255497,21.166666666666668,1,logistic_regression,30,228169,6400,30,32,74749b9de8a69391,7,success,fine,6400,0,2.0713612055405974
8,0.10568406339734793,1,0.052021799609065056,7.4,5,logistic_regression,5,228169,6400,5,8,74749b9de8a69391,7,success,coarse,6400,0,1.247074301354587
8,0.8136001098901033,1,0.09414816368371248,6.233333333333333,1,logistic_regression,30,228169,6400,30,8,74749b9de8a69391,7,success,fine,6400,0,2.0080825220793486
16,0.06595495902001858,1,0.05252791661769152,15.4,13,logistic_regression,5,228169,3200,5,16,74749b9de8a69391,8,success,coarse,3200,0,1.2315930156037211
16,0.3243163852021098,1,0.09791772160679102,11.517241379310345,2,logistic_regression,30,228169,3200,29,16,74749b9de8a69391,8,success,fine,3200,1,1.511783861555159
32,0.05623737908899784,1,0.0518224760890007,28.2,13,logistic_regression,5,228169,3200,5,32,74749b9de8a69391,8,success,coarse,3200,0,1.2050264291465282
32,0.3308649957180023,1,0.09217975661158562,19.75862068965517,2,logistic_regression,30,228169,3200,29,32,74749b9de8a69391,8,success,fine,3200,1,1.504845378920436
8,0.05196695867925882,1,0.05185813829302788,7.8,7,logistic_regression,5,228169,3200,5,8,74749b9de8a69391,8,success,coarse,3200,0,1.1932911640033126
8,0.32116484083235264,1,0.09220645297318697,6.206896551724138,1,logistic_regression,30,228169,3200,29,8,74749b9de8a69391,8,success,fine,3200,1,1.497526510618627
16,0.11454543936997652,1,0.05187095049768686,15.8,15,logistic_regression,5,228169,6400,5,16,74749b9de8a69391,8,success,coarse,6400,0,1.253739234060049
16,0.8365057855844498,1,0.0921452073380351,12.137931034482758,2,logistic_regression,30,228169,6400,29,16,74749b9de8a69391,8,success,fine,6400,1,2.0210807537660003
32,0.11834587808698416,1,0.05709520075470209,30.6,25,logistic_regression,5,228169,6400,5,32,74749b9de8a69391,8,success,coarse,6400,0,1.278045579791069
32,0.636001493781805,1,0.09550834447145462,22.620689655172413,2,logistic_regression,30,228169,6400,29,32,74749b9de8a69391,8,success,fine,6400,1,1.8196537028998137
8,0.11105415131896734,1,0.05198729317635298,7.8,7,logistic_regression,5,228169,6400,5,8,74749b9de8a69391,8,success,coarse,6400,0,1.2583360001444817
8,0.7826250670477748,1,0.09604853764176369,6.413793103448276,1,logistic_regression,30,228169,6400,29,8,74749b9de8a69391,8,success,fine,6400,1,1.9696875466033816
16,0.04677411075681448,1,0.05390279181301594,14.0,6,logistic_regression,5,228169,3200,5,16,74749b9de8a69391,9,success,coarse,3200,0,1.1980723664164543
16,0.31647264771163464,1,0.09254445601254702,11.148148148148149,1,logistic_regression,30,228169,3200,27,16,74749b9de8a69391,9,success,fine,3200,3,1.5206283852458
32,0.05323820188641548,1,0.05212674383074045,26.8,6,logistic_regression,5,228169,3200,5,32,74749b9de8a69391,9,success,coarse,3200,0,1.188220982439816
32,0.3057674169540405,1,0.08940992224961519,19.962962962962962,1,logistic_regression,30,228169,3200,27,32,74749b9de8a69391,9,success,fine,3200,3,1.496665509417653
8,0.04932622704654932,1,0.0517613273113966,7.6,6,logistic_regression,5,228169,3200,5,8,74749b9de8a69391,9,success,coarse,3200,0,1.1830396438017488
8,0.28900684509426355,1,0.08921730238944292,6.222222222222222,1,logistic_regression,30,228169,3200,27,8,74749b9de8a69391,9,success,fine,3200,3,1.4706698637455702
16,0.09329806175082922,1,0.05330290924757719,15.0,11,logistic_regression,5,228169,6400,5,16,74749b9de8a69391,9,success,coarse,6400,0,1.2424581572413445
16,0.7996199708431959,1,0.08926475886255503,12.185185185185185,1,logistic_regression,30,228169,6400,27,16,74749b9de8a69391,9,success,fine,6400,3,1.9891499066725373
32,0.10450341552495956,1,0.05516763124614954,27.8,11,logistic_regression,5,228169,6400,5,32,74749b9de8a69391,9,success,coarse,6400,0,1.2547318087890744
32,0.820614218711853,1,0.09171390347182751,21.666666666666668,1,logistic_regression,30,228169,6400,27,32,74749b9de8a69391,9,success,fine,6400,3,2.0152993695810437
8,0.08794452901929617,1,0.05194689612835646,7.8,7,logistic_regression,5,228169,6400,5,8,74749b9de8a69391,9,success,coarse,6400,0,1.227195980027318
8,0.7947277314960957,1,0.09233929216861725,6.37037037037037,1,logistic_regression,30,228169,6400,27,8,74749b9de8a69391,9,success,fine,6400,3,1.9733146512880921
16,0.05686203949153423,1,0.05205568019300699,15.0,11,logistic_regression,5,228169,3200,5,16,74749b9de8a69391,10,success,coarse,3200,0,1.2097940342500806
16,0.40020164009183645,1,0.09905051626265049,11.3,1,logistic_regression,30,228169,3200,30,16,74749b9de8a69391,10,success,fine,3200,0,1.5946596013382077
32,0.05501266196370125,1,0.051968662068247795,27.8,11,logistic_regression,5,228169,3200,5,32,74749b9de8a69391,10,success,coarse,3200,0,1.2138604437932372
32,0.4046607557684183,1,0.09396326076239347,19.966666666666665,1,logistic_regression,30,228169,3200,30,32,74749b9de8a69391,10,success,fine,3200,0,1.6063395189121366
8,0.05798076745122671,1,0.05359451565891504,7.6,6,logistic_regression,5,228169,3200,5,8,74749b9de8a69391,10,success,coarse,3200,0,1.1925705950707197
8,0.3594701113179326,1,0.09431858826428652,6.166666666666667,1,logistic_regression,30,228169,3200,30,8,74749b9de8a69391,10,success,fine,3200,0,1.5732288314029574
16,0.1159235630184412,1,0.052020381204783916,15.2,12,logistic_regression,5,228169,6400,5,16,74749b9de8a69391,10,success,coarse,6400,0,1.2589933332055807
16,0.8583617946133018,1,0.0944795124232769,12.033333333333333,1,logistic_regression,30,228169,6400,30,16,74749b9de8a69391,10,success,fine,6400,0,2.063928708434105
32,0.11035298649221659,1,0.05234535597264767,29.8,21,logistic_regression,5,228169,6400,5,32,74749b9de8a69391,10,success,coarse,6400,0,1.2814044104889035
32,0.7847697222605348,1,0.09720361698418856,22.333333333333332,1,logistic_regression,30,228169,6400,30,32,74749b9de8a69391,10,success,fine,6400,0,1.9780247574672103
8,0.099609331227839,1,0.051930785179138184,7.6,6,logistic_regression,5,228169,6400,5,8,74749b9de8a69391,10,success,coarse,6400,0,1.2359432224184275
8,0.6965171778574586,1,0.1001887172460556,6.3,1,logistic_regression,30,228169,6400,30,8,74749b9de8a69391,10,success,fine,6400,0,1.892456297762692
16,0.05378696694970131,1,0.05449279025197029,15.4,13,logistic_regression,5,228169,3200,5,16,74749b9de8a69391,11,success,coarse,3200,0,1.1873341361060739
16,0.3217811519280076,1,0.09788659773766994,11.066666666666666,1,logistic_regression,30,228169,3200,30,16,74749b9de8a69391,11,success,fine,3200,0,1.4994127843528986
32,0.061088486574590206,1,0.051827406510710716,28.2,13,logistic_regression,5,228169,3200,5,32,74749b9de8a69391,11,success,coarse,3200,0,1.2142236111685634
32,0.3249105019494891,1,0.09386646281927824,19.2,1,logistic_regression,30,228169,3200,30,32,74749b9de8a69391,11,success,fine,3200,0,1.5291096307337284
8,0.05017675179988146,1,0.051870488561689854,8.0,8,logistic_regression,5,228169,3200,5,8,74749b9de8a69391,11,success,coarse,3200,0,1.206201370805502
8,0.31280973833054304,1,0.09362948685884476,6.066666666666666,1,logistic_regression,30,228169,3200,30,8,74749b9de8a69391,11,success,fine,3200,0,1.5296768732368946
16,0.12253874726593494,1,0.05182909965515137,15.8,15,logistic_regression,5,228169,6400,5,16,74749b9de8a69391,11,success,coarse,6400,0,1.2632059026509523
16,0.7204781696200371,1,0.0960633410140872,12.0,1,logistic_regression,30,228169,6400,30,16,74749b9de8a69391,11,success,fine,6400,0,1.913134127855301
32,0.10326306987553835,1,0.05238837283104658,30.6,25,logistic_regression,5,228169,6400,5,32,74749b9de8a69391,11,success,coarse,6400,0,1.2781519563868642
32,0.6979755777865648,1,0.09794797282665968,21.766666666666666,1,logistic_regression,30,228169,6400,30,32,74749b9de8a69391,11,success,fine,6400,0,1.902731105685234
8,0.09808317199349403,1,0.05407859291881323,8.0,8,logistic_regression,5,228169,6400,5,8,74749b9de8a69391,11,success,coarse,6400,0,1.2347486652433872
8,0.7405826449394226,1,0.09777501411736012,6.233333333333333,1,logistic_regression,30,228169,6400,30,8,74749b9de8a69391,11,success,fine,6400,0,1.943413675762713
16,0.05965704657137394,1,0.052613030187785625,14.6,9,logistic_regression,5,228169,3200,5,16,74749b9de8a69391,12,success,coarse,3200,0,1.1997593641281128
16,0.297162014991045,1,0.08774121198803186,11.142857142857142,1,logistic_regression,30,228169,3200,28,16,74749b9de8a69391,12,success,fine,3200,2,1.4786997390910983
32,0.061649417504668236,1,0.05246059317141771,27.4,9,logistic_regression,5,228169,3200,5,32,74749b9de8a69391,12,success,coarse,3200,0,1.2291269972920418
32,0.2875357000157237,1,0.094848464243114,19.607142857142858,1,logistic_regression,30,228169,3200,28,32,74749b9de8a69391,12,success,fine,3200,2,1.4937559384852648
8,0.055132247507572174,1,0.052995871752500534,7.8,7,logistic_regression,5,228169,3200,5,8,74749b9de8a69391,12,success,coarse,3200,0,1.1959494212642312
8,0.2554912222549319,1,0.08768500667065382,6.285714285714286,1,logistic_regression,30,228169,3200,28,8,74749b9de8a69391,12,success,fine,3200,2,1.425441543571651
16,0.11460755486041307,1,0.05259872134774923,15.6,14,logistic_regression,5,228169,6400,5,16,74749b9de8a69391,12,success,coarse,6400,0,1.2747596418485045
16,0.7564601609483361,1,0.09013997204601765,12.357142857142858,1,logistic_regression,30,228169,6400,28,16,74749b9de8a69391,12,success,fine,6400,2,1.938693999312818
32,0.12483586184680462,1,0.05490695219486952,29.0,17,logistic_regression,5,228169,6400,5,32,74749b9de8a69391,12,success,coarse,6400,0,1.281364225782454
32,0.7267159754410386,1,0.09423146583139896,21.857142857142858,1,logistic_regression,30,228169,6400,28,32,74749b9de8a69391,12,success,fine,6400,2,1.923598282970488
8,0.12074659019708633,1,0.051886847242712975,7.8,7,logistic_regression,5,228169,6400,5,8,74749b9de8a69391,12,success,coarse,6400,0,1.2557347053661942
8,0.6733949240297079,1,0.08714097831398249,6.678571428571429,1,logistic_regression,30,228169,6400,28,8,74749b9de8a69391,12,success,fine,6400,2,1.8511918019503355
16,0.05764301400631666,1,0.05337442923337221,15.4,13,logistic_regression,5,228169,3200,5,16,74749b9de8a69391,13,success,coarse,3200,0,1.205646456219256
16,0.4337816732004285,1,0.09747325256466866,10.96551724137931,1,logistic_regression,30,228169,3200,29,16,74749b9de8a69391,13,success,fine,3200,1,1.631148925051093
32,0.05143986362963915,1,0.053192246705293655,28.2,13,logistic_regression,5,228169,3200,5,32,74749b9de8a69391,13,success,coarse,3200,0,1.2153737545013428
32,0.3848823308944702,1,0.09388892725110054,19.413793103448278,1,logistic_regression,30,228169,3200,29,32,74749b9de8a69391,13,success,fine,3200,1,1.5738195413723588
8,0.05112737696617842,1,0.056303637102246284,8.0,8,logistic_regression,5,228169,3200,5,8,74749b9de8a69391,13,success,coarse,3200,0,1.1980493143200874
8,0.32829365227371454,1,0.09489304386079311,6.172413793103448,1,logistic_regression,30,228169,3200,29,8,74749b9de8a69391,13,success,fine,3200,1,1.5125883668661118
16,0.1276990082114935,1,0.054085531271994114,15.8,15,logistic_regression,5,228169,6400,5,16,74749b9de8a69391,13,success,coarse,6400,0,1.2847503460943699
16,0.875341079197824,1,0.09684719145298004,12.068965517241379,1,logistic_regression,30,228169,6400,29,16,74749b9de8a69391,13,success,fine,6400,1,2.0777876107022166
32,0.11440020333975554,1,0.053813676349818707,30.6,25,logistic_regression,5,228169,6400,5,32,74749b9de8a69391,13,success,coarse,6400,0,1.2797406148165464
32,0.7872986570000648,1,0.09402501303702593,21.655172413793103,1,logistic_regression,30,228169,6400,29,32,74749b9de8a69391,13,success,fine,6400,1,1.980020564980805
8,0.10253964085131884,1,0.056363869458436966,8.0,8,logistic_regression,5,228169,6400,5,8,74749b9de8a69391,13,success,coarse,6400,0,1.257811363786459
8,0.863108554854989,1,0.09769076853990555,6.379310344827586,1,logistic_regression,30,228169,6400,29,8,74749b9de8a69391,13,success,fine,6400,1,2.0513504687696695
16,0.04419067408889532,1,0.05488600581884384,15.0,11,logistic_regression,5,228169,3200,5,16,74749b9de8a69391,14,success,coarse,3200,0,1.186006436124444
16,0.33258654549717903,1,0.09408900141716003,11.689655172413794,1,logistic_regression,30,228169,3200,29,16,74749b9de8a69391,14,success,fine,3200,1,1.5261296378448606
32,0.051433635875582695,1,0.053761228919029236,27.8,11,logistic_regression,5,228169,3200,5,32,74749b9de8a69391,14,success,coarse,3200,0,1.197248593904078
32,0.3544484982267022,1,0.09783356636762619,19.896551724137932,1,logistic_regression,30,228169,3200,29,32,74749b9de8a69391,14,success,fine,3200,1,1.558224132284522
8,0.04669150337576866,1,0.05420699343085289,7.8,7,logistic_regression,5,228169,3200,5,8,74749b9de8a69391,14,success,coarse,3200,0,1.1992470044642687
8,0.3226887881755829,1,0.09799844026565552,6.551724137931035,1,logistic_regression,30,228169,3200,29,8,74749b9de8a69391,14,success,fine,3200,1,1.5267261657863855
16,0.09484835434705019,1,0.05365127604454756,15.8,15,logistic_regression,5,228169,6400,5,16,74749b9de8a69391,14,success,coarse,6400,0,1.2424845853820443
16,0.7449628403410316,1,0.09713889192789793,12.655172413793103,1,logistic_regression,30,228169,6400,29,16,74749b9de8a69391,14,success,fine,6400,1,1.9233030574396253
32,0.08929970860481262,1,0.05400517396628857,29.8,21,logistic_regression,5,228169,6400,5,32,74749b9de8a69391,14,success,coarse,6400,0,1.2394633805379272
32,0.8089355900883675,1,0.09305786527693272,23.0,1,logistic_regression,30,228169,6400,29,32,74749b9de8a69391,14,success,fine,6400,1,2.0147989178076386
8,0.09245263133198023,1,0.05152833927422762,7.8,7,logistic_regression,5,228169,6400,5,8,74749b9de8a69391,14,success,coarse,6400,0,1.228359037078917
8,0.6556417252868414,1,0.09416299127042294,6.620689655172414,1,logistic_regression,30,228169,6400,29,8,74749b9de8a69391,14,success,fine,6400,1,1.8626120649278164
16,0.05294753797352314,1,0.05254316423088312,15.4,13,logistic_regression,5,228169,3200,5,16,74749b9de8a69391,15,success,coarse,3200,0,1.2042417731136084
16,0.28007722645998,1,0.08732337318360806,11.642857142857142,2,logistic_regression,30,228169,3200,28,16,74749b9de8a69391,15,success,fine,3200,2,1.469866688363254
32,0.050251356326043606,1,0.05239084642380476,28.2,13,logistic_regression,5,228169,3200,5,32,74749b9de8a69391,15,success,coarse,3200,0,1.232279253192246
32,0.3200816214084625,1,0.09055396169424057,20.428571428571427,2,logistic_regression,30,228169,3200,28,32,74749b9de8a69391,15,success,fine,3200,2,1.5112592903897166
8,0.053441302850842476,1,0.05347360111773014,8.0,8,logistic_regression,5,228169,3200,5,8,74749b9de8a69391,15,success,coarse,3200,0,1.212684277445078
8,0.29738648515194654,1,0.09106004610657692,6.464285714285714,1,logistic_regression,30,228169,3200,28,8,74749b9de8a69391,15,success,fine,3200,2,1.478843537159264
16,0.0988761568441987,1,0.05548791866749525,15.8,15,logistic_regression,5,228169,6400,5,16,74749b9de8a69391,15,success,coarse,6400,0,1.297713004052639
16,0.6734825614839792,1,0.09160889778286219,12.642857142857142,2,logistic_regression,30,228169,6400,28,16,74749b9de8a69391,15,success,fine,6400,2,1.8705917969346046
32,0.10634784307330847,1,0.053376819007098675,30.4,24,logistic_regression,5,228169,6400,5,32,74749b9de8a69391,15,success,coarse,6400,0,1.2853631330654025
32,0.8520086547359824,1,0.09097402170300484,22.821428571428573,2,logistic_regression,30,228169,6400,28,32,74749b9de8a69391,15,success,fine,6400,2,2.055708710104227
8,0.11305006872862577,1,0.052280073054134846,8.0,8,logistic_regression,5,228169,6400,5,8,74749b9de8a69391,15,success,coarse,6400,0,1.253894604742527
8,0.7008947767317295,1,0.08747847471386194,6.714285714285714,1,logistic_regression,30,228169,6400,28,8,74749b9de8a69391,15,success,fine,6400,2,1.880124043673277
16,0.05949818156659603,1,0.05376040190458298,14.6,9,logistic_regression,5,228169,3200,5,16,74749b9de8a69391,16,success,coarse,3200,0,1.1997133009135723
16,0.2890492342412472,1,0.09519653115421534,11.366666666666667,1,logistic_regression,30,228169,3200,30,16,74749b9de8a69391,16,success,fine,3200,0,1.474876924417913
32,0.06808195542544127,1,0.05687975510954857,27.4,9,logistic_regression,5,228169,3200,5,32,74749b9de8a69391,16,success,coarse,3200,0,1.250489049591124
32,0.32556363195180893,1,0.09907264355570078,19.833333333333332,1,logistic_regression,30,228169,3200,30,32,74749b9de8a69391,16,success,fine,3200,0,1.531626746058464
8,0.05777320731431246,1,0.0533843208104372,8.0,8,logistic_regression,5,228169,3200,5,8,74749b9de8a69391,16,success,coarse,3200,0,1.1984966779127717
8,0.3602079851552844,1,0.1002417653799057,6.3,1,logistic_regression,30,228169,3200,30,8,74749b9de8a69391,16,success,fine,3200,0,1.5926121650263667
16,0.10102398507297039,1,0.058493033051490784,16.0,16,logistic_regression,5,228169,6400,5,16,74749b9de8a69391,16,success,coarse,6400,0,1.2661351943388581
16,0.7837382471188903,1,0.10015828255563974,12.266666666666667,1,logistic_regression,30,228169,6400,30,16,74749b9de8a69391,16,success,fine,6400,0,1.9894119370728731
32,0.12252491805702448,1,0.05371970310807228,29.0,17,logistic_regression,5,228169,6400,5,32,74749b9de8a69391,16,success,coarse,6400,0,1.2802993403747678
32,0.7674839245155454,1,0.09562733676284552,22.166666666666668,1,logistic_regression,30,228169,6400,30,32,74749b9de8a69391,16,success,fine,6400,0,1.9719941271468997
8,0.10701084602624178,1,0.053117264062166214,8.0,8,logistic_regression,5,228169,6400,5,8,74749b9de8a69391,16,success,coarse,6400,0,1.2612481974065304
8,0.72794686909765,1,0.09578329790383577,6.5,1,logistic_regression,30,228169,6400,30,8,74749b9de8a69391,16,success,fine,6400,0,1.9240206312388182
16,0.05335736274719238,1,0.05373251251876354,15.8,15,logistic_regression,5,228169,3200,5,16,74749b9de8a69391,17,success,coarse,3200,0,1.2054002610966563
16,0.3030267748981714,1,0.08838069718331099,11.642857142857142,1,logistic_regression,30,228169,3200,28,16,74749b9de8a69391,17,success,fine,3200,2,1.4892915841192007
32,0.05730529222637415,1,0.05360622424632311,29.2,18,logistic_regression,5,228169,3200,5,32,74749b9de8a69391,17,success,coarse,3200,0,1.2212589541450143
32,0.2960606664419174,1,0.0920636123046279,20.5,1,logistic_regression,30,228169,3200,28,32,74749b9de8a69391,17,success,fine,3200,2,1.480693838559091
8,0.058593002147972584,1,0.054778522811830044,8.0,8,logistic_regression,5,228169,3200,5,8,74749b9de8a69391,17,success,coarse,3200,0,1.228044532239437
8,0.29204935766756535,1,0.0909946458414197,6.571428571428571,1,logistic_regression,30,228169,3200,28,8,74749b9de8a69391,17,success,fine,3200,2,1.4839884154498577
16,0.11265142355114222,1,0.0543619729578495,15.8,15,logistic_regression,5,228169,6400,5,16,74749b9de8a69391,17,success,coarse,6400,0,1.2604698203504086
16,0.6712712971493602,1,0.09105195291340351,12.607142857142858,1,logistic_regression,30,228169,6400,28,16,74749b9de8a69391,17,success,fine,6400,2,1.8724974878132343
32,0.10673679132014513,1,0.0534716947004199,31.6,30,logistic_regression,5,228169,6400,5,32,74749b9de8a69391,17,success,coarse,6400,0,1.2590711312368512
32,0.6980019751936197,1,0.0879433574154973,23.107142857142858,1,logistic_regression,30,228169,6400,28,32,74749b9de8a69391,17,success,fine,6400,2,1.9009441630914807
8,0.09450363088399172,1,0.05357740260660648,8.0,8,logistic_regression,5,228169,6400,5,8,74749b9de8a69391,17,success,coarse,6400,0,1.2324219336733222
8,0.7150505390018225,1,0.0886835902929306,6.821428571428571,1,logistic_regression,30,228169,6400,28,8,74749b9de8a69391,17,success,fine,6400,2,1.886595425195992
16,0.06305872555822134,1,0.05355418846011162,15.4,13,logistic_regression,5,228169,3200,5,16,74749b9de8a69391,18,success,coarse,3200,0,1.2023261189460754
16,0.37344253715127707,1,0.09743945300579071,11.233333333333333,1,logistic_regression,30,228169,3200,30,16,74749b9de8a69391,18,success,fine,3200,0,1.5655233953148127
32,0.07185912504792213,1,0.05323934927582741,28.2,13,logistic_regression,5,228169,3200,5,32,74749b9de8a69391,18,success,coarse,3200,0,1.2204618286341429
32,0.3616048600524664,1,0.093233079649508,19.8,1,logistic_regression,30,228169,3200,30,32,74749b9de8a69391,18,success,fine,3200,0,1.576698294840753
8,0.05437417235225439,1,0.056351651437580585,8.0,8,logistic_regression,5,228169,3200,5,8,74749b9de8a69391,18,success,coarse,3200,0,1.2044653333723545
8,0.33898859936743975,1,0.09572705905884504,6.166666666666667,1,logistic_regression,30,228169,3200,30,8,74749b9de8a69391,18,success,fine,3200,0,1.5226907720789313
16,0.11850320734083652,1,0.05372724775224924,16.0,16,logistic_regression,5,228169,6400,5,16,74749b9de8a69391,18,success,coarse,6400,0,1.2576966769993305
16,0.9016234967857599,1,0.09506336133927107,12.233333333333333,2,logistic_regression,30,228169,6400,30,16,74749b9de8a69391,18,success,fine,6400,0,2.0942151779308915
32,0.11978719290345907,1,0.053801109082996845,30.4,24,logistic_regression,5,228169,6400,5,32,74749b9de8a69391,18,success,coarse,6400,0,1.2874473948031664
32,0.8557258052751422,1,0.09791452530771494,22.133333333333333,2,logistic_regression,30,228169,6400,30,32,74749b9de8a69391,18,success,fine,6400,0,2.0708959428593516
8,0.09297548606991768,1,0.05335361883044243,8.0,8,logistic_regression,5,228169,6400,5,8,74749b9de8a69391,18,success,coarse,6400,0,1.2356106145307422
8,0.7604932822287083,1,0.09854726865887642,6.366666666666666,1,logistic_regression,30,228169,6400,30,8,74749b9de8a69391,18,success,fine,6400,0,1.9785501137375832
16,0.051995894871652126,1,0.05389503948390484,15.4,13,logistic_regression,5,228169,3200,5,16,74749b9de8a69391,19,success,coarse,3200,0,1.2167033646255732
16,0.34191527869552374,1,0.09862538613379002,11.206896551724139,1,logistic_regression,30,228169,3200,29,16,74749b9de8a69391,19,success,fine,3200,1,1.5399813242256641
32,0.05716328416019678,1,0.05348803196102381,28.8,16,logistic_regression,5,228169,3200,5,32,74749b9de8a69391,19,success,coarse,3200,0,1.2132575809955597
32,0.3374188719317317,1,0.09387182537466288,19.896551724137932,1,logistic_regression,30,228169,3200,29,32,74749b9de8a69391,19,success,fine,3200,1,1.5475923847407103
8,0.054888129234313965,1,0.053106301464140415,7.8,7,logistic_regression,5,228169,3200,5,8,74749b9de8a69391,19,success,coarse,3200,0,1.1997808935120702
8,0.337447851896286,1,0.09375752415508032,6.379310344827586,1,logistic_regression,30,228169,3200,29,8,74749b9de8a69391,19,success,fine,3200,1,1.5388856306672096
16,0.10096962377429008,1,0.05377586279064417,15.4,13,logistic_regression,5,228169,6400,5,16,74749b9de8a69391,19,success,coarse,6400,0,1.2433786652982235
16,0.8324184371158481,1,0.09340295661240816,12.379310344827585,1,logistic_regression,30,228169,6400,29,16,74749b9de8a69391,19,success,fine,6400,1,2.0121340649202466
32,0.10173649899661541,1,0.05610154289752245,31.4,29,logistic_regression,5,228169,6400,5,32,74749b9de8a69391,19,success,coarse,6400,0,1.2555414773523808
32,0.8525911243632436,1,0.09688129648566246,21.896551724137932,1,logistic_regression,30,228169,6400,29,32,74749b9de8a69391,19,success,fine,6400,1,2.0541258975863457
8,0.11641037836670876,1,0.055038874968886375,7.8,7,logistic_regression,5,228169,6400,5,8,74749b9de8a69391,19,success,coarse,6400,0,1.27506657037884
8,0.8173863580450416,1,0.09712987579405308,6.551724137931035,1,logistic_regression,30,228169,6400,29,8,74749b9de8a69391,19,success,fine,6400,1,2.0004863487556577
16,0.05448173265904188,2,0.058599576354026794,14.6,9,logistic_regression,5,246887,3200,5,16,74749b9de8a69391,0,success,coarse,3200,0,1.3127832682803273
16,0.3421541629359126,2,0.12043039686977863,10.766666666666667,1,logistic_regression,30,246887,3200,30,16,74749b9de8a69391,0,success,fine,3200,0,1.6966739036142826
32,0.05568229407072067,2,0.05792304780334234,27.4,9,logistic_regression,5,246887,3200,5,32,74749b9de8a69391,0,success,coarse,3200,0,1.3729767641052604
32,0.3073224816471338,2,0.10264069866389036,19.5,1,logistic_regression,30,246887,3200,30,32,74749b9de8a69391,0,success,fine,3200,0,1.6164002008736134
8,0.06828182749450207,2,0.06261972710490227,7.6,6,logistic_regression,5,246887,3200,5,8,74749b9de8a69391,0,success,coarse,3200,0,1.4335826868191361
8,0.2953548338264227,2,0.10590247716754675,6.033333333333333,1,logistic_regression,30,246887,3200,30,8,74749b9de8a69391,0,success,fine,3200,0,1.6651096008718014
16,0.11580065824091434,2,0.05743653140962124,15.6,14,logistic_regression,5,246887,6400,5,16,74749b9de8a69391,0,success,coarse,6400,0,1.3931224960833788
16,0.7682388117536902,2,0.10698097664862871,11.866666666666667,1,logistic_regression,30,246887,6400,30,16,74749b9de8a69391,0,success,fine,6400,0,2.128664913587272
32,0.101049043238163,2,0.06128737796097994,29.2,18,logistic_regression,5,246887,6400,5,32,74749b9de8a69391,0,success,coarse,6400,0,1.421975091099739
32,0.7496442114934325,2,0.10279144439846277,21.1,1,logistic_regression,30,246887,6400,30,32,74749b9de8a69391,0,success,fine,6400,0,2.037223806604743
8,0.11264853458851576,2,0.05914980825036764,7.6,6,logistic_regression,5,246887,6400,5,8,74749b9de8a69391,0,success,coarse,6400,0,1.440277874469757
8,0.7152962768450379,2,0.10323454439640045,6.133333333333334,1,logistic_regression,30,246887,6400,30,8,74749b9de8a69391,0,success,fine,6400,0,2.0624565044417977
16,0.0657345736399293,2,0.06316626165062189,14.0,6,logistic_regression,5,246887,3200,5,16,74749b9de8a69391,1,success,coarse,3200,0,1.3800728898495436
16,0.30220257211476564,2,0.09490277245640755,11.142857142857142,1,logistic_regression,30,246887,3200,28,16,74749b9de8a69391,1,success,fine,3200,2,1.6345009785145521
32,0.056441315449774265,2,0.05933507438749075,26.8,6,logistic_regression,5,246887,3200,5,32,74749b9de8a69391,1,success,coarse,3200,0,1.3634062269702554
32,0.28447367530316114,2,0.09782474208623171,19.607142857142858,1,logistic_regression,30,246887,3200,28,32,74749b9de8a69391,1,success,fine,3200,2,1.6340038245543838
8,0.04442983120679855,2,0.0585673488676548,7.4,5,logistic_regression,5,246887,3200,5,8,74749b9de8a69391,1,success,coarse,3200,0,1.342776132747531
8,0.27584698144346476,2,0.09973567444831133,6.321428571428571,1,logistic_regression,30,246887,3200,28,8,74749b9de8a69391,1,success,fine,3200,2,1.6507538529112935
16,0.09943901095539331,2,0.059283288195729256,15.0,11,logistic_regression,5,246887,6400,5,16,74749b9de8a69391,1,success,coarse,6400,0,1.4122046371921897
16,0.7698370637372136,2,0.09825038630515337,12.25,1,logistic_regression,30,246887,6400,28,16,74749b9de8a69391,1,success,fine,6400,2,2.1223395876586437
32,0.09836494829505682,2,0.061175812035799026,27.8,11,logistic_regression,5,246887,6400,5,32,74749b9de8a69391,1,success,coarse,6400,0,1.405685719102621
32,0.738343795761466,2,0.09694570954889059,21.607142857142858,1,logistic_regression,30,246887,6400,28,32,74749b9de8a69391,1,success,fine,6400,2,2.0816953852772713
8,0.11754867620766163,2,0.05948197282850742,7.4,5,logistic_regression,5,246887,6400,5,8,74749b9de8a69391,1,success,coarse,6400,0,1.390661170706153
8,0.6623335592448711,2,0.10036437213420868,6.535714285714286,1,logistic_regression,30,246887,6400,28,8,74749b9de8a69391,1,success,fine,6400,2,1.9862984074279666
16,0.05359889380633831,2,0.06065503414720297,14.0,6,logistic_regression,5,246887,3200,5,16,74749b9de8a69391,2,success,coarse,3200,0,1.3508780682459474
16,0.28615638613700867,2,0.10486334562301636,11.10344827586207,2,logistic_regression,30,246887,3200,29,16,74749b9de8a69391,2,success,fine,3200,1,1.6297038737684488
32,0.05485691223293543,2,0.059580421075224876,26.8,6,logistic_regression,5,246887,3200,5,32,74749b9de8a69391,2,success,coarse,3200,0,1.3079555751755834
32,0.2910058116540313,2,0.10360338538885117,19.620689655172413,2,logistic_regression,30,246887,3200,29,32,74749b9de8a69391,2,success,fine,3200,1,1.6642562355846167
8,0.056509267538785934,2,0.05987205635756254,7.6,6,logistic_regression,5,246887,3200,5,8,74749b9de8a69391,2,success,coarse,3200,0,1.3692317679524422
8,0.31611231807619333,2,0.10789104271680117,6.172413793103448,1,logistic_regression,30,246887,3200,29,8,74749b9de8a69391,2,success,fine,3200,1,1.6754043931141496
16,0.09055501222610474,2,0.05994283128529787,15.2,12,logistic_regression,5,246887,6400,5,16,74749b9de8a69391,2,success,coarse,6400,0,1.4214823571965098
16,0.7562694232910872,2,0.10967676807194948,11.931034482758621,2,logistic_regression,30,246887,6400,29,16,74749b9de8a69391,2,success,fine,6400,1,2.0972004160284996
32,0.14935683086514473,2,0.05994786974042654,28.0,12,logistic_regression,5,246887,6400,5,32,74749b9de8a69391,2,success,coarse,6400,0,1.477543375454843
32,0.7752858614549041,2,0.10846135392785072,21.655172413793103,2,logistic_regression,30,246887,6400,29,32,74749b9de8a69391,2,success,fine,6400,1,2.1413516709581017
8,0.10033106245100498,2,0.05891629960387945,7.8,7,logistic_regression,5,246887,6400,5,8,74749b9de8a69391,2,success,coarse,6400,0,1.384489935822785
8,0.7590853776782751,2,0.10755959898233414,6.344827586206897,1,logistic_regression,30,246887,6400,29,8,74749b9de8a69391,2,success,fine,6400,1,2.0673566116020083
16,0.047558330930769444,2,0.060857425443828106,14.4,8,logistic_regression,5,246887,3200,5,16,74749b9de8a69391,3,success,coarse,3200,0,1.3707379009574652
16,0.3041297858580947,2,0.10843056906014681,10.862068965517242,1,logistic_regression,30,246887,3200,29,16,74749b9de8a69391,3,success,fine,3200,1,1.6330816289409995
32,0.04814290162175894,2,0.06301050819456577,27.2,8,logistic_regression,5,246887,3200,5,32,74749b9de8a69391,3,success,coarse,3200,0,1.3416712451726198
32,0.3002849780023098,2,0.10585422348231077,18.75862068965517,1,logistic_regression,30,246887,3200,29,32,74749b9de8a69391,3,success,fine,3200,1,1.6631961185485125
8,0.047236429527401924,2,0.06113646179437637,7.6,6,logistic_regression,5,246887,3200,5,8,74749b9de8a69391,3,success,coarse,3200,0,1.2874729968607426
8,0.30956506729125977,2,0.10543869342654943,6.103448275862069,1,logistic_regression,30,246887,3200,29,8,74749b9de8a69391,3,success,fine,3200,1,1.6793880723416805
16,0.10053135082125664,2,0.06076320540159941,15.4,13,logistic_regression,5,246887,6400,5,16,74749b9de8a69391,3,success,coarse,6400,0,1.4173582093790174
16,0.7647688454017043,2,0.103808400221169,12.03448275862069,1,logistic_regression,30,246887,6400,29,16,74749b9de8a69391,3,success,fine,6400,1,2.130871206521988
32,0.07707064971327782,2,0.05835733562707901,28.8,16,logistic_regression,5,246887,6400,5,32,74749b9de8a69391,3,success,coarse,6400,0,1.3896258752793074
32,1.0040048621594906,2,0.10584787372499704,21.448275862068964,1,logistic_regression,30,246887,6400,29,32,74749b9de8a69391,3,success,fine,6400,1,2.314651566557586
8,0.08439769502729177,2,0.060149239376187325,7.6,6,logistic_regression,5,246887,6400,5,8,74749b9de8a69391,3,success,coarse,6400,0,1.3700866680592299
8,0.6995103824883699,2,0.11244295630604029,6.172413793103448,1,logistic_regression,30,246887,6400,29,8,74749b9de8a69391,3,success,fine,6400,1,2.063819489441812
16,0.04931223765015602,2,0.06075446214526892,14.8,10,logistic_regression,5,246887,3200,5,16,74749b9de8a69391,4,success,coarse,3200,0,1.342100391164422
16,0.3226906731724739,2,0.10416312981396914,10.733333333333333,1,logistic_regression,30,246887,3200,30,16,74749b9de8a69391,4,success,fine,3200,0,1.6606414690613747
32,0.05763461720198393,2,0.057501187548041344,27.6,10,logistic_regression,5,246887,3200,5,32,74749b9de8a69391,4,success,coarse,3200,0,1.3847310803830624
32,0.31787397619336843,2,0.10260021965950727,19.333333333333332,1,logistic_regression,30,246887,3200,30,32,74749b9de8a69391,4,success,fine,3200,0,1.694112573750317
8,0.054348163306713104,2,0.05829889699816704,7.6,6,logistic_regression,5,246887,3200,5,8,74749b9de8a69391,4,success,coarse,3200,0,1.2853340115398169
8,0.307466484606266,2,0.11107898969203234,5.666666666666667,1,logistic_regression,30,246887,3200,30,8,74749b9de8a69391,4,success,fine,3200,0,1.6228638989850879
16,0.09207591414451599,2,0.05832524038851261,15.4,13,logistic_regression,5,246887,6400,5,16,74749b9de8a69391,4,success,coarse,6400,0,1.3827404472976923
16,0.8314042361453176,2,0.10830272734165192,11.433333333333334,1,logistic_regression,30,246887,6400,30,16,74749b9de8a69391,4,success,fine,6400,0,2.1997687183320522
32,0.09714141860604286,2,0.05754580907523632,29.2,18,logistic_regression,5,246887,6400,5,32,74749b9de8a69391,4,success,coarse,6400,0,1.4120271587744355
32,0.8043898520991206,2,0.10252100974321365,21.0,1,logistic_regression,30,246887,6400,30,32,74749b9de8a69391,4,success,fine,6400,0,2.178346193395555
8,0.10735274665057659,2,0.05825409013777971,7.6,6,logistic_regression,5,246887,6400,5,8,74749b9de8a69391,4,success,coarse,6400,0,1.392452602274716
8,0.7261219257488847,2,0.10398239362984896,5.733333333333333,1,logistic_regression,30,246887,6400,30,8,74749b9de8a69391,4,success,fine,6400,0,2.054462019354105
16,0.04969718027859926,2,0.060723098926246166,14.2,7,logistic_regression,5,246887,3200,5,16,74749b9de8a69391,5,success,coarse,3200,0,1.3662850763648748
16,0.2838252605870366,2,0.09637442044913769,11.785714285714286,1,logistic_regression,30,246887,3200,28,16,74749b9de8a69391,5,success,fine,3200,2,1.6032878691330552
32,0.05306719522923231,2,0.062450844794511795,27.0,7,logistic_regression,5,246887,3200,5,32,74749b9de8a69391,5,success,coarse,3200,0,1.3313352214172482
32,0.30277342814952135,2,0.1001903610303998,21.035714285714285,1,logistic_regression,30,246887,3200,28,32,74749b9de8a69391,5,success,fine,3200,2,1.6217249995097518
8,0.05511875171214342,2,0.058286153711378574,7.8,7,logistic_regression,5,246887,3200,5,8,74749b9de8a69391,5,success,coarse,3200,0,1.341351406648755
8,0.3329000072553754,2,0.09969763178378344,6.357142857142857,1,logistic_regression,30,246887,3200,28,8,74749b9de8a69391,5,success,fine,3200,2,1.6821815315634012
16,0.10250407364219427,2,0.057607597671449184,15.4,13,logistic_regression,5,246887,6400,5,16,74749b9de8a69391,5,success,coarse,6400,0,1.4097694847732782
16,0.6937733460217714,2,0.0984890591353178,12.464285714285714,1,logistic_regression,30,246887,6400,28,16,74749b9de8a69391,5,success,fine,6400,2,1.9866923233494163
32,0.11220115236938,2,0.06134083494544029,28.2,13,logistic_regression,5,246887,6400,5,32,74749b9de8a69391,5,success,coarse,6400,0,1.4270808743312955
32,0.8427858483046293,2,0.09821131732314825,23.0,1,logistic_regression,30,246887,6400,28,32,74749b9de8a69391,5,success,fine,6400,2,2.148386019282043
8,0.11395688727498055,2,0.058302661404013634,7.8,7,logistic_regression,5,246887,6400,5,8,74749b9de8a69391,5,success,coarse,6400,0,1.4003927549347281
8,0.7266706395894289,2,0.09589371737092733,6.5,1,logistic_regression,30,246887,6400,28,8,74749b9de8a69391,5,success,fine,6400,2,2.0253506964072585
16,0.05744864419102669,2,0.05789994727820158,15.0,11,logistic_regression,5,246887,3200,5,16,74749b9de8a69391,6,success,coarse,3200,0,1.3466228302568197
16,0.32197421602904797,2,0.10269252117723227,11.0,1,logistic_regression,30,246887,3200,30,16,74749b9de8a69391,6,success,fine,3200,0,1.6611734507605433
32,0.052538163028657436,2,0.05920212995260954,27.8,11,logistic_regression,5,246887,3200,5,32,74749b9de8a69391,6,success,coarse,3200,0,1.3642480038106441
32,0.2742466200143099,2,0.10276249796152115,19.033333333333335,2,logistic_regression,30,246887,3200,30,32,74749b9de8a69391,6,success,fine,3200,0,1.6071691904217005
8,0.05662852991372347,2,0.05902484338730574,7.6,6,logistic_regression,5,246887,3200,5,8,74749b9de8a69391,6,success,coarse,3200,0,1.3385742651298642
8,0.3459289148449898,2,0.10685775894671679,5.966666666666667,1,logistic_regression,30,246887,3200,30,8,74749b9de8a69391,6,success,fine,3200,0,1.6857653446495533
16,0.10687203891575336,2,0.05780134256929159,15.0,11,logistic_regression,5,246887,6400,5,16,74749b9de8a69391,6,success,coarse,6400,0,1.397456550039351
16,0.7862947201356292,2,0.10772239789366722,11.766666666666667,1,logistic_regression,30,246887,6400,30,16,74749b9de8a69391,6,success,fine,6400,0,2.1044378457590938
32,0.11738239042460918,2,0.0580909363925457,30.0,22,logistic_regression,5,246887,6400,5,32,74749b9de8a69391,6,success,coarse,6400,0,1.3889608001336455
32,0.6857694769278169,2,0.10236572194844484,21.533333333333335,2,logistic_regression,30,246887,6400,30,32,74749b9de8a69391,6,success,fine,6400,0,1.9883862975984812
8,0.1159877385944128,2,0.05788297392427921,7.6,6,logistic_regression,5,246887,6400,5,8,74749b9de8a69391,6,success,coarse,6400,0,1.4404579689726233
8,0.9502632841467857,2,0.11114964634180069,6.033333333333333,1,logistic_regression,30,246887,6400,30,8,74749b9de8a69391,6,success,fine,6400,0,2.3171934876590967
16,0.053258974105119705,2,0.05791386403143406,15.4,13,logistic_regression,5,246887,3200,5,16,74749b9de8a69391,7,success,coarse,3200,0,1.3767330162227154
16,0.33193452283740044,2,0.10512042418122292,10.96551724137931,1,logistic_regression,30,246887,3200,29,16,74749b9de8a69391,7,success,fine,3200,1,1.6579298777505755
32,0.05028046295046806,2,0.057437604293227196,28.2,13,logistic_regression,5,246887,3200,5,32,74749b9de8a69391,7,success,coarse,3200,0,1.3292523203417659
32,0.3963409848511219,2,0.10153495892882347,19.79310344827586,2,logistic_regression,30,246887,3200,29,32,74749b9de8a69391,7,success,fine,3200,1,1.738339995034039
8,0.05051465053111315,2,0.05741801392287016,7.8,7,logistic_regression,5,246887,3200,5,8,74749b9de8a69391,7,success,coarse,3200,0,1.3518122946843505
8,0.357252998277545,2,0.10126159805804491,6.137931034482759,1,logistic_regression,30,246887,3200,29,8,74749b9de8a69391,7,success,fine,3200,1,1.6804494066163898
16,0.11710306443274021,2,0.05733950063586235,15.4,13,logistic_regression,5,246887,6400,5,16,74749b9de8a69391,7,success,coarse,6400,0,1.3975088261067867
16,0.7647056793794036,2,0.10260601062327623,11.724137931034482,1,logistic_regression,30,246887,6400,29,16,74749b9de8a69391,7,success,fine,6400,1,2.140806316398084
32,0.11442429292947054,2,0.057679809629917145,30.6,25,logistic_regression,5,246887,6400,5,32,74749b9de8a69391,7,success,coarse,6400,0,1.4548151604831219
32,0.8793716775253415,2,0.10460459068417549,21.586206896551722,2,logistic_regression,30,246887,6400,29,32,74749b9de8a69391,7,success,fine,6400,1,2.2138978727161884
8,0.11069972533732653,2,0.05734962411224842,7.8,7,logistic_regression,5,246887,6400,5,8,74749b9de8a69391,7,success,coarse,6400,0,1.3626735880970955
8,0.8386947745457292,2,0.1064158696681261,6.206896551724138,1,logistic_regression,30,246887,6400,29,8,74749b9de8a69391,7,success,fine,6400,1,2.1696025282144547
16,0.06925808545202017,2,0.05729014053940773,15.4,13,logistic_regression,5,246887,3200,5,16,74749b9de8a69391,8,success,coarse,3200,0,1.3217180268839002
16,0.32745426520705223,2,0.10479739215224981,11.206896551724139,1,logistic_regression,30,246887,3200,29,16,74749b9de8a69391,8,success,fine,3200,1,1.676790475845337
32,0.07568627316504717,2,0.057371472008526325,28.2,13,logistic_regression,5,246887,3200,5,32,74749b9de8a69391,8,success,coarse,3200,0,1.402599947527051
32,0.34720424097031355,2,0.10119136702269316,19.862068965517242,1,logistic_regression,30,246887,3200,29,32,74749b9de8a69391,8,success,fine,3200,1,1.7022173777222633
8,0.07378845103085041,2,0.05747367162257433,8.0,8,logistic_regression,5,246887,3200,5,8,74749b9de8a69391,8,success,coarse,3200,0,1.3319300534203649
8,0.2933290032669902,2,0.10081225819885731,6.310344827586207,1,logistic_regression,30,246887,3200,29,8,74749b9de8a69391,8,success,fine,3200,1,1.6149561945348978
16,0.11522115021944046,2,0.05742177926003933,16.0,16,logistic_regression,5,246887,6400,5,16,74749b9de8a69391,8,success,coarse,6400,0,1.4247917532920837
16,0.7908660238608718,2,0.10221725888550282,12.275862068965518,1,logistic_regression,30,246887,6400,29,16,74749b9de8a69391,8,success,fine,6400,1,2.1403553150594234
32,0.1325718266889453,2,0.05811973940581083,30.6,25,logistic_regression,5,246887,6400,5,32,74749b9de8a69391,8,success,coarse,6400,0,1.4596745744347572
32,0.7535624075680971,2,0.10520299430936575,21.896551724137932,1,logistic_regression,30,246887,6400,29,32,74749b9de8a69391,8,success,fine,6400,1,2.1288152681663632
8,0.13960212655365467,2,0.05874625314027071,8.0,8,logistic_regression,5,246887,6400,5,8,74749b9de8a69391,8,success,coarse,6400,0,1.4366320567205548
8,0.7128726877272129,2,0.10468209441751242,6.413793103448276,1,logistic_regression,30,246887,6400,29,8,74749b9de8a69391,8,success,fine,6400,1,2.073837519623339
16,0.04811356961727142,2,0.057487509213387966,14.6,9,logistic_regression,5,246887,3200,5,16,74749b9de8a69391,9,success,coarse,3200,0,1.3207945683971047
16,0.2586796125397086,2,0.1069348594173789,10.3,1,logistic_regression,30,246887,3200,30,16,74749b9de8a69391,9,success,fine,3200,0,1.5943686151877046
32,0.052107117138803005,2,0.05776174832135439,27.4,9,logistic_regression,5,246887,3200,5,32,74749b9de8a69391,9,success,coarse,3200,0,1.3844844494014978
32,0.2866805037483573,2,0.10709550138562918,18.366666666666667,1,logistic_regression,30,246887,3200,30,32,74749b9de8a69391,9,success,fine,3200,0,1.6610534442588687
8,0.05591121781617403,2,0.057469671592116356,8.0,8,logistic_regression,5,246887,3200,5,8,74749b9de8a69391,9,success,coarse,3200,0,1.3631159411743283
8,0.2896919259801507,2,0.10255569685250521,5.766666666666667,1,logistic_regression,30,246887,3200,30,8,74749b9de8a69391,9,success,fine,3200,0,1.6403819574043155
16,0.0946791060268879,2,0.05758280400186777,16.0,16,logistic_regression,5,246887,6400,5,16,74749b9de8a69391,9,success,coarse,6400,0,1.4018799904733896
16,0.7636334300041199,2,0.102304358035326,11.2,1,logistic_regression,30,246887,6400,30,16,74749b9de8a69391,9,success,fine,6400,0,2.1046511251479387
32,0.07235578540712595,2,0.059761082753539085,29.2,18,logistic_regression,5,246887,6400,5,32,74749b9de8a69391,9,success,coarse,6400,0,1.3642643326893449
32,0.6957009602338076,2,0.10602989606559277,20.066666666666666,1,logistic_regression,30,246887,6400,30,32,74749b9de8a69391,9,success,fine,6400,0,2.027069292962551
8,0.11200172733515501,2,0.05787213519215584,8.0,8,logistic_regression,5,246887,6400,5,8,74749b9de8a69391,9,success,coarse,6400,0,1.4008128587156534
8,0.8440371062606573,2,0.10226503945887089,5.933333333333334,1,logistic_regression,30,246887,6400,30,8,74749b9de8a69391,9,success,fine,6400,0,2.206211544573307
16,0.0523354010656476,2,0.05769936088472605,14.8,10,logistic_regression,5,246887,3200,5,16,74749b9de8a69391,10,success,coarse,3200,0,1.3593081664294004
16,0.28909713588654995,2,0.10673328675329685,10.9,1,logistic_regression,30,246887,3200,30,16,74749b9de8a69391,10,success,fine,3200,0,1.6628705635666847
32,0.052149683237075806,2,0.05732160806655884,27.6,10,logistic_regression,5,246887,3200,5,32,74749b9de8a69391,10,success,coarse,3200,0,1.36713173892349
32,0.2681532362475991,2,0.10233333706855774,19.133333333333333,1,logistic_regression,30,246887,3200,30,32,74749b9de8a69391,10,success,fine,3200,0,1.6324945129454136
8,0.05147278308868408,2,0.057407994754612446,7.8,7,logistic_regression,5,246887,3200,5,8,74749b9de8a69391,10,success,coarse,3200,0,1.350984695367515
8,0.3523526294156909,2,0.10199715290218592,5.9,1,logistic_regression,30,246887,3200,30,8,74749b9de8a69391,10,success,fine,3200,0,1.707583145238459
16,0.09821254294365644,2,0.05857114214450121,15.8,15,logistic_regression,5,246887,6400,5,16,74749b9de8a69391,10,success,coarse,6400,0,1.4135829294100404
16,0.6862952969968319,2,0.10634185653179884,11.733333333333333,1,logistic_regression,30,246887,6400,30,16,74749b9de8a69391,10,success,fine,6400,0,2.048672237433493
32,0.09520069230347872,2,0.05749081075191498,29.4,19,logistic_regression,5,246887,6400,5,32,74749b9de8a69391,10,success,coarse,6400,0,1.4061117051169276
32,0.6906372606754303,2,0.10255847591906786,21.2,1,logistic_regression,30,246887,6400,30,32,74749b9de8a69391,10,success,fine,6400,0,2.002463174983859
8,0.1164665948599577,2,0.05811735428869724,7.8,7,logistic_regression,5,246887,6400,5,8,74749b9de8a69391,10,success,coarse,6400,0,1.379565330222249
8,0.7305988613516092,2,0.10657905973494053,5.9,1,logistic_regression,30,246887,6400,30,8,74749b9de8a69391,10,success,fine,6400,0,2.093698313459754
16,0.046444148756563663,2,0.059502352960407734,15.6,14,logistic_regression,5,246887,3200,5,16,74749b9de8a69391,11,success,coarse,3200,0,1.353215086273849
16,0.31822705268859863,2,0.10296373348683119,10.766666666666667,1,logistic_regression,30,246887,3200,30,16,74749b9de8a69391,11,success,fine,3200,0,1.6321456283330917
32,0.05074091628193855,2,0.05821346119046211,28.4,14,logistic_regression,5,246887,3200,5,32,74749b9de8a69391,11,success,coarse,3200,0,1.319923217408359
32,0.28754665795713663,2,0.10313973762094975,18.6,1,logistic_regression,30,246887,3200,30,32,74749b9de8a69391,11,success,fine,3200,0,1.6355073992162943
8,0.048773461021482944,2,0.05813913978636265,8.0,8,logistic_regression,5,246887,3200,5,8,74749b9de8a69391,11,success,coarse,3200,0,1.3538561658933759
8,0.26963282469660044,2,0.10714097134768963,5.933333333333334,1,logistic_regression,30,246887,3200,30,8,74749b9de8a69391,11,success,fine,3200,0,1.5972683038562536
16,0.10078344494104385,2,0.05866510700434446,16.0,16,logistic_regression,5,246887,6400,5,16,74749b9de8a69391,11,success,coarse,6400,0,1.4269913863390684
16,0.6856352081522346,2,0.1034870371222496,11.633333333333333,1,logistic_regression,30,246887,6400,30,16,74749b9de8a69391,11,success,fine,6400,0,2.008228446356952
32,0.10410596150904894,2,0.061517651192843914,31.0,27,logistic_regression,5,246887,6400,5,32,74749b9de8a69391,11,success,coarse,6400,0,1.3880881173536181
32,0.8517717933282256,2,0.11066541448235512,21.033333333333335,1,logistic_regression,30,246887,6400,30,32,74749b9de8a69391,11,success,fine,6400,0,2.205350900068879
8,0.08288478758186102,2,0.05945763736963272,8.0,8,logistic_regression,5,246887,6400,5,8,74749b9de8a69391,11,success,coarse,6400,0,1.3917486863210797
8,0.6294204099103808,2,0.10656755045056343,6.033333333333333,1,logistic_regression,30,246887,6400,30,8,74749b9de8a69391,11,success,fine,6400,0,1.9806095212697983
16,0.059830836951732635,2,0.06051149219274521,15.4,13,logistic_regression,5,246887,3200,5,16,74749b9de8a69391,12,success,coarse,3200,0,1.3354872344061732
16,0.3172369971871376,2,0.10149754211306572,11.428571428571429,2,logistic_regression,30,246887,3200,28,16,74749b9de8a69391,12,success,fine,3200,2,1.670799425803125
32,0.05738528911024332,2,0.061661007814109325,28.4,14,logistic_regression,5,246887,3200,5,32,74749b9de8a69391,12,success,coarse,3200,0,1.3874444905668497
32,0.32100281678140163,2,0.09530774224549532,20.142857142857142,2,logistic_regression,30,246887,3200,28,32,74749b9de8a69391,12,success,fine,3200,2,1.646124990656972
8,0.04839466046541929,2,0.05987653508782387,7.8,7,logistic_regression,5,246887,3200,5,8,74749b9de8a69391,12,success,coarse,3200,0,1.3516428247094154
8,0.30735132936388254,2,0.0973509568721056,6.392857142857143,1,logistic_regression,30,246887,3200,28,8,74749b9de8a69391,12,success,fine,3200,2,1.649361815303564
16,0.12208023481070995,2,0.058532302267849445,15.4,13,logistic_regression,5,246887,6400,5,16,74749b9de8a69391,12,success,coarse,6400,0,1.4343664422631264
16,0.6565002342686057,2,0.0959611376747489,12.571428571428571,2,logistic_regression,30,246887,6400,28,16,74749b9de8a69391,12,success,fine,6400,2,2.030790761113167
32,0.12191182561218739,2,0.058417681604623795,30.8,26,logistic_regression,5,246887,6400,5,32,74749b9de8a69391,12,success,coarse,6400,0,1.4431391833350062
32,0.8770807143300772,2,0.09901762753725052,22.392857142857142,2,logistic_regression,30,246887,6400,28,32,74749b9de8a69391,12,success,fine,6400,2,2.2274062605574727
8,0.0908507239073515,2,0.05893334932625294,7.8,7,logistic_regression,5,246887,6400,5,8,74749b9de8a69391,12,success,coarse,6400,0,1.3740916289389133
8,0.6720455745235085,2,0.09852596279233694,6.464285714285714,1,logistic_regression,30,246887,6400,28,8,74749b9de8a69391,12,success,fine,6400,2,2.0146621139720082
16,0.05393910314887762,2,0.06242390722036362,15.6,14,logistic_regression,5,246887,3200,5,16,74749b9de8a69391,13,success,coarse,3200,0,1.3440511170774698
16,0.28939333464950323,2,0.10008750669658184,11.642857142857142,1,logistic_regression,30,246887,3200,28,16,74749b9de8a69391,13,success,fine,3200,2,1.6353985127061605
32,0.05104039888828993,2,0.058626625686883926,29.0,17,logistic_regression,5,246887,3200,5,32,74749b9de8a69391,13,success,coarse,3200,0,1.382490142248571
32,0.3375243963673711,2,0.09629720263183117,20.107142857142858,1,logistic_regression,30,246887,3200,28,32,74749b9de8a69391,13,success,fine,3200,2,1.7237658118829131
8,0.05178931541740894,2,0.05862968880683184,7.8,7,logistic_regression,5,246887,3200,5,8,74749b9de8a69391,13,success,coarse,3200,0,1.3598295887932181
8,0.27636133413761854,2,0.09863774292171001,6.428571428571429,1,logistic_regression,30,246887,3200,28,8,74749b9de8a69391,13,success,fine,3200,2,1.6449457956478
16,0.09259321074932814,2,0.060991943813860416,15.6,14,logistic_regression,5,246887,6400,5,16,74749b9de8a69391,13,success,coarse,6400,0,1.3955300683155656
16,0.7109452905133367,2,0.10037283319979906,12.607142857142858,1,logistic_regression,30,246887,6400,28,16,74749b9de8a69391,13,success,fine,6400,2,2.038950336165726
32,0.11388032231479883,2,0.059955598786473274,31.6,30,logistic_regression,5,246887,6400,5,32,74749b9de8a69391,13,success,coarse,6400,0,1.4369076173752546
32,0.8397126635536551,2,0.10103129874914885,22.964285714285715,1,logistic_regression,30,246887,6400,28,32,74749b9de8a69391,13,success,fine,6400,2,2.182406230829656
8,0.09388077910989523,2,0.06153880897909403,7.8,7,logistic_regression,5,246887,6400,5,8,74749b9de8a69391,13,success,coarse,6400,0,1.4106974080204964
8,0.6579227475449443,2,0.09648102801293135,6.464285714285714,1,logistic_regression,30,246887,6400,28,8,74749b9de8a69391,13,success,fine,6400,2,1.9894529301673174
16,0.04929677117615938,2,0.05913485586643219,14.8,10,logistic_regression,5,246887,3200,5,16,74749b9de8a69391,14,success,coarse,3200,0,1.3700848398730159
16,0.37660918198525906,2,0.10958374477922916,11.379310344827585,2,logistic_regression,30,246887,3200,29,16,74749b9de8a69391,14,success,fine,3200,1,1.736816132441163
32,0.04938639514148235,2,0.06014156807214022,27.6,10,logistic_regression,5,246887,3200,5,32,74749b9de8a69391,14,success,coarse,3200,0,1.3078557904809713
32,0.35209695156663656,2,0.10356524959206581,20.03448275862069,2,logistic_regression,30,246887,3200,29,32,74749b9de8a69391,14,success,fine,3200,1,1.7186404876410961
8,0.04311042279005051,2,0.05920078232884407,8.0,8,logistic_regression,5,246887,3200,5,8,74749b9de8a69391,14,success,coarse,3200,0,1.3269838588312268
8,0.34236237592995167,2,0.10448080394417048,6.275862068965517,2,logistic_regression,30,246887,3200,29,8,74749b9de8a69391,14,success,fine,3200,1,1.6807155990973115
16,0.09416174422949553,2,0.05966454558074474,15.8,15,logistic_regression,5,246887,6400,5,16,74749b9de8a69391,14,success,coarse,6400,0,1.3655638685449958
16,1.0043532028794289,2,0.10617765784263611,12.344827586206897,2,logistic_regression,30,246887,6400,29,16,74749b9de8a69391,14,success,fine,6400,1,2.3720421688631177
32,0.09358485415577888,2,0.05973361060023308,29.4,19,logistic_regression,5,246887,6400,5,32,74749b9de8a69391,14,success,coarse,6400,0,1.3347951658070087
32,0.9032178837805986,2,0.10949048027396202,22.344827586206897,2,logistic_regression,30,246887,6400,29,32,74749b9de8a69391,14,success,fine,6400,1,2.201480102725327
8,0.10660931002348661,2,0.05970128159970045,8.0,8,logistic_regression,5,246887,6400,5,8,74749b9de8a69391,14,success,coarse,6400,0,1.4238610155880451
8,0.8882097210735083,2,0.11098364647477865,6.344827586206897,2,logistic_regression,30,246887,6400,29,8,74749b9de8a69391,14,success,fine,6400,1,2.1973975244909525
16,0.05051559116691351,2,0.06232537794858217,14.8,10,logistic_regression,5,246887,3200,5,16,74749b9de8a69391,15,success,coarse,3200,0,1.354836231097579
16,0.26812840439379215,2,0.10423847753554583,11.321428571428571,1,logistic_regression,30,246887,3200,28,16,74749b9de8a69391,15,success,fine,3200,2,1.61748306453228
32,0.048044866882264614,2,0.059397720731794834,27.6,10,logistic_regression,5,246887,3200,5,32,74749b9de8a69391,15,success,coarse,3200,0,1.362585511058569
32,0.30322051141411066,2,0.09743756335228682,20.535714285714285,2,logistic_regression,30,246887,3200,28,32,74749b9de8a69391,15,success,fine,3200,2,1.6454983660951257
8,0.05261466186493635,2,0.061302450485527515,7.6,6,logistic_regression,5,246887,3200,5,8,74749b9de8a69391,15,success,coarse,3200,0,1.325308496132493
8,0.2612181147560477,2,0.09789173025637865,6.178571428571429,1,logistic_regression,30,246887,3200,28,8,74749b9de8a69391,15,success,fine,3200,2,1.626923213712871
16,0.07863643020391464,2,0.05838519148528576,15.4,13,logistic_regression,5,246887,6400,5,16,74749b9de8a69391,15,success,coarse,6400,0,1.37958624958992
16,0.6677574561908841,2,0.10067327134311199,12.5,1,logistic_regression,30,246887,6400,28,16,74749b9de8a69391,15,success,fine,6400,2,2.0144257275387645
32,0.10229111555963755,2,0.059668696485459805,29.6,20,logistic_regression,5,246887,6400,5,32,74749b9de8a69391,15,success,coarse,6400,0,1.431522791273892
32,0.7657912857830524,2,0.09683598764240742,22.321428571428573,2,logistic_regression,30,246887,6400,28,32,74749b9de8a69391,15,success,fine,6400,2,2.1474983748048544
8,0.10396423935890198,2,0.06098609045147896,7.6,6,logistic_regression,5,246887,6400,5,8,74749b9de8a69391,15,success,coarse,6400,0,1.3573127035051584
8,0.7153505552560091,2,0.09986285120248795,6.321428571428571,1,logistic_regression,30,246887,6400,28,8,74749b9de8a69391,15,success,fine,6400,2,2.0741762602701783
16,0.06181305553764105,2,0.057384731248021126,14.6,9,logistic_regression,5,246887,3200,5,16,74749b9de8a69391,16,success,coarse,3200,0,1.381254507228732
16,0.3454822339117527,2,0.10623330902308226,10.633333333333333,1,logistic_regression,30,246887,3200,30,16,74749b9de8a69391,16,success,fine,3200,0,1.6598001383244991
32,0.06443039048463106,2,0.05968903750181198,27.4,9,logistic_regression,5,246887,3200,5,32,74749b9de8a69391,16,success,coarse,3200,0,1.3775940965861082
32,0.3363087121397257,2,0.10978221334517002,18.433333333333334,1,logistic_regression,30,246887,3200,30,32,74749b9de8a69391,16,success,fine,3200,0,1.6631312184035778
8,0.04861403536051512,2,0.059041472151875496,7.6,6,logistic_regression,5,246887,3200,5,8,74749b9de8a69391,16,success,coarse,3200,0,1.3153968984261155
8,0.36338378582149744,2,0.10832918342202902,6.066666666666666,1,logistic_regression,30,246887,3200,30,8,74749b9de8a69391,16,success,fine,3200,0,1.7174165807664394
16,0.11127202585339546,2,0.061077600345015526,15.4,13,logistic_regression,5,246887,6400,5,16,74749b9de8a69391,16,success,coarse,6400,0,1.4215488927438855
16,0.7556079728528857,2,0.10830594226717949,11.866666666666667,1,logistic_regression,30,246887,6400,30,16,74749b9de8a69391,16,success,fine,6400,0,2.1164529770612717
32,0.09745006915181875,2,0.05920408573001623,29.0,17,logistic_regression,5,246887,6400,5,32,74749b9de8a69391,16,success,coarse,6400,0,1.3833064744248986
32,0.8031415538862348,2,0.10636912286281586,20.566666666666666,1,logistic_regression,30,246887,6400,30,32,74749b9de8a69391,16,success,fine,6400,0,2.160525514744222
8,0.0974815534427762,2,0.05998277757316828,7.6,6,logistic_regression,5,246887,6400,5,8,74749b9de8a69391,16,success,coarse,6400,0,1.3781208004802465
8,0.9290322866290808,2,0.10493408143520355,6.1,1,logistic_regression,30,246887,6400,30,8,74749b9de8a69391,16,success,fine,6400,0,2.2781673735007644
16,0.04593430180102587,2,0.05937057547271252,15.0,11,logistic_regression,5,246887,3200,5,16,74749b9de8a69391,17,success,coarse,3200,0,1.4339111922308803
16,0.31501063238829374,2,0.10712273977696896,10.866666666666667,1,logistic_regression,30,246887,3200,30,16,74749b9de8a69391,17,success,fine,3200,0,1.7007412556558847
32,0.052100821398198605,2,0.05956083908677101,27.8,11,logistic_regression,5,246887,3200,5,32,74749b9de8a69391,17,success,coarse,3200,0,1.358838020823896
32,0.3428944703191519,2,0.10957757197320461,18.866666666666667,1,logistic_regression,30,246887,3200,30,32,74749b9de8a69391,17,success,fine,3200,0,1.7030946668237448
8,0.05377802159637213,2,0.06306243222206831,8.0,8,logistic_regression,5,246887,3200,5,8,74749b9de8a69391,17,success,coarse,3200,0,1.369226511567831
8,0.3735640663653612,2,0.10979701858013868,6.133333333333334,1,logistic_regression,30,246887,3200,30,8,74749b9de8a69391,17,success,fine,3200,0,1.7503041913732886
16,0.07108474057167768,2,0.06014187727123499,16.0,16,logistic_regression,5,246887,6400,5,16,74749b9de8a69391,17,success,coarse,6400,0,1.3759145308285952
16,0.8111539911478758,2,0.10518567077815533,12.033333333333333,1,logistic_regression,30,246887,6400,30,16,74749b9de8a69391,17,success,fine,6400,0,2.1984894135966897
32,0.10157732851803303,2,0.06269875075668097,29.8,21,logistic_regression,5,246887,6400,5,32,74749b9de8a69391,17,success,coarse,6400,0,1.4223832786083221
32,0.858838489279151,2,0.1104318080469966,21.3,1,logistic_regression,30,246887,6400,30,32,74749b9de8a69391,17,success,fine,6400,0,2.209932927042246
8,0.09745259396731853,2,0.05974764749407768,8.0,8,logistic_regression,5,246887,6400,5,8,74749b9de8a69391,17,success,coarse,6400,0,1.3783659795299172
8,0.8355000242590904,2,0.10932867135852575,6.333333333333333,1,logistic_regression,30,246887,6400,30,8,74749b9de8a69391,17,success,fine,6400,0,2.1911255652084947
16,0.0594451492652297,2,0.06323389988392591,15.0,11,logistic_regression,5,246887,3200,5,16,74749b9de8a69391,18,success,coarse,3200,0,1.3658605758100748
16,0.3758409386500716,2,0.1028214655816555,11.137931034482758,1,logistic_regression,30,246887,3200,29,16,74749b9de8a69391,18,success,fine,3200,1,1.7735506696626544
32,0.04712935630232096,2,0.05934406816959381,27.8,11,logistic_regression,5,246887,3200,5,32,74749b9de8a69391,18,success,coarse,3200,0,1.331267268396914
32,0.2895704945549369,2,0.10939363110810518,19.620689655172413,1,logistic_regression,30,246887,3200,29,32,74749b9de8a69391,18,success,fine,3200,1,1.63355621881783
8,0.062168048694729805,2,0.059671065770089626,7.6,6,logistic_regression,5,246887,3200,5,8,74749b9de8a69391,18,success,coarse,3200,0,1.313877422362566
8,0.31736995093524456,2,0.10694371443241835,6.068965517241379,1,logistic_regression,30,246887,3200,29,8,74749b9de8a69391,18,success,fine,3200,1,1.6753699267283082
16,0.12676896154880524,2,0.059472739696502686,15.6,14,logistic_regression,5,246887,6400,5,16,74749b9de8a69391,18,success,coarse,6400,0,1.4522542795166373
16,0.9341982742771506,2,0.10321648605167866,11.758620689655173,1,logistic_regression,30,246887,6400,29,16,74749b9de8a69391,18,success,fine,6400,1,2.286818305030465
32,0.10431782994419336,2,0.05942426808178425,29.8,21,logistic_regression,5,246887,6400,5,32,74749b9de8a69391,18,success,coarse,6400,0,1.4314279993996024
32,0.7255461430177093,2,0.10600329469889402,22.03448275862069,1,logistic_regression,30,246887,6400,29,32,74749b9de8a69391,18,success,fine,6400,1,2.1026785681024194
8,0.0940400268882513,2,0.060615865513682365,7.6,6,logistic_regression,5,246887,6400,5,8,74749b9de8a69391,18,success,coarse,6400,0,1.4030287070199847
8,0.8074547350406647,2,0.10603651311248541,6.206896551724138,1,logistic_regression,30,246887,6400,29,8,74749b9de8a69391,18,success,fine,6400,1,2.159239621832967
16,0.05204639211297035,2,0.058794258162379265,15.0,11,logistic_regression,5,246887,3200,5,16,74749b9de8a69391,19,success,coarse,3200,0,1.315519791096449
16,0.3290075231343508,2,0.10758334305137396,10.933333333333334,1,logistic_regression,30,246887,3200,30,16,74749b9de8a69391,19,success,fine,3200,0,1.6740730851888657
32,0.042797885835170746,2,0.05827494524419308,27.8,11,logistic_regression,5,246887,3200,5,32,74749b9de8a69391,19,success,coarse,3200,0,1.3409296544268727
32,0.3265013452619314,2,0.10288904048502445,18.833333333333332,1,logistic_regression,30,246887,3200,30,32,74749b9de8a69391,19,success,fine,3200,0,1.663122246041894
8,0.049185534939169884,2,0.05847077630460262,8.0,8,logistic_regression,5,246887,3200,5,8,74749b9de8a69391,19,success,coarse,3200,0,1.3755661714822054
8,0.37226803973317146,2,0.10744835156947374,6.233333333333333,1,logistic_regression,30,246887,3200,30,8,74749b9de8a69391,19,success,fine,3200,0,1.7134131351485848
16,0.09774238336831331,2,0.05830376781523228,15.4,13,logistic_regression,5,246887,6400,5,16,74749b9de8a69391,19,success,coarse,6400,0,1.4233866166323423
16,0.7070382498204708,2,0.10359789989888668,12.033333333333333,1,logistic_regression,30,246887,6400,30,16,74749b9de8a69391,19,success,fine,6400,0,2.1029497841373086
32,0.10290005803108215,2,0.0597204715013504,29.8,21,logistic_regression,5,246887,6400,5,32,74749b9de8a69391,19,success,coarse,6400,0,1.4237161362543702
32,0.8680846663191915,2,0.10769601259380579,21.533333333333335,1,logistic_regression,30,246887,6400,30,32,74749b9de8a69391,19,success,fine,6400,0,2.231830360367894
8,0.09261256828904152,2,0.05871530156582594,8.0,8,logistic_regression,5,246887,6400,5,8,74749b9de8a69391,19,success,coarse,6400,0,1.3730643587186933
8,0.7648538863286376,2,0.10723305214196444,6.366666666666666,1,logistic_regression,30,246887,6400,30,8,74749b9de8a69391,19,success,fine,6400,0,2.1190265957266092
16,0.05450992379337549,3,0.06277273409068584,14.8,10,logistic_regression,5,258098,3200,5,16,74749b9de8a69391,0,success,coarse,3200,0,1.4654643731191754
16,0.24104713089764118,3,0.10169509798288345,11.607142857142858,1,logistic_regression,30,258098,3200,28,16,74749b9de8a69391,0,success,fine,3200,2,1.7385868486016989
32,0.05727449990808964,3,0.06244759913533926,27.6,10,logistic_regression,5,258098,3200,5,32,74749b9de8a69391,0,success,coarse,3200,0,1.5220213308930397
32,0.2717137346044183,3,0.10702237859368324,20.357142857142858,1,logistic_regression,30,258098,3200,28,32,74749b9de8a69391,0,success,fine,3200,2,1.7252135705202818
8,0.05250136833637953,3,0.071429543197155,7.8,7,logistic_regression,5,258098,3200,5,8,74749b9de8a69391,0,success,coarse,3200,0,1.5936891306191683
8,0.28697632160037756,3,0.10729346331208944,6.321428571428571,1,logistic_regression,30,258098,3200,28,8,74749b9de8a69391,0,success,fine,3200,2,1.7336639435961843
16,0.10847612656652927,3,0.06337950006127357,15.8,15,logistic_regression,5,258098,6400,5,16,74749b9de8a69391,0,success,coarse,6400,0,1.506649760529399
16,0.7021954050287604,3,0.10717614740133286,12.428571428571429,1,logistic_regression,30,258098,6400,28,16,74749b9de8a69391,0,success,fine,6400,2,2.122013607993722
32,0.11070827953517437,3,0.06260595563799143,29.4,19,logistic_regression,5,258098,6400,5,32,74749b9de8a69391,0,success,coarse,6400,0,1.508471466600895
32,0.7449654098600149,3,0.10595083795487881,22.821428571428573,1,logistic_regression,30,258098,6400,28,32,74749b9de8a69391,0,success,fine,6400,2,2.225470943376422
8,0.08488607406616211,3,0.06182588264346123,7.8,7,logistic_regression,5,258098,6400,5,8,74749b9de8a69391,0,success,coarse,6400,0,1.43745818734169
8,0.6066108057275414,3,0.10201068874448538,6.5,1,logistic_regression,30,258098,6400,28,8,74749b9de8a69391,0,success,fine,6400,2,2.0627206061035395
16,0.07743323314934969,3,0.06275432743132114,15.4,13,logistic_regression,5,258098,3200,5,16,74749b9de8a69391,1,success,coarse,3200,0,1.4979904647916555
16,0.3509114785119891,3,0.11171409953385592,11.241379310344827,1,logistic_regression,30,258098,3200,29,16,74749b9de8a69391,1,success,fine,3200,1,1.766364585608244
32,0.06650969199836254,3,0.06139283534139395,28.2,13,logistic_regression,5,258098,3200,5,32,74749b9de8a69391,1,success,coarse,3200,0,1.5014393413439393
32,0.38329591415822506,3,0.10651053301990032,19.482758620689655,1,logistic_regression,30,258098,3200,29,32,74749b9de8a69391,1,success,fine,3200,1,1.8586945161223412
8,0.06188058294355869,3,0.06800750643014908,7.8,7,logistic_regression,5,258098,3200,5,8,74749b9de8a69391,1,success,coarse,3200,0,1.46232458204031
8,0.29966118931770325,3,0.10600464884191751,6.241379310344827,1,logistic_regression,30,258098,3200,29,8,74749b9de8a69391,1,success,fine,3200,1,1.7789750937372446
16,0.1254214635118842,3,0.06328426860272884,15.6,14,logistic_regression,5,258098,6400,5,16,74749b9de8a69391,1,success,coarse,6400,0,1.5730375638231635
16,0.8440061137080193,3,0.1067068362608552,12.275862068965518,1,logistic_regression,30,258098,6400,29,16,74749b9de8a69391,1,success,fine,6400,1,2.3039109921082854
32,0.12516481056809425,3,0.06148533429950476,30.8,26,logistic_regression,5,258098,6400,5,32,74749b9de8a69391,1,success,coarse,6400,0,1.5721452003344893
32,0.8758346913382411,3,0.1118548484519124,21.896551724137932,1,logistic_regression,30,258098,6400,29,32,74749b9de8a69391,1,success,fine,6400,1,2.314350158907473
8,0.12448165193200111,3,0.0620623342692852,7.8,7,logistic_regression,5,258098,6400,5,8,74749b9de8a69391,1,success,coarse,6400,0,1.5151035515591502
8,0.7953267199918628,3,0.11336827650666237,6.310344827586207,1,logistic_regression,30,258098,6400,29,8,74749b9de8a69391,1,success,fine,6400,1,2.2656996306031942
16,0.054676963947713375,3,0.0653281481936574,14.6,9,logistic_regression,5,258098,3200,5,16,74749b9de8a69391,2,success,coarse,3200,0,1.4877874851226807
16,0.39213848020881414,3,0.10683173313736916,11.814814814814815,2,logistic_regression,30,258098,3200,27,16,74749b9de8a69391,2,success,fine,3200,3,1.8662762148305774
32,0.055088446475565434,3,0.06519244518131018,27.4,9,logistic_regression,5,258098,3200,5,32,74749b9de8a69391,2,success,coarse,3200,0,1.4461131636053324
32,0.40885750856250525,3,0.11034715920686722,21.333333333333332,2,logistic_regression,30,258098,3200,27,32,74749b9de8a69391,2,success,fine,3200,3,1.851022832095623
8,0.045090608298778534,3,0.061576769687235355,7.8,7,logistic_regression,5,258098,3200,5,8,74749b9de8a69391,2,success,coarse,3200,0,1.4119927678257227
8,0.30923184007406235,3,0.10330441873520613,6.592592592592593,1,logistic_regression,30,258098,3200,27,8,74749b9de8a69391,2,success,fine,3200,3,1.7565418314188719
16,0.11870495043694973,3,0.06537587940692902,15.8,15,logistic_regression,5,258098,6400,5,16,74749b9de8a69391,2,success,coarse,6400,0,1.5132598439231515
16,0.8653586255386472,3,0.11210395116358995,13.0,2,logistic_regression,30,258098,6400,27,16,74749b9de8a69391,2,success,fine,6400,3,2.342956922017038
32,0.11725168209522963,3,0.06299390364438295,28.8,16,logistic_regression,5,258098,6400,5,32,74749b9de8a69391,2,success,coarse,6400,0,1.5341443084180355
32,0.9960757903754711,3,0.1156437136232853,23.037037037037038,2,logistic_regression,30,258098,6400,27,32,74749b9de8a69391,2,success,fine,6400,3,2.4633147697895765
8,0.08345566876232624,3,0.06232474558055401,7.8,7,logistic_regression,5,258098,6400,5,8,74749b9de8a69391,2,success,coarse,6400,0,1.4590838504955173
8,0.7406639056280255,3,0.11072610411792994,6.703703703703703,1,logistic_regression,30,258098,6400,27,8,74749b9de8a69391,2,success,fine,6400,3,2.2223968347534537
16,0.043523539789021015,3,0.06678779609501362,15.0,11,logistic_regression,5,258098,3200,5,16,74749b9de8a69391,3,success,coarse,3200,0,1.4594710553064942
16,0.3344590663909912,3,0.10768909100443125,11.10344827586207,1,logistic_regression,30,258098,3200,29,16,74749b9de8a69391,3,success,fine,3200,1,1.7554185399785638
32,0.059609162621200085,3,0.06501345802098513,27.8,11,logistic_regression,5,258098,3200,5,32,74749b9de8a69391,3,success,coarse,3200,0,1.471793781965971
32,0.34782259725034237,3,0.11419384926557541,19.96551724137931,2,logistic_regression,30,258098,3200,29,32,74749b9de8a69391,3,success,fine,3200,1,1.773930985480547
8,0.04754624329507351,3,0.063645557500422,7.8,7,logistic_regression,5,258098,3200,5,8,74749b9de8a69391,3,success,coarse,3200,0,1.4346041167154908
8,0.28941652923822403,3,0.11179408803582191,6.172413793103448,1,logistic_regression,30,258098,3200,29,8,74749b9de8a69391,3,success,fine,3200,1,1.7544023841619492
16,0.07734187506139278,3,0.06382951233536005,15.8,15,logistic_regression,5,258098,6400,5,16,74749b9de8a69391,3,success,coarse,6400,0,1.5143281649798155
16,0.8546926267445087,3,0.11437430884689093,12.10344827586207,1,logistic_regression,30,258098,6400,29,16,74749b9de8a69391,3,success,fine,6400,1,2.279099352657795
32,0.07561818324029446,3,0.06379611138254404,29.8,21,logistic_regression,5,258098,6400,5,32,74749b9de8a69391,3,success,coarse,6400,0,1.5428125113248825
32,0.661710194312036,3,0.10763647314161062,21.862068965517242,2,logistic_regression,30,258098,6400,29,32,74749b9de8a69391,3,success,fine,6400,1,2.091786889359355
8,0.07678396254777908,3,0.06289451569318771,7.8,7,logistic_regression,5,258098,6400,5,8,74749b9de8a69391,3,success,coarse,6400,0,1.4878489412367344
8,0.732147715985775,3,0.11117341183125973,6.275862068965517,1,logistic_regression,30,258098,6400,29,8,74749b9de8a69391,3,success,fine,6400,1,2.18063538800925
16,0.06595515366643667,3,0.061955180019140244,14.8,10,logistic_regression,5,258098,3200,5,16,74749b9de8a69391,4,success,coarse,3200,0,1.4682799158617854
16,0.3024431401863694,3,0.11634272057563066,11.433333333333334,2,logistic_regression,30,258098,3200,30,16,74749b9de8a69391,4,success,fine,3200,0,1.7640809128060937
32,0.04837553761899471,3,0.06269996054470539,27.6,10,logistic_regression,5,258098,3200,5,32,74749b9de8a69391,4,success,coarse,3200,0,1.4559908211231232
32,0.3157596392557025,3,0.1119005586951971,19.266666666666666,2,logistic_regression,30,258098,3200,30,32,74749b9de8a69391,4,success,fine,3200,0,1.788962316699326
8,0.0640031211078167,3,0.06382243242114782,8.0,8,logistic_regression,5,258098,3200,5,8,74749b9de8a69391,4,success,coarse,3200,0,1.4973949436098337
8,0.36442067567259073,3,0.11644094251096249,6.3,2,logistic_regression,30,258098,3200,30,8,74749b9de8a69391,4,success,fine,3200,0,1.8320643147453666
16,0.10773150902241468,3,0.06364936009049416,15.4,13,logistic_regression,5,258098,6400,5,16,74749b9de8a69391,4,success,coarse,6400,0,1.495831505395472
16,0.82997324783355,3,0.1192268468439579,12.133333333333333,2,logistic_regression,30,258098,6400,30,16,74749b9de8a69391,4,success,fine,6400,0,2.2510596085339785
32,0.11549434252083302,3,0.06374096684157848,29.6,20,logistic_regression,5,258098,6400,5,32,74749b9de8a69391,4,success,coarse,6400,0,1.5541964722797275
32,0.7929882882162929,3,0.10987631976604462,22.333333333333332,2,logistic_regression,30,258098,6400,30,32,74749b9de8a69391,4,success,fine,6400,0,2.294796978123486
8,0.10777173563838005,3,0.06325617246329784,8.0,8,logistic_regression,5,258098,6400,5,8,74749b9de8a69391,4,success,coarse,6400,0,1.4674650402739644
8,0.8273935131728649,3,0.10994093120098114,6.666666666666667,2,logistic_regression,30,258098,6400,30,8,74749b9de8a69391,4,success,fine,6400,0,2.2434126967564225
16,0.055865850299596786,3,0.06172998156398535,15.2,12,logistic_regression,5,258098,3200,5,16,74749b9de8a69391,5,success,coarse,3200,0,1.4371755151078105
16,0.30747237894684076,3,0.1152319684624672,11.10344827586207,2,logistic_regression,30,258098,3200,29,16,74749b9de8a69391,5,success,fine,3200,1,1.8001850619912148
32,0.04839990008622408,3,0.06366157438606024,28.0,12,logistic_regression,5,258098,3200,5,32,74749b9de8a69391,5,success,coarse,3200,0,1.4816474113613367
32,0.3310675248503685,3,0.10817763395607471,19.551724137931036,2,logistic_regression,30,258098,3200,29,32,74749b9de8a69391,5,success,fine,3200,1,1.8064727652817965
8,0.05685835611075163,3,0.06221356149762869,7.8,7,logistic_regression,5,258098,3200,5,8,74749b9de8a69391,5,success,coarse,3200,0,1.4563560709357262
8,0.33376797568053007,3,0.11602193396538496,6.310344827586207,2,logistic_regression,30,258098,3200,29,8,74749b9de8a69391,5,success,fine,3200,1,1.81010174844414
16,0.10504857171326876,3,0.062371051870286465,15.8,15,logistic_regression,5,258098,6400,5,16,74749b9de8a69391,5,success,coarse,6400,0,1.5215610126033425
16,0.8448163364082575,3,0.11182996537536383,12.0,2,logistic_regression,30,258098,6400,29,16,74749b9de8a69391,5,success,fine,6400,1,2.2860112665221095
32,0.11612749379128218,3,0.062209111638367176,30.2,23,logistic_regression,5,258098,6400,5,32,74749b9de8a69391,5,success,coarse,6400,0,1.4832738293334842
32,0.8046959163621068,3,0.11341603100299835,21.689655172413794,2,logistic_regression,30,258098,6400,29,32,74749b9de8a69391,5,success,fine,6400,1,2.276681562885642
8,0.10578487813472748,3,0.062110803090035915,7.8,7,logistic_regression,5,258098,6400,5,8,74749b9de8a69391,5,success,coarse,6400,0,1.4955561887472868
8,0.7753835497424006,3,0.11406871024519205,6.551724137931035,2,logistic_regression,30,258098,6400,29,8,74749b9de8a69391,5,success,fine,6400,1,2.237333010882139
16,0.05706612765789032,3,0.06158897001296282,14.0,6,logistic_regression,5,258098,3200,5,16,74749b9de8a69391,6,success,coarse,3200,0,1.4341627834364772
16,0.28802521247416735,3,0.10648550186306238,11.642857142857142,2,logistic_regression,30,258098,3200,28,16,74749b9de8a69391,6,success,fine,3200,2,1.765291716903448
32,0.055564697831869125,3,0.06130757089704275,26.8,6,logistic_regression,5,258098,3200,5,32,74749b9de8a69391,6,success,coarse,3200,0,1.4737336421385407
32,0.32786227483302355,3,0.10127226170152426,20.714285714285715,2,logistic_regression,30,258098,3200,28,32,74749b9de8a69391,6,success,fine,3200,2,1.7977256989106536
8,0.06324414722621441,3,0.061402120627462864,7.6,6,logistic_regression,5,258098,3200,5,8,74749b9de8a69391,6,success,coarse,3200,0,1.4617983819916844
8,0.29605256486684084,3,0.1014495613053441,6.321428571428571,1,logistic_regression,30,258098,3200,28,8,74749b9de8a69391,6,success,fine,3200,2,1.749958561733365
16,0.11531180702149868,3,0.06145530380308628,15.0,11,logistic_regression,5,258098,6400,5,16,74749b9de8a69391,6,success,coarse,6400,0,1.4872186230495572
16,0.6793970726430416,3,0.10115903615951538,12.428571428571429,2,logistic_regression,30,258098,6400,28,16,74749b9de8a69391,6,success,fine,6400,2,2.125832550227642
32,0.11404053401201963,3,0.06492136232554913,27.8,11,logistic_regression,5,258098,6400,5,32,74749b9de8a69391,6,success,coarse,6400,0,1.5392574956640601
32,0.7024660231545568,3,0.10647994093596935,22.785714285714285,2,logistic_regression,30,258098,6400,28,32,74749b9de8a69391,6,success,fine,6400,2,2.170739139430225
8,0.11095732357352972,3,0.0613827146589756,7.6,6,logistic_regression,5,258098,6400,5,8,74749b9de8a69391,6,success,coarse,6400,0,1.475480024702847
8,0.69166224822402,3,0.1061545917764306,6.571428571428571,1,logistic_regression,30,258098,6400,28,8,74749b9de8a69391,6,success,fine,6400,2,2.1284791473299265
16,0.05226469226181507,3,0.06166476849466562,14.6,9,logistic_regression,5,258098,3200,5,16,74749b9de8a69391,7,success,coarse,3200,0,1.4638929516077042
16,0.29464615508913994,3,0.10918903443962336,11.25,2,logistic_regression,30,258098,3200,28,16,74749b9de8a69391,7,success,fine,3200,2,1.7260884921997786
32,0.05239298474043608,3,0.061585232615470886,27.4,9,logistic_regression,5,258098,3200,5,32,74749b9de8a69391,7,success,coarse,3200,0,1.476974492892623
32,0.29889233224093914,3,0.10721264034509659,20.142857142857142,2,logistic_regression,30,258098,3200,28,32,74749b9de8a69391,7,success,fine,3200,2,1.7175671644508839
8,0.054156772792339325,3,0.061462425626814365,8.0,8,logistic_regression,5,258098,3200,5,8,74749b9de8a69391,7,success,coarse,3200,0,1.457919810898602
8,0.28560049179941416,3,0.10097032878547907,6.178571428571429,2,logistic_regression,30,258098,3200,28,8,74749b9de8a69391,7,success,fine,3200,2,1.7400427404791117
16,0.12239130586385727,3,0.06154492497444153,15.8,15,logistic_regression,5,258098,6400,5,16,74749b9de8a69391,7,success,coarse,6400,0,1.4996727081015706
16,0.7662995085120201,3,0.1015967084094882,12.142857142857142,2,logistic_regression,30,258098,6400,28,16,74749b9de8a69391,7,success,fine,6400,2,2.1819681776687503
32,0.09461627155542374,3,0.06211220100522041,29.2,18,logistic_regression,5,258098,6400,5,32,74749b9de8a69391,7,success,coarse,6400,0,1.5230349507182837
32,0.8073933608829975,3,0.10644601192325354,22.071428571428573,2,logistic_regression,30,258098,6400,28,32,74749b9de8a69391,7,success,fine,6400,2,2.264814592897892
8,0.09015675820410252,3,0.06140559446066618,8.0,8,logistic_regression,5,258098,6400,5,8,74749b9de8a69391,7,success,coarse,6400,0,1.50857650116086
8,0.714131185784936,3,0.10131544806063175,6.535714285714286,2,logistic_regression,30,258098,6400,28,8,74749b9de8a69391,7,success,fine,6400,2,2.123824028298259
16,0.05212099477648735,3,0.061509895138442516,14.4,8,logistic_regression,5,258098,3200,5,16,74749b9de8a69391,8,success,coarse,3200,0,1.4667304009199142
16,0.29547161515802145,3,0.11147796921432018,11.413793103448276,1,logistic_regression,30,258098,3200,29,16,74749b9de8a69391,8,success,fine,3200,1,1.7591578178107738
32,0.04943245556205511,3,0.06024621147662401,27.2,8,logistic_regression,5,258098,3200,5,32,74749b9de8a69391,8,success,coarse,3200,0,1.47415722720325
32,0.3209655275568366,3,0.10644264053553343,19.82758620689655,1,logistic_regression,30,258098,3200,29,32,74749b9de8a69391,8,success,fine,3200,1,1.7611118387430906
8,0.05233630444854498,3,0.06129189860075712,7.8,7,logistic_regression,5,258098,3200,5,8,74749b9de8a69391,8,success,coarse,3200,0,1.4007652904838324
8,0.350858885794878,3,0.1148863397538662,6.206896551724138,1,logistic_regression,30,258098,3200,29,8,74749b9de8a69391,8,success,fine,3200,1,1.787439925596118
16,0.10041183978319168,3,0.06076919287443161,15.6,14,logistic_regression,5,258098,6400,5,16,74749b9de8a69391,8,success,coarse,6400,0,1.4706809762865305
16,0.6995050422847271,3,0.10680323280394077,12.137931034482758,1,logistic_regression,30,258098,6400,29,16,74749b9de8a69391,8,success,fine,6400,1,2.1751597682014108
32,0.11272209975868464,3,0.06332852970808744,28.8,16,logistic_regression,5,258098,6400,5,32,74749b9de8a69391,8,success,coarse,6400,0,1.487887137569487
32,0.7793382266536355,3,0.1118805967271328,22.482758620689655,1,logistic_regression,30,258098,6400,29,32,74749b9de8a69391,8,success,fine,6400,1,2.2079781917855144
8,0.11369163356721401,3,0.0616896441206336,7.8,7,logistic_regression,5,258098,6400,5,8,74749b9de8a69391,8,success,coarse,6400,0,1.511230044066906
8,0.6817636052146554,3,0.11249796394258738,6.344827586206897,1,logistic_regression,30,258098,6400,29,8,74749b9de8a69391,8,success,fine,6400,1,2.118341797031462
16,0.03997412323951721,3,0.06524834502488375,14.6,9,logistic_regression,5,258098,3200,5,16,74749b9de8a69391,9,success,coarse,3200,0,1.4472601935267448
16,0.2446569511666894,3,0.101006462238729,11.642857142857142,1,logistic_regression,30,258098,3200,28,16,74749b9de8a69391,9,success,fine,3200,2,1.672132738865912
32,0.0485438946634531,3,0.06129825487732887,27.4,9,logistic_regression,5,258098,3200,5,32,74749b9de8a69391,9,success,coarse,3200,0,1.4544060891494155
32,0.2531341454014182,3,0.10125762782990932,20.607142857142858,1,logistic_regression,30,258098,3200,28,32,74749b9de8a69391,9,success,fine,3200,2,1.7085611270740628
8,0.050158850848674774,3,0.06037427578121424,8.0,8,logistic_regression,5,258098,3200,5,8,74749b9de8a69391,9,success,coarse,3200,0,1.4692222457379103
8,0.23497703205794096,3,0.1080410024151206,6.5,1,logistic_regression,30,258098,3200,28,8,74749b9de8a69391,9,success,fine,3200,2,1.702557798475027
16,0.10630945488810539,3,0.06146798003464937,16.0,16,logistic_regression,5,258098,6400,5,16,74749b9de8a69391,9,success,coarse,6400,0,1.5140187423676252
16,0.5707884775474668,3,0.10181529261171818,12.857142857142858,1,logistic_regression,30,258098,6400,28,16,74749b9de8a69391,9,success,fine,6400,2,2.0565819051116705
32,0.08678431622684002,3,0.06224267650395632,29.0,17,logistic_regression,5,258098,6400,5,32,74749b9de8a69391,9,success,coarse,6400,0,1.5117946742102504
32,0.6405982282012701,3,0.10623441450297832,23.0,1,logistic_regression,30,258098,6400,28,32,74749b9de8a69391,9,success,fine,6400,2,2.098743461072445
8,0.06664887629449368,3,0.06603064388036728,8.0,8,logistic_regression,5,258098,6400,5,8,74749b9de8a69391,9,success,coarse,6400,0,1.474148309789598
8,0.6517603881657124,3,0.1063930680975318,6.714285714285714,1,logistic_regression,30,258098,6400,28,8,74749b9de8a69391,9,success,fine,6400,2,2.098247936926782
16,0.061657064594328403,3,0.0637046480551362,15.0,11,logistic_regression,5,258098,3200,5,16,74749b9de8a69391,10,success,coarse,3200,0,1.4654238736256957
16,0.33134076837450266,3,0.10873835254460573,10.933333333333334,1,logistic_regression,30,258098,3200,30,16,74749b9de8a69391,10,success,fine,3200,0,1.771537359803915
32,0.05719647277146578,3,0.06128109525889158,27.8,11,logistic_regression,5,258098,3200,5,32,74749b9de8a69391,10,success,coarse,3200,0,1.4854133948683739
32,0.37547515518963337,3,0.10927549377083778,19.066666666666666,1,logistic_regression,30,258098,3200,30,32,74749b9de8a69391,10,success,fine,3200,0,1.8491729767993093
8,0.050261459313333035,3,0.061350065283477306,8.0,8,logistic_regression,5,258098,3200,5,8,74749b9de8a69391,10,success,coarse,3200,0,1.4693172732368112
8,0.3217841722071171,3,0.12000332027673721,6.066666666666666,1,logistic_regression,30,258098,3200,30,8,74749b9de8a69391,10,success,fine,3200,0,1.801172656007111
16,0.10352819319814444,3,0.0654755923897028,15.8,15,logistic_regression,5,258098,6400,5,16,74749b9de8a69391,10,success,coarse,6400,0,1.5303851244971156
16,0.9382060579955578,3,0.10900060646235943,12.0,1,logistic_regression,30,258098,6400,30,16,74749b9de8a69391,10,success,fine,6400,0,2.39290848467499
32,0.10412072017788887,3,0.06389947235584259,30.0,22,logistic_regression,5,258098,6400,5,32,74749b9de8a69391,10,success,coarse,6400,0,1.485411548987031
32,0.8322646664455533,3,0.1174809755757451,21.2,1,logistic_regression,30,258098,6400,30,32,74749b9de8a69391,10,success,fine,6400,0,2.2979833837598562
8,0.06994522735476494,3,0.061578367836773396,8.0,8,logistic_regression,5,258098,6400,5,8,74749b9de8a69391,10,success,coarse,6400,0,1.4726864425465465
8,0.8072244580835104,3,0.11551475990563631,6.333333333333333,1,logistic_regression,30,258098,6400,30,8,74749b9de8a69391,10,success,fine,6400,0,2.24168608058244
16,0.05430205911397934,3,0.06269412487745285,15.6,14,logistic_regression,5,258098,3200,5,16,74749b9de8a69391,11,success,coarse,3200,0,1.4753190306946635
16,0.3575783958658576,3,0.10843334440141916,11.714285714285714,2,logistic_regression,30,258098,3200,28,16,74749b9de8a69391,11,success,fine,3200,2,1.8019901663064957
32,0.0482523562386632,3,0.06578971352428198,29.0,17,logistic_regression,5,258098,3200,5,32,74749b9de8a69391,11,success,coarse,3200,0,1.4580729948356748
32,0.29943323880434036,3,0.10763929132372141,20.928571428571427,2,logistic_regression,30,258098,3200,28,32,74749b9de8a69391,11,success,fine,3200,2,1.7104853698983788
8,0.054125105030834675,3,0.06320600863546133,8.0,8,logistic_regression,5,258098,3200,5,8,74749b9de8a69391,11,success,coarse,3200,0,1.423224650323391
8,0.3081852849572897,3,0.10737972240895033,6.75,2,logistic_regression,30,258098,3200,28,8,74749b9de8a69391,11,success,fine,3200,2,1.71121568325907
16,0.10919180791825056,3,0.06246268283575773,15.6,14,logistic_regression,5,258098,6400,5,16,74749b9de8a69391,11,success,coarse,6400,0,1.4941791081801057
16,0.9320744480937719,3,0.1072429632768035,12.964285714285714,2,logistic_regression,30,258098,6400,28,16,74749b9de8a69391,11,success,fine,6400,2,2.372910804115236
32,0.10565562546253204,3,0.07099121250212193,31.6,30,logistic_regression,5,258098,6400,5,32,74749b9de8a69391,11,success,coarse,6400,0,1.5479077212512493
32,0.9698879970237613,3,0.10219075810164213,23.142857142857142,2,logistic_regression,30,258098,6400,28,32,74749b9de8a69391,11,success,fine,6400,2,2.457974473014474
8,0.12188691180199385,3,0.06331923976540565,8.0,8,logistic_regression,5,258098,6400,5,8,74749b9de8a69391,11,success,coarse,6400,0,1.4833403453230858
8,0.7032805224880576,3,0.10274216905236244,6.857142857142857,2,logistic_regression,30,258098,6400,28,8,74749b9de8a69391,11,success,fine,6400,2,2.1154024470597506
16,0.05246916878968477,3,0.0642057042568922,15.2,12,logistic_regression,5,258098,3200,5,16,74749b9de8a69391,12,success,coarse,3200,0,1.4895953787490726
16,0.3734290599822998,3,0.10817539785057306,11.620689655172415,1,logistic_regression,30,258098,3200,29,16,74749b9de8a69391,12,success,fine,3200,1,1.8258439116179943
32,0.05095038469880819,3,0.06437306478619576,28.0,12,logistic_regression,5,258098,3200,5,32,74749b9de8a69391,12,success,coarse,3200,0,1.4860169971361756
32,0.34360890556126833,3,0.11285341624170542,20.275862068965516,1,logistic_regression,30,258098,3200,29,32,74749b9de8a69391,12,success,fine,3200,1,1.8192088827490807
8,0.05573451891541481,3,0.06266189087182283,8.0,8,logistic_regression,5,258098,3200,5,8,74749b9de8a69391,12,success,coarse,3200,0,1.4688970930874348
8,0.3081566421315074,3,0.11339116469025612,6.413793103448276,1,logistic_regression,30,258098,3200,29,8,74749b9de8a69391,12,success,fine,3200,1,1.7557060299441218
16,0.08515363093465567,3,0.06301582138985395,15.8,15,logistic_regression,5,258098,6400,5,16,74749b9de8a69391,12,success,coarse,6400,0,1.4684246852993965
16,0.9318307405337691,3,0.11317562684416771,12.655172413793103,1,logistic_regression,30,258098,6400,29,16,74749b9de8a69391,12,success,fine,6400,1,2.404090824536979
32,0.10960390139371157,3,0.06274993624538183,30.2,23,logistic_regression,5,258098,6400,5,32,74749b9de8a69391,12,success,coarse,6400,0,1.5078750718384981
32,0.8591929050162435,3,0.11107851099222898,22.75862068965517,1,logistic_regression,30,258098,6400,29,32,74749b9de8a69391,12,success,fine,6400,1,2.314161842688918
8,0.09354339446872473,3,0.06409934721887112,8.0,8,logistic_regression,5,258098,6400,5,8,74749b9de8a69391,12,success,coarse,6400,0,1.5042197611182928
8,0.6737793544307351,3,0.10774529818445444,6.517241379310345,1,logistic_regression,30,258098,6400,29,8,74749b9de8a69391,12,success,fine,6400,1,2.149030053988099
16,0.0570845864713192,3,0.06137309316545725,15.0,11,logistic_regression,5,258098,3200,5,16,74749b9de8a69391,13,success,coarse,3200,0,1.474806054495275
16,0.3318388070911169,3,0.1063562398776412,11.03448275862069,1,logistic_regression,30,258098,3200,29,16,74749b9de8a69391,13,success,fine,3200,1,1.763321217149496
32,0.06298576854169369,3,0.060958003625273705,27.8,11,logistic_regression,5,258098,3200,5,32,74749b9de8a69391,13,success,coarse,3200,0,1.4608817184343934
32,0.3280612947419286,3,0.11198325362056494,19.310344827586206,1,logistic_regression,30,258098,3200,29,32,74749b9de8a69391,13,success,fine,3200,1,1.748945097438991
8,0.05769599787890911,3,0.0640613716095686,8.0,8,logistic_regression,5,258098,3200,5,8,74749b9de8a69391,13,success,coarse,3200,0,1.4620540719479322
8,0.32670133002102375,3,0.1111846910789609,6.310344827586207,1,logistic_regression,30,258098,3200,29,8,74749b9de8a69391,13,success,fine,3200,1,1.7347752824425697
16,0.11010215897113085,3,0.0680388268083334,15.6,14,logistic_regression,5,258098,6400,5,16,74749b9de8a69391,13,success,coarse,6400,0,1.5221332171931863
16,0.794866593554616,3,0.10819186083972454,12.275862068965518,1,logistic_regression,30,258098,6400,29,16,74749b9de8a69391,13,success,fine,6400,1,2.266669395379722
32,0.10250106267631054,3,0.06276116613298655,29.8,21,logistic_regression,5,258098,6400,5,32,74749b9de8a69391,13,success,coarse,6400,0,1.5044050477445126
32,0.828527900390327,3,0.1080613574013114,21.862068965517242,1,logistic_regression,30,258098,6400,29,32,74749b9de8a69391,13,success,fine,6400,1,2.221928627230227
8,0.12280018907040358,3,0.06152602378278971,8.0,8,logistic_regression,5,258098,6400,5,8,74749b9de8a69391,13,success,coarse,6400,0,1.5262225130572915
8,0.8372130310162902,3,0.11603633034974337,6.482758620689655,1,logistic_regression,30,258098,6400,29,8,74749b9de8a69391,13,success,fine,6400,1,2.3164726607501507
16,0.06683043669909239,3,0.0628764508292079,14.4,8,logistic_regression,5,258098,3200,5,16,74749b9de8a69391,14,success,coarse,3200,0,1.5218398086726665
16,0.3411871986463666,3,0.10856816358864307,11.275862068965518,1,logistic_regression,30,258098,3200,29,16,74749b9de8a69391,14,success,fine,3200,1,1.7690341994166374
32,0.05833752918988466,3,0.0602624099701643,27.2,8,logistic_regression,5,258098,3200,5,32,74749b9de8a69391,14,success,coarse,3200,0,1.4729325296357274
32,0.3644200759008527,3,0.1144380010664463,19.862068965517242,1,logistic_regression,30,258098,3200,29,32,74749b9de8a69391,14,success,fine,3200,1,1.8465831279754639
8,0.06716188974678516,3,0.062268893234431744,7.8,7,logistic_regression,5,258098,3200,5,8,74749b9de8a69391,14,success,coarse,3200,0,1.443267796188593
8,0.41300455015152693,3,0.11345759592950344,6.344827586206897,1,logistic_regression,30,258098,3200,29,8,74749b9de8a69391,14,success,fine,3200,1,1.859529921784997
16,0.12100051250308752,3,0.06271093245595694,15.6,14,logistic_regression,5,258098,6400,5,16,74749b9de8a69391,14,success,coarse,6400,0,1.5345032652840018
16,0.8796952879056334,3,0.11659340746700764,12.344827586206897,1,logistic_regression,30,258098,6400,29,16,74749b9de8a69391,14,success,fine,6400,1,2.3455112893134356
32,0.13832875061780214,3,0.06365525163710117,28.6,15,logistic_regression,5,258098,6400,5,32,74749b9de8a69391,14,success,coarse,6400,0,1.5303400764241815
32,0.7819190649315715,3,0.11704336106777191,22.0,1,logistic_regression,30,258098,6400,29,32,74749b9de8a69391,14,success,fine,6400,1,2.2909109629690647
8,0.12400056421756744,3,0.06450560968369246,7.8,7,logistic_regression,5,258098,6400,5,8,74749b9de8a69391,14,success,coarse,6400,0,1.5045299818739295
8,0.8343341667205095,3,0.10846743639558554,6.551724137931035,1,logistic_regression,30,258098,6400,29,8,74749b9de8a69391,14,success,fine,6400,1,2.301498328335583
16,0.055007544346153736,3,0.062107875011861324,15.2,12,logistic_regression,5,258098,3200,5,16,74749b9de8a69391,15,success,coarse,3200,0,1.4742081267759204
16,0.33569047413766384,3,0.10759088210761547,11.266666666666667,2,logistic_regression,30,258098,3200,30,16,74749b9de8a69391,15,success,fine,3200,0,1.7694861041381955
32,0.05286192428320646,3,0.06943456456065178,28.0,12,logistic_regression,5,258098,3200,5,32,74749b9de8a69391,15,success,coarse,3200,0,1.484197118319571
32,0.3057533986866474,3,0.11454066913574934,19.733333333333334,2,logistic_regression,30,258098,3200,30,32,74749b9de8a69391,15,success,fine,3200,0,1.7688142340630293
8,0.05153960082679987,3,0.06187225319445133,8.0,8,logistic_regression,5,258098,3200,5,8,74749b9de8a69391,15,success,coarse,3200,0,1.4351253686472774
8,0.34230550844222307,3,0.11476680543273687,6.3,1,logistic_regression,30,258098,3200,30,8,74749b9de8a69391,15,success,fine,3200,0,1.7737292014062405
16,0.08345949649810791,3,0.06288332398980856,16.0,16,logistic_regression,5,258098,6400,5,16,74749b9de8a69391,15,success,coarse,6400,0,1.5098234564065933
16,0.6975883562117815,3,0.10933239106088877,12.133333333333333,2,logistic_regression,30,258098,6400,30,16,74749b9de8a69391,15,success,fine,6400,0,2.174744166433811
32,0.07546768616884947,3,0.06276818085461855,30.4,24,logistic_regression,5,258098,6400,5,32,74749b9de8a69391,15,success,coarse,6400,0,1.509197131730616
32,0.7815227676182985,3,0.11615555081516504,21.966666666666665,2,logistic_regression,30,258098,6400,30,32,74749b9de8a69391,15,success,fine,6400,0,2.2235445277765393
8,0.07618061732500792,3,0.06226958706974983,8.0,8,logistic_regression,5,258098,6400,5,8,74749b9de8a69391,15,success,coarse,6400,0,1.4389907037839293
8,0.7739504398778081,3,0.11655265185981989,6.433333333333334,1,logistic_regression,30,258098,6400,30,8,74749b9de8a69391,15,success,fine,6400,0,2.247695593163371
16,0.057169982232153416,3,0.0668900515884161,15.2,12,logistic_regression,5,258098,3200,5,16,74749b9de8a69391,16,success,coarse,3200,0,1.4664059095084667
16,0.3476944528520107,3,0.10651296749711037,11.285714285714286,2,logistic_regression,30,258098,3200,28,16,74749b9de8a69391,16,success,fine,3200,2,1.804900043644011
32,0.04588334448635578,3,0.06262372806668282,28.0,12,logistic_regression,5,258098,3200,5,32,74749b9de8a69391,16,success,coarse,3200,0,1.4809786966070533
32,0.31639829091727734,3,0.10165120754390955,19.928571428571427,2,logistic_regression,30,258098,3200,28,32,74749b9de8a69391,16,success,fine,3200,2,1.784256991930306
8,0.056546189822256565,3,0.06406926270574331,8.0,8,logistic_regression,5,258098,3200,5,8,74749b9de8a69391,16,success,coarse,3200,0,1.4618756519630551
8,0.39207830000668764,3,0.10165764484554529,6.357142857142857,2,logistic_regression,30,258098,3200,28,8,74749b9de8a69391,16,success,fine,3200,2,1.798199967481196
16,0.10043693520128727,3,0.06162637006491423,15.8,15,logistic_regression,5,258098,6400,5,16,74749b9de8a69391,16,success,coarse,6400,0,1.473377256654203
16,0.8275338681414723,3,0.11081540770828724,12.571428571428571,3,logistic_regression,30,258098,6400,28,16,74749b9de8a69391,16,success,fine,6400,2,2.304608765989542
32,0.10447107534855604,3,0.06287802755832672,30.0,22,logistic_regression,5,258098,6400,5,32,74749b9de8a69391,16,success,coarse,6400,0,1.5237644100561738
32,0.7211943920701742,3,0.10338355228304863,22.392857142857142,3,logistic_regression,30,258098,6400,28,32,74749b9de8a69391,16,success,fine,6400,2,2.1764735840260983
8,0.09763227216899395,3,0.06288558803498745,8.0,8,logistic_regression,5,258098,6400,5,8,74749b9de8a69391,16,success,coarse,6400,0,1.534014723263681
8,0.8916481547057629,3,0.10797716397792101,6.75,3,logistic_regression,30,258098,6400,28,8,74749b9de8a69391,16,success,fine,6400,2,2.3737915037199855
16,0.044760252349078655,3,0.06690487544983625,14.8,10,logistic_regression,5,258098,3200,5,16,74749b9de8a69391,17,success,coarse,3200,0,1.4473669417202473
16,0.2986734602600336,3,0.11375862173736095,11.448275862068966,2,logistic_regression,30,258098,3200,29,16,74749b9de8a69391,17,success,fine,3200,1,1.7709755823016167
32,0.04659685119986534,3,0.06596116814762354,27.6,10,logistic_regression,5,258098,3200,5,32,74749b9de8a69391,17,success,coarse,3200,0,1.4726063627749681
32,0.35548169538378716,3,0.10862799733877182,20.379310344827587,2,logistic_regression,30,258098,3200,29,32,74749b9de8a69391,17,success,fine,3200,1,1.7887927424162626
8,0.06435068510472775,3,0.0652758851647377,7.6,6,logistic_regression,5,258098,3200,5,8,74749b9de8a69391,17,success,coarse,3200,0,1.4374261051416397
8,0.32443878427147865,3,0.10768479015678167,6.448275862068965,2,logistic_regression,30,258098,3200,29,8,74749b9de8a69391,17,success,fine,3200,1,1.7689250241965055
16,0.10870655532926321,3,0.06279473472386599,15.4,13,logistic_regression,5,258098,6400,5,16,74749b9de8a69391,17,success,coarse,6400,0,1.486129131168127
16,0.7502033961936831,3,0.11428331583738327,12.482758620689655,2,logistic_regression,30,258098,6400,29,16,74749b9de8a69391,17,success,fine,6400,1,2.195969889871776
32,0.10144243948161602,3,0.06019650958478451,29.4,19,logistic_regression,5,258098,6400,5,32,74749b9de8a69391,17,success,coarse,6400,0,1.4993443544954062
32,0.7440625485032797,3,0.10673294216394424,22.379310344827587,2,logistic_regression,30,258098,6400,29,32,74749b9de8a69391,17,success,fine,6400,1,2.2198366662487388
8,0.09102886356413364,3,0.06281308177858591,7.6,6,logistic_regression,5,258098,6400,5,8,74749b9de8a69391,17,success,coarse,6400,0,1.516103726811707
8,0.7259691711515188,3,0.11500491201877594,6.551724137931035,2,logistic_regression,30,258098,6400,29,8,74749b9de8a69391,17,success,fine,6400,1,2.2026217617094517
16,0.05587351135909557,3,0.06284825596958399,14.8,10,logistic_regression,5,258098,3200,5,16,74749b9de8a69391,18,success,coarse,3200,0,1.4527775617316365
16,0.3565041497349739,3,0.10463029611855745,11.321428571428571,1,logistic_regression,30,258098,3200,28,16,74749b9de8a69391,18,success,fine,3200,2,1.786611307412386
32,0.053028447553515434,3,0.06190056260675192,27.6,10,logistic_regression,5,258098,3200,5,32,74749b9de8a69391,18,success,coarse,3200,0,1.4951191134750843
32,0.3257026933133602,3,0.10634903144091368,20.214285714285715,1,logistic_regression,30,258098,3200,28,32,74749b9de8a69391,18,success,fine,3200,2,1.7528572818264365
8,0.04556399118155241,3,0.06203490309417248,8.0,8,logistic_regression,5,258098,3200,5,8,74749b9de8a69391,18,success,coarse,3200,0,1.4145653685554862
8,0.3039344968274236,3,0.10780977923423052,6.357142857142857,1,logistic_regression,30,258098,3200,28,8,74749b9de8a69391,18,success,fine,3200,2,1.7456012787297368
16,0.11131775472313166,3,0.06347190774977207,15.8,15,logistic_regression,5,258098,6400,5,16,74749b9de8a69391,18,success,coarse,6400,0,1.5260543581098318
16,0.8978869970887899,3,0.10712279565632343,11.928571428571429,1,logistic_regression,30,258098,6400,28,16,74749b9de8a69391,18,success,fine,6400,2,2.3388099493458867
32,0.10138758085668087,3,0.06143343634903431,29.6,20,logistic_regression,5,258098,6400,5,32,74749b9de8a69391,18,success,coarse,6400,0,1.4820604864507914
32,0.8381294524297118,3,0.10844323597848415,22.178571428571427,1,logistic_regression,30,258098,6400,28,32,74749b9de8a69391,18,success,fine,6400,2,2.308551659807563
8,0.1036418741568923,3,0.062471574172377586,8.0,8,logistic_regression,5,258098,6400,5,8,74749b9de8a69391,18,success,coarse,6400,0,1.5254014069214463
8,0.8663347819820046,3,0.10217416286468506,6.5,1,logistic_regression,30,258098,6400,28,8,74749b9de8a69391,18,success,fine,6400,2,2.315913960337639
16,0.05583276227116585,3,0.06393003091216087,14.2,7,logistic_regression,5,258098,3200,5,16,74749b9de8a69391,19,success,coarse,3200,0,1.4714051531627774
16,0.32522826362401247,3,0.10783600155264139,11.068965517241379,1,logistic_regression,30,258098,3200,29,16,74749b9de8a69391,19,success,fine,3200,1,1.7979855965822935
32,0.05976793263107538,3,0.0637087719514966,27.0,7,logistic_regression,5,258098,3200,5,32,74749b9de8a69391,19,success,coarse,3200,0,1.479567427188158
32,0.2969703283160925,3,0.11335773114115,18.96551724137931,1,logistic_regression,30,258098,3200,29,32,74749b9de8a69391,19,success,fine,3200,1,1.7477855551987886
8,0.059268297627568245,3,0.060087560676038265,7.6,6,logistic_regression,5,258098,3200,5,8,74749b9de8a69391,19,success,coarse,3200,0,1.4327691085636616
8,0.3278874782845378,3,0.10842663422226906,6.103448275862069,1,logistic_regression,30,258098,3200,29,8,74749b9de8a69391,19,success,fine,3200,1,1.7997975926846266
16,0.09357555955648422,3,0.06178849842399359,15.2,12,logistic_regression,5,258098,6400,5,16,74749b9de8a69391,19,success,coarse,6400,0,1.5016194684430957
16,0.7171665262430906,3,0.11141363065689802,11.689655172413794,1,logistic_regression,30,258098,6400,29,16,74749b9de8a69391,19,success,fine,6400,1,2.1370930038392544
32,0.11105302441865206,3,0.06102354638278484,28.0,12,logistic_regression,5,258098,6400,5,32,74749b9de8a69391,19,success,coarse,6400,0,1.473006228916347
32,0.778562942519784,3,0.11395108699798584,21.620689655172413,1,logistic_regression,30,258098,6400,29,32,74749b9de8a69391,19,success,fine,6400,1,2.239052701741457
8,0.10186497587710619,3,0.0653150686994195,7.6,6,logistic_regression,5,258098,6400,5,8,74749b9de8a69391,19,success,coarse,6400,0,1.4765838626772165
8,0.7499732738360763,3,0.10558394342660904,6.103448275862069,1,logistic_regression,30,258098,6400,29,8,74749b9de8a69391,19,success,fine,6400,1,2.1543867038562894
16,0.053663961589336395,4,0.05718458630144596,14.4,8,logistic_regression,5,238212,3200,5,16,74749b9de8a69391,0,success,coarse,3200,0,1.3372200159355998
16,0.24887137860059738,4,0.10557334590703249,11.379310344827585,1,logistic_regression,30,238212,3200,29,16,74749b9de8a69391,0,success,fine,3200,1,1.567925103008747
32,0.060835533775389194,4,0.05692663136869669,27.2,8,logistic_regression,5,238212,3200,5,32,74749b9de8a69391,0,success,coarse,3200,0,1.2958745760843158
32,0.2979524014517665,4,0.10303048975765705,19.862068965517242,1,logistic_regression,30,238212,3200,29,32,74749b9de8a69391,0,success,fine,3200,1,1.5890265619382262
8,0.07083362434059381,4,0.0601017689332366,7.8,7,logistic_regression,5,238212,3200,5,8,74749b9de8a69391,0,success,coarse,3200,0,1.4222893547266722
8,0.29930471908301115,4,0.10090793296694756,6.206896551724138,1,logistic_regression,30,238212,3200,29,8,74749b9de8a69391,0,success,fine,3200,1,1.6129417242482305
16,0.09844625927507877,4,0.05614572577178478,15.6,14,logistic_regression,5,238212,6400,5,16,74749b9de8a69391,0,success,coarse,6400,0,1.3815493555739522
16,0.6954149762168527,4,0.09972598869353533,12.137931034482758,1,logistic_regression,30,238212,6400,29,16,74749b9de8a69391,0,success,fine,6400,1,1.9957302184775472
32,0.12122910749167204,4,0.05731294769793749,28.6,15,logistic_regression,5,238212,6400,5,32,74749b9de8a69391,0,success,coarse,6400,0,1.3431517938151956
32,0.7571715349331498,4,0.10269849561154842,22.413793103448278,1,logistic_regression,30,238212,6400,29,32,74749b9de8a69391,0,success,fine,6400,1,2.042656583711505
8,0.12687295116484165,4,0.057226226665079594,7.8,7,logistic_regression,5,238212,6400,5,8,74749b9de8a69391,0,success,coarse,6400,0,1.3972033960744739
8,0.6583863496780396,4,0.1030558180063963,6.344827586206897,1,logistic_regression,30,238212,6400,29,8,74749b9de8a69391,0,success,fine,6400,1,1.9801843697205186
16,0.059610385447740555,4,0.06485592294484377,14.8,11,logistic_regression,5,238212,3200,5,16,74749b9de8a69391,1,success,coarse,3200,0,1.3373263292014599
16,0.2922148462384939,4,0.10429761093109846,11.413793103448276,1,logistic_regression,30,238212,3200,29,16,74749b9de8a69391,1,success,fine,3200,1,1.5851703630760312
32,0.05637841206043959,4,0.05637077055871487,27.6,11,logistic_regression,5,238212,3200,5,32,74749b9de8a69391,1,success,coarse,3200,0,1.3155394671484828
32,0.2795986095443368,4,0.09992097038775682,20.17241379310345,1,logistic_regression,30,238212,3200,29,32,74749b9de8a69391,1,success,fine,3200,1,1.5907386625185609
8,0.056899700313806534,4,0.05719508044421673,7.8,7,logistic_regression,5,238212,3200,5,8,74749b9de8a69391,1,success,coarse,3200,0,1.324143878184259
8,0.2841183952987194,4,0.099390659481287,6.413793103448276,1,logistic_regression,30,238212,3200,29,8,74749b9de8a69391,1,success,fine,3200,1,1.578853476792574
16,0.1381401252001524,4,0.05717064533382654,15.4,14,logistic_regression,5,238212,6400,5,16,74749b9de8a69391,1,success,coarse,6400,0,1.4029704378917813
16,0.6815778957679868,4,0.09929254278540611,12.413793103448276,1,logistic_regression,30,238212,6400,29,16,74749b9de8a69391,1,success,fine,6400,1,1.9404786108061671
32,0.11955713387578726,4,0.05761380586773157,29.8,22,logistic_regression,5,238212,6400,5,32,74749b9de8a69391,1,success,coarse,6400,0,1.3864059168845415
32,0.7250365195795894,4,0.09924241807311773,22.517241379310345,1,logistic_regression,30,238212,6400,29,32,74749b9de8a69391,1,success,fine,6400,1,1.99845427647233
8,0.11177379824221134,4,0.05776205658912659,7.8,7,logistic_regression,5,238212,6400,5,8,74749b9de8a69391,1,success,coarse,6400,0,1.3811303665861487
8,0.6492071310058236,4,0.10230912547558546,6.586206896551724,1,logistic_regression,30,238212,6400,29,8,74749b9de8a69391,1,success,fine,6400,1,1.8798966156318784
16,0.051515474915504456,4,0.05695393215864897,15.2,12,logistic_regression,5,238212,3200,5,16,74749b9de8a69391,2,success,coarse,3200,0,1.2568348301574588
16,0.33430764079093933,4,0.09945047833025455,11.275862068965518,1,logistic_regression,30,238212,3200,29,16,74749b9de8a69391,2,success,fine,3200,1,1.639541495591402
32,0.04983773175626993,4,0.05698052141815424,28.0,12,logistic_regression,5,238212,3200,5,32,74749b9de8a69391,2,success,coarse,3200,0,1.293729997240007
32,0.3348640212789178,4,0.09834227431565523,19.896551724137932,1,logistic_regression,30,238212,3200,29,32,74749b9de8a69391,2,success,fine,3200,1,1.6105762096121907
8,0.046888191252946854,4,0.05717355851083994,7.8,7,logistic_regression,5,238212,3200,5,8,74749b9de8a69391,2,success,coarse,3200,0,1.2909883670508862
8,0.3000834872946143,4,0.10262385290116072,6.275862068965517,1,logistic_regression,30,238212,3200,29,8,74749b9de8a69391,2,success,fine,3200,1,1.5585750006139278
16,0.09764369204640388,4,0.060896193608641624,15.8,15,logistic_regression,5,238212,6400,5,16,74749b9de8a69391,2,success,coarse,6400,0,1.356974103488028
16,0.830761187709868,4,0.10113745555281639,12.275862068965518,1,logistic_regression,30,238212,6400,29,16,74749b9de8a69391,2,success,fine,6400,1,2.1419898960739374
32,0.11885865963995457,4,0.057863928377628326,30.4,24,logistic_regression,5,238212,6400,5,32,74749b9de8a69391,2,success,coarse,6400,0,1.3888519946485758
32,0.8287933701649308,4,0.10034119710326195,22.17241379310345,1,logistic_regression,30,238212,6400,29,32,74749b9de8a69391,2,success,fine,6400,1,2.1344495117664337
8,0.11287671234458685,4,0.05869816429913044,7.8,7,logistic_regression,5,238212,6400,5,8,74749b9de8a69391,2,success,coarse,6400,0,1.3440202539786696
8,0.8170670317485929,4,0.10330592095851898,6.413793103448276,1,logistic_regression,30,238212,6400,29,8,74749b9de8a69391,2,success,fine,6400,1,2.101031655445695
16,0.062104166485369205,4,0.055371228605508804,14.8,10,logistic_regression,5,238212,3200,5,16,74749b9de8a69391,3,success,coarse,3200,0,1.3283954448997974
16,0.324441185221076,4,0.09315428324043751,11.714285714285714,2,logistic_regression,30,238212,3200,28,16,74749b9de8a69391,3,success,fine,3200,2,1.6288994392380118
32,0.05276438966393471,4,0.05834951438009739,27.6,10,logistic_regression,5,238212,3200,5,32,74749b9de8a69391,3,success,coarse,3200,0,1.3286765329539776
32,0.32683057244867086,4,0.0976984528824687,20.571428571428573,2,logistic_regression,30,238212,3200,28,32,74749b9de8a69391,3,success,fine,3200,2,1.613915347494185
8,0.0539687667042017,4,0.057765983045101166,8.0,8,logistic_regression,5,238212,3200,5,8,74749b9de8a69391,3,success,coarse,3200,0,1.3026793990284204
8,0.41752573382109404,4,0.09586875326931477,6.535714285714286,2,logistic_regression,30,238212,3200,28,8,74749b9de8a69391,3,success,fine,3200,2,1.7238837825134397
16,0.11575199384242296,4,0.0590060343965888,16.0,16,logistic_regression,5,238212,6400,5,16,74749b9de8a69391,3,success,coarse,6400,0,1.3691216874867678
16,0.8297221837565303,4,0.1006500581279397,12.821428571428571,2,logistic_regression,30,238212,6400,28,16,74749b9de8a69391,3,success,fine,6400,2,2.0832457169890404
32,0.114887785166502,4,0.05744439270347357,29.4,19,logistic_regression,5,238212,6400,5,32,74749b9de8a69391,3,success,coarse,6400,0,1.3742743767797947
32,0.6996695389971137,4,0.0946821728721261,23.142857142857142,2,logistic_regression,30,238212,6400,28,32,74749b9de8a69391,3,success,fine,6400,2,1.941489316523075
8,0.10650676768273115,4,0.059767198748886585,8.0,8,logistic_regression,5,238212,6400,5,8,74749b9de8a69391,3,success,coarse,6400,0,1.3298504138365388
8,0.8552795946598053,4,0.09409918170422316,6.678571428571429,2,logistic_regression,30,238212,6400,28,8,74749b9de8a69391,3,success,fine,6400,2,2.1516748229041696
16,0.054064229130744934,4,0.05819598399102688,14.8,10,logistic_regression,5,238212,3200,5,16,74749b9de8a69391,4,success,coarse,3200,0,1.318255309946835
16,0.3291364423930645,4,0.10112269315868616,11.172413793103448,1,logistic_regression,30,238212,3200,29,16,74749b9de8a69391,4,success,fine,3200,1,1.6312419613823295
32,0.05930547881871462,4,0.057115291245281696,27.6,10,logistic_regression,5,238212,3200,5,32,74749b9de8a69391,4,success,coarse,3200,0,1.337077496573329
32,0.3389848554506898,4,0.1004759930074215,19.724137931034484,1,logistic_regression,30,238212,3200,29,32,74749b9de8a69391,4,success,fine,3200,1,1.6317102015018463
8,0.044766793958842754,4,0.0582182677462697,8.0,8,logistic_regression,5,238212,3200,5,8,74749b9de8a69391,4,success,coarse,3200,0,1.3148149754852057
8,0.33266119193285704,4,0.10399079322814941,6.068965517241379,1,logistic_regression,30,238212,3200,29,8,74749b9de8a69391,4,success,fine,3200,1,1.6169742103666067
16,0.10364023316651583,4,0.05843278020620346,16.0,16,logistic_regression,5,238212,6400,5,16,74749b9de8a69391,4,success,coarse,6400,0,1.3380889287218451
16,0.8234550692141056,4,0.10354549437761307,11.793103448275861,1,logistic_regression,30,238212,6400,29,16,74749b9de8a69391,4,success,fine,6400,1,2.1266008438542485
32,0.12348763458430767,4,0.05815086979418993,29.4,19,logistic_regression,5,238212,6400,5,32,74749b9de8a69391,4,success,coarse,6400,0,1.368715951219201
32,0.8657612381502986,4,0.10433663520962,21.896551724137932,1,logistic_regression,30,238212,6400,29,32,74749b9de8a69391,4,success,fine,6400,1,2.1679571978747845
8,0.10600844118744135,4,0.05745845567435026,8.0,8,logistic_regression,5,238212,6400,5,8,74749b9de8a69391,4,success,coarse,6400,0,1.3702471172437072
8,0.8163820058107376,4,0.10316914040595293,6.103448275862069,1,logistic_regression,30,238212,6400,29,8,74749b9de8a69391,4,success,fine,6400,1,2.1010283203795552
16,0.05360399466007948,4,0.0576668307185173,14.8,10,logistic_regression,5,238212,3200,5,16,74749b9de8a69391,5,success,coarse,3200,0,1.3311035195365548
16,0.3073106138035655,4,0.10438842792063951,11.862068965517242,1,logistic_regression,30,238212,3200,29,16,74749b9de8a69391,5,success,fine,3200,1,1.6421432457864285
32,0.05357825756072998,4,0.056882234290242195,27.6,10,logistic_regression,5,238212,3200,5,32,74749b9de8a69391,5,success,coarse,3200,0,1.3378332713618875
32,0.2819231003522873,4,0.09994211047887802,20.82758620689655,2,logistic_regression,30,238212,3200,29,32,74749b9de8a69391,5,success,fine,3200,1,1.6079092342406511
8,0.053367611952126026,4,0.05768069066107273,8.0,8,logistic_regression,5,238212,3200,5,8,74749b9de8a69391,5,success,coarse,3200,0,1.3214735426008701
8,0.3055725358426571,4,0.10428012441843748,6.482758620689655,1,logistic_regression,30,238212,3200,29,8,74749b9de8a69391,5,success,fine,3200,1,1.6127318628132343
16,0.08480989281088114,4,0.058227420784533024,15.8,15,logistic_regression,5,238212,6400,5,16,74749b9de8a69391,5,success,coarse,6400,0,1.3467223001644015
16,0.7191163590177894,4,0.10617538820952177,12.724137931034482,1,logistic_regression,30,238212,6400,29,16,74749b9de8a69391,5,success,fine,6400,1,2.0412659384310246
32,0.10116880387067795,4,0.05719196889549494,29.6,20,logistic_regression,5,238212,6400,5,32,74749b9de8a69391,5,success,coarse,6400,0,1.367227589711547
32,0.7154367370530963,4,0.10225300211459398,23.344827586206897,2,logistic_regression,30,238212,6400,29,32,74749b9de8a69391,5,success,fine,6400,1,2.0444249408319592
8,0.09179247170686722,4,0.0572578851133585,8.0,8,logistic_regression,5,238212,6400,5,8,74749b9de8a69391,5,success,coarse,6400,0,1.3425976615399122
8,0.8473047586157918,4,0.10027179401367903,6.689655172413793,1,logistic_regression,30,238212,6400,29,8,74749b9de8a69391,5,success,fine,6400,1,2.1436941027641296
16,0.05595529731363058,4,0.05523637495934963,14.4,8,logistic_regression,5,238212,3200,5,16,74749b9de8a69391,6,success,coarse,3200,0,1.300151496194303
16,0.3316091001033783,4,0.09883153438568115,11.133333333333333,1,logistic_regression,30,238212,3200,30,16,74749b9de8a69391,6,success,fine,3200,0,1.6415161145851016
32,0.052288541570305824,4,0.05512627214193344,27.2,8,logistic_regression,5,238212,3200,5,32,74749b9de8a69391,6,success,coarse,3200,0,1.3563178749755025
32,0.34734311513602734,4,0.10181685723364353,19.2,1,logistic_regression,30,238212,3200,30,32,74749b9de8a69391,6,success,fine,3200,0,1.6454872973263264
8,0.05096315313130617,4,0.05960093159228563,7.6,6,logistic_regression,5,238212,3200,5,8,74749b9de8a69391,6,success,coarse,3200,0,1.279253394342959
8,0.24478145688772202,4,0.10222306940704584,6.166666666666667,1,logistic_regression,30,238212,3200,30,8,74749b9de8a69391,6,success,fine,3200,0,1.5218800026923418
16,0.10270509589463472,4,0.055225592106580734,15.6,14,logistic_regression,5,238212,6400,5,16,74749b9de8a69391,6,success,coarse,6400,0,1.3400529054924846
16,0.7264707488939166,4,0.10325624793767929,12.033333333333333,1,logistic_regression,30,238212,6400,30,16,74749b9de8a69391,6,success,fine,6400,0,1.9849643697962165
32,0.10112996865063906,4,0.054981529712677,28.6,15,logistic_regression,5,238212,6400,5,32,74749b9de8a69391,6,success,coarse,6400,0,1.3106758976355195
32,0.8139721397310495,4,0.09896478150039911,21.766666666666666,1,logistic_regression,30,238212,6400,30,32,74749b9de8a69391,6,success,fine,6400,0,2.126391633413732
8,0.13256166968494654,4,0.05516741331666708,7.6,6,logistic_regression,5,238212,6400,5,8,74749b9de8a69391,6,success,coarse,6400,0,1.3750702207908034
8,0.692031554877758,4,0.09897125698626041,6.233333333333333,1,logistic_regression,30,238212,6400,30,8,74749b9de8a69391,6,success,fine,6400,0,1.9495082376524806
16,0.050381784327328205,4,0.05695326253771782,14.8,10,logistic_regression,5,238212,3200,5,16,74749b9de8a69391,7,success,coarse,3200,0,1.282953929156065
16,0.24612406082451344,4,0.0915592024102807,11.75,1,logistic_regression,30,238212,3200,28,16,74749b9de8a69391,7,success,fine,3200,2,1.5542649794369936
32,0.05342272762209177,4,0.0554761802777648,27.6,10,logistic_regression,5,238212,3200,5,32,74749b9de8a69391,7,success,coarse,3200,0,1.2598613379523158
32,0.269964543171227,4,0.09133581165224314,20.785714285714285,1,logistic_regression,30,238212,3200,28,32,74749b9de8a69391,7,success,fine,3200,2,1.5614910889416933
8,0.045274367555975914,4,0.054906328208744526,8.0,8,logistic_regression,5,238212,3200,5,8,74749b9de8a69391,7,success,coarse,3200,0,1.2939575454220176
8,0.3290323782712221,4,0.09447042178362608,6.428571428571429,1,logistic_regression,30,238212,3200,28,8,74749b9de8a69391,7,success,fine,3200,2,1.646636071614921
16,0.08913685381412506,4,0.054981885477900505,15.8,15,logistic_regression,5,238212,6400,5,16,74749b9de8a69391,7,success,coarse,6400,0,1.2989048697054386
16,0.5955443559214473,4,0.09164263214915991,12.642857142857142,1,logistic_regression,30,238212,6400,28,16,74749b9de8a69391,7,success,fine,6400,2,1.9069509077817202
32,0.11384067311882973,4,0.05520054139196873,29.4,19,logistic_regression,5,238212,6400,5,32,74749b9de8a69391,7,success,coarse,6400,0,1.3580114673823118
32,0.6963213784620166,4,0.09494178183376789,22.964285714285715,1,logistic_regression,30,238212,6400,28,32,74749b9de8a69391,7,success,fine,6400,2,2.000470413826406
8,0.06403008569031954,4,0.05593476444482803,8.0,8,logistic_regression,5,238212,6400,5,8,74749b9de8a69391,7,success,coarse,6400,0,1.3072423385456204
8,0.6569405645132065,4,0.09465138614177704,6.535714285714286,1,logistic_regression,30,238212,6400,28,8,74749b9de8a69391,7,success,fine,6400,2,1.9258029172196984
16,0.05480086710304022,4,0.05476172920316458,14.6,9,logistic_regression,5,238212,3200,5,16,74749b9de8a69391,8,success,coarse,3200,0,1.324879927560687
16,0.3091469444334507,4,0.10149574838578701,11.241379310344827,1,logistic_regression,30,238212,3200,29,16,74749b9de8a69391,8,success,fine,3200,1,1.5949779031798244
32,0.05043047107756138,4,0.05477416794747114,27.4,9,logistic_regression,5,238212,3200,5,32,74749b9de8a69391,8,success,coarse,3200,0,1.3164934925734997
32,0.32422751653939486,4,0.10313147958368063,18.96551724137931,1,logistic_regression,30,238212,3200,29,32,74749b9de8a69391,8,success,fine,3200,1,1.6257533393800259
8,0.0565258888527751,4,0.054649299941957,8.0,8,logistic_regression,5,238212,3200,5,8,74749b9de8a69391,8,success,coarse,3200,0,1.2795724561437964
8,0.3489739689975977,4,0.09684655349701643,6.206896551724138,1,logistic_regression,30,238212,3200,29,8,74749b9de8a69391,8,success,fine,3200,1,1.6414716579020023
16,0.10746465437114239,4,0.05510754697024822,16.0,16,logistic_regression,5,238212,6400,5,16,74749b9de8a69391,8,success,coarse,6400,0,1.3255264544859529
16,0.8031702507287264,4,0.10060898028314114,12.172413793103448,1,logistic_regression,30,238212,6400,29,16,74749b9de8a69391,8,success,fine,6400,1,2.067191648297012
32,0.10303138568997383,4,0.05486993305385113,29.0,17,logistic_regression,5,238212,6400,5,32,74749b9de8a69391,8,success,coarse,6400,0,1.3412238247692585
32,0.781780525110662,4,0.09783262200653553,22.17241379310345,1,logistic_regression,30,238212,6400,29,32,74749b9de8a69391,8,success,fine,6400,1,2.069251611828804
8,0.10611491929739714,4,0.0547832241281867,8.0,8,logistic_regression,5,238212,6400,5,8,74749b9de8a69391,8,success,coarse,6400,0,1.317490540444851
8,0.7483975812792778,4,0.09709058329463005,6.379310344827586,1,logistic_regression,30,238212,6400,29,8,74749b9de8a69391,8,success,fine,6400,1,2.0385629450902343
16,0.04841512069106102,4,0.05474820360541344,14.4,8,logistic_regression,5,238212,3200,5,16,74749b9de8a69391,9,success,coarse,3200,0,1.299503207206726
16,0.30375423934310675,4,0.10266221780329943,10.766666666666667,1,logistic_regression,30,238212,3200,30,16,74749b9de8a69391,9,success,fine,3200,0,1.6072012465447187
32,0.05577827990055084,4,0.05611042585223913,27.2,8,logistic_regression,5,238212,3200,5,32,74749b9de8a69391,9,success,coarse,3200,0,1.3223579674959183
32,0.3226979151368141,4,0.10200206376612186,18.8,1,logistic_regression,30,238212,3200,30,32,74749b9de8a69391,9,success,fine,3200,0,1.616914845071733
8,0.061879838816821575,4,0.05458289571106434,7.4,5,logistic_regression,5,238212,3200,5,8,74749b9de8a69391,9,success,coarse,3200,0,1.3243458541110158
8,0.32066889107227325,4,0.09876464307308197,5.966666666666667,1,logistic_regression,30,238212,3200,30,8,74749b9de8a69391,9,success,fine,3200,0,1.6305764932185411
16,0.09849239140748978,4,0.05468451138585806,15.4,13,logistic_regression,5,238212,6400,5,16,74749b9de8a69391,9,success,coarse,6400,0,1.3490283377468586
16,0.6945458957925439,4,0.10641836281865835,11.7,1,logistic_regression,30,238212,6400,30,16,74749b9de8a69391,9,success,fine,6400,0,2.030325375497341
32,0.11645395029336214,4,0.05497786961495876,28.6,15,logistic_regression,5,238212,6400,5,32,74749b9de8a69391,9,success,coarse,6400,0,1.4033901570364833
32,0.824986856430769,4,0.09853228460997343,21.166666666666668,2,logistic_regression,30,238212,6400,30,32,74749b9de8a69391,9,success,fine,6400,0,2.1385824400931597
8,0.11280760914087296,4,0.054664621129631996,7.4,5,logistic_regression,5,238212,6400,5,8,74749b9de8a69391,9,success,coarse,6400,0,1.3627405986189842
8,0.7748384270817041,4,0.09837916307151318,6.1,1,logistic_regression,30,238212,6400,30,8,74749b9de8a69391,9,success,fine,6400,0,2.07667304482311
16,0.0444843927398324,4,0.05510079488158226,14.6,9,logistic_regression,5,238212,3200,5,16,74749b9de8a69391,10,success,coarse,3200,0,1.293442322872579
16,0.2584771607071161,4,0.09357949066907167,12.11111111111111,2,logistic_regression,30,238212,3200,27,16,74749b9de8a69391,10,success,fine,3200,3,1.57130216807127
32,0.05225233733654022,4,0.0551639087498188,27.4,9,logistic_regression,5,238212,3200,5,32,74749b9de8a69391,10,success,coarse,3200,0,1.322177093476057
32,0.3044000305235386,4,0.09698043297976255,21.48148148148148,2,logistic_regression,30,238212,3200,27,32,74749b9de8a69391,10,success,fine,3200,3,1.612889239564538
8,0.04531679209321737,4,0.05808224994689226,7.8,7,logistic_regression,5,238212,3200,5,8,74749b9de8a69391,10,success,coarse,3200,0,1.2777857463806868
8,0.3131253672763705,4,0.09639771189540625,6.814814814814815,2,logistic_regression,30,238212,3200,27,8,74749b9de8a69391,10,success,fine,3200,3,1.563025075942278
16,0.09729903005063534,4,0.05507045146077871,15.8,15,logistic_regression,5,238212,6400,5,16,74749b9de8a69391,10,success,coarse,6400,0,1.3376633515581489
16,0.7602797336876392,4,0.09706388879567385,13.333333333333334,3,logistic_regression,30,238212,6400,27,16,74749b9de8a69391,10,success,fine,6400,3,2.021413058973849
32,0.10111669544130564,4,0.05499747395515442,28.8,16,logistic_regression,5,238212,6400,5,32,74749b9de8a69391,10,success,coarse,6400,0,1.351274368353188
32,0.8607094250619411,4,0.09728567209094763,23.814814814814813,3,logistic_regression,30,238212,6400,27,32,74749b9de8a69391,10,success,fine,6400,3,2.1913686469197273
8,0.09583683777600527,4,0.05495576001703739,7.8,7,logistic_regression,5,238212,6400,5,8,74749b9de8a69391,10,success,coarse,6400,0,1.3396046794950962
8,0.6026337947696447,4,0.09325838275253773,6.925925925925926,2,logistic_regression,30,238212,6400,27,8,74749b9de8a69391,10,success,fine,6400,3,1.874391509220004
16,0.05782544147223234,4,0.058193991892039776,14.6,9,logistic_regression,5,238212,3200,5,16,74749b9de8a69391,11,success,coarse,3200,0,1.3088590307161212
16,0.32482929807156324,4,0.10270269308239222,11.2,1,logistic_regression,30,238212,3200,30,16,74749b9de8a69391,11,success,fine,3200,0,1.637532469816506
32,0.05435141175985336,4,0.05502589792013168,27.4,9,logistic_regression,5,238212,3200,5,32,74749b9de8a69391,11,success,coarse,3200,0,1.3426103219389915
32,0.3794732103124261,4,0.10129052866250277,19.7,1,logistic_regression,30,238212,3200,30,32,74749b9de8a69391,11,success,fine,3200,0,1.6721940645948052
8,0.058195834048092365,4,0.054935130290687084,7.6,6,logistic_regression,5,238212,3200,5,8,74749b9de8a69391,11,success,coarse,3200,0,1.3164391610771418
8,0.3762566354125738,4,0.09849744103848934,6.266666666666667,1,logistic_regression,30,238212,3200,30,8,74749b9de8a69391,11,success,fine,3200,0,1.6335292318835855
16,0.1077021136879921,4,0.06091697420924902,15.6,14,logistic_regression,5,238212,6400,5,16,74749b9de8a69391,11,success,coarse,6400,0,1.3663406744599342
16,0.8917013769969344,4,0.10437451954931021,12.1,1,logistic_regression,30,238212,6400,30,16,74749b9de8a69391,11,success,fine,6400,0,2.212445196695626
32,0.09472774248570204,4,0.062316713854670525,29.0,17,logistic_regression,5,238212,6400,5,32,74749b9de8a69391,11,success,coarse,6400,0,1.348482334986329
32,1.0455481335520744,4,0.10155342426151037,21.733333333333334,1,logistic_regression,30,238212,6400,30,32,74749b9de8a69391,11,success,fine,6400,0,2.361880848184228
8,0.11039454769343138,4,0.057595761492848396,7.6,6,logistic_regression,5,238212,6400,5,8,74749b9de8a69391,11,success,coarse,6400,0,1.3073770189657807
8,0.7525746757164598,4,0.10968977678567171,6.366666666666666,1,logistic_regression,30,238212,6400,30,8,74749b9de8a69391,11,success,fine,6400,0,2.0530496798455715
16,0.04950154013931751,4,0.05778322275727987,14.4,8,logistic_regression,5,238212,3200,5,16,74749b9de8a69391,12,success,coarse,3200,0,1.3099791165441275
16,0.3407009718939662,4,0.10134982317686081,10.758620689655173,1,logistic_regression,30,238212,3200,29,16,74749b9de8a69391,12,success,fine,3200,1,1.6382763059809804
32,0.059903415851294994,4,0.056063427589833736,27.2,8,logistic_regression,5,238212,3200,5,32,74749b9de8a69391,12,success,coarse,3200,0,1.3232244960963726
32,0.32294861786067486,4,0.09775400068610907,19.310344827586206,1,logistic_regression,30,238212,3200,29,32,74749b9de8a69391,12,success,fine,3200,1,1.5741887353360653
8,0.04809559416025877,4,0.0561014823615551,7.8,7,logistic_regression,5,238212,3200,5,8,74749b9de8a69391,12,success,coarse,3200,0,1.317930804565549
8,0.31755770184099674,4,0.09893370792269707,5.9655172413793105,1,logistic_regression,30,238212,3200,29,8,74749b9de8a69391,12,success,fine,3200,1,1.6214908454567194
16,0.1152123799547553,4,0.056580000557005405,15.8,15,logistic_regression,5,238212,6400,5,16,74749b9de8a69391,12,success,coarse,6400,0,1.3868272360414267
16,0.7512958841398358,4,0.10239129886031151,11.689655172413794,1,logistic_regression,30,238212,6400,29,16,74749b9de8a69391,12,success,fine,6400,1,2.0689944103360176
32,0.1002309275791049,4,0.056743644177913666,28.8,16,logistic_regression,5,238212,6400,5,32,74749b9de8a69391,12,success,coarse,6400,0,1.3721767291426659
32,0.7714363401755691,4,0.10520242340862751,21.137931034482758,1,logistic_regression,30,238212,6400,29,32,74749b9de8a69391,12,success,fine,6400,1,2.1133578717708588
8,0.10160362254828215,4,0.057425981387495995,7.8,7,logistic_regression,5,238212,6400,5,8,74749b9de8a69391,12,success,coarse,6400,0,1.3861270984634757
8,0.7215659832581878,4,0.10120845306664705,6.103448275862069,1,logistic_regression,30,238212,6400,29,8,74749b9de8a69391,12,success,fine,6400,1,2.049030982889235
16,0.05804355535656214,4,0.059746153652668,16.0,16,logistic_regression,5,238212,3200,5,16,74749b9de8a69391,13,success,coarse,3200,0,1.3255065875127912
16,0.32217545062303543,4,0.1030835947021842,11.533333333333333,1,logistic_regression,30,238212,3200,30,16,74749b9de8a69391,13,success,fine,3200,0,1.6226638294756413
32,0.06851023714989424,4,0.05847920663654804,29.6,20,logistic_regression,5,238212,3200,5,32,74749b9de8a69391,13,success,coarse,3200,0,1.3360838564112782
32,0.334564964286983,4,0.09985143505036831,19.666666666666668,1,logistic_regression,30,238212,3200,30,32,74749b9de8a69391,13,success,fine,3200,0,1.6208056826144457
8,0.0632807556539774,4,0.056446402333676815,8.0,8,logistic_regression,5,238212,3200,5,8,74749b9de8a69391,13,success,coarse,3200,0,1.322012891061604
8,0.2984134666621685,4,0.10183969791978598,6.3,1,logistic_regression,30,238212,3200,30,8,74749b9de8a69391,13,success,fine,3200,0,1.6187054673209786
16,0.12962749879807234,4,0.05709232855588198,16.0,16,logistic_regression,5,238212,6400,5,16,74749b9de8a69391,13,success,coarse,6400,0,1.3347512828186154
16,0.885284211486578,4,0.10323490295559168,12.2,1,logistic_regression,30,238212,6400,30,16,74749b9de8a69391,13,success,fine,6400,0,2.1934436364099383
32,0.12828789185732603,4,0.05649789050221443,31.6,30,logistic_regression,5,238212,6400,5,32,74749b9de8a69391,13,success,coarse,6400,0,1.3968033716082573
32,0.7771287262439728,4,0.10074017383158207,22.466666666666665,1,logistic_regression,30,238212,6400,30,32,74749b9de8a69391,13,success,fine,6400,0,2.0634604766964912
8,0.12964174896478653,4,0.05664851516485214,8.0,8,logistic_regression,5,238212,6400,5,8,74749b9de8a69391,13,success,coarse,6400,0,1.3647175962105393
8,0.7695339536294341,4,0.10363827552646399,6.4,1,logistic_regression,30,238212,6400,30,8,74749b9de8a69391,13,success,fine,6400,0,2.0709212459623814
16,0.060212863609194756,4,0.056253678165376186,15.4,13,logistic_regression,5,238212,3200,5,16,74749b9de8a69391,14,success,coarse,3200,0,1.3191886153072119
16,0.3322101766243577,4,0.10269042383879423,11.166666666666666,1,logistic_regression,30,238212,3200,30,16,74749b9de8a69391,14,success,fine,3200,0,1.6342404233291745
32,0.05619098525494337,4,0.05755003169178963,28.2,13,logistic_regression,5,238212,3200,5,32,74749b9de8a69391,14,success,coarse,3200,0,1.311202592216432
32,0.3655058452859521,4,0.1048944815993309,19.866666666666667,1,logistic_regression,30,238212,3200,30,32,74749b9de8a69391,14,success,fine,3200,0,1.6822983119636774
8,0.05628489423543215,4,0.056213716976344585,8.0,8,logistic_regression,5,238212,3200,5,8,74749b9de8a69391,14,success,coarse,3200,0,1.2566489782184362
8,0.32270989287644625,4,0.10347979981452227,6.166666666666667,1,logistic_regression,30,238212,3200,30,8,74749b9de8a69391,14,success,fine,3200,0,1.6213073581457138
16,0.1288720089942217,4,0.05739973019808531,16.0,16,logistic_regression,5,238212,6400,5,16,74749b9de8a69391,14,success,coarse,6400,0,1.40561892837286
16,0.8897866327315569,4,0.1043854933232069,12.166666666666666,1,logistic_regression,30,238212,6400,30,16,74749b9de8a69391,14,success,fine,6400,0,2.149562355130911
32,0.12119966559112072,4,0.057974496856331825,30.6,25,logistic_regression,5,238212,6400,5,32,74749b9de8a69391,14,success,coarse,6400,0,1.3885314632207155
32,0.8872973676770926,4,0.10435459855943918,22.0,1,logistic_regression,30,238212,6400,30,32,74749b9de8a69391,14,success,fine,6400,0,2.1968345548957586
8,0.11789467372000217,4,0.05715078767389059,8.0,8,logistic_regression,5,238212,6400,5,8,74749b9de8a69391,14,success,coarse,6400,0,1.3820457346737385
8,0.8523858264088631,4,0.10107605811208487,6.4,1,logistic_regression,30,238212,6400,30,8,74749b9de8a69391,14,success,fine,6400,0,2.1438698852434754
16,0.0443513672798872,4,0.05587335396558046,14.2,7,logistic_regression,5,238212,3200,5,16,74749b9de8a69391,15,success,coarse,3200,0,1.3038049107417464
16,0.24708741810172796,4,0.09571063704788685,11.357142857142858,1,logistic_regression,30,238212,3200,28,16,74749b9de8a69391,15,success,fine,3200,2,1.5187174016609788
32,0.06128534581512213,4,0.05606192536652088,27.0,7,logistic_regression,5,238212,3200,5,32,74749b9de8a69391,15,success,coarse,3200,0,1.3339958358556032
32,0.2777097886428237,4,0.09119877684861422,19.678571428571427,1,logistic_regression,30,238212,3200,28,32,74749b9de8a69391,15,success,fine,3200,2,1.5385115779936314
8,0.05975192878395319,4,0.055651843547821045,7.6,6,logistic_regression,5,238212,3200,5,8,74749b9de8a69391,15,success,coarse,3200,0,1.3246564660221338
8,0.2884777970612049,4,0.09461731556802988,6.25,1,logistic_regression,30,238212,3200,28,8,74749b9de8a69391,15,success,fine,3200,2,1.5860025566071272
16,0.08978263568133116,4,0.055952141992747784,15.0,11,logistic_regression,5,238212,6400,5,16,74749b9de8a69391,15,success,coarse,6400,0,1.3128576930612326
16,0.5377975683659315,4,0.09336015209555626,12.285714285714286,1,logistic_regression,30,238212,6400,28,16,74749b9de8a69391,15,success,fine,6400,2,1.8286569537594914
32,0.1008155345916748,4,0.05631009582430124,28.2,13,logistic_regression,5,238212,6400,5,32,74749b9de8a69391,15,success,coarse,6400,0,1.3004072811454535
32,0.6393424160778522,4,0.09659433737397194,22.321428571428573,1,logistic_regression,30,238212,6400,28,32,74749b9de8a69391,15,success,fine,6400,2,1.9581456631422043
8,0.09691507555544376,4,0.05970588978379965,7.6,6,logistic_regression,5,238212,6400,5,8,74749b9de8a69391,15,success,coarse,6400,0,1.3452453557401896
8,0.6042358987033367,4,0.09562366921454668,6.321428571428571,1,logistic_regression,30,238212,6400,28,8,74749b9de8a69391,15,success,fine,6400,2,1.8937238780781627
16,0.05963743105530739,4,0.055690594017505646,15.0,11,logistic_regression,5,238212,3200,5,16,74749b9de8a69391,16,success,coarse,3200,0,1.3055709302425385
16,0.2924003228545189,4,0.10300442110747099,11.433333333333334,1,logistic_regression,30,238212,3200,30,16,74749b9de8a69391,16,success,fine,3200,0,1.5954820150509477
32,0.05026517063379288,4,0.05620166566222906,27.8,11,logistic_regression,5,238212,3200,5,32,74749b9de8a69391,16,success,coarse,3200,0,1.3144712168723345
32,0.38339054491370916,4,0.09980355761945248,19.466666666666665,1,logistic_regression,30,238212,3200,30,32,74749b9de8a69391,16,success,fine,3200,0,1.6715769562870264
8,0.05203498061746359,4,0.0563204325735569,8.0,8,logistic_regression,5,238212,3200,5,8,74749b9de8a69391,16,success,coarse,3200,0,1.3112921668216586
8,0.3771601263433695,4,0.10450541879981756,6.333333333333333,1,logistic_regression,30,238212,3200,30,8,74749b9de8a69391,16,success,fine,3200,0,1.6936534466221929
16,0.10459746979176998,4,0.05759500525891781,15.8,15,logistic_regression,5,238212,6400,5,16,74749b9de8a69391,16,success,coarse,6400,0,1.4209169605746865
16,0.7954184580594301,4,0.09933440759778023,12.466666666666667,1,logistic_regression,30,238212,6400,30,16,74749b9de8a69391,16,success,fine,6400,0,2.134002545848489
32,0.10732774343341589,4,0.057603719644248486,29.8,21,logistic_regression,5,238212,6400,5,32,74749b9de8a69391,16,success,coarse,6400,0,1.3757624737918377
32,0.8100371696054935,4,0.10274154134094715,22.3,1,logistic_regression,30,238212,6400,30,32,74749b9de8a69391,16,success,fine,6400,0,2.1055143335834146
8,0.10929133929312229,4,0.056438359431922436,8.0,8,logistic_regression,5,238212,6400,5,8,74749b9de8a69391,16,success,coarse,6400,0,1.3647441677749157
8,0.7133395643904805,4,0.10317205358296633,6.6,1,logistic_regression,30,238212,6400,30,8,74749b9de8a69391,16,success,fine,6400,0,1.991471958346665
16,0.05442558880895376,4,0.056045594625175,14.4,8,logistic_regression,5,238212,3200,5,16,74749b9de8a69391,17,success,coarse,3200,0,1.3049531104043126
16,0.33097909297794104,4,0.10467977356165648,11.033333333333333,1,logistic_regression,30,238212,3200,30,16,74749b9de8a69391,17,success,fine,3200,0,1.6334440354257822
32,0.05393555760383606,4,0.05655535589903593,27.2,8,logistic_regression,5,238212,3200,5,32,74749b9de8a69391,17,success,coarse,3200,0,1.317273166961968
32,0.32642009388655424,4,0.09953544195741415,19.3,1,logistic_regression,30,238212,3200,30,32,74749b9de8a69391,17,success,fine,3200,0,1.6463978104293346
8,0.056727091781795025,4,0.05611121281981468,8.0,8,logistic_regression,5,238212,3200,5,8,74749b9de8a69391,17,success,coarse,3200,0,1.3129698932170868
8,0.33351225033402443,4,0.10006438940763474,6.1,1,logistic_regression,30,238212,3200,30,8,74749b9de8a69391,17,success,fine,3200,0,1.6212975569069386
16,0.11129619553685188,4,0.056014479137957096,16.0,16,logistic_regression,5,238212,6400,5,16,74749b9de8a69391,17,success,coarse,6400,0,1.3423951687291265
16,0.714534449391067,4,0.1032946715131402,12.0,1,logistic_regression,30,238212,6400,30,16,74749b9de8a69391,17,success,fine,6400,0,2.0082506835460663
32,0.09708067961037159,4,0.05981900542974472,28.8,16,logistic_regression,5,238212,6400,5,32,74749b9de8a69391,17,success,coarse,6400,0,1.3822504114359617
32,0.8007306568324566,4,0.10384239722043276,21.666666666666668,1,logistic_regression,30,238212,6400,30,32,74749b9de8a69391,17,success,fine,6400,0,2.0950149474665523
8,0.12346549984067678,4,0.056451261043548584,8.0,8,logistic_regression,5,238212,6400,5,8,74749b9de8a69391,17,success,coarse,6400,0,1.317883395589888
8,0.7831064276397228,4,0.10266637243330479,6.366666666666666,1,logistic_regression,30,238212,6400,30,8,74749b9de8a69391,17,success,fine,6400,0,2.042528085410595
16,0.052001433447003365,4,0.05705057643353939,14.4,9,logistic_regression,5,238212,3200,5,16,74749b9de8a69391,18,success,coarse,3200,0,1.3034085230901837
16,0.3254274232313037,4,0.10090052150189877,11.4,1,logistic_regression,30,238212,3200,30,16,74749b9de8a69391,18,success,fine,3200,0,1.6069178422912955
32,0.05861819442361593,4,0.05717811547219753,27.2,9,logistic_regression,5,238212,3200,5,32,74749b9de8a69391,18,success,coarse,3200,0,1.3420456675812602
32,0.28605656139552593,4,0.10401828214526176,19.966666666666665,1,logistic_regression,30,238212,3200,30,32,74749b9de8a69391,18,success,fine,3200,0,1.5800908207893372
8,0.0563092902302742,4,0.057851371355354786,7.8,7,logistic_regression,5,238212,3200,5,8,74749b9de8a69391,18,success,coarse,3200,0,1.3162746587768197
8,0.3245900319889188,4,0.10411532502621412,6.233333333333333,1,logistic_regression,30,238212,3200,30,8,74749b9de8a69391,18,success,fine,3200,0,1.638639885932207
16,0.0926091531291604,4,0.06196924392133951,15.4,14,logistic_regression,5,238212,6400,5,16,74749b9de8a69391,18,success,coarse,6400,0,1.3137489389628172
16,0.7381731970235705,4,0.10391069203615189,12.066666666666666,1,logistic_regression,30,238212,6400,30,16,74749b9de8a69391,18,success,fine,6400,0,2.0580877754837275
32,0.10682359896600246,4,0.06029832176864147,28.8,17,logistic_regression,5,238212,6400,5,32,74749b9de8a69391,18,success,coarse,6400,0,1.386022954247892
32,0.7690587136894464,4,0.10120466630905867,22.4,1,logistic_regression,30,238212,6400,30,32,74749b9de8a69391,18,success,fine,6400,0,2.089135284535587
8,0.11949339788407087,4,0.0586421312764287,7.8,7,logistic_regression,5,238212,6400,5,8,74749b9de8a69391,18,success,coarse,6400,0,1.3848007144406438
8,0.7337292125448585,4,0.09975488297641277,6.3,1,logistic_regression,30,238212,6400,30,8,74749b9de8a69391,18,success,fine,6400,0,2.0410652831196785
16,0.05817718897014856,4,0.05759583227336407,13.6,4,logistic_regression,5,238212,3200,5,16,74749b9de8a69391,19,success,coarse,3200,0,1.3514915332198143
16,0.2966085206717253,4,0.09290626645088196,10.75,1,logistic_regression,30,238212,3200,28,16,74749b9de8a69391,19,success,fine,3200,2,1.6149121578782797
32,0.06303488556295633,4,0.0567668154835701,26.4,4,logistic_regression,5,238212,3200,5,32,74749b9de8a69391,19,success,coarse,3200,0,1.3241442441940308
32,0.34215360693633556,4,0.09674929175525904,18.964285714285715,1,logistic_regression,30,238212,3200,28,32,74749b9de8a69391,19,success,fine,3200,2,1.6318245148286223
8,0.0550179248675704,4,0.056895206682384014,7.2,4,logistic_regression,5,238212,3200,5,8,74749b9de8a69391,19,success,coarse,3200,0,1.325184551998973
8,0.3054550951346755,4,0.10319133009761572,5.928571428571429,1,logistic_regression,30,238212,3200,28,8,74749b9de8a69391,19,success,fine,3200,2,1.613017102703452
16,0.12498743738979101,4,0.061105347238481045,14.2,7,logistic_regression,5,238212,6400,5,16,74749b9de8a69391,19,success,coarse,6400,0,1.4036150705069304
16,0.8366433270275593,4,0.09303109627217054,11.5,1,logistic_regression,30,238212,6400,28,16,74749b9de8a69391,19,success,fine,6400,2,2.123025121167302
32,0.10273161716759205,4,0.059024603106081486,27.0,7,logistic_regression,5,238212,6400,5,32,74749b9de8a69391,19,success,coarse,6400,0,1.3578039072453976
32,0.9425270101055503,4,0.09672867227345705,20.857142857142858,1,logistic_regression,30,238212,6400,28,32,74749b9de8a69391,19,success,fine,6400,2,2.2566043976694345
8,0.09982445929199457,4,0.06027617119252682,7.4,5,logistic_regression,5,238212,6400,5,8,74749b9de8a69391,19,success,coarse,6400,0,1.3765461714938283
8,0.7273759869858623,4,0.09687725268304348,6.107142857142857,1,logistic_regression,30,238212,6400,28,8,74749b9de8a69391,19,success,fine,6400,2,2.024443006142974
