actual_contributing_patients,fit_seconds,fold,inference_seconds,mean_class_donor_coverage,min_class_donor_coverage,model,n_classes,n_test_cells,n_train_cells,observed_class_count,patient_budget,protocol_hash,seed,status,task,total,unseen_at_training_class_count,wall_seconds
16,0.03101742547005415,0,0.04519616533070803,16.0,16,logistic_regression,5,165797,3200,5,16,4c9bed99296e455f,0,success,coarse,3200,0,0.25537368934601545
16,0.20644764695316553,0,0.15540193300694227,13.743589743589743,1,logistic_regression,39,165797,3200,39,16,4c9bed99296e455f,0,success,fine,3200,0,0.530267576687038
32,0.02153758890926838,0,0.04592781700193882,29.2,18,logistic_regression,5,165797,3200,5,32,4c9bed99296e455f,0,success,coarse,3200,0,0.2579347910359502
32,0.21011742297559977,0,0.08704167045652866,23.46153846153846,1,logistic_regression,39,165797,3200,39,32,4c9bed99296e455f,0,success,fine,3200,0,0.4762946041300893
8,0.02935332339257002,0,0.04806455411016941,8.0,8,logistic_regression,5,165797,3200,5,8,4c9bed99296e455f,0,success,coarse,3200,0,0.2645361628383398
8,0.24452583119273186,0,0.30551483295857906,7.282051282051282,1,logistic_regression,39,165797,3200,39,8,4c9bed99296e455f,0,success,fine,3200,0,0.7037717141211033
16,0.047814072109758854,0,0.040519075468182564,16.0,16,logistic_regression,5,165797,6400,5,16,4c9bed99296e455f,0,success,coarse,6400,0,0.24798492342233658
16,0.6380813540890813,0,0.07875835988670588,14.461538461538462,2,logistic_regression,39,165797,6400,39,16,4c9bed99296e455f,0,success,fine,6400,0,0.8757173316553235
32,0.06506375316530466,0,0.039018006063997746,31.8,31,logistic_regression,5,165797,6400,5,32,4c9bed99296e455f,0,success,coarse,6400,0,0.2858583703637123
32,0.5470518125221133,0,0.07881445344537497,27.205128205128204,2,logistic_regression,39,165797,6400,39,32,4c9bed99296e455f,0,success,fine,6400,0,0.8137901499867439
8,0.045394851826131344,0,0.04922606889158487,8.0,8,logistic_regression,5,165797,6400,5,8,4c9bed99296e455f,0,success,coarse,6400,0,0.24716597888618708
8,0.73649962246418,0,0.08507298119366169,7.358974358974359,2,logistic_regression,39,165797,6400,39,8,4c9bed99296e455f,0,success,fine,6400,0,0.9727737586945295
16,0.03540126793086529,0,0.0439338618889451,15.0,11,logistic_regression,5,165797,3200,5,16,4c9bed99296e455f,1,success,coarse,3200,0,0.2357905451208353
16,0.27442341670393944,0,0.08850876893848181,13.76923076923077,1,logistic_regression,39,165797,3200,39,16,4c9bed99296e455f,1,success,fine,3200,0,0.5597825795412064
32,0.025290911085903645,0,0.04997773002833128,27.8,11,logistic_regression,5,165797,3200,5,32,4c9bed99296e455f,1,success,coarse,3200,0,0.25529741402715445
32,0.19197334814816713,0,0.0827535716816783,24.17948717948718,1,logistic_regression,39,165797,3200,39,32,4c9bed99296e455f,1,success,fine,3200,0,0.45326360408216715
8,0.032996710389852524,0,0.0398695757612586,8.0,8,logistic_regression,5,165797,3200,5,8,4c9bed99296e455f,1,success,coarse,3200,0,0.22080174833536148
8,0.21445040870457888,0,0.08096589427441359,7.282051282051282,1,logistic_regression,39,165797,3200,39,8,4c9bed99296e455f,1,success,fine,3200,0,0.4500574702396989
16,0.08149736560881138,0,0.04877812974154949,16.0,16,logistic_regression,5,165797,6400,5,16,4c9bed99296e455f,1,success,coarse,6400,0,0.29454189725220203
16,0.6707353927195072,0,0.08724027592688799,14.282051282051283,1,logistic_regression,39,165797,6400,39,16,4c9bed99296e455f,1,success,fine,6400,0,0.9158729342743754
32,0.042071917094290257,0,0.04950261488556862,29.6,20,logistic_regression,5,165797,6400,5,32,4c9bed99296e455f,1,success,coarse,6400,0,0.27173664327710867
32,0.6334273079410195,0,0.08528110198676586,27.17948717948718,1,logistic_regression,39,165797,6400,39,32,4c9bed99296e455f,1,success,fine,6400,0,0.8962820023298264
8,0.07068762462586164,0,0.05037000682204962,8.0,8,logistic_regression,5,165797,6400,5,8,4c9bed99296e455f,1,success,coarse,6400,0,0.2685914719477296
8,0.6615105858072639,0,0.08641067892313004,7.358974358974359,1,logistic_regression,39,165797,6400,39,8,4c9bed99296e455f,1,success,fine,6400,0,0.896331942640245
16,0.02488601766526699,0,0.03770801145583391,16.0,16,logistic_regression,5,165797,3200,5,16,4c9bed99296e455f,2,success,coarse,3200,0,0.21738426201045513
16,0.1965732192620635,0,0.07905838452279568,13.564102564102564,1,logistic_regression,39,165797,3200,39,16,4c9bed99296e455f,2,success,fine,3200,0,0.4310008892789483
32,0.019572376273572445,0,0.03753287252038717,29.0,17,logistic_regression,5,165797,3200,5,32,4c9bed99296e455f,2,success,coarse,3200,0,0.23422342538833618
32,0.20215784385800362,0,0.07767936028540134,23.58974358974359,1,logistic_regression,39,165797,3200,39,32,4c9bed99296e455f,2,success,fine,3200,0,0.45726163871586323
8,0.022561424411833286,0,0.03787121642380953,8.0,8,logistic_regression,5,165797,3200,5,8,4c9bed99296e455f,2,success,coarse,3200,0,0.20373046677559614
8,0.19380483031272888,0,0.07708351127803326,7.051282051282051,1,logistic_regression,39,165797,3200,39,8,4c9bed99296e455f,2,success,fine,3200,0,0.41348579712212086
16,0.06672209594398737,0,0.03759347274899483,16.0,16,logistic_regression,5,165797,6400,5,16,4c9bed99296e455f,2,success,coarse,6400,0,0.26095617935061455
16,0.633635152131319,0,0.07746679428964853,14.333333333333334,1,logistic_regression,39,165797,6400,39,16,4c9bed99296e455f,2,success,fine,6400,0,0.8676311327144504
32,0.049104902893304825,0,0.039988111704587936,32.0,32,logistic_regression,5,165797,6400,5,32,4c9bed99296e455f,2,success,coarse,6400,0,0.2662877794355154
32,0.7151822205632925,0,0.07787316013127565,27.128205128205128,1,logistic_regression,39,165797,6400,39,32,4c9bed99296e455f,2,success,fine,6400,0,0.9715209705755115
8,0.04896885063499212,0,0.03747578710317612,8.0,8,logistic_regression,5,165797,6400,5,8,4c9bed99296e455f,2,success,coarse,6400,0,0.22741527762264013
8,0.6918071787804365,0,0.07741702906787395,7.205128205128205,1,logistic_regression,39,165797,6400,39,8,4c9bed99296e455f,2,success,fine,6400,0,0.914761015214026
16,0.038320777006447315,0,0.040481007657945156,16.0,16,logistic_regression,5,165797,3200,5,16,4c9bed99296e455f,3,success,coarse,3200,0,0.2327361749485135
16,0.28763798251748085,0,0.08230034168809652,13.564102564102564,1,logistic_regression,39,165797,3200,39,16,4c9bed99296e455f,3,success,fine,3200,0,0.5243926187977195
32,0.03455884009599686,0,0.0379906352609396,29.6,20,logistic_regression,5,165797,3200,5,32,4c9bed99296e455f,3,success,coarse,3200,0,0.2441424811258912
32,0.24551946390420198,0,0.07689385022968054,21.82051282051282,1,logistic_regression,39,165797,3200,39,32,4c9bed99296e455f,3,success,fine,3200,0,0.49524646159261465
8,0.02216361928731203,0,0.03889873903244734,8.0,8,logistic_regression,5,165797,3200,5,8,4c9bed99296e455f,3,success,coarse,3200,0,0.20393862295895815
8,0.17602364905178547,0,0.07833539042621851,7.256410256410256,1,logistic_regression,39,165797,3200,39,8,4c9bed99296e455f,3,success,fine,3200,0,0.3982279133051634
16,0.06374868471175432,0,0.03762153536081314,16.0,16,logistic_regression,5,165797,6400,5,16,4c9bed99296e455f,3,success,coarse,6400,0,0.2555983420461416
16,0.5756201557815075,0,0.08016234450042248,14.41025641025641,1,logistic_regression,39,165797,6400,39,16,4c9bed99296e455f,3,success,fine,6400,0,0.8138501355424523
32,0.055986084043979645,0,0.04103167075663805,32.0,32,logistic_regression,5,165797,6400,5,32,4c9bed99296e455f,3,success,coarse,6400,0,0.2719698203727603
32,0.646441631950438,0,0.08147439174354076,26.76923076923077,1,logistic_regression,39,165797,6400,39,32,4c9bed99296e455f,3,success,fine,6400,0,0.8997901622205973
8,0.035076881758868694,0,0.037381467409431934,8.0,8,logistic_regression,5,165797,6400,5,8,4c9bed99296e455f,3,success,coarse,6400,0,0.21820645779371262
8,0.5345657588914037,0,0.07724618725478649,7.358974358974359,1,logistic_regression,39,165797,6400,39,8,4c9bed99296e455f,3,success,fine,6400,0,0.7557277427986264
16,0.028303964994847775,0,0.03869133070111275,15.4,13,logistic_regression,5,165797,3200,5,16,4c9bed99296e455f,4,success,coarse,3200,0,0.22276894468814135
16,0.19134786445647478,0,0.08317897468805313,13.333333333333334,1,logistic_regression,39,165797,3200,39,16,4c9bed99296e455f,4,success,fine,3200,0,0.43011278565973043
32,0.02380373701453209,0,0.041517073288559914,28.2,13,logistic_regression,5,165797,3200,5,32,4c9bed99296e455f,4,success,coarse,3200,0,0.23966689873486757
32,0.18096430506557226,0,0.08268261328339577,22.641025641025642,1,logistic_regression,39,165797,3200,39,32,4c9bed99296e455f,4,success,fine,3200,0,0.4357821810990572
8,0.01869436912238598,0,0.043046784587204456,7.8,7,logistic_regression,5,165797,3200,5,8,4c9bed99296e455f,4,success,coarse,3200,0,0.20985876768827438
8,0.18657678924500942,0,0.08388861175626516,7.076923076923077,1,logistic_regression,39,165797,3200,39,8,4c9bed99296e455f,4,success,fine,3200,0,0.42739849630743265
16,0.05180089641362429,0,0.03787495568394661,15.8,15,logistic_regression,5,165797,6400,5,16,4c9bed99296e455f,4,success,coarse,6400,0,0.243527096696198
16,0.5287520624697208,0,0.07785549014806747,14.076923076923077,1,logistic_regression,39,165797,6400,39,16,4c9bed99296e455f,4,success,fine,6400,0,0.7619782229885459
32,0.050352917984128,0,0.03848573658615351,30.8,26,logistic_regression,5,165797,6400,5,32,4c9bed99296e455f,4,success,coarse,6400,0,0.26135895401239395
32,0.5053690867498517,0,0.08409791719168425,26.384615384615383,1,logistic_regression,39,165797,6400,39,32,4c9bed99296e455f,4,success,fine,6400,0,0.7648092908784747
8,0.042071569710969925,0,0.043484026566147804,7.8,7,logistic_regression,5,165797,6400,5,8,4c9bed99296e455f,4,success,coarse,6400,0,0.23398131504654884
8,0.5406180173158646,0,0.08339108247309923,7.333333333333333,1,logistic_regression,39,165797,6400,39,8,4c9bed99296e455f,4,success,fine,6400,0,0.7741287797689438
16,0.03110082633793354,0,0.03982414212077856,16.0,16,logistic_regression,5,165797,3200,5,16,4c9bed99296e455f,5,success,coarse,3200,0,0.22984526492655277
16,0.1714613437652588,0,0.08341196645051241,13.23076923076923,1,logistic_regression,39,165797,3200,39,16,4c9bed99296e455f,5,success,fine,3200,0,0.4126842441037297
32,0.023822897113859653,0,0.04177793487906456,29.8,21,logistic_regression,5,165797,3200,5,32,4c9bed99296e455f,5,success,coarse,3200,0,0.24154542107135057
32,0.18537813425064087,0,0.08070593234151602,21.923076923076923,1,logistic_regression,39,165797,3200,39,32,4c9bed99296e455f,5,success,fine,3200,0,0.44313576724380255
8,0.020216871052980423,0,0.040388031862676144,8.0,8,logistic_regression,5,165797,3200,5,8,4c9bed99296e455f,5,success,coarse,3200,0,0.2056251559406519
8,0.23708819318562746,0,0.08008125890046358,7.128205128205129,1,logistic_regression,39,165797,3200,39,8,4c9bed99296e455f,5,success,fine,3200,0,0.46623917389661074
16,0.0442843334749341,0,0.04081649146974087,16.0,16,logistic_regression,5,165797,6400,5,16,4c9bed99296e455f,5,success,coarse,6400,0,0.24625516775995493
16,0.6233494747430086,0,0.08088277745991945,14.179487179487179,2,logistic_regression,39,165797,6400,39,16,4c9bed99296e455f,5,success,fine,6400,0,0.8633422581478953
32,0.04101486969739199,0,0.03949219733476639,32.0,32,logistic_regression,5,165797,6400,5,32,4c9bed99296e455f,5,success,coarse,6400,0,0.2564258845523
32,0.5304085649549961,0,0.08290899824351072,26.025641025641026,2,logistic_regression,39,165797,6400,39,32,4c9bed99296e455f,5,success,fine,6400,0,0.7918007131665945
8,0.04428228922188282,0,0.0406173262745142,8.0,8,logistic_regression,5,165797,6400,5,8,4c9bed99296e455f,5,success,coarse,6400,0,0.2312279511243105
8,0.5570121677592397,0,0.08017317857593298,7.384615384615385,2,logistic_regression,39,165797,6400,39,8,4c9bed99296e455f,5,success,fine,6400,0,0.7904172856360674
16,0.020797076635062695,0,0.04028680268675089,15.8,15,logistic_regression,5,165797,3200,5,16,4c9bed99296e455f,6,success,coarse,3200,0,0.21583980694413185
16,0.22726403083652258,0,0.08158894162625074,13.179487179487179,1,logistic_regression,39,165797,3200,39,16,4c9bed99296e455f,6,success,fine,3200,0,0.4653373174369335
32,0.021112626418471336,0,0.04081171751022339,28.6,15,logistic_regression,5,165797,3200,5,32,4c9bed99296e455f,6,success,coarse,3200,0,0.23604008741676807
32,0.19780296925455332,0,0.08049722481518984,21.487179487179485,1,logistic_regression,39,165797,3200,39,32,4c9bed99296e455f,6,success,fine,3200,0,0.4531414397060871
8,0.019306433387100697,0,0.043222060427069664,8.0,8,logistic_regression,5,165797,3200,5,8,4c9bed99296e455f,6,success,coarse,3200,0,0.20687261689454317
8,0.1991451969370246,0,0.0845209127292037,7.230769230769231,1,logistic_regression,39,165797,3200,39,8,4c9bed99296e455f,6,success,fine,3200,0,0.4306728430092335
16,0.04778457432985306,0,0.041292755864560604,16.0,16,logistic_regression,5,165797,6400,5,16,4c9bed99296e455f,6,success,coarse,6400,0,0.24287626519799232
16,0.5628169719129801,0,0.08070768136531115,14.256410256410257,1,logistic_regression,39,165797,6400,39,16,4c9bed99296e455f,6,success,fine,6400,0,0.8004269059747458
32,0.039124091155827045,0,0.040756004862487316,31.2,28,logistic_regression,5,165797,6400,5,32,4c9bed99296e455f,6,success,coarse,6400,0,0.25678866170346737
32,0.600172434002161,0,0.08328203950077295,25.871794871794872,1,logistic_regression,39,165797,6400,39,32,4c9bed99296e455f,6,success,fine,6400,0,0.8608052479103208
8,0.0437493771314621,0,0.04017706122249365,8.0,8,logistic_regression,5,165797,6400,5,8,4c9bed99296e455f,6,success,coarse,6400,0,0.23161569330841303
8,0.5749834338203073,0,0.08098945021629333,7.3076923076923075,1,logistic_regression,39,165797,6400,39,8,4c9bed99296e455f,6,success,fine,6400,0,0.8020265093073249
16,0.023543952964246273,0,0.03995422087609768,15.8,15,logistic_regression,5,165797,3200,5,16,4c9bed99296e455f,7,success,coarse,3200,0,0.22516376338899136
16,0.20597887970507145,0,0.07993402052670717,13.692307692307692,1,logistic_regression,39,165797,3200,39,16,4c9bed99296e455f,7,success,fine,3200,0,0.4461446534842253
32,0.021105297841131687,0,0.04088986665010452,28.6,15,logistic_regression,5,165797,3200,5,32,4c9bed99296e455f,7,success,coarse,3200,0,0.23721619602292776
32,0.19826378859579563,0,0.0805547060444951,23.666666666666668,1,logistic_regression,39,165797,3200,39,32,4c9bed99296e455f,7,success,fine,3200,0,0.4653001679107547
8,0.026375404559075832,0,0.03887161612510681,8.0,8,logistic_regression,5,165797,3200,5,8,4c9bed99296e455f,7,success,coarse,3200,0,0.2151102013885975
8,0.20268110185861588,0,0.08115050382912159,7.282051282051282,1,logistic_regression,39,165797,3200,39,8,4c9bed99296e455f,7,success,fine,3200,0,0.43359164241701365
16,0.05848338920623064,0,0.040408069267868996,16.0,16,logistic_regression,5,165797,6400,5,16,4c9bed99296e455f,7,success,coarse,6400,0,0.25919156800955534
16,0.5982095897197723,0,0.08023205678910017,14.384615384615385,2,logistic_regression,39,165797,6400,39,16,4c9bed99296e455f,7,success,fine,6400,0,0.8383794166147709
32,0.047619991935789585,0,0.04295944329351187,31.4,29,logistic_regression,5,165797,6400,5,32,4c9bed99296e455f,7,success,coarse,6400,0,0.2681500380858779
32,0.4870371073484421,0,0.07894925586879253,27.128205128205128,2,logistic_regression,39,165797,6400,39,32,4c9bed99296e455f,7,success,fine,6400,0,0.7450082199648023
8,0.06456793006509542,0,0.04058707505464554,8.0,8,logistic_regression,5,165797,6400,5,8,4c9bed99296e455f,7,success,coarse,6400,0,0.25478657614439726
8,0.5283142291009426,0,0.08047986589372158,7.410256410256411,2,logistic_regression,39,165797,6400,39,8,4c9bed99296e455f,7,success,fine,6400,0,0.7590652480721474
16,0.03017989918589592,0,0.039897019043564796,16.0,16,logistic_regression,5,165797,3200,5,16,4c9bed99296e455f,8,success,coarse,3200,0,0.22774320747703314
16,0.22528831753879786,0,0.08063531201332808,13.871794871794872,1,logistic_regression,39,165797,3200,39,16,4c9bed99296e455f,8,success,fine,3200,0,0.4629066502675414
32,0.03167561162263155,0,0.04003178048878908,32.0,32,logistic_regression,5,165797,3200,5,32,4c9bed99296e455f,8,success,coarse,3200,0,0.24934317730367184
32,0.20120652299374342,0,0.08237631898373365,22.512820512820515,1,logistic_regression,39,165797,3200,39,32,4c9bed99296e455f,8,success,fine,3200,0,0.4715628232806921
8,0.029895165003836155,0,0.040017908439040184,8.0,8,logistic_regression,5,165797,3200,5,8,4c9bed99296e455f,8,success,coarse,3200,0,0.21334003657102585
8,0.16251015942543745,0,0.08961356710642576,7.3076923076923075,1,logistic_regression,39,165797,3200,39,8,4c9bed99296e455f,8,success,fine,3200,0,0.4007165068760514
16,0.04750379268079996,0,0.04292898066341877,16.0,16,logistic_regression,5,165797,6400,5,16,4c9bed99296e455f,8,success,coarse,6400,0,0.24801438208669424
16,0.5526006231084466,0,0.08516812510788441,14.461538461538462,2,logistic_regression,39,165797,6400,39,16,4c9bed99296e455f,8,success,fine,6400,0,0.794370586052537
32,0.04282921180129051,0,0.04132385831326246,32.0,32,logistic_regression,5,165797,6400,5,32,4c9bed99296e455f,8,success,coarse,6400,0,0.2618906572461128
32,0.6255083354189992,0,0.08126400411128998,27.256410256410255,2,logistic_regression,39,165797,6400,39,32,4c9bed99296e455f,8,success,fine,6400,0,0.8867832645773888
8,0.039792523719370365,0,0.04229927156120539,8.0,8,logistic_regression,5,165797,6400,5,8,4c9bed99296e455f,8,success,coarse,6400,0,0.22675094287842512
8,0.5565417604520917,0,0.08080271445214748,7.410256410256411,2,logistic_regression,39,165797,6400,39,8,4c9bed99296e455f,8,success,fine,6400,0,0.7845477173104882
16,0.02069033309817314,0,0.04199148528277874,16.0,16,logistic_regression,5,165797,3200,5,16,4c9bed99296e455f,9,success,coarse,3200,0,0.22588020842522383
16,0.2544280383735895,0,0.08222154527902603,13.76923076923077,1,logistic_regression,39,165797,3200,39,16,4c9bed99296e455f,9,success,fine,3200,0,0.4930683271959424
32,0.024164843373000622,0,0.045306358486413956,31.0,27,logistic_regression,5,165797,3200,5,32,4c9bed99296e455f,9,success,coarse,3200,0,0.2454069396480918
32,0.2182939313352108,0,0.08400964178144932,23.307692307692307,1,logistic_regression,39,165797,3200,39,32,4c9bed99296e455f,9,success,fine,3200,0,0.48481176421046257
8,0.020971260964870453,0,0.0408654548227787,8.0,8,logistic_regression,5,165797,3200,5,8,4c9bed99296e455f,9,success,coarse,3200,0,0.2110369624570012
8,0.21985886804759502,0,0.08079077024012804,7.3076923076923075,1,logistic_regression,39,165797,3200,39,8,4c9bed99296e455f,9,success,fine,3200,0,0.44502123445272446
16,0.04264249838888645,0,0.04209744464606047,16.0,16,logistic_regression,5,165797,6400,5,16,4c9bed99296e455f,9,success,coarse,6400,0,0.24280548933893442
16,0.6798469675704837,0,0.08677216526120901,14.41025641025641,2,logistic_regression,39,165797,6400,39,16,4c9bed99296e455f,9,success,fine,6400,0,0.9251992544159293
32,0.0442677428945899,0,0.04281119164079428,32.0,32,logistic_regression,5,165797,6400,5,32,4c9bed99296e455f,9,success,coarse,6400,0,0.26076896023005247
32,0.5725217247381806,0,0.08326463494449854,27.23076923076923,2,logistic_regression,39,165797,6400,39,32,4c9bed99296e455f,9,success,fine,6400,0,0.8420146983116865
8,0.04255189187824726,0,0.042496439069509506,8.0,8,logistic_regression,5,165797,6400,5,8,4c9bed99296e455f,9,success,coarse,6400,0,0.2272136639803648
8,0.6955933552235365,0,0.0834769094362855,7.461538461538462,2,logistic_regression,39,165797,6400,39,8,4c9bed99296e455f,9,success,fine,6400,0,0.928403646685183
16,0.02179564256221056,0,0.045082579366862774,14.6,9,logistic_regression,5,165797,3200,5,16,4c9bed99296e455f,10,success,coarse,3200,0,0.22133107017725706
16,0.2680599968880415,0,0.08476806059479713,13.447368421052632,1,logistic_regression,39,165797,3200,38,16,4c9bed99296e455f,10,success,fine,3200,1,0.508757408708334
32,0.017571373842656612,0,0.0467406427487731,27.4,9,logistic_regression,5,165797,3200,5,32,4c9bed99296e455f,10,success,coarse,3200,0,0.24894148856401443
32,0.19689736794680357,0,0.08317661937326193,22.236842105263158,1,logistic_regression,39,165797,3200,38,32,4c9bed99296e455f,10,success,fine,3200,1,0.45845496375113726
8,0.019551966339349747,0,0.04329292010515928,7.8,7,logistic_regression,5,165797,3200,5,8,4c9bed99296e455f,10,success,coarse,3200,0,0.20808350015431643
8,0.20374485198408365,0,0.08818024769425392,7.157894736842105,1,logistic_regression,39,165797,3200,38,8,4c9bed99296e455f,10,success,fine,3200,1,0.4408139893785119
16,0.0392475500702858,0,0.04894365184009075,15.8,15,logistic_regression,5,165797,6400,5,16,4c9bed99296e455f,10,success,coarse,6400,0,0.25062256678938866
16,0.525331437587738,0,0.08459394611418247,14.157894736842104,2,logistic_regression,39,165797,6400,38,16,4c9bed99296e455f,10,success,fine,6400,1,0.7713205451145768
32,0.04316096752882004,0,0.048594300635159016,29.2,18,logistic_regression,5,165797,6400,5,32,4c9bed99296e455f,10,success,coarse,6400,0,0.2712316457182169
32,0.6630743909627199,0,0.08973319362848997,26.210526315789473,2,logistic_regression,39,165797,6400,38,32,4c9bed99296e455f,10,success,fine,6400,1,0.9327765684574842
8,0.04423266462981701,0,0.04712830204516649,7.8,7,logistic_regression,5,165797,6400,5,8,4c9bed99296e455f,10,success,coarse,6400,0,0.23893214762210846
8,0.48174403328448534,0,0.08803549595177174,7.394736842105263,2,logistic_regression,39,165797,6400,38,8,4c9bed99296e455f,10,success,fine,6400,1,0.7190008759498596
16,0.020117823034524918,0,0.0493122935295105,14.4,8,logistic_regression,5,165797,3200,5,16,4c9bed99296e455f,11,success,coarse,3200,0,0.23020542226731777
16,0.21241404209285975,0,0.09052251372486353,12.763157894736842,1,logistic_regression,39,165797,3200,38,16,4c9bed99296e455f,11,success,fine,3200,1,0.46046106424182653
32,0.020369217731058598,0,0.048350430093705654,27.2,8,logistic_regression,5,165797,3200,5,32,4c9bed99296e455f,11,success,coarse,3200,0,0.2532352842390537
32,0.2663469612598419,0,0.08575417380779982,21.42105263157895,1,logistic_regression,39,165797,3200,38,32,4c9bed99296e455f,11,success,fine,3200,1,0.5281656077131629
8,0.019229518249630928,0,0.04838503897190094,7.8,7,logistic_regression,5,165797,3200,5,8,4c9bed99296e455f,11,success,coarse,3200,0,0.21338247787207365
8,0.20460052322596312,0,0.08622478228062391,6.842105263157895,1,logistic_regression,39,165797,3200,38,8,4c9bed99296e455f,11,success,fine,3200,1,0.44616079796105623
16,0.03605451341718435,0,0.04891959112137556,15.6,14,logistic_regression,5,165797,6400,5,16,4c9bed99296e455f,11,success,coarse,6400,0,0.2515349965542555
16,0.505385803990066,0,0.08614316675812006,13.789473684210526,1,logistic_regression,39,165797,6400,38,16,4c9bed99296e455f,11,success,fine,6400,1,0.7527827629819512
32,0.03957266081124544,0,0.04968632664531469,28.4,14,logistic_regression,5,165797,6400,5,32,4c9bed99296e455f,11,success,coarse,6400,0,0.26929749455302954
32,0.5455003436654806,0,0.0902345310896635,25.57894736842105,1,logistic_regression,39,165797,6400,38,32,4c9bed99296e455f,11,success,fine,6400,1,0.8127358146011829
8,0.037373870611190796,0,0.04942301008850336,7.8,7,logistic_regression,5,165797,6400,5,8,4c9bed99296e455f,11,success,coarse,6400,0,0.23975876066833735
8,0.5412321146577597,0,0.08946467004716396,7.105263157894737,1,logistic_regression,39,165797,6400,38,8,4c9bed99296e455f,11,success,fine,6400,1,0.7782331230118871
16,0.018551739864051342,0,0.04882810730487108,16.0,16,logistic_regression,5,165797,3200,5,16,4c9bed99296e455f,12,success,coarse,3200,0,0.22258831840008497
16,0.20568955596536398,0,0.09908720757812262,13.384615384615385,1,logistic_regression,39,165797,3200,39,16,4c9bed99296e455f,12,success,fine,3200,0,0.46253666188567877
32,0.02302945964038372,0,0.049152000807225704,28.8,16,logistic_regression,5,165797,3200,5,32,4c9bed99296e455f,12,success,coarse,3200,0,0.24636956211179495
32,0.19822585675865412,0,0.08929059747606516,22.94871794871795,1,logistic_regression,39,165797,3200,39,32,4c9bed99296e455f,12,success,fine,3200,0,0.4716606792062521
8,0.02154935896396637,0,0.04918618965893984,8.0,8,logistic_regression,5,165797,3200,5,8,4c9bed99296e455f,12,success,coarse,3200,0,0.22454947885125875
8,0.16392615344375372,0,0.09008005261421204,7.282051282051282,1,logistic_regression,39,165797,3200,39,8,4c9bed99296e455f,12,success,fine,3200,0,0.4070857809856534
16,0.034284766763448715,0,0.049450187012553215,16.0,16,logistic_regression,5,165797,6400,5,16,4c9bed99296e455f,12,success,coarse,6400,0,0.24018813949078321
16,0.5384639650583267,0,0.08937812224030495,14.512820512820513,1,logistic_regression,39,165797,6400,39,16,4c9bed99296e455f,12,success,fine,6400,0,0.7916066003963351
32,0.04313962534070015,0,0.049208737909793854,31.8,31,logistic_regression,5,165797,6400,5,32,4c9bed99296e455f,12,success,coarse,6400,0,0.26898159086704254
32,0.526285920292139,0,0.09511231631040573,26.46153846153846,1,logistic_regression,39,165797,6400,39,32,4c9bed99296e455f,12,success,fine,6400,0,0.7977507282048464
8,0.042785524390637875,0,0.049680739641189575,8.0,8,logistic_regression,5,165797,6400,5,8,4c9bed99296e455f,12,success,coarse,6400,0,0.24649414140731096
8,0.5344364587217569,0,0.09393487684428692,7.333333333333333,1,logistic_regression,39,165797,6400,39,8,4c9bed99296e455f,12,success,fine,6400,0,0.7798466375097632
16,0.020389641635119915,0,0.04873802699148655,15.6,14,logistic_regression,5,165797,3200,5,16,4c9bed99296e455f,13,success,coarse,3200,0,0.2282509058713913
16,0.22179841250181198,0,0.09357255138456821,12.743589743589743,1,logistic_regression,39,165797,3200,39,16,4c9bed99296e455f,13,success,fine,3200,0,0.4723531184718013
32,0.021157609298825264,0,0.049152045510709286,28.4,14,logistic_regression,5,165797,3200,5,32,4c9bed99296e455f,13,success,coarse,3200,0,0.24380142334848642
32,0.2048840457573533,0,0.08995504677295685,21.53846153846154,1,logistic_regression,39,165797,3200,39,32,4c9bed99296e455f,13,success,fine,3200,0,0.47865698765963316
8,0.016548284329473972,0,0.049298771657049656,8.0,8,logistic_regression,5,165797,3200,5,8,4c9bed99296e455f,13,success,coarse,3200,0,0.20928553491830826
8,0.2736415285617113,0,0.08883611671626568,7.051282051282051,1,logistic_regression,39,165797,3200,39,8,4c9bed99296e455f,13,success,fine,3200,0,0.5136723443865776
16,0.03613336756825447,0,0.049154399894177914,16.0,16,logistic_regression,5,165797,6400,5,16,4c9bed99296e455f,13,success,coarse,6400,0,0.2407227074727416
16,0.6331380568444729,0,0.08974163047969341,13.897435897435898,1,logistic_regression,39,165797,6400,39,16,4c9bed99296e455f,13,success,fine,6400,0,0.878462010063231
32,0.05003344174474478,0,0.047460383735597134,30.8,26,logistic_regression,5,165797,6400,5,32,4c9bed99296e455f,13,success,coarse,6400,0,0.2707548877224326
32,0.5573121597990394,0,0.08881372772157192,25.025641025641026,1,logistic_regression,39,165797,6400,39,32,4c9bed99296e455f,13,success,fine,6400,0,0.8199938675388694
8,0.043660253286361694,0,0.04695570096373558,8.0,8,logistic_regression,5,165797,6400,5,8,4c9bed99296e455f,13,success,coarse,6400,0,0.24221367854624987
8,0.6456268699839711,0,0.08960332442075014,7.282051282051282,1,logistic_regression,39,165797,6400,39,8,4c9bed99296e455f,13,success,fine,6400,0,0.8810484483838081
16,0.021985163912177086,0,0.04031457472592592,16.0,16,logistic_regression,5,165797,3200,5,16,4c9bed99296e455f,14,success,coarse,3200,0,0.22587223444133997
16,0.1758056227117777,0,0.0896335020661354,13.794871794871796,1,logistic_regression,39,165797,3200,39,16,4c9bed99296e455f,14,success,fine,3200,0,0.4273383328691125
32,0.019301041029393673,0,0.04272426012903452,30.2,23,logistic_regression,5,165797,3200,5,32,4c9bed99296e455f,14,success,coarse,3200,0,0.2408767370507121
32,0.17999965883791447,0,0.08430649805814028,22.94871794871795,1,logistic_regression,39,165797,3200,39,32,4c9bed99296e455f,14,success,fine,3200,0,0.44106941763311625
8,0.02212396077811718,0,0.04625664837658405,8.0,8,logistic_regression,5,165797,3200,5,8,4c9bed99296e455f,14,success,coarse,3200,0,0.21885464526712894
8,0.19580984022468328,0,0.08418927062302828,7.333333333333333,1,logistic_regression,39,165797,3200,39,8,4c9bed99296e455f,14,success,fine,3200,0,0.4287133514881134
16,0.04146528337150812,0,0.04718069825321436,16.0,16,logistic_regression,5,165797,6400,5,16,4c9bed99296e455f,14,success,coarse,6400,0,0.25284885987639427
16,0.6231659976765513,0,0.08773359097540379,14.58974358974359,2,logistic_regression,39,165797,6400,39,16,4c9bed99296e455f,14,success,fine,6400,0,0.8734076097607613
32,0.04629903379827738,0,0.04516660422086716,32.0,32,logistic_regression,5,165797,6400,5,32,4c9bed99296e455f,14,success,coarse,6400,0,0.2773223193362355
32,0.5600393684580922,0,0.08854056522250175,27.41025641025641,2,logistic_regression,39,165797,6400,39,32,4c9bed99296e455f,14,success,fine,6400,0,0.8302703108638525
8,0.04189306125044823,0,0.05009332299232483,8.0,8,logistic_regression,5,165797,6400,5,8,4c9bed99296e455f,14,success,coarse,6400,0,0.24533414747565985
8,0.6200934704393148,0,0.08769043534994125,7.410256410256411,2,logistic_regression,39,165797,6400,39,8,4c9bed99296e455f,14,success,fine,6400,0,0.857190391048789
16,0.02375773899257183,0,0.04772655386477709,16.0,16,logistic_regression,5,165797,3200,5,16,4c9bed99296e455f,15,success,coarse,3200,0,0.22901006788015366
16,0.2118968302384019,0,0.08847563061863184,13.846153846153847,1,logistic_regression,39,165797,3200,39,16,4c9bed99296e455f,15,success,fine,3200,0,0.4628062369301915
32,0.021507082507014275,0,0.04802920576184988,29.0,17,logistic_regression,5,165797,3200,5,32,4c9bed99296e455f,15,success,coarse,3200,0,0.2524036159738898
32,0.20880622137337923,0,0.08844151999801397,23.17948717948718,1,logistic_regression,39,165797,3200,39,32,4c9bed99296e455f,15,success,fine,3200,0,0.4757254719734192
8,0.022774352692067623,0,0.04970551561564207,8.0,8,logistic_regression,5,165797,3200,5,8,4c9bed99296e455f,15,success,coarse,3200,0,0.21933086588978767
8,0.21488827094435692,0,0.09390599001199007,7.333333333333333,1,logistic_regression,39,165797,3200,39,8,4c9bed99296e455f,15,success,fine,3200,0,0.4590694475919008
16,0.04800482094287872,0,0.0484475614503026,16.0,16,logistic_regression,5,165797,6400,5,16,4c9bed99296e455f,15,success,coarse,6400,0,0.2517809122800827
16,0.535869331099093,0,0.08877731300890446,14.564102564102564,1,logistic_regression,39,165797,6400,39,16,4c9bed99296e455f,15,success,fine,6400,0,0.7876817006617785
32,0.049631267786026,0,0.04865018371492624,31.8,31,logistic_regression,5,165797,6400,5,32,4c9bed99296e455f,15,success,coarse,6400,0,0.2818273063749075
32,0.5886477790772915,0,0.09484609682112932,27.435897435897434,1,logistic_regression,39,165797,6400,39,32,4c9bed99296e455f,15,success,fine,6400,0,0.8648287523537874
8,0.04273988585919142,0,0.04975504148751497,8.0,8,logistic_regression,5,165797,6400,5,8,4c9bed99296e455f,15,success,coarse,6400,0,0.24003454763442278
8,0.5392105001956224,0,0.09313432313501835,7.384615384615385,1,logistic_regression,39,165797,6400,39,8,4c9bed99296e455f,15,success,fine,6400,0,0.7753777895122766
16,0.024873726069927216,0,0.04899596143513918,16.0,16,logistic_regression,5,165797,3200,5,16,4c9bed99296e455f,16,success,coarse,3200,0,0.22726769093424082
16,0.19607552979141474,0,0.08929920382797718,13.487179487179487,1,logistic_regression,39,165797,3200,39,16,4c9bed99296e455f,16,success,fine,3200,0,0.4405555995181203
32,0.019961017183959484,0,0.05015834607183933,29.0,17,logistic_regression,5,165797,3200,5,32,4c9bed99296e455f,16,success,coarse,3200,0,0.24581603333353996
32,0.18075388483703136,0,0.09175882395356894,23.46153846153846,1,logistic_regression,39,165797,3200,39,32,4c9bed99296e455f,16,success,fine,3200,0,0.4440472014248371
8,0.022155771031975746,0,0.04989337921142578,8.0,8,logistic_regression,5,165797,3200,5,8,4c9bed99296e455f,16,success,coarse,3200,0,0.21874788962304592
8,0.2021318031474948,0,0.09258392360061407,7.282051282051282,1,logistic_regression,39,165797,3200,39,8,4c9bed99296e455f,16,success,fine,3200,0,0.44154532067477703
16,0.05170815717428923,0,0.04902368225157261,16.0,16,logistic_regression,5,165797,6400,5,16,4c9bed99296e455f,16,success,coarse,6400,0,0.25679437443614006
16,0.5704059200361371,0,0.08984068408608437,14.333333333333334,2,logistic_regression,39,165797,6400,39,16,4c9bed99296e455f,16,success,fine,6400,0,0.8147615874186158
32,0.042620730586349964,0,0.050654586404561996,32.0,32,logistic_regression,5,165797,6400,5,32,4c9bed99296e455f,16,success,coarse,6400,0,0.27127391565591097
32,0.6344424653798342,0,0.09291797503829002,26.641025641025642,2,logistic_regression,39,165797,6400,39,32,4c9bed99296e455f,16,success,fine,6400,0,0.9010421289131045
8,0.05010730866342783,0,0.04885374940931797,8.0,8,logistic_regression,5,165797,6400,5,8,4c9bed99296e455f,16,success,coarse,6400,0,0.24634930025786161
8,0.587868326343596,0,0.09086907841265202,7.384615384615385,2,logistic_regression,39,165797,6400,39,8,4c9bed99296e455f,16,success,fine,6400,0,0.828712685033679
16,0.0196397602558136,0,0.04853470344096422,15.2,12,logistic_regression,5,165797,3200,5,16,4c9bed99296e455f,17,success,coarse,3200,0,0.23087759781628847
16,0.20987526699900627,0,0.09335825406014919,13.512820512820513,1,logistic_regression,39,165797,3200,39,16,4c9bed99296e455f,17,success,fine,3200,0,0.45922339893877506
32,0.02195074688643217,0,0.04885765723884106,28.0,12,logistic_regression,5,165797,3200,5,32,4c9bed99296e455f,17,success,coarse,3200,0,0.25570545718073845
32,0.19137927424162626,0,0.0851658433675766,23.205128205128204,1,logistic_regression,39,165797,3200,39,32,4c9bed99296e455f,17,success,fine,3200,0,0.44962517358362675
8,0.021972409449517727,0,0.04875976126641035,8.0,8,logistic_regression,5,165797,3200,5,8,4c9bed99296e455f,17,success,coarse,3200,0,0.21910930890589952
8,0.23521925322711468,0,0.08886295650154352,7.153846153846154,1,logistic_regression,39,165797,3200,39,8,4c9bed99296e455f,17,success,fine,3200,0,0.4671069663017988
16,0.04410889372229576,0,0.050106790848076344,16.0,16,logistic_regression,5,165797,6400,5,16,4c9bed99296e455f,17,success,coarse,6400,0,0.2552802162244916
16,0.5813345368951559,0,0.0925007164478302,14.23076923076923,1,logistic_regression,39,165797,6400,39,16,4c9bed99296e455f,17,success,fine,6400,0,0.8301153881475329
32,0.0475941626355052,0,0.03844085615128279,30.0,22,logistic_regression,5,165797,6400,5,32,4c9bed99296e455f,17,success,coarse,6400,0,0.2975210128352046
32,0.5979615822434425,0,0.10266288742423058,26.76923076923077,1,logistic_regression,39,165797,6400,39,32,4c9bed99296e455f,17,success,fine,6400,0,0.9527449226006866
8,0.036280713975429535,0,0.04569127410650253,8.0,8,logistic_regression,5,165797,6400,5,8,4c9bed99296e455f,17,success,coarse,6400,0,0.23205802030861378
8,0.6593335056677461,0,0.08802562020719051,7.358974358974359,1,logistic_regression,39,165797,6400,39,8,4c9bed99296e455f,17,success,fine,6400,0,0.8943932643160224
16,0.021064965054392815,0,0.03939384967088699,16.0,16,logistic_regression,5,165797,3200,5,16,4c9bed99296e455f,18,success,coarse,3200,0,0.22039014752954245
16,0.23042256571352482,0,0.08427866082638502,13.435897435897436,1,logistic_regression,39,165797,3200,39,16,4c9bed99296e455f,18,success,fine,3200,0,0.47432988602668047
32,0.01738564670085907,0,0.03975295554846525,29.4,19,logistic_regression,5,165797,3200,5,32,4c9bed99296e455f,18,success,coarse,3200,0,0.24587322399020195
32,0.21364948153495789,0,0.07904453203082085,21.76923076923077,1,logistic_regression,39,165797,3200,39,32,4c9bed99296e455f,18,success,fine,3200,0,0.4702231492847204
8,0.017621689476072788,0,0.03955860435962677,8.0,8,logistic_regression,5,165797,3200,5,8,4c9bed99296e455f,18,success,coarse,3200,0,0.20989990700036287
8,0.17737211100757122,0,0.07981764525175095,7.230769230769231,1,logistic_regression,39,165797,3200,39,8,4c9bed99296e455f,18,success,fine,3200,0,0.40949894674122334
16,0.04061071388423443,0,0.0389481745660305,16.0,16,logistic_regression,5,165797,6400,5,16,4c9bed99296e455f,18,success,coarse,6400,0,0.2375132730230689
16,0.5869402727112174,0,0.07908332999795675,14.35897435897436,1,logistic_regression,39,165797,6400,39,16,4c9bed99296e455f,18,success,fine,6400,0,0.8300295453518629
32,0.04249052982777357,0,0.04088734649121761,32.0,32,logistic_regression,5,165797,6400,5,32,4c9bed99296e455f,18,success,coarse,6400,0,0.2608426455408335
32,0.5301961693912745,0,0.08159179333597422,26.641025641025642,1,logistic_regression,39,165797,6400,39,32,4c9bed99296e455f,18,success,fine,6400,0,0.7894454300403595
8,0.040860557928681374,0,0.039399667643010616,8.0,8,logistic_regression,5,165797,6400,5,8,4c9bed99296e455f,18,success,coarse,6400,0,0.22964862920343876
8,0.5997258760035038,0,0.07942585088312626,7.282051282051282,1,logistic_regression,39,165797,6400,39,8,4c9bed99296e455f,18,success,fine,6400,0,0.8296644296497107
16,0.019193223677575588,0,0.039265649393200874,15.6,14,logistic_regression,5,165797,3200,5,16,4c9bed99296e455f,19,success,coarse,3200,0,0.2248895103111863
16,0.21580890286713839,0,0.08033829182386398,13.512820512820513,1,logistic_regression,39,165797,3200,39,16,4c9bed99296e455f,19,success,fine,3200,0,0.45778949093073606
32,0.01634654588997364,0,0.03916317597031593,28.4,14,logistic_regression,5,165797,3200,5,32,4c9bed99296e455f,19,success,coarse,3200,0,0.23266984708607197
32,0.18217194266617298,0,0.07908161636441946,22.487179487179485,1,logistic_regression,39,165797,3200,39,32,4c9bed99296e455f,19,success,fine,3200,0,0.43676468543708324
8,0.02050725370645523,0,0.04116337839514017,8.0,8,logistic_regression,5,165797,3200,5,8,4c9bed99296e455f,19,success,coarse,3200,0,0.2232615426182747
8,0.17003517597913742,0,0.0807103868573904,7.17948717948718,1,logistic_regression,39,165797,3200,39,8,4c9bed99296e455f,19,success,fine,3200,0,0.4059887630864978
16,0.03714917041361332,0,0.03848581574857235,16.0,16,logistic_regression,5,165797,6400,5,16,4c9bed99296e455f,19,success,coarse,6400,0,0.23786030057817698
16,0.5836648382246494,0,0.07811857108026743,14.41025641025641,1,logistic_regression,39,165797,6400,39,16,4c9bed99296e455f,19,success,fine,6400,0,0.8232806092128158
32,0.03554359544068575,0,0.03852296061813831,31.2,28,logistic_regression,5,165797,6400,5,32,4c9bed99296e455f,19,success,coarse,6400,0,0.25126521848142147
32,0.6387876439839602,0,0.07942462060600519,26.641025641025642,1,logistic_regression,39,165797,6400,39,32,4c9bed99296e455f,19,success,fine,6400,0,0.8973198058083653
8,0.04744046367704868,0,0.03892839513719082,8.0,8,logistic_regression,5,165797,6400,5,8,4c9bed99296e455f,19,success,coarse,6400,0,0.23861262388527393
8,0.4703528946265578,0,0.0816024886444211,7.256410256410256,1,logistic_regression,39,165797,6400,39,8,4c9bed99296e455f,19,success,fine,6400,0,0.7060590218752623
16,0.01951676420867443,1,0.026207848452031612,15.2,12,logistic_regression,5,108867,3200,5,16,4c9bed99296e455f,0,success,coarse,3200,0,0.17264801915735006
16,0.19579409901052713,1,0.04993667919188738,13.868421052631579,1,logistic_regression,39,108867,3200,38,16,4c9bed99296e455f,0,success,fine,3200,1,0.38333492260426283
32,0.01888233795762062,1,0.026127037592232227,28.0,12,logistic_regression,5,108867,3200,5,32,4c9bed99296e455f,0,success,coarse,3200,0,0.19478087686002254
32,0.22175102401524782,1,0.050782542675733566,23.68421052631579,1,logistic_regression,39,108867,3200,38,32,4c9bed99296e455f,0,success,fine,3200,1,0.423926567658782
8,0.024142667651176453,1,0.03326030354946852,8.0,8,logistic_regression,5,108867,3200,5,8,4c9bed99296e455f,0,success,coarse,3200,0,0.1738674584776163
8,0.20994910318404436,1,0.05195619352161884,7.342105263157895,1,logistic_regression,39,108867,3200,38,8,4c9bed99296e455f,0,success,fine,3200,1,0.38841142784804106
16,0.049642810598015785,1,0.028832847252488136,16.0,16,logistic_regression,5,108867,6400,5,16,4c9bed99296e455f,0,success,coarse,6400,0,0.20769594050943851
16,0.561417181044817,1,0.061431181617081165,14.605263157894736,1,logistic_regression,39,108867,6400,38,16,4c9bed99296e455f,0,success,fine,6400,1,0.7700052224099636
32,0.043466473929584026,1,0.02638629637658596,30.0,22,logistic_regression,5,108867,6400,5,32,4c9bed99296e455f,0,success,coarse,6400,0,0.21687529794871807
32,0.4901942564174533,1,0.0575275169685483,27.5,1,logistic_regression,39,108867,6400,38,32,4c9bed99296e455f,0,success,fine,6400,1,0.7613737611100078
8,0.04791754670441151,1,0.026110222563147545,8.0,8,logistic_regression,5,108867,6400,5,8,4c9bed99296e455f,0,success,coarse,6400,0,0.18717963341623545
8,0.5438796216621995,1,0.05023487377911806,7.421052631578948,1,logistic_regression,39,108867,6400,38,8,4c9bed99296e455f,0,success,fine,6400,1,0.7061259457841516
16,0.034425281919538975,1,0.026203482411801815,16.0,16,logistic_regression,5,108867,3200,5,16,4c9bed99296e455f,1,success,coarse,3200,0,0.20811748877167702
16,0.2064763493835926,1,0.05144766345620155,13.76923076923077,1,logistic_regression,39,108867,3200,39,16,4c9bed99296e455f,1,success,fine,3200,0,0.4582038577646017
32,0.03210085351020098,1,0.026584121398627758,29.8,21,logistic_regression,5,108867,3200,5,32,4c9bed99296e455f,1,success,coarse,3200,0,0.21154496259987354
32,0.2435560142621398,1,0.06055090855807066,24.128205128205128,1,logistic_regression,39,108867,3200,39,32,4c9bed99296e455f,1,success,fine,3200,0,0.4589987639337778
8,0.03125471156090498,1,0.029549877159297466,8.0,8,logistic_regression,5,108867,3200,5,8,4c9bed99296e455f,1,success,coarse,3200,0,0.1745333420112729
8,0.20077526196837425,1,0.055181595496833324,7.384615384615385,1,logistic_regression,39,108867,3200,39,8,4c9bed99296e455f,1,success,fine,3200,0,0.37043445091694593
16,0.047228788025677204,1,0.026465234346687794,16.0,16,logistic_regression,5,108867,6400,5,16,4c9bed99296e455f,1,success,coarse,6400,0,0.21445690002292395
16,0.5302483383566141,1,0.05424083210527897,14.538461538461538,1,logistic_regression,39,108867,6400,39,16,4c9bed99296e455f,1,success,fine,6400,0,0.7159137036651373
32,0.050301944836974144,1,0.02549010794609785,32.0,32,logistic_regression,5,108867,6400,5,32,4c9bed99296e455f,1,success,coarse,6400,0,0.22384867444634438
32,0.5476670702919364,1,0.05992537457495928,27.307692307692307,1,logistic_regression,39,108867,6400,39,32,4c9bed99296e455f,1,success,fine,6400,0,0.7556766290217638
8,0.04211432673037052,1,0.0274521354585886,8.0,8,logistic_regression,5,108867,6400,5,8,4c9bed99296e455f,1,success,coarse,6400,0,0.23325699381530285
8,0.509560676291585,1,0.05560350604355335,7.410256410256411,1,logistic_regression,39,108867,6400,39,8,4c9bed99296e455f,1,success,fine,6400,0,0.6901863589882851
16,0.03618546947836876,1,0.025596446357667446,16.0,16,logistic_regression,5,108867,3200,5,16,4c9bed99296e455f,2,success,coarse,3200,0,0.19079005159437656
16,0.20221703313291073,1,0.05237450636923313,13.794871794871796,1,logistic_regression,39,108867,3200,39,16,4c9bed99296e455f,2,success,fine,3200,0,0.37986605521291494
32,0.03785789478570223,1,0.02509675081819296,31.0,27,logistic_regression,5,108867,3200,5,32,4c9bed99296e455f,2,success,coarse,3200,0,0.2092087473720312
32,0.20831338223069906,1,0.0525727728381753,23.307692307692307,1,logistic_regression,39,108867,3200,39,32,4c9bed99296e455f,2,success,fine,3200,0,0.4091496653854847
8,0.03745650593191385,1,0.026810869574546814,8.0,8,logistic_regression,5,108867,3200,5,8,4c9bed99296e455f,2,success,coarse,3200,0,0.17950665298849344
8,0.21630890294909477,1,0.05343036260455847,7.410256410256411,1,logistic_regression,39,108867,3200,39,8,4c9bed99296e455f,2,success,fine,3200,0,0.39105121698230505
16,0.06508718803524971,1,0.025611920282244682,16.0,16,logistic_regression,5,108867,6400,5,16,4c9bed99296e455f,2,success,coarse,6400,0,0.21334830485284328
16,0.5839237254112959,1,0.05530482064932585,14.666666666666666,2,logistic_regression,39,108867,6400,39,16,4c9bed99296e455f,2,success,fine,6400,0,0.7663479642942548
32,0.08032608963549137,1,0.025785649195313454,32.0,32,logistic_regression,5,108867,6400,5,32,4c9bed99296e455f,2,success,coarse,6400,0,0.25477979239076376
32,0.6250485060736537,1,0.05184172187000513,27.41025641025641,2,logistic_regression,39,108867,6400,39,32,4c9bed99296e455f,2,success,fine,6400,0,0.8391679413616657
8,0.06985713634639978,1,0.025180667638778687,8.0,8,logistic_regression,5,108867,6400,5,8,4c9bed99296e455f,2,success,coarse,6400,0,0.21039650961756706
8,0.6229495825245976,1,0.051429557614028454,7.435897435897436,2,logistic_regression,39,108867,6400,39,8,4c9bed99296e455f,2,success,fine,6400,0,0.8006065469235182
16,0.02642402146011591,1,0.025412723422050476,15.8,15,logistic_regression,5,108867,3200,5,16,4c9bed99296e455f,3,success,coarse,3200,0,0.17458133399486542
16,0.19415942952036858,1,0.051235427148640156,13.256410256410257,1,logistic_regression,39,108867,3200,39,16,4c9bed99296e455f,3,success,fine,3200,0,0.36830272898077965
32,0.018489320762455463,1,0.025670668110251427,28.6,15,logistic_regression,5,108867,3200,5,32,4c9bed99296e455f,3,success,coarse,3200,0,0.19057039357721806
32,0.22073322534561157,1,0.05295754782855511,22.871794871794872,1,logistic_regression,39,108867,3200,39,32,4c9bed99296e455f,3,success,fine,3200,0,0.4227290591225028
8,0.025391550734639168,1,0.02545404527336359,8.0,8,logistic_regression,5,108867,3200,5,8,4c9bed99296e455f,3,success,coarse,3200,0,0.1640068842098117
8,0.23167322110384703,1,0.05176457762718201,6.897435897435898,1,logistic_regression,39,108867,3200,39,8,4c9bed99296e455f,3,success,fine,3200,0,0.3951123869046569
16,0.05189864709973335,1,0.026863516308367252,16.0,16,logistic_regression,5,108867,6400,5,16,4c9bed99296e455f,3,success,coarse,6400,0,0.2026662351563573
16,0.5391832804307342,1,0.05204860121011734,14.076923076923077,1,logistic_regression,39,108867,6400,39,16,4c9bed99296e455f,3,success,fine,6400,0,0.7127995239570737
32,0.054917942732572556,1,0.02694033272564411,31.4,29,logistic_regression,5,108867,6400,5,32,4c9bed99296e455f,3,success,coarse,6400,0,0.23098033759742975
32,0.48565181624144316,1,0.05222697742283344,26.333333333333332,1,logistic_regression,39,108867,6400,39,32,4c9bed99296e455f,3,success,fine,6400,0,0.7023691674694419
8,0.04108346812427044,1,0.026976577006280422,8.0,8,logistic_regression,5,108867,6400,5,8,4c9bed99296e455f,3,success,coarse,6400,0,0.18187172338366508
8,0.6052959989756346,1,0.055638196878135204,6.923076923076923,1,logistic_regression,39,108867,6400,39,8,4c9bed99296e455f,3,success,fine,6400,0,0.7756050573661923
16,0.03344776388257742,1,0.02562006190419197,16.0,16,logistic_regression,5,108867,3200,5,16,4c9bed99296e455f,4,success,coarse,3200,0,0.18346804473549128
16,0.20182783156633377,1,0.05154136288911104,13.538461538461538,1,logistic_regression,39,108867,3200,39,16,4c9bed99296e455f,4,success,fine,3200,0,0.37532230466604233
32,0.021360394544899464,1,0.026929166167974472,29.2,18,logistic_regression,5,108867,3200,5,32,4c9bed99296e455f,4,success,coarse,3200,0,0.19749044068157673
32,0.23737589921802282,1,0.05158681143075228,22.871794871794872,1,logistic_regression,39,108867,3200,39,32,4c9bed99296e455f,4,success,fine,3200,0,0.43739772867411375
8,0.020159123465418816,1,0.02576580923050642,8.0,8,logistic_regression,5,108867,3200,5,8,4c9bed99296e455f,4,success,coarse,3200,0,0.15728709567338228
8,0.18819030094891787,1,0.05201141536235809,7.3076923076923075,1,logistic_regression,39,108867,3200,39,8,4c9bed99296e455f,4,success,fine,3200,0,0.354374504648149
16,0.04321792256087065,1,0.026212447322905064,16.0,16,logistic_regression,5,108867,6400,5,16,4c9bed99296e455f,4,success,coarse,6400,0,0.19394034333527088
16,0.5806693388149142,1,0.054073152132332325,14.461538461538462,1,logistic_regression,39,108867,6400,39,16,4c9bed99296e455f,4,success,fine,6400,0,0.7561486624181271
32,0.04651816748082638,1,0.02638415154069662,32.0,32,logistic_regression,5,108867,6400,5,32,4c9bed99296e455f,4,success,coarse,6400,0,0.2250951435416937
32,0.6715730018913746,1,0.05111982487142086,26.794871794871796,1,logistic_regression,39,108867,6400,39,32,4c9bed99296e455f,4,success,fine,6400,0,0.870751341804862
8,0.04816888086497784,1,0.026525363326072693,8.0,8,logistic_regression,5,108867,6400,5,8,4c9bed99296e455f,4,success,coarse,6400,0,0.19375531654804945
8,0.5717434901744127,1,0.05123492702841759,7.410256410256411,1,logistic_regression,39,108867,6400,39,8,4c9bed99296e455f,4,success,fine,6400,0,0.7382634840905666
16,0.01819584332406521,1,0.025743816047906876,14.6,9,logistic_regression,5,108867,3200,5,16,4c9bed99296e455f,5,success,coarse,3200,0,0.17261547036468983
16,0.182126902975142,1,0.05287927109748125,13.128205128205128,1,logistic_regression,39,108867,3200,39,16,4c9bed99296e455f,5,success,fine,3200,0,0.3627932071685791
32,0.0300020519644022,1,0.026536259800195694,27.4,9,logistic_regression,5,108867,3200,5,32,4c9bed99296e455f,5,success,coarse,3200,0,0.20494670700281858
32,0.2152943192049861,1,0.05479507986456156,22.23076923076923,1,logistic_regression,39,108867,3200,39,32,4c9bed99296e455f,5,success,fine,3200,0,0.4169238256290555
8,0.01987589057534933,1,0.025697477161884308,8.0,8,logistic_regression,5,108867,3200,5,8,4c9bed99296e455f,5,success,coarse,3200,0,0.16325414087623358
8,0.18993212096393108,1,0.051563666202127934,6.897435897435898,1,logistic_regression,39,108867,3200,39,8,4c9bed99296e455f,5,success,fine,3200,0,0.35804068576544523
16,0.03544188942760229,1,0.02682523149996996,16.0,16,logistic_regression,5,108867,6400,5,16,4c9bed99296e455f,5,success,coarse,6400,0,0.18702919967472553
16,0.5167291220277548,1,0.052682376466691494,13.846153846153847,1,logistic_regression,39,108867,6400,39,16,4c9bed99296e455f,5,success,fine,6400,0,0.6952686021104455
32,0.04004047065973282,1,0.025190681219100952,29.2,18,logistic_regression,5,108867,6400,5,32,4c9bed99296e455f,5,success,coarse,6400,0,0.21192707307636738
32,0.5398907763883471,1,0.05141135025769472,25.94871794871795,1,logistic_regression,39,108867,6400,39,32,4c9bed99296e455f,5,success,fine,6400,0,0.7384326849132776
8,0.03084853384643793,1,0.0258724894374609,8.0,8,logistic_regression,5,108867,6400,5,8,4c9bed99296e455f,5,success,coarse,6400,0,0.1759323189035058
8,0.49708922393620014,1,0.05140724405646324,7.076923076923077,1,logistic_regression,39,108867,6400,39,8,4c9bed99296e455f,5,success,fine,6400,0,0.6635473854839802
16,0.021131102927029133,1,0.026308109052479267,16.0,16,logistic_regression,5,108867,3200,5,16,4c9bed99296e455f,6,success,coarse,3200,0,0.17464252468198538
16,0.19132957607507706,1,0.052887773141264915,13.564102564102564,1,logistic_regression,39,108867,3200,39,16,4c9bed99296e455f,6,success,fine,3200,0,0.36916759982705116
32,0.022008001804351807,1,0.025540133006870747,28.8,16,logistic_regression,5,108867,3200,5,32,4c9bed99296e455f,6,success,coarse,3200,0,0.19492604304105043
32,0.23735905438661575,1,0.05125470645725727,22.102564102564102,1,logistic_regression,39,108867,3200,39,32,4c9bed99296e455f,6,success,fine,3200,0,0.43702770583331585
8,0.018353288993239403,1,0.02573936991393566,8.0,8,logistic_regression,5,108867,3200,5,8,4c9bed99296e455f,6,success,coarse,3200,0,0.15980456303805113
8,0.214081478305161,1,0.054455341771245,7.230769230769231,1,logistic_regression,39,108867,3200,39,8,4c9bed99296e455f,6,success,fine,3200,0,0.378906243480742
16,0.048300317488610744,1,0.026385623961687088,16.0,16,logistic_regression,5,108867,6400,5,16,4c9bed99296e455f,6,success,coarse,6400,0,0.20195471215993166
16,0.5344031574204564,1,0.05143734905868769,14.307692307692308,1,logistic_regression,39,108867,6400,39,16,4c9bed99296e455f,6,success,fine,6400,0,0.7104560257866979
32,0.04690922237932682,1,0.025894942693412304,31.8,31,logistic_regression,5,108867,6400,5,32,4c9bed99296e455f,6,success,coarse,6400,0,0.22015524189919233
32,0.6336935246363282,1,0.051572469994425774,26.487179487179485,1,logistic_regression,39,108867,6400,39,32,4c9bed99296e455f,6,success,fine,6400,0,0.8319624066352844
8,0.04348237719386816,1,0.025371892377734184,8.0,8,logistic_regression,5,108867,6400,5,8,4c9bed99296e455f,6,success,coarse,6400,0,0.18165645189583302
8,0.5686318762600422,1,0.05275199003517628,7.282051282051282,1,logistic_regression,39,108867,6400,39,8,4c9bed99296e455f,6,success,fine,6400,0,0.7338103773072362
16,0.01848418265581131,1,0.02533906325697899,15.6,14,logistic_regression,5,108867,3200,5,16,4c9bed99296e455f,7,success,coarse,3200,0,0.17273093294352293
16,0.18846281804144382,1,0.05259909201413393,13.384615384615385,2,logistic_regression,39,108867,3200,39,16,4c9bed99296e455f,7,success,fine,3200,0,0.3647736329585314
32,0.015742401592433453,1,0.025569656863808632,28.4,14,logistic_regression,5,108867,3200,5,32,4c9bed99296e455f,7,success,coarse,3200,0,0.1837437665089965
32,0.20028219558298588,1,0.05264953710138798,21.871794871794872,2,logistic_regression,39,108867,3200,39,32,4c9bed99296e455f,7,success,fine,3200,0,0.3996582105755806
8,0.022752092219889164,1,0.025518931448459625,8.0,8,logistic_regression,5,108867,3200,5,8,4c9bed99296e455f,7,success,coarse,3200,0,0.1629866613075137
8,0.20355092361569405,1,0.05301803629845381,7.256410256410256,2,logistic_regression,39,108867,3200,39,8,4c9bed99296e455f,7,success,fine,3200,0,0.37636039312928915
16,0.03513896744698286,1,0.025552619248628616,16.0,16,logistic_regression,5,108867,6400,5,16,4c9bed99296e455f,7,success,coarse,6400,0,0.18651527259498835
16,0.5217946907505393,1,0.05191715341061354,14.282051282051283,2,logistic_regression,39,108867,6400,39,16,4c9bed99296e455f,7,success,fine,6400,0,0.6988999908789992
32,0.04352153558284044,1,0.026219526305794716,31.0,27,logistic_regression,5,108867,6400,5,32,4c9bed99296e455f,7,success,coarse,6400,0,0.21429497748613358
32,0.503712716512382,1,0.05364056583493948,26.307692307692307,2,logistic_regression,39,108867,6400,39,32,4c9bed99296e455f,7,success,fine,6400,0,0.7038030782714486
8,0.035175301134586334,1,0.025812079198658466,8.0,8,logistic_regression,5,108867,6400,5,8,4c9bed99296e455f,7,success,coarse,6400,0,0.1759256599470973
8,0.5166652677580714,1,0.051091752015054226,7.358974358974359,2,logistic_regression,39,108867,6400,39,8,4c9bed99296e455f,7,success,fine,6400,0,0.6843600329011679
16,0.02231193520128727,1,0.02650467213243246,16.0,16,logistic_regression,5,108867,3200,5,16,4c9bed99296e455f,8,success,coarse,3200,0,0.17374817095696926
16,0.18452258873730898,1,0.05120842717587948,13.846153846153847,1,logistic_regression,39,108867,3200,39,16,4c9bed99296e455f,8,success,fine,3200,0,0.3583103381097317
32,0.02272786572575569,1,0.024948449805378914,29.8,21,logistic_regression,5,108867,3200,5,32,4c9bed99296e455f,8,success,coarse,3200,0,0.19518820475786924
32,0.19455671217292547,1,0.05197218619287014,23.666666666666668,1,logistic_regression,39,108867,3200,39,32,4c9bed99296e455f,8,success,fine,3200,0,0.3932342641055584
8,0.022735247388482094,1,0.026306706480681896,8.0,8,logistic_regression,5,108867,3200,5,8,4c9bed99296e455f,8,success,coarse,3200,0,0.15799633413553238
8,0.19947524182498455,1,0.05105370655655861,7.3076923076923075,1,logistic_regression,39,108867,3200,39,8,4c9bed99296e455f,8,success,fine,3200,0,0.3615572927519679
16,0.05503125209361315,1,0.025014929473400116,16.0,16,logistic_regression,5,108867,6400,5,16,4c9bed99296e455f,8,success,coarse,6400,0,0.2010843437165022
16,0.5302598429843783,1,0.052228448912501335,14.435897435897436,1,logistic_regression,39,108867,6400,39,16,4c9bed99296e455f,8,success,fine,6400,0,0.703375038690865
32,0.06163173168897629,1,0.025338702835142612,32.0,32,logistic_regression,5,108867,6400,5,32,4c9bed99296e455f,8,success,coarse,6400,0,0.2307204883545637
32,0.49230956099927425,1,0.05221394822001457,27.46153846153846,1,logistic_regression,39,108867,6400,39,32,4c9bed99296e455f,8,success,fine,6400,0,0.6919902293011546
8,0.04181890469044447,1,0.025577988475561142,8.0,8,logistic_regression,5,108867,6400,5,8,4c9bed99296e455f,8,success,coarse,6400,0,0.17988488730043173
8,0.570195578970015,1,0.05144669208675623,7.384615384615385,1,logistic_regression,39,108867,6400,39,8,4c9bed99296e455f,8,success,fine,6400,0,0.7344503812491894
16,0.025543066672980785,1,0.0249753100797534,15.6,14,logistic_regression,5,108867,3200,5,16,4c9bed99296e455f,9,success,coarse,3200,0,0.16950550768524408
16,0.274159150198102,1,0.049624763429164886,14.026315789473685,1,logistic_regression,39,108867,3200,38,16,4c9bed99296e455f,9,success,fine,3200,1,0.44526822213083506
32,0.029276438057422638,1,0.026371543295681477,28.4,14,logistic_regression,5,108867,3200,5,32,4c9bed99296e455f,9,success,coarse,3200,0,0.20459473133087158
32,0.212077627889812,1,0.05015414487570524,24.236842105263158,1,logistic_regression,39,108867,3200,38,32,4c9bed99296e455f,9,success,fine,3200,1,0.4095627907663584
8,0.030735306441783905,1,0.025883466005325317,8.0,8,logistic_regression,5,108867,3200,5,8,4c9bed99296e455f,9,success,coarse,3200,0,0.16878889966756105
8,0.2579375831410289,1,0.05025630537420511,7.473684210526316,1,logistic_regression,39,108867,3200,38,8,4c9bed99296e455f,9,success,fine,3200,1,0.4201434897258878
16,0.04892634507268667,1,0.025722775608301163,16.0,16,logistic_regression,5,108867,6400,5,16,4c9bed99296e455f,9,success,coarse,6400,0,0.19786406122148037
16,0.6385033531114459,1,0.04871167615056038,14.842105263157896,1,logistic_regression,39,108867,6400,38,16,4c9bed99296e455f,9,success,fine,6400,1,0.8094107788056135
32,0.04334854055196047,1,0.02520971093326807,31.0,27,logistic_regression,5,108867,6400,5,32,4c9bed99296e455f,9,success,coarse,6400,0,0.21352030150592327
32,0.7120396085083485,1,0.04893638100475073,27.55263157894737,1,logistic_regression,39,108867,6400,38,32,4c9bed99296e455f,9,success,fine,6400,1,0.9106099447235465
8,0.04699910618364811,1,0.02687253151088953,8.0,8,logistic_regression,5,108867,6400,5,8,4c9bed99296e455f,9,success,coarse,6400,0,0.1875634826719761
8,0.6086863419041038,1,0.05071455240249634,7.5,1,logistic_regression,39,108867,6400,38,8,4c9bed99296e455f,9,success,fine,6400,1,0.7723871329799294
16,0.027160578407347202,1,0.026049593463540077,16.0,16,logistic_regression,5,108867,3200,5,16,4c9bed99296e455f,10,success,coarse,3200,0,0.17760425247251987
16,0.19207883812487125,1,0.05102680716663599,13.58974358974359,1,logistic_regression,39,108867,3200,39,16,4c9bed99296e455f,10,success,fine,3200,0,0.36608222126960754
32,0.019902478903532028,1,0.025410590693354607,29.6,20,logistic_regression,5,108867,3200,5,32,4c9bed99296e455f,10,success,coarse,3200,0,0.1921642553061247
32,0.1921170875430107,1,0.05161623749881983,22.358974358974358,1,logistic_regression,39,108867,3200,39,32,4c9bed99296e455f,10,success,fine,3200,0,0.38725971430540085
8,0.024191683158278465,1,0.02589996997267008,8.0,8,logistic_regression,5,108867,3200,5,8,4c9bed99296e455f,10,success,coarse,3200,0,0.16094326227903366
8,0.21775066945701838,1,0.05264281574636698,7.358974358974359,1,logistic_regression,39,108867,3200,39,8,4c9bed99296e455f,10,success,fine,3200,0,0.38299944065511227
16,0.04553946852684021,1,0.025471040979027748,16.0,16,logistic_regression,5,108867,6400,5,16,4c9bed99296e455f,10,success,coarse,6400,0,0.19472134113311768
16,0.5046698655933142,1,0.051685189828276634,14.538461538461538,2,logistic_regression,39,108867,6400,39,16,4c9bed99296e455f,10,success,fine,6400,0,0.6813752688467503
32,0.03822544403374195,1,0.025688954629004,32.0,32,logistic_regression,5,108867,6400,5,32,4c9bed99296e455f,10,success,coarse,6400,0,0.21203994750976562
32,0.4749801969155669,1,0.051656597293913364,26.71794871794872,2,logistic_regression,39,108867,6400,39,32,4c9bed99296e455f,10,success,fine,6400,0,0.6758591998368502
8,0.046951914206147194,1,0.025100799277424812,8.0,8,logistic_regression,5,108867,6400,5,8,4c9bed99296e455f,10,success,coarse,6400,0,0.189198755659163
8,0.4991515474393964,1,0.053400126285851,7.487179487179487,2,logistic_regression,39,108867,6400,39,8,4c9bed99296e455f,10,success,fine,6400,0,0.6690157307311893
16,0.036112645640969276,1,0.027187010273337364,16.0,16,logistic_regression,5,108867,3200,5,16,4c9bed99296e455f,11,success,coarse,3200,0,0.1969401203095913
16,0.23123868089169264,1,0.04859934002161026,14.0,1,logistic_regression,39,108867,3200,38,16,4c9bed99296e455f,11,success,fine,3200,1,0.40592374466359615
32,0.04043551068753004,1,0.024906170554459095,29.6,20,logistic_regression,5,108867,3200,5,32,4c9bed99296e455f,11,success,coarse,3200,0,0.21437975950539112
32,0.23719104565680027,1,0.049289179034531116,24.473684210526315,1,logistic_regression,39,108867,3200,38,32,4c9bed99296e455f,11,success,fine,3200,1,0.4337999727576971
8,0.036190892569720745,1,0.025075952522456646,8.0,8,logistic_regression,5,108867,3200,5,8,4c9bed99296e455f,11,success,coarse,3200,0,0.17108464520424604
8,0.1752490932121873,1,0.049969461746513844,7.447368421052632,1,logistic_regression,39,108867,3200,38,8,4c9bed99296e455f,11,success,fine,3200,1,0.3354698847979307
16,0.080294881016016,1,0.025174329057335854,16.0,16,logistic_regression,5,108867,6400,5,16,4c9bed99296e455f,11,success,coarse,6400,0,0.24474811181426048
16,0.5601030047982931,1,0.05138844903558493,14.68421052631579,2,logistic_regression,39,108867,6400,38,16,4c9bed99296e455f,11,success,fine,6400,1,0.7408549450337887
32,0.08988166321069002,1,0.02641939651221037,32.0,32,logistic_regression,5,108867,6400,5,32,4c9bed99296e455f,11,success,coarse,6400,0,0.26734681334346533
32,0.5426442697644234,1,0.051259816624224186,27.92105263157895,2,logistic_regression,39,108867,6400,38,32,4c9bed99296e455f,11,success,fine,6400,1,0.7453764481469989
8,0.08187742996960878,1,0.02602983359247446,8.0,8,logistic_regression,5,108867,6400,5,8,4c9bed99296e455f,11,success,coarse,6400,0,0.22221672255545855
8,0.47483553923666477,1,0.04909721203148365,7.578947368421052,2,logistic_regression,39,108867,6400,38,8,4c9bed99296e455f,11,success,fine,6400,1,0.6361842323094606
16,0.015397584065794945,1,0.025072657503187656,16.0,16,logistic_regression,5,108867,3200,5,16,4c9bed99296e455f,12,success,coarse,3200,0,0.16892113350331783
16,0.1851832577958703,1,0.05187320150434971,13.307692307692308,1,logistic_regression,39,108867,3200,39,16,4c9bed99296e455f,12,success,fine,3200,0,0.36617619823664427
32,0.016561098396778107,1,0.025029433891177177,29.6,20,logistic_regression,5,108867,3200,5,32,4c9bed99296e455f,12,success,coarse,3200,0,0.18949140049517155
32,0.1818254729732871,1,0.05074482038617134,21.974358974358974,1,logistic_regression,39,108867,3200,39,32,4c9bed99296e455f,12,success,fine,3200,0,0.38407318107783794
8,0.01847393997013569,1,0.025043044239282608,8.0,8,logistic_regression,5,108867,3200,5,8,4c9bed99296e455f,12,success,coarse,3200,0,0.15971824526786804
8,0.21502088848501444,1,0.05172192584723234,7.0,1,logistic_regression,39,108867,3200,39,8,4c9bed99296e455f,12,success,fine,3200,0,0.3821582440286875
16,0.03762511070817709,1,0.02552107535302639,16.0,16,logistic_regression,5,108867,6400,5,16,4c9bed99296e455f,12,success,coarse,6400,0,0.19239070359617472
16,0.5932082217186689,1,0.05146891064941883,14.23076923076923,2,logistic_regression,39,108867,6400,39,16,4c9bed99296e455f,12,success,fine,6400,0,0.7741497177630663
32,0.04077459778636694,1,0.02492364589124918,32.0,32,logistic_regression,5,108867,6400,5,32,4c9bed99296e455f,12,success,coarse,6400,0,0.21612188406288624
32,0.5889214631170034,1,0.05152796767652035,26.564102564102566,2,logistic_regression,39,108867,6400,39,32,4c9bed99296e455f,12,success,fine,6400,0,0.7896801140159369
8,0.040211476385593414,1,0.0262301042675972,8.0,8,logistic_regression,5,108867,6400,5,8,4c9bed99296e455f,12,success,coarse,6400,0,0.1830011559650302
8,0.5519806873053312,1,0.05230575706809759,7.102564102564102,2,logistic_regression,39,108867,6400,39,8,4c9bed99296e455f,12,success,fine,6400,0,0.7223952701315284
16,0.026997188106179237,1,0.024952048435807228,16.0,16,logistic_regression,5,108867,3200,5,16,4c9bed99296e455f,13,success,coarse,3200,0,0.17578743398189545
16,0.18946460355073214,1,0.05124978348612785,13.76923076923077,1,logistic_regression,39,108867,3200,39,16,4c9bed99296e455f,13,success,fine,3200,0,0.3614666471257806
32,0.0356247890740633,1,0.024872359819710255,31.0,27,logistic_regression,5,108867,3200,5,32,4c9bed99296e455f,13,success,coarse,3200,0,0.2079719342291355
32,0.2210356406867504,1,0.05185403395444155,23.256410256410255,1,logistic_regression,39,108867,3200,39,32,4c9bed99296e455f,13,success,fine,3200,0,0.4191172933205962
8,0.019051012583076954,1,0.025568337179720402,8.0,8,logistic_regression,5,108867,3200,5,8,4c9bed99296e455f,13,success,coarse,3200,0,0.1537392856553197
8,0.18506829999387264,1,0.05266644433140755,7.410256410256411,1,logistic_regression,39,108867,3200,39,8,4c9bed99296e455f,13,success,fine,3200,0,0.3476745132356882
16,0.038340479135513306,1,0.025591651909053326,16.0,16,logistic_regression,5,108867,6400,5,16,4c9bed99296e455f,13,success,coarse,6400,0,0.18641625065356493
16,0.5067054852843285,1,0.05098796263337135,14.666666666666666,2,logistic_regression,39,108867,6400,39,16,4c9bed99296e455f,13,success,fine,6400,0,0.683659890666604
32,0.0463104797527194,1,0.024997836910188198,32.0,32,logistic_regression,5,108867,6400,5,32,4c9bed99296e455f,13,success,coarse,6400,0,0.21918838005512953
32,0.5891225654631853,1,0.05626331828534603,26.974358974358974,2,logistic_regression,39,108867,6400,39,32,4c9bed99296e455f,13,success,fine,6400,0,0.7963700350373983
8,0.04016304574906826,1,0.025056765414774418,8.0,8,logistic_regression,5,108867,6400,5,8,4c9bed99296e455f,13,success,coarse,6400,0,0.1784342024475336
8,0.5223946012556553,1,0.051122693344950676,7.512820512820513,2,logistic_regression,39,108867,6400,39,8,4c9bed99296e455f,13,success,fine,6400,0,0.6853052610531449
16,0.02323307655751705,1,0.026679545640945435,15.8,15,logistic_regression,5,108867,3200,5,16,4c9bed99296e455f,14,success,coarse,3200,0,0.17459879536181688
16,0.20803273003548384,1,0.052067043259739876,13.282051282051283,1,logistic_regression,39,108867,3200,39,16,4c9bed99296e455f,14,success,fine,3200,0,0.3869624733924866
32,0.025645092129707336,1,0.025476000271737576,28.6,15,logistic_regression,5,108867,3200,5,32,4c9bed99296e455f,14,success,coarse,3200,0,0.194166649132967
32,0.18938323855400085,1,0.052569312043488026,21.923076923076923,1,logistic_regression,39,108867,3200,39,32,4c9bed99296e455f,14,success,fine,3200,0,0.3808588758111
8,0.026723509654402733,1,0.024888664484024048,8.0,8,logistic_regression,5,108867,3200,5,8,4c9bed99296e455f,14,success,coarse,3200,0,0.16865434404462576
8,0.2542671784758568,1,0.052764021791517735,7.333333333333333,1,logistic_regression,39,108867,3200,39,8,4c9bed99296e455f,14,success,fine,3200,0,0.41973923705518246
16,0.044060297310352325,1,0.026192838326096535,16.0,16,logistic_regression,5,108867,6400,5,16,4c9bed99296e455f,14,success,coarse,6400,0,0.19864583853632212
16,0.5049648499116302,1,0.051033622585237026,14.41025641025641,2,logistic_regression,39,108867,6400,39,16,4c9bed99296e455f,14,success,fine,6400,0,0.6838006852194667
32,0.04856111668050289,1,0.025074522010982037,31.2,28,logistic_regression,5,108867,6400,5,32,4c9bed99296e455f,14,success,coarse,6400,0,0.21699174121022224
32,0.6960840420797467,1,0.05133289936929941,26.307692307692307,2,logistic_regression,39,108867,6400,39,32,4c9bed99296e455f,14,success,fine,6400,0,0.8910153526812792
8,0.04682272486388683,1,0.02778405137360096,8.0,8,logistic_regression,5,108867,6400,5,8,4c9bed99296e455f,14,success,coarse,6400,0,0.19147742167115211
8,0.7055305987596512,1,0.05095516610890627,7.461538461538462,2,logistic_regression,39,108867,6400,39,8,4c9bed99296e455f,14,success,fine,6400,0,0.8727351622655988
16,0.03845891635864973,1,0.02530366461724043,16.0,16,logistic_regression,5,108867,3200,5,16,4c9bed99296e455f,15,success,coarse,3200,0,0.1919608749449253
16,0.2746161315590143,1,0.050982728600502014,14.0,1,logistic_regression,39,108867,3200,39,16,4c9bed99296e455f,15,success,fine,3200,0,0.4506322545930743
32,0.04063168540596962,1,0.02535328734666109,31.0,27,logistic_regression,5,108867,3200,5,32,4c9bed99296e455f,15,success,coarse,3200,0,0.2119939113035798
32,0.24202001560479403,1,0.05178844928741455,24.23076923076923,1,logistic_regression,39,108867,3200,39,32,4c9bed99296e455f,15,success,fine,3200,0,0.44143539480865
8,0.034368728287518024,1,0.025030425749719143,8.0,8,logistic_regression,5,108867,3200,5,8,4c9bed99296e455f,15,success,coarse,3200,0,0.17552532069385052
8,0.21139439567923546,1,0.05100373923778534,7.410256410256411,1,logistic_regression,39,108867,3200,39,8,4c9bed99296e455f,15,success,fine,3200,0,0.37313656881451607
16,0.07029341720044613,1,0.0258756373077631,16.0,16,logistic_regression,5,108867,6400,5,16,4c9bed99296e455f,15,success,coarse,6400,0,0.22050525061786175
16,0.5521851405501366,1,0.050999815575778484,14.64102564102564,2,logistic_regression,39,108867,6400,39,16,4c9bed99296e455f,15,success,fine,6400,0,0.7273132521659136
32,0.06839647050946951,1,0.025453888811171055,32.0,32,logistic_regression,5,108867,6400,5,32,4c9bed99296e455f,15,success,coarse,6400,0,0.2417734107002616
32,0.6604866357520223,1,0.0526612913236022,27.846153846153847,2,logistic_regression,39,108867,6400,39,32,4c9bed99296e455f,15,success,fine,6400,0,0.8603221150115132
8,0.06703359540551901,1,0.02729010581970215,8.0,8,logistic_regression,5,108867,6400,5,8,4c9bed99296e455f,15,success,coarse,6400,0,0.208131093531847
8,0.6052869465202093,1,0.05326558277010918,7.512820512820513,2,logistic_regression,39,108867,6400,39,8,4c9bed99296e455f,15,success,fine,6400,0,0.7686327109113336
16,0.020768914371728897,1,0.025236263871192932,16.0,16,logistic_regression,5,108867,3200,5,16,4c9bed99296e455f,16,success,coarse,3200,0,0.17460113670676947
16,0.182391251437366,1,0.05134101212024689,13.179487179487179,1,logistic_regression,39,108867,3200,39,16,4c9bed99296e455f,16,success,fine,3200,0,0.36018209531903267
32,0.01723544578999281,1,0.02647897694259882,28.8,16,logistic_regression,5,108867,3200,5,32,4c9bed99296e455f,16,success,coarse,3200,0,0.19022122584283352
32,0.17909603007137775,1,0.051612586714327335,21.358974358974358,1,logistic_regression,39,108867,3200,39,32,4c9bed99296e455f,16,success,fine,3200,0,0.38032044004648924
8,0.016394722275435925,1,0.025231806561350822,8.0,8,logistic_regression,5,108867,3200,5,8,4c9bed99296e455f,16,success,coarse,3200,0,0.15577716194093227
8,0.195147349499166,1,0.05117352306842804,7.3076923076923075,1,logistic_regression,39,108867,3200,39,8,4c9bed99296e455f,16,success,fine,3200,0,0.36162382271140814
16,0.036935134790837765,1,0.025342661887407303,16.0,16,logistic_regression,5,108867,6400,5,16,4c9bed99296e455f,16,success,coarse,6400,0,0.19083591271191835
16,0.6059445207938552,1,0.050984783098101616,14.384615384615385,2,logistic_regression,39,108867,6400,39,16,4c9bed99296e455f,16,success,fine,6400,0,0.7862710077315569
32,0.03880094736814499,1,0.024797829799354076,31.8,31,logistic_regression,5,108867,6400,5,32,4c9bed99296e455f,16,success,coarse,6400,0,0.2132119657471776
32,0.5583327300846577,1,0.05151994153857231,25.974358974358974,2,logistic_regression,39,108867,6400,39,32,4c9bed99296e455f,16,success,fine,6400,0,0.7587819173932076
8,0.03709186986088753,1,0.025232608430087566,8.0,8,logistic_regression,5,108867,6400,5,8,4c9bed99296e455f,16,success,coarse,6400,0,0.17756964452564716
8,0.5358856003731489,1,0.050959695130586624,7.435897435897436,2,logistic_regression,39,108867,6400,39,8,4c9bed99296e455f,16,success,fine,6400,0,0.7005156530067325
16,0.022386125288903713,1,0.02640626858919859,16.0,16,logistic_regression,5,108867,3200,5,16,4c9bed99296e455f,17,success,coarse,3200,0,0.17216875404119492
16,0.18883859645575285,1,0.05243477504700422,13.435897435897436,1,logistic_regression,39,108867,3200,39,16,4c9bed99296e455f,17,success,fine,3200,0,0.36595962569117546
32,0.018701531924307346,1,0.026235864497721195,28.8,16,logistic_regression,5,108867,3200,5,32,4c9bed99296e455f,17,success,coarse,3200,0,0.19123359955847263
32,0.18849455658346415,1,0.05140411853790283,23.666666666666668,1,logistic_regression,39,108867,3200,39,32,4c9bed99296e455f,17,success,fine,3200,0,0.38678439427167177
8,0.020073427818715572,1,0.02536821085959673,8.0,8,logistic_regression,5,108867,3200,5,8,4c9bed99296e455f,17,success,coarse,3200,0,0.1563639510422945
8,0.19691104255616665,1,0.05091368593275547,6.923076923076923,1,logistic_regression,39,108867,3200,39,8,4c9bed99296e455f,17,success,fine,3200,0,0.3560432605445385
16,0.03213274758309126,1,0.025111768394708633,16.0,16,logistic_regression,5,108867,6400,5,16,4c9bed99296e455f,17,success,coarse,6400,0,0.18047666270285845
16,0.6302488185465336,1,0.0510478476062417,14.153846153846153,1,logistic_regression,39,108867,6400,39,16,4c9bed99296e455f,17,success,fine,6400,0,0.8081020507961512
32,0.04873151425272226,1,0.025402802973985672,31.8,31,logistic_regression,5,108867,6400,5,32,4c9bed99296e455f,17,success,coarse,6400,0,0.22068627085536718
32,0.6068006930872798,1,0.05116198677569628,26.871794871794872,1,logistic_regression,39,108867,6400,39,32,4c9bed99296e455f,17,success,fine,6400,0,0.8062522057443857
8,0.04032470006495714,1,0.026288081891834736,8.0,8,logistic_regression,5,108867,6400,5,8,4c9bed99296e455f,17,success,coarse,6400,0,0.17841653060168028
8,0.46416892763227224,1,0.051837644539773464,7.0256410256410255,1,logistic_regression,39,108867,6400,39,8,4c9bed99296e455f,17,success,fine,6400,0,0.6259631663560867
16,0.020072687417268753,1,0.0255649546161294,15.8,15,logistic_regression,5,108867,3200,5,16,4c9bed99296e455f,18,success,coarse,3200,0,0.169068505987525
16,0.234910792671144,1,0.05084479507058859,12.871794871794872,1,logistic_regression,39,108867,3200,39,16,4c9bed99296e455f,18,success,fine,3200,0,0.41213140077888966
32,0.03100588731467724,1,0.025150397792458534,28.6,15,logistic_regression,5,108867,3200,5,32,4c9bed99296e455f,18,success,coarse,3200,0,0.20913785602897406
32,0.30802383832633495,1,0.05153721757233143,21.333333333333332,1,logistic_regression,39,108867,3200,39,32,4c9bed99296e455f,18,success,fine,3200,0,0.5163935702294111
8,0.02460511401295662,1,0.025142445228993893,8.0,8,logistic_regression,5,108867,3200,5,8,4c9bed99296e455f,18,success,coarse,3200,0,0.16063266899436712
8,0.28673225082457066,1,0.05108025576919317,6.871794871794871,1,logistic_regression,39,108867,3200,39,8,4c9bed99296e455f,18,success,fine,3200,0,0.4463441278785467
16,0.03360836673527956,1,0.026196707971394062,16.0,16,logistic_regression,5,108867,6400,5,16,4c9bed99296e455f,18,success,coarse,6400,0,0.18547992501407862
16,0.7052566846832633,1,0.05205393768846989,13.794871794871796,2,logistic_regression,39,108867,6400,39,16,4c9bed99296e455f,18,success,fine,6400,0,0.8842027178034186
32,0.04562103748321533,1,0.025750392116606236,31.4,29,logistic_regression,5,108867,6400,5,32,4c9bed99296e455f,18,success,coarse,6400,0,0.22760939970612526
32,0.7357559679076076,1,0.05119399633258581,25.564102564102566,2,logistic_regression,39,108867,6400,39,32,4c9bed99296e455f,18,success,fine,6400,0,0.9399283854290843
8,0.04203817527741194,1,0.024844590574502945,8.0,8,logistic_regression,5,108867,6400,5,8,4c9bed99296e455f,18,success,coarse,6400,0,0.1801179414615035
8,0.5741813275963068,1,0.053387125954031944,7.0256410256410255,2,logistic_regression,39,108867,6400,39,8,4c9bed99296e455f,18,success,fine,6400,0,0.7399026332423091
16,0.02189262956380844,1,0.024884872138500214,15.6,14,logistic_regression,5,108867,3200,5,16,4c9bed99296e455f,19,success,coarse,3200,0,0.17258312832564116
16,0.18547039385885,1,0.05104871932417154,13.051282051282051,1,logistic_regression,39,108867,3200,39,16,4c9bed99296e455f,19,success,fine,3200,0,0.3636995702981949
32,0.017386683262884617,1,0.025556904263794422,28.4,14,logistic_regression,5,108867,3200,5,32,4c9bed99296e455f,19,success,coarse,3200,0,0.18854051176458597
32,0.19954859465360641,1,0.05231876391917467,22.076923076923077,1,logistic_regression,39,108867,3200,39,32,4c9bed99296e455f,19,success,fine,3200,0,0.3972545200958848
8,0.017558887600898743,1,0.024977408349514008,8.0,8,logistic_regression,5,108867,3200,5,8,4c9bed99296e455f,19,success,coarse,3200,0,0.15610036440193653
8,0.23278353456407785,1,0.051446372643113136,6.897435897435898,1,logistic_regression,39,108867,3200,39,8,4c9bed99296e455f,19,success,fine,3200,0,0.39816940296441317
16,0.036981165409088135,1,0.026035609655082226,16.0,16,logistic_regression,5,108867,6400,5,16,4c9bed99296e455f,19,success,coarse,6400,0,0.19387101102620363
16,0.5625082682818174,1,0.05071767698973417,13.948717948717949,1,logistic_regression,39,108867,6400,39,16,4c9bed99296e455f,19,success,fine,6400,0,0.7418869324028492
32,0.03550083003938198,1,0.024838441982865334,30.8,26,logistic_regression,5,108867,6400,5,32,4c9bed99296e455f,19,success,coarse,6400,0,0.204942568205297
32,0.6114695481956005,1,0.05137740075588226,25.94871794871795,1,logistic_regression,39,108867,6400,39,32,4c9bed99296e455f,19,success,fine,6400,0,0.8089516339823604
8,0.040210832841694355,1,0.026129907928407192,8.0,8,logistic_regression,5,108867,6400,5,8,4c9bed99296e455f,19,success,coarse,6400,0,0.18181180022656918
8,0.5711343670263886,1,0.05113884620368481,6.948717948717949,1,logistic_regression,39,108867,6400,39,8,4c9bed99296e455f,19,success,fine,6400,0,0.7464890899136662
16,0.01838496420532465,2,0.03771143592894077,15.0,11,logistic_regression,5,148259,3200,5,16,4c9bed99296e455f,0,success,coarse,3200,0,0.21758791245520115
16,0.17968169506639242,2,0.07368141319602728,13.282051282051283,1,logistic_regression,39,148259,3200,39,16,4c9bed99296e455f,0,success,fine,3200,0,0.4136997452005744
32,0.02653596829622984,2,0.03546892944723368,27.8,11,logistic_regression,5,148259,3200,5,32,4c9bed99296e455f,0,success,coarse,3200,0,0.24734002072364092
32,0.18320376053452492,2,0.07394879311323166,22.025641025641026,1,logistic_regression,39,148259,3200,39,32,4c9bed99296e455f,0,success,fine,3200,0,0.4377728495746851
8,0.020618128590285778,2,0.04447318706661463,8.0,8,logistic_regression,5,148259,3200,5,8,4c9bed99296e455f,0,success,coarse,3200,0,0.20895325671881437
8,0.1965109994634986,2,0.34207555186003447,7.153846153846154,1,logistic_regression,39,148259,3200,39,8,4c9bed99296e455f,0,success,fine,3200,0,0.6952309273183346
16,0.04383284039795399,2,0.03598314709961414,15.8,15,logistic_regression,5,148259,6400,5,16,4c9bed99296e455f,0,success,coarse,6400,0,0.23695147782564163
16,0.5346053391695023,2,0.06981988996267319,14.205128205128204,1,logistic_regression,39,148259,6400,39,16,4c9bed99296e455f,0,success,fine,6400,0,0.7548747127875686
32,0.04219336435198784,2,0.03663197532296181,29.8,21,logistic_regression,5,148259,6400,5,32,4c9bed99296e455f,0,success,coarse,6400,0,0.2582599250599742
32,0.5745416255667806,2,0.07537779491394758,26.28205128205128,1,logistic_regression,39,148259,6400,39,32,4c9bed99296e455f,0,success,fine,6400,0,0.8245752360671759
8,0.04647047631442547,2,0.03466111421585083,8.0,8,logistic_regression,5,148259,6400,5,8,4c9bed99296e455f,0,success,coarse,6400,0,0.2420154446735978
8,0.55846559535712,2,0.0861617773771286,7.282051282051282,1,logistic_regression,39,148259,6400,39,8,4c9bed99296e455f,0,success,fine,6400,0,0.7901568841189146
16,0.031027191318571568,2,0.036411465145647526,15.8,15,logistic_regression,5,148259,3200,5,16,4c9bed99296e455f,1,success,coarse,3200,0,0.22328345105051994
16,0.20397212263196707,2,0.0700556430965662,13.384615384615385,1,logistic_regression,39,148259,3200,39,16,4c9bed99296e455f,1,success,fine,3200,0,0.5233265589922667
32,0.03198179602622986,2,0.034641385078430176,28.6,15,logistic_regression,5,148259,3200,5,32,4c9bed99296e455f,1,success,coarse,3200,0,0.24191453400999308
32,0.21538949105888605,2,0.07489759661257267,21.846153846153847,1,logistic_regression,39,148259,3200,39,32,4c9bed99296e455f,1,success,fine,3200,0,0.4610084732994437
8,0.019958644174039364,2,0.036290465854108334,8.0,8,logistic_regression,5,148259,3200,5,8,4c9bed99296e455f,1,success,coarse,3200,0,0.19927883986383677
8,0.2330633755773306,2,0.07138427440077066,7.333333333333333,1,logistic_regression,39,148259,3200,39,8,4c9bed99296e455f,1,success,fine,3200,0,0.4536658152937889
16,0.04206194821745157,2,0.034657107666134834,16.0,16,logistic_regression,5,148259,6400,5,16,4c9bed99296e455f,1,success,coarse,6400,0,0.22966501396149397
16,0.6617646859958768,2,0.07007503136992455,14.333333333333334,2,logistic_regression,39,148259,6400,39,16,4c9bed99296e455f,1,success,fine,6400,0,0.8824889389798045
32,0.043628716841340065,2,0.03917043283581734,31.4,29,logistic_regression,5,148259,6400,5,32,4c9bed99296e455f,1,success,coarse,6400,0,0.253912128508091
32,0.5648089116439223,2,0.07225905172526836,26.666666666666668,2,logistic_regression,39,148259,6400,39,32,4c9bed99296e455f,1,success,fine,6400,0,0.8049814347177744
8,0.039825149811804295,2,0.034603238105773926,8.0,8,logistic_regression,5,148259,6400,5,8,4c9bed99296e455f,1,success,coarse,6400,0,0.21222002245485783
8,0.5108245117589831,2,0.07111314125359058,7.461538461538462,2,logistic_regression,39,148259,6400,39,8,4c9bed99296e455f,1,success,fine,6400,0,0.7299771681427956
16,0.016430579125881195,2,0.03480900451540947,16.0,16,logistic_regression,5,148259,3200,5,16,4c9bed99296e455f,2,success,coarse,3200,0,0.20103001222014427
16,0.22626947704702616,2,0.07059185300022364,13.384615384615385,1,logistic_regression,39,148259,3200,39,16,4c9bed99296e455f,2,success,fine,3200,0,0.44773816876113415
32,0.02240027766674757,2,0.03697386663407087,29.4,19,logistic_regression,5,148259,3200,5,32,4c9bed99296e455f,2,success,coarse,3200,0,0.23541734740138054
32,0.20060899388045073,2,0.07036275137215853,22.128205128205128,1,logistic_regression,39,148259,3200,39,32,4c9bed99296e455f,2,success,fine,3200,0,0.4429869093000889
8,0.020536746829748154,2,0.03463149908930063,8.0,8,logistic_regression,5,148259,3200,5,8,4c9bed99296e455f,2,success,coarse,3200,0,0.19275369215756655
8,0.20262704603374004,2,0.07852823659777641,7.17948717948718,1,logistic_regression,39,148259,3200,39,8,4c9bed99296e455f,2,success,fine,3200,0,0.42647201474756
16,0.04025755636394024,2,0.034738400019705296,16.0,16,logistic_regression,5,148259,6400,5,16,4c9bed99296e455f,2,success,coarse,6400,0,0.2298627207055688
16,0.6154992561787367,2,0.0698730694130063,14.282051282051283,1,logistic_regression,39,148259,6400,39,16,4c9bed99296e455f,2,success,fine,6400,0,0.8367576645687222
32,0.040028554387390614,2,0.03415191452950239,32.0,32,logistic_regression,5,148259,6400,5,32,4c9bed99296e455f,2,success,coarse,6400,0,0.25272007938474417
32,0.5982947424054146,2,0.07195959333330393,26.41025641025641,1,logistic_regression,39,148259,6400,39,32,4c9bed99296e455f,2,success,fine,6400,0,0.845339891500771
8,0.038714283145964146,2,0.03602757304906845,8.0,8,logistic_regression,5,148259,6400,5,8,4c9bed99296e455f,2,success,coarse,6400,0,0.20924051478505135
8,0.6396856689825654,2,0.07180474326014519,7.230769230769231,1,logistic_regression,39,148259,6400,39,8,4c9bed99296e455f,2,success,fine,6400,0,0.8556764451786876
16,0.035590922459959984,2,0.034942944534122944,15.0,11,logistic_regression,5,148259,3200,5,16,4c9bed99296e455f,3,success,coarse,3200,0,0.2160091558471322
16,0.21111081633716822,2,0.07147323805838823,13.435897435897436,1,logistic_regression,39,148259,3200,39,16,4c9bed99296e455f,3,success,fine,3200,0,0.4282023161649704
32,0.03845178056508303,2,0.03519078437238932,27.8,11,logistic_regression,5,148259,3200,5,32,4c9bed99296e455f,3,success,coarse,3200,0,0.24071094766259193
32,0.16909546870738268,2,0.07357831858098507,23.0,1,logistic_regression,39,148259,3200,39,32,4c9bed99296e455f,3,success,fine,3200,0,0.40861853305250406
8,0.021272744983434677,2,0.03422773815691471,8.0,8,logistic_regression,5,148259,3200,5,8,4c9bed99296e455f,3,success,coarse,3200,0,0.1894208686426282
8,0.24557936284691095,2,0.07234407775104046,7.17948717948718,1,logistic_regression,39,148259,3200,39,8,4c9bed99296e455f,3,success,fine,3200,0,0.4505020836368203
16,0.05825133714824915,2,0.03480905573815107,16.0,16,logistic_regression,5,148259,6400,5,16,4c9bed99296e455f,3,success,coarse,6400,0,0.23618517257273197
16,0.5746251801028848,2,0.07704601343721151,14.205128205128204,1,logistic_regression,39,148259,6400,39,16,4c9bed99296e455f,3,success,fine,6400,0,0.8289259364828467
32,0.10018818732351065,2,0.03571443445980549,29.8,21,logistic_regression,5,148259,6400,5,32,4c9bed99296e455f,3,success,coarse,6400,0,0.3205912010744214
32,0.4667702103033662,2,0.07866439875215292,26.692307692307693,1,logistic_regression,39,148259,6400,39,32,4c9bed99296e455f,3,success,fine,6400,0,0.7185648269951344
8,0.04855018015950918,2,0.03457147069275379,8.0,8,logistic_regression,5,148259,6400,5,8,4c9bed99296e455f,3,success,coarse,6400,0,0.21869554370641708
8,0.5761529803276062,2,0.07131999917328358,7.410256410256411,1,logistic_regression,39,148259,6400,39,8,4c9bed99296e455f,3,success,fine,6400,0,0.7858618842437863
16,0.018224135041236877,2,0.0352151608094573,16.0,16,logistic_regression,5,148259,3200,5,16,4c9bed99296e455f,4,success,coarse,3200,0,0.20903330575674772
16,0.20638231839984655,2,0.0763655686751008,13.692307692307692,1,logistic_regression,39,148259,3200,39,16,4c9bed99296e455f,4,success,fine,3200,0,0.4349697148427367
32,0.022522619925439358,2,0.036444163881242275,28.8,16,logistic_regression,5,148259,3200,5,32,4c9bed99296e455f,4,success,coarse,3200,0,0.2371748397126794
32,0.18682467471808195,2,0.07240651082247496,22.794871794871796,1,logistic_regression,39,148259,3200,39,32,4c9bed99296e455f,4,success,fine,3200,0,0.42786477133631706
8,0.01857809256762266,2,0.03690916858613491,8.0,8,logistic_regression,5,148259,3200,5,8,4c9bed99296e455f,4,success,coarse,3200,0,0.20924549270421267
8,0.2668615812435746,2,0.0715935667976737,7.3076923076923075,1,logistic_regression,39,148259,3200,39,8,4c9bed99296e455f,4,success,fine,3200,0,0.4850583113729954
16,0.0444795461371541,2,0.03764755092561245,16.0,16,logistic_regression,5,148259,6400,5,16,4c9bed99296e455f,4,success,coarse,6400,0,0.2367026461288333
16,0.6089189052581787,2,0.07122884318232536,14.487179487179487,2,logistic_regression,39,148259,6400,39,16,4c9bed99296e455f,4,success,fine,6400,0,0.8272576965391636
32,0.03196022380143404,2,0.036850460804998875,31.8,31,logistic_regression,5,148259,6400,5,32,4c9bed99296e455f,4,success,coarse,6400,0,0.24462634045630693
32,0.6709449253976345,2,0.0717799449339509,27.23076923076923,2,logistic_regression,39,148259,6400,39,32,4c9bed99296e455f,4,success,fine,6400,0,0.909230463206768
8,0.0319256316870451,2,0.03606140334159136,8.0,8,logistic_regression,5,148259,6400,5,8,4c9bed99296e455f,4,success,coarse,6400,0,0.20959496404975653
8,0.5546999853104353,2,0.07742870505899191,7.435897435897436,2,logistic_regression,39,148259,6400,39,8,4c9bed99296e455f,4,success,fine,6400,0,0.7800049344077706
16,0.028490866534411907,2,0.034728274680674076,16.0,16,logistic_regression,5,148259,3200,5,16,4c9bed99296e455f,5,success,coarse,3200,0,0.21217128820717335
16,0.17937868181616068,2,0.07267828565090895,13.794871794871796,1,logistic_regression,39,148259,3200,39,16,4c9bed99296e455f,5,success,fine,3200,0,0.402457638643682
32,0.026773422956466675,2,0.03702375013381243,29.6,20,logistic_regression,5,148259,3200,5,32,4c9bed99296e455f,5,success,coarse,3200,0,0.2305189287289977
32,0.22773614525794983,2,0.07417921628803015,23.41025641025641,1,logistic_regression,39,148259,3200,39,32,4c9bed99296e455f,5,success,fine,3200,0,0.46745790634304285
8,0.032022145576775074,2,0.03651423845440149,8.0,8,logistic_regression,5,148259,3200,5,8,4c9bed99296e455f,5,success,coarse,3200,0,0.20934226736426353
8,0.20385442674160004,2,0.07367179915308952,7.358974358974359,1,logistic_regression,39,148259,3200,39,8,4c9bed99296e455f,5,success,fine,3200,0,0.41726248152554035
16,0.04188946168869734,2,0.03567221201956272,16.0,16,logistic_regression,5,148259,6400,5,16,4c9bed99296e455f,5,success,coarse,6400,0,0.22759391274303198
16,0.5582924149930477,2,0.07334790471941233,14.64102564102564,1,logistic_regression,39,148259,6400,39,16,4c9bed99296e455f,5,success,fine,6400,0,0.7834562733769417
32,0.04387659579515457,2,0.03657782357186079,32.0,32,logistic_regression,5,148259,6400,5,32,4c9bed99296e455f,5,success,coarse,6400,0,0.24682230688631535
32,0.6664018146693707,2,0.07138090953230858,27.102564102564102,1,logistic_regression,39,148259,6400,39,32,4c9bed99296e455f,5,success,fine,6400,0,0.9111928306519985
8,0.04773837886750698,2,0.03783607296645641,8.0,8,logistic_regression,5,148259,6400,5,8,4c9bed99296e455f,5,success,coarse,6400,0,0.22581788338720798
8,0.6267512375488877,2,0.07689878344535828,7.435897435897436,1,logistic_regression,39,148259,6400,39,8,4c9bed99296e455f,5,success,fine,6400,0,0.8445270266383886
16,0.03175017982721329,2,0.03596430737525225,16.0,16,logistic_regression,5,148259,3200,5,16,4c9bed99296e455f,6,success,coarse,3200,0,0.21255386900156736
16,0.19950801134109497,2,0.07259946782141924,13.128205128205128,1,logistic_regression,39,148259,3200,39,16,4c9bed99296e455f,6,success,fine,3200,0,0.416388806886971
32,0.037205842323601246,2,0.035347999073565006,28.8,16,logistic_regression,5,148259,3200,5,32,4c9bed99296e455f,6,success,coarse,3200,0,0.2405830156058073
32,0.18587730918079615,2,0.07168334256857634,21.974358974358974,1,logistic_regression,39,148259,3200,39,32,4c9bed99296e455f,6,success,fine,3200,0,0.4199626697227359
8,0.03135461825877428,2,0.0352949695661664,8.0,8,logistic_regression,5,148259,3200,5,8,4c9bed99296e455f,6,success,coarse,3200,0,0.20100113935768604
8,0.23376313876360655,2,0.07079621683806181,7.282051282051282,1,logistic_regression,39,148259,3200,39,8,4c9bed99296e455f,6,success,fine,3200,0,0.44102813582867384
16,0.07006082031875849,2,0.03675747197121382,16.0,16,logistic_regression,5,148259,6400,5,16,4c9bed99296e455f,6,success,coarse,6400,0,0.24766142759472132
16,0.56309858802706,2,0.07071630842983723,14.333333333333334,1,logistic_regression,39,148259,6400,39,16,4c9bed99296e455f,6,success,fine,6400,0,0.7799939662218094
32,0.06990882381796837,2,0.036693425849080086,31.8,31,logistic_regression,5,148259,6400,5,32,4c9bed99296e455f,6,success,coarse,6400,0,0.2692834557965398
32,0.6375318327918649,2,0.07049681060016155,26.05128205128205,1,logistic_regression,39,148259,6400,39,32,4c9bed99296e455f,6,success,fine,6400,0,0.8721366384997964
8,0.04387529380619526,2,0.0350683918222785,8.0,8,logistic_regression,5,148259,6400,5,8,4c9bed99296e455f,6,success,coarse,6400,0,0.20951923076063395
8,0.5341954166069627,2,0.07059332448989153,7.410256410256411,1,logistic_regression,39,148259,6400,39,8,4c9bed99296e455f,6,success,fine,6400,0,0.742489779368043
16,0.0226790439337492,2,0.035572994500398636,15.2,12,logistic_regression,5,148259,3200,5,16,4c9bed99296e455f,7,success,coarse,3200,0,0.21258914098143578
16,0.26732918806374073,2,0.0707514202222228,13.307692307692308,1,logistic_regression,39,148259,3200,39,16,4c9bed99296e455f,7,success,fine,3200,0,0.48994392063468695
32,0.019336995668709278,2,0.035733855329453945,28.0,12,logistic_regression,5,148259,3200,5,32,4c9bed99296e455f,7,success,coarse,3200,0,0.22103393450379372
32,0.20473935641348362,2,0.07053335476666689,22.153846153846153,1,logistic_regression,39,148259,3200,39,32,4c9bed99296e455f,7,success,fine,3200,0,0.4427671302109957
8,0.024925336241722107,2,0.03524485509842634,7.8,7,logistic_regression,5,148259,3200,5,8,4c9bed99296e455f,7,success,coarse,3200,0,0.19993698131293058
8,0.2460473794490099,2,0.0706187030300498,7.17948717948718,1,logistic_regression,39,148259,3200,39,8,4c9bed99296e455f,7,success,fine,3200,0,0.4586742576211691
16,0.05041666608303785,2,0.03530919086188078,15.8,15,logistic_regression,5,148259,6400,5,16,4c9bed99296e455f,7,success,coarse,6400,0,0.23835524171590805
16,0.7746921740472317,2,0.07754263561218977,14.102564102564102,1,logistic_regression,39,148259,6400,39,16,4c9bed99296e455f,7,success,fine,6400,0,1.006966119632125
32,0.04858579393476248,2,0.035913823172450066,30.0,22,logistic_regression,5,148259,6400,5,32,4c9bed99296e455f,7,success,coarse,6400,0,0.2538971733301878
32,0.7133472207933664,2,0.07187349442392588,26.256410256410255,1,logistic_regression,39,148259,6400,39,32,4c9bed99296e455f,7,success,fine,6400,0,0.9531199270859361
8,0.046853628009557724,2,0.035017745569348335,7.8,7,logistic_regression,5,148259,6400,5,8,4c9bed99296e455f,7,success,coarse,6400,0,0.22512209508568048
8,0.5818697102367878,2,0.0715347696095705,7.3076923076923075,1,logistic_regression,39,148259,6400,39,8,4c9bed99296e455f,7,success,fine,6400,0,0.7969575803726912
16,0.022768757306039333,2,0.036976288072764874,16.0,16,logistic_regression,5,148259,3200,5,16,4c9bed99296e455f,8,success,coarse,3200,0,0.2056780382990837
16,0.201401736587286,2,0.07095415331423283,13.743589743589743,2,logistic_regression,39,148259,3200,39,16,4c9bed99296e455f,8,success,fine,3200,0,0.4229015652090311
32,0.020159443840384483,2,0.03543110378086567,28.8,16,logistic_regression,5,148259,3200,5,32,4c9bed99296e455f,8,success,coarse,3200,0,0.21750362496823072
32,0.18269660416990519,2,0.07349712774157524,22.384615384615383,2,logistic_regression,39,148259,3200,39,32,4c9bed99296e455f,8,success,fine,3200,0,0.42304208502173424
8,0.020844806917011738,2,0.035294899716973305,8.0,8,logistic_regression,5,148259,3200,5,8,4c9bed99296e455f,8,success,coarse,3200,0,0.1971824299544096
8,0.20041682664304972,2,0.07122139260172844,7.256410256410256,2,logistic_regression,39,148259,3200,39,8,4c9bed99296e455f,8,success,fine,3200,0,0.4141281330958009
16,0.04962459299713373,2,0.03578738495707512,16.0,16,logistic_regression,5,148259,6400,5,16,4c9bed99296e455f,8,success,coarse,6400,0,0.24473139643669128
16,0.6359539683908224,2,0.07303398661315441,14.333333333333334,2,logistic_regression,39,148259,6400,39,16,4c9bed99296e455f,8,success,fine,6400,0,0.8589616073295474
32,0.035278335213661194,2,0.03624703083187342,31.6,30,logistic_regression,5,148259,6400,5,32,4c9bed99296e455f,8,success,coarse,6400,0,0.23939350061118603
32,0.5516971135511994,2,0.07311100140213966,27.205128205128204,2,logistic_regression,39,148259,6400,39,32,4c9bed99296e455f,8,success,fine,6400,0,0.7940832190215588
8,0.03691435605287552,2,0.03608631156384945,8.0,8,logistic_regression,5,148259,6400,5,8,4c9bed99296e455f,8,success,coarse,6400,0,0.21262776851654053
8,0.5176272820681334,2,0.07400340307503939,7.333333333333333,2,logistic_regression,39,148259,6400,39,8,4c9bed99296e455f,8,success,fine,6400,0,0.7353725479915738
16,0.02100521605461836,2,0.03470946568995714,16.0,16,logistic_regression,5,148259,3200,5,16,4c9bed99296e455f,9,success,coarse,3200,0,0.20330814085900784
16,0.22233370784670115,2,0.07459600176662207,13.948717948717949,1,logistic_regression,39,148259,3200,39,16,4c9bed99296e455f,9,success,fine,3200,0,0.4436541246250272
32,0.021969560533761978,2,0.03696668706834316,30.4,24,logistic_regression,5,148259,3200,5,32,4c9bed99296e455f,9,success,coarse,3200,0,0.23737716302275658
32,0.22857882734388113,2,0.07040759827941656,24.102564102564102,1,logistic_regression,39,148259,3200,39,32,4c9bed99296e455f,9,success,fine,3200,0,0.4675312200561166
8,0.023857041262090206,2,0.035741967149078846,8.0,8,logistic_regression,5,148259,3200,5,8,4c9bed99296e455f,9,success,coarse,3200,0,0.19907806999981403
8,0.19185389764606953,2,0.0720168799161911,7.410256410256411,1,logistic_regression,39,148259,3200,39,8,4c9bed99296e455f,9,success,fine,3200,0,0.3948067184537649
16,0.04195987153798342,2,0.03557505365461111,16.0,16,logistic_regression,5,148259,6400,5,16,4c9bed99296e455f,9,success,coarse,6400,0,0.22703479789197445
16,0.5302945375442505,2,0.07095390278846025,14.666666666666666,2,logistic_regression,39,148259,6400,39,16,4c9bed99296e455f,9,success,fine,6400,0,0.7497225664556026
32,0.05055526550859213,2,0.03522782493382692,32.0,32,logistic_regression,5,148259,6400,5,32,4c9bed99296e455f,9,success,coarse,6400,0,0.2557060196995735
32,0.5402369815856218,2,0.07057148404419422,27.846153846153847,2,logistic_regression,39,148259,6400,39,32,4c9bed99296e455f,9,success,fine,6400,0,0.7768782712519169
8,0.04038166906684637,2,0.035003951750695705,8.0,8,logistic_regression,5,148259,6400,5,8,4c9bed99296e455f,9,success,coarse,6400,0,0.21298793610185385
8,0.5490449769422412,2,0.07069604936987162,7.461538461538462,1,logistic_regression,39,148259,6400,39,8,4c9bed99296e455f,9,success,fine,6400,0,0.758375552482903
16,0.0314785772934556,2,0.03457271866500378,16.0,16,logistic_regression,5,148259,3200,5,16,4c9bed99296e455f,10,success,coarse,3200,0,0.21624475624412298
16,0.25573574658483267,2,0.07072771713137627,13.846153846153847,1,logistic_regression,39,148259,3200,39,16,4c9bed99296e455f,10,success,fine,3200,0,0.4758863849565387
32,0.03162837028503418,2,0.03540043253451586,28.8,16,logistic_regression,5,148259,3200,5,32,4c9bed99296e455f,10,success,coarse,3200,0,0.23308199644088745
32,0.17940658144652843,2,0.07050368469208479,23.384615384615383,1,logistic_regression,39,148259,3200,39,32,4c9bed99296e455f,10,success,fine,3200,0,0.41632875241339207
8,0.015633235685527325,2,0.036423067562282085,8.0,8,logistic_regression,5,148259,3200,5,8,4c9bed99296e455f,10,success,coarse,3200,0,0.19495137222111225
8,0.20906086545437574,2,0.07129889819771051,7.282051282051282,1,logistic_regression,39,148259,3200,39,8,4c9bed99296e455f,10,success,fine,3200,0,0.42339427024126053
16,0.04212169349193573,2,0.03513769246637821,16.0,16,logistic_regression,5,148259,6400,5,16,4c9bed99296e455f,10,success,coarse,6400,0,0.2266804249957204
16,0.4549131942912936,2,0.07249124627560377,14.41025641025641,1,logistic_regression,39,148259,6400,39,16,4c9bed99296e455f,10,success,fine,6400,0,0.6801121924072504
32,0.042077988386154175,2,0.03534215688705444,31.8,31,logistic_regression,5,148259,6400,5,32,4c9bed99296e455f,10,success,coarse,6400,0,0.2449736874550581
32,0.6140293311327696,2,0.07074561435729265,27.58974358974359,1,logistic_regression,39,148259,6400,39,32,4c9bed99296e455f,10,success,fine,6400,0,0.8541296133771539
8,0.037498852238059044,2,0.036531719379127026,8.0,8,logistic_regression,5,148259,6400,5,8,4c9bed99296e455f,10,success,coarse,6400,0,0.21960347425192595
8,0.4867381751537323,2,0.07133310008794069,7.358974358974359,1,logistic_regression,39,148259,6400,39,8,4c9bed99296e455f,10,success,fine,6400,0,0.7035506293177605
16,0.02179188560694456,2,0.0345882223919034,15.8,15,logistic_regression,5,148259,3200,5,16,4c9bed99296e455f,11,success,coarse,3200,0,0.2039701221510768
16,0.1853532586246729,2,0.07195979543030262,13.076923076923077,1,logistic_regression,39,148259,3200,39,16,4c9bed99296e455f,11,success,fine,3200,0,0.4061468215659261
32,0.01701374351978302,2,0.035461053252220154,28.6,15,logistic_regression,5,148259,3200,5,32,4c9bed99296e455f,11,success,coarse,3200,0,0.21511450596153736
32,0.26672794949263334,2,0.07059177663177252,21.17948717948718,1,logistic_regression,39,148259,3200,39,32,4c9bed99296e455f,11,success,fine,3200,0,0.5051790475845337
8,0.0168496398255229,2,0.03665769845247269,8.0,8,logistic_regression,5,148259,3200,5,8,4c9bed99296e455f,11,success,coarse,3200,0,0.19450070522725582
8,0.17898179963231087,2,0.07225688826292753,7.051282051282051,1,logistic_regression,39,148259,3200,39,8,4c9bed99296e455f,11,success,fine,3200,0,0.38622414879500866
16,0.03694981336593628,2,0.034937783144414425,16.0,16,logistic_regression,5,148259,6400,5,16,4c9bed99296e455f,11,success,coarse,6400,0,0.2246524365618825
16,0.5175537886098027,2,0.07247478421777487,14.153846153846153,1,logistic_regression,39,148259,6400,39,16,4c9bed99296e455f,11,success,fine,6400,0,0.7366056768223643
32,0.03853368666023016,2,0.035489656031131744,31.4,29,logistic_regression,5,148259,6400,5,32,4c9bed99296e455f,11,success,coarse,6400,0,0.24464029632508755
32,0.5658117532730103,2,0.07035007607191801,25.94871794871795,1,logistic_regression,39,148259,6400,39,32,4c9bed99296e455f,11,success,fine,6400,0,0.8032637238502502
8,0.038513305597007275,2,0.0349890710785985,8.0,8,logistic_regression,5,148259,6400,5,8,4c9bed99296e455f,11,success,coarse,6400,0,0.21082439180463552
8,0.5693437242880464,2,0.07056783139705658,7.205128205128205,1,logistic_regression,39,148259,6400,39,8,4c9bed99296e455f,11,success,fine,6400,0,0.7814858909696341
16,0.03814633749425411,2,0.0368042578920722,15.6,14,logistic_regression,5,148259,3200,5,16,4c9bed99296e455f,12,success,coarse,3200,0,0.2230155598372221
16,0.2005024179816246,2,0.07351123914122581,13.307692307692308,1,logistic_regression,39,148259,3200,39,16,4c9bed99296e455f,12,success,fine,3200,0,0.423907189629972
32,0.036734032444655895,2,0.03488664887845516,28.4,14,logistic_regression,5,148259,3200,5,32,4c9bed99296e455f,12,success,coarse,3200,0,0.24243895802646875
32,0.27635290566831827,2,0.0740788271650672,21.307692307692307,1,logistic_regression,39,148259,3200,39,32,4c9bed99296e455f,12,success,fine,3200,0,0.5217022821307182
8,0.03306958917528391,2,0.03591103572398424,8.0,8,logistic_regression,5,148259,3200,5,8,4c9bed99296e455f,12,success,coarse,3200,0,0.2067226292565465
8,0.23511395510286093,2,0.07314670644700527,7.051282051282051,1,logistic_regression,39,148259,3200,39,8,4c9bed99296e455f,12,success,fine,3200,0,0.44103082455694675
16,0.04357818607240915,2,0.036455308087170124,16.0,16,logistic_regression,5,148259,6400,5,16,4c9bed99296e455f,12,success,coarse,6400,0,0.22399877849966288
16,0.6017764722928405,2,0.07067454233765602,14.128205128205128,1,logistic_regression,39,148259,6400,39,16,4c9bed99296e455f,12,success,fine,6400,0,0.8158788662403822
32,0.0719715254381299,2,0.03683443367481232,31.0,27,logistic_regression,5,148259,6400,5,32,4c9bed99296e455f,12,success,coarse,6400,0,0.2788384249433875
32,0.515096110291779,2,0.07042047288268805,26.256410256410255,1,logistic_regression,39,148259,6400,39,32,4c9bed99296e455f,12,success,fine,6400,0,0.7566364919766784
8,0.0454002832993865,2,0.035659090615808964,8.0,8,logistic_regression,5,148259,6400,5,8,4c9bed99296e455f,12,success,coarse,6400,0,0.21813332196325064
8,0.5481863357126713,2,0.0723108109086752,7.256410256410256,1,logistic_regression,39,148259,6400,39,8,4c9bed99296e455f,12,success,fine,6400,0,0.7588767232373357
16,0.036265404894948006,2,0.03465772792696953,16.0,16,logistic_regression,5,148259,3200,5,16,4c9bed99296e455f,13,success,coarse,3200,0,0.2325955769047141
16,0.18901110999286175,2,0.07029443606734276,13.384615384615385,1,logistic_regression,39,148259,3200,39,16,4c9bed99296e455f,13,success,fine,3200,0,0.408305118791759
32,0.030103578232228756,2,0.03462402801960707,29.2,18,logistic_regression,5,148259,3200,5,32,4c9bed99296e455f,13,success,coarse,3200,0,0.23098453599959612
32,0.22395535744726658,2,0.07029347587376833,22.128205128205128,1,logistic_regression,39,148259,3200,39,32,4c9bed99296e455f,13,success,fine,3200,0,0.4554176162928343
8,0.027816468849778175,2,0.0364336958155036,8.0,8,logistic_regression,5,148259,3200,5,8,4c9bed99296e455f,13,success,coarse,3200,0,0.20090218726545572
8,0.18740816973149776,2,0.07118640560656786,7.3076923076923075,1,logistic_regression,39,148259,3200,39,8,4c9bed99296e455f,13,success,fine,3200,0,0.3953171242028475
16,0.03874158579856157,2,0.03617407940328121,16.0,16,logistic_regression,5,148259,6400,5,16,4c9bed99296e455f,13,success,coarse,6400,0,0.22430167347192764
16,0.507994132116437,2,0.0706498371437192,14.538461538461538,2,logistic_regression,39,148259,6400,39,16,4c9bed99296e455f,13,success,fine,6400,0,0.7302292166277766
32,0.04198988899588585,2,0.03693306166678667,32.0,32,logistic_regression,5,148259,6400,5,32,4c9bed99296e455f,13,success,coarse,6400,0,0.24620984680950642
32,0.5639839749783278,2,0.07028599549084902,26.358974358974358,2,logistic_regression,39,148259,6400,39,32,4c9bed99296e455f,13,success,fine,6400,0,0.8006415721029043
8,0.04208484198898077,2,0.035912939347326756,8.0,8,logistic_regression,5,148259,6400,5,8,4c9bed99296e455f,13,success,coarse,6400,0,0.217035461217165
8,0.4985907105728984,2,0.07057740818709135,7.461538461538462,2,logistic_regression,39,148259,6400,39,8,4c9bed99296e455f,13,success,fine,6400,0,0.7070567170158029
16,0.021977233700454235,2,0.034364121966063976,16.0,16,logistic_regression,5,148259,3200,5,16,4c9bed99296e455f,14,success,coarse,3200,0,0.20116810034960508
16,0.18832199927419424,2,0.07041015941649675,13.794871794871796,1,logistic_regression,39,148259,3200,39,16,4c9bed99296e455f,14,success,fine,3200,0,0.40169734600931406
32,0.02919667772948742,2,0.035427206195890903,30.2,23,logistic_regression,5,148259,3200,5,32,4c9bed99296e455f,14,success,coarse,3200,0,0.22992370836436749
32,0.19278859719634056,2,0.07297514472156763,22.794871794871796,1,logistic_regression,39,148259,3200,39,32,4c9bed99296e455f,14,success,fine,3200,0,0.4317301604896784
8,0.021315768361091614,2,0.034522807225584984,8.0,8,logistic_regression,5,148259,3200,5,8,4c9bed99296e455f,14,success,coarse,3200,0,0.19112820085138083
8,0.16631814278662205,2,0.070823616348207,7.333333333333333,1,logistic_regression,39,148259,3200,39,8,4c9bed99296e455f,14,success,fine,3200,0,0.3726534154266119
16,0.053892926312983036,2,0.036363571882247925,16.0,16,logistic_regression,5,148259,6400,5,16,4c9bed99296e455f,14,success,coarse,6400,0,0.23564373888075352
16,0.4982874719426036,2,0.07260986045002937,14.538461538461538,2,logistic_regression,39,148259,6400,39,16,4c9bed99296e455f,14,success,fine,6400,0,0.7185322046279907
32,0.050108074210584164,2,0.03623874671757221,32.0,32,logistic_regression,5,148259,6400,5,32,4c9bed99296e455f,14,success,coarse,6400,0,0.24844939168542624
32,0.5766947381198406,2,0.07042624615132809,27.358974358974358,2,logistic_regression,39,148259,6400,39,32,4c9bed99296e455f,14,success,fine,6400,0,0.815869071520865
8,0.047022271901369095,2,0.035181520506739616,8.0,8,logistic_regression,5,148259,6400,5,8,4c9bed99296e455f,14,success,coarse,6400,0,0.21811942290514708
8,0.5390535360202193,2,0.07114464603364468,7.384615384615385,2,logistic_regression,39,148259,6400,39,8,4c9bed99296e455f,14,success,fine,6400,0,0.7431541504338384
16,0.02015513926744461,2,0.034587095491588116,14.2,7,logistic_regression,5,148259,3200,5,16,4c9bed99296e455f,15,success,coarse,3200,0,0.20391801372170448
16,0.19498600717633963,2,0.07081033755093813,12.820512820512821,1,logistic_regression,39,148259,3200,39,16,4c9bed99296e455f,15,success,fine,3200,0,0.41560180485248566
32,0.018352219834923744,2,0.0356243709102273,27.0,7,logistic_regression,5,148259,3200,5,32,4c9bed99296e455f,15,success,coarse,3200,0,0.22596033569425344
32,0.19294937141239643,2,0.07063889317214489,21.94871794871795,1,logistic_regression,39,148259,3200,39,32,4c9bed99296e455f,15,success,fine,3200,0,0.43114666175097227
8,0.023752701468765736,2,0.036315602250397205,7.8,7,logistic_regression,5,148259,3200,5,8,4c9bed99296e455f,15,success,coarse,3200,0,0.19827306549996138
8,0.21097033750265837,2,0.07282031513750553,6.948717948717949,1,logistic_regression,39,148259,3200,39,8,4c9bed99296e455f,15,success,fine,3200,0,0.42469191644340754
16,0.04524311237037182,2,0.03454546257853508,15.6,14,logistic_regression,5,148259,6400,5,16,4c9bed99296e455f,15,success,coarse,6400,0,0.23101053666323423
16,0.6229449724778533,2,0.07226489670574665,13.76923076923077,1,logistic_regression,39,148259,6400,39,16,4c9bed99296e455f,15,success,fine,6400,0,0.8418009988963604
32,0.04190930165350437,2,0.0356128653511405,28.4,14,logistic_regression,5,148259,6400,5,32,4c9bed99296e455f,15,success,coarse,6400,0,0.2493670955300331
32,0.6145606646314263,2,0.07557006645947695,25.333333333333332,1,logistic_regression,39,148259,6400,39,32,4c9bed99296e455f,15,success,fine,6400,0,0.8662974135950208
8,0.05424273852258921,2,0.03659005090594292,7.8,7,logistic_regression,5,148259,6400,5,8,4c9bed99296e455f,15,success,coarse,6400,0,0.23077094927430153
8,0.665268637239933,2,0.07059510890394449,7.128205128205129,1,logistic_regression,39,148259,6400,39,8,4c9bed99296e455f,15,success,fine,6400,0,0.8754670778289437
16,0.019411809742450714,2,0.03656503465026617,15.0,11,logistic_regression,5,148259,3200,5,16,4c9bed99296e455f,16,success,coarse,3200,0,0.20866939052939415
16,0.19488571304827929,2,0.07038395386189222,13.205128205128204,1,logistic_regression,39,148259,3200,39,16,4c9bed99296e455f,16,success,fine,3200,0,0.4190400717779994
32,0.016669302247464657,2,0.03475848026573658,27.8,11,logistic_regression,5,148259,3200,5,32,4c9bed99296e455f,16,success,coarse,3200,0,0.22275738697499037
32,0.2520133526995778,2,0.07036750018596649,21.846153846153847,1,logistic_regression,39,148259,3200,39,32,4c9bed99296e455f,16,success,fine,3200,0,0.49437911342829466
8,0.015610001981258392,2,0.03508995473384857,8.0,8,logistic_regression,5,148259,3200,5,8,4c9bed99296e455f,16,success,coarse,3200,0,0.1933524962514639
8,0.27708818577229977,2,0.07048438396304846,7.205128205128205,1,logistic_regression,39,148259,3200,39,8,4c9bed99296e455f,16,success,fine,3200,0,0.4844433180987835
16,0.038692536763846874,2,0.03471839148551226,16.0,16,logistic_regression,5,148259,6400,5,16,4c9bed99296e455f,16,success,coarse,6400,0,0.22492582071572542
16,0.5529184238985181,2,0.07170175947248936,14.051282051282051,1,logistic_regression,39,148259,6400,39,16,4c9bed99296e455f,16,success,fine,6400,0,0.7768804579973221
32,0.04031557682901621,2,0.035199569538235664,29.6,20,logistic_regression,5,148259,6400,5,32,4c9bed99296e455f,16,success,coarse,6400,0,0.2523292684927583
32,0.6044672196730971,2,0.07066405285149813,26.076923076923077,1,logistic_regression,39,148259,6400,39,32,4c9bed99296e455f,16,success,fine,6400,0,0.8476746883243322
8,0.04364042356610298,2,0.035498664714396,8.0,8,logistic_regression,5,148259,6400,5,8,4c9bed99296e455f,16,success,coarse,6400,0,0.22258031275123358
8,0.535415287129581,2,0.07413819245994091,7.410256410256411,1,logistic_regression,39,148259,6400,39,8,4c9bed99296e455f,16,success,fine,6400,0,0.75348149985075
16,0.022178495302796364,2,0.03452400118112564,15.8,15,logistic_regression,5,148259,3200,5,16,4c9bed99296e455f,17,success,coarse,3200,0,0.20625851210206747
16,0.1657015448436141,2,0.07200996018946171,13.487179487179487,1,logistic_regression,39,148259,3200,39,16,4c9bed99296e455f,17,success,fine,3200,0,0.3871420221403241
32,0.02490478102117777,2,0.03452083840966225,28.6,15,logistic_regression,5,148259,3200,5,32,4c9bed99296e455f,17,success,coarse,3200,0,0.22775096632540226
32,0.2060599271208048,2,0.07090485282242298,22.615384615384617,1,logistic_regression,39,148259,3200,39,32,4c9bed99296e455f,17,success,fine,3200,0,0.44361632131040096
8,0.024637270718812943,2,0.035154642537236214,8.0,8,logistic_regression,5,148259,3200,5,8,4c9bed99296e455f,17,success,coarse,3200,0,0.1982107125222683
8,0.1590619059279561,2,0.07197313476353884,7.230769230769231,1,logistic_regression,39,148259,3200,39,8,4c9bed99296e455f,17,success,fine,3200,0,0.37078190967440605
16,0.04356011562049389,2,0.034935206174850464,16.0,16,logistic_regression,5,148259,6400,5,16,4c9bed99296e455f,17,success,coarse,6400,0,0.22808782942593098
16,0.4705541078001261,2,0.07149877864867449,14.41025641025641,1,logistic_regression,39,148259,6400,39,16,4c9bed99296e455f,17,success,fine,6400,0,0.6926285922527313
32,0.047248673625290394,2,0.03459105174988508,31.4,29,logistic_regression,5,148259,6400,5,32,4c9bed99296e455f,17,success,coarse,6400,0,0.2513402681797743
32,0.49272789899259806,2,0.07041994109749794,26.692307692307693,1,logistic_regression,39,148259,6400,39,32,4c9bed99296e455f,17,success,fine,6400,0,0.7331713708117604
8,0.0535731827840209,2,0.0349052594974637,8.0,8,logistic_regression,5,148259,6400,5,8,4c9bed99296e455f,17,success,coarse,6400,0,0.22745598666369915
8,0.5401489846408367,2,0.07313838321715593,7.333333333333333,1,logistic_regression,39,148259,6400,39,8,4c9bed99296e455f,17,success,fine,6400,0,0.7507260181009769
16,0.030033867806196213,2,0.0346834110096097,14.8,10,logistic_regression,5,148259,3200,5,16,4c9bed99296e455f,18,success,coarse,3200,0,0.2136948136612773
16,0.2875771364197135,2,0.0714111989364028,12.923076923076923,1,logistic_regression,39,148259,3200,39,16,4c9bed99296e455f,18,success,fine,3200,0,0.509224115870893
32,0.029015811160206795,2,0.03510340675711632,27.6,10,logistic_regression,5,148259,3200,5,32,4c9bed99296e455f,18,success,coarse,3200,0,0.2328858757391572
32,0.27103597670793533,2,0.07086261175572872,20.974358974358974,1,logistic_regression,39,148259,3200,39,32,4c9bed99296e455f,18,success,fine,3200,0,0.5139042856171727
8,0.031171344220638275,2,0.0378600163385272,8.0,8,logistic_regression,5,148259,3200,5,8,4c9bed99296e455f,18,success,coarse,3200,0,0.2085227109491825
8,0.21474082209169865,2,0.07034100405871868,7.102564102564102,1,logistic_regression,39,148259,3200,39,8,4c9bed99296e455f,18,success,fine,3200,0,0.43077955953776836
16,0.03675624169409275,2,0.03465561009943485,16.0,16,logistic_regression,5,148259,6400,5,16,4c9bed99296e455f,18,success,coarse,6400,0,0.2229616828262806
16,0.6591679090633988,2,0.0704030366614461,13.974358974358974,1,logistic_regression,39,148259,6400,39,16,4c9bed99296e455f,18,success,fine,6400,0,0.8799862759187818
32,0.06513914931565523,2,0.03600642364472151,29.2,18,logistic_regression,5,148259,6400,5,32,4c9bed99296e455f,18,success,coarse,6400,0,0.2757887151092291
32,0.6137444991618395,2,0.070308156311512,25.53846153846154,1,logistic_regression,39,148259,6400,39,32,4c9bed99296e455f,18,success,fine,6400,0,0.8591671995818615
8,0.0432664779946208,2,0.03463204391300678,8.0,8,logistic_regression,5,148259,6400,5,8,4c9bed99296e455f,18,success,coarse,6400,0,0.21974153071641922
8,0.6222645053640008,2,0.07175413146615028,7.384615384615385,1,logistic_regression,39,148259,6400,39,8,4c9bed99296e455f,18,success,fine,6400,0,0.836395070888102
16,0.023946192115545273,2,0.03465233463793993,16.0,16,logistic_regression,5,148259,3200,5,16,4c9bed99296e455f,19,success,coarse,3200,0,0.20340998377650976
16,0.24776152055710554,2,0.07061991095542908,13.58974358974359,1,logistic_regression,39,148259,3200,39,16,4c9bed99296e455f,19,success,fine,3200,0,0.46272384840995073
32,0.018670186400413513,2,0.03480893839150667,28.8,16,logistic_regression,5,148259,3200,5,32,4c9bed99296e455f,19,success,coarse,3200,0,0.22233238723129034
32,0.2690867865458131,2,0.07303333934396505,22.923076923076923,1,logistic_regression,39,148259,3200,39,32,4c9bed99296e455f,19,success,fine,3200,0,0.5069045899435878
8,0.022817449644207954,2,0.03490838594734669,8.0,8,logistic_regression,5,148259,3200,5,8,4c9bed99296e455f,19,success,coarse,3200,0,0.19780590757727623
8,0.18471385817974806,2,0.07030643336474895,7.282051282051282,1,logistic_regression,39,148259,3200,39,8,4c9bed99296e455f,19,success,fine,3200,0,0.39453428983688354
16,0.04715679865330458,2,0.03636908531188965,16.0,16,logistic_regression,5,148259,6400,5,16,4c9bed99296e455f,19,success,coarse,6400,0,0.23211595509201288
16,0.5395945338532329,2,0.07036878634244204,14.435897435897436,1,logistic_regression,39,148259,6400,39,16,4c9bed99296e455f,19,success,fine,6400,0,0.7615531859919429
32,0.03684016689658165,2,0.03444727975875139,31.8,31,logistic_regression,5,148259,6400,5,32,4c9bed99296e455f,19,success,coarse,6400,0,0.23741487599909306
32,0.6181183932349086,2,0.07224019709974527,27.05128205128205,1,logistic_regression,39,148259,6400,39,32,4c9bed99296e455f,19,success,fine,6400,0,0.8608775986358523
8,0.04396895598620176,2,0.03687664121389389,8.0,8,logistic_regression,5,148259,6400,5,8,4c9bed99296e455f,19,success,coarse,6400,0,0.21637244056910276
8,0.600431427359581,2,0.07395688630640507,7.358974358974359,1,logistic_regression,39,148259,6400,39,8,4c9bed99296e455f,19,success,fine,6400,0,0.8124468140304089
16,0.02414634358137846,3,0.033456575125455856,15.8,15,logistic_regression,5,140635,3200,5,16,4c9bed99296e455f,0,success,coarse,3200,0,0.20663563814014196
16,0.17197118885815144,3,0.06842218525707722,13.666666666666666,1,logistic_regression,39,140635,3200,39,16,4c9bed99296e455f,0,success,fine,3200,0,0.3856600811704993
32,0.019241693429648876,3,0.03351786732673645,30.6,25,logistic_regression,5,140635,3200,5,32,4c9bed99296e455f,0,success,coarse,3200,0,0.22355312295258045
32,0.2663344657048583,3,0.06777012255042791,22.564102564102566,1,logistic_regression,39,140635,3200,39,32,4c9bed99296e455f,0,success,fine,3200,0,0.5006779413670301
8,0.032262555323541164,3,0.03617634437978268,8.0,8,logistic_regression,5,140635,3200,5,8,4c9bed99296e455f,0,success,coarse,3200,0,0.23676607199013233
8,0.21007283683866262,3,0.06784272007644176,7.17948717948718,1,logistic_regression,39,140635,3200,39,8,4c9bed99296e455f,0,success,fine,3200,0,0.41236618626862764
16,0.04524614941328764,3,0.033099654130637646,15.8,15,logistic_regression,5,140635,6400,5,16,4c9bed99296e455f,0,success,coarse,6400,0,0.22564590722322464
16,0.5911161601543427,3,0.06780864018946886,14.256410256410257,2,logistic_regression,39,140635,6400,39,16,4c9bed99296e455f,0,success,fine,6400,0,0.8048392534255981
32,0.046894799917936325,3,0.0348505862057209,31.8,31,logistic_regression,5,140635,6400,5,32,4c9bed99296e455f,0,success,coarse,6400,0,0.24770940095186234
32,0.6953179473057389,3,0.08840927202254534,27.153846153846153,2,logistic_regression,39,140635,6400,39,32,4c9bed99296e455f,0,success,fine,6400,0,0.9586635623127222
8,0.04184252116829157,3,0.03281231503933668,8.0,8,logistic_regression,5,140635,6400,5,8,4c9bed99296e455f,0,success,coarse,6400,0,0.21039630006998777
8,0.49336104188114405,3,0.07008015923202038,7.333333333333333,2,logistic_regression,39,140635,6400,39,8,4c9bed99296e455f,0,success,fine,6400,0,0.6988247623667121
16,0.024220514111220837,3,0.03349826857447624,15.8,15,logistic_regression,5,140635,3200,5,16,4c9bed99296e455f,1,success,coarse,3200,0,0.2261147554963827
16,0.1727236220613122,3,0.07396726030856371,13.102564102564102,1,logistic_regression,39,140635,3200,39,16,4c9bed99296e455f,1,success,fine,3200,0,0.5070769395679235
32,0.02286059409379959,3,0.034221768379211426,29.8,21,logistic_regression,5,140635,3200,5,32,4c9bed99296e455f,1,success,coarse,3200,0,0.2278930600732565
32,0.2250307183712721,3,0.07039828412234783,22.076923076923077,1,logistic_regression,39,140635,3200,39,32,4c9bed99296e455f,1,success,fine,3200,0,0.47637481335550547
8,0.021897696889936924,3,0.033375274389982224,7.8,7,logistic_regression,5,140635,3200,5,8,4c9bed99296e455f,1,success,coarse,3200,0,0.19732394255697727
8,0.19481166265904903,3,0.07732190564274788,7.102564102564102,1,logistic_regression,39,140635,3200,39,8,4c9bed99296e455f,1,success,fine,3200,0,0.41256482154130936
16,0.04590671509504318,3,0.03419983573257923,15.8,15,logistic_regression,5,140635,6400,5,16,4c9bed99296e455f,1,success,coarse,6400,0,0.23538368847221136
16,0.6710936576128006,3,0.0670378990471363,13.923076923076923,1,logistic_regression,39,140635,6400,39,16,4c9bed99296e455f,1,success,fine,6400,0,0.8857465703040361
32,0.04546746984124184,3,0.03298610355705023,31.8,31,logistic_regression,5,140635,6400,5,32,4c9bed99296e455f,1,success,coarse,6400,0,0.24817445501685143
32,0.6020046677440405,3,0.06731375027447939,26.05128205128205,1,logistic_regression,39,140635,6400,39,32,4c9bed99296e455f,1,success,fine,6400,0,0.8410599762573838
8,0.04598752595484257,3,0.033668993040919304,7.8,7,logistic_regression,5,140635,6400,5,8,4c9bed99296e455f,1,success,coarse,6400,0,0.2157358881086111
8,0.6485354546457529,3,0.07408397365361452,7.282051282051282,1,logistic_regression,39,140635,6400,39,8,4c9bed99296e455f,1,success,fine,6400,0,0.8593252217397094
16,0.02953586634248495,3,0.03431579750031233,16.0,16,logistic_regression,5,140635,3200,5,16,4c9bed99296e455f,2,success,coarse,3200,0,0.2107152258977294
16,0.28011088352650404,3,0.06910166889429092,14.23076923076923,1,logistic_regression,39,140635,3200,39,16,4c9bed99296e455f,2,success,fine,3200,0,0.4987540999427438
32,0.03178793657571077,3,0.033840518444776535,32.0,32,logistic_regression,5,140635,3200,5,32,4c9bed99296e455f,2,success,coarse,3200,0,0.2299430789425969
32,0.25160557497292757,3,0.06916207913309336,23.794871794871796,1,logistic_regression,39,140635,3200,39,32,4c9bed99296e455f,2,success,fine,3200,0,0.48162119276821613
8,0.033038332127034664,3,0.032869910821318626,8.0,8,logistic_regression,5,140635,3200,5,8,4c9bed99296e455f,2,success,coarse,3200,0,0.20036849565804005
8,0.2717973655089736,3,0.0705367298796773,7.333333333333333,1,logistic_regression,39,140635,3200,39,8,4c9bed99296e455f,2,success,fine,3200,0,0.47734715417027473
16,0.06371094472706318,3,0.03252736013382673,16.0,16,logistic_regression,5,140635,6400,5,16,4c9bed99296e455f,2,success,coarse,6400,0,0.23881690111011267
16,0.6185687351971865,3,0.06748657766729593,14.64102564102564,2,logistic_regression,39,140635,6400,39,16,4c9bed99296e455f,2,success,fine,6400,0,0.8288435339927673
32,0.07008218206465244,3,0.032854397781193256,32.0,32,logistic_regression,5,140635,6400,5,32,4c9bed99296e455f,2,success,coarse,6400,0,0.26306386571377516
32,0.6166114546358585,3,0.06637896504253149,28.05128205128205,2,logistic_regression,39,140635,6400,39,32,4c9bed99296e455f,2,success,fine,6400,0,0.8452112590894103
8,0.0645735114812851,3,0.032518016174435616,8.0,8,logistic_regression,5,140635,6400,5,8,4c9bed99296e455f,2,success,coarse,6400,0,0.23155031725764275
8,0.6233984138816595,3,0.07439215388149023,7.435897435897436,2,logistic_regression,39,140635,6400,39,8,4c9bed99296e455f,2,success,fine,6400,0,0.8339966349303722
16,0.019053814001381397,3,0.032410865649580956,16.0,16,logistic_regression,5,140635,3200,5,16,4c9bed99296e455f,3,success,coarse,3200,0,0.19646630249917507
16,0.2012886693701148,3,0.07249239925295115,13.307692307692308,1,logistic_regression,39,140635,3200,39,16,4c9bed99296e455f,3,success,fine,3200,0,0.41490296088159084
32,0.024455904960632324,3,0.03299909271299839,29.4,19,logistic_regression,5,140635,3200,5,32,4c9bed99296e455f,3,success,coarse,3200,0,0.22614337783306837
32,0.2095629358664155,3,0.06629989761859179,22.743589743589745,1,logistic_regression,39,140635,3200,39,32,4c9bed99296e455f,3,success,fine,3200,0,0.4443462174385786
8,0.016565379686653614,3,0.032163746654987335,8.0,8,logistic_regression,5,140635,3200,5,8,4c9bed99296e455f,3,success,coarse,3200,0,0.18415239732712507
8,0.17191345244646072,3,0.06668135710060596,7.282051282051282,1,logistic_regression,39,140635,3200,39,8,4c9bed99296e455f,3,success,fine,3200,0,0.37315157521516085
16,0.04097802937030792,3,0.0331671042367816,16.0,16,logistic_regression,5,140635,6400,5,16,4c9bed99296e455f,3,success,coarse,6400,0,0.21670552529394627
16,0.6057262010872364,3,0.06878230161964893,14.384615384615385,2,logistic_regression,39,140635,6400,39,16,4c9bed99296e455f,3,success,fine,6400,0,0.830293457955122
32,0.047522726468741894,3,0.033804355189204216,32.0,32,logistic_regression,5,140635,6400,5,32,4c9bed99296e455f,3,success,coarse,6400,0,0.2509708385914564
32,0.4983677929267287,3,0.06691251136362553,26.28205128205128,2,logistic_regression,39,140635,6400,39,32,4c9bed99296e455f,3,success,fine,6400,0,0.731582042761147
8,0.04180448409169912,3,0.032248944975435734,8.0,8,logistic_regression,5,140635,6400,5,8,4c9bed99296e455f,3,success,coarse,6400,0,0.21096526831388474
8,0.5575472349300981,3,0.06877356953918934,7.358974358974359,2,logistic_regression,39,140635,6400,39,8,4c9bed99296e455f,3,success,fine,6400,0,0.7637737626209855
16,0.030780142173171043,3,0.03558518271893263,16.0,16,logistic_regression,5,140635,3200,5,16,4c9bed99296e455f,4,success,coarse,3200,0,0.21193558536469936
16,0.20843629445880651,3,0.06823651678860188,13.179487179487179,1,logistic_regression,39,140635,3200,39,16,4c9bed99296e455f,4,success,fine,3200,0,0.41941146925091743
32,0.02988534700125456,3,0.03384566865861416,29.6,20,logistic_regression,5,140635,3200,5,32,4c9bed99296e455f,4,success,coarse,3200,0,0.22674575820565224
32,0.2902780454605818,3,0.06632912065833807,22.256410256410255,1,logistic_regression,39,140635,3200,39,32,4c9bed99296e455f,4,success,fine,3200,0,0.5163196809589863
8,0.029774531722068787,3,0.03278504405170679,8.0,8,logistic_regression,5,140635,3200,5,8,4c9bed99296e455f,4,success,coarse,3200,0,0.1973025593906641
8,0.1948296194896102,3,0.0685176681727171,7.333333333333333,1,logistic_regression,39,140635,3200,39,8,4c9bed99296e455f,4,success,fine,3200,0,0.39380638860166073
16,0.04647984076291323,3,0.03259889595210552,16.0,16,logistic_regression,5,140635,6400,5,16,4c9bed99296e455f,4,success,coarse,6400,0,0.22325277514755726
16,0.587354825809598,3,0.0671188598498702,14.615384615384615,2,logistic_regression,39,140635,6400,39,16,4c9bed99296e455f,4,success,fine,6400,0,0.8012280641123652
32,0.04502758290618658,3,0.034064413979649544,32.0,32,logistic_regression,5,140635,6400,5,32,4c9bed99296e455f,4,success,coarse,6400,0,0.24175044801086187
32,0.6347395181655884,3,0.06646440271288157,26.0,2,logistic_regression,39,140635,6400,39,32,4c9bed99296e455f,4,success,fine,6400,0,0.8614531764760613
8,0.0398686146363616,3,0.03246081992983818,8.0,8,logistic_regression,5,140635,6400,5,8,4c9bed99296e455f,4,success,coarse,6400,0,0.20484467409551144
8,0.6646191161125898,3,0.06760462373495102,7.410256410256411,2,logistic_regression,39,140635,6400,39,8,4c9bed99296e455f,4,success,fine,6400,0,0.869098074734211
16,0.020147103816270828,3,0.03295319527387619,15.6,14,logistic_regression,5,140635,3200,5,16,4c9bed99296e455f,5,success,coarse,3200,0,0.19753617886453867
16,0.1594094531610608,3,0.06657737214118242,13.41025641025641,1,logistic_regression,39,140635,3200,39,16,4c9bed99296e455f,5,success,fine,3200,0,0.36799708288162947
32,0.021097171120345592,3,0.03274883050471544,28.4,14,logistic_regression,5,140635,3200,5,32,4c9bed99296e455f,5,success,coarse,3200,0,0.21697190217673779
32,0.21388547588139772,3,0.06667642947286367,21.923076923076923,1,logistic_regression,39,140635,3200,39,32,4c9bed99296e455f,5,success,fine,3200,0,0.4458078071475029
8,0.0265643410384655,3,0.032549772411584854,8.0,8,logistic_regression,5,140635,3200,5,8,4c9bed99296e455f,5,success,coarse,3200,0,0.1940253796055913
8,0.16803813073784113,3,0.06658115703612566,7.256410256410256,1,logistic_regression,39,140635,3200,39,8,4c9bed99296e455f,5,success,fine,3200,0,0.3690631641075015
16,0.03663140442222357,3,0.0349956639111042,16.0,16,logistic_regression,5,140635,6400,5,16,4c9bed99296e455f,5,success,coarse,6400,0,0.21269956603646278
16,0.5190138816833496,3,0.0683339536190033,14.384615384615385,2,logistic_regression,39,140635,6400,39,16,4c9bed99296e455f,5,success,fine,6400,0,0.7329372148960829
32,0.03653217665851116,3,0.03407207503914833,31.2,28,logistic_regression,5,140635,6400,5,32,4c9bed99296e455f,5,success,coarse,6400,0,0.2349842321127653
32,0.575789475813508,3,0.06798414047807455,26.46153846153846,2,logistic_regression,39,140635,6400,39,32,4c9bed99296e455f,5,success,fine,6400,0,0.8073896979913116
8,0.040202803909778595,3,0.034527615644037724,8.0,8,logistic_regression,5,140635,6400,5,8,4c9bed99296e455f,5,success,coarse,6400,0,0.20889599062502384
8,0.6421772157773376,3,0.0706398831680417,7.358974358974359,2,logistic_regression,39,140635,6400,39,8,4c9bed99296e455f,5,success,fine,6400,0,0.8507166234776378
16,0.02436065301299095,3,0.03241163678467274,14.6,9,logistic_regression,5,140635,3200,5,16,4c9bed99296e455f,6,success,coarse,3200,0,0.20281601697206497
16,0.24312446918338537,3,0.06818693410605192,12.897435897435898,1,logistic_regression,39,140635,3200,39,16,4c9bed99296e455f,6,success,fine,3200,0,0.4597092429175973
32,0.027382842265069485,3,0.03392528556287289,27.4,9,logistic_regression,5,140635,3200,5,32,4c9bed99296e455f,6,success,coarse,3200,0,0.23001529648900032
32,0.2196829579770565,3,0.06670246832072735,22.025641025641026,1,logistic_regression,39,140635,3200,39,32,4c9bed99296e455f,6,success,fine,3200,0,0.45377667993307114
8,0.01905112899839878,3,0.0349706057459116,8.0,8,logistic_regression,5,140635,3200,5,8,4c9bed99296e455f,6,success,coarse,3200,0,0.195642352104187
8,0.19923169910907745,3,0.067395462654531,6.769230769230769,1,logistic_regression,39,140635,3200,39,8,4c9bed99296e455f,6,success,fine,3200,0,0.4046582207083702
16,0.044720275327563286,3,0.03451339341700077,16.0,16,logistic_regression,5,140635,6400,5,16,4c9bed99296e455f,6,success,coarse,6400,0,0.22600554209202528
16,0.5512308981269598,3,0.0682434681802988,13.564102564102564,1,logistic_regression,39,140635,6400,39,16,4c9bed99296e455f,6,success,fine,6400,0,0.76690424233675
32,0.053112078458070755,3,0.032580018043518066,28.8,16,logistic_regression,5,140635,6400,5,32,4c9bed99296e455f,6,success,coarse,6400,0,0.2539229327812791
32,0.6245568012818694,3,0.06649310607463121,25.692307692307693,1,logistic_regression,39,140635,6400,39,32,4c9bed99296e455f,6,success,fine,6400,0,0.8581118388101459
8,0.0389283113181591,3,0.032337876968085766,8.0,8,logistic_regression,5,140635,6400,5,8,4c9bed99296e455f,6,success,coarse,6400,0,0.20883640181273222
8,0.5801281807944179,3,0.07141092512756586,7.0256410256410255,1,logistic_regression,39,140635,6400,39,8,4c9bed99296e455f,6,success,fine,6400,0,0.7879533944651484
16,0.020291690714657307,3,0.03253232687711716,16.0,16,logistic_regression,5,140635,3200,5,16,4c9bed99296e455f,7,success,coarse,3200,0,0.19840061850845814
16,0.1665391819551587,3,0.06657927390187979,13.461538461538462,1,logistic_regression,39,140635,3200,39,16,4c9bed99296e455f,7,success,fine,3200,0,0.3797574630007148
32,0.01941080577671528,3,0.0325416112318635,29.0,17,logistic_regression,5,140635,3200,5,32,4c9bed99296e455f,7,success,coarse,3200,0,0.21382922306656837
32,0.1871830988675356,3,0.06641390826553106,22.307692307692307,1,logistic_regression,39,140635,3200,39,32,4c9bed99296e455f,7,success,fine,3200,0,0.4227819973602891
8,0.030447295866906643,3,0.03330155462026596,8.0,8,logistic_regression,5,140635,3200,5,8,4c9bed99296e455f,7,success,coarse,3200,0,0.2010866766795516
8,0.20080353505909443,3,0.06637304648756981,7.282051282051282,1,logistic_regression,39,140635,3200,39,8,4c9bed99296e455f,7,success,fine,3200,0,0.40439419727772474
16,0.045062536373734474,3,0.03360649012029171,16.0,16,logistic_regression,5,140635,6400,5,16,4c9bed99296e455f,7,success,coarse,6400,0,0.22602265886962414
16,0.5863858377560973,3,0.06658100709319115,14.435897435897436,2,logistic_regression,39,140635,6400,39,16,4c9bed99296e455f,7,success,fine,6400,0,0.8008024776354432
32,0.03812046628445387,3,0.032368872314691544,32.0,32,logistic_regression,5,140635,6400,5,32,4c9bed99296e455f,7,success,coarse,6400,0,0.23388202767819166
32,0.4790815506130457,3,0.06652342155575752,26.17948717948718,2,logistic_regression,39,140635,6400,39,32,4c9bed99296e455f,7,success,fine,6400,0,0.7076380699872971
8,0.07001636363565922,3,0.03229226917028427,8.0,8,logistic_regression,5,140635,6400,5,8,4c9bed99296e455f,7,success,coarse,6400,0,0.23988353181630373
8,0.539045243524015,3,0.06835032813251019,7.384615384615385,2,logistic_regression,39,140635,6400,39,8,4c9bed99296e455f,7,success,fine,6400,0,0.7455100864171982
16,0.020855112001299858,3,0.03265093360096216,14.4,8,logistic_regression,5,140635,3200,5,16,4c9bed99296e455f,8,success,coarse,3200,0,0.19999965373426676
16,0.2387190843001008,3,0.06628697831183672,13.307692307692308,1,logistic_regression,39,140635,3200,39,16,4c9bed99296e455f,8,success,fine,3200,0,0.4520975537598133
32,0.01815300900489092,3,0.03272641729563475,27.2,8,logistic_regression,5,140635,3200,5,32,4c9bed99296e455f,8,success,coarse,3200,0,0.21951834205538034
32,0.1891174539923668,3,0.06743909791111946,22.82051282051282,1,logistic_regression,39,140635,3200,39,32,4c9bed99296e455f,8,success,fine,3200,0,0.4254583902657032
8,0.01994475442916155,3,0.03270581644028425,8.0,8,logistic_regression,5,140635,3200,5,8,4c9bed99296e455f,8,success,coarse,3200,0,0.19135954044759274
8,0.2668173238635063,3,0.06660130806267262,7.076923076923077,1,logistic_regression,39,140635,3200,39,8,4c9bed99296e455f,8,success,fine,3200,0,0.47119131684303284
16,0.04175770375877619,3,0.03433783072978258,16.0,16,logistic_regression,5,140635,6400,5,16,4c9bed99296e455f,8,success,coarse,6400,0,0.22647902835160494
16,0.6597808944061399,3,0.0680297901853919,14.102564102564102,1,logistic_regression,39,140635,6400,39,16,4c9bed99296e455f,8,success,fine,6400,0,0.8752753520384431
32,0.04345197230577469,3,0.035037326626479626,28.8,16,logistic_regression,5,140635,6400,5,32,4c9bed99296e455f,8,success,coarse,6400,0,0.2475166730582714
32,0.5701027195900679,3,0.06751755438745022,26.205128205128204,1,logistic_regression,39,140635,6400,39,32,4c9bed99296e455f,8,success,fine,6400,0,0.8077222825959325
8,0.034988561645150185,3,0.032888347283005714,8.0,8,logistic_regression,5,140635,6400,5,8,4c9bed99296e455f,8,success,coarse,6400,0,0.20721869822591543
8,0.6356613412499428,3,0.06636698823422194,7.333333333333333,1,logistic_regression,39,140635,6400,39,8,4c9bed99296e455f,8,success,fine,6400,0,0.841839455999434
16,0.020701401866972446,3,0.03376977425068617,15.0,11,logistic_regression,5,140635,3200,5,16,4c9bed99296e455f,9,success,coarse,3200,0,0.2101403772830963
16,0.27460566721856594,3,0.07139327749609947,13.051282051282051,1,logistic_regression,39,140635,3200,39,16,4c9bed99296e455f,9,success,fine,3200,0,0.4967851499095559
32,0.028958613984286785,3,0.0326900128275156,27.8,11,logistic_regression,5,140635,3200,5,32,4c9bed99296e455f,9,success,coarse,3200,0,0.23319622315466404
32,0.19252340868115425,3,0.06601373106241226,22.384615384615383,1,logistic_regression,39,140635,3200,39,32,4c9bed99296e455f,9,success,fine,3200,0,0.42960104160010815
8,0.019045230001211166,3,0.03285505902022123,8.0,8,logistic_regression,5,140635,3200,5,8,4c9bed99296e455f,9,success,coarse,3200,0,0.18827582895755768
8,0.24293735902756453,3,0.06762226205319166,6.897435897435898,1,logistic_regression,39,140635,3200,39,8,4c9bed99296e455f,9,success,fine,3200,0,0.4472602251917124
16,0.04156148713082075,3,0.03750160429626703,16.0,16,logistic_regression,5,140635,6400,5,16,4c9bed99296e455f,9,success,coarse,6400,0,0.23042568936944008
16,0.5500221122056246,3,0.0674836402758956,13.871794871794872,1,logistic_regression,39,140635,6400,39,16,4c9bed99296e455f,9,success,fine,6400,0,0.7691435506567359
32,0.05819549411535263,3,0.03294788673520088,29.8,21,logistic_regression,5,140635,6400,5,32,4c9bed99296e455f,9,success,coarse,6400,0,0.26701793167740107
32,0.5412652902305126,3,0.06599177606403828,25.871794871794872,1,logistic_regression,39,140635,6400,39,32,4c9bed99296e455f,9,success,fine,6400,0,0.779478382319212
8,0.04308717790991068,3,0.03369936812669039,8.0,8,logistic_regression,5,140635,6400,5,8,4c9bed99296e455f,9,success,coarse,6400,0,0.21310203708708286
8,0.5624583987519145,3,0.06961629912257195,7.102564102564102,1,logistic_regression,39,140635,6400,39,8,4c9bed99296e455f,9,success,fine,6400,0,0.7674646070227027
16,0.02481458242982626,3,0.034000896848738194,16.0,16,logistic_regression,5,140635,3200,5,16,4c9bed99296e455f,10,success,coarse,3200,0,0.21521698124706745
16,0.1998033244162798,3,0.07053610030561686,13.538461538461538,1,logistic_regression,39,140635,3200,39,16,4c9bed99296e455f,10,success,fine,3200,0,0.4190427530556917
32,0.02021191082894802,3,0.03265440929681063,29.0,17,logistic_regression,5,140635,3200,5,32,4c9bed99296e455f,10,success,coarse,3200,0,0.23023690190166235
32,0.1809762790799141,3,0.06805263832211494,22.333333333333332,1,logistic_regression,39,140635,3200,39,32,4c9bed99296e455f,10,success,fine,3200,0,0.4191048964858055
8,0.03051693271845579,3,0.03335129655897617,8.0,8,logistic_regression,5,140635,3200,5,8,4c9bed99296e455f,10,success,coarse,3200,0,0.2107507325708866
8,0.18261751346290112,3,0.07286805752664804,7.282051282051282,1,logistic_regression,39,140635,3200,39,8,4c9bed99296e455f,10,success,fine,3200,0,0.3933938955888152
16,0.040803687646985054,3,0.034012073650956154,16.0,16,logistic_regression,5,140635,6400,5,16,4c9bed99296e455f,10,success,coarse,6400,0,0.22167408000677824
16,0.5267330780625343,3,0.06707816664129496,14.512820512820513,2,logistic_regression,39,140635,6400,39,16,4c9bed99296e455f,10,success,fine,6400,0,0.7427095538005233
32,0.036695484071969986,3,0.0325125977396965,32.0,32,logistic_regression,5,140635,6400,5,32,4c9bed99296e455f,10,success,coarse,6400,0,0.24674485623836517
32,0.5633046794682741,3,0.07092694379389286,26.615384615384617,2,logistic_regression,39,140635,6400,39,32,4c9bed99296e455f,10,success,fine,6400,0,0.8048689421266317
8,0.05000084824860096,3,0.03450100217014551,8.0,8,logistic_regression,5,140635,6400,5,8,4c9bed99296e455f,10,success,coarse,6400,0,0.22490787133574486
8,0.49056585878133774,3,0.0702927689999342,7.358974358974359,2,logistic_regression,39,140635,6400,39,8,4c9bed99296e455f,10,success,fine,6400,0,0.6998266344889998
16,0.02341490611433983,3,0.03360025957226753,15.8,15,logistic_regression,5,140635,3200,5,16,4c9bed99296e455f,11,success,coarse,3200,0,0.20203864201903343
16,0.22484642267227173,3,0.06635864451527596,13.615384615384615,1,logistic_regression,39,140635,3200,39,16,4c9bed99296e455f,11,success,fine,3200,0,0.43581889383494854
32,0.017248883843421936,3,0.03265326842665672,29.2,18,logistic_regression,5,140635,3200,5,32,4c9bed99296e455f,11,success,coarse,3200,0,0.21999852638691664
32,0.19864765740931034,3,0.06709877960383892,22.923076923076923,1,logistic_regression,39,140635,3200,39,32,4c9bed99296e455f,11,success,fine,3200,0,0.4376934887841344
8,0.0225832462310791,3,0.03315716050565243,7.8,7,logistic_regression,5,140635,3200,5,8,4c9bed99296e455f,11,success,coarse,3200,0,0.19170563761144876
8,0.1716742143034935,3,0.06874809693545103,7.256410256410256,1,logistic_regression,39,140635,3200,39,8,4c9bed99296e455f,11,success,fine,3200,0,0.3825092278420925
16,0.04315116908401251,3,0.03231536503881216,15.8,15,logistic_regression,5,140635,6400,5,16,4c9bed99296e455f,11,success,coarse,6400,0,0.21961419377475977
16,0.5683308225125074,3,0.06640568654984236,14.461538461538462,2,logistic_regression,39,140635,6400,39,16,4c9bed99296e455f,11,success,fine,6400,0,0.7813113899901509
32,0.038339756429195404,3,0.03411010093986988,31.8,31,logistic_regression,5,140635,6400,5,32,4c9bed99296e455f,11,success,coarse,6400,0,0.24402110278606415
32,0.5746743716299534,3,0.0667467750608921,27.025641025641026,2,logistic_regression,39,140635,6400,39,32,4c9bed99296e455f,11,success,fine,6400,0,0.8147016800940037
8,0.06012742593884468,3,0.03217356372624636,7.8,7,logistic_regression,5,140635,6400,5,8,4c9bed99296e455f,11,success,coarse,6400,0,0.22962546907365322
8,0.5691850651055574,3,0.06755418796092272,7.384615384615385,2,logistic_regression,39,140635,6400,39,8,4c9bed99296e455f,11,success,fine,6400,0,0.774104162119329
16,0.024048580788075924,3,0.03380134981125593,16.0,16,logistic_regression,5,140635,3200,5,16,4c9bed99296e455f,12,success,coarse,3200,0,0.20322905108332634
16,0.18889854662120342,3,0.06645196676254272,13.743589743589743,1,logistic_regression,39,140635,3200,39,16,4c9bed99296e455f,12,success,fine,3200,0,0.3983097951859236
32,0.03188434336334467,3,0.0322813531383872,29.8,21,logistic_regression,5,140635,3200,5,32,4c9bed99296e455f,12,success,coarse,3200,0,0.22721033357083797
32,0.19807454757392406,3,0.06784354988485575,23.333333333333332,1,logistic_regression,39,140635,3200,39,32,4c9bed99296e455f,12,success,fine,3200,0,0.42562192399054766
8,0.01924798544496298,3,0.032138220965862274,8.0,8,logistic_regression,5,140635,3200,5,8,4c9bed99296e455f,12,success,coarse,3200,0,0.18664771132171154
8,0.19180148374289274,3,0.07076556608080864,7.256410256410256,1,logistic_regression,39,140635,3200,39,8,4c9bed99296e455f,12,success,fine,3200,0,0.3968561263754964
16,0.041984230279922485,3,0.032258640974760056,16.0,16,logistic_regression,5,140635,6400,5,16,4c9bed99296e455f,12,success,coarse,6400,0,0.2192601626738906
16,0.5111944880336523,3,0.06734935566782951,14.487179487179487,1,logistic_regression,39,140635,6400,39,16,4c9bed99296e455f,12,success,fine,6400,0,0.7221245532855392
32,0.050095971673727036,3,0.03258631005883217,31.8,31,logistic_regression,5,140635,6400,5,32,4c9bed99296e455f,12,success,coarse,6400,0,0.2494390932843089
32,0.6991378059610724,3,0.06639408133924007,27.128205128205128,1,logistic_regression,39,140635,6400,39,32,4c9bed99296e455f,12,success,fine,6400,0,0.9320974526926875
8,0.04185841232538223,3,0.03310015611350536,8.0,8,logistic_regression,5,140635,6400,5,8,4c9bed99296e455f,12,success,coarse,6400,0,0.20895307324826717
8,0.511085812933743,3,0.06821512524038553,7.333333333333333,1,logistic_regression,39,140635,6400,39,8,4c9bed99296e455f,12,success,fine,6400,0,0.7211299557238817
16,0.02501075528562069,3,0.034089201129972935,15.2,12,logistic_regression,5,140635,3200,5,16,4c9bed99296e455f,13,success,coarse,3200,0,0.20147483982145786
16,0.17348435148596764,3,0.06635416112840176,13.282051282051283,1,logistic_regression,39,140635,3200,39,16,4c9bed99296e455f,13,success,fine,3200,0,0.38119084388017654
32,0.026415119878947735,3,0.0321792745962739,28.0,12,logistic_regression,5,140635,3200,5,32,4c9bed99296e455f,13,success,coarse,3200,0,0.22095598373562098
32,0.18503246922045946,3,0.06715330295264721,22.46153846153846,1,logistic_regression,39,140635,3200,39,32,4c9bed99296e455f,13,success,fine,3200,0,0.41058703791350126
8,0.020069660618901253,3,0.03302455320954323,8.0,8,logistic_regression,5,140635,3200,5,8,4c9bed99296e455f,13,success,coarse,3200,0,0.18642802815884352
8,0.1884363703429699,3,0.06657366920262575,7.102564102564102,1,logistic_regression,39,140635,3200,39,8,4c9bed99296e455f,13,success,fine,3200,0,0.38882334996014833
16,0.041487500071525574,3,0.03260544873774052,16.0,16,logistic_regression,5,140635,6400,5,16,4c9bed99296e455f,13,success,coarse,6400,0,0.21808354277163744
16,0.4786445740610361,3,0.06656364444643259,14.102564102564102,1,logistic_regression,39,140635,6400,39,16,4c9bed99296e455f,13,success,fine,6400,0,0.685707145370543
32,0.0435244869440794,3,0.03229206241667271,30.0,22,logistic_regression,5,140635,6400,5,32,4c9bed99296e455f,13,success,coarse,6400,0,0.2368061263114214
32,0.4903728514909744,3,0.06912222877144814,26.23076923076923,1,logistic_regression,39,140635,6400,39,32,4c9bed99296e455f,13,success,fine,6400,0,0.7196432435885072
8,0.04525224305689335,3,0.03409309592097998,8.0,8,logistic_regression,5,140635,6400,5,8,4c9bed99296e455f,13,success,coarse,6400,0,0.21410680375993252
8,0.5605412144213915,3,0.06883610133081675,7.205128205128205,1,logistic_regression,39,140635,6400,39,8,4c9bed99296e455f,13,success,fine,6400,0,0.7605052441358566
16,0.0246075252071023,3,0.03269114810973406,15.8,15,logistic_regression,5,140635,3200,5,16,4c9bed99296e455f,14,success,coarse,3200,0,0.1966299619525671
16,0.2076915828511119,3,0.06725309323519468,12.820512820512821,1,logistic_regression,39,140635,3200,39,16,4c9bed99296e455f,14,success,fine,3200,0,0.4165327921509743
32,0.021012715995311737,3,0.03286231309175491,29.4,19,logistic_regression,5,140635,3200,5,32,4c9bed99296e455f,14,success,coarse,3200,0,0.2128444155678153
32,0.20212379284203053,3,0.06660499703139067,21.102564102564102,1,logistic_regression,39,140635,3200,39,32,4c9bed99296e455f,14,success,fine,3200,0,0.42868776340037584
8,0.015640005469322205,3,0.034165204502642155,7.8,7,logistic_regression,5,140635,3200,5,8,4c9bed99296e455f,14,success,coarse,3200,0,0.17949376441538334
8,0.22755997255444527,3,0.0662555955350399,6.82051282051282,1,logistic_regression,39,140635,3200,39,8,4c9bed99296e455f,14,success,fine,3200,0,0.423371022567153
16,0.045208970084786415,3,0.03241988271474838,15.8,15,logistic_regression,5,140635,6400,5,16,4c9bed99296e455f,14,success,coarse,6400,0,0.22033701743930578
16,0.5467835981398821,3,0.06676987279206514,13.76923076923077,2,logistic_regression,39,140635,6400,39,16,4c9bed99296e455f,14,success,fine,6400,0,0.7571219205856323
32,0.03844156116247177,3,0.035362851805984974,31.8,31,logistic_regression,5,140635,6400,5,32,4c9bed99296e455f,14,success,coarse,6400,0,0.23421764187514782
32,0.6351946797221899,3,0.06818939000368118,25.53846153846154,2,logistic_regression,39,140635,6400,39,32,4c9bed99296e455f,14,success,fine,6400,0,0.8640142837539315
8,0.04220445919781923,3,0.03385240864008665,7.8,7,logistic_regression,5,140635,6400,5,8,4c9bed99296e455f,14,success,coarse,6400,0,0.20866024866700172
8,0.5927032548934221,3,0.07079624570906162,7.0256410256410255,2,logistic_regression,39,140635,6400,39,8,4c9bed99296e455f,14,success,fine,6400,0,0.7948313364759088
16,0.027272098697721958,3,0.033328259363770485,16.0,16,logistic_regression,5,140635,3200,5,16,4c9bed99296e455f,15,success,coarse,3200,0,0.20662601944059134
16,0.21250843908637762,3,0.06642697378993034,13.076923076923077,1,logistic_regression,39,140635,3200,39,16,4c9bed99296e455f,15,success,fine,3200,0,0.41943660005927086
32,0.029759607277810574,3,0.032738338224589825,28.8,16,logistic_regression,5,140635,3200,5,32,4c9bed99296e455f,15,success,coarse,3200,0,0.22548666782677174
32,0.2118431180715561,3,0.06742357928305864,22.102564102564102,1,logistic_regression,39,140635,3200,39,32,4c9bed99296e455f,15,success,fine,3200,0,0.45560612343251705
8,0.029876130633056164,3,0.034051655791699886,8.0,8,logistic_regression,5,140635,3200,5,8,4c9bed99296e455f,15,success,coarse,3200,0,0.19828707538545132
8,0.17487817723304033,3,0.06641667801886797,7.205128205128205,1,logistic_regression,39,140635,3200,39,8,4c9bed99296e455f,15,success,fine,3200,0,0.37531451787799597
16,0.04203592985868454,3,0.033232384361326694,16.0,16,logistic_regression,5,140635,6400,5,16,4c9bed99296e455f,15,success,coarse,6400,0,0.22300821542739868
16,0.5518160443753004,3,0.06678351573646069,14.282051282051283,1,logistic_regression,39,140635,6400,39,16,4c9bed99296e455f,15,success,fine,6400,0,0.7667065765708685
32,0.04180817026644945,3,0.03243788052350283,31.8,31,logistic_regression,5,140635,6400,5,32,4c9bed99296e455f,15,success,coarse,6400,0,0.23510909639298916
32,0.5453853383660316,3,0.067594725638628,25.846153846153847,1,logistic_regression,39,140635,6400,39,32,4c9bed99296e455f,15,success,fine,6400,0,0.7765760952606797
8,0.04356283601373434,3,0.03325270488858223,8.0,8,logistic_regression,5,140635,6400,5,8,4c9bed99296e455f,15,success,coarse,6400,0,0.21221482288092375
8,0.47999907191842794,3,0.06702106725424528,7.282051282051282,1,logistic_regression,39,140635,6400,39,8,4c9bed99296e455f,15,success,fine,6400,0,0.6810955693945289
16,0.019098813645541668,3,0.03229565732181072,16.0,16,logistic_regression,5,140635,3200,5,16,4c9bed99296e455f,16,success,coarse,3200,0,0.1920005874708295
16,0.22792187333106995,3,0.06604829989373684,13.102564102564102,1,logistic_regression,39,140635,3200,39,16,4c9bed99296e455f,16,success,fine,3200,0,0.4358028182759881
32,0.019796283915638924,3,0.033178385347127914,29.2,18,logistic_regression,5,140635,3200,5,32,4c9bed99296e455f,16,success,coarse,3200,0,0.21444416977465153
32,0.185725805349648,3,0.0684357900172472,22.256410256410255,1,logistic_regression,39,140635,3200,39,32,4c9bed99296e455f,16,success,fine,3200,0,0.41606374084949493
8,0.015470624901354313,3,0.03241780120879412,8.0,8,logistic_regression,5,140635,3200,5,8,4c9bed99296e455f,16,success,coarse,3200,0,0.18083806615322828
8,0.19637402892112732,3,0.06638822704553604,6.871794871794871,1,logistic_regression,39,140635,3200,39,8,4c9bed99296e455f,16,success,fine,3200,0,0.3977041272446513
16,0.044818758964538574,3,0.03254013415426016,16.0,16,logistic_regression,5,140635,6400,5,16,4c9bed99296e455f,16,success,coarse,6400,0,0.22353175096213818
16,0.5626981994137168,3,0.06973071023821831,13.948717948717949,1,logistic_regression,39,140635,6400,39,16,4c9bed99296e455f,16,success,fine,6400,0,0.7749456865713
32,0.0402528028935194,3,0.032449398189783096,32.0,32,logistic_regression,5,140635,6400,5,32,4c9bed99296e455f,16,success,coarse,6400,0,0.23666759487241507
32,0.699050578288734,3,0.0682099936529994,26.153846153846153,1,logistic_regression,39,140635,6400,39,32,4c9bed99296e455f,16,success,fine,6400,0,0.932979361154139
8,0.036909488029778004,3,0.03457594849169254,8.0,8,logistic_regression,5,140635,6400,5,8,4c9bed99296e455f,16,success,coarse,6400,0,0.2045426582917571
8,0.574392301030457,3,0.0663799848407507,6.948717948717949,1,logistic_regression,39,140635,6400,39,8,4c9bed99296e455f,16,success,fine,6400,0,0.774944981560111
16,0.031897625885903835,3,0.032613773830235004,15.8,15,logistic_regression,5,140635,3200,5,16,4c9bed99296e455f,17,success,coarse,3200,0,0.20981273986399174
16,0.17525758035480976,3,0.06654343847185373,13.23076923076923,1,logistic_regression,39,140635,3200,39,16,4c9bed99296e455f,17,success,fine,3200,0,0.38586219120770693
32,0.022696577943861485,3,0.03239281475543976,29.2,18,logistic_regression,5,140635,3200,5,32,4c9bed99296e455f,17,success,coarse,3200,0,0.22324241138994694
32,0.20757140778005123,3,0.06643167231231928,21.76923076923077,1,logistic_regression,39,140635,3200,39,32,4c9bed99296e455f,17,success,fine,3200,0,0.4410378048196435
8,0.024298205971717834,3,0.03225487843155861,8.0,8,logistic_regression,5,140635,3200,5,8,4c9bed99296e455f,17,success,coarse,3200,0,0.19237982854247093
8,0.17234137188643217,3,0.06711224652826786,7.256410256410256,1,logistic_regression,39,140635,3200,39,8,4c9bed99296e455f,17,success,fine,3200,0,0.3746117865666747
16,0.04695108998566866,3,0.03520753141492605,15.8,15,logistic_regression,5,140635,6400,5,16,4c9bed99296e455f,17,success,coarse,6400,0,0.2260752571746707
16,0.43138072919100523,3,0.06654231809079647,14.307692307692308,1,logistic_regression,39,140635,6400,39,16,4c9bed99296e455f,17,success,fine,6400,0,0.6423986172303557
32,0.04986004810780287,3,0.032965938560664654,31.8,31,logistic_regression,5,140635,6400,5,32,4c9bed99296e455f,17,success,coarse,6400,0,0.2507356842979789
32,0.5212397128343582,3,0.06813088804483414,26.205128205128204,1,logistic_regression,39,140635,6400,39,32,4c9bed99296e455f,17,success,fine,6400,0,0.7567889057099819
8,0.036786746233701706,3,0.03252961952239275,8.0,8,logistic_regression,5,140635,6400,5,8,4c9bed99296e455f,17,success,coarse,6400,0,0.20605896413326263
8,0.5030360883101821,3,0.06743912491947412,7.3076923076923075,1,logistic_regression,39,140635,6400,39,8,4c9bed99296e455f,17,success,fine,6400,0,0.7053534751757979
16,0.03000264149159193,3,0.03274550009518862,15.8,15,logistic_regression,5,140635,3200,5,16,4c9bed99296e455f,18,success,coarse,3200,0,0.20797257032245398
16,0.21166628692299128,3,0.07056067045778036,12.871794871794872,1,logistic_regression,39,140635,3200,39,16,4c9bed99296e455f,18,success,fine,3200,0,0.4281669417396188
32,0.035961524583399296,3,0.032389028929173946,28.6,15,logistic_regression,5,140635,3200,5,32,4c9bed99296e455f,18,success,coarse,3200,0,0.2286150176078081
32,0.2348287208005786,3,0.06616328377276659,20.23076923076923,1,logistic_regression,39,140635,3200,39,32,4c9bed99296e455f,18,success,fine,3200,0,0.46270292438566685
8,0.026319759897887707,3,0.03422340378165245,8.0,8,logistic_regression,5,140635,3200,5,8,4c9bed99296e455f,18,success,coarse,3200,0,0.19363504275679588
8,0.19474488869309425,3,0.0661593982949853,7.17948717948718,1,logistic_regression,39,140635,3200,39,8,4c9bed99296e455f,18,success,fine,3200,0,0.3896334609016776
16,0.056675939820706844,3,0.03230102825909853,16.0,16,logistic_regression,5,140635,6400,5,16,4c9bed99296e455f,18,success,coarse,6400,0,0.2352034104987979
16,0.5153738558292389,3,0.06664469186216593,14.102564102564102,1,logistic_regression,39,140635,6400,39,16,4c9bed99296e455f,18,success,fine,6400,0,0.7296866914257407
32,0.048174723982810974,3,0.03235543891787529,31.2,28,logistic_regression,5,140635,6400,5,32,4c9bed99296e455f,18,success,coarse,6400,0,0.24356334563344717
32,0.6758316401392221,3,0.0664417902007699,25.384615384615383,1,logistic_regression,39,140635,6400,39,32,4c9bed99296e455f,18,success,fine,6400,0,0.901284764520824
8,0.034970248118042946,3,0.034233659505844116,8.0,8,logistic_regression,5,140635,6400,5,8,4c9bed99296e455f,18,success,coarse,6400,0,0.204726442694664
8,0.4969325605779886,3,0.06788496114313602,7.333333333333333,1,logistic_regression,39,140635,6400,39,8,4c9bed99296e455f,18,success,fine,6400,0,0.7012952491641045
16,0.023360740393400192,3,0.03237851522862911,16.0,16,logistic_regression,5,140635,3200,5,16,4c9bed99296e455f,19,success,coarse,3200,0,0.2050464916974306
16,0.20481979381293058,3,0.06645763292908669,13.461538461538462,1,logistic_regression,39,140635,3200,39,16,4c9bed99296e455f,19,success,fine,3200,0,0.41441471688449383
32,0.03669320698827505,3,0.03303221892565489,30.4,24,logistic_regression,5,140635,3200,5,32,4c9bed99296e455f,19,success,coarse,3200,0,0.22794260922819376
32,0.17851816955953836,3,0.06800690479576588,23.0,1,logistic_regression,39,140635,3200,39,32,4c9bed99296e455f,19,success,fine,3200,0,0.4050173070281744
8,0.020057513378560543,3,0.032487547025084496,8.0,8,logistic_regression,5,140635,3200,5,8,4c9bed99296e455f,19,success,coarse,3200,0,0.18471717089414597
8,0.17186787445098162,3,0.06759314797818661,7.051282051282051,1,logistic_regression,39,140635,3200,39,8,4c9bed99296e455f,19,success,fine,3200,0,0.38083281833678484
16,0.041628144681453705,3,0.03263459634035826,16.0,16,logistic_regression,5,140635,6400,5,16,4c9bed99296e455f,19,success,coarse,6400,0,0.21542044077068567
16,0.585779887624085,3,0.06850843317806721,14.205128205128204,2,logistic_regression,39,140635,6400,39,16,4c9bed99296e455f,19,success,fine,6400,0,0.7980842841789126
32,0.05009565036743879,3,0.03413654491305351,32.0,32,logistic_regression,5,140635,6400,5,32,4c9bed99296e455f,19,success,coarse,6400,0,0.24371476657688618
32,0.5909427674487233,3,0.06853839755058289,26.974358974358974,2,logistic_regression,39,140635,6400,39,32,4c9bed99296e455f,19,success,fine,6400,0,0.8199801715090871
8,0.041513875126838684,3,0.0328548951074481,8.0,8,logistic_regression,5,140635,6400,5,8,4c9bed99296e455f,19,success,coarse,6400,0,0.20242366287857294
8,0.4494164464995265,3,0.06700349878519773,7.153846153846154,2,logistic_regression,39,140635,6400,39,8,4c9bed99296e455f,19,success,fine,6400,0,0.650638036429882
16,0.021039707586169243,4,0.03230910375714302,15.8,15,logistic_regression,5,137148,3200,5,16,4c9bed99296e455f,0,success,coarse,3200,0,0.19595761224627495
16,0.20777004025876522,4,0.07325516827404499,13.102564102564102,1,logistic_regression,39,137148,3200,39,16,4c9bed99296e455f,0,success,fine,3200,0,0.4301653178408742
32,0.02319897897541523,4,0.03203263133764267,29.8,21,logistic_regression,5,137148,3200,5,32,4c9bed99296e455f,0,success,coarse,3200,0,0.2134022442623973
32,0.2146904580295086,4,0.06570456922054291,20.76923076923077,1,logistic_regression,39,137148,3200,39,32,4c9bed99296e455f,0,success,fine,3200,0,0.4403473502025008
8,0.04679878707975149,4,0.03492665011435747,8.0,8,logistic_regression,5,137148,3200,5,8,4c9bed99296e455f,0,success,coarse,3200,0,0.22731769178062677
8,0.17039879225194454,4,0.06814499106258154,7.205128205128205,1,logistic_regression,39,137148,3200,39,8,4c9bed99296e455f,0,success,fine,3200,0,0.36592348013073206
16,0.046882341615855694,4,0.0356884365901351,15.8,15,logistic_regression,5,137148,6400,5,16,4c9bed99296e455f,0,success,coarse,6400,0,0.22214590292423964
16,0.5697487136349082,4,0.07086820527911186,14.307692307692308,2,logistic_regression,39,137148,6400,39,16,4c9bed99296e455f,0,success,fine,6400,0,0.7816166002303362
32,0.042060394771397114,4,0.03250014968216419,31.8,31,logistic_regression,5,137148,6400,5,32,4c9bed99296e455f,0,success,coarse,6400,0,0.24379256553947926
32,0.553774225525558,4,0.06658286042511463,25.794871794871796,2,logistic_regression,39,137148,6400,39,32,4c9bed99296e455f,0,success,fine,6400,0,0.7798049570992589
8,0.03572598285973072,4,0.03437382634729147,8.0,8,logistic_regression,5,137148,6400,5,8,4c9bed99296e455f,0,success,coarse,6400,0,0.2041030777618289
8,0.6495470451191068,4,0.06716528907418251,7.358974358974359,2,logistic_regression,39,137148,6400,39,8,4c9bed99296e455f,0,success,fine,6400,0,0.8477238202467561
16,0.028141584247350693,4,0.0321864215657115,14.6,9,logistic_regression,5,137148,3200,5,16,4c9bed99296e455f,1,success,coarse,3200,0,0.196021999232471
16,0.25028172973543406,4,0.07259696535766125,13.307692307692308,1,logistic_regression,39,137148,3200,39,16,4c9bed99296e455f,1,success,fine,3200,0,0.5629934836179018
32,0.02586196269840002,4,0.032757554203271866,27.4,9,logistic_regression,5,137148,3200,5,32,4c9bed99296e455f,1,success,coarse,3200,0,0.21797810401767492
32,0.26902977656573057,4,0.06664897035807371,23.94871794871795,1,logistic_regression,39,137148,3200,39,32,4c9bed99296e455f,1,success,fine,3200,0,0.4959275322034955
8,0.030127188190817833,4,0.03240551706403494,8.0,8,logistic_regression,5,137148,3200,5,8,4c9bed99296e455f,1,success,coarse,3200,0,0.18858901783823967
8,0.29621995333582163,4,0.0651100417599082,6.871794871794871,1,logistic_regression,39,137148,3200,39,8,4c9bed99296e455f,1,success,fine,3200,0,0.4892545538023114
16,0.05843794532120228,4,0.03254108037799597,16.0,16,logistic_regression,5,137148,6400,5,16,4c9bed99296e455f,1,success,coarse,6400,0,0.23367703054100275
16,0.730409525334835,4,0.06811550725251436,13.948717948717949,1,logistic_regression,39,137148,6400,39,16,4c9bed99296e455f,1,success,fine,6400,0,0.9389848373830318
32,0.06209062598645687,4,0.03254713024944067,29.0,17,logistic_regression,5,137148,6400,5,32,4c9bed99296e455f,1,success,coarse,6400,0,0.25519837718456984
32,0.5648942589759827,4,0.06620064936578274,26.53846153846154,1,logistic_regression,39,137148,6400,39,32,4c9bed99296e455f,1,success,fine,6400,0,0.789062581025064
8,0.05188746005296707,4,0.03262003790587187,8.0,8,logistic_regression,5,137148,6400,5,8,4c9bed99296e455f,1,success,coarse,6400,0,0.2140954602509737
8,0.8611720995977521,4,0.06637610215693712,7.102564102564102,1,logistic_regression,39,137148,6400,39,8,4c9bed99296e455f,1,success,fine,6400,0,1.0637229215353727
16,0.031462701968848705,4,0.03246988449245691,15.8,15,logistic_regression,5,137148,3200,5,16,4c9bed99296e455f,2,success,coarse,3200,0,0.20277855265885592
16,0.21269766427576542,4,0.06505181547254324,12.76923076923077,1,logistic_regression,39,137148,3200,39,16,4c9bed99296e455f,2,success,fine,3200,0,0.4142519189044833
32,0.02319180965423584,4,0.03405703138560057,28.8,16,logistic_regression,5,137148,3200,5,32,4c9bed99296e455f,2,success,coarse,3200,0,0.21696276869624853
32,0.2043006233870983,4,0.06832822412252426,20.974358974358974,1,logistic_regression,39,137148,3200,39,32,4c9bed99296e455f,2,success,fine,3200,0,0.4302600082010031
8,0.016374745406210423,4,0.03354546893388033,8.0,8,logistic_regression,5,137148,3200,5,8,4c9bed99296e455f,2,success,coarse,3200,0,0.17912969179451466
8,0.24728443659842014,4,0.06510994117707014,7.0,1,logistic_regression,39,137148,3200,39,8,4c9bed99296e455f,2,success,fine,3200,0,0.4417397789657116
16,0.04519543331116438,4,0.034344651736319065,15.8,15,logistic_regression,5,137148,6400,5,16,4c9bed99296e455f,2,success,coarse,6400,0,0.2163836844265461
16,0.5099998712539673,4,0.06677982397377491,14.076923076923077,2,logistic_regression,39,137148,6400,39,16,4c9bed99296e455f,2,success,fine,6400,0,0.7147421529516578
32,0.04041122552007437,4,0.03492317534983158,31.8,31,logistic_regression,5,137148,6400,5,32,4c9bed99296e455f,2,success,coarse,6400,0,0.23361315578222275
32,0.6231485912576318,4,0.06538389064371586,25.435897435897434,2,logistic_regression,39,137148,6400,39,32,4c9bed99296e455f,2,success,fine,6400,0,0.857456523925066
8,0.03201946150511503,4,0.032585326582193375,8.0,8,logistic_regression,5,137148,6400,5,8,4c9bed99296e455f,2,success,coarse,6400,0,0.19316294230520725
8,0.4781829519197345,4,0.06728001963347197,7.153846153846154,2,logistic_regression,39,137148,6400,39,8,4c9bed99296e455f,2,success,fine,6400,0,0.6798994084820151
16,0.01999788172543049,4,0.03254692815244198,16.0,16,logistic_regression,5,137148,3200,5,16,4c9bed99296e455f,3,success,coarse,3200,0,0.1934477174654603
16,0.17568388860672712,4,0.06547647900879383,13.435897435897436,1,logistic_regression,39,137148,3200,39,16,4c9bed99296e455f,3,success,fine,3200,0,0.3804372185841203
32,0.01988677680492401,4,0.03208974655717611,30.2,23,logistic_regression,5,137148,3200,5,32,4c9bed99296e455f,3,success,coarse,3200,0,0.21141936630010605
32,0.18187988456338644,4,0.06639948580414057,22.153846153846153,1,logistic_regression,39,137148,3200,39,32,4c9bed99296e455f,3,success,fine,3200,0,0.4059628490358591
8,0.026316282339394093,4,0.03360362630337477,8.0,8,logistic_regression,5,137148,3200,5,8,4c9bed99296e455f,3,success,coarse,3200,0,0.19136454910039902
8,0.18596866726875305,4,0.06616519764065742,7.3076923076923075,1,logistic_regression,39,137148,3200,39,8,4c9bed99296e455f,3,success,fine,3200,0,0.3783988952636719
16,0.04183634091168642,4,0.03210809361189604,16.0,16,logistic_regression,5,137148,6400,5,16,4c9bed99296e455f,3,success,coarse,6400,0,0.21756992395967245
16,0.5404112134128809,4,0.06616823095828295,14.538461538461538,2,logistic_regression,39,137148,6400,39,16,4c9bed99296e455f,3,success,fine,6400,0,0.7474421402439475
32,0.06054302770644426,4,0.032231868244707584,32.0,32,logistic_regression,5,137148,6400,5,32,4c9bed99296e455f,3,success,coarse,6400,0,0.25448901765048504
32,0.5521657150238752,4,0.06566884461790323,26.666666666666668,2,logistic_regression,39,137148,6400,39,32,4c9bed99296e455f,3,success,fine,6400,0,0.7782439161092043
8,0.048886471427977085,4,0.03310935851186514,8.0,8,logistic_regression,5,137148,6400,5,8,4c9bed99296e455f,3,success,coarse,6400,0,0.2153576947748661
8,0.5027314843609929,4,0.06503798626363277,7.333333333333333,2,logistic_regression,39,137148,6400,39,8,4c9bed99296e455f,3,success,fine,6400,0,0.6955995559692383
16,0.025737357325851917,4,0.03192221745848656,16.0,16,logistic_regression,5,137148,3200,5,16,4c9bed99296e455f,4,success,coarse,3200,0,0.19762903731316328
16,0.27253594901412725,4,0.0651057455688715,13.64102564102564,1,logistic_regression,39,137148,3200,39,16,4c9bed99296e455f,4,success,fine,3200,0,0.4795357408002019
32,0.03599713835865259,4,0.032589271664619446,29.4,19,logistic_regression,5,137148,3200,5,32,4c9bed99296e455f,4,success,coarse,3200,0,0.2288414053618908
32,0.2966653471812606,4,0.06521567888557911,23.41025641025641,1,logistic_regression,39,137148,3200,39,32,4c9bed99296e455f,4,success,fine,3200,0,0.521345661021769
8,0.02608466614037752,4,0.03269602078944445,8.0,8,logistic_regression,5,137148,3200,5,8,4c9bed99296e455f,4,success,coarse,3200,0,0.1850151140242815
8,0.24557359423488379,4,0.06517657078802586,7.256410256410256,1,logistic_regression,39,137148,3200,39,8,4c9bed99296e455f,4,success,fine,3200,0,0.4371108002960682
16,0.05442478694021702,4,0.03281656187027693,16.0,16,logistic_regression,5,137148,6400,5,16,4c9bed99296e455f,4,success,coarse,6400,0,0.23047382105141878
16,0.6478973412886262,4,0.0726977651938796,14.333333333333334,2,logistic_regression,39,137148,6400,39,16,4c9bed99296e455f,4,success,fine,6400,0,0.8661412429064512
32,0.05235675070434809,4,0.033713169395923615,32.0,32,logistic_regression,5,137148,6400,5,32,4c9bed99296e455f,4,success,coarse,6400,0,0.24602633900940418
32,0.5663273464888334,4,0.06753091514110565,27.0,2,logistic_regression,39,137148,6400,39,32,4c9bed99296e455f,4,success,fine,6400,0,0.7996562076732516
8,0.043392724357545376,4,0.032295663841068745,8.0,8,logistic_regression,5,137148,6400,5,8,4c9bed99296e455f,4,success,coarse,6400,0,0.2015025382861495
8,0.5240710591897368,4,0.06564316805452108,7.410256410256411,2,logistic_regression,39,137148,6400,39,8,4c9bed99296e455f,4,success,fine,6400,0,0.7167267659679055
16,0.02065026666969061,4,0.03258492611348629,15.8,15,logistic_regression,5,137148,3200,5,16,4c9bed99296e455f,5,success,coarse,3200,0,0.2014324339106679
16,0.18188179656863213,4,0.06594855338335037,13.153846153846153,1,logistic_regression,39,137148,3200,39,16,4c9bed99296e455f,5,success,fine,3200,0,0.40185690205544233
32,0.023158798925578594,4,0.03369452245533466,29.0,17,logistic_regression,5,137148,3200,5,32,4c9bed99296e455f,5,success,coarse,3200,0,0.2300315611064434
32,0.20874345302581787,4,0.06551921367645264,21.71794871794872,1,logistic_regression,39,137148,3200,39,32,4c9bed99296e455f,5,success,fine,3200,0,0.44105632696300745
8,0.033772348426282406,4,0.03477052692323923,7.8,7,logistic_regression,5,137148,3200,5,8,4c9bed99296e455f,5,success,coarse,3200,0,0.1973392041400075
8,0.23509413469582796,4,0.06691763829439878,7.102564102564102,1,logistic_regression,39,137148,3200,39,8,4c9bed99296e455f,5,success,fine,3200,0,0.43391092400997877
16,0.0541898962110281,4,0.034395357593894005,15.8,15,logistic_regression,5,137148,6400,5,16,4c9bed99296e455f,5,success,coarse,6400,0,0.23893006052821875
16,0.5694389212876558,4,0.06567504536360502,14.128205128205128,2,logistic_regression,39,137148,6400,39,16,4c9bed99296e455f,5,success,fine,6400,0,0.794325552880764
32,0.053677101619541645,4,0.03327794000506401,31.8,31,logistic_regression,5,137148,6400,5,32,4c9bed99296e455f,5,success,coarse,6400,0,0.2515587853267789
32,0.5518442541360855,4,0.06578528974205256,25.871794871794872,2,logistic_regression,39,137148,6400,39,32,4c9bed99296e455f,5,success,fine,6400,0,0.7814850211143494
8,0.06897221598774195,4,0.03523959591984749,7.8,7,logistic_regression,5,137148,6400,5,8,4c9bed99296e455f,5,success,coarse,6400,0,0.24044360779225826
8,0.7268692394718528,4,0.0653973612934351,7.333333333333333,2,logistic_regression,39,137148,6400,39,8,4c9bed99296e455f,5,success,fine,6400,0,0.9230379983782768
16,0.021798480302095413,4,0.035615487955510616,15.0,11,logistic_regression,5,137148,3200,5,16,4c9bed99296e455f,6,success,coarse,3200,0,0.2021414516493678
16,0.1919101532548666,4,0.0679993936792016,13.179487179487179,1,logistic_regression,39,137148,3200,39,16,4c9bed99296e455f,6,success,fine,3200,0,0.39723730739206076
32,0.018303113989531994,4,0.032729350961744785,27.8,11,logistic_regression,5,137148,3200,5,32,4c9bed99296e455f,6,success,coarse,3200,0,0.2077267561107874
32,0.19799424149096012,4,0.06675646919757128,22.512820512820515,1,logistic_regression,39,137148,3200,39,32,4c9bed99296e455f,6,success,fine,3200,0,0.42305519338697195
8,0.018398115411400795,4,0.033962542191147804,8.0,8,logistic_regression,5,137148,3200,5,8,4c9bed99296e455f,6,success,coarse,3200,0,0.17915535904467106
8,0.19832343328744173,4,0.06646159011870623,7.128205128205129,1,logistic_regression,39,137148,3200,39,8,4c9bed99296e455f,6,success,fine,3200,0,0.3907599616795778
16,0.03937431797385216,4,0.035994263365864754,16.0,16,logistic_regression,5,137148,6400,5,16,4c9bed99296e455f,6,success,coarse,6400,0,0.21687903441488743
16,0.5223055640235543,4,0.0669408543035388,14.076923076923077,1,logistic_regression,39,137148,6400,39,16,4c9bed99296e455f,6,success,fine,6400,0,0.7265201779082417
32,0.045678735710680485,4,0.04000796191394329,29.8,21,logistic_regression,5,137148,6400,5,32,4c9bed99296e455f,6,success,coarse,6400,0,0.2492708209902048
32,0.5418048612773418,4,0.09074937365949154,26.17948717948718,1,logistic_regression,39,137148,6400,39,32,4c9bed99296e455f,6,success,fine,6400,0,0.8543276013806462
8,0.031724631786346436,4,0.03254546690732241,8.0,8,logistic_regression,5,137148,6400,5,8,4c9bed99296e455f,6,success,coarse,6400,0,0.1909633195027709
8,0.5240584798157215,4,0.06605638470500708,7.3076923076923075,1,logistic_regression,39,137148,6400,39,8,4c9bed99296e455f,6,success,fine,6400,0,0.7157003320753574
16,0.03229127824306488,4,0.041896380484104156,15.4,13,logistic_regression,5,137148,3200,5,16,4c9bed99296e455f,7,success,coarse,3200,0,0.22093661781400442
16,0.20502097811549902,4,0.07463077921420336,13.333333333333334,1,logistic_regression,39,137148,3200,39,16,4c9bed99296e455f,7,success,fine,3200,0,0.4205042077228427
32,0.0316993435844779,4,0.04148412495851517,28.2,13,logistic_regression,5,137148,3200,5,32,4c9bed99296e455f,7,success,coarse,3200,0,0.24056865368038416
32,0.2210920499637723,4,0.07276853080838919,21.71794871794872,1,logistic_regression,39,137148,3200,39,32,4c9bed99296e455f,7,success,fine,3200,0,0.45843591168522835
8,0.0391905726864934,4,0.04254300519824028,8.0,8,logistic_regression,5,137148,3200,5,8,4c9bed99296e455f,7,success,coarse,3200,0,0.2339654704555869
8,0.2121951738372445,4,0.08572403434664011,7.205128205128205,1,logistic_regression,39,137148,3200,39,8,4c9bed99296e455f,7,success,fine,3200,0,0.4350115964189172
16,0.04313678573817015,4,0.03278355114161968,16.0,16,logistic_regression,5,137148,6400,5,16,4c9bed99296e455f,7,success,coarse,6400,0,0.22262795642018318
16,0.6180086741223931,4,0.08820003177970648,14.256410256410257,2,logistic_regression,39,137148,6400,39,16,4c9bed99296e455f,7,success,fine,6400,0,0.8528509102761745
32,0.04291764833033085,4,0.03353088442236185,30.8,26,logistic_regression,5,137148,6400,5,32,4c9bed99296e455f,7,success,coarse,6400,0,0.2578900856897235
32,0.6400364143773913,4,0.06888989731669426,26.333333333333332,2,logistic_regression,39,137148,6400,39,32,4c9bed99296e455f,7,success,fine,6400,0,0.8889699084684253
8,0.04515785817056894,4,0.04260928928852081,8.0,8,logistic_regression,5,137148,6400,5,8,4c9bed99296e455f,7,success,coarse,6400,0,0.225497804582119
8,0.6550461230799556,4,0.0690458482131362,7.3076923076923075,2,logistic_regression,39,137148,6400,39,8,4c9bed99296e455f,7,success,fine,6400,0,0.8621194530278444
16,0.031970188952982426,4,0.0323225436732173,16.0,16,logistic_regression,5,137148,3200,5,16,4c9bed99296e455f,8,success,coarse,3200,0,0.2136574676260352
16,0.24486060440540314,4,0.06467451341450214,13.487179487179487,1,logistic_regression,39,137148,3200,39,16,4c9bed99296e455f,8,success,fine,3200,0,0.44739848654717207
32,0.032318648882210255,4,0.03164626657962799,30.2,23,logistic_regression,5,137148,3200,5,32,4c9bed99296e455f,8,success,coarse,3200,0,0.22464311588555574
32,0.21521056443452835,4,0.06481879856437445,21.71794871794872,1,logistic_regression,39,137148,3200,39,32,4c9bed99296e455f,8,success,fine,3200,0,0.43878249265253544
8,0.029965941794216633,4,0.031901427544653416,8.0,8,logistic_regression,5,137148,3200,5,8,4c9bed99296e455f,8,success,coarse,3200,0,0.18636904656887054
8,0.2504893345758319,4,0.07013799622654915,7.051282051282051,1,logistic_regression,39,137148,3200,39,8,4c9bed99296e455f,8,success,fine,3200,0,0.44707661494612694
16,0.04516084399074316,4,0.031824362464249134,16.0,16,logistic_regression,5,137148,6400,5,16,4c9bed99296e455f,8,success,coarse,6400,0,0.22104201931506395
16,0.6232768828049302,4,0.06870369147509336,14.35897435897436,2,logistic_regression,39,137148,6400,39,16,4c9bed99296e455f,8,success,fine,6400,0,0.8304958259686828
32,0.05338344257324934,4,0.03300586435943842,31.8,31,logistic_regression,5,137148,6400,5,32,4c9bed99296e455f,8,success,coarse,6400,0,0.24755633622407913
32,0.5650152927264571,4,0.06915530376136303,26.76923076923077,2,logistic_regression,39,137148,6400,39,32,4c9bed99296e455f,8,success,fine,6400,0,0.8096707658842206
8,0.051632050424814224,4,0.03141858708113432,8.0,8,logistic_regression,5,137148,6400,5,8,4c9bed99296e455f,8,success,coarse,6400,0,0.21158728189766407
8,0.6416518110781908,4,0.06569972168654203,7.102564102564102,2,logistic_regression,39,137148,6400,39,8,4c9bed99296e455f,8,success,fine,6400,0,0.8361879177391529
16,0.02037978172302246,4,0.03442965820431709,14.8,10,logistic_regression,5,137148,3200,5,16,4c9bed99296e455f,9,success,coarse,3200,0,0.1981082446873188
16,0.17568550631403923,4,0.06893168203532696,13.564102564102564,1,logistic_regression,39,137148,3200,39,16,4c9bed99296e455f,9,success,fine,3200,0,0.3881865069270134
32,0.021450567990541458,4,0.03177029173821211,27.6,10,logistic_regression,5,137148,3200,5,32,4c9bed99296e455f,9,success,coarse,3200,0,0.2182046640664339
32,0.18838869500905275,4,0.06445158272981644,22.71794871794872,1,logistic_regression,39,137148,3200,39,32,4c9bed99296e455f,9,success,fine,3200,0,0.41686597373336554
8,0.027087881229817867,4,0.031542652286589146,8.0,8,logistic_regression,5,137148,3200,5,8,4c9bed99296e455f,9,success,coarse,3200,0,0.1861596005037427
8,0.17482238728553057,4,0.06434787809848785,7.230769230769231,1,logistic_regression,39,137148,3200,39,8,4c9bed99296e455f,9,success,fine,3200,0,0.3666843995451927
16,0.042852423153817654,4,0.031648220494389534,16.0,16,logistic_regression,5,137148,6400,5,16,4c9bed99296e455f,9,success,coarse,6400,0,0.23096358682960272
16,0.5332024609670043,4,0.06468016467988491,14.35897435897436,1,logistic_regression,39,137148,6400,39,16,4c9bed99296e455f,9,success,fine,6400,0,0.7431490663439035
32,0.039828806184232235,4,0.03149574343115091,29.4,19,logistic_regression,5,137148,6400,5,32,4c9bed99296e455f,9,success,coarse,6400,0,0.23527197167277336
32,0.5155170112848282,4,0.06482795532792807,26.897435897435898,1,logistic_regression,39,137148,6400,39,32,4c9bed99296e455f,9,success,fine,6400,0,0.74511852953583
8,0.04339310899376869,4,0.03153406083583832,8.0,8,logistic_regression,5,137148,6400,5,8,4c9bed99296e455f,9,success,coarse,6400,0,0.2056541545316577
8,0.6336993854492903,4,0.06565258465707302,7.333333333333333,1,logistic_regression,39,137148,6400,39,8,4c9bed99296e455f,9,success,fine,6400,0,0.8272865628823638
16,0.020614832639694214,4,0.036137414164841175,15.6,14,logistic_regression,5,137148,3200,5,16,4c9bed99296e455f,10,success,coarse,3200,0,0.201013651676476
16,0.19468535762280226,4,0.06841701548546553,12.794871794871796,1,logistic_regression,39,137148,3200,39,16,4c9bed99296e455f,10,success,fine,3200,0,0.40231004636734724
32,0.01922385860234499,4,0.031730905175209045,28.4,14,logistic_regression,5,137148,3200,5,32,4c9bed99296e455f,10,success,coarse,3200,0,0.20569264888763428
32,0.18816183414310217,4,0.06440380401909351,21.384615384615383,1,logistic_regression,39,137148,3200,39,32,4c9bed99296e455f,10,success,fine,3200,0,0.40751725248992443
8,0.016310756094753742,4,0.031800027936697006,8.0,8,logistic_regression,5,137148,3200,5,8,4c9bed99296e455f,10,success,coarse,3200,0,0.17411882616579533
8,0.16516885347664356,4,0.06489173043519258,6.794871794871795,1,logistic_regression,39,137148,3200,39,8,4c9bed99296e455f,10,success,fine,3200,0,0.3560528652742505
16,0.03277016431093216,4,0.03548048622906208,16.0,16,logistic_regression,5,137148,6400,5,16,4c9bed99296e455f,10,success,coarse,6400,0,0.2086373921483755
16,0.46648314595222473,4,0.06581766251474619,13.820512820512821,1,logistic_regression,39,137148,6400,39,16,4c9bed99296e455f,10,success,fine,6400,0,0.6804862264543772
32,0.04020215477794409,4,0.03187767416238785,31.0,27,logistic_regression,5,137148,6400,5,32,4c9bed99296e455f,10,success,coarse,6400,0,0.22940801922231913
32,0.5982340890914202,4,0.0643584681674838,25.512820512820515,1,logistic_regression,39,137148,6400,39,32,4c9bed99296e455f,10,success,fine,6400,0,0.8176174135878682
8,0.03671298176050186,4,0.03197041153907776,8.0,8,logistic_regression,5,137148,6400,5,8,4c9bed99296e455f,10,success,coarse,6400,0,0.19632133934646845
8,0.5329752415418625,4,0.06568196136504412,6.9743589743589745,1,logistic_regression,39,137148,6400,39,8,4c9bed99296e455f,10,success,fine,6400,0,0.7264026254415512
16,0.026517453603446484,4,0.03149400372058153,15.6,14,logistic_regression,5,137148,3200,5,16,4c9bed99296e455f,11,success,coarse,3200,0,0.1959037920460105
16,0.21506183501332998,4,0.06430385820567608,12.76923076923077,1,logistic_regression,39,137148,3200,39,16,4c9bed99296e455f,11,success,fine,3200,0,0.41413754876703024
32,0.01842857338488102,4,0.03157978132367134,28.4,14,logistic_regression,5,137148,3200,5,32,4c9bed99296e455f,11,success,coarse,3200,0,0.20265151374042034
32,0.21662910282611847,4,0.06431367248296738,21.102564102564102,1,logistic_regression,39,137148,3200,39,32,4c9bed99296e455f,11,success,fine,3200,0,0.4347430616617203
8,0.020746861584484577,4,0.03209405764937401,7.8,7,logistic_regression,5,137148,3200,5,8,4c9bed99296e455f,11,success,coarse,3200,0,0.1814126167446375
8,0.21713417302817106,4,0.06503000017255545,6.923076923076923,1,logistic_regression,39,137148,3200,39,8,4c9bed99296e455f,11,success,fine,3200,0,0.4086504830047488
16,0.043370540253818035,4,0.0311975022777915,15.8,15,logistic_regression,5,137148,6400,5,16,4c9bed99296e455f,11,success,coarse,6400,0,0.21024980675429106
16,0.605403233319521,4,0.0658054081723094,14.025641025641026,1,logistic_regression,39,137148,6400,39,16,4c9bed99296e455f,11,success,fine,6400,0,0.8053925847634673
32,0.03985233511775732,4,0.0313850911334157,31.2,28,logistic_regression,5,137148,6400,5,32,4c9bed99296e455f,11,success,coarse,6400,0,0.22297864593565464
32,0.5918266484513879,4,0.07188582420349121,25.384615384615383,1,logistic_regression,39,137148,6400,39,32,4c9bed99296e455f,11,success,fine,6400,0,0.8189892647787929
8,0.048480989411473274,4,0.031429718248546124,7.8,7,logistic_regression,5,137148,6400,5,8,4c9bed99296e455f,11,success,coarse,6400,0,0.21005680598318577
8,0.5871725883334875,4,0.06406980007886887,6.923076923076923,1,logistic_regression,39,137148,6400,39,8,4c9bed99296e455f,11,success,fine,6400,0,0.776762593537569
16,0.02173786051571369,4,0.031487755477428436,16.0,16,logistic_regression,5,137148,3200,5,16,4c9bed99296e455f,12,success,coarse,3200,0,0.1919867843389511
16,0.20445013605058193,4,0.06423321645706892,13.692307692307692,1,logistic_regression,39,137148,3200,39,16,4c9bed99296e455f,12,success,fine,3200,0,0.41086285654455423
32,0.03538048826158047,4,0.03160666301846504,29.4,19,logistic_regression,5,137148,3200,5,32,4c9bed99296e455f,12,success,coarse,3200,0,0.2390433121472597
32,0.25076605193316936,4,0.06442961934953928,23.641025641025642,1,logistic_regression,39,137148,3200,39,32,4c9bed99296e455f,12,success,fine,3200,0,0.4776222947984934
8,0.029723715037107468,4,0.040034457109868526,8.0,8,logistic_regression,5,137148,3200,5,8,4c9bed99296e455f,12,success,coarse,3200,0,0.19678591657429934
8,0.22313797660171986,4,0.0641876570880413,7.230769230769231,1,logistic_regression,39,137148,3200,39,8,4c9bed99296e455f,12,success,fine,3200,0,0.41246394254267216
16,0.05216495506465435,4,0.032471733167767525,16.0,16,logistic_regression,5,137148,6400,5,16,4c9bed99296e455f,12,success,coarse,6400,0,0.22610835172235966
16,0.5706919068470597,4,0.06360681354999542,14.41025641025641,2,logistic_regression,39,137148,6400,39,16,4c9bed99296e455f,12,success,fine,6400,0,0.7733958456665277
32,0.04760304372757673,4,0.033805510960519314,32.0,32,logistic_regression,5,137148,6400,5,32,4c9bed99296e455f,12,success,coarse,6400,0,0.24561389815062284
32,0.6287933411076665,4,0.0639346344396472,27.05128205128205,2,logistic_regression,39,137148,6400,39,32,4c9bed99296e455f,12,success,fine,6400,0,0.8582371594384313
8,0.044372967444360256,4,0.03264857642352581,8.0,8,logistic_regression,5,137148,6400,5,8,4c9bed99296e455f,12,success,coarse,6400,0,0.2036133212968707
8,0.49175275675952435,4,0.06432279944419861,7.3076923076923075,2,logistic_regression,39,137148,6400,39,8,4c9bed99296e455f,12,success,fine,6400,0,0.6819048803299665
16,0.019105094484984875,4,0.031608857214450836,16.0,16,logistic_regression,5,137148,3200,5,16,4c9bed99296e455f,13,success,coarse,3200,0,0.18820065166801214
16,0.20788630191236734,4,0.06435661483556032,13.487179487179487,1,logistic_regression,39,137148,3200,39,16,4c9bed99296e455f,13,success,fine,3200,0,0.40776713844388723
32,0.030906569212675095,4,0.03185213077813387,29.6,20,logistic_regression,5,137148,3200,5,32,4c9bed99296e455f,13,success,coarse,3200,0,0.22141328267753124
32,0.27840629778802395,4,0.065231429412961,22.333333333333332,1,logistic_regression,39,137148,3200,39,32,4c9bed99296e455f,13,success,fine,3200,0,0.5016948087140918
8,0.017409777268767357,4,0.03182297758758068,8.0,8,logistic_regression,5,137148,3200,5,8,4c9bed99296e455f,13,success,coarse,3200,0,0.18182737566530704
8,0.24569047521799803,4,0.06441201642155647,7.153846153846154,1,logistic_regression,39,137148,3200,39,8,4c9bed99296e455f,13,success,fine,3200,0,0.4405158720910549
16,0.03786268271505833,4,0.03361872490495443,16.0,16,logistic_regression,5,137148,6400,5,16,4c9bed99296e455f,13,success,coarse,6400,0,0.20914422441273928
16,0.5084069771692157,4,0.06474416423588991,14.435897435897436,2,logistic_regression,39,137148,6400,39,16,4c9bed99296e455f,13,success,fine,6400,0,0.7184940371662378
32,0.041179338470101357,4,0.03413124941289425,32.0,32,logistic_regression,5,137148,6400,5,32,4c9bed99296e455f,13,success,coarse,6400,0,0.23674723226577044
32,0.5996979000046849,4,0.06449753604829311,26.846153846153847,2,logistic_regression,39,137148,6400,39,32,4c9bed99296e455f,13,success,fine,6400,0,0.8252134285867214
8,0.03724685497581959,4,0.032674528658390045,8.0,8,logistic_regression,5,137148,6400,5,8,4c9bed99296e455f,13,success,coarse,6400,0,0.20477057993412018
8,0.6287930253893137,4,0.06844459008425474,7.205128205128205,2,logistic_regression,39,137148,6400,39,8,4c9bed99296e455f,13,success,fine,6400,0,0.8298424072563648
16,0.016499931924045086,4,0.034477297216653824,15.8,15,logistic_regression,5,137148,3200,5,16,4c9bed99296e455f,14,success,coarse,3200,0,0.19095967803150415
16,0.18553333915770054,4,0.07205355539917946,13.102564102564102,1,logistic_regression,39,137148,3200,39,16,4c9bed99296e455f,14,success,fine,3200,0,0.39916830882430077
32,0.022011450491845608,4,0.03369284886866808,28.6,15,logistic_regression,5,137148,3200,5,32,4c9bed99296e455f,14,success,coarse,3200,0,0.21963218413293362
32,0.20855789072811604,4,0.06518388353288174,22.641025641025642,1,logistic_regression,39,137148,3200,39,32,4c9bed99296e455f,14,success,fine,3200,0,0.44682894833385944
8,0.029091976583003998,4,0.03186279721558094,7.8,7,logistic_regression,5,137148,3200,5,8,4c9bed99296e455f,14,success,coarse,3200,0,0.18985829409211874
8,0.20072132255882025,4,0.06871675793081522,6.948717948717949,1,logistic_regression,39,137148,3200,39,8,4c9bed99296e455f,14,success,fine,3200,0,0.39774814527481794
16,0.04579334147274494,4,0.03350209444761276,15.8,15,logistic_regression,5,137148,6400,5,16,4c9bed99296e455f,14,success,coarse,6400,0,0.2227233787998557
16,0.6059270389378071,4,0.06466224696487188,13.974358974358974,2,logistic_regression,39,137148,6400,39,16,4c9bed99296e455f,14,success,fine,6400,0,0.8112888215109706
32,0.05083008296787739,4,0.03678509034216404,31.2,28,logistic_regression,5,137148,6400,5,32,4c9bed99296e455f,14,success,coarse,6400,0,0.2537990789860487
32,0.48340876027941704,4,0.07212717831134796,26.025641025641026,2,logistic_regression,39,137148,6400,39,32,4c9bed99296e455f,14,success,fine,6400,0,0.7188278548419476
8,0.0408497704192996,4,0.03433288261294365,7.8,7,logistic_regression,5,137148,6400,5,8,4c9bed99296e455f,14,success,coarse,6400,0,0.20425001066178083
8,0.5229158848524094,4,0.06674563139677048,7.076923076923077,2,logistic_regression,39,137148,6400,39,8,4c9bed99296e455f,14,success,fine,6400,0,0.7209866819903255
16,0.03510153107345104,4,0.03501608315855265,15.8,15,logistic_regression,5,137148,3200,5,16,4c9bed99296e455f,15,success,coarse,3200,0,0.2168076764792204
16,0.2212429828941822,4,0.06777024455368519,13.256410256410257,1,logistic_regression,39,137148,3200,39,16,4c9bed99296e455f,15,success,fine,3200,0,0.4223534753546119
32,0.034414696507155895,4,0.0397521760314703,30.0,22,logistic_regression,5,137148,3200,5,32,4c9bed99296e455f,15,success,coarse,3200,0,0.23419989459216595
32,0.23837359994649887,4,0.07217442337423563,21.28205128205128,1,logistic_regression,39,137148,3200,39,32,4c9bed99296e455f,15,success,fine,3200,0,0.46411036793142557
8,0.030003237538039684,4,0.03486371599137783,8.0,8,logistic_regression,5,137148,3200,5,8,4c9bed99296e455f,15,success,coarse,3200,0,0.1884381715208292
8,0.2601707950234413,4,0.06539681367576122,7.3076923076923075,1,logistic_regression,39,137148,3200,39,8,4c9bed99296e455f,15,success,fine,3200,0,0.4494598265737295
16,0.06460256408900023,4,0.037765094079077244,15.8,15,logistic_regression,5,137148,6400,5,16,4c9bed99296e455f,15,success,coarse,6400,0,0.24150996282696724
16,0.6741528641432524,4,0.07095140125602484,14.461538461538462,2,logistic_regression,39,137148,6400,39,16,4c9bed99296e455f,15,success,fine,6400,0,0.880894553847611
32,0.06759303528815508,4,0.03697753977030516,31.8,31,logistic_regression,5,137148,6400,5,32,4c9bed99296e455f,15,success,coarse,6400,0,0.2617722023278475
32,0.6497740540653467,4,0.07230701390653849,26.23076923076923,2,logistic_regression,39,137148,6400,39,32,4c9bed99296e455f,15,success,fine,6400,0,0.8779656523838639
8,0.052574207074940205,4,0.038180483505129814,8.0,8,logistic_regression,5,137148,6400,5,8,4c9bed99296e455f,15,success,coarse,6400,0,0.21622160077095032
8,0.42778905387967825,4,0.06999262981116772,7.410256410256411,2,logistic_regression,39,137148,6400,39,8,4c9bed99296e455f,15,success,fine,6400,0,0.6315768556669354
16,0.02329040039330721,4,0.035685645416378975,16.0,16,logistic_regression,5,137148,3200,5,16,4c9bed99296e455f,16,success,coarse,3200,0,0.20856510754674673
16,0.18145090620964766,4,0.0713983615860343,13.717948717948717,1,logistic_regression,39,137148,3200,39,16,4c9bed99296e455f,16,success,fine,3200,0,0.391393830999732
32,0.019810281693935394,4,0.037686930038034916,29.8,21,logistic_regression,5,137148,3200,5,32,4c9bed99296e455f,16,success,coarse,3200,0,0.22433259431272745
32,0.19459144584834576,4,0.07295596692711115,22.358974358974358,1,logistic_regression,39,137148,3200,39,32,4c9bed99296e455f,16,success,fine,3200,0,0.4380166232585907
8,0.01842651702463627,4,0.035521069541573524,8.0,8,logistic_regression,5,137148,3200,5,8,4c9bed99296e455f,16,success,coarse,3200,0,0.18520444817841053
8,0.18876789417117834,4,0.07171357981860638,7.256410256410256,1,logistic_regression,39,137148,3200,39,8,4c9bed99296e455f,16,success,fine,3200,0,0.39004011545330286
16,0.042562251910567284,4,0.03926744870841503,16.0,16,logistic_regression,5,137148,6400,5,16,4c9bed99296e455f,16,success,coarse,6400,0,0.22550990898162127
16,0.5409010294824839,4,0.0752645106986165,14.538461538461538,2,logistic_regression,39,137148,6400,39,16,4c9bed99296e455f,16,success,fine,6400,0,0.7592877196148038
32,0.045715875923633575,4,0.03880598023533821,31.8,31,logistic_regression,5,137148,6400,5,32,4c9bed99296e455f,16,success,coarse,6400,0,0.2570334831252694
32,0.576309216208756,4,0.07781931292265654,26.897435897435898,2,logistic_regression,39,137148,6400,39,32,4c9bed99296e455f,16,success,fine,6400,0,0.816916755400598
8,0.04310410935431719,4,0.039688656106591225,8.0,8,logistic_regression,5,137148,6400,5,8,4c9bed99296e455f,16,success,coarse,6400,0,0.2101530134677887
8,0.5222131004557014,4,0.0738004557788372,7.333333333333333,2,logistic_regression,39,137148,6400,39,8,4c9bed99296e455f,16,success,fine,6400,0,0.7285219840705395
16,0.020691928453743458,4,0.04013182036578655,16.0,16,logistic_regression,5,137148,3200,5,16,4c9bed99296e455f,17,success,coarse,3200,0,0.2151597961783409
16,0.18577098846435547,4,0.07804210670292377,13.153846153846153,1,logistic_regression,39,137148,3200,39,16,4c9bed99296e455f,17,success,fine,3200,0,0.4087730320170522
32,0.031136085279285908,4,0.03984823822975159,29.0,17,logistic_regression,5,137148,3200,5,32,4c9bed99296e455f,17,success,coarse,3200,0,0.2281059566885233
32,0.19434606935828924,4,0.07284552976489067,22.333333333333332,1,logistic_regression,39,137148,3200,39,32,4c9bed99296e455f,17,success,fine,3200,0,0.42552910931408405
8,0.026569943875074387,4,0.03990906663239002,8.0,8,logistic_regression,5,137148,3200,5,8,4c9bed99296e455f,17,success,coarse,3200,0,0.1960519952699542
8,0.23727895133197308,4,0.07356883585453033,6.897435897435898,1,logistic_regression,39,137148,3200,39,8,4c9bed99296e455f,17,success,fine,3200,0,0.44035004545003176
16,0.03433168213814497,4,0.040585268288850784,16.0,16,logistic_regression,5,137148,6400,5,16,4c9bed99296e455f,17,success,coarse,6400,0,0.22295172698795795
16,0.762060564942658,4,0.0738380728289485,14.025641025641026,1,logistic_regression,39,137148,6400,39,16,4c9bed99296e455f,17,success,fine,6400,0,0.9759190836921334
32,0.0373948710039258,4,0.04013377521187067,32.0,32,logistic_regression,5,137148,6400,5,32,4c9bed99296e455f,17,success,coarse,6400,0,0.24671547394245863
32,0.594576588831842,4,0.07789678685367107,26.153846153846153,1,logistic_regression,39,137148,6400,39,32,4c9bed99296e455f,17,success,fine,6400,0,0.8322718814015388
8,0.0492126839235425,4,0.03980001620948315,8.0,8,logistic_regression,5,137148,6400,5,8,4c9bed99296e455f,17,success,coarse,6400,0,0.22635583020746708
8,0.6556361429393291,4,0.07802750822156668,6.9743589743589745,1,logistic_regression,39,137148,6400,39,8,4c9bed99296e455f,17,success,fine,6400,0,0.8644425729289651
16,0.025954680517315865,4,0.04022111650556326,16.0,16,logistic_regression,5,137148,3200,5,16,4c9bed99296e455f,18,success,coarse,3200,0,0.21505988761782646
16,0.1851994851604104,4,0.07312750536948442,13.435897435897436,1,logistic_regression,39,137148,3200,39,16,4c9bed99296e455f,18,success,fine,3200,0,0.3939914172515273
32,0.02039167284965515,4,0.040133978240191936,30.0,22,logistic_regression,5,137148,3200,5,32,4c9bed99296e455f,18,success,coarse,3200,0,0.21796875074505806
32,0.17668220587074757,4,0.07593116909265518,22.871794871794872,1,logistic_regression,39,137148,3200,39,32,4c9bed99296e455f,18,success,fine,3200,0,0.4193961340934038
8,0.019324171356856823,4,0.03977139573544264,8.0,8,logistic_regression,5,137148,3200,5,8,4c9bed99296e455f,18,success,coarse,3200,0,0.18673291709274054
8,0.21302257664501667,4,0.07312003429979086,7.102564102564102,1,logistic_regression,39,137148,3200,39,8,4c9bed99296e455f,18,success,fine,3200,0,0.4128192598000169
16,0.03996373526751995,4,0.0402430510148406,16.0,16,logistic_regression,5,137148,6400,5,16,4c9bed99296e455f,18,success,coarse,6400,0,0.2175219403579831
16,0.5692134369164705,4,0.0741251278668642,14.461538461538462,2,logistic_regression,39,137148,6400,39,16,4c9bed99296e455f,18,success,fine,6400,0,0.7938142875209451
32,0.04457226861268282,4,0.040065267123281956,32.0,32,logistic_regression,5,137148,6400,5,32,4c9bed99296e455f,18,success,coarse,6400,0,0.24660397041589022
32,0.49708081036806107,4,0.07792812027037144,26.82051282051282,2,logistic_regression,39,137148,6400,39,32,4c9bed99296e455f,18,success,fine,6400,0,0.732407289557159
8,0.037715000100433826,4,0.041278294287621975,8.0,8,logistic_regression,5,137148,6400,5,8,4c9bed99296e455f,18,success,coarse,6400,0,0.21217281837016344
8,0.504184159450233,4,0.07803145330399275,7.153846153846154,2,logistic_regression,39,137148,6400,39,8,4c9bed99296e455f,18,success,fine,6400,0,0.7095563570037484
16,0.019048119895160198,4,0.04052629601210356,15.8,15,logistic_regression,5,137148,3200,5,16,4c9bed99296e455f,19,success,coarse,3200,0,0.20223550964146852
16,0.1985458191484213,4,0.07739487662911415,13.794871794871796,1,logistic_regression,39,137148,3200,39,16,4c9bed99296e455f,19,success,fine,3200,0,0.4168227259069681
32,0.015883971005678177,4,0.042716662399470806,30.8,26,logistic_regression,5,137148,3200,5,32,4c9bed99296e455f,19,success,coarse,3200,0,0.22156620491296053
32,0.2126569878309965,4,0.073331736959517,23.564102564102566,1,logistic_regression,39,137148,3200,39,32,4c9bed99296e455f,19,success,fine,3200,0,0.4593994468450546
8,0.027331183664500713,4,0.04018895234912634,7.8,7,logistic_regression,5,137148,3200,5,8,4c9bed99296e455f,19,success,coarse,3200,0,0.19235143531113863
8,0.21838523726910353,4,0.07349537964910269,7.230769230769231,1,logistic_regression,39,137148,3200,39,8,4c9bed99296e455f,19,success,fine,3200,0,0.425214615650475
16,0.036336759105324745,4,0.04041267931461334,15.8,15,logistic_regression,5,137148,6400,5,16,4c9bed99296e455f,19,success,coarse,6400,0,0.21570593025535345
16,0.5858875447884202,4,0.07381156459450722,14.538461538461538,2,logistic_regression,39,137148,6400,39,16,4c9bed99296e455f,19,success,fine,6400,0,0.8100485671311617
32,0.03899258095771074,4,0.04056265205144882,31.8,31,logistic_regression,5,137148,6400,5,32,4c9bed99296e455f,19,success,coarse,6400,0,0.24742993246763945
32,0.6297288751229644,4,0.07884894032031298,27.358974358974358,2,logistic_regression,39,137148,6400,39,32,4c9bed99296e455f,19,success,fine,6400,0,0.8738694228231907
8,0.0540349455550313,4,0.04040415491908789,7.8,7,logistic_regression,5,137148,6400,5,8,4c9bed99296e455f,19,success,coarse,6400,0,0.22241936065256596
8,0.5624065734446049,4,0.07745721191167831,7.282051282051282,1,logistic_regression,39,137148,6400,39,8,4c9bed99296e455f,19,success,fine,6400,0,0.7681881906464696
