scope,bundle_id,outer_fold,seed,patient_budget,cell_cap,model,task,accuracy,balanced_accuracy,fit_time_sec,inference_time_sec,macro_f1,n_evaluation_classes,n_observed_training_classes,n_train_cells,n_test_cells,peak_rss_mb
outer_fold,fold0_seed00_P8_C100_logistic_regression,0,0,8,100,logistic_regression,coarse,0.9828163356393662,0.94145322638401,0.028005782514810562,0.047336106188595295,0.9522765171135781,5,5,800,165797,1237.37109375
outer_fold,fold0_seed00_P8_C100_logistic_regression,0,0,8,100,logistic_regression,fine,0.7603092938955469,0.49414991299907085,0.09303353726863861,0.09283069334924221,0.4954488468925237,39,36,800,165797,1237.37109375
outer_fold,fold0_seed01_P8_C100_logistic_regression,0,1,8,100,logistic_regression,coarse,0.9888055875558666,0.9400065634080521,0.027364956215023994,0.047033244743943214,0.9566741251119009,5,5,800,165797,1237.546875
outer_fold,fold0_seed01_P8_C100_logistic_regression,0,1,8,100,logistic_regression,fine,0.7550619130623594,0.474224939787792,0.09216215647757053,0.08752382267266512,0.48366173941658236,39,36,800,165797,1237.546875
outer_fold,fold0_seed02_P8_C100_logistic_regression,0,2,8,100,logistic_regression,coarse,0.9847524382226458,0.8125892512390536,0.022076361812651157,0.049998460337519646,0.8239457106123217,5,5,800,165797,1237.48828125
outer_fold,fold0_seed02_P8_C100_logistic_regression,0,2,8,100,logistic_regression,fine,0.7639161142843357,0.4797339831853732,0.09264515619724989,0.48537057638168335,0.471575975050352,39,34,800,165797,1237.48828125
outer_fold,fold0_seed03_P8_C100_logistic_regression,0,3,8,100,logistic_regression,coarse,0.9900963226113862,0.9736072699529441,0.050894477404654026,0.057156164199113846,0.9769864091441851,5,5,800,165797,1238.140625
outer_fold,fold0_seed03_P8_C100_logistic_regression,0,3,8,100,logistic_regression,fine,0.749730091618063,0.49547634506084864,0.12351042684167624,0.09589697141200304,0.4914334951636503,39,35,800,165797,1238.140625
outer_fold,fold0_seed04_P8_C100_logistic_regression,0,4,8,100,logistic_regression,coarse,0.9847403752782017,0.948300323963821,0.022903998382389545,0.04686215799301863,0.9559183967278653,5,5,800,165797,1238.7734375
outer_fold,fold0_seed04_P8_C100_logistic_regression,0,4,8,100,logistic_regression,fine,0.7401581452016622,0.4880605975168568,0.08810317702591419,0.08812778256833553,0.48097002808522077,39,36,800,165797,1238.7734375
outer_fold,fold0_seed05_P8_C100_logistic_regression,0,5,8,100,logistic_regression,coarse,0.9837210564726744,0.9320064162423873,0.026035161688923836,0.047545868903398514,0.9486487719204193,5,5,800,165797,1238.984375
outer_fold,fold0_seed05_P8_C100_logistic_regression,0,5,8,100,logistic_regression,fine,0.7545974897012612,0.47859966593365616,0.09648273419588804,0.09432427305728197,0.4778269464617287,39,35,800,165797,1238.984375
outer_fold,fold0_seed06_P8_C100_logistic_regression,0,6,8,100,logistic_regression,coarse,0.9898188748891718,0.9573097797629945,0.02265408542007208,0.04339717701077461,0.966001844074977,5,5,800,165797,1238.96875
outer_fold,fold0_seed06_P8_C100_logistic_regression,0,6,8,100,logistic_regression,fine,0.7517144459791191,0.4839581384409652,0.08930024225264788,0.08711906801909208,0.4876603605959623,39,35,800,165797,1238.96875
outer_fold,fold0_seed07_P8_C100_logistic_regression,0,7,8,100,logistic_regression,coarse,0.9838839062226699,0.8695266105684452,0.021649494767189026,0.05365269538015127,0.9011160937756124,5,5,800,165797,1237.4375
outer_fold,fold0_seed07_P8_C100_logistic_regression,0,7,8,100,logistic_regression,fine,0.7582585933400484,0.46145483437507057,0.0843439856544137,0.09459332469850779,0.46662881553114116,39,35,800,165797,1237.4375
outer_fold,fold0_seed08_P8_C100_logistic_regression,0,8,8,100,logistic_regression,coarse,0.9868152017225885,0.9830498842321733,0.01527353748679161,0.0423660883679986,0.9616714927440035,5,5,800,165797,1234.84375
outer_fold,fold0_seed08_P8_C100_logistic_regression,0,8,8,100,logistic_regression,fine,0.7719741611730008,0.5066631917325869,0.06235188990831375,0.2916855737566948,0.49969721148569224,39,36,800,165797,1234.84375
outer_fold,fold0_seed09_P8_C100_logistic_regression,0,9,8,100,logistic_regression,coarse,0.9858622291115038,0.9481168338643476,0.028655553236603737,0.04678031615912914,0.957803047037513,5,5,800,165797,1238.17578125
outer_fold,fold0_seed09_P8_C100_logistic_regression,0,9,8,100,logistic_regression,fine,0.7598147131733385,0.4693269101120234,0.08825386129319668,0.09024050738662481,0.47069314090862663,39,36,800,165797,1238.17578125
outer_fold,fold0_seed10_P8_C100_logistic_regression,0,10,8,100,logistic_regression,coarse,0.9837632767782288,0.7906149176664831,0.020003939047455788,0.044464439153671265,0.78656977132984,5,4,800,165797,1240.76171875
outer_fold,fold0_seed10_P8_C100_logistic_regression,0,10,8,100,logistic_regression,fine,0.7256042027298444,0.3806226499325279,0.09479684848338366,0.08679668605327606,0.38275502152936,39,33,800,165797,1240.76171875
outer_fold,fold0_seed11_P8_C100_logistic_regression,0,11,8,100,logistic_regression,coarse,0.9856933478892863,0.9448455478831284,0.02073128428310156,0.047175745479762554,0.9557266989904922,5,5,800,165797,1237.4375
outer_fold,fold0_seed11_P8_C100_logistic_regression,0,11,8,100,logistic_regression,fine,0.7490847240903032,0.4362246924329422,0.10524037666618824,0.26633818820118904,0.4398217661343398,39,33,800,165797,1237.4375
outer_fold,fold0_seed12_P8_C100_logistic_regression,0,12,8,100,logistic_regression,coarse,0.9852651133615205,0.8763144329532594,0.020745244808495045,0.04906605929136276,0.9066587138721067,5,5,800,165797,1240.3125
outer_fold,fold0_seed12_P8_C100_logistic_regression,0,12,8,100,logistic_regression,fine,0.7604781751177645,0.4660871636789001,0.08001461252570152,0.09107154794037342,0.4698505588060635,39,35,800,165797,1240.3125
outer_fold,fold0_seed13_P8_C100_logistic_regression,0,13,8,100,logistic_regression,coarse,0.9873399398059072,0.9483739646764355,0.027409433387219906,0.05320373363792896,0.9536005525834705,5,5,800,165797,1238.29296875
outer_fold,fold0_seed13_P8_C100_logistic_regression,0,13,8,100,logistic_regression,fine,0.7675229346731244,0.454672426949913,0.09598094504326582,0.07963217236101627,0.45471729997243626,39,34,800,165797,1238.29296875
outer_fold,fold0_seed14_P8_C100_logistic_regression,0,14,8,100,logistic_regression,coarse,0.9850359174170823,0.975939845101186,0.02132925670593977,0.04573185183107853,0.9654093372764594,5,5,800,165797,1238.70703125
outer_fold,fold0_seed14_P8_C100_logistic_regression,0,14,8,100,logistic_regression,fine,0.7597724928677841,0.5284259994342221,0.10925259534269571,0.0921271126717329,0.5258951954430809,39,36,800,165797,1238.70703125
outer_fold,fold0_seed15_P8_C100_logistic_regression,0,15,8,100,logistic_regression,coarse,0.9875570728059012,0.9356296234004058,0.08056507539004087,0.09833506867289543,0.9509647121552331,5,5,800,165797,1233.95703125
outer_fold,fold0_seed15_P8_C100_logistic_regression,0,15,8,100,logistic_regression,fine,0.7424621675904871,0.4627706797127854,0.11698123160749674,0.12227210961282253,0.4630861959202237,39,34,800,165797,1233.95703125
outer_fold,fold0_seed16_P8_C100_logistic_regression,0,16,8,100,logistic_regression,coarse,0.9885824230836505,0.963267504637605,0.017816373147070408,0.044583726674318314,0.9697738707235339,5,5,800,165797,1257.47265625
outer_fold,fold0_seed16_P8_C100_logistic_regression,0,16,8,100,logistic_regression,fine,0.7663166402287134,0.4874317967943212,0.1209751833230257,0.08936483971774578,0.4881791071256819,39,36,800,165797,1257.47265625
outer_fold,fold0_seed17_P8_C100_logistic_regression,0,17,8,100,logistic_regression,coarse,0.9899455358058349,0.9682543144602282,0.01482404675334692,0.04211829788982868,0.9669369076907077,5,5,800,165797,1252.27734375
outer_fold,fold0_seed17_P8_C100_logistic_regression,0,17,8,100,logistic_regression,fine,0.7408638274516427,0.464549431762463,0.11251008789986372,0.09493116941303015,0.4584356559292242,39,35,800,165797,1252.27734375
outer_fold,fold0_seed18_P8_C100_logistic_regression,0,18,8,100,logistic_regression,coarse,0.9867910758337003,0.9556488489365927,0.017359131947159767,0.046490464359521866,0.9605173162911221,5,5,800,165797,1256.0
outer_fold,fold0_seed18_P8_C100_logistic_regression,0,18,8,100,logistic_regression,fine,0.7531800937290783,0.4548836826537347,0.11520594079047441,0.09719577897340059,0.4615171507910493,39,35,800,165797,1256.0
outer_fold,fold0_seed19_P8_C100_logistic_regression,0,19,8,100,logistic_regression,coarse,0.9862904636392698,0.8770300314015808,0.016451365314424038,0.04397371783852577,0.9033503300201848,5,5,800,165797,1258.65625
outer_fold,fold0_seed19_P8_C100_logistic_regression,0,19,8,100,logistic_regression,fine,0.7391086690350248,0.41821387327904064,0.10446637030690908,0.08256652299314737,0.42061443917124947,39,33,800,165797,1258.65625
outer_fold,fold0_seed00_P8_C200_logistic_regression,0,0,8,200,logistic_regression,coarse,0.9854520890004042,0.98159361960661,0.03147256653755903,0.0486074835062027,0.9646361223153637,5,5,1600,165797,1280.9453125
outer_fold,fold0_seed00_P8_C200_logistic_regression,0,0,8,200,logistic_regression,fine,0.7628787010621423,0.5450006451183727,0.17307742312550545,0.08762908913195133,0.5384129317518802,39,36,1600,165797,1280.9453125
outer_fold,fold0_seed01_P8_C200_logistic_regression,0,1,8,200,logistic_regression,coarse,0.9895052383336248,0.9368322300041021,0.026403981260955334,0.04563875216990709,0.9546499818172233,5,5,1600,165797,1280.9609375
outer_fold,fold0_seed01_P8_C200_logistic_regression,0,1,8,200,logistic_regression,fine,0.7613648015344066,0.5130273504079804,0.20272076036781073,0.09026911109685898,0.5230248164759577,39,36,1600,165797,1280.9609375
outer_fold,fold0_seed02_P8_C200_logistic_regression,0,2,8,200,logistic_regression,coarse,0.9877862687503393,0.8953964059012727,0.033640443347394466,0.06056622415781021,0.9177595428242101,5,5,1600,165797,1282.26171875
outer_fold,fold0_seed02_P8_C200_logistic_regression,0,2,8,200,logistic_regression,fine,0.7700802788952755,0.5274364631467084,0.21119786240160465,0.09292817860841751,0.5192305763006737,39,35,1600,165797,1282.26171875
outer_fold,fold0_seed03_P8_C200_logistic_regression,0,3,8,200,logistic_regression,coarse,0.9908200992780328,0.9809339976324456,0.027269084006547928,0.044458731077611446,0.9791457895732185,5,5,1600,165797,1288.3046875
outer_fold,fold0_seed03_P8_C200_logistic_regression,0,3,8,200,logistic_regression,fine,0.7623057112010471,0.5369253176995823,0.31467273458838463,0.13936259876936674,0.5367925006015757,39,36,1600,165797,1288.3046875
outer_fold,fold0_seed04_P8_C200_logistic_regression,0,4,8,200,logistic_regression,coarse,0.9808319812783102,0.9560361465372296,0.03150313161313534,0.05187156517058611,0.9523798990116508,5,5,1600,165797,1283.80078125
outer_fold,fold0_seed04_P8_C200_logistic_regression,0,4,8,200,logistic_regression,fine,0.7414730061460701,0.5535161355016646,0.1646891525015235,0.5543275540694594,0.5572079143813432,39,37,1600,165797,1283.80078125
outer_fold,fold0_seed05_P8_C200_logistic_regression,0,5,8,200,logistic_regression,coarse,0.9846921235004252,0.9582323146804758,0.033658561296761036,0.04346304479986429,0.9646291657293175,5,5,1600,165797,1280.21484375
outer_fold,fold0_seed05_P8_C200_logistic_regression,0,5,8,200,logistic_regression,fine,0.7526131353402052,0.5125459288753322,0.21984565071761608,0.08610019646584988,0.5130147040715556,39,36,1600,165797,1280.21484375
outer_fold,fold0_seed06_P8_C200_logistic_regression,0,6,8,200,logistic_regression,coarse,0.9884135418614329,0.9632098566571863,0.023116344586014748,0.04230249207466841,0.9616688214639721,5,5,1600,165797,1281.83984375
outer_fold,fold0_seed06_P8_C200_logistic_regression,0,6,8,200,logistic_regression,fine,0.7560932948123308,0.5176304957657711,0.2078930614516139,0.07939451839774847,0.5197033050215596,39,36,1600,165797,1281.83984375
outer_fold,fold0_seed07_P8_C200_logistic_regression,0,7,8,200,logistic_regression,coarse,0.9792095152505775,0.940894291342541,0.05563504248857498,0.05866787023842335,0.952533614172961,5,5,1600,165797,1286.24609375
outer_fold,fold0_seed07_P8_C200_logistic_regression,0,7,8,200,logistic_regression,fine,0.7605384898399851,0.5365487858236175,0.17237319238483906,0.0916209165006876,0.5393144422849212,39,37,1600,165797,1286.24609375
outer_fold,fold0_seed08_P8_C200_logistic_regression,0,8,8,200,logistic_regression,coarse,0.9873881915836836,0.9841026243276432,0.024367401376366615,0.046568090096116066,0.9589102409869625,5,5,1600,165797,1288.1015625
outer_fold,fold0_seed08_P8_C200_logistic_regression,0,8,8,200,logistic_regression,fine,0.7751225896729133,0.5663272027513908,0.1891983663663268,0.08881698083132505,0.5620426616497429,39,37,1600,165797,1288.1015625
outer_fold,fold0_seed09_P8_C200_logistic_regression,0,9,8,200,logistic_regression,coarse,0.9869418626392517,0.9636874319390504,0.02476432453840971,0.041254677809774876,0.9608718451280254,5,5,1600,165797,1280.58984375
outer_fold,fold0_seed09_P8_C200_logistic_regression,0,9,8,200,logistic_regression,fine,0.7733010850618528,0.536871248953323,0.1646018521860242,0.08338782750070095,0.5383731833200778,39,37,1600,165797,1280.58984375
outer_fold,fold0_seed10_P8_C200_logistic_regression,0,10,8,200,logistic_regression,coarse,0.9880697479447759,0.9050251530546722,0.02278502006083727,0.04738440737128258,0.9299807233511441,5,5,1600,165797,1287.171875
outer_fold,fold0_seed10_P8_C200_logistic_regression,0,10,8,200,logistic_regression,fine,0.737263038535076,0.46657109489995546,0.20197160262614489,0.08801345247775316,0.47645535204733663,39,35,1600,165797,1287.171875
outer_fold,fold0_seed11_P8_C200_logistic_regression,0,11,8,200,logistic_regression,coarse,0.9869418626392517,0.9439152474637773,0.029465751722455025,0.045649497769773006,0.955511585286823,5,5,1600,165797,1282.84375
outer_fold,fold0_seed11_P8_C200_logistic_regression,0,11,8,200,logistic_regression,fine,0.7590849050344699,0.47920838150244494,0.21037291176617146,0.08987210784107447,0.48340554863490626,39,34,1600,165797,1282.84375
outer_fold,fold0_seed12_P8_C200_logistic_regression,0,12,8,200,logistic_regression,coarse,0.9891192241114134,0.9609005465074694,0.02272913698107004,0.043904613703489304,0.9647119468273161,5,5,1600,165797,1282.87109375
outer_fold,fold0_seed12_P8_C200_logistic_regression,0,12,8,200,logistic_regression,fine,0.7633913762010169,0.5257481728154852,0.1909284982830286,0.08589107543230057,0.5298618384628719,39,36,1600,165797,1282.87109375
outer_fold,fold0_seed13_P8_C200_logistic_regression,0,13,8,200,logistic_regression,coarse,0.9821166848616079,0.9588083431124621,0.03410138189792633,0.052713822573423386,0.9520938964617075,5,5,1600,165797,1265.890625
outer_fold,fold0_seed13_P8_C200_logistic_regression,0,13,8,200,logistic_regression,fine,0.7722093885896608,0.5181874993022838,0.15183463506400585,0.5702065676450729,0.5216388932531311,39,35,1600,165797,1265.890625
outer_fold,fold0_seed14_P8_C200_logistic_regression,0,14,8,200,logistic_regression,coarse,0.9847102179170913,0.9744169445607463,0.03047343622893095,0.04342212434858084,0.9640549718574889,5,5,1600,165797,1282.47265625
outer_fold,fold0_seed14_P8_C200_logistic_regression,0,14,8,200,logistic_regression,fine,0.7732407703396322,0.5759570831051837,0.21105496119707823,0.0979086821898818,0.5676436769361292,39,37,1600,165797,1282.47265625
outer_fold,fold0_seed15_P8_C200_logistic_regression,0,15,8,200,logistic_regression,coarse,0.9849876656393058,0.947284664985378,0.030733073130249977,0.04520049877464771,0.9567118729753231,5,5,1600,165797,1267.13671875
outer_fold,fold0_seed15_P8_C200_logistic_regression,0,15,8,200,logistic_regression,fine,0.7455683757848454,0.5050617088928068,0.2239341139793396,0.09040610399097204,0.4992588982139819,39,36,1600,165797,1267.13671875
outer_fold,fold0_seed16_P8_C200_logistic_regression,0,16,8,200,logistic_regression,coarse,0.9896258677780659,0.9761915413344712,0.026192376390099525,0.0452050045132637,0.9728581516280667,5,5,1600,165797,1284.87890625
outer_fold,fold0_seed16_P8_C200_logistic_regression,0,16,8,200,logistic_regression,fine,0.7549714409790286,0.5401498640231951,0.23920376785099506,0.09289819467812777,0.5415637370519591,39,37,1600,165797,1284.87890625
outer_fold,fold0_seed17_P8_C200_logistic_regression,0,17,8,200,logistic_regression,coarse,0.9876596078336761,0.964140612060581,0.01921192556619644,0.034797209315001965,0.9622118886800282,5,5,1600,165797,1280.9609375
outer_fold,fold0_seed17_P8_C200_logistic_regression,0,17,8,200,logistic_regression,fine,0.7495491474514014,0.5067822048020231,0.13186485692858696,0.07107443921267986,0.5019547976253972,39,37,1600,165797,1280.9609375
outer_fold,fold0_seed18_P8_C200_logistic_regression,0,18,8,200,logistic_regression,coarse,0.9869599570559178,0.9579392843780002,0.029678920283913612,0.04844227712601423,0.9626610139486624,5,5,1600,165797,1282.26171875
outer_fold,fold0_seed18_P8_C200_logistic_regression,0,18,8,200,logistic_regression,fine,0.7586868278678143,0.5050240474758765,0.2054214309900999,0.09262657910585403,0.5129210832000826,39,35,1600,165797,1282.26171875
outer_fold,fold0_seed19_P8_C200_logistic_regression,0,19,8,200,logistic_regression,coarse,0.9884617936392094,0.9586764846429666,0.029287615790963173,0.04895057622343302,0.962747905644628,5,5,1600,165797,1288.3046875
outer_fold,fold0_seed19_P8_C200_logistic_regression,0,19,8,200,logistic_regression,fine,0.7507976622013667,0.47319425635822526,0.213419109582901,0.09176397137343884,0.4749887145494399,39,35,1600,165797,1288.3046875
outer_fold,fold0_seed00_P8_C400_logistic_regression,0,0,8,400,logistic_regression,coarse,0.986103488000386,0.9820293944862936,0.043367921374738216,0.0533358221873641,0.9653581801210647,5,5,3200,165797,1285.203125
outer_fold,fold0_seed00_P8_C400_logistic_regression,0,0,8,400,logistic_regression,fine,0.7553815810901283,0.5803172620524619,0.26384386513382196,0.37242693081498146,0.5659858911833419,39,37,3200,165797,1285.203125
outer_fold,fold0_seed01_P8_C400_logistic_regression,0,1,8,400,logistic_regression,coarse,0.9913267429446854,0.9811683942192742,0.038261582143604755,0.043562193401157856,0.9772421462455695,5,5,3200,165797,1280.21484375
outer_fold,fold0_seed01_P8_C400_logistic_regression,0,1,8,400,logistic_regression,fine,0.7545613008679288,0.5751308213702722,0.4826372554525733,0.09024249948561192,0.5802120281779208,39,39,3200,165797,1280.21484375
outer_fold,fold0_seed02_P8_C400_logistic_regression,0,2,8,400,logistic_regression,coarse,0.9899817246391672,0.9730166612800233,0.03965774364769459,0.04340043105185032,0.9711903480423965,5,5,3200,165797,1281.83984375
outer_fold,fold0_seed02_P8_C400_logistic_regression,0,2,8,400,logistic_regression,fine,0.7702009083397167,0.5732573282477987,0.5964404437690973,0.08924011420458555,0.5671710645462762,39,37,3200,165797,1281.83984375
outer_fold,fold0_seed03_P8_C400_logistic_regression,0,3,8,400,logistic_regression,coarse,0.9920082993057775,0.9837733942469127,0.0362448301166296,0.04715238232165575,0.9773555663371942,5,5,3200,165797,1286.24609375
outer_fold,fold0_seed03_P8_C400_logistic_regression,0,3,8,400,logistic_regression,fine,0.7591090309233581,0.5840714870996385,0.5190668413415551,0.08812174573540688,0.5717776849098555,39,36,3200,165797,1286.24609375
outer_fold,fold0_seed04_P8_C400_logistic_regression,0,4,8,400,logistic_regression,coarse,0.981803048306061,0.9583346489866085,0.057420347817242146,0.0476723276078701,0.9544935828250921,5,5,3200,165797,1289.015625
outer_fold,fold0_seed04_P8_C400_logistic_regression,0,4,8,400,logistic_regression,fine,0.748620300729205,0.5761628924734525,0.48814177233725786,0.09791933745145798,0.5687441392612114,39,37,3200,165797,1289.015625
outer_fold,fold0_seed05_P8_C400_logistic_regression,0,5,8,400,logistic_regression,coarse,0.9757836390284504,0.9741453709679817,0.040280044078826904,0.042302291840314865,0.9584382920603834,5,5,3200,165797,1284.19921875
outer_fold,fold0_seed05_P8_C400_logistic_regression,0,5,8,400,logistic_regression,fine,0.7534092896735164,0.5571787274773593,0.5749480333179235,0.08434826228767633,0.5459717919766164,39,37,3200,165797,1284.19921875
outer_fold,fold0_seed06_P8_C400_logistic_regression,0,6,8,400,logistic_regression,coarse,0.9890287520280825,0.9598492546819675,0.06062494125217199,0.04606698174029589,0.9622526447408706,5,5,3200,165797,1287.171875
outer_fold,fold0_seed06_P8_C400_logistic_regression,0,6,8,400,logistic_regression,fine,0.7539702165901675,0.5452287915959745,0.5728074973449111,0.09202935826033354,0.5451650110434247,39,36,3200,165797,1287.171875
outer_fold,fold0_seed07_P8_C400_logistic_regression,0,7,8,400,logistic_regression,coarse,0.9785098644728192,0.9764179631382971,0.07194106187671423,0.05611580144613981,0.9571116323609505,5,5,3200,165797,1282.84375
outer_fold,fold0_seed07_P8_C400_logistic_regression,0,7,8,400,logistic_regression,fine,0.7640307122565547,0.5973402894511723,0.5301142428070307,0.4365906249731779,0.5905874891761703,39,38,3200,165797,1282.84375
outer_fold,fold0_seed08_P8_C400_logistic_regression,0,8,8,400,logistic_regression,coarse,0.9886005175003166,0.9900790642020301,0.04440419003367424,0.04436128679662943,0.9549246252567359,5,5,3200,165797,1285.0078125
outer_fold,fold0_seed08_P8_C400_logistic_regression,0,8,8,400,logistic_regression,fine,0.7743143723951579,0.5804127121259557,0.540058814920485,0.08899933379143476,0.5696836836342868,39,37,3200,165797,1285.0078125
outer_fold,fold0_seed09_P8_C400_logistic_regression,0,9,8,400,logistic_regression,coarse,0.987418348944794,0.9653228640885547,0.06003692373633385,0.0481495400890708,0.9592864254769182,5,5,3200,165797,1269.82421875
outer_fold,fold0_seed09_P8_C400_logistic_regression,0,9,8,400,logistic_regression,fine,0.7775894618117336,0.5758107694901843,0.5537941493093967,0.09565483778715134,0.5715666815626296,39,37,3200,165797,1269.82421875
outer_fold,fold0_seed10_P8_C400_logistic_regression,0,10,8,400,logistic_regression,coarse,0.990072196722498,0.949558162066402,0.04084872268140316,0.04586382769048214,0.9602863128470597,5,5,3200,165797,1285.3984375
outer_fold,fold0_seed10_P8_C400_logistic_regression,0,10,8,400,logistic_regression,fine,0.7487047413403137,0.5308164196163646,0.6075944425538182,0.08234258834272623,0.5309423715051457,39,36,3200,165797,1285.3984375
outer_fold,fold0_seed11_P8_C400_logistic_regression,0,11,8,400,logistic_regression,coarse,0.9759042684728916,0.9288641481989265,0.049468728713691235,0.04613674432039261,0.9425711681678444,5,5,3200,165797,1286.125
outer_fold,fold0_seed11_P8_C400_logistic_regression,0,11,8,400,logistic_regression,fine,0.7527277333124243,0.5293681931781099,0.5995605615898967,0.08766864892095327,0.5293286625618642,39,36,3200,165797,1286.125
outer_fold,fold0_seed12_P8_C400_logistic_regression,0,12,8,400,logistic_regression,coarse,0.9874545377781263,0.9802070238592868,0.03324540425091982,0.04562987945973873,0.9687095272532525,5,5,3200,165797,1284.87890625
outer_fold,fold0_seed12_P8_C400_logistic_regression,0,12,8,400,logistic_regression,fine,0.7659125315898357,0.5791746437252095,0.47281431406736374,0.0918415766209364,0.5725812809716109,39,37,3200,165797,1284.87890625
outer_fold,fold0_seed13_P8_C400_logistic_regression,0,13,8,400,logistic_regression,coarse,0.9847283123337576,0.9628924652643931,0.03938555810600519,0.03527654614299536,0.9604322523088523,5,5,3200,165797,1280.9609375
outer_fold,fold0_seed13_P8_C400_logistic_regression,0,13,8,400,logistic_regression,fine,0.7739162952285024,0.5297266115721353,0.3010192848742008,0.06564497482031584,0.5309405455659846,39,36,3200,165797,1280.9609375
outer_fold,fold0_seed14_P8_C400_logistic_regression,0,14,8,400,logistic_regression,coarse,0.9863809357226005,0.9841439135501014,0.05245061032474041,0.04719737824052572,0.969192597064849,5,5,3200,165797,1286.5
outer_fold,fold0_seed14_P8_C400_logistic_regression,0,14,8,400,logistic_regression,fine,0.770243128645271,0.5955042218825071,0.5261617926880717,0.09291888400912285,0.5875444031889859,39,37,3200,165797,1286.5
outer_fold,fold0_seed15_P8_C400_logistic_regression,0,15,8,400,logistic_regression,coarse,0.9823398493338239,0.9547580370334969,0.07344729080796242,0.047160133719444275,0.9531310627295868,5,5,3200,165797,1288.3046875
outer_fold,fold0_seed15_P8_C400_logistic_regression,0,15,8,400,logistic_regression,fine,0.7483006327014361,0.5618826839057023,0.4731773752719164,0.08802331797778606,0.5540781137868483,39,36,3200,165797,1288.3046875
outer_fold,fold0_seed16_P8_C400_logistic_regression,0,16,8,400,logistic_regression,coarse,0.9839924727226669,0.9810183836141345,0.058461131528019905,0.05841660499572754,0.9658307951142149,5,5,3200,165797,1292.01953125
outer_fold,fold0_seed16_P8_C400_logistic_regression,0,16,8,400,logistic_regression,fine,0.7483669788958787,0.5783515128171733,0.5464500561356544,0.4950590878725052,0.5759407477661741,39,38,3200,165797,1292.01953125
outer_fold,fold0_seed17_P8_C400_logistic_regression,0,17,8,400,logistic_regression,coarse,0.9885944860280946,0.9684405580733358,0.039808930829167366,0.045237334445118904,0.9622449564463975,5,5,3200,165797,1293.64453125
outer_fold,fold0_seed17_P8_C400_logistic_regression,0,17,8,400,logistic_regression,fine,0.7546095526457053,0.5444821619202571,0.49850126449018717,0.09248326532542706,0.5432486036163393,39,37,3200,165797,1293.64453125
outer_fold,fold0_seed18_P8_C400_logistic_regression,0,18,8,400,logistic_regression,coarse,0.98787674083367,0.9627241795161785,0.04484490677714348,0.044957215897738934,0.9649969810342878,5,5,3200,165797,1292.11328125
outer_fold,fold0_seed18_P8_C400_logistic_regression,0,18,8,400,logistic_regression,fine,0.7508821028124755,0.5465210084416875,0.4538166765123606,0.0895680533722043,0.5460551829596595,39,36,3200,165797,1292.11328125
outer_fold,fold0_seed19_P8_C400_logistic_regression,0,19,8,400,logistic_regression,coarse,0.9887573357780901,0.9704220574979356,0.04989354405552149,0.04728339705616236,0.96653562701289,5,5,3200,165797,1286.24609375
outer_fold,fold0_seed19_P8_C400_logistic_regression,0,19,8,400,logistic_regression,fine,0.7543321049234908,0.5363264002431997,0.5420204233378172,0.09189107082784176,0.5330798023196864,39,35,3200,165797,1286.24609375
outer_fold,fold0_seed00_P8_C800_logistic_regression,0,0,8,800,logistic_regression,coarse,0.9865920372503725,0.980079897778124,0.06794173177331686,0.03497100993990898,0.9665940909880797,5,5,6400,165797,1295.09375
outer_fold,fold0_seed00_P8_C800_logistic_regression,0,0,8,800,logistic_regression,fine,0.7563224907567688,0.6016079739940521,1.553727843798697,0.0950031653046608,0.5868329373547433,39,38,6400,165797,1295.09375
outer_fold,fold0_seed01_P8_C800_logistic_regression,0,1,8,800,logistic_regression,coarse,0.9893604830002956,0.9846174573815226,0.07983796019107103,0.04272374138236046,0.9721549713111258,5,5,6400,165797,1289.8515625
outer_fold,fold0_seed01_P8_C800_logistic_regression,0,1,8,800,logistic_regression,fine,0.7347901349240336,0.609497477332003,1.9786965204402804,0.10624261200428009,0.5970099853798332,39,39,6400,165797,1289.8515625
outer_fold,fold0_seed02_P8_C800_logistic_regression,0,2,8,800,logistic_regression,coarse,0.9892338220836324,0.9826311802944543,0.07924923114478588,0.04749885853379965,0.9757321865365739,5,5,6400,165797,1292.8203125
outer_fold,fold0_seed02_P8_C800_logistic_regression,0,2,8,800,logistic_regression,fine,0.7626977568954806,0.5980085826291553,1.6398949502035975,0.10105463769286871,0.5908166248739632,39,38,6400,165797,1292.8203125
outer_fold,fold0_seed03_P8_C800_logistic_regression,0,3,8,800,logistic_regression,coarse,0.9901445743891627,0.9818303002753641,0.09157088305801153,0.05766766704618931,0.9776555300297481,5,5,6400,165797,1289.24609375
outer_fold,fold0_seed03_P8_C800_logistic_regression,0,3,8,800,logistic_regression,fine,0.7513585891180178,0.5954551424875755,1.5537563180550933,0.49230699986219406,0.5782961931971671,39,38,6400,165797,1289.24609375
outer_fold,fold0_seed04_P8_C800_logistic_regression,0,4,8,800,logistic_regression,coarse,0.9809887995560836,0.9603084696976601,0.09631983004510403,0.04337481316179037,0.9516900608318621,5,5,6400,165797,1286.88671875
outer_fold,fold0_seed04_P8_C800_logistic_regression,0,4,8,800,logistic_regression,fine,0.7220576970632762,0.5887600640655063,1.5166967483237386,0.08703994937241077,0.5728901224260294,39,37,6400,165797,1286.88671875
outer_fold,fold0_seed05_P8_C800_logistic_regression,0,5,8,800,logistic_regression,coarse,0.9761937791395502,0.9780517532950134,0.10804771725088358,0.04671681206673384,0.9552951687432781,5,5,6400,165797,1290.15625
outer_fold,fold0_seed05_P8_C800_logistic_regression,0,5,8,800,logistic_regression,fine,0.7324740495907646,0.5799370633474891,1.8505996484309435,0.09295020252466202,0.5614010876893157,39,38,6400,165797,1290.15625
outer_fold,fold0_seed06_P8_C800_logistic_regression,0,6,8,800,logistic_regression,coarse,0.9881059367781082,0.982043620140679,0.09970463253557682,0.04169309325516224,0.9612868530853216,5,5,6400,165797,1285.3984375
outer_fold,fold0_seed06_P8_C800_logistic_regression,0,6,8,800,logistic_regression,fine,0.7402124284516608,0.6020060914485347,1.8530714977532625,0.08863788470625877,0.5852841941631117,39,38,6400,165797,1285.3984375
outer_fold,fold0_seed07_P8_C800_logistic_regression,0,7,8,800,logistic_regression,coarse,0.9806751630005368,0.9811082176597663,0.08832408767193556,0.04546206910163164,0.9623332363995193,5,5,6400,165797,1293.296875
outer_fold,fold0_seed07_P8_C800_logistic_regression,0,7,8,800,logistic_regression,fine,0.7488494966736431,0.6182986989640444,1.5586397163569927,0.09693535044789314,0.5974510466299396,39,39,6400,165797,1293.296875
outer_fold,fold0_seed08_P8_C800_logistic_regression,0,8,8,800,logistic_regression,coarse,0.9889563743614179,0.9886676417769703,0.0715600736439228,0.04645085521042347,0.9559590216705545,5,5,6400,165797,1286.67578125
outer_fold,fold0_seed08_P8_C800_logistic_regression,0,8,8,800,logistic_regression,fine,0.7617327213399518,0.6035687004452003,1.6861020810902119,0.09532371442764997,0.5884832833254487,39,38,6400,165797,1286.67578125
outer_fold,fold0_seed09_P8_C800_logistic_regression,0,9,8,800,logistic_regression,coarse,0.9872253418336882,0.9858974179067971,0.06612629350274801,0.0336934719234705,0.9647237777504186,5,5,6400,165797,1280.9609375
outer_fold,fold0_seed09_P8_C800_logistic_regression,0,9,8,800,logistic_regression,fine,0.7739102637562802,0.62485751821008,1.1615919936448336,0.07589023746550083,0.6150134489759805,39,39,6400,165797,1280.9609375
outer_fold,fold0_seed10_P8_C800_logistic_regression,0,10,8,800,logistic_regression,coarse,0.9823096919727137,0.9761166282215388,0.07591780740767717,0.04601537436246872,0.9631091803273625,5,5,6400,165797,1292.3046875
outer_fold,fold0_seed10_P8_C800_logistic_regression,0,10,8,800,logistic_regression,fine,0.7430291259793603,0.5767744218578584,1.8408390395343304,0.09425763227045536,0.564142893457538,39,37,6400,165797,1292.3046875
outer_fold,fold0_seed11_P8_C800_logistic_regression,0,11,8,800,logistic_regression,coarse,0.9594323178344603,0.9427835989531262,0.13100165035575628,0.0573275089263916,0.9435215266207433,5,5,6400,165797,1292.92578125
outer_fold,fold0_seed11_P8_C800_logistic_regression,0,11,8,800,logistic_regression,fine,0.7444163645904329,0.558658033006307,1.702964011579752,0.48241930082440376,0.5447765355196115,39,36,6400,165797,1292.92578125
outer_fold,fold0_seed12_P8_C800_logistic_regression,0,12,8,800,logistic_regression,coarse,0.9868393276114766,0.9826015254661129,0.055780550464987755,0.04241422936320305,0.9641576048316761,5,5,6400,165797,1292.01953125
outer_fold,fold0_seed12_P8_C800_logistic_regression,0,12,8,800,logistic_regression,fine,0.7525226632568743,0.6049123311995828,1.2256694016978145,0.6477520447224379,0.5899604267221328,39,37,6400,165797,1292.01953125
outer_fold,fold0_seed13_P8_C800_logistic_regression,0,13,8,800,logistic_regression,coarse,0.9841915113059947,0.9629046360521292,0.11579336784780025,0.045346787199378014,0.955459640200065,5,5,6400,165797,1293.64453125
outer_fold,fold0_seed13_P8_C800_logistic_regression,0,13,8,800,logistic_regression,fine,0.7744832536173755,0.5564220376083505,1.2796898633241653,0.0922302370890975,0.5488823982263816,39,37,6400,165797,1293.64453125
outer_fold,fold0_seed14_P8_C800_logistic_regression,0,14,8,800,logistic_regression,coarse,0.9860371418059434,0.9858795170460569,0.10042673163115978,0.046801947988569736,0.954200270897506,5,5,6400,165797,1292.11328125
outer_fold,fold0_seed14_P8_C800_logistic_regression,0,14,8,800,logistic_regression,fine,0.7609064096455304,0.6126750378441174,1.5558103322982788,0.09322432149201632,0.5997582669574308,39,38,6400,165797,1292.11328125
outer_fold,fold0_seed15_P8_C800_logistic_regression,0,15,8,800,logistic_regression,coarse,0.9795774350561228,0.9549924414095401,0.12605275213718414,0.04442203603684902,0.9503391541086097,5,5,6400,165797,1286.24609375
outer_fold,fold0_seed15_P8_C800_logistic_regression,0,15,8,800,logistic_regression,fine,0.7343498374518236,0.578825977699651,1.5204059667885303,0.09283045213669538,0.5607337861561551,39,37,6400,165797,1286.24609375
outer_fold,fold0_seed16_P8_C800_logistic_regression,0,16,8,800,logistic_regression,coarse,0.9766883598617586,0.9782748560749365,0.09904902521520853,0.045583209954202175,0.9577394200367741,5,5,6400,165797,1300.99609375
outer_fold,fold0_seed16_P8_C800_logistic_regression,0,16,8,800,logistic_regression,fine,0.7386261512572604,0.6043176110973174,1.649903911165893,0.09377388097345829,0.5900079997153124,39,38,6400,165797,1300.99609375
outer_fold,fold0_seed17_P8_C800_logistic_regression,0,17,8,800,logistic_regression,coarse,0.9900842596669421,0.9696650388505862,0.07377564068883657,0.04248812980949879,0.9613807570901054,5,5,6400,165797,1291.7109375
outer_fold,fold0_seed17_P8_C800_logistic_regression,0,17,8,800,logistic_regression,fine,0.7529569292568623,0.5750359348313387,1.81147965695709,0.09819992817938328,0.5676127302810994,39,37,6400,165797,1291.7109375
outer_fold,fold0_seed18_P8_C800_logistic_regression,0,18,8,800,logistic_regression,coarse,0.9887633672503121,0.9702312177452314,0.09119519125670195,0.04838419985026121,0.9681454083215053,5,5,6400,165797,1298.26171875
outer_fold,fold0_seed18_P8_C800_logistic_regression,0,18,8,800,logistic_regression,fine,0.7315029825630138,0.572571516613564,1.572106346487999,0.0910374466329813,0.5578745107924091,39,37,6400,165797,1298.26171875
outer_fold,fold0_seed19_P8_C800_logistic_regression,0,19,8,800,logistic_regression,coarse,0.9841613539448844,0.9632276926299456,0.10173094738274813,0.05926301795989275,0.9611561734906336,5,5,6400,165797,1289.84765625
outer_fold,fold0_seed19_P8_C800_logistic_regression,0,19,8,800,logistic_regression,fine,0.7548689059512537,0.556827593226379,1.559379931539297,0.4673443604260683,0.5494438643907192,39,36,6400,165797,1289.84765625
outer_fold,fold0_seed00_P8_C1600_logistic_regression,0,0,8,1600,logistic_regression,coarse,0.9879491185003347,0.9810364632452183,0.26552349235862494,0.04385099373757839,0.9738771360084474,5,5,12800,165797,1297.6640625
outer_fold,fold0_seed00_P8_C1600_logistic_regression,0,0,8,1600,logistic_regression,fine,0.733300361285186,0.6275064504022727,5.30391061771661,0.09691370837390423,0.5985911507963391,39,38,12800,165797,1297.6640625
outer_fold,fold0_seed01_P8_C1600_logistic_regression,0,1,8,1600,logistic_regression,coarse,0.9841553224726624,0.9839245058784488,0.2850281251594424,0.051775853149592876,0.9696292674220628,5,5,12800,165797,1294.60546875
outer_fold,fold0_seed01_P8_C1600_logistic_regression,0,1,8,1600,logistic_regression,fine,0.7251880311465225,0.6295790582726222,5.107685676775873,0.09294399339705706,0.6021561792690546,39,39,12800,165797,1294.60546875
outer_fold,fold0_seed02_P8_C1600_logistic_regression,0,2,8,1600,logistic_regression,coarse,0.968998232778639,0.9752387720930088,0.14396427758038044,0.033973569981753826,0.9560606121880223,5,5,12800,165797,1295.60546875
outer_fold,fold0_seed02_P8_C1600_logistic_regression,0,2,8,1600,logistic_regression,fine,0.7324740495907646,0.6340028149862891,5.534742588177323,0.10206307377666235,0.5997623926016683,39,38,12800,165797,1295.60546875
outer_fold,fold0_seed03_P8_C1600_logistic_regression,0,3,8,1600,logistic_regression,coarse,0.9889262170003076,0.9803516083251775,0.2357955789193511,0.045925069600343704,0.9746872870566843,5,5,12800,165797,1300.6953125
outer_fold,fold0_seed03_P8_C1600_logistic_regression,0,3,8,1600,logistic_regression,fine,0.7218465955355042,0.6303212736668986,6.414119325578213,0.0888484688475728,0.5956339652480805,39,38,12800,165797,1300.6953125
outer_fold,fold0_seed04_P8_C1600_logistic_regression,0,4,8,1600,logistic_regression,coarse,0.9617966549455057,0.9679782500651785,0.22273509483784437,0.04392901994287968,0.9491771251524647,5,5,12800,165797,1292.7734375
outer_fold,fold0_seed04_P8_C1600_logistic_regression,0,4,8,1600,logistic_regression,fine,0.7124857506468754,0.6315544120781815,6.233655315823853,0.09624876547604799,0.5979601427054103,39,38,12800,165797,1292.7734375
outer_fold,fold0_seed05_P8_C1600_logistic_regression,0,5,8,1600,logistic_regression,coarse,0.9727859973340893,0.9755654235841702,0.2424880275502801,0.04833878297358751,0.954979975705528,5,5,12800,165797,1297.9375
outer_fold,fold0_seed05_P8_C1600_logistic_regression,0,5,8,1600,logistic_regression,fine,0.7087703637580897,0.6301495829657837,6.007671394385397,0.09890544041991234,0.5945253150968883,39,38,12800,165797,1297.9375
outer_fold,fold0_seed06_P8_C1600_logistic_regression,0,6,8,1600,logistic_regression,coarse,0.9776353010006212,0.9785096419115857,0.2960946736857295,0.04634280223399401,0.9621256422678595,5,5,12800,165797,1297.33984375
outer_fold,fold0_seed06_P8_C1600_logistic_regression,0,6,8,1600,logistic_regression,fine,0.7134206288412939,0.6309767602479982,5.157743761315942,0.0983470669016242,0.594043618958682,39,38,12800,165797,1297.33984375
outer_fold,fold0_seed07_P8_C1600_logistic_regression,0,7,8,1600,logistic_regression,coarse,0.9775749862784007,0.9786185058633989,0.26866193674504757,0.046073160134255886,0.9612552470629213,5,5,12800,165797,1299.59765625
outer_fold,fold0_seed07_P8_C1600_logistic_regression,0,7,8,1600,logistic_regression,fine,0.739573092396123,0.6410919437481433,3.9625951405614614,0.426946509629488,0.6119114071203712,39,39,12800,165797,1299.59765625
outer_fold,fold0_seed08_P8_C1600_logistic_regression,0,8,8,1600,logistic_regression,coarse,0.9878646778892259,0.9890323465060173,0.1718979338183999,0.056638981215655804,0.9531725454746391,5,5,12800,165797,1292.01953125
outer_fold,fold0_seed08_P8_C1600_logistic_regression,0,8,8,1600,logistic_regression,fine,0.7432040386737999,0.6380599087832708,4.727357476018369,0.5421678554266691,0.6104957426664073,39,39,12800,165797,1292.01953125
outer_fold,fold0_seed09_P8_C1600_logistic_regression,0,9,8,1600,logistic_regression,coarse,0.983775339722673,0.980640195714974,0.25420672073960304,0.043134063482284546,0.9607111869253128,5,5,12800,165797,1293.64453125
outer_fold,fold0_seed09_P8_C1600_logistic_regression,0,9,8,1600,logistic_regression,fine,0.7610632279233038,0.6493288605836854,5.185171923600137,0.09994934964925051,0.6254594615040825,39,39,12800,165797,1293.64453125
outer_fold,fold0_seed10_P8_C1600_logistic_regression,0,10,8,1600,logistic_regression,coarse,0.9787209660005911,0.9747236586951257,0.23802299238741398,0.04376027826219797,0.968370967175038,5,5,12800,165797,1299.27734375
outer_fold,fold0_seed10_P8_C1600_logistic_regression,0,10,8,1600,logistic_regression,fine,0.7225040260077082,0.623580644208644,4.754161096177995,0.09404581692069769,0.5967864300319233,39,38,12800,165797,1299.27734375
outer_fold,fold0_seed11_P8_C1600_logistic_regression,0,11,8,1600,logistic_regression,coarse,0.9425140382515969,0.9501193353704632,0.3238137001171708,0.04468656051903963,0.9407543087006587,5,5,12800,165797,1296.58203125
outer_fold,fold0_seed11_P8_C1600_logistic_regression,0,11,8,1600,logistic_regression,fine,0.7364608527295428,0.605478153941144,5.12438209541142,0.09983022138476372,0.5750613021274947,39,38,12800,165797,1296.58203125
outer_fold,fold0_seed12_P8_C1600_logistic_regression,0,12,8,1600,logistic_regression,coarse,0.984233731611549,0.980428268673446,0.29999500419944525,0.05821335129439831,0.9514123725680008,5,5,12800,165797,1301.9296875
outer_fold,fold0_seed12_P8_C1600_logistic_regression,0,12,8,1600,logistic_regression,fine,0.7362075308962165,0.6236375792251185,4.6877724239602685,0.4673200733959675,0.5942741953919514,39,37,12800,165797,1301.9296875
outer_fold,fold0_seed13_P8_C1600_logistic_regression,0,13,8,1600,logistic_regression,coarse,0.9845172108059856,0.9859005766046538,0.3272759160026908,0.047046503983438015,0.9653354884120896,5,5,12800,165797,1291.7109375
outer_fold,fold0_seed13_P8_C1600_logistic_regression,0,13,8,1600,logistic_regression,fine,0.7543019475623804,0.6203965952788301,6.203480128198862,0.09886008221656084,0.5947809871715927,39,39,12800,165797,1291.7109375
outer_fold,fold0_seed14_P8_C1600_logistic_regression,0,14,8,1600,logistic_regression,coarse,0.9827680838615898,0.9833408609477244,0.2905900375917554,0.04676887858659029,0.9599780623302534,5,5,12800,165797,1298.26171875
outer_fold,fold0_seed14_P8_C1600_logistic_regression,0,14,8,1600,logistic_regression,fine,0.7455140925348468,0.6415690645564224,5.512581890448928,0.10231767408549786,0.6074494000169895,39,39,12800,165797,1298.26171875
outer_fold,fold0_seed15_P8_C1600_logistic_regression,0,15,8,1600,logistic_regression,coarse,0.9810430828060821,0.9700152834401475,0.2293286668136716,0.052855865098536015,0.9634732148254456,5,5,12800,165797,1290.95703125
outer_fold,fold0_seed15_P8_C1600_logistic_regression,0,15,8,1600,logistic_regression,fine,0.7315452028685682,0.6183413746909336,5.354883688502014,0.5355400331318378,0.5956623479338178,39,37,12800,165797,1290.95703125
outer_fold,fold0_seed16_P8_C1600_logistic_regression,0,16,8,1600,logistic_regression,coarse,0.972321573972991,0.9779160821152546,0.33771011233329773,0.04371482040733099,0.9615492718179013,5,5,12800,165797,1304.58203125
outer_fold,fold0_seed16_P8_C1600_logistic_regression,0,16,8,1600,logistic_regression,fine,0.7227814737299227,0.6207267048320506,4.438714439980686,0.0884389178827405,0.5912241595380784,39,38,12800,165797,1304.58203125
outer_fold,fold0_seed17_P8_C1600_logistic_regression,0,17,8,1600,logistic_regression,coarse,0.9844207072504327,0.9819712462381809,0.1314560966566205,0.04358057025820017,0.9674228893111266,5,5,12800,165797,1302.40625
outer_fold,fold0_seed17_P8_C1600_logistic_regression,0,17,8,1600,logistic_regression,fine,0.7283666170075453,0.6261551132906225,3.8602084973827004,0.4450491601601243,0.5975344952384377,39,38,12800,165797,1302.40625
outer_fold,fold0_seed18_P8_C1600_logistic_regression,0,18,8,1600,logistic_regression,coarse,0.9810973660560807,0.9801667915300012,0.26671143528074026,0.044647132977843285,0.968253217162178,5,5,12800,165797,1304.50390625
outer_fold,fold0_seed18_P8_C1600_logistic_regression,0,18,8,1600,logistic_regression,fine,0.7120454531746654,0.6065931208204673,5.700977420434356,0.10010072495788336,0.5730312928918605,39,38,12800,165797,1304.50390625
outer_fold,fold0_seed19_P8_C1600_logistic_regression,0,19,8,1600,logistic_regression,coarse,0.9845111793337635,0.9645983323899909,0.2583387177437544,0.044113376177847385,0.9637120760871358,5,5,12800,165797,1300.6953125
outer_fold,fold0_seed19_P8_C1600_logistic_regression,0,19,8,1600,logistic_regression,fine,0.7301338383686073,0.6049420044335749,5.883320615626872,0.07981996331363916,0.5757749737537581,39,37,12800,165797,1300.6953125
outer_fold,fold0_seed00_P16_C100_logistic_regression,0,0,16,100,logistic_regression,coarse,0.9855365296115128,0.971532938875027,0.04246288072317839,0.044533723033964634,0.970506459471131,5,5,1600,165797,1313.68359375
outer_fold,fold0_seed00_P16_C100_logistic_regression,0,0,16,100,logistic_regression,fine,0.7698691773675036,0.543341247540549,0.13907506968826056,0.07057688757777214,0.5442055400391852,39,36,1600,165797,1313.68359375
outer_fold,fold0_seed01_P16_C100_logistic_regression,0,1,16,100,logistic_regression,coarse,0.9870564606114707,0.9599810331392671,0.03794849291443825,0.04628979414701462,0.9631915437793255,5,5,1600,165797,1297.9375
outer_fold,fold0_seed01_P16_C100_logistic_regression,0,1,16,100,logistic_regression,fine,0.7622996797288251,0.5244467981757137,0.19971691630780697,0.09052912797778845,0.5270815440357384,39,36,1600,165797,1297.9375
outer_fold,fold0_seed02_P16_C100_logistic_regression,0,2,16,100,logistic_regression,coarse,0.9846559346670929,0.8962170888477823,0.025881522335112095,0.048461045138537884,0.9189841472036313,5,5,1600,165797,1303.16015625
outer_fold,fold0_seed02_P16_C100_logistic_regression,0,2,16,100,logistic_regression,fine,0.7698148941175051,0.5380682046150688,0.20398236252367496,0.09078888595104218,0.5327949908833597,39,35,1600,165797,1303.16015625
outer_fold,fold0_seed03_P16_C100_logistic_regression,0,3,16,100,logistic_regression,coarse,0.9916886312780087,0.985005077084244,0.029679290018975735,0.05269892048090696,0.9806858945695985,5,5,1600,165797,1310.05078125
outer_fold,fold0_seed03_P16_C100_logistic_regression,0,3,16,100,logistic_regression,fine,0.7691755580619674,0.5593704102393259,0.2029005689546466,0.3713881494477391,0.5536744194514258,39,37,1600,165797,1310.05078125
outer_fold,fold0_seed04_P16_C100_logistic_regression,0,4,16,100,logistic_regression,coarse,0.9878103946392275,0.9574262746526305,0.023168752901256084,0.04270927980542183,0.9648309462297009,5,5,1600,165797,1313.01953125
outer_fold,fold0_seed04_P16_C100_logistic_regression,0,4,16,100,logistic_regression,fine,0.7380410984517211,0.5462490810532408,0.13337920792400837,0.2399274567142129,0.544730046084396,39,37,1600,165797,1313.01953125
outer_fold,fold0_seed05_P16_C100_logistic_regression,0,5,16,100,logistic_regression,coarse,0.9874545377781263,0.9716399662451897,0.03658369556069374,0.04522261116653681,0.9695533525764111,5,5,1600,165797,1302.00390625
outer_fold,fold0_seed05_P16_C100_logistic_regression,0,5,16,100,logistic_regression,fine,0.7631018655343583,0.5390862500010316,0.169639372266829,0.08879278600215912,0.5277780836581524,39,36,1600,165797,1302.00390625
outer_fold,fold0_seed06_P16_C100_logistic_regression,0,6,16,100,logistic_regression,coarse,0.9886668636947592,0.9774952148742427,0.021059203892946243,0.044952298514544964,0.9730254570400533,5,5,1600,165797,1306.07421875
outer_fold,fold0_seed06_P16_C100_logistic_regression,0,6,16,100,logistic_regression,fine,0.7498869098958365,0.5492193741769547,0.16341947671025991,0.08547499403357506,0.545764448749454,39,36,1600,165797,1306.07421875
outer_fold,fold0_seed07_P16_C100_logistic_regression,0,7,16,100,logistic_regression,coarse,0.9871348697503574,0.9336210482234742,0.03198210708796978,0.04437902197241783,0.9500353662412577,5,5,1600,165797,1307.66796875
outer_fold,fold0_seed07_P16_C100_logistic_regression,0,7,16,100,logistic_regression,fine,0.7632647152843538,0.5327654098944588,0.19201992731541395,0.08889263588935137,0.5351614148158549,39,36,1600,165797,1307.66796875
outer_fold,fold0_seed08_P16_C100_logistic_regression,0,8,16,100,logistic_regression,coarse,0.9873640656947954,0.9806513739435768,0.03955733496695757,0.057865582406520844,0.965024165758865,5,5,1600,165797,1301.9296875
outer_fold,fold0_seed08_P16_C100_logistic_regression,0,8,16,100,logistic_regression,fine,0.7773723288117397,0.5366640336221131,0.15918213222175837,0.21577864233404398,0.537408069572031,39,36,1600,165797,1301.9296875
outer_fold,fold0_seed09_P16_C100_logistic_regression,0,9,16,100,logistic_regression,coarse,0.9876957966670085,0.9577553385306764,0.030446365475654602,0.04945915471762419,0.9603269619357976,5,5,1600,165797,1308.40234375
outer_fold,fold0_seed09_P16_C100_logistic_regression,0,9,16,100,logistic_regression,fine,0.7700380585897212,0.5349476895316093,0.20186493266373873,0.0924904253333807,0.5431313186472,39,36,1600,165797,1308.40234375
outer_fold,fold0_seed10_P16_C100_logistic_regression,0,10,16,100,logistic_regression,coarse,0.9879792758614451,0.9723505568891732,0.03085658699274063,0.04388023819774389,0.963900347900624,5,5,1600,165797,1304.44921875
outer_fold,fold0_seed10_P16_C100_logistic_regression,0,10,16,100,logistic_regression,fine,0.7597061466733415,0.5200028902873849,0.21220187190920115,0.0935010127723217,0.5233785210294779,39,35,1600,165797,1304.44921875
outer_fold,fold0_seed11_P16_C100_logistic_regression,0,11,16,100,logistic_regression,coarse,0.9845292737504298,0.9473173496669629,0.0243529099971056,0.042006801813840866,0.9551109119586487,5,5,1600,165797,1290.95703125
outer_fold,fold0_seed11_P16_C100_logistic_regression,0,11,16,100,logistic_regression,fine,0.7653214473120744,0.5064927532694745,0.12210642080754042,0.2934136427938938,0.5056236344122974,39,36,1600,165797,1290.95703125
outer_fold,fold0_seed12_P16_C100_logistic_regression,0,12,16,100,logistic_regression,coarse,0.9898972840280584,0.9816939349590964,0.03217292204499245,0.04231424070894718,0.9751860385677604,5,5,1600,165797,1315.49609375
outer_fold,fold0_seed12_P16_C100_logistic_regression,0,12,16,100,logistic_regression,fine,0.762746008673257,0.5502000184986893,0.1992496782913804,0.08968586940318346,0.5548924044641715,39,37,1600,165797,1315.49609375
outer_fold,fold0_seed13_P16_C100_logistic_regression,0,13,16,100,logistic_regression,coarse,0.9888779652225311,0.9811866864143418,0.027910391800105572,0.046812974847853184,0.9700509385068091,5,5,1600,165797,1302.40625
outer_fold,fold0_seed13_P16_C100_logistic_regression,0,13,16,100,logistic_regression,fine,0.7760152475617773,0.558439126828569,0.18532906100153923,0.08885774295777082,0.5531004086489715,39,36,1600,165797,1302.40625
outer_fold,fold0_seed14_P16_C100_logistic_regression,0,14,16,100,logistic_regression,coarse,0.9874846951392365,0.9793704994557496,0.027788277715444565,0.04167843144387007,0.9677130515516037,5,5,1600,165797,1309.89453125
outer_fold,fold0_seed14_P16_C100_logistic_regression,0,14,16,100,logistic_regression,fine,0.7696037925897332,0.5500623253349111,0.2092047492042184,0.08653895184397697,0.5494699461254577,39,38,1600,165797,1309.89453125
outer_fold,fold0_seed15_P16_C100_logistic_regression,0,15,16,100,logistic_regression,coarse,0.9898852210836143,0.9814315159771088,0.025708983652293682,0.045253547839820385,0.977376711442209,5,5,1600,165797,1300.6953125
outer_fold,fold0_seed15_P16_C100_logistic_regression,0,15,16,100,logistic_regression,fine,0.7506227495069272,0.5298701809019963,0.20400583744049072,0.0853275740519166,0.539196212001138,39,37,1600,165797,1300.6953125
outer_fold,fold0_seed16_P16_C100_logistic_regression,0,16,16,100,logistic_regression,coarse,0.9863387154170461,0.9558051455933306,0.020396824926137924,0.03416476584970951,0.9618354527651103,5,5,1600,165797,1313.68359375
outer_fold,fold0_seed16_P16_C100_logistic_regression,0,16,16,100,logistic_regression,fine,0.7579147994233912,0.5195400302372726,0.15401383861899376,0.06745593808591366,0.5178127524250424,39,36,1600,165797,1313.68359375
outer_fold,fold0_seed17_P16_C100_logistic_regression,0,17,16,100,logistic_regression,coarse,0.9899998190558333,0.9688318572076394,0.025842553935945034,0.04855209216475487,0.9678576783578337,5,5,1600,165797,1297.9375
outer_fold,fold0_seed17_P16_C100_logistic_regression,0,17,16,100,logistic_regression,fine,0.7663467975898237,0.519002986013573,0.20155113469809294,0.0907801128923893,0.5186421997545426,39,36,1600,165797,1297.9375
outer_fold,fold0_seed18_P16_C100_logistic_regression,0,18,16,100,logistic_regression,coarse,0.9860250788614993,0.9606034011109837,0.03074080403894186,0.04791631270200014,0.9579488761578376,5,5,1600,165797,1303.16015625
outer_fold,fold0_seed18_P16_C100_logistic_regression,0,18,16,100,logistic_regression,fine,0.7569557953400846,0.5093254879940493,0.20448250975459814,0.09231365192681551,0.514003010265944,39,35,1600,165797,1303.16015625
outer_fold,fold0_seed19_P16_C100_logistic_regression,0,19,16,100,logistic_regression,coarse,0.9862723692226035,0.9585299785840575,0.03472338896244764,0.06195487640798092,0.9623648955630136,5,5,1600,165797,1310.05078125
outer_fold,fold0_seed19_P16_C100_logistic_regression,0,19,16,100,logistic_regression,fine,0.7477698631458953,0.5100228025925355,0.18937706295400858,0.541783562861383,0.5127403312742252,39,35,1600,165797,1310.05078125
outer_fold,fold0_seed00_P16_C200_logistic_regression,0,0,16,200,logistic_regression,coarse,0.9851143265559691,0.9786108282246543,0.06129170674830675,0.05183292832225561,0.9725961372962507,5,5,3200,165797,1313.01953125
outer_fold,fold0_seed00_P16_C200_logistic_regression,0,0,16,200,logistic_regression,fine,0.7679994209786667,0.5910282303924965,0.4200706575065851,0.6175974356010556,0.5915715988996451,39,37,3200,165797,1313.01953125
outer_fold,fold0_seed01_P16_C200_logistic_regression,0,1,16,200,logistic_regression,coarse,0.9862482433337153,0.9610176186949001,0.055014305748045444,0.04781876690685749,0.9603812377517095,5,5,3200,165797,1302.00390625
outer_fold,fold0_seed01_P16_C200_logistic_regression,0,1,16,200,logistic_regression,fine,0.7606530878122041,0.550665325535265,0.4582609310746193,0.0887937480583787,0.5507348096487888,39,36,3200,165797,1302.00390625
outer_fold,fold0_seed02_P16_C200_logistic_regression,0,2,16,200,logistic_regression,coarse,0.9856993793615083,0.8978843217999666,0.046410324051976204,0.04384110867977142,0.9222554143553175,5,5,3200,165797,1306.07421875
outer_fold,fold0_seed02_P16_C200_logistic_regression,0,2,16,200,logistic_regression,fine,0.7726074657563164,0.5573685391552992,0.47439597453922033,0.0851443000137806,0.5488784420382559,39,35,3200,165797,1306.07421875
outer_fold,fold0_seed03_P16_C200_logistic_regression,0,3,16,200,logistic_regression,coarse,0.9880275276392214,0.9852676201703048,0.05592030845582485,0.04839955270290375,0.9658798495620615,5,5,3200,165797,1307.66796875
outer_fold,fold0_seed03_P16_C200_logistic_regression,0,3,16,200,logistic_regression,fine,0.7660995072287194,0.5888543418273531,0.47033869940787554,0.09553212486207485,0.5781042258954857,39,37,3200,165797,1307.66796875
outer_fold,fold0_seed04_P16_C200_logistic_regression,0,4,16,200,logistic_regression,coarse,0.9854882778337364,0.980787649950041,0.056848663836717606,0.06163499876856804,0.9735890148923498,5,5,3200,165797,1301.9296875
outer_fold,fold0_seed04_P16_C200_logistic_regression,0,4,16,200,logistic_regression,fine,0.7478422408125599,0.597022745805527,0.45734533574432135,0.37467212323099375,0.5957226254044439,39,38,3200,165797,1301.9296875
outer_fold,fold0_seed05_P16_C200_logistic_regression,0,5,16,200,logistic_regression,coarse,0.9850902006670809,0.9769029166443811,0.07370747905224562,0.04829402547329664,0.972099710919351,5,5,3200,165797,1308.40234375
outer_fold,fold0_seed05_P16_C200_logistic_regression,0,5,16,200,logistic_regression,fine,0.7620946096732751,0.5640105576959032,0.45979879703372717,0.09564304165542126,0.553385079780503,39,37,3200,165797,1308.40234375
outer_fold,fold0_seed06_P16_C200_logistic_regression,0,6,16,200,logistic_regression,coarse,0.9880214961669994,0.9831178830881393,0.047419711016118526,0.04852676298469305,0.9744444774313283,5,5,3200,165797,1304.44921875
outer_fold,fold0_seed06_P16_C200_logistic_regression,0,6,16,200,logistic_regression,fine,0.7486685525069814,0.5616394987035678,0.49580978881567717,0.09377426188439131,0.5595615182918628,39,37,3200,165797,1304.44921875
outer_fold,fold0_seed07_P16_C200_logistic_regression,0,7,16,200,logistic_regression,coarse,0.985765725555951,0.9621118854073556,0.06468744575977325,0.04491643514484167,0.9602702008017203,5,5,3200,165797,1290.95703125
outer_fold,fold0_seed07_P16_C200_logistic_regression,0,7,16,200,logistic_regression,fine,0.7600318461733324,0.5644204077164582,0.3244721731171012,0.4128606151789427,0.5593046686000773,39,37,3200,165797,1290.95703125
outer_fold,fold0_seed08_P16_C200_logistic_regression,0,8,16,200,logistic_regression,coarse,0.987967212917001,0.9828745003115769,0.038329632952809334,0.04523140378296375,0.9676930580352664,5,5,3200,165797,1315.49609375
outer_fold,fold0_seed08_P16_C200_logistic_regression,0,8,16,200,logistic_regression,fine,0.7658522168676152,0.5778551231961384,0.4494293089956045,0.09279350843280554,0.5660883446582459,39,37,3200,165797,1315.49609375
outer_fold,fold0_seed09_P16_C200_logistic_regression,0,9,16,200,logistic_regression,coarse,0.9871831215281338,0.9620964884532089,0.07371621206402779,0.04920711740851402,0.9619190674498679,5,5,3200,165797,1302.40625
outer_fold,fold0_seed09_P16_C200_logistic_regression,0,9,16,200,logistic_regression,fine,0.7709186535341411,0.5737882304181533,0.4385188836604357,0.09854686632752419,0.5719207399360764,39,37,3200,165797,1302.40625
outer_fold,fold0_seed10_P16_C200_logistic_regression,0,10,16,200,logistic_regression,coarse,0.9892881053336309,0.9759225300839243,0.03694571740925312,0.04286608472466469,0.9715308214741107,5,5,3200,165797,1309.89453125
outer_fold,fold0_seed10_P16_C200_logistic_regression,0,10,16,200,logistic_regression,fine,0.7589763385344729,0.54782679683803,0.536013238132,0.08294825255870819,0.5465644483309946,39,36,3200,165797,1309.89453125
outer_fold,fold0_seed11_P16_C200_logistic_regression,0,11,16,200,logistic_regression,coarse,0.9861879286114947,0.9529311880541004,0.057338266633450985,0.04507505148649216,0.9575248739193845,5,5,3200,165797,1300.6953125
outer_fold,fold0_seed11_P16_C200_logistic_regression,0,11,16,200,logistic_regression,fine,0.7630294878676936,0.5300319687604159,0.48498174641281366,0.08003684692084789,0.5327530403971954,39,36,3200,165797,1300.6953125
outer_fold,fold0_seed12_P16_C200_logistic_regression,0,12,16,200,logistic_regression,coarse,0.9853797113337395,0.980819985782136,0.04874720238149166,0.03532672952860594,0.9662852935638993,5,5,3200,165797,1313.68359375
outer_fold,fold0_seed12_P16_C200_logistic_regression,0,12,16,200,logistic_regression,fine,0.7604419862844322,0.5843716195326729,0.5209206901490688,0.4990743603557348,0.579955880118702,39,37,3200,165797,1313.68359375
outer_fold,fold0_seed13_P16_C200_logistic_regression,0,13,16,200,logistic_regression,coarse,0.9840588189171094,0.9829087306700659,0.06675350852310658,0.04589037876576185,0.965087280300305,5,5,3200,165797,1297.9375
outer_fold,fold0_seed13_P16_C200_logistic_regression,0,13,16,200,logistic_regression,fine,0.7766244262562049,0.582887156452158,0.44689482636749744,0.0921889366582036,0.5779468141992546,39,37,3200,165797,1297.9375
outer_fold,fold0_seed14_P16_C200_logistic_regression,0,14,16,200,logistic_regression,coarse,0.9868875793892531,0.9844463444519043,0.05904705636203289,0.04623381048440933,0.9644825567810065,5,5,3200,165797,1303.16015625
outer_fold,fold0_seed14_P16_C200_logistic_regression,0,14,16,200,logistic_regression,fine,0.7711961012563556,0.6049327389056472,0.4387490265071392,0.09456989075988531,0.5938459576082895,39,38,3200,165797,1303.16015625
outer_fold,fold0_seed15_P16_C200_logistic_regression,0,15,16,200,logistic_regression,coarse,0.9843664240004343,0.9788174529617996,0.05947762914001942,0.045899161137640476,0.9690385814727099,5,5,3200,165797,1310.05078125
outer_fold,fold0_seed15_P16_C200_logistic_regression,0,15,16,200,logistic_regression,fine,0.7541149719234969,0.5711415044271541,0.5591013506054878,0.5855022482573986,0.5687709636006308,39,37,3200,165797,1310.05078125
outer_fold,fold0_seed16_P16_C200_logistic_regression,0,16,16,200,logistic_regression,coarse,0.9874062860003499,0.9808689790377972,0.02901019249111414,0.04245053417980671,0.9682686573757346,5,5,3200,165797,1313.01953125
outer_fold,fold0_seed16_P16_C200_logistic_regression,0,16,16,200,logistic_regression,fine,0.7434452975626821,0.5749360905116224,0.3714921781793237,0.2994789369404316,0.5642407683133716,39,37,3200,165797,1313.01953125
outer_fold,fold0_seed17_P16_C200_logistic_regression,0,17,16,200,logistic_regression,coarse,0.9870745550281368,0.9659718298820736,0.0550693990662694,0.04559644963592291,0.9563755468962342,5,5,3200,165797,1302.00390625
outer_fold,fold0_seed17_P16_C200_logistic_regression,0,17,16,200,logistic_regression,fine,0.7659065001176137,0.551995301448574,0.5006530983373523,0.09005933720618486,0.5506426039356472,39,37,3200,165797,1302.00390625
outer_fold,fold0_seed18_P16_C200_logistic_regression,0,18,16,200,logistic_regression,coarse,0.9881602200281067,0.9619400748458931,0.04336460866034031,0.044717577286064625,0.960204000996937,5,5,3200,165797,1306.07421875
outer_fold,fold0_seed18_P16_C200_logistic_regression,0,18,16,200,logistic_regression,fine,0.7524261597013215,0.5406914037292072,0.46685041207820177,0.08346907887607813,0.5381725689039403,39,36,3200,165797,1306.07421875
outer_fold,fold0_seed19_P16_C200_logistic_regression,0,19,16,200,logistic_regression,coarse,0.9834737661115702,0.9777563298176613,0.059801953844726086,0.045242009684443474,0.9705949094925097,5,5,3200,165797,1307.66796875
outer_fold,fold0_seed19_P16_C200_logistic_regression,0,19,16,200,logistic_regression,fine,0.7566904105623141,0.5721659563641361,0.4865164067596197,0.09403328783810139,0.5664283806983633,39,37,3200,165797,1307.66796875
outer_fold,fold0_seed00_P16_C400_logistic_regression,0,0,16,400,logistic_regression,coarse,0.9807897609727558,0.9767411087604392,0.19951764959841967,0.04828492272645235,0.9681999474450897,5,5,6400,165797,1301.9296875
outer_fold,fold0_seed00_P16_C400_logistic_regression,0,0,16,400,logistic_regression,fine,0.7572030857011888,0.6190664876224214,1.4408808974549174,0.713314225897193,0.6016794200512475,39,37,6400,165797,1301.9296875
outer_fold,fold0_seed01_P16_C400_logistic_regression,0,1,16,400,logistic_regression,coarse,0.9867669499448121,0.9768931078839982,0.08891642093658447,0.04763712640851736,0.9654068143240849,5,5,6400,165797,1308.40234375
outer_fold,fold0_seed01_P16_C400_logistic_regression,0,1,16,400,logistic_regression,fine,0.7560812318678867,0.6032061177544706,1.7667808281257749,0.10190159361809492,0.5989151542670985,39,39,6400,165797,1308.40234375
outer_fold,fold0_seed02_P16_C400_logistic_regression,0,2,16,400,logistic_regression,coarse,0.9881783144447728,0.9782993049115258,0.09026219975203276,0.04570666328072548,0.9646338091997212,5,5,6400,165797,1304.44921875
outer_fold,fold0_seed02_P16_C400_logistic_regression,0,2,16,400,logistic_regression,fine,0.7640246807843326,0.6180542451972935,1.5635522296652198,0.0944485180079937,0.6072911775799146,39,38,6400,165797,1304.44921875
outer_fold,fold0_seed03_P16_C400_logistic_regression,0,3,16,400,logistic_regression,coarse,0.9881360941392184,0.9853150298777097,0.09168615564703941,0.0552317826077342,0.9626082239853787,5,5,6400,165797,1290.95703125
outer_fold,fold0_seed03_P16_C400_logistic_regression,0,3,16,400,logistic_regression,fine,0.749500895673625,0.6090708355868014,0.7987358206883073,0.2895176075398922,0.5911489474015544,39,38,6400,165797,1290.95703125
outer_fold,fold0_seed04_P16_C400_logistic_regression,0,4,16,400,logistic_regression,coarse,0.9857777885003951,0.9805599431040761,0.10250256955623627,0.04611014574766159,0.9749738096249242,5,5,6400,165797,1315.49609375
outer_fold,fold0_seed04_P16_C400_logistic_regression,0,4,16,400,logistic_regression,fine,0.7464489707292653,0.618343928382752,1.3194644832983613,0.09732163697481155,0.6063624626048489,39,38,6400,165797,1315.49609375
outer_fold,fold0_seed05_P16_C400_logistic_regression,0,5,16,400,logistic_regression,coarse,0.9802951802505474,0.9794110302771989,0.12072024215012789,0.045582388527691364,0.9648834309093525,5,5,6400,165797,1302.40625
outer_fold,fold0_seed05_P16_C400_logistic_regression,0,5,16,400,logistic_regression,fine,0.7527337647846463,0.5875157442171892,1.5665728701278567,0.4471736727282405,0.5682301948737514,39,37,6400,165797,1302.40625
outer_fold,fold0_seed06_P16_C400_logistic_regression,0,6,16,400,logistic_regression,coarse,0.9876777022503422,0.9836726538606545,0.11719423905014992,0.0422587376087904,0.970890331736858,5,5,6400,165797,1309.89453125
outer_fold,fold0_seed06_P16_C400_logistic_regression,0,6,16,400,logistic_regression,fine,0.7454356833959601,0.5973096890588354,1.3886349108070135,0.09436738677322865,0.5862261869652986,39,37,6400,165797,1309.89453125
outer_fold,fold0_seed07_P16_C400_logistic_regression,0,7,16,400,logistic_regression,coarse,0.9835039234726805,0.9853894493834003,0.10348323453217745,0.045553725212812424,0.9588809923836724,5,5,6400,165797,1300.6953125
outer_fold,fold0_seed07_P16_C400_logistic_regression,0,7,16,400,logistic_regression,fine,0.7529569292568623,0.6201015179426953,1.4885107604786754,0.09667993895709515,0.6016951706404291,39,38,6400,165797,1300.6953125
outer_fold,fold0_seed08_P16_C400_logistic_regression,0,8,16,400,logistic_regression,coarse,0.9870624920836927,0.9869536890693229,0.09493998158723116,0.04337165877223015,0.9601270414177506,5,5,6400,165797,1313.68359375
outer_fold,fold0_seed08_P16_C400_logistic_regression,0,8,16,400,logistic_regression,fine,0.7551644480901343,0.5986399790676818,1.4587032981216908,0.08894488401710987,0.5783431693466066,39,38,6400,165797,1313.68359375
outer_fold,fold0_seed09_P16_C400_logistic_regression,0,9,16,400,logistic_regression,coarse,0.9866161631392607,0.9810545400729396,0.12954811938107014,0.048562836833298206,0.9711106499511581,5,5,6400,165797,1297.9375
outer_fold,fold0_seed09_P16_C400_logistic_regression,0,9,16,400,logistic_regression,fine,0.7680597357008873,0.6202480735236711,1.4986471198499203,0.09354041144251823,0.6089677091939936,39,38,6400,165797,1297.9375
outer_fold,fold0_seed10_P16_C400_logistic_regression,0,10,16,400,logistic_regression,coarse,0.9900360078891657,0.9684537708313702,0.06275417935103178,0.04509227629750967,0.9681123619806179,5,5,6400,165797,1303.16015625
outer_fold,fold0_seed10_P16_C400_logistic_regression,0,10,16,400,logistic_regression,fine,0.7502970500069361,0.5776051218693857,1.7675577579066157,0.09286738839000463,0.5615030218004257,39,36,6400,165797,1303.16015625
outer_fold,fold0_seed11_P16_C400_logistic_regression,0,11,16,400,logistic_regression,coarse,0.9800117010561108,0.9456174076077885,0.09659785591065884,0.05564049165695906,0.955328668742226,5,5,6400,165797,1310.05078125
outer_fold,fold0_seed11_P16_C400_logistic_regression,0,11,16,400,logistic_regression,fine,0.754796528284589,0.567358341744915,1.119796340353787,0.09331326466053724,0.5562507276873192,39,36,6400,165797,1310.05078125
outer_fold,fold0_seed12_P16_C400_logistic_regression,0,12,16,400,logistic_regression,coarse,0.9816100411949553,0.976342035555861,0.11654067412018776,0.05584946367889643,0.9605623840256582,5,5,6400,165797,1313.01953125
outer_fold,fold0_seed12_P16_C400_logistic_regression,0,12,16,400,logistic_regression,fine,0.7480533423403318,0.6103038927181326,1.0454715015366673,0.2606764268130064,0.5937057702606947,39,38,6400,165797,1313.01953125
outer_fold,fold0_seed13_P16_C400_logistic_regression,0,13,16,400,logistic_regression,coarse,0.9811576807783011,0.9823690411623229,0.10649784468114376,0.046232279390096664,0.964953178096105,5,5,6400,165797,1302.00390625
outer_fold,fold0_seed13_P16_C400_logistic_regression,0,13,16,400,logistic_regression,fine,0.7747486383951458,0.5935044319202634,1.361264887265861,0.09064659290015697,0.5849737190399983,39,38,6400,165797,1302.00390625
outer_fold,fold0_seed14_P16_C400_logistic_regression,0,14,16,400,logistic_regression,coarse,0.9869720200003619,0.986992480064068,0.10048122331500053,0.042955467477440834,0.9665501594951312,5,5,6400,165797,1306.07421875
outer_fold,fold0_seed14_P16_C400_logistic_regression,0,14,16,400,logistic_regression,fine,0.7582404989233822,0.6210558375268506,1.6075583854690194,0.09087520372122526,0.6007734200850642,39,39,6400,165797,1306.07421875
outer_fold,fold0_seed15_P16_C400_logistic_regression,0,15,16,400,logistic_regression,coarse,0.9803193061394355,0.9767408159352685,0.0877426490187645,0.04302872717380524,0.9648100969435909,5,5,6400,165797,1307.66796875
outer_fold,fold0_seed15_P16_C400_logistic_regression,0,15,16,400,logistic_regression,fine,0.7524744114790979,0.613422900629395,1.4003896862268448,0.08584511745721102,0.5962952243805888,39,37,6400,165797,1307.66796875
outer_fold,fold0_seed16_P16_C400_logistic_regression,0,16,16,400,logistic_regression,coarse,0.9834617031671261,0.9818323357024397,0.0664586191996932,0.04268651641905308,0.9689593136161536,5,5,6400,165797,1301.9296875
outer_fold,fold0_seed16_P16_C400_logistic_regression,0,16,16,400,logistic_regression,fine,0.7414368173127379,0.6033229178218912,1.1834931885823607,0.2816492738202214,0.5886157661745752,39,38,6400,165797,1301.9296875
outer_fold,fold0_seed17_P16_C400_logistic_regression,0,17,16,400,logistic_regression,coarse,0.988968437305862,0.9685379294823264,0.09928304422646761,0.04914445523172617,0.9583338149483174,5,5,6400,165797,1308.40234375
outer_fold,fold0_seed17_P16_C400_logistic_regression,0,17,16,400,logistic_regression,fine,0.769253967200854,0.589048734584734,1.6194618940353394,0.09365236014127731,0.5819218833192071,39,37,6400,165797,1308.40234375
outer_fold,fold0_seed18_P16_C400_logistic_regression,0,18,16,400,logistic_regression,coarse,0.9866885408059253,0.9592743046253155,0.09209375269711018,0.04682622477412224,0.961927827210544,5,5,6400,165797,1304.44921875
outer_fold,fold0_seed18_P16_C400_logistic_regression,0,18,16,400,logistic_regression,fine,0.7487348987014241,0.5722962343562598,1.6563065499067307,0.09302273020148277,0.5596669927304292,39,37,6400,165797,1304.44921875
outer_fold,fold0_seed19_P16_C400_logistic_regression,0,19,16,400,logistic_regression,coarse,0.9827017376671472,0.9798189848963537,0.06140261236578226,0.042722941376268864,0.9700092141099745,5,5,6400,165797,1298.4453125
outer_fold,fold0_seed19_P16_C400_logistic_regression,0,19,16,400,logistic_regression,fine,0.7500859484791643,0.5904746015506023,0.773998087272048,0.2924349531531334,0.5801023965842956,39,37,6400,165797,1298.4453125
outer_fold,fold0_seed00_P16_C800_logistic_regression,0,0,16,800,logistic_regression,coarse,0.9817246391671743,0.9814512222616016,0.20133204851299524,0.03493860177695751,0.9710955019139396,5,5,12800,165797,1315.49609375
outer_fold,fold0_seed00_P16_C800_logistic_regression,0,0,16,800,logistic_regression,fine,0.7468772052570312,0.6471690369824223,5.018951741978526,0.09444540366530418,0.6157178644467175,39,38,12800,165797,1315.49609375
outer_fold,fold0_seed01_P16_C800_logistic_regression,0,1,16,800,logistic_regression,coarse,0.9868936108614752,0.9850524782512515,0.32110387459397316,0.04577663820236921,0.9713629637705485,5,5,12800,165797,1302.40625
outer_fold,fold0_seed01_P16_C800_logistic_regression,0,1,16,800,logistic_regression,fine,0.7526131353402052,0.6411624365247445,7.190920572727919,0.10317672602832317,0.6222518107794627,39,39,12800,165797,1302.40625
outer_fold,fold0_seed02_P16_C800_logistic_regression,0,2,16,800,logistic_regression,coarse,0.9882808494725478,0.9861234118221962,0.23955178633332253,0.04812079668045044,0.9705251803621101,5,5,12800,165797,1309.89453125
outer_fold,fold0_seed02_P16_C800_logistic_regression,0,2,16,800,logistic_regression,fine,0.7554961790623473,0.6400638147945049,5.990146161988378,0.09803547244518995,0.6151617346192483,39,39,12800,165797,1309.89453125
outer_fold,fold0_seed03_P16_C800_logistic_regression,0,3,16,800,logistic_regression,coarse,0.9831360036671352,0.9838522176311087,0.3938642106950283,0.04938992112874985,0.9678478703565767,5,5,12800,165797,1300.6953125
outer_fold,fold0_seed03_P16_C800_logistic_regression,0,3,16,800,logistic_regression,fine,0.740013389868333,0.6430104236025334,6.157027818262577,0.09982293006032705,0.6146873886698084,39,39,12800,165797,1300.6953125
outer_fold,fold0_seed04_P16_C800_logistic_regression,0,4,16,800,logistic_regression,coarse,0.9863628413059343,0.9831432367130051,0.21469794772565365,0.04354227427393198,0.9753312107476857,5,5,12800,165797,1313.68359375
outer_fold,fold0_seed04_P16_C800_logistic_regression,0,4,16,800,logistic_regression,fine,0.7398867289516698,0.6430506103496656,5.4645921448245645,0.09783418197184801,0.6145660561918594,39,38,12800,165797,1313.68359375
outer_fold,fold0_seed05_P16_C800_logistic_regression,0,5,16,800,logistic_regression,coarse,0.9818090797782831,0.9841321472108826,0.35329015646129847,0.04762456752359867,0.9682937485180731,5,5,12800,165797,1297.9375
outer_fold,fold0_seed05_P16_C800_logistic_regression,0,5,16,800,logistic_regression,fine,0.7257188007020634,0.6076279369826739,4.793329105712473,0.09533159714192152,0.5724778930728467,39,38,12800,165797,1297.9375
outer_fold,fold0_seed06_P16_C800_logistic_regression,0,6,16,800,logistic_regression,coarse,0.9838356544448934,0.982266934577587,0.30253917537629604,0.04838267806917429,0.965830719869583,5,5,12800,165797,1303.16015625
outer_fold,fold0_seed06_P16_C800_logistic_regression,0,6,16,800,logistic_regression,fine,0.7298805165352811,0.636679934874919,4.634715330787003,0.09632727224379778,0.6005215441720517,39,38,12800,165797,1303.16015625
outer_fold,fold0_seed07_P16_C800_logistic_regression,0,7,16,800,logistic_regression,coarse,0.9833350422504629,0.9849772759214657,0.18403338640928268,0.04272694606333971,0.9629157451613543,5,5,12800,165797,1310.05078125
outer_fold,fold0_seed07_P16_C800_logistic_regression,0,7,16,800,logistic_regression,fine,0.7416961706182862,0.6390788808186948,5.159296654164791,0.6096704630181193,0.6048388571700215,39,39,12800,165797,1310.05078125
outer_fold,fold0_seed08_P16_C800_logistic_regression,0,8,16,800,logistic_regression,coarse,0.9845353052226518,0.9859566869511542,0.2947323117405176,0.05226718634366989,0.9650618020357463,5,5,12800,165797,1313.01953125
outer_fold,fold0_seed08_P16_C800_logistic_regression,0,8,16,800,logistic_regression,fine,0.7376611157017317,0.6300741603305828,5.163843607529998,0.5021155718713999,0.5979378984711433,39,39,12800,165797,1313.01953125
outer_fold,fold0_seed09_P16_C800_logistic_regression,0,9,16,800,logistic_regression,coarse,0.9869056738059193,0.9845627119781837,0.2442885059863329,0.04833695013076067,0.971239212054995,5,5,12800,165797,1302.00390625
outer_fold,fold0_seed09_P16_C800_logistic_regression,0,9,16,800,logistic_regression,fine,0.7559545709512235,0.6479395249802898,4.4372261399403214,0.07669122330844402,0.6276901761044519,39,39,12800,165797,1302.00390625
outer_fold,fold0_seed10_P16_C800_logistic_regression,0,10,16,800,logistic_regression,coarse,0.9832807590004644,0.9831109268757665,0.2439605761319399,0.04393265675753355,0.9715922817839744,5,5,12800,165797,1306.07421875
outer_fold,fold0_seed10_P16_C800_logistic_regression,0,10,16,800,logistic_regression,fine,0.7334209907296272,0.6307751155360692,5.349680711515248,0.10930129792541265,0.6010045959067121,39,38,12800,165797,1306.07421875
outer_fold,fold0_seed11_P16_C800_logistic_regression,0,11,16,800,logistic_regression,coarse,0.9682925505286586,0.9457486877968115,0.3072643866762519,0.04277058131992817,0.9507703190016727,5,5,12800,165797,1307.66796875
outer_fold,fold0_seed11_P16_C800_logistic_regression,0,11,16,800,logistic_regression,fine,0.7335536831185124,0.599677980519405,4.86391746904701,0.08604231104254723,0.5639644658335057,39,36,12800,165797,1307.66796875
outer_fold,fold0_seed12_P16_C800_logistic_regression,0,12,16,800,logistic_regression,coarse,0.9787511233617013,0.978918279433716,0.21423577796667814,0.05442118085920811,0.9591367264889186,5,5,12800,165797,1311.6875
outer_fold,fold0_seed12_P16_C800_logistic_regression,0,12,16,800,logistic_regression,fine,0.7342533338962708,0.6369640085210819,5.084381862543523,0.6470869528129697,0.6021507386461996,39,38,12800,165797,1311.6875
outer_fold,fold0_seed13_P16_C800_logistic_regression,0,13,16,800,logistic_regression,coarse,0.9839020006393361,0.981967806464682,0.339804426766932,0.04799293726682663,0.9696576405685573,5,5,12800,165797,1308.40234375
outer_fold,fold0_seed13_P16_C800_logistic_regression,0,13,16,800,logistic_regression,fine,0.764832898062088,0.6239360303496526,5.552500090561807,0.09597584884613752,0.6009373232296492,39,38,12800,165797,1308.40234375
outer_fold,fold0_seed14_P16_C800_logistic_regression,0,14,16,800,logistic_regression,coarse,0.9868815479170311,0.987152485541316,0.3283235700801015,0.044967370107769966,0.9627208933336113,5,5,12800,165797,1304.44921875
outer_fold,fold0_seed14_P16_C800_logistic_regression,0,14,16,800,logistic_regression,fine,0.7519376104513351,0.6468863983960541,5.378144779242575,0.7968405904248357,0.6126190198403605,39,39,12800,165797,1304.44921875
outer_fold,fold0_seed15_P16_C800_logistic_regression,0,15,16,800,logistic_regression,coarse,0.9800840787227755,0.9788302219662887,0.16570613160729408,0.04293575789779425,0.9650085973185387,5,5,12800,165797,1298.4453125
outer_fold,fold0_seed15_P16_C800_logistic_regression,0,15,16,800,logistic_regression,fine,0.7350434567573599,0.6351100049861329,3.537444011308253,0.30070685967803,0.601350894342002,39,38,12800,165797,1298.4453125
outer_fold,fold0_seed16_P16_C800_logistic_regression,0,16,16,800,logistic_regression,coarse,0.9852409874726322,0.9845518107834454,0.12888427916914225,0.03430786821991205,0.9715093019874678,5,5,12800,165797,1315.49609375
outer_fold,fold0_seed16_P16_C800_logistic_regression,0,16,16,800,logistic_regression,fine,0.7268285915909214,0.6282322251978706,3.8609679620712996,0.07217611465603113,0.5966847029715618,39,38,12800,165797,1315.49609375
outer_fold,fold0_seed17_P16_C800_logistic_regression,0,17,16,800,logistic_regression,coarse,0.9888839966947532,0.9830011793697514,0.28212859854102135,0.05258513055741787,0.9713053883852076,5,5,12800,165797,1306.53125
outer_fold,fold0_seed17_P16_C800_logistic_regression,0,17,16,800,logistic_regression,fine,0.7553815810901283,0.6159758812847435,4.664887555874884,0.10123035032302141,0.5937563741070572,39,37,12800,165797,1306.53125
outer_fold,fold0_seed18_P16_C800_logistic_regression,0,18,16,800,logistic_regression,coarse,0.9860492047503875,0.9667831830872826,0.22233662009239197,0.0447829058393836,0.96389175198243,5,5,12800,165797,1317.4296875
outer_fold,fold0_seed18_P16_C800_logistic_regression,0,18,16,800,logistic_regression,fine,0.7391086690350248,0.6071320962655582,5.7489450462162495,0.09534012898802757,0.581587144493273,39,38,12800,165797,1317.4296875
outer_fold,fold0_seed19_P16_C800_logistic_regression,0,19,16,800,logistic_regression,coarse,0.9851625783337454,0.9830533277944179,0.34623091109097004,0.04519694298505783,0.9755372379987757,5,5,12800,165797,1321.0390625
outer_fold,fold0_seed19_P16_C800_logistic_regression,0,19,16,800,logistic_regression,fine,0.737148440562857,0.6257765717753353,5.210859536193311,0.09607455506920815,0.5992192150032106,39,38,12800,165797,1321.0390625
outer_fold,fold0_seed00_P16_C1600_logistic_regression,0,0,16,1600,logistic_regression,coarse,0.9853435225004071,0.9835481310506093,0.578809117898345,0.044465902261435986,0.9734653885734016,5,5,25600,165797,1329.31640625
outer_fold,fold0_seed00_P16_C1600_logistic_regression,0,0,16,1600,logistic_regression,fine,0.7404355929238768,0.6686223397106438,12.833294814452529,0.1015903688967228,0.6202978555870144,39,39,25600,165797,1329.31640625
outer_fold,fold0_seed01_P16_C1600_logistic_regression,0,1,16,1600,logistic_regression,coarse,0.98852210836143,0.9882740516473122,0.6489914963021874,0.04490638989955187,0.9779052315567374,5,5,25600,165797,1320.70703125
outer_fold,fold0_seed01_P16_C1600_logistic_regression,0,1,16,1600,logistic_regression,fine,0.7431135665904691,0.6746690987265926,14.91589589137584,0.1005695341154933,0.6330879620631491,39,39,25600,165797,1320.70703125
outer_fold,fold0_seed02_P16_C1600_logistic_regression,0,2,16,1600,logistic_regression,coarse,0.9813506878894069,0.9846191719063195,0.5580634111538529,0.047137278132140636,0.9578609404731635,5,5,25600,165797,1328.26953125
outer_fold,fold0_seed02_P16_C1600_logistic_regression,0,2,16,1600,logistic_regression,fine,0.7394946832572362,0.674454109029988,12.26368163805455,0.0984029108658433,0.6240201052597506,39,39,25600,165797,1328.26953125
outer_fold,fold0_seed03_P16_C1600_logistic_regression,0,3,16,1600,logistic_regression,coarse,0.9862723692226035,0.9860803648974243,0.3989277584478259,0.043288093991577625,0.9752828058671555,5,5,25600,165797,1334.23046875
outer_fold,fold0_seed03_P16_C1600_logistic_regression,0,3,16,1600,logistic_regression,fine,0.7272749205353535,0.6680895032222598,11.67444389499724,0.6754747973755002,0.6139518915130493,39,39,25600,165797,1334.23046875
outer_fold,fold0_seed04_P16_C1600_logistic_regression,0,4,16,1600,logistic_regression,coarse,0.9866704463892592,0.9856997682602489,0.6462357835844159,0.05219567008316517,0.9761772861298562,5,5,25600,165797,1332.11328125
outer_fold,fold0_seed04_P16_C1600_logistic_regression,0,4,16,1600,logistic_regression,fine,0.7420821848404977,0.6675105485186315,16.952734823338687,0.11451112572103739,0.6201274361566532,39,39,25600,165797,1332.11328125
outer_fold,fold0_seed05_P16_C1600_logistic_regression,0,5,16,1600,logistic_regression,coarse,0.986314589528158,0.9859838439850185,0.6418218929320574,0.0437075300142169,0.9768370400067994,5,5,25600,165797,1335.03515625
outer_fold,fold0_seed05_P16_C1600_logistic_regression,0,5,16,1600,logistic_regression,fine,0.6815623925644011,0.6577955510414948,13.967017397284508,0.09637106768786907,0.6016682386210236,39,38,25600,165797,1335.03515625
outer_fold,fold0_seed06_P16_C1600_logistic_regression,0,6,16,1600,logistic_regression,coarse,0.9806872259449809,0.9826043168133831,0.6300659254193306,0.04563526809215546,0.9652644062562734,5,5,25600,165797,1323.109375
outer_fold,fold0_seed06_P16_C1600_logistic_regression,0,6,16,1600,logistic_regression,fine,0.7235957224799001,0.6737748775780902,13.546272503212094,0.10106512531638145,0.617124197283344,39,39,25600,165797,1323.109375
outer_fold,fold0_seed07_P16_C1600_logistic_regression,0,7,16,1600,logistic_regression,coarse,0.9879973702781112,0.9888704399664434,0.5301549639552832,0.04298332892358303,0.9705257367692663,5,5,25600,165797,1335.46484375
outer_fold,fold0_seed07_P16_C1600_logistic_regression,0,7,16,1600,logistic_regression,fine,0.7247537651465347,0.6711985149331923,13.387946158647537,0.10143425595015287,0.6207694151753324,39,39,25600,165797,1335.46484375
outer_fold,fold0_seed08_P16_C1600_logistic_regression,0,8,16,1600,logistic_regression,coarse,0.9814471914449598,0.9851848233075129,0.6805419903248549,0.05486903991550207,0.953869388184635,5,5,25600,165797,1341.43359375
outer_fold,fold0_seed08_P16_C1600_logistic_regression,0,8,16,1600,logistic_regression,fine,0.721707871674397,0.666812078600155,14.686052524484694,0.5930646872147918,0.6118477172894762,39,39,25600,165797,1341.43359375
outer_fold,fold0_seed09_P16_C1600_logistic_regression,0,9,16,1600,logistic_regression,coarse,0.9894207977225161,0.9878028496157087,0.6486225947737694,0.04788428544998169,0.9756416330366597,5,5,25600,165797,1328.62890625
outer_fold,fold0_seed09_P16_C1600_logistic_regression,0,9,16,1600,logistic_regression,fine,0.7562440816178821,0.6817801110587502,13.901703362353146,0.10183667670935392,0.6441770885048075,39,39,25600,165797,1328.62890625
outer_fold,fold0_seed10_P16_C1600_logistic_regression,0,10,16,1600,logistic_regression,coarse,0.9850298859448603,0.985887312150215,0.5403394661843777,0.04390726797282696,0.9737140504045018,5,5,25600,165797,1327.5703125
outer_fold,fold0_seed10_P16_C1600_logistic_regression,0,10,16,1600,logistic_regression,fine,0.7301579642574956,0.6746893652512933,10.792035222053528,0.42480054683983326,0.6272964258213887,39,38,25600,165797,1327.5703125
outer_fold,fold0_seed11_P16_C1600_logistic_regression,0,11,16,1600,logistic_regression,coarse,0.9681417637231071,0.9620451611115781,0.6078892145305872,0.05563170835375786,0.9599293929028597,5,5,25600,165797,1322.50390625
outer_fold,fold0_seed11_P16_C1600_logistic_regression,0,11,16,1600,logistic_regression,fine,0.7262133814242718,0.650223071871203,13.46670188382268,0.49845608975738287,0.5959187373476635,39,38,25600,165797,1322.50390625
outer_fold,fold0_seed12_P16_C1600_logistic_regression,0,12,16,1600,logistic_regression,coarse,0.9835883640837892,0.9841049619192004,0.6694293515756726,0.04384893085807562,0.9630507351397248,5,5,25600,165797,1331.00390625
outer_fold,fold0_seed12_P16_C1600_logistic_regression,0,12,16,1600,logistic_regression,fine,0.7248563001743096,0.6686702809540503,14.32799415756017,0.09927881881594658,0.6230172927239143,39,39,25600,165797,1331.00390625
outer_fold,fold0_seed13_P16_C1600_logistic_regression,0,13,16,1600,logistic_regression,coarse,0.9868574220281429,0.986451394560191,0.6384308431297541,0.0452899020165205,0.9699258087268916,5,5,25600,165797,1325.203125
outer_fold,fold0_seed13_P16_C1600_logistic_regression,0,13,16,1600,logistic_regression,fine,0.7625288756732631,0.6717812496801766,15.520789690315723,0.09432683698832989,0.625007964512466,39,39,25600,165797,1325.203125
outer_fold,fold0_seed14_P16_C1600_logistic_regression,0,14,16,1600,logistic_regression,coarse,0.9852771763059646,0.9868569203415699,0.7223942298442125,0.05495220422744751,0.958543511050423,5,5,25600,165797,1339.4296875
outer_fold,fold0_seed14_P16_C1600_logistic_regression,0,14,16,1600,logistic_regression,fine,0.7435237067015688,0.6897892528759885,13.5853668814525,0.09928606916218996,0.6398058991311211,39,39,25600,165797,1339.4296875
outer_fold,fold0_seed15_P16_C1600_logistic_regression,0,15,16,1600,logistic_regression,coarse,0.9840769133337757,0.9854332833450895,0.7857177993282676,0.046715179458260536,0.9689370026233106,5,5,25600,165797,1344.05859375
outer_fold,fold0_seed15_P16_C1600_logistic_regression,0,15,16,1600,logistic_regression,fine,0.7406346315072045,0.6802212671685555,10.202502173371613,0.10008974745869637,0.6314084578185585,39,39,25600,165797,1344.05859375
outer_fold,fold0_seed16_P16_C1600_logistic_regression,0,16,16,1600,logistic_regression,coarse,0.9865015651670416,0.9864501377629076,0.6309588393196464,0.04424458183348179,0.9757370411434743,5,5,25600,165797,1329.31640625
outer_fold,fold0_seed16_P16_C1600_logistic_regression,0,16,16,1600,logistic_regression,fine,0.7231192361743578,0.6516567721579153,11.867983045056462,0.07763807568699121,0.6023731726799856,39,39,25600,165797,1329.31640625
outer_fold,fold0_seed17_P16_C1600_logistic_regression,0,17,16,1600,logistic_regression,coarse,0.9888055875558666,0.9863127369522833,0.6061597634106874,0.04711106978356838,0.976900824690318,5,5,25600,165797,1326.73046875
outer_fold,fold0_seed17_P16_C1600_logistic_regression,0,17,16,1600,logistic_regression,fine,0.7444223960626549,0.6725880286631701,14.168270164169371,0.10490835178643465,0.6294892053181438,39,39,25600,165797,1326.73046875
outer_fold,fold0_seed18_P16_C1600_logistic_regression,0,18,16,1600,logistic_regression,coarse,0.9853133651392969,0.9838892855610751,0.6827526185661554,0.04507923685014248,0.972789401523869,5,5,25600,165797,1332.7734375
outer_fold,fold0_seed18_P16_C1600_logistic_regression,0,18,16,1600,logistic_regression,fine,0.7349771105629173,0.6511678358185786,15.40051669999957,0.1004407424479723,0.6084482849970496,39,39,25600,165797,1332.7734375
outer_fold,fold0_seed19_P16_C1600_logistic_regression,0,19,16,1600,logistic_regression,coarse,0.9898128434169496,0.9873307192754046,0.6584315067157149,0.048269630409777164,0.9770152226712963,5,5,25600,165797,1345.625
outer_fold,fold0_seed19_P16_C1600_logistic_regression,0,19,16,1600,logistic_regression,fine,0.7236198483687883,0.6688855561827108,15.593286381103098,0.1460405671969056,0.6175890676276503,39,39,25600,165797,1345.625
outer_fold,fold0_seed00_P32_C100_logistic_regression,0,0,32,100,logistic_regression,coarse,0.9816824188616199,0.9771283002758773,0.09090476855635643,0.047157950699329376,0.9655089263816821,5,5,3200,165797,1332.11328125
outer_fold,fold0_seed00_P32_C100_logistic_regression,0,0,32,100,logistic_regression,fine,0.7582344674511602,0.5880480621289099,0.584382388740778,0.09469362441450357,0.574512062773617,39,36,3200,165797,1332.11328125
outer_fold,fold0_seed01_P32_C100_logistic_regression,0,1,32,100,logistic_regression,coarse,0.9900239449447216,0.9878360974593801,0.047577446326613426,0.04602523893117905,0.9718084606366446,5,5,3200,165797,1335.03515625
outer_fold,fold0_seed01_P32_C100_logistic_regression,0,1,32,100,logistic_regression,fine,0.7716906819785642,0.5731929207530976,0.48784628231078386,0.08995965868234634,0.569320928639122,39,37,3200,165797,1335.03515625
outer_fold,fold0_seed02_P32_C100_logistic_regression,0,2,32,100,logistic_regression,coarse,0.9852470189448542,0.9509149422235172,0.05174519773572683,0.04578987788408995,0.9556039380703861,5,5,3200,165797,1323.109375
outer_fold,fold0_seed02_P32_C100_logistic_regression,0,2,32,100,logistic_regression,fine,0.7681683022008842,0.5575483171441481,0.5286399126052856,0.08741548005491495,0.5532718731811854,39,36,3200,165797,1323.109375
outer_fold,fold0_seed03_P32_C100_logistic_regression,0,3,32,100,logistic_regression,coarse,0.9906874068891476,0.9846147054512077,0.052418241277337074,0.04892163351178169,0.9761289340599124,5,5,3200,165797,1335.46484375
outer_fold,fold0_seed03_P32_C100_logistic_regression,0,3,32,100,logistic_regression,fine,0.7770285348950825,0.5885583021453985,0.5133469756692648,0.09383785724639893,0.5803381861798268,39,38,3200,165797,1335.46484375
outer_fold,fold0_seed04_P32_C100_logistic_regression,0,4,32,100,logistic_regression,coarse,0.986435218972599,0.9473076002089897,0.042542390525341034,0.04537822399288416,0.9597109721037838,5,5,3200,165797,1341.43359375
outer_fold,fold0_seed04_P32_C100_logistic_regression,0,4,32,100,logistic_regression,fine,0.7625047497843749,0.5717623504078428,0.32022860925644636,0.5287049105390906,0.5750432059688183,39,37,3200,165797,1341.43359375
outer_fold,fold0_seed05_P32_C100_logistic_regression,0,5,32,100,logistic_regression,coarse,0.9889865317225282,0.9847444811106094,0.05664941668510437,0.0460676234215498,0.97532979555011,5,5,3200,165797,1328.62890625
outer_fold,fold0_seed05_P32_C100_logistic_regression,0,5,32,100,logistic_regression,fine,0.7660030036731665,0.5830137354991839,0.5034692725166678,0.09265718422830105,0.5743688889286818,39,38,3200,165797,1328.62890625
outer_fold,fold0_seed06_P32_C100_logistic_regression,0,6,32,100,logistic_regression,coarse,0.9852289245281881,0.9781903852200455,0.05181049555540085,0.05877391900867224,0.9683311387778343,5,5,3200,165797,1328.1328125
outer_fold,fold0_seed06_P32_C100_logistic_regression,0,6,32,100,logistic_regression,fine,0.7561596410067734,0.5779380024067255,0.4950456488877535,0.47223670314997435,0.5726365490101419,39,38,3200,165797,1328.1328125
outer_fold,fold0_seed07_P32_C100_logistic_regression,0,7,32,100,logistic_regression,coarse,0.9903134556113802,0.9603007288150367,0.0482217175886035,0.0564943952485919,0.9631484501811736,5,5,3200,165797,1322.50390625
outer_fold,fold0_seed07_P32_C100_logistic_regression,0,7,32,100,logistic_regression,fine,0.7675048402564582,0.5659880878736677,0.4858187064528465,0.5615426376461983,0.557872046064529,39,36,3200,165797,1322.50390625
outer_fold,fold0_seed08_P32_C100_logistic_regression,0,8,32,100,logistic_regression,coarse,0.9888779652225311,0.9821744247954982,0.05925134103745222,0.04640028905123472,0.9735626359622043,5,5,3200,165797,1331.00390625
outer_fold,fold0_seed08_P32_C100_logistic_regression,0,8,32,100,logistic_regression,fine,0.7718836890896699,0.5767072379786631,0.4222677070647478,0.09439162444323301,0.5705241492067659,39,37,3200,165797,1331.00390625
outer_fold,fold0_seed09_P32_C100_logistic_regression,0,9,32,100,logistic_regression,coarse,0.988636706333649,0.9744846909936836,0.05067791510373354,0.0504168551415205,0.9676520151982085,5,5,3200,165797,1326.39453125
outer_fold,fold0_seed09_P32_C100_logistic_regression,0,9,32,100,logistic_regression,fine,0.7714735489785702,0.5629996378668114,0.5723311007022858,0.09231577534228563,0.5630229475824942,39,36,3200,165797,1326.39453125
outer_fold,fold0_seed10_P32_C100_logistic_regression,0,10,32,100,logistic_regression,coarse,0.9865558484170401,0.9728733020897433,0.06652048230171204,0.049706824123859406,0.9641233444313493,5,5,3200,165797,1339.4296875
outer_fold,fold0_seed10_P32_C100_logistic_regression,0,10,32,100,logistic_regression,fine,0.769911397673058,0.5713111047595156,0.5932996971532702,0.08840846177190542,0.5720271444367522,39,37,3200,165797,1339.4296875
outer_fold,fold0_seed11_P32_C100_logistic_regression,0,11,32,100,logistic_regression,coarse,0.9882929124169919,0.9831291845985335,0.058904523961246014,0.045411502942442894,0.9743645448163492,5,5,3200,165797,1344.05859375
outer_fold,fold0_seed11_P32_C100_logistic_regression,0,11,32,100,logistic_regression,fine,0.7707196149508133,0.595878109313234,0.4893171573057771,0.09344772528856993,0.5902636487312432,39,38,3200,165797,1344.05859375
outer_fold,fold0_seed12_P32_C100_logistic_regression,0,12,32,100,logistic_regression,coarse,0.9885944860280946,0.9856207606017765,0.045982626266777515,0.03577236644923687,0.9727470388615519,5,5,3200,165797,1329.31640625
outer_fold,fold0_seed12_P32_C100_logistic_regression,0,12,32,100,logistic_regression,fine,0.7594467933677932,0.5937244271632134,0.3905209805816412,0.07002611458301544,0.5860982165875948,39,37,3200,165797,1329.31640625
outer_fold,fold0_seed13_P32_C100_logistic_regression,0,13,32,100,logistic_regression,coarse,0.9894750809725146,0.9857567836041958,0.05433797650039196,0.047238340601325035,0.9744265728215021,5,5,3200,165797,1326.73046875
outer_fold,fold0_seed13_P32_C100_logistic_regression,0,13,32,100,logistic_regression,fine,0.7704059783952665,0.577979373226567,0.532925421372056,0.09368642140179873,0.5724054161383002,39,37,3200,165797,1326.73046875
outer_fold,fold0_seed14_P32_C100_logistic_regression,0,14,32,100,logistic_regression,coarse,0.9891312870558575,0.9845753280393449,0.05561267118901014,0.04825099091976881,0.9727515189286142,5,5,3200,165797,1332.7734375
outer_fold,fold0_seed14_P32_C100_logistic_regression,0,14,32,100,logistic_regression,fine,0.767372147867573,0.5676034416747127,0.493853229098022,0.10319433361291885,0.5576860291144489,39,39,3200,165797,1332.7734375
outer_fold,fold0_seed15_P32_C100_logistic_regression,0,15,32,100,logistic_regression,coarse,0.988745272833646,0.9842302781375164,0.0733250193297863,0.08150970470160246,0.9748444458236157,5,5,3200,165797,1345.625
outer_fold,fold0_seed15_P32_C100_logistic_regression,0,15,32,100,logistic_regression,fine,0.7574202187011828,0.5666895018767467,0.6032690899446607,0.09931799676269293,0.5692269162739919,39,38,3200,165797,1345.625
outer_fold,fold0_seed16_P32_C100_logistic_regression,0,16,32,100,logistic_regression,coarse,0.9879129296670024,0.9764702497636686,0.07439128961414099,0.06266927253454924,0.9714178972998923,5,5,3200,165797,1332.11328125
outer_fold,fold0_seed16_P32_C100_logistic_regression,0,16,32,100,logistic_regression,fine,0.7683311519508796,0.5694266581961536,0.8012202326208353,0.13710412848740816,0.5637599364221825,39,37,3200,165797,1332.11328125
outer_fold,fold0_seed17_P32_C100_logistic_regression,0,17,32,100,logistic_regression,coarse,0.9875269154447909,0.9833466053637547,0.05910821724683046,0.046467529609799385,0.971756592747937,5,5,3200,165797,1335.03515625
outer_fold,fold0_seed17_P32_C100_logistic_regression,0,17,32,100,logistic_regression,fine,0.7673359590342407,0.586674511959807,0.4569855984300375,0.09235257003456354,0.5772740341478808,39,37,3200,165797,1335.03515625
outer_fold,fold0_seed18_P32_C100_logistic_regression,0,18,32,100,logistic_regression,coarse,0.9885462342503182,0.9830045664931986,0.05073834490031004,0.04794973228126764,0.9684298077037683,5,5,3200,165797,1323.109375
outer_fold,fold0_seed18_P32_C100_logistic_regression,0,18,32,100,logistic_regression,fine,0.7659607833676122,0.5798157946746677,0.4855121988803148,0.09475922212004662,0.5794165966586157,39,37,3200,165797,1323.109375
outer_fold,fold0_seed19_P32_C100_logistic_regression,0,19,32,100,logistic_regression,coarse,0.9856390646392879,0.9525718936034246,0.04974695388227701,0.047206342220306396,0.9592606411098463,5,5,3200,165797,1335.46484375
outer_fold,fold0_seed19_P32_C100_logistic_regression,0,19,32,100,logistic_regression,fine,0.7621127040899414,0.5700857528183898,0.4583265706896782,0.08923166058957577,0.5680656569614099,39,36,3200,165797,1335.46484375
outer_fold,fold0_seed00_P32_C200_logistic_regression,0,0,32,200,logistic_regression,coarse,0.9813567193616289,0.9793019782221422,0.2158327428624034,0.05293370224535465,0.9671311095582995,5,5,6400,165797,1341.43359375
outer_fold,fold0_seed00_P32_C200_logistic_regression,0,0,32,200,logistic_regression,fine,0.7569497638678625,0.6134331630156858,1.2012086752802134,0.7328567886725068,0.6004072881209794,39,38,6400,165797,1341.43359375
outer_fold,fold0_seed01_P32_C200_logistic_regression,0,1,32,200,logistic_regression,coarse,0.9894750809725146,0.9859917259686851,0.0887123653665185,0.04581118002533913,0.9732788516998531,5,5,6400,165797,1328.62890625
outer_fold,fold0_seed01_P32_C200_logistic_regression,0,1,32,200,logistic_regression,fine,0.7536083282568442,0.5950088532744106,1.396960310637951,0.0955537986010313,0.5813812860961096,39,37,6400,165797,1328.62890625
outer_fold,fold0_seed02_P32_C200_logistic_regression,0,2,32,200,logistic_regression,coarse,0.9871650271114676,0.9779277806925032,0.08781287260353565,0.05691807810217142,0.9723471190500911,5,5,6400,165797,1328.1328125
outer_fold,fold0_seed02_P32_C200_logistic_regression,0,2,32,200,logistic_regression,fine,0.7565034349234304,0.5943189277325341,1.5457387156784534,0.5289539825171232,0.5788350184239847,39,37,6400,165797,1328.1328125
outer_fold,fold0_seed03_P32_C200_logistic_regression,0,3,32,200,logistic_regression,coarse,0.9820503386671653,0.9786705733847845,0.12664929311722517,0.04671155381947756,0.959498153195498,5,5,6400,165797,1322.50390625
outer_fold,fold0_seed03_P32_C200_logistic_regression,0,3,32,200,logistic_regression,fine,0.7566300958400937,0.6193401706003089,1.7928998917341232,0.09379287995398045,0.6034966150655633,39,38,6400,165797,1322.50390625
outer_fold,fold0_seed04_P32_C200_logistic_regression,0,4,32,200,logistic_regression,coarse,0.9869478941114737,0.9825262073348486,0.09120110142976046,0.04969088174402714,0.9752202811265185,5,5,6400,165797,1331.00390625
outer_fold,fold0_seed04_P32_C200_logistic_regression,0,4,32,200,logistic_regression,fine,0.7547241506179243,0.6290582578311305,1.5025758780539036,0.0968727869912982,0.6110780849657365,39,38,6400,165797,1331.00390625
outer_fold,fold0_seed05_P32_C200_logistic_regression,0,5,32,200,logistic_regression,coarse,0.9861698341948286,0.9835299724814653,0.1495336014777422,0.04693906381726265,0.9698277303515409,5,5,6400,165797,1326.39453125
outer_fold,fold0_seed05_P32_C200_logistic_regression,0,5,32,200,logistic_regression,fine,0.7555866511456781,0.6150743790892287,2.2029992770403624,0.10176138300448656,0.5962799534600373,39,38,6400,165797,1326.39453125
outer_fold,fold0_seed06_P32_C200_logistic_regression,0,6,32,200,logistic_regression,coarse,0.9849876656393058,0.978846847080499,0.10541910398751497,0.04720111470669508,0.9642848401511974,5,5,6400,165797,1339.4296875
outer_fold,fold0_seed06_P32_C200_logistic_regression,0,6,32,200,logistic_regression,fine,0.7475708245625675,0.5810363248772,2.0757259586825967,0.1044947849586606,0.5680449695042744,39,38,6400,165797,1339.4296875
outer_fold,fold0_seed07_P32_C200_logistic_regression,0,7,32,200,logistic_regression,coarse,0.9893665144725176,0.9849393779433486,0.11599204502999783,0.04636077117174864,0.9723956708389287,5,5,6400,165797,1344.05859375
outer_fold,fold0_seed07_P32_C200_logistic_regression,0,7,32,200,logistic_regression,fine,0.7513344632291296,0.6076581901492413,1.3883026978000998,0.10214227251708508,0.5898485195288363,39,39,6400,165797,1344.05859375
outer_fold,fold0_seed08_P32_C200_logistic_regression,0,8,32,200,logistic_regression,coarse,0.9888839966947532,0.9848700683038935,0.07261373568326235,0.035840838216245174,0.9744585711389728,5,5,6400,165797,1329.31640625
outer_fold,fold0_seed08_P32_C200_logistic_regression,0,8,32,200,logistic_regression,fine,0.761533682756624,0.6143048054051882,1.101911366917193,0.07080735079944134,0.597646514338038,39,37,6400,165797,1329.31640625
outer_fold,fold0_seed09_P32_C200_logistic_regression,0,9,32,200,logistic_regression,coarse,0.9880214961669994,0.9849296477067903,0.10892684012651443,0.04461202025413513,0.9733008843358597,5,5,6400,165797,1326.73046875
outer_fold,fold0_seed09_P32_C200_logistic_regression,0,9,32,200,logistic_regression,fine,0.7643684747009898,0.6121337979890245,1.4331662440672517,0.08607237599790096,0.6004793771605481,39,38,6400,165797,1326.73046875
outer_fold,fold0_seed10_P32_C200_logistic_regression,0,10,32,200,logistic_regression,coarse,0.9865739428337063,0.9692970588553059,0.09384153224527836,0.04436466097831726,0.964217614116159,5,5,6400,165797,1332.7734375
outer_fold,fold0_seed10_P32_C200_logistic_regression,0,10,32,200,logistic_regression,fine,0.7536445170901765,0.5965016180028759,1.637960179708898,0.09284270089119673,0.5895121267180062,39,38,6400,165797,1332.7734375
outer_fold,fold0_seed11_P32_C200_logistic_regression,0,11,32,200,logistic_regression,coarse,0.9865980687225945,0.9835259900763255,0.2062740158289671,0.07946889847517014,0.9734567617000124,5,5,6400,165797,1345.625
outer_fold,fold0_seed11_P32_C200_logistic_regression,0,11,32,200,logistic_regression,fine,0.7663950493676002,0.6097336560441058,1.7014861535280943,0.10297829005867243,0.5998117359620123,39,38,6400,165797,1345.625
outer_fold,fold0_seed12_P32_C200_logistic_regression,0,12,32,200,logistic_regression,coarse,0.9848006900004223,0.984292873477024,0.10940555389970541,0.0444987416267395,0.9694071553897639,5,5,6400,165797,1332.11328125
outer_fold,fold0_seed12_P32_C200_logistic_regression,0,12,32,200,logistic_regression,fine,0.755019692756805,0.609208491197926,1.506033162586391,0.08538047317415476,0.5951946211773631,39,37,6400,165797,1332.11328125
outer_fold,fold0_seed13_P32_C200_logistic_regression,0,13,32,200,logistic_regression,coarse,0.9826353914727046,0.9825871668425232,0.12338319793343544,0.04898690991103649,0.9672721412293654,5,5,6400,165797,1335.03515625
outer_fold,fold0_seed13_P32_C200_logistic_regression,0,13,32,200,logistic_regression,fine,0.7609667243677509,0.5973410459488768,1.4519163696095347,0.0978999501094222,0.5861248998344475,39,38,6400,165797,1335.03515625
outer_fold,fold0_seed14_P32_C200_logistic_regression,0,14,32,200,logistic_regression,coarse,0.988196408861439,0.9866920810781729,0.10523470863699913,0.044991547241806984,0.9677204858394941,5,5,6400,165797,1323.109375
outer_fold,fold0_seed14_P32_C200_logistic_regression,0,14,32,200,logistic_regression,fine,0.7688920788675307,0.6192350584189702,1.5036790231242776,0.09836609568446875,0.6060816439578844,39,39,6400,165797,1323.109375
outer_fold,fold0_seed15_P32_C200_logistic_regression,0,15,32,200,logistic_regression,coarse,0.9871167753336912,0.9847762945382665,0.10355037357658148,0.04761770647019148,0.9739705223123785,5,5,6400,165797,1335.46484375
outer_fold,fold0_seed15_P32_C200_logistic_regression,0,15,32,200,logistic_regression,fine,0.7623419000343794,0.6025020343835688,1.4906580578535795,0.09577931556850672,0.5942971686669781,39,38,6400,165797,1335.46484375
outer_fold,fold0_seed16_P32_C200_logistic_regression,0,16,32,200,logistic_regression,coarse,0.9893484200558514,0.9859234098274723,0.08680594246834517,0.04351477324962616,0.9721399057301914,5,5,6400,165797,1341.43359375
outer_fold,fold0_seed16_P32_C200_logistic_regression,0,16,32,200,logistic_regression,fine,0.7500437281736099,0.6053337176877831,1.894309300929308,0.09868472162634134,0.5945336560899289,39,38,6400,165797,1341.43359375
outer_fold,fold0_seed17_P32_C200_logistic_regression,0,17,32,200,logistic_regression,coarse,0.9880697479447759,0.9852983473395891,0.09952476527541876,0.04633992910385132,0.9721404784020997,5,5,6400,165797,1328.62890625
outer_fold,fold0_seed17_P32_C200_logistic_regression,0,17,32,200,logistic_regression,fine,0.763843736617671,0.6118222776136742,1.3878148514777422,0.07813028059899807,0.6010727153110041,39,39,6400,165797,1328.62890625
outer_fold,fold0_seed18_P32_C200_logistic_regression,0,18,32,200,logistic_regression,coarse,0.9885763916114284,0.9859076532237172,0.09845016151666641,0.054916420951485634,0.9715063214396255,5,5,6400,165797,1328.1328125
outer_fold,fold0_seed18_P32_C200_logistic_regression,0,18,32,200,logistic_regression,fine,0.7642357823121045,0.5967462660220183,1.6627358309924603,0.48033253848552704,0.5884463202760934,39,38,6400,165797,1328.1328125
outer_fold,fold0_seed19_P32_C200_logistic_regression,0,19,32,200,logistic_regression,coarse,0.9848610047226427,0.9822066472589881,0.08340617641806602,0.04029916226863861,0.9702227517584913,5,5,6400,165797,1322.50390625
outer_fold,fold0_seed19_P32_C200_logistic_regression,0,19,32,200,logistic_regression,fine,0.7581620897844955,0.618677425441356,1.6890390757471323,0.09238315466791391,0.6048644056768877,39,38,6400,165797,1322.50390625
outer_fold,fold0_seed00_P32_C400_logistic_regression,0,0,32,400,logistic_regression,coarse,0.9842397630837711,0.9825390169475682,0.31120632123202085,0.04532499425113201,0.9733045979034178,5,5,12800,165797,1331.00390625
outer_fold,fold0_seed00_P32_C400_logistic_regression,0,0,32,400,logistic_regression,fine,0.7384391756183767,0.6459756205980876,5.93052230682224,0.09349139966070652,0.6104849387654395,39,38,12800,165797,1331.00390625
outer_fold,fold0_seed01_P32_C400_logistic_regression,0,1,32,400,logistic_regression,coarse,0.9887693987225342,0.9861663894993118,0.19173742644488811,0.038416242226958275,0.9711724940243999,5,5,12800,165797,1326.39453125
outer_fold,fold0_seed01_P32_C400_logistic_regression,0,1,32,400,logistic_regression,fine,0.7501462632013848,0.6255450546517449,4.975552838295698,0.09294464346021414,0.6029324405212557,39,39,12800,165797,1326.39453125
outer_fold,fold0_seed02_P32_C400_logistic_regression,0,2,32,400,logistic_regression,coarse,0.9843784869448784,0.9809909294783145,0.25420305598527193,0.048035300336778164,0.964672108851729,5,5,12800,165797,1339.4296875
outer_fold,fold0_seed02_P32_C400_logistic_regression,0,2,32,400,logistic_regression,fine,0.7376852415906199,0.6500342954858076,6.063181241042912,0.10128470230847597,0.6144338640692438,39,38,12800,165797,1339.4296875
outer_fold,fold0_seed03_P32_C400_logistic_regression,0,3,32,400,logistic_regression,coarse,0.9829128391949191,0.9811046220874757,0.3686876008287072,0.04754439648240805,0.9649826668739641,5,5,12800,165797,1344.05859375
outer_fold,fold0_seed03_P32_C400_logistic_regression,0,3,32,400,logistic_regression,fine,0.7443017666182138,0.6443836220964777,5.385813808068633,0.09535159729421139,0.6132013834746292,39,38,12800,165797,1344.05859375
outer_fold,fold0_seed04_P32_C400_logistic_regression,0,4,32,400,logistic_regression,coarse,0.9873761286392395,0.9829775580279005,0.30186316557228565,0.04640069976449013,0.9741674473843986,5,5,12800,165797,1329.31640625
outer_fold,fold0_seed04_P32_C400_logistic_regression,0,4,32,400,logistic_regression,fine,0.7445490569793181,0.6531086070177532,6.971778349019587,0.11016025021672249,0.6198192341491373,39,39,12800,165797,1329.31640625
outer_fold,fold0_seed05_P32_C400_logistic_regression,0,5,32,400,logistic_regression,coarse,0.9871409012225795,0.9861934987045423,0.33003244269639254,0.0436687720939517,0.9679191122885594,5,5,12800,165797,1326.73046875
outer_fold,fold0_seed05_P32_C400_logistic_regression,0,5,32,400,logistic_regression,fine,0.7411714325349674,0.6313335363896172,5.851383503526449,0.09444521460682154,0.603362755396156,39,38,12800,165797,1326.73046875
outer_fold,fold0_seed06_P32_C400_logistic_regression,0,6,32,400,logistic_regression,coarse,0.9842397630837711,0.9819566850969472,0.3474559001624584,0.04616961628198624,0.9680866467458387,5,5,12800,165797,1332.7734375
outer_fold,fold0_seed06_P32_C400_logistic_regression,0,6,32,400,logistic_regression,fine,0.7290180160075272,0.636469502803924,4.949937708675861,0.09402925241738558,0.5982700529110349,39,38,12800,165797,1332.7734375
outer_fold,fold0_seed07_P32_C400_logistic_regression,0,7,32,400,logistic_regression,coarse,0.9882265662225492,0.9881848595236338,0.299814117141068,0.04308114480227232,0.9702762736576854,5,5,12800,165797,1345.625
outer_fold,fold0_seed07_P32_C400_logistic_regression,0,7,32,400,logistic_regression,fine,0.7343679318684898,0.6427724187142296,5.916691146790981,0.10086965374648571,0.606018135577699,39,39,12800,165797,1345.625
outer_fold,fold0_seed08_P32_C400_logistic_regression,0,8,32,400,logistic_regression,coarse,0.9880034017503332,0.9882124781401191,0.3372929710894823,0.051003050059080124,0.9732711521529641,5,5,12800,165797,1332.11328125
outer_fold,fold0_seed08_P32_C400_logistic_regression,0,8,32,400,logistic_regression,fine,0.7402003655072167,0.6442575819985522,8.208486089482903,0.14604548551142216,0.6105957170592387,39,39,12800,165797,1332.11328125
outer_fold,fold0_seed09_P32_C400_logistic_regression,0,9,32,400,logistic_regression,coarse,0.9855365296115128,0.985119481593394,0.40586140751838684,0.052942183800041676,0.9731714801636887,5,5,12800,165797,1335.03515625
outer_fold,fold0_seed09_P32_C400_logistic_regression,0,9,32,400,logistic_regression,fine,0.7571789598123005,0.6473800784932995,4.972570477984846,0.10302426852285862,0.6187373804233454,39,39,12800,165797,1335.03515625
outer_fold,fold0_seed10_P32_C400_logistic_regression,0,10,32,400,logistic_regression,coarse,0.9880275276392214,0.9852560514792555,0.33392165787518024,0.047755712643265724,0.9746828010647637,5,5,12800,165797,1323.109375
outer_fold,fold0_seed10_P32_C400_logistic_regression,0,10,32,400,logistic_regression,fine,0.7518350754235601,0.6493657292231304,5.660163031890988,0.10264275874942541,0.6291800906821313,39,39,12800,165797,1323.109375
outer_fold,fold0_seed11_P32_C400_logistic_regression,0,11,32,400,logistic_regression,coarse,0.9860130159170551,0.9845856585577215,0.31927399430423975,0.045954784378409386,0.9765263953229031,5,5,12800,165797,1335.46484375
outer_fold,fold0_seed11_P32_C400_logistic_regression,0,11,32,400,logistic_regression,fine,0.7563405851734349,0.6437971267836688,4.753219094127417,0.3311025183647871,0.6194973372278324,39,39,12800,165797,1335.46484375
outer_fold,fold0_seed12_P32_C400_logistic_regression,0,12,32,400,logistic_regression,coarse,0.984782595583756,0.9839211163553221,0.8176857186481357,0.1391778951510787,0.9705367916668172,5,5,12800,165797,1341.43359375
outer_fold,fold0_seed12_P32_C400_logistic_regression,0,12,32,400,logistic_regression,fine,0.7284812149797644,0.6391704776473208,8.134852357208729,0.08451521210372448,0.6080923667714663,39,38,12800,165797,1341.43359375
outer_fold,fold0_seed13_P32_C400_logistic_regression,0,13,32,400,logistic_regression,coarse,0.9837994656115612,0.9830445332711237,0.29836935084313154,0.04545346461236477,0.9714787341031119,5,5,12800,165797,1328.62890625
outer_fold,fold0_seed13_P32_C400_logistic_regression,0,13,32,400,logistic_regression,fine,0.7582043100900498,0.6266472537797055,5.580227790400386,0.0855723787099123,0.6084783353771209,39,38,12800,165797,1328.62890625
outer_fold,fold0_seed14_P32_C400_logistic_regression,0,14,32,400,logistic_regression,coarse,0.9881179997225523,0.9880330908344815,0.2741388138383627,0.059690686874091625,0.9688342990977814,5,5,12800,165797,1328.1328125
outer_fold,fold0_seed14_P32_C400_logistic_regression,0,14,32,400,logistic_regression,fine,0.747305439784797,0.6393096280223417,4.483778250403702,0.2446730202063918,0.6080638991652065,39,39,12800,165797,1328.1328125
outer_fold,fold0_seed15_P32_C400_logistic_regression,0,15,32,400,logistic_regression,coarse,0.9863749042503784,0.9843614518310426,0.5204738760367036,0.07191038690507412,0.9706295971019143,5,5,12800,165797,1322.50390625
outer_fold,fold0_seed15_P32_C400_logistic_regression,0,15,32,400,logistic_regression,fine,0.7520341140068879,0.6376310435044608,4.9860242726281285,0.09305930510163307,0.6067520883021154,39,38,12800,165797,1322.50390625
outer_fold,fold0_seed16_P32_C400_logistic_regression,0,16,32,400,logistic_regression,coarse,0.988311006833658,0.9872472883801409,0.2351684346795082,0.044969283044338226,0.9723866203516026,5,5,12800,165797,1331.00390625
outer_fold,fold0_seed16_P32_C400_logistic_regression,0,16,32,400,logistic_regression,fine,0.7428180244515884,0.6363382153963845,5.739242576062679,0.09438571333885193,0.6081311902340646,39,38,12800,165797,1331.00390625
outer_fold,fold0_seed17_P32_C400_logistic_regression,0,17,32,400,logistic_regression,coarse,0.9903194870836023,0.987939130739975,0.2776259779930115,0.042636931873857975,0.9756050556301676,5,5,12800,165797,1326.39453125
outer_fold,fold0_seed17_P32_C400_logistic_regression,0,17,32,400,logistic_regression,fine,0.7650319366454158,0.6523355013366146,5.047249348834157,0.09960463456809521,0.6308048936528359,39,39,12800,165797,1326.39453125
outer_fold,fold0_seed18_P32_C400_logistic_regression,0,18,32,400,logistic_regression,coarse,0.9873218453892411,0.9866144072984419,0.2533360421657562,0.045036815106868744,0.9715154552402707,5,5,12800,165797,1339.4296875
outer_fold,fold0_seed18_P32_C400_logistic_regression,0,18,32,400,logistic_regression,fine,0.7565878755345392,0.6386036099554584,6.182199748232961,0.10159970261156559,0.6136665322190213,39,38,12800,165797,1339.4296875
outer_fold,fold0_seed19_P32_C400_logistic_regression,0,19,32,400,logistic_regression,coarse,0.9874424748336822,0.9863344129329434,0.28859627339988947,0.046278818510472775,0.9720078346592456,5,5,12800,165797,1344.05859375
outer_fold,fold0_seed19_P32_C400_logistic_regression,0,19,32,400,logistic_regression,fine,0.7346453795907043,0.6313115900447589,5.891709014773369,0.10135072097182274,0.6037851595976106,39,39,12800,165797,1344.05859375
outer_fold,fold0_seed00_P32_C800_logistic_regression,0,0,32,800,logistic_regression,coarse,0.987418348944794,0.9864077485260928,0.7164326822385192,0.04573057033121586,0.977232270381775,5,5,25600,165797,1329.31640625
outer_fold,fold0_seed00_P32_C800_logistic_regression,0,0,32,800,logistic_regression,fine,0.7407431980072016,0.6783862939783126,14.433945758268237,0.09834802895784378,0.6271832317648539,39,39,25600,165797,1329.31640625
outer_fold,fold0_seed01_P32_C800_logistic_regression,0,1,32,800,logistic_regression,coarse,0.9898671266669481,0.9884110516176234,0.535081890411675,0.04387561045587063,0.9736209903793711,5,5,25600,165797,1326.73046875
outer_fold,fold0_seed01_P32_C800_logistic_regression,0,1,32,800,logistic_regression,fine,0.748071436756998,0.6701654443634671,14.202835723757744,0.09521934017539024,0.6277652384282774,39,39,25600,165797,1326.73046875
outer_fold,fold0_seed02_P32_C800_logistic_regression,0,2,32,800,logistic_regression,coarse,0.9870504291392486,0.9860325818266654,0.6350101074203849,0.04537454806268215,0.9725012343778936,5,5,25600,165797,1332.7734375
outer_fold,fold0_seed02_P32_C800_logistic_regression,0,2,32,800,logistic_regression,fine,0.727769501257562,0.6789393037586728,12.785237099975348,0.09306157846003771,0.6258939136928949,39,39,25600,165797,1332.7734375
outer_fold,fold0_seed03_P32_C800_logistic_regression,0,3,32,800,logistic_regression,coarse,0.986658383444815,0.9861080941943945,1.2534099044278264,0.04406930971890688,0.971349128138451,5,5,25600,165797,1345.625
outer_fold,fold0_seed03_P32_C800_logistic_regression,0,3,32,800,logistic_regression,fine,0.7375525492017346,0.6841543377130646,17.918100208975375,0.10371903516352177,0.6414529981428512,39,39,25600,165797,1345.625
outer_fold,fold0_seed04_P32_C800_logistic_regression,0,4,32,800,logistic_regression,coarse,0.9881783144447728,0.9813663095675821,1.0865381332114339,0.04469666723161936,0.9743268481205666,5,5,25600,165797,1332.11328125
outer_fold,fold0_seed04_P32_C800_logistic_regression,0,4,32,800,logistic_regression,fine,0.7333124242296302,0.6787108340548688,16.931265867315233,0.1156563451513648,0.6244775995264611,39,39,25600,165797,1332.11328125
outer_fold,fold0_seed05_P32_C800_logistic_regression,0,5,32,800,logistic_regression,coarse,0.9891433500003016,0.9891741616869346,0.6926264083012938,0.046829480677843094,0.9735198438584373,5,5,25600,165797,1335.03515625
outer_fold,fold0_seed05_P32_C800_logistic_regression,0,5,32,800,logistic_regression,fine,0.7104953648135973,0.6643883984379738,16.588459238409996,0.09488584008067846,0.6128181521940439,39,38,25600,165797,1335.03515625
outer_fold,fold0_seed06_P32_C800_logistic_regression,0,6,32,800,logistic_regression,coarse,0.9859044494170582,0.9858126116313741,0.7229936858639121,0.04574399907141924,0.9694614972439684,5,5,25600,165797,1324.15234375
outer_fold,fold0_seed06_P32_C800_logistic_regression,0,6,32,800,logistic_regression,fine,0.7238249184243382,0.6669711602821982,16.37076680827886,0.10227324813604355,0.6088627992823502,39,38,25600,165797,1324.15234375
outer_fold,fold0_seed07_P32_C800_logistic_regression,0,7,32,800,logistic_regression,coarse,0.9893484200558514,0.9887242325443049,0.6870721681043506,0.05012789275497198,0.9745803775644502,5,5,25600,165797,1335.46484375
outer_fold,fold0_seed07_P32_C800_logistic_regression,0,7,32,800,logistic_regression,fine,0.7393137390905746,0.6677755797013287,16.22648263350129,0.08592486567795277,0.6188973876997709,39,39,25600,165797,1335.46484375
outer_fold,fold0_seed08_P32_C800_logistic_regression,0,8,32,800,logistic_regression,coarse,0.9896560251391763,0.9897999381820606,0.542304590344429,0.04411257430911064,0.9776816275227251,5,5,25600,165797,1341.43359375
outer_fold,fold0_seed08_P32_C800_logistic_regression,0,8,32,800,logistic_regression,fine,0.7273955499797946,0.674855427425281,14.445157770998776,0.09906004276126623,0.622057268700312,39,39,25600,165797,1341.43359375
outer_fold,fold0_seed09_P32_C800_logistic_regression,0,9,32,800,logistic_regression,coarse,0.9886548007503152,0.9873210455319283,0.6042699227109551,0.04569725971668959,0.9752378929046529,5,5,25600,165797,1328.62890625
outer_fold,fold0_seed09_P32_C800_logistic_regression,0,9,32,800,logistic_regression,fine,0.7537108632846191,0.6861661825116351,13.470763175748289,0.1090060481801629,0.6437364846033534,39,39,25600,165797,1328.62890625
outer_fold,fold0_seed10_P32_C800_logistic_regression,0,10,32,800,logistic_regression,coarse,0.9873821601114616,0.9872813345981427,0.8502957355231047,0.04363630432635546,0.9783833967242869,5,5,25600,165797,1330.1171875
outer_fold,fold0_seed10_P32_C800_logistic_regression,0,10,32,800,logistic_regression,fine,0.7450436377015266,0.6759868895339723,21.521979328244925,0.1694725640118122,0.6341999981603257,39,39,25600,165797,1330.1171875
outer_fold,fold0_seed11_P32_C800_logistic_regression,0,11,32,800,logistic_regression,coarse,0.9844267387226548,0.9832077723754707,0.6819197777658701,0.04979509674012661,0.9715792319072257,5,5,25600,165797,1322.50390625
outer_fold,fold0_seed11_P32_C800_logistic_regression,0,11,32,800,logistic_regression,fine,0.7358757999240034,0.6788015797788477,15.446659602224827,0.11022479739040136,0.6229422017711965,39,39,25600,165797,1322.50390625
outer_fold,fold0_seed12_P32_C800_logistic_regression,0,12,32,800,logistic_regression,coarse,0.9881360941392184,0.988291041973579,0.7907424215227365,0.04649712424725294,0.9767418972869208,5,5,25600,165797,1331.00390625
outer_fold,fold0_seed12_P32_C800_logistic_regression,0,12,32,800,logistic_regression,fine,0.7196330452300101,0.6773298523987659,15.122936049476266,0.0873692212626338,0.6256773086204311,39,38,25600,165797,1331.00390625
outer_fold,fold0_seed13_P32_C800_logistic_regression,0,13,32,800,logistic_regression,coarse,0.9851565468615234,0.9840309415197058,1.12085329182446,0.08720214199274778,0.9747312484552106,5,5,25600,165797,1332.53515625
outer_fold,fold0_seed13_P32_C800_logistic_regression,0,13,32,800,logistic_regression,fine,0.7556590288123428,0.673507350472646,12.38032086007297,0.10481634456664324,0.62524550501039,39,38,25600,165797,1332.53515625
outer_fold,fold0_seed14_P32_C800_logistic_regression,0,14,32,800,logistic_regression,coarse,0.9895112698058469,0.9888171839923834,0.7660167440772057,0.042163316160440445,0.971115219067418,5,5,25600,165797,1339.4296875
outer_fold,fold0_seed14_P32_C800_logistic_regression,0,14,32,800,logistic_regression,fine,0.7463645301181565,0.6734505132038826,18.046447315253317,0.15503761637955904,0.6232092608869517,39,39,25600,165797,1339.4296875
outer_fold,fold0_seed15_P32_C800_logistic_regression,0,15,32,800,logistic_regression,coarse,0.9882446606392155,0.9861821549581208,0.7921191677451134,0.04745216853916645,0.972417219319435,5,5,25600,165797,1344.05859375
outer_fold,fold0_seed15_P32_C800_logistic_regression,0,15,32,800,logistic_regression,fine,0.743107535118247,0.6768364455550976,13.060438511893153,0.0979987382888794,0.6321411778545195,39,39,25600,165797,1344.05859375
outer_fold,fold0_seed16_P32_C800_logistic_regression,0,16,32,800,logistic_regression,coarse,0.98852210836143,0.9876817217797044,1.1302951164543629,0.07185444422066212,0.9711237628485982,5,5,25600,165797,1336.25390625
outer_fold,fold0_seed16_P32_C800_logistic_regression,0,16,32,800,logistic_regression,fine,0.734289522729603,0.6771528665976346,14.425080278888345,0.09833195526152849,0.6266962301939479,39,39,25600,165797,1336.25390625
outer_fold,fold0_seed17_P32_C800_logistic_regression,0,17,32,800,logistic_regression,coarse,0.9914111835557942,0.9894496400070747,0.5668997718021274,0.057797981426119804,0.9818792800103076,5,5,25600,165797,1330.49609375
outer_fold,fold0_seed17_P32_C800_logistic_regression,0,17,32,800,logistic_regression,fine,0.7504297423958214,0.6739691282450481,19.58608323801309,0.09999841172248125,0.6326608821121813,39,39,25600,165797,1330.49609375
outer_fold,fold0_seed18_P32_C800_logistic_regression,0,18,32,800,logistic_regression,coarse,0.9880456220558876,0.9882085930101466,0.6081140711903572,0.044043831527233124,0.97186059528584,5,5,25600,165797,1344.80078125
outer_fold,fold0_seed18_P32_C800_logistic_regression,0,18,32,800,logistic_regression,fine,0.7549895353956947,0.6731078620410237,18.98147661332041,0.1079472778365016,0.6341401684672006,39,39,25600,165797,1344.80078125
outer_fold,fold0_seed19_P32_C800_logistic_regression,0,19,32,800,logistic_regression,coarse,0.9903737703336007,0.9885074794246262,0.7190565224736929,0.0460101580247283,0.9763326555805293,5,5,25600,165797,1345.625
outer_fold,fold0_seed19_P32_C800_logistic_regression,0,19,32,800,logistic_regression,fine,0.7352183694517995,0.6650046866204767,13.098433997482061,0.16377656161785126,0.6193712591874884,39,39,25600,165797,1345.625
outer_fold,fold0_seed00_P32_C1600_logistic_regression,0,0,32,1600,logistic_regression,coarse,0.9899756931669451,0.9892100152544389,1.6184664387255907,0.0485408641397953,0.979135491467052,5,5,51200,165797,1353.08203125
outer_fold,fold0_seed00_P32_C1600_logistic_regression,0,0,32,1600,logistic_regression,fine,0.7428059615071443,0.702687812189137,35.82458588294685,0.11622867919504642,0.6392202684286503,39,39,51200,165797,1353.08203125
outer_fold,fold0_seed01_P32_C1600_logistic_regression,0,1,32,1600,logistic_regression,coarse,0.9903134556113802,0.9896353950235095,1.2883891137316823,0.04706290736794472,0.9777109177978639,5,5,51200,165797,1355.3203125
outer_fold,fold0_seed01_P32_C1600_logistic_regression,0,1,32,1600,logistic_regression,fine,0.7495853362847338,0.7078112106681562,32.62071855738759,0.10586307756602764,0.6474139540381776,39,39,51200,165797,1355.3203125
outer_fold,fold0_seed02_P32_C1600_logistic_regression,0,2,32,1600,logistic_regression,coarse,0.986990114417028,0.9878785808993907,1.3626181716099381,0.034643080085515976,0.9720700365562014,5,5,51200,165797,1353.34375
outer_fold,fold0_seed02_P32_C1600_logistic_regression,0,2,32,1600,logistic_regression,fine,0.7269612839798066,0.7156117529614091,24.916946758516133,0.10113238636404276,0.6407876868172553,39,39,51200,165797,1353.34375
outer_fold,fold0_seed03_P32_C1600_logistic_regression,0,3,32,1600,logistic_regression,coarse,0.9889141540558635,0.9886297148605754,1.3590383473783731,0.042904822155833244,0.9727258219248084,5,5,51200,165797,1363.59765625
outer_fold,fold0_seed03_P32_C1600_logistic_regression,0,3,32,1600,logistic_regression,fine,0.7416298244238436,0.7114634371455845,40.80020906403661,0.09923935029655695,0.6496765211341415,39,39,51200,165797,1363.59765625
outer_fold,fold0_seed04_P32_C1600_logistic_regression,0,4,32,1600,logistic_regression,coarse,0.9906753439447035,0.990224598197117,1.394200406037271,0.045680634677410126,0.9784607652793824,5,5,51200,165797,1374.66015625
outer_fold,fold0_seed04_P32_C1600_logistic_regression,0,4,32,1600,logistic_regression,fine,0.746412781895933,0.7155576870592885,34.449238249100745,0.11084073688834906,0.651180430699883,39,39,51200,165797,1374.66015625
outer_fold,fold0_seed05_P32_C1600_logistic_regression,0,5,32,1600,logistic_regression,coarse,0.9899274413891687,0.9899757488237488,1.4247508635744452,0.043584685772657394,0.9758983194178252,5,5,51200,165797,1356.046875
outer_fold,fold0_seed05_P32_C1600_logistic_regression,0,5,32,1600,logistic_regression,fine,0.7152300705079103,0.7041759860894982,36.27453068271279,0.10097167640924454,0.6354688470287537,39,39,51200,165797,1356.046875
outer_fold,fold0_seed06_P32_C1600_logistic_regression,0,6,32,1600,logistic_regression,coarse,0.9871409012225795,0.9870283196196498,1.9602053835988045,0.04387862514704466,0.9724584844856793,5,5,51200,165797,1363.7734375
outer_fold,fold0_seed06_P32_C1600_logistic_regression,0,6,32,1600,logistic_regression,fine,0.728095200757553,0.7099569640817283,34.71497596334666,0.09571970626711845,0.6376551292153315,39,39,51200,165797,1363.7734375
outer_fold,fold0_seed07_P32_C1600_logistic_regression,0,7,32,1600,logistic_regression,coarse,0.9914594353335706,0.9902414840380495,1.5457850387319922,0.04863944090902805,0.978780844759281,5,5,51200,165797,1322.50390625
outer_fold,fold0_seed07_P32_C1600_logistic_regression,0,7,32,1600,logistic_regression,fine,0.7456890052292864,0.715498237721843,36.61741490941495,0.0897374777123332,0.6515982365527392,39,39,51200,165797,1322.50390625
outer_fold,fold0_seed08_P32_C1600_logistic_regression,0,8,32,1600,logistic_regression,coarse,0.9909648546113621,0.9909043260161399,1.331108931452036,0.04425124078989029,0.9775141558305057,5,5,51200,165797,1356.4609375
outer_fold,fold0_seed08_P32_C1600_logistic_regression,0,8,32,1600,logistic_regression,fine,0.739693721840564,0.7156810968718309,37.441903977654874,0.10762340389192104,0.6504113295918967,39,39,51200,165797,1356.4609375
outer_fold,fold0_seed09_P32_C1600_logistic_regression,0,9,32,1600,logistic_regression,coarse,0.9917610089446733,0.9901760242981374,1.4099130788818002,0.0451494324952364,0.9809596717580842,5,5,51200,165797,1332.53515625
outer_fold,fold0_seed09_P32_C1600_logistic_regression,0,9,32,1600,logistic_regression,fine,0.7645916391732058,0.7182693687648493,28.929345407523215,0.10701778065413237,0.6617287322204892,39,39,51200,165797,1332.53515625
outer_fold,fold0_seed10_P32_C1600_logistic_regression,0,10,32,1600,logistic_regression,coarse,0.989849032250282,0.9892536981752335,1.2808312540873885,0.042742710560560226,0.9760446948356908,5,5,51200,165797,1375.71875
outer_fold,fold0_seed10_P32_C1600_logistic_regression,0,10,32,1600,logistic_regression,fine,0.7560872633401087,0.713868899324805,32.37713724281639,0.09542921278625727,0.6594450213393284,39,39,51200,165797,1375.71875
outer_fold,fold0_seed11_P32_C1600_logistic_regression,0,11,32,1600,logistic_regression,coarse,0.9872253418336882,0.9846306282473394,2.0605647023767233,0.07188660092651844,0.9743068049274768,5,5,51200,165797,1365.28125
outer_fold,fold0_seed11_P32_C1600_logistic_regression,0,11,32,1600,logistic_regression,fine,0.7432764163404646,0.7058152634908516,24.9613393926993,0.10215410962700844,0.6340445752005676,39,39,51200,165797,1365.28125
outer_fold,fold0_seed12_P32_C1600_logistic_regression,0,12,32,1600,logistic_regression,coarse,0.9903255185558243,0.9892053670449814,2.635137571953237,0.04449039790779352,0.9738972540869802,5,5,51200,165797,1362.125
outer_fold,fold0_seed12_P32_C1600_logistic_regression,0,12,32,1600,logistic_regression,fine,0.7198381152855601,0.7132703523943797,31.0071381367743,0.10842833667993546,0.6490870637451097,39,39,51200,165797,1362.125
outer_fold,fold0_seed13_P32_C1600_logistic_regression,0,13,32,1600,logistic_regression,coarse,0.9872374047781323,0.9876778029798924,1.3685705475509167,0.05232681520283222,0.9745359197637263,5,5,51200,165797,1357.2578125
outer_fold,fold0_seed13_P32_C1600_logistic_regression,0,13,32,1600,logistic_regression,fine,0.7594528248400152,0.7099936640396692,34.33603214006871,0.10836170613765717,0.6403008667916658,39,39,51200,165797,1357.2578125
outer_fold,fold0_seed14_P32_C1600_logistic_regression,0,14,32,1600,logistic_regression,coarse,0.9893363571114073,0.989161924670845,1.4690850218757987,0.04691094160079956,0.9705621186646434,5,5,51200,165797,1359.9375
outer_fold,fold0_seed14_P32_C1600_logistic_regression,0,14,32,1600,logistic_regression,fine,0.751262085562465,0.7152795823608908,32.52835894655436,0.10236165951937437,0.6500509951127861,39,39,51200,165797,1359.9375
outer_fold,fold0_seed15_P32_C1600_logistic_regression,0,15,32,1600,logistic_regression,coarse,0.990735658666924,0.9900451528377932,1.3734838059172034,0.049764360301196575,0.9760138773065433,5,5,51200,165797,1357.78125
outer_fold,fold0_seed15_P32_C1600_logistic_regression,0,15,32,1600,logistic_regression,fine,0.754905094784586,0.7195868178068259,34.150373792275786,0.10943982563912868,0.653363921154959,39,39,51200,165797,1357.78125
outer_fold,fold0_seed16_P32_C1600_logistic_regression,0,16,32,1600,logistic_regression,coarse,0.9894871439169587,0.9885976416706544,1.293341701850295,0.04882232565432787,0.976362599087399,5,5,51200,165797,1353.08203125
outer_fold,fold0_seed16_P32_C1600_logistic_regression,0,16,32,1600,logistic_regression,fine,0.7439036894515583,0.7093832586435979,28.35349069070071,0.10950814746320248,0.646977134886942,39,39,51200,165797,1353.08203125
outer_fold,fold0_seed17_P32_C1600_logistic_regression,0,17,32,1600,logistic_regression,coarse,0.9920686140279981,0.9908168171704436,1.9566257502883673,0.041403391398489475,0.9826829944624473,5,5,51200,165797,1355.3203125
outer_fold,fold0_seed17_P32_C1600_logistic_regression,0,17,32,1600,logistic_regression,fine,0.7544587658401539,0.7069571304026527,34.206586722284555,0.09352786466479301,0.6501380476200931,39,39,51200,165797,1355.3203125
outer_fold,fold0_seed18_P32_C1600_logistic_regression,0,18,32,1600,logistic_regression,coarse,0.9901445743891627,0.9902005564090487,1.2436967650428414,0.04542399197816849,0.9760884829410564,5,5,51200,165797,1353.34375
outer_fold,fold0_seed18_P32_C1600_logistic_regression,0,18,32,1600,logistic_regression,fine,0.7579992400345,0.7163296643322971,31.958621400408447,0.10384331177920103,0.664004168650028,39,39,51200,165797,1353.34375
outer_fold,fold0_seed19_P32_C1600_logistic_regression,0,19,32,1600,logistic_regression,coarse,0.9912664282224648,0.99068082327885,2.285727105103433,0.10641437955200672,0.9695847276187667,5,5,51200,165797,1363.59765625
outer_fold,fold0_seed19_P32_C1600_logistic_regression,0,19,32,1600,logistic_regression,fine,0.7392775502572423,0.7219489112722376,31.991609861142933,0.09965929668396711,0.6593702914574098,39,39,51200,165797,1363.59765625
outer_fold,fold1_seed00_P8_C100_logistic_regression,1,0,8,100,logistic_regression,coarse,0.9902082357371839,0.9608073834116018,0.0302168233320117,0.06434002798050642,0.9710966577912407,5,5,800,108867,1374.66015625
outer_fold,fold1_seed00_P8_C100_logistic_regression,1,0,8,100,logistic_regression,fine,0.739810961999504,0.4579210434169957,0.1373295458033681,0.09271081443876028,0.4724252991662283,39,36,800,108867,1374.66015625
outer_fold,fold1_seed01_P8_C100_logistic_regression,1,1,8,100,logistic_regression,coarse,0.9932670138793206,0.942755816112844,0.015136112459003925,0.029126946814358234,0.9629046754579456,5,5,800,108867,1356.046875
outer_fold,fold1_seed01_P8_C100_logistic_regression,1,1,8,100,logistic_regression,fine,0.7577502824547383,0.4603039123848501,0.08882097899913788,0.05742285121232271,0.4741096937640887,39,35,800,108867,1356.046875
outer_fold,fold1_seed02_P8_C100_logistic_regression,1,2,8,100,logistic_regression,coarse,0.9928720365216273,0.9894465572580777,0.012706035748124123,0.03213577717542648,0.9795425801821631,5,5,800,108867,1363.7734375
outer_fold,fold1_seed02_P8_C100_logistic_regression,1,2,8,100,logistic_regression,fine,0.7696547163052164,0.5144673779554544,0.0980426138266921,0.06005811598151922,0.530129706724072,39,38,800,108867,1363.7734375
outer_fold,fold1_seed03_P8_C100_logistic_regression,1,3,8,100,logistic_regression,coarse,0.9850459735273315,0.8453261095966355,0.02324938401579857,0.0316535783931613,0.8749168185959967,5,5,800,108867,1322.50390625
outer_fold,fold1_seed03_P8_C100_logistic_regression,1,3,8,100,logistic_regression,fine,0.7448813690098928,0.42760033444666845,0.11151845846325159,0.062380784191191196,0.444078903670505,39,34,800,108867,1322.50390625
outer_fold,fold1_seed04_P8_C100_logistic_regression,1,4,8,100,logistic_regression,coarse,0.9934966518779795,0.9819999843180527,0.014739301055669785,0.03281593229621649,0.9844218471626682,5,5,800,108867,1356.4609375
outer_fold,fold1_seed04_P8_C100_logistic_regression,1,4,8,100,logistic_regression,fine,0.748234083790313,0.4867294888294049,0.11962430831044912,0.06012029852718115,0.49373252661393524,39,36,800,108867,1356.4609375
outer_fold,fold1_seed05_P8_C100_logistic_regression,1,5,8,100,logistic_regression,coarse,0.9882149779088245,0.9715190518875773,0.014603928662836552,0.060872431844472885,0.9704999838893089,5,5,800,108867,1332.53515625
outer_fold,fold1_seed05_P8_C100_logistic_regression,1,5,8,100,logistic_regression,fine,0.7559866626250379,0.4757447647966957,0.11826641019433737,0.09432783909142017,0.48134317510268276,39,35,800,108867,1332.53515625
outer_fold,fold1_seed06_P8_C100_logistic_regression,1,6,8,100,logistic_regression,coarse,0.9900888239778812,0.966259914793737,0.013087545521557331,0.0325709767639637,0.9707887153524011,5,5,800,108867,1375.71875
outer_fold,fold1_seed06_P8_C100_logistic_regression,1,6,8,100,logistic_regression,fine,0.7621868885888285,0.440876904597459,0.10194066166877747,0.05934474058449268,0.46209790381369176,39,35,800,108867,1375.71875
outer_fold,fold1_seed07_P8_C100_logistic_regression,1,7,8,100,logistic_regression,coarse,0.991576878209191,0.8897187856872023,0.013420302420854568,0.030989606864750385,0.9215747111362914,5,5,800,108867,1365.28125
outer_fold,fold1_seed07_P8_C100_logistic_regression,1,7,8,100,logistic_regression,fine,0.7625175673068975,0.4463947102953071,0.08559033740311861,0.05685911048203707,0.4514958528434735,39,34,800,108867,1365.28125
outer_fold,fold1_seed08_P8_C100_logistic_regression,1,8,8,100,logistic_regression,coarse,0.9931843441998034,0.9754440773220242,0.01581320445984602,0.03380914498120546,0.9795837063365443,5,5,800,108867,1362.125
outer_fold,fold1_seed08_P8_C100_logistic_regression,1,8,8,100,logistic_regression,fine,0.7633350785821231,0.46916908840208493,0.10203547310084105,0.05795791186392307,0.48444819611494566,39,35,800,108867,1362.125
outer_fold,fold1_seed09_P8_C100_logistic_regression,1,9,8,100,logistic_regression,coarse,0.9920545252464016,0.9700087080956733,0.015229343436658382,0.032662443816661835,0.9749310049081499,5,5,800,108867,1357.2578125
outer_fold,fold1_seed09_P8_C100_logistic_regression,1,9,8,100,logistic_regression,fine,0.7528819568831694,0.4733002528302636,0.0916161211207509,0.0541446590796113,0.4805573013386753,39,35,800,108867,1357.2578125
outer_fold,fold1_seed10_P8_C100_logistic_regression,1,10,8,100,logistic_regression,coarse,0.9876271046322577,0.975540034309829,0.019931750372052193,0.03255927935242653,0.9741544306107569,5,5,800,108867,1359.9375
outer_fold,fold1_seed10_P8_C100_logistic_regression,1,10,8,100,logistic_regression,fine,0.7592658932458872,0.478982450926604,0.0955577353015542,0.06431313697248697,0.47792067365499646,39,38,800,108867,1359.9375
outer_fold,fold1_seed11_P8_C100_logistic_regression,1,11,8,100,logistic_regression,coarse,0.9908144800536435,0.9679101753328659,0.020428172312676907,0.030802518129348755,0.9729668626550445,5,5,800,108867,1357.78125
outer_fold,fold1_seed11_P8_C100_logistic_regression,1,11,8,100,logistic_regression,fine,0.7580901466927535,0.47347990334610696,0.09251743648201227,0.06052056606858969,0.48625879684187634,39,35,800,108867,1357.78125
outer_fold,fold1_seed12_P8_C100_logistic_regression,1,12,8,100,logistic_regression,coarse,0.9876179191123113,0.9562625989464808,0.03653486352413893,0.059149730019271374,0.9681509087423905,5,5,800,108867,1353.08203125
outer_fold,fold1_seed12_P8_C100_logistic_regression,1,12,8,100,logistic_regression,fine,0.7485647625083818,0.4428082780073105,0.12794110272079706,0.05979391187429428,0.45954176895457677,39,34,800,108867,1353.08203125
outer_fold,fold1_seed13_P8_C100_logistic_regression,1,13,8,100,logistic_regression,coarse,0.990649140694609,0.971743866823717,0.020129396580159664,0.02806220669299364,0.9743368854256385,5,5,800,108867,1355.3203125
outer_fold,fold1_seed13_P8_C100_logistic_regression,1,13,8,100,logistic_regression,fine,0.7407019574343006,0.4940533769477324,0.08095394633710384,0.05450315400958061,0.5096925565991068,39,36,800,108867,1355.3203125
outer_fold,fold1_seed14_P8_C100_logistic_regression,1,14,8,100,logistic_regression,coarse,0.9921463804458651,0.9817823298546555,0.01572347991168499,0.032309445552527905,0.9832607297906335,5,5,800,108867,1353.34375
outer_fold,fold1_seed14_P8_C100_logistic_regression,1,14,8,100,logistic_regression,fine,0.7696547163052164,0.47794126265962805,0.09011190570890903,0.061263835057616234,0.49169522033811813,39,35,800,108867,1353.34375
outer_fold,fold1_seed15_P8_C100_logistic_regression,1,15,8,100,logistic_regression,coarse,0.9895009507013145,0.9837011561355394,0.015643801540136337,0.029946030117571354,0.9815148584205156,5,5,800,108867,1363.59765625
outer_fold,fold1_seed15_P8_C100_logistic_regression,1,15,8,100,logistic_regression,fine,0.7434392423783148,0.49010646822625165,0.10290849581360817,0.06116295326501131,0.4970931562120951,39,37,800,108867,1363.59765625
outer_fold,fold1_seed16_P8_C100_logistic_regression,1,16,8,100,logistic_regression,coarse,0.9909981904525705,0.9680204885087533,0.034029243513941765,0.06323748081922531,0.96997419949518,5,5,800,108867,1374.66015625
outer_fold,fold1_seed16_P8_C100_logistic_regression,1,16,8,100,logistic_regression,fine,0.7621042189093113,0.4260169757814246,0.1959998905658722,0.10238415375351906,0.4411008945216062,39,35,800,108867,1374.66015625
outer_fold,fold1_seed17_P8_C100_logistic_regression,1,17,8,100,logistic_regression,coarse,0.9908604076533752,0.9152835113269859,0.033755465410649776,0.04359159525483847,0.9427504431024513,5,5,800,108867,1356.046875
outer_fold,fold1_seed17_P8_C100_logistic_regression,1,17,8,100,logistic_regression,fine,0.7468286992385204,0.4412589204689536,0.09224777389317751,0.05552539136260748,0.4552536588305699,39,35,800,108867,1356.046875
outer_fold,fold1_seed18_P8_C100_logistic_regression,1,18,8,100,logistic_regression,coarse,0.9928995930814664,0.973810747851536,0.01739712804555893,0.03361790906637907,0.9781567512260978,5,5,800,108867,1363.7734375
outer_fold,fold1_seed18_P8_C100_logistic_regression,1,18,8,100,logistic_regression,fine,0.7569970698191371,0.47318762653858815,0.10018712468445301,0.05907779186964035,0.46983848126594924,39,34,800,108867,1363.7734375
outer_fold,fold1_seed19_P8_C100_logistic_regression,1,19,8,100,logistic_regression,coarse,0.9897122176600807,0.8404135525285827,0.017531538382172585,0.02955162152647972,0.8678671889430032,5,5,800,108867,1322.50390625
outer_fold,fold1_seed19_P8_C100_logistic_regression,1,19,8,100,logistic_regression,fine,0.738653586486263,0.4143910531727289,0.12632813397794962,0.05760759860277176,0.4228372367154554,39,34,800,108867,1322.50390625
outer_fold,fold1_seed00_P8_C200_logistic_regression,1,0,8,200,logistic_regression,coarse,0.9895376927810998,0.966964857172545,0.029282829724252224,0.03200984001159668,0.9719702613423996,5,5,1600,108867,1356.4609375
outer_fold,fold1_seed00_P8_C200_logistic_regression,1,0,8,200,logistic_regression,fine,0.7391312335234735,0.500198027143097,0.19390885904431343,0.06594299990683794,0.5053157862507748,39,37,1600,108867,1356.4609375
outer_fold,fold1_seed01_P8_C200_logistic_regression,1,1,8,200,logistic_regression,coarse,0.9926607695628611,0.9560587766043076,0.023498755879700184,0.028686409816145897,0.9657896536825967,5,5,1600,108867,1332.53515625
outer_fold,fold1_seed01_P8_C200_logistic_regression,1,1,8,200,logistic_regression,fine,0.756014219184877,0.5167228324329728,0.15911022666841745,0.054861217737197876,0.5233605710345604,39,36,1600,108867,1332.53515625
outer_fold,fold1_seed02_P8_C200_logistic_regression,1,2,8,200,logistic_regression,coarse,0.993303755959106,0.9898168653303699,0.02200519572943449,0.030749297700822353,0.9842216780760502,5,5,1600,108867,1375.71875
outer_fold,fold1_seed02_P8_C200_logistic_regression,1,2,8,200,logistic_regression,fine,0.7641617753772952,0.5559815364294127,0.17969580367207527,0.05954484920948744,0.5690906191316673,39,38,1600,108867,1375.71875
outer_fold,fold1_seed03_P8_C200_logistic_regression,1,3,8,200,logistic_regression,coarse,0.9866166974381585,0.9539496643689904,0.06697993818670511,0.04307151027023792,0.9662006885013097,5,5,1600,108867,1365.28125
outer_fold,fold1_seed03_P8_C200_logistic_regression,1,3,8,200,logistic_regression,fine,0.7589352145278183,0.49013091149804755,0.20584221929311752,0.06368664372712374,0.5003017705867049,39,37,1600,108867,1365.28125
outer_fold,fold1_seed04_P8_C200_logistic_regression,1,4,8,200,logistic_regression,coarse,0.9921371949259188,0.9854540164567916,0.0278094494715333,0.03315381705760956,0.9823816992610455,5,5,1600,108867,1362.125
outer_fold,fold1_seed04_P8_C200_logistic_regression,1,4,8,200,logistic_regression,fine,0.755242635509383,0.5377321540146449,0.2274222718551755,0.060499303974211216,0.5527286525737924,39,36,1600,108867,1362.125
outer_fold,fold1_seed05_P8_C200_logistic_regression,1,5,8,200,logistic_regression,coarse,0.9910992311719805,0.9713850464315588,0.02939265314489603,0.03129919897764921,0.9753770534398878,5,5,1600,108867,1357.2578125
outer_fold,fold1_seed05_P8_C200_logistic_regression,1,5,8,200,logistic_regression,fine,0.7556192418271837,0.5116562770959353,0.20661537442356348,0.05723136756569147,0.5164843034981107,39,36,1600,108867,1357.2578125
outer_fold,fold1_seed06_P8_C200_logistic_regression,1,6,8,200,logistic_regression,coarse,0.9928720365216273,0.97372303334725,0.0353418430313468,0.038380248472094536,0.9719741955282167,5,5,1600,108867,1359.9375
outer_fold,fold1_seed06_P8_C200_logistic_regression,1,6,8,200,logistic_regression,fine,0.7716479741335758,0.5073055722535766,0.3569141589105129,0.052827263250947,0.5155257497651278,39,35,1600,108867,1359.9375
outer_fold,fold1_seed07_P8_C200_logistic_regression,1,7,8,200,logistic_regression,coarse,0.9934599097981941,0.9885084183766006,0.032718838192522526,0.03463898412883282,0.9844912137114447,5,5,1600,108867,1357.78125
outer_fold,fold1_seed07_P8_C200_logistic_regression,1,7,8,200,logistic_regression,fine,0.7653099653705898,0.516939748276364,0.19906796049326658,0.061107962392270565,0.5194676495533339,39,36,1600,108867,1357.78125
outer_fold,fold1_seed08_P8_C200_logistic_regression,1,8,8,200,logistic_regression,coarse,0.9924127605243095,0.9835598600499186,0.036263770423829556,0.030414707958698273,0.9772933825632769,5,5,1600,108867,1353.08203125
outer_fold,fold1_seed08_P8_C200_logistic_regression,1,8,8,200,logistic_regression,fine,0.7717582003729321,0.5150696374842194,0.15127799566835165,0.056813023053109646,0.5286392686000081,39,36,1600,108867,1353.08203125
outer_fold,fold1_seed09_P8_C200_logistic_regression,1,9,8,200,logistic_regression,coarse,0.9923392763647386,0.972083399267708,0.023053199984133244,0.029184261336922646,0.9746811018188964,5,5,1600,108867,1355.3203125
outer_fold,fold1_seed09_P8_C200_logistic_regression,1,9,8,200,logistic_regression,fine,0.7594036760450825,0.5103270982432793,0.22366011608392,0.05730036925524473,0.5159281046551181,39,36,1600,108867,1355.3203125
outer_fold,fold1_seed10_P8_C200_logistic_regression,1,10,8,200,logistic_regression,coarse,0.9890876023037284,0.9852786615220456,0.03386581037193537,0.03333303518593311,0.9784997867497267,5,5,1600,108867,1353.34375
outer_fold,fold1_seed10_P8_C200_logistic_regression,1,10,8,200,logistic_regression,fine,0.7579707349334509,0.541596775311458,0.2075948379933834,0.06763015873730183,0.5398779488756261,39,39,1600,108867,1353.34375
outer_fold,fold1_seed11_P8_C200_logistic_regression,1,11,8,200,logistic_regression,coarse,0.9913104981307467,0.9857734260118542,0.025186103768646717,0.030082913115620613,0.9805117707608153,5,5,1600,108867,1363.59765625
outer_fold,fold1_seed11_P8_C200_logistic_regression,1,11,8,200,logistic_regression,fine,0.7682034041536921,0.5118157781830681,0.16507387813180685,0.05044380482286215,0.5295876803561916,39,36,1600,108867,1363.59765625
outer_fold,fold1_seed12_P8_C200_logistic_regression,1,12,8,200,logistic_regression,coarse,0.9896111769406707,0.9672808163702197,0.051521603949368,0.0380137013271451,0.9743712911050757,5,5,1600,108867,1374.66015625
outer_fold,fold1_seed12_P8_C200_logistic_regression,1,12,8,200,logistic_regression,fine,0.7544618663139427,0.49037481750031947,0.2674007471650839,0.05580540746450424,0.5037381757945972,39,35,1600,108867,1374.66015625
outer_fold,fold1_seed13_P8_C200_logistic_regression,1,13,8,200,logistic_regression,coarse,0.9872872403942425,0.9701043990230694,0.04749624524265528,0.032629745081067085,0.9664552805123019,5,5,1600,108867,1356.046875
outer_fold,fold1_seed13_P8_C200_logistic_regression,1,13,8,200,logistic_regression,fine,0.7530472962422038,0.5412852315872628,0.24211412202566862,0.07114526443183422,0.5478820641047919,39,38,1600,108867,1356.046875
outer_fold,fold1_seed14_P8_C200_logistic_regression,1,14,8,200,logistic_regression,coarse,0.9918800003674207,0.967828012513872,0.029396679252386093,0.031739707104861736,0.9743102385441123,5,5,1600,108867,1363.7734375
outer_fold,fold1_seed14_P8_C200_logistic_regression,1,14,8,200,logistic_regression,fine,0.768120734474175,0.5065614185347661,0.17588586639612913,0.055982221849262714,0.5178279294708228,39,36,1600,108867,1363.7734375
outer_fold,fold1_seed15_P8_C200_logistic_regression,1,15,8,200,logistic_regression,coarse,0.9902174212571303,0.9880331944746187,0.024816672317683697,0.029239744879305363,0.9766004000574476,5,5,1600,108867,1322.50390625
outer_fold,fold1_seed15_P8_C200_logistic_regression,1,15,8,200,logistic_regression,fine,0.7524043098459589,0.5318395236737192,0.20421826839447021,0.05682456027716398,0.54311039133183,39,38,1600,108867,1322.50390625
outer_fold,fold1_seed16_P8_C200_logistic_regression,1,16,8,200,logistic_regression,coarse,0.9910808601320877,0.9706019882431404,0.0277498010545969,0.03346101567149162,0.9726899462163715,5,5,1600,108867,1356.4609375
outer_fold,fold1_seed16_P8_C200_logistic_regression,1,16,8,200,logistic_regression,fine,0.7658886531272102,0.4900102969377298,0.19143390376120806,0.05834086239337921,0.5042988978063326,39,36,1600,108867,1356.4609375
outer_fold,fold1_seed17_P8_C200_logistic_regression,1,17,8,200,logistic_regression,coarse,0.9926883261227002,0.9551977283321001,0.039147733710706234,0.04113668296486139,0.970719437849674,5,5,1600,108867,1332.53515625
outer_fold,fold1_seed17_P8_C200_logistic_regression,1,17,8,200,logistic_regression,fine,0.7560509612646624,0.5199080138435689,0.24609266128391027,0.06836979184299707,0.5368150261252842,39,38,1600,108867,1332.53515625
outer_fold,fold1_seed18_P8_C200_logistic_regression,1,18,8,200,logistic_regression,coarse,0.992734253722432,0.9856401898931264,0.028150909580290318,0.031334782019257545,0.9833444477131742,5,5,1600,108867,1375.71875
outer_fold,fold1_seed18_P8_C200_logistic_regression,1,18,8,200,logistic_regression,fine,0.7700221371030708,0.5351336736771335,0.19912776909768581,0.061141823418438435,0.5379809767263961,39,37,1600,108867,1375.71875
outer_fold,fold1_seed19_P8_C200_logistic_regression,1,19,8,200,logistic_regression,coarse,0.987838371591024,0.9146370082796567,0.0439221803098917,0.03092436958104372,0.9427097574920993,5,5,1600,108867,1365.28125
outer_fold,fold1_seed19_P8_C200_logistic_regression,1,19,8,200,logistic_regression,fine,0.7453865726069424,0.4794628147092422,0.22005505487322807,0.07235203590244055,0.49404016718779903,39,36,1600,108867,1365.28125
outer_fold,fold1_seed00_P8_C400_logistic_regression,1,0,8,400,logistic_regression,coarse,0.9863503173597141,0.9677568091452787,0.06447754241526127,0.02905059326440096,0.9709950747164455,5,5,3200,108867,1362.125
outer_fold,fold1_seed00_P8_C400_logistic_regression,1,0,8,400,logistic_regression,fine,0.7337025912351769,0.5322135663591269,0.470766831189394,0.0552032794803381,0.5328119298923725,39,37,3200,108867,1362.125
outer_fold,fold1_seed01_P8_C400_logistic_regression,1,1,8,400,logistic_regression,coarse,0.9931108600402325,0.9736033860490408,0.0485966382548213,0.03142005857080221,0.9712783926760574,5,5,3200,108867,1357.2578125
outer_fold,fold1_seed01_P8_C400_logistic_regression,1,1,8,400,logistic_regression,fine,0.7567858028603709,0.5536666510963293,0.5629825675860047,0.137281964533031,0.5527185369188852,39,36,3200,108867,1357.2578125
outer_fold,fold1_seed02_P8_C400_logistic_regression,1,2,8,400,logistic_regression,coarse,0.9934139821984623,0.9901353163063895,0.03761833067983389,0.029893540777266026,0.9856421880755976,5,5,3200,108867,1359.9375
outer_fold,fold1_seed02_P8_C400_logistic_regression,1,2,8,400,logistic_regression,fine,0.7709590601375991,0.5963489938875512,0.4940830050036311,0.06827594060450792,0.5989157852867931,39,38,3200,108867,1359.9375
outer_fold,fold1_seed03_P8_C400_logistic_regression,1,3,8,400,logistic_regression,coarse,0.9854776929648102,0.967077918102316,0.06947462167590857,0.03262780141085386,0.9621555871112477,5,5,3200,108867,1357.78125
outer_fold,fold1_seed03_P8_C400_logistic_regression,1,3,8,400,logistic_regression,fine,0.7574379747765623,0.5353186716006227,0.5396715737879276,0.06456803809851408,0.5386605851555775,39,37,3200,108867,1357.78125
outer_fold,fold1_seed04_P8_C400_logistic_regression,1,4,8,400,logistic_regression,coarse,0.9892713127026556,0.9842653109274583,0.04863553587347269,0.031285788863897324,0.979035686556019,5,5,3200,108867,1353.08203125
outer_fold,fold1_seed04_P8_C400_logistic_regression,1,4,8,400,logistic_regression,fine,0.7589811421275501,0.5664457246509833,0.6663017999380827,0.06821454036980867,0.574184812101436,39,37,3200,108867,1353.08203125
outer_fold,fold1_seed05_P8_C400_logistic_regression,1,5,8,400,logistic_regression,coarse,0.9913288691706394,0.9702403340883118,0.0608395729213953,0.028989381156861782,0.9728415762131759,5,5,3200,108867,1355.3203125
outer_fold,fold1_seed05_P8_C400_logistic_regression,1,5,8,400,logistic_regression,fine,0.7638586532190654,0.5328695485643546,0.5510367564857006,0.05730175133794546,0.5355894207706456,39,37,3200,108867,1355.3203125
outer_fold,fold1_seed06_P8_C400_logistic_regression,1,6,8,400,logistic_regression,coarse,0.9869473761562273,0.9683696369831335,0.04936004709452391,0.030303722247481346,0.9597992715080743,5,5,3200,108867,1353.34375
outer_fold,fold1_seed06_P8_C400_logistic_regression,1,6,8,400,logistic_regression,fine,0.7618286533109206,0.5215738861189161,0.6634164499118924,0.058012282475829124,0.5262328146368526,39,35,3200,108867,1353.34375
outer_fold,fold1_seed07_P8_C400_logistic_regression,1,7,8,400,logistic_regression,coarse,0.9933221269989988,0.9882474516643331,0.09587892424315214,0.045444102957844734,0.9865813613994112,5,5,3200,108867,1363.59765625
outer_fold,fold1_seed07_P8_C400_logistic_regression,1,7,8,400,logistic_regression,fine,0.7628390605050199,0.5481044750223467,0.665438199415803,0.07062754221260548,0.5502623622776397,39,36,3200,108867,1363.59765625
outer_fold,fold1_seed08_P8_C400_logistic_regression,1,8,8,400,logistic_regression,coarse,0.9929730772410372,0.9883790439460094,0.05202703829854727,0.030732663348317146,0.9762362943813818,5,5,3200,108867,1374.66015625
outer_fold,fold1_seed08_P8_C400_logistic_regression,1,8,8,400,logistic_regression,fine,0.7669817300008267,0.5602797647995412,0.6548260189592838,0.10866980627179146,0.5628609420019509,39,38,3200,108867,1374.66015625
outer_fold,fold1_seed09_P8_C400_logistic_regression,1,9,8,400,logistic_regression,coarse,0.9929914482809299,0.9863231380502853,0.06196064595133066,0.03374859504401684,0.9809098682580102,5,5,3200,108867,1356.046875
outer_fold,fold1_seed09_P8_C400_logistic_regression,1,9,8,400,logistic_regression,fine,0.7568225449401563,0.5393584198422763,0.6258071828633547,0.05868651811033487,0.5357441611717575,39,36,3200,108867,1356.046875
outer_fold,fold1_seed10_P8_C400_logistic_regression,1,10,8,400,logistic_regression,coarse,0.9895285072611535,0.9863662234879742,0.05153427366167307,0.03206475172191858,0.9724869669321212,5,5,3200,108867,1363.7734375
outer_fold,fold1_seed10_P8_C400_logistic_regression,1,10,8,400,logistic_regression,fine,0.7545169794336208,0.5551476811761855,0.5850386302918196,0.0639383364468813,0.5552035732170054,39,39,3200,108867,1363.7734375
outer_fold,fold1_seed11_P8_C400_logistic_regression,1,11,8,400,logistic_regression,coarse,0.9924219460442558,0.9836847757341269,0.05900648608803749,0.0314905047416687,0.9750654650237461,5,5,3200,108867,1322.50390625
outer_fold,fold1_seed11_P8_C400_logistic_regression,1,11,8,400,logistic_regression,fine,0.7657141282482295,0.5571697573975725,0.5606015454977751,0.05509413592517376,0.5644493307906029,39,38,3200,108867,1322.50390625
outer_fold,fold1_seed12_P8_C400_logistic_regression,1,12,8,400,logistic_regression,coarse,0.9895560638209926,0.9717597187976512,0.054846907034516335,0.030504883266985416,0.9760786310976266,5,5,3200,108867,1356.4609375
outer_fold,fold1_seed12_P8_C400_logistic_regression,1,12,8,400,logistic_regression,fine,0.7651262549716626,0.5340917575923524,0.734994251281023,0.13217264879494905,0.5437337923087573,39,36,3200,108867,1356.4609375
outer_fold,fold1_seed13_P8_C400_logistic_regression,1,13,8,400,logistic_regression,coarse,0.9888120367053377,0.9830683869618768,0.14234545174986124,0.06628455966711044,0.9701514873963092,5,5,3200,108867,1332.53515625
outer_fold,fold1_seed13_P8_C400_logistic_regression,1,13,8,400,logistic_regression,fine,0.7541771151956056,0.5829221584720794,0.45688538160175085,0.06799476314336061,0.5840495525767591,39,39,3200,108867,1332.53515625
outer_fold,fold1_seed14_P8_C400_logistic_regression,1,14,8,400,logistic_regression,coarse,0.9923668329245777,0.973086459038868,0.04569638893008232,0.03367009852081537,0.9709265445723434,5,5,3200,108867,1375.71875
outer_fold,fold1_seed14_P8_C400_logistic_regression,1,14,8,400,logistic_regression,fine,0.7705824538197985,0.5485424992844813,0.5025646639987826,0.05426594987511635,0.5525253399558963,39,36,3200,108867,1375.71875
outer_fold,fold1_seed15_P8_C400_logistic_regression,1,15,8,400,logistic_regression,coarse,0.9916411768488155,0.9883585515053177,0.04686538316309452,0.035057198256254196,0.9777927490516592,5,5,3200,108867,1365.28125
outer_fold,fold1_seed15_P8_C400_logistic_regression,1,15,8,400,logistic_regression,fine,0.7493087896240367,0.5627809440800985,0.6573131503537297,0.07301601767539978,0.5672789063653142,39,38,3200,108867,1365.28125
outer_fold,fold1_seed16_P8_C400_logistic_regression,1,16,8,400,logistic_regression,coarse,0.9883711317479126,0.9697259909552496,0.0654251566156745,0.036309086717665195,0.9683131409559864,5,5,3200,108867,1362.125
outer_fold,fold1_seed16_P8_C400_logistic_regression,1,16,8,400,logistic_regression,fine,0.7615898297923154,0.5177514470988422,0.627491076476872,0.06496569141745567,0.5266428193732039,39,36,3200,108867,1362.125
outer_fold,fold1_seed17_P8_C400_logistic_regression,1,17,8,400,logistic_regression,coarse,0.9930006338008763,0.9835658327719494,0.09910351783037186,0.0640649376437068,0.9835369180569782,5,5,3200,108867,1357.2578125
outer_fold,fold1_seed17_P8_C400_logistic_regression,1,17,8,400,logistic_regression,fine,0.7566755766210146,0.5699385583354248,0.8469216311350465,0.1622627917677164,0.5701454558082495,39,38,3200,108867,1357.2578125
outer_fold,fold1_seed18_P8_C400_logistic_regression,1,18,8,400,logistic_regression,coarse,0.9922841632450605,0.9848899650753236,0.04652524460107088,0.058859177865087986,0.9813751366708775,5,5,3200,108867,1359.9375
outer_fold,fold1_seed18_P8_C400_logistic_regression,1,18,8,400,logistic_regression,fine,0.7603130425197718,0.5589436242600818,0.5675474125891924,0.06492416933178902,0.5551278796417446,39,37,3200,108867,1359.9375
outer_fold,fold1_seed19_P8_C400_logistic_regression,1,19,8,400,logistic_regression,coarse,0.9903276474964865,0.9654825698147734,0.05723592359572649,0.029892688617110252,0.9728001598124315,5,5,3200,108867,1357.78125
outer_fold,fold1_seed19_P8_C400_logistic_regression,1,19,8,400,logistic_regression,fine,0.7467644005988959,0.5262799962139293,0.514850745908916,0.06505150999873877,0.536054294004461,39,36,3200,108867,1357.78125
outer_fold,fold1_seed00_P8_C800_logistic_regression,1,0,8,800,logistic_regression,coarse,0.982712851460957,0.9693490227439131,0.12421900685876608,0.03442587610334158,0.9656440407381031,5,5,6400,108867,1353.08203125
outer_fold,fold1_seed00_P8_C800_logistic_regression,1,0,8,800,logistic_regression,fine,0.730175351575776,0.5576239986010948,1.2963666999712586,0.06870983075350523,0.5464352302422433,39,37,6400,108867,1353.08203125
outer_fold,fold1_seed01_P8_C800_logistic_regression,1,1,8,800,logistic_regression,coarse,0.9934690953181405,0.9893577494329978,0.07856682315468788,0.035752465948462486,0.9775419099815539,5,5,6400,108867,1355.3203125
outer_fold,fold1_seed01_P8_C800_logistic_regression,1,1,8,800,logistic_regression,fine,0.7594312326049216,0.5950927464350327,2.3769614808261395,0.06139469053596258,0.5914467932270734,39,38,6400,108867,1355.3203125
outer_fold,fold1_seed02_P8_C800_logistic_regression,1,2,8,800,logistic_regression,coarse,0.9921371949259188,0.9875301743114256,0.12782954517751932,0.03802328556776047,0.9796309074351293,5,5,6400,108867,1353.34375
outer_fold,fold1_seed02_P8_C800_logistic_regression,1,2,8,800,logistic_regression,fine,0.7707661642187256,0.6180673611856843,1.646327156573534,0.07013506721705198,0.6156070826277106,39,38,6400,108867,1353.34375
outer_fold,fold1_seed03_P8_C800_logistic_regression,1,3,8,800,logistic_regression,coarse,0.9810870144304519,0.9661208993377638,0.1582093620672822,0.03041157405823469,0.9569667068870986,5,5,6400,108867,1363.59765625
outer_fold,fold1_seed03_P8_C800_logistic_regression,1,3,8,800,logistic_regression,fine,0.7525420926451541,0.5644661038638525,1.8182085771113634,0.059900050051510334,0.5552685160387663,39,37,6400,108867,1363.59765625
outer_fold,fold1_seed04_P8_C800_logistic_regression,1,4,8,800,logistic_regression,coarse,0.9896019914207244,0.9854260021172159,0.25319058634340763,0.04631607420742512,0.9759790397720813,5,5,6400,108867,1374.66015625
outer_fold,fold1_seed04_P8_C800_logistic_regression,1,4,8,800,logistic_regression,fine,0.7723552591694453,0.6061945424065392,1.7027584007009864,0.06674257386475801,0.6069750771160288,39,38,6400,108867,1374.66015625
outer_fold,fold1_seed05_P8_C800_logistic_regression,1,5,8,800,logistic_regression,coarse,0.9871494575950471,0.9676522446884694,0.12570974975824356,0.033298843540251255,0.9640819671603447,5,5,6400,108867,1356.046875
outer_fold,fold1_seed05_P8_C800_logistic_regression,1,5,8,800,logistic_regression,fine,0.7508611424949709,0.5567929042324029,2.4280044976621866,0.06494235526770353,0.5439692172017526,39,37,6400,108867,1356.046875
outer_fold,fold1_seed06_P8_C800_logistic_regression,1,6,8,800,logistic_regression,coarse,0.9840814939329641,0.9818151032122646,0.14929555729031563,0.03256881423294544,0.9636402701565553,5,5,6400,108867,1363.7734375
outer_fold,fold1_seed06_P8_C800_logistic_regression,1,6,8,800,logistic_regression,fine,0.752101187687729,0.5767682311018036,1.4584995256736875,0.060485473833978176,0.5650223462920987,39,37,6400,108867,1363.7734375
outer_fold,fold1_seed07_P8_C800_logistic_regression,1,7,8,800,logistic_regression,coarse,0.9925872854032902,0.9856892817199906,0.08248958922922611,0.029514355584979057,0.9843539281996272,5,5,6400,108867,1322.50390625
outer_fold,fold1_seed07_P8_C800_logistic_regression,1,7,8,800,logistic_regression,fine,0.7683687435127265,0.5703962585599677,1.5667312489822507,0.05671865213662386,0.5661418571517657,39,37,6400,108867,1322.50390625
outer_fold,fold1_seed08_P8_C800_logistic_regression,1,8,8,800,logistic_regression,coarse,0.9928812220415737,0.9882848723370475,0.19607517309486866,0.08508666325360537,0.9701099652149587,5,5,6400,108867,1356.4609375
outer_fold,fold1_seed08_P8_C800_logistic_regression,1,8,8,800,logistic_regression,fine,0.7672021824795393,0.5869437804825566,1.4787206975743175,0.06252594944089651,0.5819765120686383,39,38,6400,108867,1356.4609375
outer_fold,fold1_seed09_P8_C800_logistic_regression,1,9,8,800,logistic_regression,coarse,0.9922933487650069,0.9786004484259037,0.17827461194247007,0.03255929984152317,0.9762915611404628,5,5,6400,108867,1332.53515625
outer_fold,fold1_seed09_P8_C800_logistic_regression,1,9,8,800,logistic_regression,fine,0.7576951693350602,0.5677681042096911,1.6098110098391771,0.06629107985645533,0.5623039331452357,39,37,6400,108867,1332.53515625
outer_fold,fold1_seed10_P8_C800_logistic_regression,1,10,8,800,logistic_regression,coarse,0.9876454756721504,0.986067047795113,0.1470190677791834,0.04436315968632698,0.9682328521958661,5,5,6400,108867,1375.71875
outer_fold,fold1_seed10_P8_C800_logistic_regression,1,10,8,800,logistic_regression,fine,0.7441097853343989,0.5967501522324087,2.3011880358681083,0.05964847467839718,0.5898561019584911,39,39,6400,108867,1375.71875
outer_fold,fold1_seed11_P8_C800_logistic_regression,1,11,8,800,logistic_regression,coarse,0.9871770141548862,0.9762192237201746,0.09411084465682507,0.031624333932995796,0.9680509647280575,5,5,6400,108867,1365.28125
outer_fold,fold1_seed11_P8_C800_logistic_regression,1,11,8,800,logistic_regression,fine,0.7584851240504469,0.5770862726164617,1.883669475093484,0.06880121678113937,0.5711410356330154,39,38,6400,108867,1365.28125
outer_fold,fold1_seed12_P8_C800_logistic_regression,1,12,8,800,logistic_regression,coarse,0.9882884620683954,0.9692503600222178,0.09764375723898411,0.0325517188757658,0.9710532981635712,5,5,6400,108867,1362.125
outer_fold,fold1_seed12_P8_C800_logistic_regression,1,12,8,800,logistic_regression,fine,0.7480687444312786,0.5547171590647917,1.9986392669379711,0.06877098139375448,0.5506383518051232,39,37,6400,108867,1362.125
outer_fold,fold1_seed13_P8_C800_logistic_regression,1,13,8,800,logistic_regression,coarse,0.9896662900603489,0.986721886582837,0.11785121075809002,0.055876233614981174,0.9703051953280731,5,5,6400,108867,1357.2578125
outer_fold,fold1_seed13_P8_C800_logistic_regression,1,13,8,800,logistic_regression,fine,0.756014219184877,0.6086897539466122,2.2408304754644632,0.05230842810124159,0.6021723963762028,39,39,6400,108867,1357.2578125
outer_fold,fold1_seed14_P8_C800_logistic_regression,1,14,8,800,logistic_regression,coarse,0.9879485978303801,0.9667691063340211,0.09947305824607611,0.03237377293407917,0.9479459013667725,5,5,6400,108867,1359.9375
outer_fold,fold1_seed14_P8_C800_logistic_regression,1,14,8,800,logistic_regression,fine,0.7647955762535938,0.5788252315470204,1.4740372775122523,0.06737438589334488,0.5779633429128376,39,38,6400,108867,1359.9375
outer_fold,fold1_seed15_P8_C800_logistic_regression,1,15,8,800,logistic_regression,coarse,0.9876179191123113,0.9858312360523438,0.1307475296780467,0.03458724729716778,0.9639573182939497,5,5,6400,108867,1357.78125
outer_fold,fold1_seed15_P8_C800_logistic_regression,1,15,8,800,logistic_regression,fine,0.7417674777480779,0.5965303625806576,1.9039426799863577,0.06777719873934984,0.5889353115065677,39,39,6400,108867,1357.78125
outer_fold,fold1_seed16_P8_C800_logistic_regression,1,16,8,800,logistic_regression,coarse,0.9889406339845866,0.9875625443156011,0.1228563915938139,0.03066983912140131,0.9667194468500663,5,5,6400,108867,1353.08203125
outer_fold,fold1_seed16_P8_C800_logistic_regression,1,16,8,800,logistic_regression,fine,0.7626553501060928,0.5757735452519772,2.1442046416923404,0.0672376025468111,0.579093282651149,39,39,6400,108867,1353.08203125
outer_fold,fold1_seed17_P8_C800_logistic_regression,1,17,8,800,logistic_regression,coarse,0.9866350684780512,0.9804628724801041,0.11059981770813465,0.03282909281551838,0.9719839683237359,5,5,6400,108867,1355.3203125
outer_fold,fold1_seed17_P8_C800_logistic_regression,1,17,8,800,logistic_regression,fine,0.7553253051889002,0.5913796365244122,1.3158253217115998,0.058725266717374325,0.5876199683253345,39,38,6400,108867,1355.3203125
outer_fold,fold1_seed18_P8_C800_logistic_regression,1,18,8,800,logistic_regression,coarse,0.9908144800536435,0.9850032558264468,0.10710591170936823,0.031293840147554874,0.9773805142536467,5,5,6400,108867,1353.34375
outer_fold,fold1_seed18_P8_C800_logistic_regression,1,18,8,800,logistic_regression,fine,0.7591740380464236,0.5817873863597373,1.3564745858311653,0.06166757922619581,0.573828151484313,39,39,6400,108867,1353.34375
outer_fold,fold1_seed19_P8_C800_logistic_regression,1,19,8,800,logistic_regression,coarse,0.9900428963781495,0.9687223525161006,0.13375212624669075,0.030873763374984264,0.97343440833467,5,5,6400,108867,1363.59765625
outer_fold,fold1_seed19_P8_C800_logistic_regression,1,19,8,800,logistic_regression,fine,0.7500068891399597,0.5543544801877223,2.770741638727486,0.1145588681101799,0.5525537957748333,39,37,6400,108867,1363.59765625
outer_fold,fold1_seed00_P8_C1600_logistic_regression,1,0,8,1600,logistic_regression,coarse,0.9801317203560308,0.9641953269084244,0.3708773823454976,0.030871019698679447,0.9659504792160059,5,5,12800,108867,1374.66015625
outer_fold,fold1_seed00_P8_C1600_logistic_regression,1,0,8,1600,logistic_regression,fine,0.7152948092626783,0.5886446776203013,8.603903310373425,0.06954938359558582,0.5585411646474042,39,37,12800,108867,1374.66015625
outer_fold,fold1_seed01_P8_C1600_logistic_regression,1,1,8,1600,logistic_regression,coarse,0.9916044347690302,0.9875026718085469,0.24425165355205536,0.031207822263240814,0.9726593958180747,5,5,12800,108867,1356.046875
outer_fold,fold1_seed01_P8_C1600_logistic_regression,1,1,8,1600,logistic_regression,fine,0.7435127265378857,0.6290177330405781,5.100217916071415,0.07808190863579512,0.6063935107503109,39,38,12800,108867,1356.046875
outer_fold,fold1_seed02_P8_C1600_logistic_regression,1,2,8,1600,logistic_regression,coarse,0.9902541633369157,0.9855668917533438,0.2407483933493495,0.030261049047112465,0.9752461244926387,5,5,12800,108867,1363.7734375
outer_fold,fold1_seed02_P8_C1600_logistic_regression,1,2,8,1600,logistic_regression,fine,0.7606345357178943,0.6331241525934174,4.395212552510202,0.06790185440331697,0.6161163046833706,39,39,12800,108867,1363.7734375
outer_fold,fold1_seed03_P8_C1600_logistic_regression,1,3,8,1600,logistic_regression,coarse,0.97640239925781,0.9756948809642539,0.36199333146214485,0.03141392953693867,0.9608334043407663,5,5,12800,108867,1322.50390625
outer_fold,fold1_seed03_P8_C1600_logistic_regression,1,3,8,1600,logistic_regression,fine,0.7390118217641709,0.6018672441361544,5.864248358644545,0.06669004447758198,0.5794511769423005,39,38,12800,108867,1322.50390625
outer_fold,fold1_seed04_P8_C1600_logistic_regression,1,4,8,1600,logistic_regression,coarse,0.9790019014026289,0.9783113618804042,0.39170283637940884,0.030143052339553833,0.959597332012698,5,5,12800,108867,1356.4609375
outer_fold,fold1_seed04_P8_C1600_logistic_regression,1,4,8,1600,logistic_regression,fine,0.766990915520773,0.631960324439611,5.69907402433455,0.06771152000874281,0.6172997426140688,39,39,12800,108867,1356.4609375
outer_fold,fold1_seed05_P8_C1600_logistic_regression,1,5,8,1600,logistic_regression,coarse,0.9851561997666878,0.9639845561184222,0.26458153780549765,0.03234167490154505,0.9599474925729629,5,5,12800,108867,1332.53515625
outer_fold,fold1_seed05_P8_C1600_logistic_regression,1,5,8,1600,logistic_regression,fine,0.741124491351833,0.5804030895373068,5.68503328692168,0.06273229699581861,0.5529513814010496,39,37,12800,108867,1332.53515625
outer_fold,fold1_seed06_P8_C1600_logistic_regression,1,6,8,1600,logistic_regression,coarse,0.9797183719584447,0.9812264947066621,0.3176177432760596,0.03633951209485531,0.9656952695844515,5,5,12800,108867,1375.71875
outer_fold,fold1_seed06_P8_C1600_logistic_regression,1,6,8,1600,logistic_regression,fine,0.7401140841577337,0.6001043906611943,5.579270749352872,0.06788454856723547,0.583978253365587,39,38,12800,108867,1375.71875
outer_fold,fold1_seed07_P8_C1600_logistic_regression,1,7,8,1600,logistic_regression,coarse,0.9911819008514977,0.9863490329311352,0.19828069396317005,0.032952326349914074,0.9762916176837292,5,5,12800,108867,1365.28125
outer_fold,fold1_seed07_P8_C1600_logistic_regression,1,7,8,1600,logistic_regression,fine,0.7456805092452258,0.5952377096623641,5.752665804699063,0.06795041635632515,0.5758269050881223,39,38,12800,108867,1365.28125
outer_fold,fold1_seed08_P8_C1600_logistic_regression,1,8,8,1600,logistic_regression,coarse,0.9871127155152617,0.9820559995080043,0.31567525397986174,0.03186064772307873,0.959090265789013,5,5,12800,108867,1362.125
outer_fold,fold1_seed08_P8_C1600_logistic_regression,1,8,8,1600,logistic_regression,fine,0.7612224089944611,0.610445750578875,5.987682797946036,0.06865530926734209,0.5986046746081016,39,39,12800,108867,1362.125
outer_fold,fold1_seed09_P8_C1600_logistic_regression,1,9,8,1600,logistic_regression,coarse,0.9873147969540815,0.9727939827280568,0.5077369445934892,0.045236432924866676,0.9636762875064516,5,5,12800,108867,1357.2578125
outer_fold,fold1_seed09_P8_C1600_logistic_regression,1,9,8,1600,logistic_regression,fine,0.7572726354175278,0.5950442774273541,5.450402036309242,0.0616429029032588,0.579071536857383,39,37,12800,108867,1357.2578125
outer_fold,fold1_seed10_P8_C1600_logistic_regression,1,10,8,1600,logistic_regression,coarse,0.9860196386416453,0.9830232391448867,0.28039780631661415,0.03258233517408371,0.9678999268110751,5,5,12800,108867,1359.9375
outer_fold,fold1_seed10_P8_C1600_logistic_regression,1,10,8,1600,logistic_regression,fine,0.730046754296527,0.6199773208896061,4.663533320650458,0.06930375657975674,0.595703931351234,39,39,12800,108867,1359.9375
outer_fold,fold1_seed11_P8_C1600_logistic_regression,1,11,8,1600,logistic_regression,coarse,0.9742529875903626,0.9627211119425938,0.36508973222225904,0.03356481157243252,0.9575000167682044,5,5,12800,108867,1357.78125
outer_fold,fold1_seed11_P8_C1600_logistic_regression,1,11,8,1600,logistic_regression,fine,0.7481514141107958,0.610705707627074,6.00199493393302,0.07339663524180651,0.5936404994670283,39,38,12800,108867,1357.78125
outer_fold,fold1_seed12_P8_C1600_logistic_regression,1,12,8,1600,logistic_regression,coarse,0.9870024892759055,0.9833570265349285,0.3194466633722186,0.03155785519629717,0.9793425018358407,5,5,12800,108867,1353.08203125
outer_fold,fold1_seed12_P8_C1600_logistic_regression,1,12,8,1600,logistic_regression,fine,0.7437974776562227,0.602788223863692,5.8178794384002686,0.06562641821801662,0.5887203101074842,39,38,12800,108867,1353.08203125
outer_fold,fold1_seed13_P8_C1600_logistic_regression,1,13,8,1600,logistic_regression,coarse,0.9846693672095309,0.9822859960358878,0.3394520143046975,0.03149374853819609,0.9568817040999991,5,5,12800,108867,1355.3203125
outer_fold,fold1_seed13_P8_C1600_logistic_regression,1,13,8,1600,logistic_regression,fine,0.745607025085655,0.6305940619555847,4.8179414020851254,0.06527070701122284,0.6120570111420358,39,39,12800,108867,1355.3203125
outer_fold,fold1_seed14_P8_C1600_logistic_regression,1,14,8,1600,logistic_regression,coarse,0.9806552949929731,0.9648887965248945,0.2654412221163511,0.030694985762238503,0.9320952029611517,5,5,12800,108867,1353.34375
outer_fold,fold1_seed14_P8_C1600_logistic_regression,1,14,8,1600,logistic_regression,fine,0.756041775744716,0.6227232758188703,5.417088247835636,0.07125942502170801,0.6034487097218629,39,39,12800,108867,1353.34375
outer_fold,fold1_seed15_P8_C1600_logistic_regression,1,15,8,1600,logistic_regression,coarse,0.9866901815977294,0.9873403326819652,0.3418850665912032,0.030368459410965443,0.9605439966206847,5,5,12800,108867,1363.59765625
outer_fold,fold1_seed15_P8_C1600_logistic_regression,1,15,8,1600,logistic_regression,fine,0.7466449888395933,0.640241638180955,6.447979597374797,0.06890344899147749,0.613424070052268,39,39,12800,108867,1363.59765625
outer_fold,fold1_seed16_P8_C1600_logistic_regression,1,16,8,1600,logistic_regression,coarse,0.987094344475369,0.9861791679343959,0.2925209328532219,0.04646440502256155,0.9685307979931282,5,5,12800,108867,1374.66015625
outer_fold,fold1_seed16_P8_C1600_logistic_regression,1,16,8,1600,logistic_regression,fine,0.755913178465467,0.6164626843287866,6.855979234911501,0.07605895958840847,0.600106855913731,39,39,12800,108867,1374.66015625
outer_fold,fold1_seed17_P8_C1600_logistic_regression,1,17,8,1600,logistic_regression,coarse,0.9856614033637374,0.9824754952227235,0.30764258466660976,0.02827950194478035,0.9724228536554671,5,5,12800,108867,1356.046875
outer_fold,fold1_seed17_P8_C1600_logistic_regression,1,17,8,1600,logistic_regression,fine,0.7449456676495173,0.6340250678548682,5.1537654949352145,0.0681689428165555,0.6146193459180433,39,39,12800,108867,1356.046875
outer_fold,fold1_seed18_P8_C1600_logistic_regression,1,18,8,1600,logistic_regression,coarse,0.9889038919048013,0.9842010383661914,0.2578631201758981,0.04405626095831394,0.9767827423667692,5,5,12800,108867,1363.7734375
outer_fold,fold1_seed18_P8_C1600_logistic_regression,1,18,8,1600,logistic_regression,fine,0.7450650794088199,0.6107874979507085,5.137971686199307,0.06333870254456997,0.584764818385734,39,39,12800,108867,1363.7734375
outer_fold,fold1_seed19_P8_C1600_logistic_regression,1,19,8,1600,logistic_regression,coarse,0.9879302267904875,0.9832312250471735,0.326694842427969,0.031523413956165314,0.981281840720078,5,5,12800,108867,1322.50390625
outer_fold,fold1_seed19_P8_C1600_logistic_regression,1,19,8,1600,logistic_regression,fine,0.7427962559820699,0.6012600527383171,5.234698298387229,0.0681962538510561,0.5897197871385119,39,38,12800,108867,1322.50390625
outer_fold,fold1_seed00_P16_C100_logistic_regression,1,0,16,100,logistic_regression,coarse,0.9844029871310865,0.9505962121196389,0.03835736494511366,0.030475208535790443,0.964012678064158,5,5,1600,108867,1356.4609375
outer_fold,fold1_seed00_P16_C100_logistic_regression,1,0,16,100,logistic_regression,fine,0.747049151717233,0.5171976570760625,0.19560362864285707,0.060119627974927425,0.5264013283365453,39,36,1600,108867,1356.4609375
outer_fold,fold1_seed01_P16_C100_logistic_regression,1,1,16,100,logistic_regression,coarse,0.9930649324405008,0.9451788250733134,0.02350508514791727,0.028591306880116463,0.9634504421883013,5,5,1600,108867,1332.53515625
outer_fold,fold1_seed01_P16_C100_logistic_regression,1,1,16,100,logistic_regression,fine,0.7612867076340857,0.48532595330485817,0.15786989405751228,0.05638763774186373,0.4996481071834624,39,35,1600,108867,1332.53515625
outer_fold,fold1_seed02_P16_C100_logistic_regression,1,2,16,100,logistic_regression,coarse,0.9944427604324543,0.9904248129570133,0.029652229510247707,0.033021699637174606,0.9843455075299465,5,5,1600,108867,1375.71875
outer_fold,fold1_seed02_P16_C100_logistic_regression,1,2,16,100,logistic_regression,fine,0.7764152589857349,0.5597292442131299,0.1861539939418435,0.0638151140883565,0.5661476292013193,39,38,1600,108867,1375.71875
outer_fold,fold1_seed03_P16_C100_logistic_regression,1,3,16,100,logistic_regression,coarse,0.9875903625524722,0.8514098780793569,0.03677551448345184,0.03287211712449789,0.8815178869762776,5,5,1600,108867,1365.28125
outer_fold,fold1_seed03_P16_C100_logistic_regression,1,3,16,100,logistic_regression,fine,0.7557937667061644,0.48312493811719814,0.21476735267788172,0.06661460269242525,0.49481472400535126,39,35,1600,108867,1365.28125
outer_fold,fold1_seed04_P16_C100_logistic_regression,1,4,16,100,logistic_regression,coarse,0.9916779189286009,0.9877839107730895,0.02793126180768013,0.026178094558417797,0.9834942178321958,5,5,1600,108867,1362.125
outer_fold,fold1_seed04_P16_C100_logistic_regression,1,4,16,100,logistic_regression,fine,0.7531024093618819,0.5532249738838149,0.1935538873076439,0.054918684996664524,0.5649077531124906,39,37,1600,108867,1362.125
outer_fold,fold1_seed05_P16_C100_logistic_regression,1,5,16,100,logistic_regression,coarse,0.9921647514857579,0.9729574481850616,0.022871128283441067,0.029825730249285698,0.9759046223682779,5,5,1600,108867,1357.2578125
outer_fold,fold1_seed05_P16_C100_logistic_regression,1,5,16,100,logistic_regression,fine,0.7670368431205048,0.5449021478325274,0.19637632183730602,0.055558258667588234,0.5517135212064603,39,38,1600,108867,1357.2578125
outer_fold,fold1_seed06_P16_C100_logistic_regression,1,6,16,100,logistic_regression,coarse,0.9927158826825393,0.9870294098487629,0.024574141018092632,0.026670019142329693,0.9838423743945641,5,5,1600,108867,1359.9375
outer_fold,fold1_seed06_P16_C100_logistic_regression,1,6,16,100,logistic_regression,fine,0.759054626287121,0.5259897684027375,0.3540370548143983,0.12399273738265038,0.526569547465707,39,36,1600,108867,1359.9375
outer_fold,fold1_seed07_P16_C100_logistic_regression,1,7,16,100,logistic_regression,coarse,0.9931659731599107,0.9642574269717207,0.06628895737230778,0.06461470760405064,0.9740092069361526,5,5,1600,108867,1357.78125
outer_fold,fold1_seed07_P16_C100_logistic_regression,1,7,16,100,logistic_regression,fine,0.7666418657628115,0.5125878063956377,0.1716908048838377,0.05644281953573227,0.5152890479634769,39,35,1600,108867,1357.78125
outer_fold,fold1_seed08_P16_C100_logistic_regression,1,8,16,100,logistic_regression,coarse,0.9943417197130443,0.9871533502558212,0.06486459076404572,0.048258653841912746,0.9860318928020486,5,5,1600,108867,1353.08203125
outer_fold,fold1_seed08_P16_C100_logistic_regression,1,8,16,100,logistic_regression,fine,0.7699853950232853,0.5336376961266884,0.19834640342742205,0.059726701118052006,0.5390512325554564,39,37,1600,108867,1353.08203125
outer_fold,fold1_seed09_P16_C100_logistic_regression,1,9,16,100,logistic_regression,coarse,0.9888487787851231,0.9835501566149849,0.09329118113964796,0.06870796624571085,0.9791338650351855,5,5,1600,108867,1355.3203125
outer_fold,fold1_seed09_P16_C100_logistic_regression,1,9,16,100,logistic_regression,fine,0.7636841283400847,0.5248276520552189,0.1935684895142913,0.05969405360519886,0.5316291476924372,39,36,1600,108867,1355.3203125
outer_fold,fold1_seed10_P16_C100_logistic_regression,1,10,16,100,logistic_regression,coarse,0.9898867425390614,0.9853814326563517,0.03505007643252611,0.03180194925516844,0.9811922963182788,5,5,1600,108867,1353.34375
outer_fold,fold1_seed10_P16_C100_logistic_regression,1,10,16,100,logistic_regression,fine,0.7558305087859498,0.5499320550768908,0.1945621846243739,0.06525461282581091,0.5480002115107764,39,39,1600,108867,1353.34375
outer_fold,fold1_seed11_P16_C100_logistic_regression,1,11,16,100,logistic_regression,coarse,0.99278936684211,0.9834368409559371,0.07159245200455189,0.06448015756905079,0.9824183520674084,5,5,1600,108867,1363.59765625
outer_fold,fold1_seed11_P16_C100_logistic_regression,1,11,16,100,logistic_regression,fine,0.7712989243756143,0.5458709583037473,0.35150774009525776,0.056497580371797085,0.555954268005293,39,36,1600,108867,1363.59765625
outer_fold,fold1_seed12_P16_C100_logistic_regression,1,12,16,100,logistic_regression,coarse,0.9870116747958518,0.9742728736900867,0.09646897483617067,0.06425065454095602,0.9751053754034951,5,5,1600,108867,1374.66015625
outer_fold,fold1_seed12_P16_C100_logistic_regression,1,12,16,100,logistic_regression,fine,0.7615622732324763,0.5252455392835963,0.5858620703220367,0.09471224248409271,0.5344127514253578,39,35,1600,108867,1374.66015625
outer_fold,fold1_seed13_P16_C100_logistic_regression,1,13,16,100,logistic_regression,coarse,0.991420724370103,0.9709324888802167,0.027528520673513412,0.031094053760170937,0.9743059593089928,5,5,1600,108867,1356.046875
outer_fold,fold1_seed13_P16_C100_logistic_regression,1,13,16,100,logistic_regression,fine,0.7497129525016764,0.5399743654723577,0.180040517821908,0.060236481949687004,0.5443363047479083,39,36,1600,108867,1356.046875
outer_fold,fold1_seed14_P16_C100_logistic_regression,1,14,16,100,logistic_regression,coarse,0.9928352944418419,0.9891094861172534,0.02674033399671316,0.030955856665968895,0.984590221562016,5,5,1600,108867,1363.7734375
outer_fold,fold1_seed14_P16_C100_logistic_regression,1,14,16,100,logistic_regression,fine,0.7551967079096512,0.5063000047522908,0.18186312913894653,0.058264379389584064,0.5114821543087109,39,36,1600,108867,1363.7734375
outer_fold,fold1_seed15_P16_C100_logistic_regression,1,15,16,100,logistic_regression,coarse,0.9883986883077517,0.9829502370982995,0.0402468042448163,0.03226166591048241,0.97634221223871,5,5,1600,108867,1322.50390625
outer_fold,fold1_seed15_P16_C100_logistic_regression,1,15,16,100,logistic_regression,fine,0.75908218284696,0.5324040595025409,0.18520685005933046,0.06185253523290157,0.5331025808303133,39,37,1600,108867,1322.50390625
outer_fold,fold1_seed16_P16_C100_logistic_regression,1,16,16,100,logistic_regression,coarse,0.9914850230097275,0.962980482336592,0.02615511044859886,0.03159486036747694,0.9666379738576024,5,5,1600,108867,1356.4609375
outer_fold,fold1_seed16_P16_C100_logistic_regression,1,16,16,100,logistic_regression,fine,0.7578696942140409,0.4988396225928149,0.19645726308226585,0.05585422087460756,0.5062082576172525,39,36,1600,108867,1356.4609375
outer_fold,fold1_seed17_P16_C100_logistic_regression,1,17,16,100,logistic_regression,coarse,0.9839896387335005,0.9172208992221194,0.043793839402496815,0.031864131800830364,0.9412894038266562,5,5,1600,108867,1332.53515625
outer_fold,fold1_seed17_P16_C100_logistic_regression,1,17,16,100,logistic_regression,fine,0.7634177482616403,0.4992767773891157,0.2093042992055416,0.07025529630482197,0.5099671349052516,39,36,1600,108867,1332.53515625
outer_fold,fold1_seed18_P16_C100_logistic_regression,1,18,16,100,logistic_regression,coarse,0.9932394573194816,0.9715117832832814,0.047027936205267906,0.05132307671010494,0.9761739562420217,5,5,1600,108867,1375.71875
outer_fold,fold1_seed18_P16_C100_logistic_regression,1,18,16,100,logistic_regression,fine,0.770132363342427,0.5088101465611516,0.2660582223907113,0.0720972865819931,0.5155876034258677,39,35,1600,108867,1375.71875
outer_fold,fold1_seed19_P16_C100_logistic_regression,1,19,16,100,logistic_regression,coarse,0.9940202265149218,0.976946217702727,0.02186464611440897,0.032321144826710224,0.9832006114503905,5,5,1600,108867,1365.28125
outer_fold,fold1_seed19_P16_C100_logistic_regression,1,19,16,100,logistic_regression,fine,0.7609652144359631,0.5306085669460148,0.18933836743235588,0.05915331561118364,0.5401082894215088,39,37,1600,108867,1365.28125
outer_fold,fold1_seed00_P16_C200_logistic_regression,1,0,16,200,logistic_regression,coarse,0.9834385075367191,0.9631578942228396,0.06836472544819117,0.03326055593788624,0.9678710333198943,5,5,3200,108867,1362.125
outer_fold,fold1_seed00_P16_C200_logistic_regression,1,0,16,200,logistic_regression,fine,0.74733390283557,0.5493697430207451,0.6432937448844314,0.06223517656326294,0.5495768111016265,39,37,3200,108867,1362.125
outer_fold,fold1_seed01_P16_C200_logistic_regression,1,1,16,200,logistic_regression,coarse,0.9885456566268933,0.9637534484224796,0.08598374482244253,0.028943102806806564,0.966643247319691,5,5,3200,108867,1357.2578125
outer_fold,fold1_seed01_P16_C200_logistic_regression,1,1,16,200,logistic_regression,fine,0.7604140832391818,0.5473797591532709,0.7889483571052551,0.08077248651534319,0.5501619132713872,39,36,3200,108867,1357.2578125
outer_fold,fold1_seed02_P16_C200_logistic_regression,1,2,16,200,logistic_regression,coarse,0.9943968328327225,0.9915058033794264,0.09200443048030138,0.05764873046427965,0.9868242112508012,5,5,3200,108867,1359.9375
outer_fold,fold1_seed02_P16_C200_logistic_regression,1,2,16,200,logistic_regression,fine,0.7644373409756859,0.5836200448790664,0.7549612056463957,0.08600246254354715,0.5892232958522314,39,39,3200,108867,1359.9375
outer_fold,fold1_seed03_P16_C200_logistic_regression,1,3,16,200,logistic_regression,coarse,0.9886191407864642,0.9422661987617879,0.13876536954194307,0.0637849597260356,0.9584266270661868,5,5,3200,108867,1357.78125
outer_fold,fold1_seed03_P16_C200_logistic_regression,1,3,16,200,logistic_regression,fine,0.7578880652539337,0.5351847954112605,0.6202272959053516,0.0642505744472146,0.538577404693706,39,37,3200,108867,1357.78125
outer_fold,fold1_seed04_P16_C200_logistic_regression,1,4,16,200,logistic_regression,coarse,0.9849908604076534,0.9826117678430188,0.07831845339387655,0.03115287981927395,0.9756746558275367,5,5,3200,108867,1353.08203125
outer_fold,fold1_seed04_P16_C200_logistic_regression,1,4,16,200,logistic_regression,fine,0.7580534046129681,0.5870190706627507,0.5106291240081191,0.06594643648713827,0.5911674598736922,39,38,3200,108867,1353.08203125
outer_fold,fold1_seed05_P16_C200_logistic_regression,1,5,16,200,logistic_regression,coarse,0.9932394573194816,0.9732155426014705,0.04885594453662634,0.031081593595445156,0.9771125746836413,5,5,3200,108867,1355.3203125
outer_fold,fold1_seed05_P16_C200_logistic_regression,1,5,16,200,logistic_regression,fine,0.759697612683366,0.554324369515035,0.5935620926320553,0.05916856788098812,0.5630150186267082,39,38,3200,108867,1355.3203125
outer_fold,fold1_seed06_P16_C200_logistic_regression,1,6,16,200,logistic_regression,coarse,0.9911267877318196,0.9884835692604597,0.061647288501262665,0.03189033083617687,0.9786079484355555,5,5,3200,108867,1353.34375
outer_fold,fold1_seed06_P16_C200_logistic_regression,1,6,16,200,logistic_regression,fine,0.7667520920021678,0.5601275849449857,0.44452863838523626,0.05772999022156,0.5490105770156034,39,36,3200,108867,1353.34375
outer_fold,fold1_seed07_P16_C200_logistic_regression,1,7,16,200,logistic_regression,coarse,0.9898591859792224,0.9818653319924444,0.12901902105659246,0.06394318491220474,0.9817728997944484,5,5,3200,108867,1363.59765625
outer_fold,fold1_seed07_P16_C200_logistic_regression,1,7,16,200,logistic_regression,fine,0.7603405990796109,0.5527936466661258,1.017670570872724,0.11955401301383972,0.5500317284253123,39,36,3200,108867,1363.59765625
outer_fold,fold1_seed08_P16_C200_logistic_regression,1,8,16,200,logistic_regression,coarse,0.992633213003022,0.9820092227299122,0.051582494750618935,0.030742288567125797,0.9794722840631082,5,5,3200,108867,1374.66015625
outer_fold,fold1_seed08_P16_C200_logistic_regression,1,8,16,200,logistic_regression,fine,0.7615898297923154,0.5592697782940221,0.49010109156370163,0.06654072180390358,0.5579469343451405,39,37,3200,108867,1374.66015625
outer_fold,fold1_seed09_P16_C200_logistic_regression,1,9,16,200,logistic_regression,coarse,0.9901990502172375,0.9863562666714234,0.0670670485123992,0.034446537494659424,0.9810266434188518,5,5,3200,108867,1356.046875
outer_fold,fold1_seed09_P16_C200_logistic_regression,1,9,16,200,logistic_regression,fine,0.7601017755610057,0.5512444487378966,0.5038372334092855,0.06220076512545347,0.5522879510536417,39,37,3200,108867,1356.046875
outer_fold,fold1_seed10_P16_C200_logistic_regression,1,10,16,200,logistic_regression,coarse,0.9910808601320877,0.986889279057603,0.08921125065535307,0.04144642595201731,0.9812016982411185,5,5,3200,108867,1363.7734375
outer_fold,fold1_seed10_P16_C200_logistic_regression,1,10,16,200,logistic_regression,fine,0.7534422735998971,0.575053956534847,0.7070678574964404,0.07107812445610762,0.5750810151336364,39,39,3200,108867,1363.7734375
outer_fold,fold1_seed11_P16_C200_logistic_regression,1,11,16,200,logistic_regression,coarse,0.9923117198048995,0.9840576385364745,0.04448568169027567,0.03087833058089018,0.9817319193858453,5,5,3200,108867,1322.50390625
outer_fold,fold1_seed11_P16_C200_logistic_regression,1,11,16,200,logistic_regression,fine,0.7735677478023644,0.5763356878329906,0.9471215959638357,0.13112251088023186,0.5875231281870817,39,37,3200,108867,1322.50390625
outer_fold,fold1_seed12_P16_C200_logistic_regression,1,12,16,200,logistic_regression,coarse,0.9886742539061424,0.9825365084878278,0.07565864361822605,0.029914140701293945,0.9796214883497445,5,5,3200,108867,1356.4609375
outer_fold,fold1_seed12_P16_C200_logistic_regression,1,12,16,200,logistic_regression,fine,0.7641066622576171,0.5504500740027197,0.5436547780409455,0.06127146724611521,0.5566922374136103,39,36,3200,108867,1356.4609375
outer_fold,fold1_seed13_P16_C200_logistic_regression,1,13,16,200,logistic_regression,coarse,0.9887477380657133,0.9779803150779995,0.05280133429914713,0.03029733430594206,0.9713015785152889,5,5,3200,108867,1332.53515625
outer_fold,fold1_seed13_P16_C200_logistic_regression,1,13,16,200,logistic_regression,fine,0.7527625451238668,0.5835435575586693,0.5039250971749425,0.0625449987128377,0.5804386787314959,39,39,3200,108867,1332.53515625
outer_fold,fold1_seed14_P16_C200_logistic_regression,1,14,16,200,logistic_regression,coarse,0.9906399551746626,0.9723780827663588,0.05660462938249111,0.03133235778659582,0.9694495760651739,5,5,3200,108867,1375.71875
outer_fold,fold1_seed14_P16_C200_logistic_regression,1,14,16,200,logistic_regression,fine,0.7502273416186723,0.5385358181618152,0.5151257747784257,0.05730883218348026,0.5346725741799355,39,37,3200,108867,1375.71875
outer_fold,fold1_seed15_P16_C200_logistic_regression,1,15,16,200,logistic_regression,coarse,0.9890876023037284,0.9836509927235504,0.05719653517007828,0.0327268997207284,0.9706773327255318,5,5,3200,108867,1365.28125
outer_fold,fold1_seed15_P16_C200_logistic_regression,1,15,16,200,logistic_regression,fine,0.7586872054892667,0.5649227532601001,0.44194835517555475,0.0688683558255434,0.5692912568946983,39,38,3200,108867,1365.28125
outer_fold,fold1_seed16_P16_C200_logistic_regression,1,16,16,200,logistic_regression,coarse,0.9918157017277963,0.9757944627979785,0.05947271268814802,0.030547035858035088,0.974277204701918,5,5,3200,108867,1362.125
outer_fold,fold1_seed16_P16_C200_logistic_regression,1,16,16,200,logistic_regression,fine,0.7645659382549349,0.5354370651076745,0.584951139986515,0.0596595723181963,0.5418363788357304,39,36,3200,108867,1362.125
outer_fold,fold1_seed17_P16_C200_logistic_regression,1,17,16,200,logistic_regression,coarse,0.9886834394260887,0.9846609934882148,0.07249855529516935,0.03297402895987034,0.9808591212580049,5,5,3200,108867,1357.2578125
outer_fold,fold1_seed17_P16_C200_logistic_regression,1,17,16,200,logistic_regression,fine,0.7624532686672729,0.5706567168044842,0.6061622304841876,0.073017168790102,0.5715153681319729,39,38,3200,108867,1357.2578125
outer_fold,fold1_seed18_P16_C200_logistic_regression,1,18,16,200,logistic_regression,coarse,0.9933313125189451,0.983915716944845,0.08347105327993631,0.10452133417129517,0.9845840579415361,5,5,3200,108867,1359.9375
outer_fold,fold1_seed18_P16_C200_logistic_regression,1,18,16,200,logistic_regression,fine,0.7711060284567408,0.5649333526097828,0.6197982933372259,0.05816316697746515,0.5637084074363478,39,38,3200,108867,1359.9375
outer_fold,fold1_seed19_P16_C200_logistic_regression,1,19,16,200,logistic_regression,coarse,0.988637511826357,0.9799898375244911,0.054304868914186954,0.029321666806936264,0.9780531462751384,5,5,3200,108867,1357.78125
outer_fold,fold1_seed19_P16_C200_logistic_regression,1,19,16,200,logistic_regression,fine,0.7554079748684174,0.5559832279990741,0.5082907835021615,0.05867985915392637,0.5626956046581173,39,37,3200,108867,1357.78125
outer_fold,fold1_seed00_P16_C400_logistic_regression,1,0,16,400,logistic_regression,coarse,0.9811880551498617,0.9653630115399237,0.1250122282654047,0.03071783110499382,0.964259136029472,5,5,6400,108867,1353.08203125
outer_fold,fold1_seed00_P16_C400_logistic_regression,1,0,16,400,logistic_regression,fine,0.7431728622998705,0.571506320711265,1.9611011827364564,0.06524031236767769,0.5585757860536982,39,37,6400,108867,1353.08203125
outer_fold,fold1_seed01_P16_C400_logistic_regression,1,1,16,400,logistic_regression,coarse,0.9899142990989005,0.9707164948414009,0.12303491961210966,0.03081126045435667,0.9628714250921387,5,5,6400,108867,1355.3203125
outer_fold,fold1_seed01_P16_C400_logistic_regression,1,1,16,400,logistic_regression,fine,0.7537913233578587,0.57935621470086,1.6311368653550744,0.06541167758405209,0.5694317929699801,39,36,6400,108867,1355.3203125
outer_fold,fold1_seed02_P16_C400_logistic_regression,1,2,16,400,logistic_regression,coarse,0.994488688032186,0.992019422539863,0.0909410547465086,0.02920271921902895,0.9875681418269592,5,5,6400,108867,1353.34375
outer_fold,fold1_seed02_P16_C400_logistic_regression,1,2,16,400,logistic_regression,fine,0.7580993322126999,0.6217162920119464,1.4256821796298027,0.05720104090869427,0.615130905948883,39,39,6400,108867,1353.34375
outer_fold,fold1_seed03_P16_C400_logistic_regression,1,3,16,400,logistic_regression,coarse,0.9841182360127495,0.9663122937685467,0.14038433600217104,0.032053654082119465,0.9675296913911244,5,5,6400,108867,1363.59765625
outer_fold,fold1_seed03_P16_C400_logistic_regression,1,3,16,400,logistic_regression,fine,0.7485372059485427,0.559807005357172,1.354800609871745,0.0643742885440588,0.5546912487052476,39,37,6400,108867,1363.59765625
outer_fold,fold1_seed04_P16_C400_logistic_regression,1,4,16,400,logistic_regression,coarse,0.9869198195963883,0.9853747472048445,0.15775882918387651,0.032197870314121246,0.9750961665961215,5,5,6400,108867,1374.66015625
outer_fold,fold1_seed04_P16_C400_logistic_regression,1,4,16,400,logistic_regression,fine,0.7654753047296242,0.6116586230513773,1.3486335147172213,0.06822258234024048,0.6043168753316043,39,38,6400,108867,1374.66015625
outer_fold,fold1_seed05_P16_C400_logistic_regression,1,5,16,400,logistic_regression,coarse,0.9893264258223337,0.9664749841405623,0.29866141732782125,0.05231340602040291,0.970536090261566,5,5,6400,108867,1356.046875
outer_fold,fold1_seed05_P16_C400_logistic_regression,1,5,16,400,logistic_regression,fine,0.7581177032525926,0.5621044560561927,2.564681502059102,0.06543574202805758,0.5593843005567793,39,38,6400,108867,1356.046875
outer_fold,fold1_seed06_P16_C400_logistic_regression,1,6,16,400,logistic_regression,coarse,0.9877924439912922,0.9845872651092525,0.13385979644954205,0.031047403812408447,0.9753256348043516,5,5,6400,108867,1363.7734375
outer_fold,fold1_seed06_P16_C400_logistic_regression,1,6,16,400,logistic_regression,fine,0.7577686534946311,0.5907498306407574,1.75106848962605,0.06074340920895338,0.5673871662081588,39,37,6400,108867,1363.7734375
outer_fold,fold1_seed07_P16_C400_logistic_regression,1,7,16,400,logistic_regression,coarse,0.9894642086215291,0.9831045384795907,0.13256755843758583,0.033482518047094345,0.9799065322760532,5,5,6400,108867,1322.50390625
outer_fold,fold1_seed07_P16_C400_logistic_regression,1,7,16,400,logistic_regression,fine,0.7549946264708314,0.5876605877822825,1.7883132547140121,0.06460525281727314,0.574876218483173,39,37,6400,108867,1322.50390625
outer_fold,fold1_seed08_P16_C400_logistic_regression,1,8,16,400,logistic_regression,coarse,0.9928536654817346,0.9839363087701279,0.10681118350476027,0.029797215946018696,0.977315909832441,5,5,6400,108867,1356.4609375
outer_fold,fold1_seed08_P16_C400_logistic_regression,1,8,16,400,logistic_regression,fine,0.7622879293082385,0.5916948818541558,1.6297031929716468,0.058795902878046036,0.5858771638843676,39,38,6400,108867,1356.4609375
outer_fold,fold1_seed09_P16_C400_logistic_regression,1,9,16,400,logistic_regression,coarse,0.9899051135789542,0.9841817803256312,0.18045501690357924,0.02904120832681656,0.978452538533424,5,5,6400,108867,1332.53515625
outer_fold,fold1_seed09_P16_C400_logistic_regression,1,9,16,400,logistic_regression,fine,0.7570705539787079,0.5926486466700727,1.5903355106711388,0.05591563321650028,0.5856264931383943,39,38,6400,108867,1332.53515625
outer_fold,fold1_seed10_P16_C400_logistic_regression,1,10,16,400,logistic_regression,coarse,0.9911176022118732,0.9881800897080822,0.10956816840916872,0.030195070430636406,0.9814187135150296,5,5,6400,108867,1375.71875
outer_fold,fold1_seed10_P16_C400_logistic_regression,1,10,16,400,logistic_regression,fine,0.746277568041739,0.6010078572174262,3.6229794146493077,0.08231928385794163,0.5911906567889158,39,39,6400,108867,1375.71875
outer_fold,fold1_seed11_P16_C400_logistic_regression,1,11,16,400,logistic_regression,coarse,0.9920545252464016,0.9867175242797795,0.08431399147957563,0.02877986803650856,0.9810565478960079,5,5,6400,108867,1365.28125
outer_fold,fold1_seed11_P16_C400_logistic_regression,1,11,16,400,logistic_regression,fine,0.7686994222307953,0.6115283243275729,1.5684700729325414,0.06591847259551287,0.6096543209196202,39,39,6400,108867,1365.28125
outer_fold,fold1_seed12_P16_C400_logistic_regression,1,12,16,400,logistic_regression,coarse,0.9876638467120431,0.9818074779178192,0.1570399347692728,0.030043275095522404,0.9780756833262758,5,5,6400,108867,1362.125
outer_fold,fold1_seed12_P16_C400_logistic_regression,1,12,16,400,logistic_regression,fine,0.7668623182415241,0.5887504443236379,2.3997926209121943,0.05790070630609989,0.5891638186272262,39,38,6400,108867,1362.125
outer_fold,fold1_seed13_P16_C400_logistic_regression,1,13,16,400,logistic_regression,coarse,0.9858359282427182,0.9823968526712411,0.34493154380470514,0.06549451034516096,0.97061531355803,5,5,6400,108867,1357.2578125
outer_fold,fold1_seed13_P16_C400_logistic_regression,1,13,16,400,logistic_regression,fine,0.7487852149870944,0.6136210309287707,1.8377578286454082,0.06573762279003859,0.6060226275956766,39,39,6400,108867,1357.2578125
outer_fold,fold1_seed14_P16_C400_logistic_regression,1,14,16,400,logistic_regression,coarse,0.9925413578035585,0.9892345552056904,0.18194457981735468,0.030465563759207726,0.9769087917865636,5,5,6400,108867,1359.9375
outer_fold,fold1_seed14_P16_C400_logistic_regression,1,14,16,400,logistic_regression,fine,0.7534698301597362,0.5760509985454441,1.8752090791240335,0.06207377463579178,0.5751555691954702,39,38,6400,108867,1359.9375
outer_fold,fold1_seed15_P16_C400_logistic_regression,1,15,16,400,logistic_regression,coarse,0.9880680095896828,0.9858812655990672,0.17318361345678568,0.031914668157696724,0.9708794004010073,5,5,6400,108867,1357.78125
outer_fold,fold1_seed15_P16_C400_logistic_regression,1,15,16,400,logistic_regression,fine,0.7480136313116004,0.603631402631565,1.713599775917828,0.05974002182483673,0.5966364053347528,39,38,6400,108867,1357.78125
outer_fold,fold1_seed16_P16_C400_logistic_regression,1,16,16,400,logistic_regression,coarse,0.9883527607080199,0.978443442858247,0.1294401092454791,0.03150259330868721,0.975855126712581,5,5,6400,108867,1353.08203125
outer_fold,fold1_seed16_P16_C400_logistic_regression,1,16,16,400,logistic_regression,fine,0.7629125446645907,0.5627321490305737,1.8063449142500758,0.06045705173164606,0.5610100056855402,39,36,6400,108867,1353.08203125
outer_fold,fold1_seed17_P16_C400_logistic_regression,1,17,16,400,logistic_regression,coarse,0.9905297289353063,0.9878358516373262,0.09838471375405788,0.030134720727801323,0.9832710723200178,5,5,6400,108867,1355.3203125
outer_fold,fold1_seed17_P16_C400_logistic_regression,1,17,16,400,logistic_regression,fine,0.7519909614483727,0.5925545564966831,1.5968262497335672,0.0680695939809084,0.5831886457677425,39,38,6400,108867,1355.3203125
outer_fold,fold1_seed18_P16_C400_logistic_regression,1,18,16,400,logistic_regression,coarse,0.9921647514857579,0.9858067085671809,0.12906118389219046,0.028255736455321312,0.9825275009306962,5,5,6400,108867,1353.34375
outer_fold,fold1_seed18_P16_C400_logistic_regression,1,18,16,400,logistic_regression,fine,0.7659253952069957,0.5866284542816764,1.5074216481298208,0.06479589827358723,0.5746898585067962,39,39,6400,108867,1353.34375
outer_fold,fold1_seed19_P16_C400_logistic_regression,1,19,16,400,logistic_regression,coarse,0.988407873827698,0.9828251186493876,0.24899131804704666,0.061809430830180645,0.9789876908511616,5,5,6400,108867,1363.59765625
outer_fold,fold1_seed19_P16_C400_logistic_regression,1,19,16,400,logistic_regression,fine,0.7530564817621501,0.5835640262590778,1.883059037849307,0.06149155553430319,0.5787892609661599,39,37,6400,108867,1363.59765625
outer_fold,fold1_seed00_P16_C800_logistic_regression,1,0,16,800,logistic_regression,coarse,0.981656516667126,0.9803067389878739,0.6555371414870024,0.06508077308535576,0.9735050804685652,5,5,12800,108867,1374.66015625
outer_fold,fold1_seed00_P16_C800_logistic_regression,1,0,16,800,logistic_regression,fine,0.7279983833484894,0.6144964501714916,8.57543871179223,0.12701230589300394,0.5862316634397688,39,38,12800,108867,1374.66015625
outer_fold,fold1_seed01_P16_C800_logistic_regression,1,1,16,800,logistic_regression,coarse,0.9893907244619582,0.9841468196817604,0.36936412286013365,0.030091365799307823,0.9700408677010912,5,5,12800,108867,1356.046875
outer_fold,fold1_seed01_P16_C800_logistic_regression,1,1,16,800,logistic_regression,fine,0.7496578393819983,0.6178990014897833,5.481932700611651,0.09526186436414719,0.5998515896708674,39,38,12800,108867,1356.046875
outer_fold,fold1_seed02_P16_C800_logistic_regression,1,2,16,800,logistic_regression,coarse,0.9906858827743944,0.9856972000157025,0.23189799394458532,0.03186399210244417,0.977890276901786,5,5,12800,108867,1363.7734375
outer_fold,fold1_seed02_P16_C800_logistic_regression,1,2,16,800,logistic_regression,fine,0.7541587441557129,0.6397899894352604,5.264135316945612,0.07061093766242266,0.6186093356450119,39,39,12800,108867,1363.7734375
outer_fold,fold1_seed03_P16_C800_logistic_regression,1,3,16,800,logistic_regression,coarse,0.9858542992826109,0.9855902970603928,0.33471897058188915,0.0327664902433753,0.9782896082134634,5,5,12800,108867,1322.50390625
outer_fold,fold1_seed03_P16_C800_logistic_regression,1,3,16,800,logistic_regression,fine,0.7402794235167681,0.6107962379496784,5.93666298314929,0.07559139095246792,0.591722146540177,39,39,12800,108867,1322.50390625
outer_fold,fold1_seed04_P16_C800_logistic_regression,1,4,16,800,logistic_regression,coarse,0.9880771951096292,0.9860626790956385,0.5193316619843245,0.029671779833734035,0.9763650468098822,5,5,12800,108867,1356.4609375
outer_fold,fold1_seed04_P16_C800_logistic_regression,1,4,16,800,logistic_regression,fine,0.764979286652521,0.6417386426530748,7.959848592989147,0.06558462511748075,0.6199381441564258,39,39,12800,108867,1356.4609375
outer_fold,fold1_seed05_P16_C800_logistic_regression,1,5,16,800,logistic_regression,coarse,0.9891427154234066,0.9667466018713325,0.40800243709236383,0.03459163382649422,0.9713978377765315,5,5,12800,108867,1332.53515625
outer_fold,fold1_seed05_P16_C800_logistic_regression,1,5,16,800,logistic_regression,fine,0.7422910523850202,0.5861068161744607,5.7631051652133465,0.07122054789215326,0.563494690805314,39,38,12800,108867,1332.53515625
outer_fold,fold1_seed06_P16_C800_logistic_regression,1,6,16,800,logistic_regression,coarse,0.989078416783782,0.98557719880649,0.3827088624238968,0.03376172576099634,0.9770731103687798,5,5,12800,108867,1375.71875
outer_fold,fold1_seed06_P16_C800_logistic_regression,1,6,16,800,logistic_regression,fine,0.7389567086444928,0.6071996948272285,5.63254236150533,0.06794240418821573,0.5782658713192331,39,38,12800,108867,1375.71875
outer_fold,fold1_seed07_P16_C800_logistic_regression,1,7,16,800,logistic_regression,coarse,0.9899051135789542,0.9834096938599053,0.32994464319199324,0.028608523309230804,0.9815691055107661,5,5,12800,108867,1365.28125
outer_fold,fold1_seed07_P16_C800_logistic_regression,1,7,16,800,logistic_regression,fine,0.7513939026518596,0.6153107811171081,5.855389019474387,0.07740643061697483,0.5879256434784063,39,38,12800,108867,1365.28125
outer_fold,fold1_seed08_P16_C800_logistic_regression,1,8,16,800,logistic_regression,coarse,0.9897030321401343,0.9824434924962571,0.5166029008105397,0.02884057816118002,0.9733315919206327,5,5,12800,108867,1362.125
outer_fold,fold1_seed08_P16_C800_logistic_regression,1,8,16,800,logistic_regression,fine,0.7499058484205499,0.6166364096697781,7.197281987406313,0.12754294648766518,0.5963051290079275,39,38,12800,108867,1362.125
outer_fold,fold1_seed09_P16_C800_logistic_regression,1,9,16,800,logistic_regression,coarse,0.9883711317479126,0.9848357945928999,0.32605106197297573,0.03188209980726242,0.9769989015575284,5,5,12800,108867,1357.2578125
outer_fold,fold1_seed09_P16_C800_logistic_regression,1,9,16,800,logistic_regression,fine,0.7505304637769021,0.6219100680814277,6.914833934046328,0.07587461452931166,0.604551355215317,39,39,12800,108867,1357.2578125
outer_fold,fold1_seed10_P16_C800_logistic_regression,1,10,16,800,logistic_regression,coarse,0.9841641636124813,0.9811422788655131,0.382748331874609,0.03018070850521326,0.970911827947836,5,5,12800,108867,1359.9375
outer_fold,fold1_seed10_P16_C800_logistic_regression,1,10,16,800,logistic_regression,fine,0.7402610524768755,0.6403772475195375,6.659566011279821,0.0673612067475915,0.6149689191046073,39,39,12800,108867,1359.9375
outer_fold,fold1_seed11_P16_C800_logistic_regression,1,11,16,800,logistic_regression,coarse,0.9900337108582031,0.9846406538373047,0.5339483311399817,0.045063343830406666,0.9798450803752321,5,5,12800,108867,1357.78125
outer_fold,fold1_seed11_P16_C800_logistic_regression,1,11,16,800,logistic_regression,fine,0.7584483819706614,0.6313545573819127,7.636460204608738,0.1500294217839837,0.6163994065556967,39,39,12800,108867,1357.78125
outer_fold,fold1_seed12_P16_C800_logistic_regression,1,12,16,800,logistic_regression,coarse,0.9876730322319895,0.9826419686717184,0.6308586951345205,0.05563426297158003,0.9790567323483401,5,5,12800,108867,1353.08203125
outer_fold,fold1_seed12_P16_C800_logistic_regression,1,12,16,800,logistic_regression,fine,0.7471777489964819,0.6123411386446769,11.718254495412111,0.17603694275021553,0.5924056818686637,39,38,12800,108867,1353.08203125
outer_fold,fold1_seed13_P16_C800_logistic_regression,1,13,16,800,logistic_regression,coarse,0.987507692872955,0.9856210526609178,0.31044776178896427,0.050169835798442364,0.9674113044236116,5,5,12800,108867,1355.3203125
outer_fold,fold1_seed13_P16_C800_logistic_regression,1,13,16,800,logistic_regression,fine,0.7444588350923604,0.6502621493421369,8.490209618583322,0.0753069669008255,0.6240895837670816,39,39,12800,108867,1355.3203125
outer_fold,fold1_seed14_P16_C800_logistic_regression,1,14,16,800,logistic_regression,coarse,0.9882700910285027,0.9862672397326602,0.35172497387975454,0.02957005798816681,0.9532860029213941,5,5,12800,108867,1353.34375
outer_fold,fold1_seed14_P16_C800_logistic_regression,1,14,16,800,logistic_regression,fine,0.7452028622080152,0.6314606649200887,7.254336999729276,0.06182079762220383,0.6130825768327011,39,39,12800,108867,1353.34375
outer_fold,fold1_seed15_P16_C800_logistic_regression,1,15,16,800,logistic_regression,coarse,0.9839069690539833,0.9815149098127428,0.34190415497869253,0.03003002516925335,0.9561144573240214,5,5,12800,108867,1363.59765625
outer_fold,fold1_seed15_P16_C800_logistic_regression,1,15,16,800,logistic_regression,fine,0.7326554419612922,0.6310701044844064,5.58413842599839,0.07158948946744204,0.598496754743456,39,39,12800,108867,1363.59765625
outer_fold,fold1_seed16_P16_C800_logistic_regression,1,16,16,800,logistic_regression,coarse,0.9882425344686636,0.986079692232587,0.3436728660017252,0.03149740397930145,0.9751300758836974,5,5,12800,108867,1374.66015625
outer_fold,fold1_seed16_P16_C800_logistic_regression,1,16,16,800,logistic_regression,fine,0.7545812780732454,0.6190672726371069,6.501212268136442,0.066676233895123,0.603872730865044,39,39,12800,108867,1374.66015625
outer_fold,fold1_seed17_P16_C800_logistic_regression,1,17,16,800,logistic_regression,coarse,0.988692624946035,0.9861921567527464,0.7343373829498887,0.03223782032728195,0.9823592489334596,5,5,12800,108867,1356.046875
outer_fold,fold1_seed17_P16_C800_logistic_regression,1,17,16,800,logistic_regression,fine,0.7429248532613189,0.6185972027586905,4.962869330309331,0.06639755796641111,0.5924570410139179,39,38,12800,108867,1356.046875
outer_fold,fold1_seed18_P16_C800_logistic_regression,1,18,16,800,logistic_regression,coarse,0.9921831225256506,0.9863269997339934,0.29271197877824306,0.034164114855229855,0.9829444117930283,5,5,12800,108867,1363.7734375
outer_fold,fold1_seed18_P16_C800_logistic_regression,1,18,16,800,logistic_regression,fine,0.7536076129589315,0.6230907251872073,5.348633987829089,0.06797458324581385,0.6035032629523158,39,39,12800,108867,1363.7734375
outer_fold,fold1_seed19_P16_C800_logistic_regression,1,19,16,800,logistic_regression,coarse,0.9899326701387932,0.9852824698809911,0.3194192238152027,0.032231761142611504,0.977606559028473,5,5,12800,108867,1322.50390625
outer_fold,fold1_seed19_P16_C800_logistic_regression,1,19,16,800,logistic_regression,fine,0.745092635968659,0.5930999553015066,6.178567014634609,0.06608603429049253,0.5741940636582791,39,38,12800,108867,1322.50390625
outer_fold,fold1_seed00_P16_C1600_logistic_regression,1,0,16,1600,logistic_regression,coarse,0.9844856568106037,0.9838403708078329,0.8740933295339346,0.03245190903544426,0.9776041372147253,5,5,25600,108867,1356.4609375
outer_fold,fold1_seed00_P16_C1600_logistic_regression,1,0,16,1600,logistic_regression,fine,0.7139812799103493,0.6490077700702986,14.310093633830547,0.06686944328248501,0.6005866946864411,39,38,25600,108867,1356.4609375
outer_fold,fold1_seed01_P16_C1600_logistic_regression,1,1,16,1600,logistic_regression,coarse,0.989078416783782,0.9864191702614967,0.6121465926989913,0.038461050018668175,0.9712648658167339,5,5,25600,108867,1332.53515625
outer_fold,fold1_seed01_P16_C1600_logistic_regression,1,1,16,1600,logistic_regression,fine,0.7559223639854133,0.6654957438302139,15.031924661248922,0.07261463906615973,0.6298726788033517,39,39,25600,108867,1332.53515625
outer_fold,fold1_seed02_P16_C1600_logistic_regression,1,2,16,1600,logistic_regression,coarse,0.9876822177519359,0.9854739487398699,0.6817360874265432,0.032197099179029465,0.9763006119074223,5,5,25600,108867,1375.71875
outer_fold,fold1_seed02_P16_C1600_logistic_regression,1,2,16,1600,logistic_regression,fine,0.7548201015918506,0.664160868408709,12.692931269295514,0.07013807166367769,0.62843411433256,39,39,25600,108867,1375.71875
outer_fold,fold1_seed03_P16_C1600_logistic_regression,1,3,16,1600,logistic_regression,coarse,0.9903552040563256,0.9880165137559833,0.7955735260620713,0.029374525882303715,0.983142964602526,5,5,25600,108867,1365.28125
outer_fold,fold1_seed03_P16_C1600_logistic_regression,1,3,16,1600,logistic_regression,fine,0.7314429533283732,0.6579264595904731,12.15855093486607,0.09413282759487629,0.6163697230730939,39,39,25600,108867,1365.28125
outer_fold,fold1_seed04_P16_C1600_logistic_regression,1,4,16,1600,logistic_regression,coarse,0.9891610864632993,0.9865332189930426,0.9206071272492409,0.03037578146904707,0.975168508576699,5,5,25600,108867,1362.125
outer_fold,fold1_seed04_P16_C1600_logistic_regression,1,4,16,1600,logistic_regression,fine,0.7573461195770986,0.6627574293638926,14.884728870354593,0.07026450056582689,0.6260511307480997,39,39,25600,108867,1362.125
outer_fold,fold1_seed05_P16_C1600_logistic_regression,1,5,16,1600,logistic_regression,coarse,0.9896295479805635,0.9696187225995822,0.6285600243136287,0.03180565498769283,0.9707355329107454,5,5,25600,108867,1357.2578125
outer_fold,fold1_seed05_P16_C1600_logistic_regression,1,5,16,1600,logistic_regression,fine,0.7372206453746314,0.6369956972116457,17.416965615935624,0.06050493288785219,0.5982139706789656,39,38,25600,108867,1357.2578125
outer_fold,fold1_seed06_P16_C1600_logistic_regression,1,6,16,1600,logistic_regression,coarse,0.9881139371894146,0.986226631786014,0.561777719296515,0.033296520821750164,0.9736173884485643,5,5,25600,108867,1359.9375
outer_fold,fold1_seed06_P16_C1600_logistic_regression,1,6,16,1600,logistic_regression,fine,0.7318287451661202,0.6637838779642004,17.430284255184233,0.07051468454301357,0.6214836400949625,39,39,25600,108867,1359.9375
outer_fold,fold1_seed07_P16_C1600_logistic_regression,1,7,16,1600,logistic_regression,coarse,0.9909155207730533,0.9885005071341901,0.7499473141506314,0.030488808639347553,0.9869027238377927,5,5,25600,108867,1357.78125
outer_fold,fold1_seed07_P16_C1600_logistic_regression,1,7,16,1600,logistic_regression,fine,0.7590913683669064,0.6539590684648144,13.124058653600514,0.06923376210033894,0.6171504177126804,39,39,25600,108867,1357.78125
outer_fold,fold1_seed08_P16_C1600_logistic_regression,1,8,16,1600,logistic_regression,coarse,0.9896203624606171,0.9832416175491303,0.716188533231616,0.03154590725898743,0.974066596893076,5,5,25600,108867,1353.08203125
outer_fold,fold1_seed08_P16_C1600_logistic_regression,1,8,16,1600,logistic_regression,fine,0.733472953236518,0.6581144429692469,14.791710172779858,0.07294609304517508,0.616980100413064,39,39,25600,108867,1353.08203125
outer_fold,fold1_seed09_P16_C1600_logistic_regression,1,9,16,1600,logistic_regression,coarse,0.9876179191123113,0.9860772464795658,0.7373004863038659,0.031524935737252235,0.9701796128309604,5,5,25600,108867,1355.3203125
outer_fold,fold1_seed09_P16_C1600_logistic_regression,1,9,16,1600,logistic_regression,fine,0.7455519119659768,0.6551514248140741,21.88197461515665,0.09774771425873041,0.6167496814351148,39,39,25600,108867,1355.3203125
outer_fold,fold1_seed10_P16_C1600_logistic_regression,1,10,16,1600,logistic_regression,coarse,0.985211312886366,0.9831150127796547,0.8705031499266624,0.03172864951193333,0.972178292588022,5,5,25600,108867,1353.34375
outer_fold,fold1_seed10_P16_C1600_logistic_regression,1,10,16,1600,logistic_regression,fine,0.7384790616072823,0.6656851184224828,19.441111127845943,0.07250468526035547,0.6202134436274047,39,39,25600,108867,1353.34375
outer_fold,fold1_seed11_P16_C1600_logistic_regression,1,11,16,1600,logistic_regression,coarse,0.9872964259141889,0.9833947781574232,0.7997896010056138,0.06602487247437239,0.9776666999344161,5,5,25600,108867,1363.59765625
outer_fold,fold1_seed11_P16_C1600_logistic_regression,1,11,16,1600,logistic_regression,fine,0.7531024093618819,0.663354602040231,14.683724871836603,0.06746465153992176,0.6288891147107889,39,39,25600,108867,1363.59765625
outer_fold,fold1_seed12_P16_C1600_logistic_regression,1,12,16,1600,logistic_regression,coarse,0.9889314484646403,0.9856708484450921,0.6674684518948197,0.03394304495304823,0.9772064922297954,5,5,25600,108867,1374.66015625
outer_fold,fold1_seed12_P16_C1600_logistic_regression,1,12,16,1600,logistic_regression,fine,0.7408581112733886,0.6509149397743879,15.28051017317921,0.06908730417490005,0.615807044190447,39,39,25600,108867,1374.66015625
outer_fold,fold1_seed13_P16_C1600_logistic_regression,1,13,16,1600,logistic_regression,coarse,0.9917973306879035,0.9877207584812879,0.6719920421019197,0.03328598476946354,0.9764821544955605,5,5,25600,108867,1356.046875
outer_fold,fold1_seed13_P16_C1600_logistic_regression,1,13,16,1600,logistic_regression,fine,0.7461673418023828,0.6789581384266905,15.122514439746737,0.07003181334584951,0.6355047810002644,39,39,25600,108867,1356.046875
outer_fold,fold1_seed14_P16_C1600_logistic_regression,1,14,16,1600,logistic_regression,coarse,0.9836865165752707,0.9822025621199476,0.5275503611192107,0.02945853117853403,0.9351556896225045,5,5,25600,108867,1363.7734375
outer_fold,fold1_seed14_P16_C1600_logistic_regression,1,14,16,1600,logistic_regression,fine,0.7411428623917257,0.6693111091200565,14.10574422031641,0.06727271527051926,0.6304828225720674,39,39,25600,108867,1363.7734375
outer_fold,fold1_seed15_P16_C1600_logistic_regression,1,15,16,1600,logistic_regression,coarse,0.9761819467790974,0.9787810984208936,0.7455270746722817,0.030458694323897362,0.9439525675677016,5,5,25600,108867,1322.50390625
outer_fold,fold1_seed15_P16_C1600_logistic_regression,1,15,16,1600,logistic_regression,fine,0.744321052293165,0.6786241918475068,15.510839425958693,0.06970053724944592,0.6227410478815729,39,39,25600,108867,1322.50390625
outer_fold,fold1_seed16_P16_C1600_logistic_regression,1,16,16,1600,logistic_regression,coarse,0.9893539823821728,0.9878944821923143,0.7227494074031711,0.03349348437041044,0.9730743060876096,5,5,25600,108867,1356.4609375
outer_fold,fold1_seed16_P16_C1600_logistic_regression,1,16,16,1600,logistic_regression,fine,0.7470858937970184,0.6491449887889202,12.520920284092426,0.06972815003246069,0.6026621232142509,39,39,25600,108867,1356.4609375
outer_fold,fold1_seed17_P16_C1600_logistic_regression,1,17,16,1600,logistic_regression,coarse,0.9900796384579349,0.9872431741889842,0.6185264270752668,0.030852891504764557,0.9826053903395554,5,5,25600,108867,1332.53515625
outer_fold,fold1_seed17_P16_C1600_logistic_regression,1,17,16,1600,logistic_regression,fine,0.7389475231245465,0.6602318063399119,15.036030180752277,0.06359547562897205,0.6206767120316329,39,39,25600,108867,1332.53515625
outer_fold,fold1_seed18_P16_C1600_logistic_regression,1,18,16,1600,logistic_regression,coarse,0.9925321722836121,0.9864708571621474,0.649853216484189,0.030603962019085884,0.981541110785894,5,5,25600,108867,1375.71875
outer_fold,fold1_seed18_P16_C1600_logistic_regression,1,18,16,1600,logistic_regression,fine,0.7442108260538087,0.6527625669106971,15.719869196414948,0.07139257434755564,0.6173734859157174,39,39,25600,108867,1375.71875
outer_fold,fold1_seed19_P16_C1600_logistic_regression,1,19,16,1600,logistic_regression,coarse,0.9911635298116049,0.9873221507119153,0.818880956619978,0.06428833026438951,0.9807885399641718,5,5,25600,108867,1365.28125
outer_fold,fold1_seed19_P16_C1600_logistic_regression,1,19,16,1600,logistic_regression,fine,0.7420797854262541,0.6426054008257,19.87862158101052,0.05731736496090889,0.6035977464377302,39,38,25600,108867,1365.28125
outer_fold,fold1_seed00_P32_C100_logistic_regression,1,0,32,100,logistic_regression,coarse,0.9903368330164329,0.9836420448666594,0.06388894375413656,0.03089606761932373,0.9814572407349351,5,5,3200,108867,1362.125
outer_fold,fold1_seed00_P32_C100_logistic_regression,1,0,32,100,logistic_regression,fine,0.7702793316615687,0.5896682142146238,0.53748444840312,0.060135381296277046,0.5993573457592528,39,38,3200,108867,1362.125
outer_fold,fold1_seed01_P32_C100_logistic_regression,1,1,32,100,logistic_regression,coarse,0.9937538464364776,0.9880034366279491,0.04454291705042124,0.028407642617821693,0.9817948056847149,5,5,3200,108867,1357.2578125
outer_fold,fold1_seed01_P32_C100_logistic_regression,1,1,32,100,logistic_regression,fine,0.7692413679076304,0.548185630912802,0.8361747125163674,0.06276935338973999,0.5491422706295809,39,37,3200,108867,1357.2578125
outer_fold,fold1_seed02_P32_C100_logistic_regression,1,2,32,100,logistic_regression,coarse,0.9930557469205544,0.9872068381327089,0.14770251885056496,0.04909998830407858,0.9838790437303118,5,5,3200,108867,1359.9375
outer_fold,fold1_seed02_P32_C100_logistic_regression,1,2,32,100,logistic_regression,fine,0.7703252592613005,0.592271062861742,0.5903854314237833,0.06878173630684614,0.5966833477004285,39,39,3200,108867,1359.9375
outer_fold,fold1_seed03_P32_C100_logistic_regression,1,3,32,100,logistic_regression,coarse,0.9902174212571303,0.9641517685590015,0.24476321786642075,0.06510288547724485,0.9720204695077126,5,5,3200,108867,1357.78125
outer_fold,fold1_seed03_P32_C100_logistic_regression,1,3,32,100,logistic_regression,fine,0.7595322733243315,0.5398694094132949,0.5202791774645448,0.06039585079997778,0.5483517006485938,39,37,3200,108867,1357.78125
outer_fold,fold1_seed04_P32_C100_logistic_regression,1,4,32,100,logistic_regression,coarse,0.9914574664498884,0.9848599654111732,0.1148647740483284,0.07442910689860582,0.9787087115623869,5,5,3200,108867,1353.08203125
outer_fold,fold1_seed04_P32_C100_logistic_regression,1,4,32,100,logistic_regression,fine,0.7613877483534955,0.5789687058792209,0.5169196855276823,0.14301579352468252,0.5838538539076954,39,38,3200,108867,1353.08203125
outer_fold,fold1_seed05_P32_C100_logistic_regression,1,5,32,100,logistic_regression,coarse,0.9945989142715423,0.9903608261015409,0.038266148418188095,0.03204401023685932,0.9877012216984982,5,5,3200,108867,1355.3203125
outer_fold,fold1_seed05_P32_C100_logistic_regression,1,5,32,100,logistic_regression,fine,0.7719602818117519,0.5906082073218877,0.6394001245498657,0.06982543412595987,0.5945299053837002,39,39,3200,108867,1355.3203125
outer_fold,fold1_seed06_P32_C100_logistic_regression,1,6,32,100,logistic_regression,coarse,0.9915952492490837,0.9859311892885412,0.08434676099568605,0.030083664692938328,0.9843432417320835,5,5,3200,108867,1353.34375
outer_fold,fold1_seed06_P32_C100_logistic_regression,1,6,32,100,logistic_regression,fine,0.7615071601127982,0.5678063133193437,0.5292657418176532,0.06432436406612396,0.5602826576223371,39,36,3200,108867,1353.34375
outer_fold,fold1_seed07_P32_C100_logistic_regression,1,7,32,100,logistic_regression,coarse,0.9935150229178723,0.9855523344651,0.04718403052538633,0.03247216995805502,0.984281883427216,5,5,3200,108867,1363.59765625
outer_fold,fold1_seed07_P32_C100_logistic_regression,1,7,32,100,logistic_regression,fine,0.7673032231989492,0.5719457518138482,0.4514287067577243,0.061311107128858566,0.5715207378774083,39,38,3200,108867,1363.59765625
outer_fold,fold1_seed08_P32_C100_logistic_regression,1,8,32,100,logistic_regression,coarse,0.9934507242782478,0.9896013539363601,0.09415904805064201,0.06902779452502728,0.9846148212738737,5,5,3200,108867,1374.66015625
outer_fold,fold1_seed08_P32_C100_logistic_regression,1,8,32,100,logistic_regression,fine,0.7621409609890968,0.5634727169930468,0.8658250598236918,0.13469355180859566,0.5625877720817893,39,38,3200,108867,1374.66015625
outer_fold,fold1_seed09_P32_C100_logistic_regression,1,9,32,100,logistic_regression,coarse,0.9916136202889765,0.9859306440708264,0.06753549724817276,0.031189425848424435,0.9824441139120154,5,5,3200,108867,1356.046875
outer_fold,fold1_seed09_P32_C100_logistic_regression,1,9,32,100,logistic_regression,fine,0.7731176573249929,0.554082333517433,0.6010764902457595,0.07329964078962803,0.5612412181906807,39,37,3200,108867,1356.046875
outer_fold,fold1_seed10_P32_C100_logistic_regression,1,10,32,100,logistic_regression,coarse,0.9880955661495219,0.9857002717105967,0.055121458135545254,0.029621264897286892,0.9809294565655081,5,5,3200,108867,1363.7734375
outer_fold,fold1_seed10_P32_C100_logistic_regression,1,10,32,100,logistic_regression,fine,0.7514214592116987,0.5857503819859032,0.7901012590155005,0.0936452392488718,0.5833543158095159,39,39,3200,108867,1363.7734375
outer_fold,fold1_seed11_P32_C100_logistic_regression,1,11,32,100,logistic_regression,coarse,0.9937354753965848,0.9883223103712737,0.10206349473446608,0.054565178230404854,0.9856865465343739,5,5,3200,108867,1322.50390625
outer_fold,fold1_seed11_P32_C100_logistic_regression,1,11,32,100,logistic_regression,fine,0.763123811623357,0.5734152290401162,0.5942403571680188,0.06481392402201891,0.5762397312705758,39,37,3200,108867,1322.50390625
outer_fold,fold1_seed12_P32_C100_logistic_regression,1,12,32,100,logistic_regression,coarse,0.9870116747958518,0.9706848688266498,0.0727868564426899,0.029923604801297188,0.9724305269118793,5,5,3200,108867,1356.4609375
outer_fold,fold1_seed12_P32_C100_logistic_regression,1,12,32,100,logistic_regression,fine,0.7640331780980463,0.5702066735802682,0.5490645142272115,0.06824307516217232,0.5764147951233368,39,38,3200,108867,1356.4609375
outer_fold,fold1_seed13_P32_C100_logistic_regression,1,13,32,100,logistic_regression,coarse,0.9925229867636658,0.9799193297824269,0.045511373318731785,0.030213368125259876,0.9792140980897767,5,5,3200,108867,1332.53515625
outer_fold,fold1_seed13_P32_C100_logistic_regression,1,13,32,100,logistic_regression,fine,0.7623338569079703,0.580010396194337,0.4893408874049783,0.06066178623586893,0.5847486091782818,39,37,3200,108867,1332.53515625
outer_fold,fold1_seed14_P32_C100_logistic_regression,1,14,32,100,logistic_regression,coarse,0.9898316294193833,0.9828521074809341,0.05960648227483034,0.03136801067739725,0.9795591980564977,5,5,3200,108867,1375.71875
outer_fold,fold1_seed14_P32_C100_logistic_regression,1,14,32,100,logistic_regression,fine,0.759311820845619,0.5645811016471344,0.40523292403668165,0.0854914989322424,0.5618285065426395,39,37,3200,108867,1375.71875
outer_fold,fold1_seed15_P32_C100_logistic_regression,1,15,32,100,logistic_regression,coarse,0.9904286882158965,0.9846753960676985,0.057488540187478065,0.030170584097504616,0.9773257324020648,5,5,3200,108867,1365.28125
outer_fold,fold1_seed15_P32_C100_logistic_regression,1,15,32,100,logistic_regression,fine,0.7552058934295975,0.5715606574466517,0.4789145840331912,0.06353856064379215,0.5744338195823053,39,37,3200,108867,1365.28125
outer_fold,fold1_seed16_P32_C100_logistic_regression,1,16,32,100,logistic_regression,coarse,0.9927618102822711,0.987405488614671,0.05633134301751852,0.031629061326384544,0.9771210407687289,5,5,3200,108867,1362.125
outer_fold,fold1_seed16_P32_C100_logistic_regression,1,16,32,100,logistic_regression,fine,0.7694158927866112,0.5696302986090122,0.5421056570485234,0.06359838973730803,0.5699881578115522,39,38,3200,108867,1362.125
outer_fold,fold1_seed17_P32_C100_logistic_regression,1,17,32,100,logistic_regression,coarse,0.9875995480724187,0.9687184338682611,0.15825266670435667,0.06909728888422251,0.9720847107911492,5,5,3200,108867,1357.2578125
outer_fold,fold1_seed17_P32_C100_logistic_regression,1,17,32,100,logistic_regression,fine,0.7679002819954623,0.5468080053070363,0.5821090489625931,0.058549013920128345,0.5500689138479304,39,36,3200,108867,1357.2578125
outer_fold,fold1_seed18_P32_C100_logistic_regression,1,18,32,100,logistic_regression,coarse,0.9948836653898794,0.9874457321861259,0.04526769835501909,0.03138213325291872,0.986427479248162,5,5,3200,108867,1359.9375
outer_fold,fold1_seed18_P32_C100_logistic_regression,1,18,32,100,logistic_regression,fine,0.7704354855006568,0.5680413515828927,0.6262148525565863,0.05833079852163792,0.5742062294924395,39,37,3200,108867,1359.9375
outer_fold,fold1_seed19_P32_C100_logistic_regression,1,19,32,100,logistic_regression,coarse,0.9907685524539116,0.9805324806455415,0.06019932683557272,0.03100928571075201,0.9805999885011648,5,5,3200,108867,1357.78125
outer_fold,fold1_seed19_P32_C100_logistic_regression,1,19,32,100,logistic_regression,fine,0.7700405081429634,0.5577661513339672,0.5042892107740045,0.0686419690027833,0.5660272540978502,39,37,3200,108867,1357.78125
outer_fold,fold1_seed00_P32_C200_logistic_regression,1,0,32,200,logistic_regression,coarse,0.9880588240697364,0.9853348496835646,0.10988790541887283,0.03325746115297079,0.9696220380441947,5,5,6400,108867,1353.08203125
outer_fold,fold1_seed00_P32_C200_logistic_regression,1,0,32,200,logistic_regression,fine,0.7627655763454491,0.6078248786062824,1.9399479515850544,0.1772584170103073,0.6068110504238309,39,39,6400,108867,1353.08203125
outer_fold,fold1_seed01_P32_C200_logistic_regression,1,1,32,200,logistic_regression,coarse,0.989592805900778,0.9792116910762061,0.13179156836122274,0.030780023895204067,0.9710974358419395,5,5,6400,108867,1355.3203125
outer_fold,fold1_seed01_P32_C200_logistic_regression,1,1,32,200,logistic_regression,fine,0.7652089246511798,0.5768440042335085,1.6944392463192344,0.06526867300271988,0.5697021684806938,39,38,6400,108867,1355.3203125
outer_fold,fold1_seed02_P32_C200_logistic_regression,1,2,32,200,logistic_regression,coarse,0.99289040756152,0.9885411645643444,0.12507726717740297,0.029862454161047935,0.9849947010219713,5,5,6400,108867,1353.34375
outer_fold,fold1_seed02_P32_C200_logistic_regression,1,2,32,200,logistic_regression,fine,0.7572450788576888,0.6097696342309867,1.7637305529788136,0.06294791027903557,0.604673804708949,39,39,6400,108867,1353.34375
outer_fold,fold1_seed03_P32_C200_logistic_regression,1,3,32,200,logistic_regression,coarse,0.9901439370975594,0.9681148615026725,0.1201926777139306,0.033654884435236454,0.9701365806602599,5,5,6400,108867,1363.59765625
outer_fold,fold1_seed03_P32_C200_logistic_regression,1,3,32,200,logistic_regression,fine,0.7571072960584934,0.5745941823185391,1.4584139110520482,0.06734797731041908,0.572544414350647,39,37,6400,108867,1363.59765625
outer_fold,fold1_seed04_P32_C200_logistic_regression,1,4,32,200,logistic_regression,coarse,0.9879577833503266,0.9846564602805558,0.3436931259930134,0.06399200763553381,0.9754157249983596,5,5,6400,108867,1374.66015625
outer_fold,fold1_seed04_P32_C200_logistic_regression,1,4,32,200,logistic_regression,fine,0.759697612683366,0.602945434627525,1.7850443311035633,0.06463688984513283,0.5949023114792776,39,38,6400,108867,1374.66015625
outer_fold,fold1_seed05_P32_C200_logistic_regression,1,5,32,200,logistic_regression,coarse,0.9933221269989988,0.9876848550837257,0.14668917655944824,0.06408214289695024,0.9843853012200364,5,5,6400,108867,1356.046875
outer_fold,fold1_seed05_P32_C200_logistic_regression,1,5,32,200,logistic_regression,fine,0.752744174083974,0.6151004134632225,1.9057276146486402,0.07123503927141428,0.6117999364986187,39,39,6400,108867,1356.046875
outer_fold,fold1_seed06_P32_C200_logistic_regression,1,6,32,200,logistic_regression,coarse,0.9907409958940726,0.9845214903428898,0.29417527187615633,0.05925135128200054,0.9781392935124151,5,5,6400,108867,1363.7734375
outer_fold,fold1_seed06_P32_C200_logistic_regression,1,6,32,200,logistic_regression,fine,0.7660999200859765,0.5896917561965339,1.802397821098566,0.0584324998781085,0.5765954711239178,39,37,6400,108867,1363.7734375
outer_fold,fold1_seed07_P32_C200_logistic_regression,1,7,32,200,logistic_regression,coarse,0.9914115388501566,0.9877978503856563,0.14493510872125626,0.03105662576854229,0.9848047452289739,5,5,6400,108867,1322.50390625
outer_fold,fold1_seed07_P32_C200_logistic_regression,1,7,32,200,logistic_regression,fine,0.760110961080952,0.592242081987783,1.6565213073045015,0.06799623463302851,0.5825899606185314,39,38,6400,108867,1322.50390625
outer_fold,fold1_seed08_P32_C200_logistic_regression,1,8,32,200,logistic_regression,coarse,0.99278936684211,0.9861865198247356,0.12235013674944639,0.029992057941854,0.9826531967526332,5,5,6400,108867,1356.4609375
outer_fold,fold1_seed08_P32_C200_logistic_regression,1,8,32,200,logistic_regression,fine,0.761323449713871,0.589384229719427,1.6592254331335425,0.06267833709716797,0.5804128350420898,39,38,6400,108867,1356.4609375
outer_fold,fold1_seed09_P32_C200_logistic_regression,1,9,32,200,logistic_regression,coarse,0.992091267326187,0.9882127939335172,0.13419272284954786,0.031626117415726185,0.9845089358181051,5,5,6400,108867,1332.53515625
outer_fold,fold1_seed09_P32_C200_logistic_regression,1,9,32,200,logistic_regression,fine,0.7587882462086767,0.5872986074219044,1.5914333444088697,0.06040888000279665,0.583129968870811,39,38,6400,108867,1332.53515625
outer_fold,fold1_seed10_P32_C200_logistic_regression,1,10,32,200,logistic_regression,coarse,0.9890600457438893,0.9858955959968304,0.2188860010355711,0.04525579232722521,0.9747590179150801,5,5,6400,108867,1375.71875
outer_fold,fold1_seed10_P32_C200_logistic_regression,1,10,32,200,logistic_regression,fine,0.7589076579679793,0.6108708096290022,3.134502897039056,0.06427982822060585,0.5994255610822882,39,39,6400,108867,1375.71875
outer_fold,fold1_seed11_P32_C200_logistic_regression,1,11,32,200,logistic_regression,coarse,0.9918432582876354,0.9856756083571983,0.0821047741919756,0.028647400438785553,0.9815798061342695,5,5,6400,108867,1365.28125
outer_fold,fold1_seed11_P32_C200_logistic_regression,1,11,32,200,logistic_regression,fine,0.7653283364104825,0.6012290851992012,1.8533114865422249,0.06504602171480656,0.5988117688091,39,37,6400,108867,1365.28125
outer_fold,fold1_seed12_P32_C200_logistic_regression,1,12,32,200,logistic_regression,coarse,0.9853674667254539,0.980035162443928,0.11428871378302574,0.03059158194810152,0.9778863309958407,5,5,6400,108867,1362.125
outer_fold,fold1_seed12_P32_C200_logistic_regression,1,12,32,200,logistic_regression,fine,0.7614336759532273,0.5905890944046608,1.4292009165510535,0.06438328139483929,0.5901881211742703,39,38,6400,108867,1362.125
outer_fold,fold1_seed13_P32_C200_logistic_regression,1,13,32,200,logistic_regression,coarse,0.9900245253382568,0.9798352869410673,0.12374390661716461,0.030489099211990833,0.9769098674074485,5,5,6400,108867,1357.2578125
outer_fold,fold1_seed13_P32_C200_logistic_regression,1,13,32,200,logistic_regression,fine,0.7513939026518596,0.6066267600322431,1.3024226799607277,0.06353549752384424,0.5995278467567535,39,39,6400,108867,1357.2578125
outer_fold,fold1_seed14_P32_C200_logistic_regression,1,14,32,200,logistic_regression,coarse,0.9896479190204561,0.9836641034526155,0.12883239332586527,0.030630841851234436,0.9773438932455442,5,5,6400,108867,1359.9375
outer_fold,fold1_seed14_P32_C200_logistic_regression,1,14,32,200,logistic_regression,fine,0.7453406450072106,0.5868591698944914,1.8408134412020445,0.14829041622579098,0.574938622815604,39,38,6400,108867,1359.9375
outer_fold,fold1_seed15_P32_C200_logistic_regression,1,15,32,200,logistic_regression,coarse,0.9902541633369157,0.9876472227758797,0.11876033805310726,0.03188084717839956,0.9693234485023561,5,5,6400,108867,1357.78125
outer_fold,fold1_seed15_P32_C200_logistic_regression,1,15,32,200,logistic_regression,fine,0.7476737670735852,0.6045208162070353,2.9239002130925655,0.15031789243221283,0.5938469114647348,39,38,6400,108867,1357.78125
outer_fold,fold1_seed16_P32_C200_logistic_regression,1,16,32,200,logistic_regression,coarse,0.9922657922051678,0.9876216970980923,0.10744817275553942,0.0342002185061574,0.9803408623153832,5,5,6400,108867,1353.08203125
outer_fold,fold1_seed16_P32_C200_logistic_regression,1,16,32,200,logistic_regression,fine,0.7660172504064593,0.594185457023264,1.77776806242764,0.07279011234641075,0.58541965827508,39,38,6400,108867,1353.08203125
outer_fold,fold1_seed17_P32_C200_logistic_regression,1,17,32,200,logistic_regression,coarse,0.9877281453516676,0.9807660443416044,0.10600774176418781,0.03123531397432089,0.9771646403729892,5,5,6400,108867,1355.3203125
outer_fold,fold1_seed17_P32_C200_logistic_regression,1,17,32,200,logistic_regression,fine,0.7527258030440813,0.5918601046003301,1.583624598570168,0.0604412080720067,0.5833860850009172,39,38,6400,108867,1355.3203125
outer_fold,fold1_seed18_P32_C200_logistic_regression,1,18,32,200,logistic_regression,coarse,0.9908328510935361,0.9829507974448062,0.19361963775008917,0.03392005153000355,0.9764407100914699,5,5,6400,108867,1353.34375
outer_fold,fold1_seed18_P32_C200_logistic_regression,1,18,32,200,logistic_regression,fine,0.7575849430957039,0.5887523848418257,2.11637800373137,0.06464576348662376,0.5798126424463381,39,39,6400,108867,1353.34375
outer_fold,fold1_seed19_P32_C200_logistic_regression,1,19,32,200,logistic_regression,coarse,0.9890141181441575,0.9831526346959952,0.2548898430541158,0.08604986313730478,0.9784594607652821,5,5,6400,108867,1363.59765625
outer_fold,fold1_seed19_P32_C200_logistic_regression,1,19,32,200,logistic_regression,fine,0.7649884721724673,0.5870991325578028,2.2173942886292934,0.12921120785176754,0.5894303009827124,39,38,6400,108867,1363.59765625
outer_fold,fold1_seed00_P32_C400_logistic_regression,1,0,32,400,logistic_regression,coarse,0.9880588240697364,0.9858484430596842,0.38135580345988274,0.03273018542677164,0.9704599586848426,5,5,12800,108867,1374.66015625
outer_fold,fold1_seed00_P32_C400_logistic_regression,1,0,32,400,logistic_regression,fine,0.7343823197112073,0.6407180937463209,6.129526547156274,0.06947174668312073,0.6180624744556907,39,39,12800,108867,1374.66015625
outer_fold,fold1_seed01_P32_C400_logistic_regression,1,1,32,400,logistic_regression,coarse,0.9902817198967547,0.9842989714877183,0.32718258164823055,0.0336700277402997,0.9729141868306634,5,5,12800,108867,1356.046875
outer_fold,fold1_seed01_P32_C400_logistic_regression,1,1,32,400,logistic_regression,fine,0.7533044908007017,0.6314591916946471,5.767905158922076,0.06985427811741829,0.6098230153813942,39,39,12800,108867,1356.046875
outer_fold,fold1_seed02_P32_C400_logistic_regression,1,2,32,400,logistic_regression,coarse,0.9926883261227002,0.9878999648295522,0.5152188148349524,0.06568027846515179,0.9827422229490811,5,5,12800,108867,1363.7734375
outer_fold,fold1_seed02_P32_C400_logistic_regression,1,2,32,400,logistic_regression,fine,0.7565469793417656,0.6449608328162957,7.348953494802117,0.06660334672778845,0.6285751459873498,39,39,12800,108867,1363.7734375
outer_fold,fold1_seed03_P32_C400_logistic_regression,1,3,32,400,logistic_regression,coarse,0.9904562447757356,0.9854693940591858,0.350198176689446,0.10910955257713795,0.977946403523019,5,5,12800,108867,1322.50390625
outer_fold,fold1_seed03_P32_C400_logistic_regression,1,3,32,400,logistic_regression,fine,0.7530840383219892,0.6154974221319883,5.721101894974709,0.07814458478242159,0.6010907429541036,39,38,12800,108867,1322.50390625
outer_fold,fold1_seed04_P32_C400_logistic_regression,1,4,32,400,logistic_regression,coarse,0.9894274665417436,0.9852517084802719,0.43000194523483515,0.030889577232301235,0.9790955712903232,5,5,12800,108867,1356.4609375
outer_fold,fold1_seed04_P32_C400_logistic_regression,1,4,32,400,logistic_regression,fine,0.7494925000229637,0.6291127382653556,6.0473782094195485,0.06930412631481886,0.603079178000814,39,38,12800,108867,1356.4609375
outer_fold,fold1_seed05_P32_C400_logistic_regression,1,5,32,400,logistic_regression,coarse,0.9918983714073135,0.9866492347570425,0.21165763214230537,0.03953078668564558,0.9830926180783243,5,5,12800,108867,1332.53515625
outer_fold,fold1_seed05_P32_C400_logistic_regression,1,5,32,400,logistic_regression,fine,0.7517429524098211,0.6342369820935972,10.020594668574631,0.15345401503145695,0.6114959725124582,39,39,12800,108867,1332.53515625
outer_fold,fold1_seed06_P32_C400_logistic_regression,1,6,32,400,logistic_regression,coarse,0.9897857018196515,0.9872858548661684,0.605059577152133,0.04991147015243769,0.9818523509862374,5,5,12800,108867,1375.71875
outer_fold,fold1_seed06_P32_C400_logistic_regression,1,6,32,400,logistic_regression,fine,0.7528176582435449,0.6224667445941224,7.4636595426127315,0.06857605092227459,0.5900455682560511,39,39,12800,108867,1375.71875
outer_fold,fold1_seed07_P32_C400_logistic_regression,1,7,32,400,logistic_regression,coarse,0.9899602266986323,0.9865172622439348,0.5304099395871162,0.03187720105051994,0.9810556525060037,5,5,12800,108867,1365.28125
outer_fold,fold1_seed07_P32_C400_logistic_regression,1,7,32,400,logistic_regression,fine,0.7487576584272553,0.6315488354131649,9.032341572456062,0.12397408112883568,0.6054384547272178,39,38,12800,108867,1365.28125
outer_fold,fold1_seed08_P32_C400_logistic_regression,1,8,32,400,logistic_regression,coarse,0.9919718555668844,0.987774701608059,0.30825304612517357,0.033022201620042324,0.9801397820982519,5,5,12800,108867,1362.125
outer_fold,fold1_seed08_P32_C400_logistic_regression,1,8,32,400,logistic_regression,fine,0.7509254411345955,0.6348759131083601,6.557161157950759,0.0838423976674676,0.6127171572728818,39,39,12800,108867,1362.125
outer_fold,fold1_seed09_P32_C400_logistic_regression,1,9,32,400,logistic_regression,coarse,0.992091267326187,0.988814278945657,0.339286127127707,0.030618944205343723,0.9859244942871477,5,5,12800,108867,1357.2578125
outer_fold,fold1_seed09_P32_C400_logistic_regression,1,9,32,400,logistic_regression,fine,0.7507233596957755,0.6208798749533624,7.956294207833707,0.06252886448055506,0.6015561933096302,39,38,12800,108867,1357.2578125
outer_fold,fold1_seed10_P32_C400_logistic_regression,1,10,32,400,logistic_regression,coarse,0.9889957471042649,0.9865455179273697,0.3507800744846463,0.032967709004879,0.9771006582093749,5,5,12800,108867,1359.9375
outer_fold,fold1_seed10_P32_C400_logistic_regression,1,10,32,400,logistic_regression,fine,0.7346670708295443,0.6330374049483692,6.171260870993137,0.06740895844995975,0.6036238605838538,39,39,12800,108867,1359.9375
outer_fold,fold1_seed11_P32_C400_logistic_regression,1,11,32,400,logistic_regression,coarse,0.9911451587717123,0.9873606592834896,0.2936954265460372,0.03297092579305172,0.9831342655195506,5,5,12800,108867,1357.78125
outer_fold,fold1_seed11_P32_C400_logistic_regression,1,11,32,400,logistic_regression,fine,0.7532493776810236,0.6408518843629712,8.929508444853127,0.3082282803952694,0.6191441573060414,39,39,12800,108867,1357.78125
outer_fold,fold1_seed12_P32_C400_logistic_regression,1,12,32,400,logistic_regression,coarse,0.9885548421468398,0.9848188886657265,0.37632528506219387,0.030422911047935486,0.9818343759475608,5,5,12800,108867,1353.08203125
outer_fold,fold1_seed12_P32_C400_logistic_regression,1,12,32,400,logistic_regression,fine,0.7597619113229904,0.6131293603698103,6.294141139835119,0.07836294826120138,0.6012991966959478,39,39,12800,108867,1353.08203125
outer_fold,fold1_seed13_P32_C400_logistic_regression,1,13,32,400,logistic_regression,coarse,0.9909247062929997,0.9866563956399383,0.2562845256179571,0.03087152075022459,0.9815350190212475,5,5,12800,108867,1355.3203125
outer_fold,fold1_seed13_P32_C400_logistic_regression,1,13,32,400,logistic_regression,fine,0.7468929978781449,0.6427470607401492,5.690299936570227,0.06812035106122494,0.6191674928292898,39,39,12800,108867,1355.3203125
outer_fold,fold1_seed14_P32_C400_logistic_regression,1,14,32,400,logistic_regression,coarse,0.9888763353449622,0.9867487222940966,0.3867208007723093,0.030238396488130093,0.9786740174831998,5,5,12800,108867,1353.34375
outer_fold,fold1_seed14_P32_C400_logistic_regression,1,14,32,400,logistic_regression,fine,0.7351998309864329,0.6211683815153148,4.909767664968967,0.07117994781583548,0.5958207276452769,39,38,12800,108867,1353.34375
outer_fold,fold1_seed15_P32_C400_logistic_regression,1,15,32,400,logistic_regression,coarse,0.9912553850110686,0.9895254990713255,0.3581795794889331,0.03311836440116167,0.9775480617816934,5,5,12800,108867,1363.59765625
outer_fold,fold1_seed15_P32_C400_logistic_regression,1,15,32,400,logistic_regression,fine,0.736127568501015,0.6336243372962937,5.635423445142806,0.06621287297457457,0.6057356160353532,39,38,12800,108867,1363.59765625
outer_fold,fold1_seed16_P32_C400_logistic_regression,1,16,32,400,logistic_regression,coarse,0.9917697741280646,0.9869545412092071,0.44897723011672497,0.06317680142819881,0.9834040811013791,5,5,12800,108867,1374.66015625
outer_fold,fold1_seed16_P32_C400_logistic_regression,1,16,32,400,logistic_regression,fine,0.7596149430038487,0.6260873796466832,7.043119431473315,0.11356715764850378,0.608862937452056,39,38,12800,108867,1374.66015625
outer_fold,fold1_seed17_P32_C400_logistic_regression,1,17,32,400,logistic_regression,coarse,0.9916411768488155,0.9876344757239593,0.27047376427799463,0.02932659536600113,0.9815508001531729,5,5,12800,108867,1356.046875
outer_fold,fold1_seed17_P32_C400_logistic_regression,1,17,32,400,logistic_regression,fine,0.7486015045881672,0.6224120711583775,4.674227665178478,0.06332695577293634,0.5991683637165466,39,38,12800,108867,1356.046875
outer_fold,fold1_seed18_P32_C400_logistic_regression,1,18,32,400,logistic_regression,coarse,0.9913288691706394,0.9876468867727597,0.4187815375626087,0.03250419721007347,0.9810880640186292,5,5,12800,108867,1363.7734375
outer_fold,fold1_seed18_P32_C400_logistic_regression,1,18,32,400,logistic_regression,fine,0.7496853959418373,0.6141135907168637,6.443310332484543,0.06696970295161009,0.5958688558360192,39,39,12800,108867,1363.7734375
outer_fold,fold1_seed19_P32_C400_logistic_regression,1,19,32,400,logistic_regression,coarse,0.9897765162997052,0.985779304041143,0.37716679088771343,0.029715094715356827,0.9790776152055505,5,5,12800,108867,1322.50390625
outer_fold,fold1_seed19_P32_C400_logistic_regression,1,19,32,400,logistic_regression,fine,0.7476553960336925,0.6286602344972994,7.6589969815686345,0.06601718068122864,0.6109167685003023,39,39,12800,108867,1322.50390625
outer_fold,fold1_seed00_P32_C800_logistic_regression,1,0,32,800,logistic_regression,coarse,0.9890324891840503,0.9872948465417638,0.6483771344646811,0.028573489747941494,0.9761422720061932,5,5,25600,108867,1356.4609375
outer_fold,fold1_seed00_P32_C800_logistic_regression,1,0,32,800,logistic_regression,fine,0.7296058493391019,0.6641122059085429,17.32210271898657,0.13398173730820417,0.6206104890308499,39,39,25600,108867,1356.4609375
outer_fold,fold1_seed01_P32_C800_logistic_regression,1,1,32,800,logistic_regression,coarse,0.9914574664498884,0.9869323849765437,0.9955912157893181,0.06280053872615099,0.9763627832518358,5,5,25600,108867,1332.53515625
outer_fold,fold1_seed01_P32_C800_logistic_regression,1,1,32,800,logistic_regression,fine,0.7507784728154537,0.662989990780681,14.058369349688292,0.06291489116847515,0.6306427094623079,39,39,25600,108867,1332.53515625
outer_fold,fold1_seed02_P32_C800_logistic_regression,1,2,32,800,logistic_regression,coarse,0.9917146610083863,0.9882608381588522,0.5670213280245662,0.02940987888723612,0.9805560446242719,5,5,25600,108867,1375.71875
outer_fold,fold1_seed02_P32_C800_logistic_regression,1,2,32,800,logistic_regression,fine,0.7523859388060661,0.6672740573561471,17.97742228396237,0.07829347439110279,0.6289073490856133,39,39,25600,108867,1375.71875
outer_fold,fold1_seed03_P32_C800_logistic_regression,1,3,32,800,logistic_regression,coarse,0.9928536654817346,0.9876438821319653,1.3222554624080658,0.07727152947336435,0.9797812826560903,5,5,25600,108867,1365.28125
outer_fold,fold1_seed03_P32_C800_logistic_regression,1,3,32,800,logistic_regression,fine,0.7478299209126733,0.6585677104912825,16.941425760276616,0.07026021461933851,0.6238897725284078,39,39,25600,108867,1365.28125
outer_fold,fold1_seed04_P32_C800_logistic_regression,1,4,32,800,logistic_regression,coarse,0.9902909054167011,0.9876639791858922,1.4548535272479057,0.03234315663576126,0.976649639299455,5,5,25600,108867,1362.125
outer_fold,fold1_seed04_P32_C800_logistic_regression,1,4,32,800,logistic_regression,fine,0.7506866176159902,0.6747142994781955,16.119151634164155,0.06976268254220486,0.6296998400650684,39,39,25600,108867,1362.125
outer_fold,fold1_seed05_P32_C800_logistic_regression,1,5,32,800,logistic_regression,coarse,0.992320905324846,0.9893733508250737,0.6253693122416735,0.03243671730160713,0.9817180498911657,5,5,25600,108867,1357.2578125
outer_fold,fold1_seed05_P32_C800_logistic_regression,1,5,32,800,logistic_regression,fine,0.7443302378131114,0.6684368019995492,18.0088575957343,0.09787646681070328,0.630922790426524,39,39,25600,108867,1357.2578125
outer_fold,fold1_seed06_P32_C800_logistic_regression,1,6,32,800,logistic_regression,coarse,0.9914574664498884,0.9881862534504986,0.809776677750051,0.029595235362648964,0.9855556620534278,5,5,25600,108867,1359.9375
outer_fold,fold1_seed06_P32_C800_logistic_regression,1,6,32,800,logistic_regression,fine,0.746663359879486,0.6669639083327493,20.107964031398296,0.1334991790354252,0.6302758331898031,39,39,25600,108867,1359.9375
outer_fold,fold1_seed07_P32_C800_logistic_regression,1,7,32,800,logistic_regression,coarse,0.992734253722432,0.9888290223753395,0.7517794100567698,0.03185309562832117,0.9849345536245782,5,5,25600,108867,1357.78125
outer_fold,fold1_seed07_P32_C800_logistic_regression,1,7,32,800,logistic_regression,fine,0.7478299209126733,0.66377743222244,12.300682725384831,0.0695522865280509,0.6207915029998281,39,39,25600,108867,1357.78125
outer_fold,fold1_seed08_P32_C800_logistic_regression,1,8,32,800,logistic_regression,coarse,0.9926515840429148,0.9879860899752309,1.543326742015779,0.06586000695824623,0.9818841277162834,5,5,25600,108867,1353.08203125
outer_fold,fold1_seed08_P32_C800_logistic_regression,1,8,32,800,logistic_regression,fine,0.7451753056481762,0.6725521188911233,15.872341462410986,0.17673619650304317,0.6328637070245253,39,39,25600,108867,1353.08203125
outer_fold,fold1_seed09_P32_C800_logistic_regression,1,9,32,800,logistic_regression,coarse,0.9936068781173358,0.9901643299342784,0.6670832764357328,0.031496223993599415,0.9867465548331685,5,5,25600,108867,1355.3203125
outer_fold,fold1_seed09_P32_C800_logistic_regression,1,9,32,800,logistic_regression,fine,0.7437331790165982,0.6528523401629067,23.63747918140143,0.06858839932829142,0.6165529849694236,39,39,25600,108867,1355.3203125
outer_fold,fold1_seed10_P32_C800_logistic_regression,1,10,32,800,logistic_regression,coarse,0.9891702719832456,0.9863982879854476,1.2273519150912762,0.044516838155686855,0.9797988497306136,5,5,25600,108867,1353.34375
outer_fold,fold1_seed10_P32_C800_logistic_regression,1,10,32,800,logistic_regression,fine,0.7337668898748013,0.6695580506743909,16.106813175603747,0.071064043790102,0.618965219422746,39,39,25600,108867,1353.34375
outer_fold,fold1_seed11_P32_C800_logistic_regression,1,11,32,800,logistic_regression,coarse,0.992504615723773,0.9889366134926643,0.671668921597302,0.032177120447158813,0.9834567361920079,5,5,25600,108867,1363.59765625
outer_fold,fold1_seed11_P32_C800_logistic_regression,1,11,32,800,logistic_regression,fine,0.7567306897406928,0.6639764485852809,13.048280716873705,0.06740242894738913,0.6273923225018364,39,39,25600,108867,1363.59765625
outer_fold,fold1_seed12_P32_C800_logistic_regression,1,12,32,800,logistic_regression,coarse,0.9917605886081181,0.988522985202349,0.6522858496755362,0.03282545693218708,0.9818812430660955,5,5,25600,108867,1374.66015625
outer_fold,fold1_seed12_P32_C800_logistic_regression,1,12,32,800,logistic_regression,fine,0.7520185180082118,0.6514514086858109,16.359210069291294,0.06809015572071075,0.6181495903513845,39,39,25600,108867,1374.66015625
outer_fold,fold1_seed13_P32_C800_logistic_regression,1,13,32,800,logistic_regression,coarse,0.9931567876399644,0.9886074916335226,0.8085371181368828,0.030188361182808876,0.9829879631853725,5,5,25600,108867,1356.046875
outer_fold,fold1_seed13_P32_C800_logistic_regression,1,13,32,800,logistic_regression,fine,0.7489505543461288,0.6838287324639454,16.075387707911432,0.07490180339664221,0.6418604083426077,39,39,25600,108867,1356.046875
outer_fold,fold1_seed14_P32_C800_logistic_regression,1,14,32,800,logistic_regression,coarse,0.9906583262145554,0.9879787151761837,1.4806980956345797,0.03226994816213846,0.9769372323661425,5,5,25600,108867,1363.7734375
outer_fold,fold1_seed14_P32_C800_logistic_regression,1,14,32,800,logistic_regression,fine,0.739324129442347,0.6804172279461532,14.910326112061739,0.06833325792104006,0.6388736888936728,39,39,25600,108867,1363.7734375
outer_fold,fold1_seed15_P32_C800_logistic_regression,1,15,32,800,logistic_regression,coarse,0.9910441180523023,0.986152403104213,0.7513094283640385,0.0310257812961936,0.9676318584131023,5,5,25600,108867,1322.50390625
outer_fold,fold1_seed15_P32_C800_logistic_regression,1,15,32,800,logistic_regression,fine,0.7314153967685341,0.6651749850814596,17.724914913997054,0.17673273105174303,0.6152158694093347,39,39,25600,108867,1322.50390625
outer_fold,fold1_seed16_P32_C800_logistic_regression,1,16,32,800,logistic_regression,coarse,0.9920820818062407,0.9897212176297139,0.7085202978923917,0.029559943825006485,0.9802393913268395,5,5,25600,108867,1356.4609375
outer_fold,fold1_seed16_P32_C800_logistic_regression,1,16,32,800,logistic_regression,fine,0.7551783368697585,0.6659655589200434,15.841619778424501,0.06551581341773272,0.6261880535602932,39,39,25600,108867,1356.4609375
outer_fold,fold1_seed17_P32_C800_logistic_regression,1,17,32,800,logistic_regression,coarse,0.9912461994911222,0.9876702646022008,0.6513107642531395,0.028459299355745316,0.9823224587643559,5,5,25600,108867,1332.53515625
outer_fold,fold1_seed17_P32_C800_logistic_regression,1,17,32,800,logistic_regression,fine,0.7391036769636345,0.6615978419628262,10.346268561668694,0.06587794236838818,0.6255214173750823,39,39,25600,108867,1332.53515625
outer_fold,fold1_seed18_P32_C800_logistic_regression,1,18,32,800,logistic_regression,coarse,0.9933864256386232,0.9894154288538359,0.688597671687603,0.03302846010774374,0.9843873708866893,5,5,25600,108867,1375.71875
outer_fold,fold1_seed18_P32_C800_logistic_regression,1,18,32,800,logistic_regression,fine,0.7391587900833126,0.6625096401561935,23.216801594011486,0.0718702170997858,0.6212609401525184,39,39,25600,108867,1375.71875
outer_fold,fold1_seed19_P32_C800_logistic_regression,1,19,32,800,logistic_regression,coarse,0.9907685524539116,0.9871010436740846,0.7328028529882431,0.03235428407788277,0.975194719837652,5,5,25600,108867,1365.28125
outer_fold,fold1_seed19_P32_C800_logistic_regression,1,19,32,800,logistic_regression,fine,0.7498139932210863,0.6585826793506414,15.269290397875011,0.0686296708881855,0.6244418799975957,39,39,25600,108867,1365.28125
outer_fold,fold1_seed00_P32_C1600_logistic_regression,1,0,32,1600,logistic_regression,coarse,0.9913839822903175,0.9902523475299481,1.4847152810543776,0.029425261542201042,0.9803485970075672,5,5,51200,108867,1362.125
outer_fold,fold1_seed00_P32_C1600_logistic_regression,1,0,32,1600,logistic_regression,fine,0.7319206003655837,0.7040499466127286,30.23233998566866,0.06940456666052341,0.6459978313756941,39,39,51200,108867,1362.125
outer_fold,fold1_seed01_P32_C1600_logistic_regression,1,1,32,1600,logistic_regression,coarse,0.9924311315642022,0.9866396324326796,1.605330209247768,0.06014622747898102,0.9734664686897985,5,5,51200,108867,1357.2578125
outer_fold,fold1_seed01_P32_C1600_logistic_regression,1,1,32,1600,logistic_regression,fine,0.7682585172733702,0.712241324182295,32.71162241511047,0.07887886930257082,0.6598637642171403,39,39,51200,108867,1357.2578125
outer_fold,fold1_seed02_P32_C1600_logistic_regression,1,2,32,1600,logistic_regression,coarse,0.992219864605436,0.988055570027251,2.427910076454282,0.04859155137091875,0.9808103342101424,5,5,51200,108867,1359.9375
outer_fold,fold1_seed02_P32_C1600_logistic_regression,1,2,32,1600,logistic_regression,fine,0.7689566167892934,0.7092180425387151,35.57188363559544,0.06721204333007336,0.6632376204645818,39,39,51200,108867,1359.9375
outer_fold,fold1_seed03_P32_C1600_logistic_regression,1,3,32,1600,logistic_regression,coarse,0.9935517649976577,0.9880925887202302,1.3016442013904452,0.032517737708985806,0.9806839384493717,5,5,51200,108867,1357.78125
outer_fold,fold1_seed03_P32_C1600_logistic_regression,1,3,32,1600,logistic_regression,fine,0.7580350335730754,0.7077646491949591,37.279993725940585,0.06364751420915127,0.6539235676786743,39,39,51200,108867,1357.78125
outer_fold,fold1_seed04_P32_C1600_logistic_regression,1,4,32,1600,logistic_regression,coarse,0.9920361542065088,0.9892768447471804,1.5999503638595343,0.030763990245759487,0.9812177143516354,5,5,51200,108867,1353.08203125
outer_fold,fold1_seed04_P32_C1600_logistic_regression,1,4,32,1600,logistic_regression,fine,0.761580644272369,0.721558237077479,28.47102947626263,0.06827067583799362,0.6584919348784073,39,39,51200,108867,1353.08203125
outer_fold,fold1_seed05_P32_C1600_logistic_regression,1,5,32,1600,logistic_regression,coarse,0.9932302717995352,0.9893125091179169,1.8148360112681985,0.033990164287388325,0.9808329741335328,5,5,51200,108867,1355.3203125
outer_fold,fold1_seed05_P32_C1600_logistic_regression,1,5,32,1600,logistic_regression,fine,0.7559223639854133,0.7060962083501368,28.955507703125477,0.1861850218847394,0.6574682817199546,39,39,51200,108867,1355.3203125
outer_fold,fold1_seed06_P32_C1600_logistic_regression,1,6,32,1600,logistic_regression,coarse,0.9921739370057042,0.9889349992383993,1.3084698067978024,0.031430816277861595,0.9808138900012027,5,5,51200,108867,1353.34375
outer_fold,fold1_seed06_P32_C1600_logistic_regression,1,6,32,1600,logistic_regression,fine,0.7564551241423021,0.7017868151384202,33.46245103701949,0.06787267047911882,0.6536862291909274,39,39,51200,108867,1353.34375
outer_fold,fold1_seed07_P32_C1600_logistic_regression,1,7,32,1600,logistic_regression,coarse,0.9939834844351364,0.9896583494117734,2.3485741280019283,0.06416590884327888,0.985410335055775,5,5,51200,108867,1363.59765625
outer_fold,fold1_seed07_P32_C1600_logistic_regression,1,7,32,1600,logistic_regression,fine,0.7591464814865846,0.7188361834929488,26.846222293563187,0.06739324610680342,0.6654676042876666,39,39,51200,108867,1363.59765625
outer_fold,fold1_seed08_P32_C1600_logistic_regression,1,8,32,1600,logistic_regression,coarse,0.9930281903607153,0.9883212162121768,1.3068321058526635,0.02951132133603096,0.9838688884698137,5,5,51200,108867,1374.66015625
outer_fold,fold1_seed08_P32_C1600_logistic_regression,1,8,32,1600,logistic_regression,fine,0.7489229977862897,0.7081586212900945,30.529327051714063,0.06504197511821985,0.6595259259341867,39,39,51200,108867,1374.66015625
outer_fold,fold1_seed09_P32_C1600_logistic_regression,1,9,32,1600,logistic_regression,coarse,0.9939559278752974,0.988801693530899,1.3657111879438162,0.03436552733182907,0.9864663455676629,5,5,51200,108867,1356.046875
outer_fold,fold1_seed09_P32_C1600_logistic_regression,1,9,32,1600,logistic_regression,fine,0.7577227258948993,0.7075424885067575,37.85661636758596,0.06769398413598537,0.6543658064565939,39,39,51200,108867,1356.046875
outer_fold,fold1_seed10_P32_C1600_logistic_regression,1,10,32,1600,logistic_regression,coarse,0.9915585071692983,0.9881021832218966,2.2242289939895272,0.05836713220924139,0.9799598069040659,5,5,51200,108867,1363.7734375
outer_fold,fold1_seed10_P32_C1600_logistic_regression,1,10,32,1600,logistic_regression,fine,0.7475819118741216,0.7055912104258949,33.984666319563985,0.0657461266964674,0.6495281144658197,39,39,51200,108867,1363.7734375
outer_fold,fold1_seed11_P32_C1600_logistic_regression,1,11,32,1600,logistic_regression,coarse,0.9925872854032902,0.9886482096350795,2.820300848223269,0.03241818957030773,0.984195490610755,5,5,51200,108867,1322.50390625
outer_fold,fold1_seed11_P32_C1600_logistic_regression,1,11,32,1600,logistic_regression,fine,0.764464897535525,0.698506716820381,35.413292495533824,0.06668926496058702,0.6479482050967644,39,39,51200,108867,1322.50390625
outer_fold,fold1_seed12_P32_C1600_logistic_regression,1,12,32,1600,logistic_regression,coarse,0.9924495026040949,0.9887491405955476,1.2860252261161804,0.032201044261455536,0.9832401222956418,5,5,51200,108867,1356.4609375
outer_fold,fold1_seed12_P32_C1600_logistic_regression,1,12,32,1600,logistic_regression,fine,0.7630503274637861,0.6996577512254377,38.43860370013863,0.06592383235692978,0.6483778716357905,39,39,51200,108867,1356.4609375
outer_fold,fold1_seed13_P32_C1600_logistic_regression,1,13,32,1600,logistic_regression,coarse,0.9938732581957802,0.9881458683387164,1.3344405945390463,0.03185645118355751,0.9853881058068319,5,5,51200,108867,1332.53515625
outer_fold,fold1_seed13_P32_C1600_logistic_regression,1,13,32,1600,logistic_regression,fine,0.7588617303682474,0.7214570570080153,31.66894860100001,0.07010520342737436,0.6650280019910297,39,39,51200,108867,1332.53515625
outer_fold,fold1_seed14_P32_C1600_logistic_regression,1,14,32,1600,logistic_regression,coarse,0.9922290501253823,0.9884676286480236,2.064973810687661,0.033581986092031,0.9745467219467538,5,5,51200,108867,1375.71875
outer_fold,fold1_seed14_P32_C1600_logistic_regression,1,14,32,1600,logistic_regression,fine,0.7463510522013098,0.7116950921219652,30.318672033026814,0.07287369575351477,0.6539011728284722,39,39,51200,108867,1375.71875
outer_fold,fold1_seed15_P32_C1600_logistic_regression,1,15,32,1600,logistic_regression,coarse,0.991319683650693,0.9886410152182249,1.742124275304377,0.04156569391489029,0.970493961371911,5,5,51200,108867,1365.28125
outer_fold,fold1_seed15_P32_C1600_logistic_regression,1,15,32,1600,logistic_regression,fine,0.7469572965177694,0.7111435879698969,32.8172557707876,0.1494108997285366,0.6468085049005556,39,39,51200,108867,1365.28125
outer_fold,fold1_seed16_P32_C1600_logistic_regression,1,16,32,1600,logistic_regression,coarse,0.9932853849192134,0.9907019313079898,1.4611398940905929,0.034896258264780045,0.9775686819827701,5,5,51200,108867,1362.125
outer_fold,fold1_seed16_P32_C1600_logistic_regression,1,16,32,1600,logistic_regression,fine,0.7654293771298925,0.7102974878538417,29.51940286718309,0.06356005370616913,0.6553338165603362,39,39,51200,108867,1362.125
outer_fold,fold1_seed17_P32_C1600_logistic_regression,1,17,32,1600,logistic_regression,coarse,0.9925689143633976,0.9885767426045071,1.2387007679790258,0.029446983709931374,0.9808412672183181,5,5,51200,108867,1357.2578125
outer_fold,fold1_seed17_P32_C1600_logistic_regression,1,17,32,1600,logistic_regression,fine,0.743907703895579,0.7062429461854169,31.395466306246817,0.12407884746789932,0.6486323620847357,39,39,51200,108867,1357.2578125
outer_fold,fold1_seed18_P32_C1600_logistic_regression,1,18,32,1600,logistic_regression,coarse,0.9937814029963166,0.9895627768526725,1.3572877375409007,0.028995790518820286,0.9827080614598497,5,5,51200,108867,1359.9375
outer_fold,fold1_seed18_P32_C1600_logistic_regression,1,18,32,1600,logistic_regression,fine,0.7429340387812652,0.6986234451968638,30.352517960593104,0.06605081167072058,0.6409149189280462,39,39,51200,108867,1359.9375
outer_fold,fold1_seed19_P32_C1600_logistic_regression,1,19,32,1600,logistic_regression,coarse,0.9927709958022174,0.9888516331839373,1.2840061960741878,0.02778424136340618,0.9833436553780439,5,5,51200,108867,1357.78125
outer_fold,fold1_seed19_P32_C1600_logistic_regression,1,19,32,1600,logistic_regression,fine,0.7627747618653954,0.711527886928805,34.122849149629474,0.0627989275380969,0.6591657365824439,39,39,51200,108867,1357.78125
outer_fold,fold2_seed00_P8_C100_logistic_regression,2,0,8,100,logistic_regression,coarse,0.9854781159997033,0.8750289658597323,0.018825892359018326,0.04005328565835953,0.9013174609854273,5,5,800,148259,1353.08203125
outer_fold,fold2_seed00_P8_C100_logistic_regression,2,0,8,100,logistic_regression,fine,0.7558529330428507,0.43655541451430124,0.09098849631845951,0.07680375315248966,0.4336391702758482,39,33,800,148259,1353.08203125
outer_fold,fold2_seed01_P8_C100_logistic_regression,2,1,8,100,logistic_regression,coarse,0.9916295132167355,0.9763262214547341,0.01732186507433653,0.038154782727360725,0.9798794884094806,5,5,800,148259,1355.3203125
outer_fold,fold2_seed01_P8_C100_logistic_regression,2,1,8,100,logistic_regression,fine,0.764499962902758,0.4796519324881879,0.07636337541043758,0.0735674723982811,0.48009834651530825,39,34,800,148259,1355.3203125
outer_fold,fold2_seed02_P8_C100_logistic_regression,2,2,8,100,logistic_regression,coarse,0.987393682676937,0.9772714937997653,0.019323003478348255,0.04407356772571802,0.9760168641408292,5,5,800,148259,1353.34375
outer_fold,fold2_seed02_P8_C100_logistic_regression,2,2,8,100,logistic_regression,fine,0.7582204115770375,0.48362269531636953,0.09380924515426159,0.08243671990931034,0.4870421726510352,39,34,800,148259,1353.34375
outer_fold,fold2_seed03_P8_C100_logistic_regression,2,3,8,100,logistic_regression,coarse,0.986483114009942,0.9451368696069851,0.01333655696362257,0.04225355014204979,0.9582370057471667,5,5,800,148259,1363.59765625
outer_fold,fold2_seed03_P8_C100_logistic_regression,2,3,8,100,logistic_regression,fine,0.7686008943807796,0.4870502990886988,0.09178888890892267,0.08027442172169685,0.5060363168624884,39,36,800,148259,1363.59765625
outer_fold,fold2_seed04_P8_C100_logistic_regression,2,4,8,100,logistic_regression,coarse,0.9901456235371883,0.9750881059384856,0.0332941273227334,0.09117140714079142,0.9761322349037899,5,5,800,148259,1374.66015625
outer_fold,fold2_seed04_P8_C100_logistic_regression,2,4,8,100,logistic_regression,fine,0.7798986908046055,0.4963666217785868,0.15947131719440222,0.15893780160695314,0.5068351126321117,39,34,800,148259,1374.66015625
outer_fold,fold2_seed05_P8_C100_logistic_regression,2,5,8,100,logistic_regression,coarse,0.988526834795864,0.9809445584948591,0.023277674801647663,0.041111065074801445,0.9732037729874842,5,5,800,148259,1356.046875
outer_fold,fold2_seed05_P8_C100_logistic_regression,2,5,8,100,logistic_regression,fine,0.7644190234656918,0.5037177273256309,0.08906518388539553,0.07803258579224348,0.5106545814447987,39,36,800,148259,1356.046875
outer_fold,fold2_seed06_P8_C100_logistic_regression,2,6,8,100,logistic_regression,coarse,0.9876230110819579,0.9811808870492472,0.01370551809668541,0.04123207554221153,0.9705831835478367,5,5,800,148259,1363.7734375
outer_fold,fold2_seed06_P8_C100_logistic_regression,2,6,8,100,logistic_regression,fine,0.7747388016916342,0.5261376197343589,0.17213462851941586,0.2347465567290783,0.5185340819568451,39,37,800,148259,1363.7734375
outer_fold,fold2_seed07_P8_C100_logistic_regression,2,7,8,100,logistic_regression,coarse,0.9900714290532109,0.9763437327373076,0.016693628393113613,0.05723179690539837,0.9759530170476017,5,5,800,148259,1322.50390625
outer_fold,fold2_seed07_P8_C100_logistic_regression,2,7,8,100,logistic_regression,fine,0.7655724104438854,0.4997494854837879,0.10667939577251673,0.08058564737439156,0.49872391400800753,39,35,800,148259,1322.50390625
outer_fold,fold2_seed08_P8_C100_logistic_regression,2,8,8,100,logistic_regression,coarse,0.9916160233105579,0.9785594124135535,0.018429158255457878,0.04348437674343586,0.9824168592022895,5,5,800,148259,1356.4609375
outer_fold,fold2_seed08_P8_C100_logistic_regression,2,8,8,100,logistic_regression,fine,0.7727895102489563,0.49681156824198214,0.18898091465234756,0.171204449608922,0.49005128363144895,39,35,800,148259,1356.4609375
outer_fold,fold2_seed09_P8_C100_logistic_regression,2,9,8,100,logistic_regression,coarse,0.9900377042877667,0.9870636478365153,0.01654917374253273,0.07656894158571959,0.9679751143885185,5,5,800,148259,1332.53515625
outer_fold,fold2_seed09_P8_C100_logistic_regression,2,9,8,100,logistic_regression,fine,0.753613608617352,0.4899137036930365,0.214311302639544,0.14288901537656784,0.48893262705845186,39,34,800,148259,1332.53515625
outer_fold,fold2_seed10_P8_C100_logistic_regression,2,10,8,100,logistic_regression,coarse,0.9845675473327083,0.9797273683607095,0.021817435510456562,0.04429892264306545,0.9680096562735088,5,5,800,148259,1375.71875
outer_fold,fold2_seed10_P8_C100_logistic_regression,2,10,8,100,logistic_regression,fine,0.7741317559136376,0.5062859222390971,0.08810185641050339,0.08211327809840441,0.51313668346505,39,35,800,148259,1375.71875
outer_fold,fold2_seed11_P8_C100_logistic_regression,2,11,8,100,logistic_regression,coarse,0.9919667608711782,0.9815401152866532,0.015911931172013283,0.043874830938875675,0.9799108149807789,5,5,800,148259,1365.28125
outer_fold,fold2_seed11_P8_C100_logistic_regression,2,11,8,100,logistic_regression,fine,0.7565274283517358,0.5012507320962336,0.10905578266829252,0.08162893354892731,0.5066705568415171,39,36,800,148259,1365.28125
outer_fold,fold2_seed12_P8_C100_logistic_regression,2,12,8,100,logistic_regression,coarse,0.9919397810588227,0.9767050411610553,0.01629292033612728,0.04237887728959322,0.9773566818500011,5,5,800,148259,1362.125
outer_fold,fold2_seed12_P8_C100_logistic_regression,2,12,8,100,logistic_regression,fine,0.7725466919377576,0.4694719179288862,0.09719198476523161,0.08197727426886559,0.48345952331064396,39,35,800,148259,1362.125
outer_fold,fold2_seed13_P8_C100_logistic_regression,2,13,8,100,logistic_regression,coarse,0.9906852197842964,0.9721197429599926,0.0286569744348526,0.0893505197018385,0.9760024335488147,5,5,800,148259,1357.2578125
outer_fold,fold2_seed13_P8_C100_logistic_regression,2,13,8,100,logistic_regression,fine,0.7615456734498411,0.4701525948841963,0.22738640010356903,0.15169858559966087,0.4745717061380117,39,35,800,148259,1357.2578125
outer_fold,fold2_seed14_P8_C100_logistic_regression,2,14,8,100,logistic_regression,coarse,0.9900309593346778,0.9862235417956999,0.029844007454812527,0.0437397388741374,0.9735251063243726,5,5,800,148259,1359.9375
outer_fold,fold2_seed14_P8_C100_logistic_regression,2,14,8,100,logistic_regression,fine,0.7711437416952766,0.5188330350973436,0.09617889206856489,0.10558116622269154,0.5082851927779984,39,37,800,148259,1359.9375
outer_fold,fold2_seed15_P8_C100_logistic_regression,2,15,8,100,logistic_regression,coarse,0.9877916349091792,0.867095060230419,0.029901613481342793,0.09084629267454147,0.8963274031038937,5,5,800,148259,1357.78125
outer_fold,fold2_seed15_P8_C100_logistic_regression,2,15,8,100,logistic_regression,fine,0.7590432958538773,0.4247182628902056,0.09698974248021841,0.08875428047031164,0.43068616760785017,39,33,800,148259,1357.78125
outer_fold,fold2_seed16_P8_C100_logistic_regression,2,16,8,100,logistic_regression,coarse,0.9911978362190491,0.9776656657412174,0.017337268218398094,0.045588177628815174,0.9802928675228099,5,5,800,148259,1353.08203125
outer_fold,fold2_seed16_P8_C100_logistic_regression,2,16,8,100,logistic_regression,fine,0.7740036018049494,0.48322274130484505,0.08505633007735014,0.07923169620335102,0.4943054107130018,39,36,800,148259,1353.08203125
outer_fold,fold2_seed17_P8_C100_logistic_regression,2,17,8,100,logistic_regression,coarse,0.9901726033495437,0.9742558108281312,0.03518173471093178,0.0906121525913477,0.9769697674061634,5,5,800,148259,1355.3203125
outer_fold,fold2_seed17_P8_C100_logistic_regression,2,17,8,100,logistic_regression,fine,0.7784755057028578,0.4974977478322675,0.19731147959828377,0.21410529594868422,0.4953941408745979,39,35,800,148259,1355.3203125
outer_fold,fold2_seed18_P8_C100_logistic_regression,2,18,8,100,logistic_regression,coarse,0.9847698959253738,0.7973521953620049,0.012078547850251198,0.04221606347709894,0.7987028404723605,5,5,800,148259,1353.34375
outer_fold,fold2_seed18_P8_C100_logistic_regression,2,18,8,100,logistic_regression,fine,0.7540790103804828,0.456821373183974,0.09517951961606741,0.6754283141344786,0.4514393805885486,39,34,800,148259,1353.34375
outer_fold,fold2_seed19_P8_C100_logistic_regression,2,19,8,100,logistic_regression,coarse,0.9910157224856501,0.9754856833790253,0.015731501393020153,0.04272979125380516,0.9713963930023943,5,5,800,148259,1363.59765625
outer_fold,fold2_seed19_P8_C100_logistic_regression,2,19,8,100,logistic_regression,fine,0.7633330860183868,0.4821281288237918,0.09592201840132475,0.0813748650252819,0.49069080648304536,39,36,800,148259,1363.59765625
outer_fold,fold2_seed00_P8_C200_logistic_regression,2,0,8,200,logistic_regression,coarse,0.9902602877396988,0.9731817254797995,0.028817464597523212,0.04505677428096533,0.9761413878206845,5,5,1600,148259,1374.66015625
outer_fold,fold2_seed00_P8_C200_logistic_regression,2,0,8,200,logistic_regression,fine,0.7554212560451642,0.5071346457193194,0.19538863841444254,0.08483786415308714,0.5040684002401694,39,35,1600,148259,1374.66015625
outer_fold,fold2_seed01_P8_C200_logistic_regression,2,1,8,200,logistic_regression,coarse,0.9918655865748454,0.9792133857745944,0.027337505482137203,0.04000068735331297,0.9796130906263848,5,5,1600,148259,1356.046875
outer_fold,fold2_seed01_P8_C200_logistic_regression,2,1,8,200,logistic_regression,fine,0.7599133948023391,0.5372206160200178,0.22786911111325026,0.7417486486956477,0.5431050453226982,39,36,1600,148259,1356.046875
outer_fold,fold2_seed02_P8_C200_logistic_regression,2,2,8,200,logistic_regression,coarse,0.988391935734087,0.9806310225301417,0.10137986578047276,0.1366927558556199,0.9763594867916476,5,5,1600,148259,1363.7734375
outer_fold,fold2_seed02_P8_C200_logistic_regression,2,2,8,200,logistic_regression,fine,0.7751030291584322,0.5332956213191457,0.5624413443729281,0.19981586560606956,0.5409747804576831,39,37,1600,148259,1363.7734375
outer_fold,fold2_seed03_P8_C200_logistic_regression,2,3,8,200,logistic_regression,coarse,0.9901051538186552,0.9837945546870618,0.05377446673810482,0.07312991842627525,0.9762554194609592,5,5,1600,148259,1322.50390625
outer_fold,fold2_seed03_P8_C200_logistic_regression,2,3,8,200,logistic_regression,fine,0.7757640345611396,0.5531680702306383,0.4354711202904582,0.1650498230010271,0.5573119832050061,39,37,1600,148259,1322.50390625
outer_fold,fold2_seed04_P8_C200_logistic_regression,2,4,8,200,logistic_regression,coarse,0.9876365009881356,0.9810159822373536,0.07386808004230261,0.09139120578765869,0.9775674418148771,5,5,1600,148259,1356.4609375
outer_fold,fold2_seed04_P8_C200_logistic_regression,2,4,8,200,logistic_regression,fine,0.7809036888148443,0.5288794247306924,0.32620297092944384,0.09339965414255857,0.5355046834339294,39,36,1600,148259,1356.4609375
outer_fold,fold2_seed05_P8_C200_logistic_regression,2,5,8,200,logistic_regression,coarse,0.989025961324439,0.9830023282555693,0.024591656401753426,0.045255621895194054,0.9683764903616087,5,5,1600,148259,1332.53515625
outer_fold,fold2_seed05_P8_C200_logistic_regression,2,5,8,200,logistic_regression,fine,0.7635151997517857,0.5397602247783311,0.20943990256637335,0.08403822127729654,0.5373550351333579,39,36,1600,148259,1332.53515625
outer_fold,fold2_seed06_P8_C200_logistic_regression,2,6,8,200,logistic_regression,coarse,0.9890327062775278,0.9852828182647609,0.022403611801564693,0.10628572944551706,0.9563101740872415,5,5,1600,148259,1375.71875
outer_fold,fold2_seed06_P8_C200_logistic_regression,2,6,8,200,logistic_regression,fine,0.7741924604914373,0.5461287287051971,0.41500535141676664,0.16089181695133448,0.5288994061109655,39,37,1600,148259,1375.71875
outer_fold,fold2_seed07_P8_C200_logistic_regression,2,7,8,200,logistic_regression,coarse,0.9916767278883576,0.9797651383186748,0.030309081077575684,0.04215716663748026,0.9778557514526562,5,5,1600,148259,1365.28125
outer_fold,fold2_seed07_P8_C200_logistic_regression,2,7,8,200,logistic_regression,fine,0.7642369097322929,0.5363248248200849,0.21264733001589775,0.0900765135884285,0.5353629354297236,39,37,1600,148259,1365.28125
outer_fold,fold2_seed08_P8_C200_logistic_regression,2,8,8,200,logistic_regression,coarse,0.9925400818837306,0.9879172187028269,0.026540515944361687,0.040381246246397495,0.979323726663524,5,5,1600,148259,1362.125
outer_fold,fold2_seed08_P8_C200_logistic_regression,2,8,8,200,logistic_regression,fine,0.7796626174464957,0.5492776362024704,0.1913288375362754,0.08369072340428829,0.5355960699964896,39,37,1600,148259,1362.125
outer_fold,fold2_seed09_P8_C200_logistic_regression,2,9,8,200,logistic_regression,coarse,0.9913529701400927,0.9875833431671467,0.06622505187988281,0.0827918304130435,0.9726081720762443,5,5,1600,148259,1357.2578125
outer_fold,fold2_seed09_P8_C200_logistic_regression,2,9,8,200,logistic_regression,fine,0.7725332020315798,0.5447459158769198,0.21081613656133413,0.07641612458974123,0.5482297944340049,39,36,1600,148259,1357.2578125
outer_fold,fold2_seed10_P8_C200_logistic_regression,2,10,8,200,logistic_regression,coarse,0.9873329780991373,0.9814768078942713,0.029732481576502323,0.04063752852380276,0.9737440363602282,5,5,1600,148259,1359.9375
outer_fold,fold2_seed10_P8_C200_logistic_regression,2,10,8,200,logistic_regression,fine,0.7752918878449201,0.5338951306838513,0.18009652197360992,0.07872236613184214,0.5468585225501185,39,36,1600,148259,1359.9375
outer_fold,fold2_seed11_P8_C200_logistic_regression,2,11,8,200,logistic_regression,coarse,0.9925468268368194,0.9838783237859969,0.02051654551178217,0.041896646842360497,0.9798497493014494,5,5,1600,148259,1357.78125
outer_fold,fold2_seed11_P8_C200_logistic_regression,2,11,8,200,logistic_regression,fine,0.7550098139067443,0.5317991617887109,0.23429856915026903,0.08768068719655275,0.538322706503307,39,37,1600,148259,1357.78125
outer_fold,fold2_seed12_P8_C200_logistic_regression,2,12,8,200,logistic_regression,coarse,0.9920072305897113,0.982935633279357,0.021755103021860123,0.04151320457458496,0.9692351446519328,5,5,1600,148259,1353.08203125
outer_fold,fold2_seed12_P8_C200_logistic_regression,2,12,8,200,logistic_regression,fine,0.7826506316648568,0.5264607706501121,0.18993001244962215,0.07985689956694841,0.5287951319369295,39,36,1600,148259,1353.08203125
outer_fold,fold2_seed13_P8_C200_logistic_regression,2,13,8,200,logistic_regression,coarse,0.9921016599329552,0.9814603871326169,0.0635977704077959,0.10690701566636562,0.9802148590186356,5,5,1600,148259,1355.3203125
outer_fold,fold2_seed13_P8_C200_logistic_regression,2,13,8,200,logistic_regression,fine,0.7575189364557969,0.4992426517768227,0.19679076224565506,0.08447061572223902,0.4979047661878342,39,35,1600,148259,1355.3203125
outer_fold,fold2_seed14_P8_C200_logistic_regression,2,14,8,200,logistic_regression,coarse,0.9736002536102362,0.9804668863315256,0.03746531344950199,0.04151604883372784,0.9561813051661933,5,5,1600,148259,1353.34375
outer_fold,fold2_seed14_P8_C200_logistic_regression,2,14,8,200,logistic_regression,fine,0.7628407044429006,0.5621645866945862,0.1946148034185171,0.08528161700814962,0.5469930534735745,39,37,1600,148259,1353.34375
outer_fold,fold2_seed15_P8_C200_logistic_regression,2,15,8,200,logistic_regression,coarse,0.9896397520555245,0.8768829494940166,0.02283505629748106,0.09641500376164913,0.9065988532977766,5,5,1600,148259,1363.59765625
outer_fold,fold2_seed15_P8_C200_logistic_regression,2,15,8,200,logistic_regression,fine,0.7660175773477496,0.47886349959218094,0.19382436387240887,0.10072916373610497,0.4828173275980987,39,34,1600,148259,1363.59765625
outer_fold,fold2_seed16_P8_C200_logistic_regression,2,16,8,200,logistic_regression,coarse,0.9906177702534079,0.9806557861672157,0.05888495594263077,0.08967412170022726,0.9764227538723496,5,5,1600,148259,1374.66015625
outer_fold,fold2_seed16_P8_C200_logistic_regression,2,16,8,200,logistic_regression,fine,0.7821717399955483,0.5265091008622966,0.32007769774645567,0.08593493048101664,0.5349976628210816,39,37,1600,148259,1374.66015625
outer_fold,fold2_seed17_P8_C200_logistic_regression,2,17,8,200,logistic_regression,coarse,0.991474379295692,0.9743986745828691,0.024943772703409195,0.041800884529948235,0.9794636996980228,5,5,1600,148259,1356.046875
outer_fold,fold2_seed17_P8_C200_logistic_regression,2,17,8,200,logistic_regression,fine,0.7794400339945635,0.5465331121124573,0.20697691570967436,0.08201408945024014,0.5532629347372363,39,36,1600,148259,1356.046875
outer_fold,fold2_seed18_P8_C200_logistic_regression,2,18,8,200,logistic_regression,coarse,0.983535569510114,0.9730674723154422,0.06093079876154661,0.0921885259449482,0.9565691839668258,5,5,1600,148259,1363.7734375
outer_fold,fold2_seed18_P8_C200_logistic_regression,2,18,8,200,logistic_regression,fine,0.7476982847584295,0.5375072868350573,0.19240080937743187,0.0861399369314313,0.5257808565389399,39,38,1600,148259,1363.7734375
outer_fold,fold2_seed19_P8_C200_logistic_regression,2,19,8,200,logistic_regression,coarse,0.9839807364139782,0.962174298184231,0.030892430804669857,0.03954198304563761,0.9464873975234551,5,5,1600,148259,1322.50390625
outer_fold,fold2_seed19_P8_C200_logistic_regression,2,19,8,200,logistic_regression,fine,0.7634949648925192,0.5272049678541234,0.4191497378051281,0.18053175322711468,0.5230911673534292,39,36,1600,148259,1322.50390625
outer_fold,fold2_seed00_P8_C400_logistic_regression,2,0,8,400,logistic_regression,coarse,0.9918655865748454,0.9800195037179142,0.04232058022171259,0.04369072522968054,0.9789288465326488,5,5,3200,148259,1356.4609375
outer_fold,fold2_seed00_P8_C400_logistic_regression,2,0,8,400,logistic_regression,fine,0.7701454886381265,0.554838517293221,0.5104196928441525,0.08584479708224535,0.5576263831417317,39,36,3200,148259,1356.4609375
outer_fold,fold2_seed01_P8_C400_logistic_regression,2,1,8,400,logistic_regression,coarse,0.9921893443231102,0.9837338266867481,0.05079745315015316,0.04775020573288202,0.9776340365928178,5,5,3200,148259,1332.53515625
outer_fold,fold2_seed01_P8_C400_logistic_regression,2,1,8,400,logistic_regression,fine,0.7787655386856784,0.5729878696841264,0.566184020601213,0.08596359472721815,0.5772455002589022,39,36,3200,148259,1332.53515625
outer_fold,fold2_seed02_P8_C400_logistic_regression,2,2,8,400,logistic_regression,coarse,0.985215062829238,0.9845081030674201,0.05881160497665405,0.040268346667289734,0.972339169815117,5,5,3200,148259,1375.71875
outer_fold,fold2_seed02_P8_C400_logistic_regression,2,2,8,400,logistic_regression,fine,0.7548884047511449,0.5492079758781276,0.5522825000807643,0.08290207479149103,0.5470900610409194,39,37,3200,148259,1375.71875
outer_fold,fold2_seed03_P8_C400_logistic_regression,2,3,8,400,logistic_regression,coarse,0.9824901017813421,0.9828512067585983,0.11232779733836651,0.10735233966261148,0.966972838088415,5,5,3200,148259,1365.28125
outer_fold,fold2_seed03_P8_C400_logistic_regression,2,3,8,400,logistic_regression,fine,0.7665301937825022,0.5728566706780583,0.5698305638507009,0.08486795797944069,0.5759561775886388,39,39,3200,148259,1365.28125
outer_fold,fold2_seed04_P8_C400_logistic_regression,2,4,8,400,logistic_regression,coarse,0.9861526113085883,0.9796965250586911,0.054868449456989765,0.04213469289243221,0.9698231715828776,5,5,3200,148259,1362.125
outer_fold,fold2_seed04_P8_C400_logistic_regression,2,4,8,400,logistic_regression,fine,0.778104533282971,0.5760853950582827,0.35672797355800867,0.08029257971793413,0.5798147907926613,39,37,3200,148259,1362.125
outer_fold,fold2_seed05_P8_C400_logistic_regression,2,5,8,400,logistic_regression,coarse,0.9894239135566812,0.9884950259294871,0.05023396201431751,0.04010504391044378,0.9617195874771038,5,5,3200,148259,1357.2578125
outer_fold,fold2_seed05_P8_C400_logistic_regression,2,5,8,400,logistic_regression,fine,0.7597852406936509,0.5902336598772118,0.5788174783810973,0.081798005849123,0.5700471683224246,39,39,3200,148259,1357.2578125
outer_fold,fold2_seed06_P8_C400_logistic_regression,2,6,8,400,logistic_regression,coarse,0.9909685078140281,0.9834480628314021,0.07169011048972607,0.09059379436075687,0.9663395482630086,5,5,3200,148259,1359.9375
outer_fold,fold2_seed06_P8_C400_logistic_regression,2,6,8,400,logistic_regression,fine,0.7706176353543461,0.5893042664994238,0.9484820822253823,0.17934113647788763,0.57659508015563,39,38,3200,148259,1359.9375
outer_fold,fold2_seed07_P8_C400_logistic_regression,2,7,8,400,logistic_regression,coarse,0.9913664600462704,0.9843090601275064,0.051226332783699036,0.04367108643054962,0.9742560533236508,5,5,3200,148259,1357.78125
outer_fold,fold2_seed07_P8_C400_logistic_regression,2,7,8,400,logistic_regression,fine,0.7501804274951268,0.5759677448269007,0.6174418516457081,0.08857177849858999,0.5734746672809133,39,37,3200,148259,1357.78125
outer_fold,fold2_seed08_P8_C400_logistic_regression,2,8,8,400,logistic_regression,coarse,0.9908673335176954,0.9861615086832394,0.05526455119252205,0.041854375042021275,0.9776619537078405,5,5,3200,148259,1353.08203125
outer_fold,fold2_seed08_P8_C400_logistic_regression,2,8,8,400,logistic_regression,fine,0.7731267579033988,0.586816534217724,0.5131238400936127,0.0835098223760724,0.5755764850161135,39,38,3200,148259,1353.08203125
outer_fold,fold2_seed09_P8_C400_logistic_regression,2,9,8,400,logistic_regression,coarse,0.9892687796356376,0.9890500612138698,0.12747474666684866,0.09361188020557165,0.9749880649682181,5,5,3200,148259,1355.3203125
outer_fold,fold2_seed09_P8_C400_logistic_regression,2,9,8,400,logistic_regression,fine,0.7756021556870072,0.6058876252688778,0.8811458107084036,0.147189574316144,0.594854247096351,39,39,3200,148259,1355.3203125
outer_fold,fold2_seed10_P8_C400_logistic_regression,2,10,8,400,logistic_regression,coarse,0.9904828711916308,0.9856156099688625,0.044139656238257885,0.0460761459544301,0.9792364472299919,5,5,3200,148259,1353.34375
outer_fold,fold2_seed10_P8_C400_logistic_regression,2,10,8,400,logistic_regression,fine,0.7723106185796478,0.5750257477938825,0.39649217762053013,0.07352895382791758,0.580961211025388,39,37,3200,148259,1353.34375
outer_fold,fold2_seed11_P8_C400_logistic_regression,2,11,8,400,logistic_regression,coarse,0.9888371026379511,0.9820644722109613,0.11112964898347855,0.07256254181265831,0.9735124311869516,5,5,3200,148259,1363.59765625
outer_fold,fold2_seed11_P8_C400_logistic_regression,2,11,8,400,logistic_regression,fine,0.7493710331244646,0.5762702415491805,0.8607435068115592,0.1656381208449602,0.5742076232652119,39,37,3200,148259,1363.59765625
outer_fold,fold2_seed12_P8_C400_logistic_regression,2,12,8,400,logistic_regression,coarse,0.9891001558084164,0.9870103914511535,0.1495344340801239,0.06895583868026733,0.9745132189989787,5,5,3200,148259,1374.66015625
outer_fold,fold2_seed12_P8_C400_logistic_regression,2,12,8,400,logistic_regression,fine,0.7777672856285285,0.5894475019780014,0.8307925704866648,0.09195417631417513,0.5842111468658135,39,39,3200,148259,1374.66015625
outer_fold,fold2_seed13_P8_C400_logistic_regression,2,13,8,400,logistic_regression,coarse,0.9919060562933785,0.9812912227659654,0.16229290794581175,0.07814046647399664,0.9791350535895349,5,5,3200,148259,1356.046875
outer_fold,fold2_seed13_P8_C400_logistic_regression,2,13,8,400,logistic_regression,fine,0.7642031849668486,0.5401774224427265,0.705070230178535,0.3742645001038909,0.5397828755097541,39,35,3200,148259,1356.046875
outer_fold,fold2_seed14_P8_C400_logistic_regression,2,14,8,400,logistic_regression,coarse,0.974558036948853,0.9806309893520643,0.0523979626595974,0.04077464248985052,0.9521546478271693,5,5,3200,148259,1363.7734375
outer_fold,fold2_seed14_P8_C400_logistic_regression,2,14,8,400,logistic_regression,fine,0.7517317667055625,0.5762236049379575,1.0891548972576857,0.18055462650954723,0.5562221415989711,39,37,3200,148259,1363.7734375
outer_fold,fold2_seed15_P8_C400_logistic_regression,2,15,8,400,logistic_regression,coarse,0.9883851907809981,0.8790975345600053,0.042407370172441006,0.042374540120363235,0.906229445106429,5,5,3200,148259,1322.50390625
outer_fold,fold2_seed15_P8_C400_logistic_regression,2,15,8,400,logistic_regression,fine,0.7535798838519078,0.5163924328665894,0.8496959572657943,0.17255586758255959,0.5119789166796025,39,34,3200,148259,1322.50390625
outer_fold,fold2_seed16_P8_C400_logistic_regression,2,16,8,400,logistic_regression,coarse,0.991474379295692,0.9819509601128871,0.0962240993976593,0.07466432824730873,0.9740931833282535,5,5,3200,148259,1356.4609375
outer_fold,fold2_seed16_P8_C400_logistic_regression,2,16,8,400,logistic_regression,fine,0.7743206146001255,0.5525128289255852,0.9060357445850968,0.08361172396689653,0.5562500288020262,39,37,3200,148259,1356.4609375
outer_fold,fold2_seed17_P8_C400_logistic_regression,2,17,8,400,logistic_regression,coarse,0.990159113443366,0.9860473107975691,0.05379846319556236,0.041161419823765755,0.9793117389368653,5,5,3200,148259,1332.53515625
outer_fold,fold2_seed17_P8_C400_logistic_regression,2,17,8,400,logistic_regression,fine,0.7828799600698777,0.585584021586117,0.9763842290267348,0.14685877040028572,0.5845673443041716,39,36,3200,148259,1332.53515625
outer_fold,fold2_seed18_P8_C400_logistic_regression,2,18,8,400,logistic_regression,coarse,0.9862942553234543,0.9807834970960684,0.0914450865238905,0.07028409093618393,0.9612207440750339,5,5,3200,148259,1375.71875
outer_fold,fold2_seed18_P8_C400_logistic_regression,2,18,8,400,logistic_regression,fine,0.7502478770260153,0.5817979849641144,0.8568400917574763,0.15943855792284012,0.5646903899242337,39,38,3200,148259,1375.71875
outer_fold,fold2_seed19_P8_C400_logistic_regression,2,19,8,400,logistic_regression,coarse,0.984216809772088,0.9609360970595555,0.06122106220573187,0.05522635392844677,0.9574931513360443,5,5,3200,148259,1365.28125
outer_fold,fold2_seed19_P8_C400_logistic_regression,2,19,8,400,logistic_regression,fine,0.7609521175780223,0.5543153677462042,0.4438305888324976,0.07536561507731676,0.5480275169766828,39,36,3200,148259,1365.28125
outer_fold,fold2_seed00_P8_C800_logistic_regression,2,0,8,800,logistic_regression,coarse,0.9829959732630059,0.9744680511159916,0.22227403055876493,0.0418311795219779,0.9709802983922289,5,5,6400,148259,1362.125
outer_fold,fold2_seed00_P8_C800_logistic_regression,2,0,8,800,logistic_regression,fine,0.7701117638726823,0.5871906679793373,1.407290698029101,0.08627093303948641,0.588412236347457,39,38,6400,148259,1362.125
outer_fold,fold2_seed01_P8_C800_logistic_regression,2,1,8,800,logistic_regression,coarse,0.9899837446630558,0.981813791229933,0.2739445362240076,0.07371733523905277,0.9753782782892395,5,5,6400,148259,1357.2578125
outer_fold,fold2_seed01_P8_C800_logistic_regression,2,1,8,800,logistic_regression,fine,0.7702264280751927,0.5990691666459157,2.2237994093447924,0.08799143228679895,0.6010057899310446,39,37,6400,148259,1357.2578125
outer_fold,fold2_seed02_P8_C800_logistic_regression,2,2,8,800,logistic_regression,coarse,0.9743421984500098,0.9739989456363369,0.2916293740272522,0.09545894805341959,0.9645417256221969,5,5,6400,148259,1359.9375
outer_fold,fold2_seed02_P8_C800_logistic_regression,2,2,8,800,logistic_regression,fine,0.7276185594129193,0.583873767409016,2.679662977345288,0.08218020759522915,0.5672294728456416,39,38,6400,148259,1359.9375
outer_fold,fold2_seed03_P8_C800_logistic_regression,2,3,8,800,logistic_regression,coarse,0.9781800767575661,0.9813423884084933,0.09778391849249601,0.04362090118229389,0.9700434190777141,5,5,6400,148259,1357.78125
outer_fold,fold2_seed03_P8_C800_logistic_regression,2,3,8,800,logistic_regression,fine,0.7486358332377798,0.6140566002197552,1.5588095262646675,0.09804085176438093,0.6036250903286329,39,39,6400,148259,1357.78125
outer_fold,fold2_seed04_P8_C800_logistic_regression,2,4,8,800,logistic_regression,coarse,0.9857951287948792,0.981963636156801,0.2527110818773508,0.09508720226585865,0.9708573612790546,5,5,6400,148259,1353.08203125
outer_fold,fold2_seed04_P8_C800_logistic_regression,2,4,8,800,logistic_regression,fine,0.7630700328479215,0.6045254516312728,1.9001288497820497,0.08654025476425886,0.5972658210891365,39,38,6400,148259,1353.08203125
outer_fold,fold2_seed05_P8_C800_logistic_regression,2,5,8,800,logistic_regression,coarse,0.9819572504873229,0.9845616723948588,0.13862151373177767,0.042645606212317944,0.9629821166721358,5,5,6400,148259,1355.3203125
outer_fold,fold2_seed05_P8_C800_logistic_regression,2,5,8,800,logistic_regression,fine,0.7388556512589455,0.6045827090505548,1.3573587657883763,0.09056955948472023,0.576291690310546,39,39,6400,148259,1355.3203125
outer_fold,fold2_seed06_P8_C800_logistic_regression,2,6,8,800,logistic_regression,coarse,0.9923444782441538,0.9856060680340114,0.06484803557395935,0.04162841569632292,0.9704688803330225,5,5,6400,148259,1353.34375
outer_fold,fold2_seed06_P8_C800_logistic_regression,2,6,8,800,logistic_regression,fine,0.7586723234339905,0.6081691791001607,1.5620917808264494,0.10103101376444101,0.5909639493985942,39,38,6400,148259,1353.34375
outer_fold,fold2_seed07_P8_C800_logistic_regression,2,7,8,800,logistic_regression,coarse,0.9888236127317734,0.9842953118735647,0.2196105932816863,0.07298441138118505,0.972511563904575,5,5,6400,148259,1363.59765625
outer_fold,fold2_seed07_P8_C800_logistic_regression,2,7,8,800,logistic_regression,fine,0.7473677820570758,0.5893429685097542,2.783629602752626,0.08382733631879091,0.5719692081274659,39,37,6400,148259,1363.59765625
outer_fold,fold2_seed08_P8_C800_logistic_regression,2,8,8,800,logistic_regression,coarse,0.9872655285682488,0.9857394653743189,0.23806026298552752,0.039821820333600044,0.9724430357643918,5,5,6400,148259,1374.66015625
outer_fold,fold2_seed08_P8_C800_logistic_regression,2,8,8,800,logistic_regression,fine,0.77370682386904,0.6082368935947293,2.2705838810652494,0.11877567134797573,0.5900600845985238,39,39,6400,148259,1374.66015625
outer_fold,fold2_seed09_P8_C800_logistic_regression,2,9,8,800,logistic_regression,coarse,0.9895655575715471,0.9895868142780628,0.10119385831058025,0.042931342497467995,0.974209964672658,5,5,6400,148259,1356.046875
outer_fold,fold2_seed09_P8_C800_logistic_regression,2,9,8,800,logistic_regression,fine,0.7625911411786132,0.6275528620932245,1.522181368432939,0.08949287235736847,0.6206187649867342,39,39,6400,148259,1356.046875
outer_fold,fold2_seed10_P8_C800_logistic_regression,2,10,8,800,logistic_regression,coarse,0.9871643542719161,0.984323751884224,0.0849654246121645,0.041628286242485046,0.9729677608219445,5,5,6400,148259,1363.7734375
outer_fold,fold2_seed10_P8_C800_logistic_regression,2,10,8,800,logistic_regression,fine,0.761640102793085,0.6010224331891345,1.275027072057128,0.07934209145605564,0.5954758351373092,39,38,6400,148259,1363.7734375
outer_fold,fold2_seed11_P8_C800_logistic_regression,2,11,8,800,logistic_regression,coarse,0.9900242143815889,0.9837964747948377,0.11933703999966383,0.03956506680697203,0.9766481833095618,5,5,6400,148259,1322.50390625
outer_fold,fold2_seed11_P8_C800_logistic_regression,2,11,8,800,logistic_regression,fine,0.7301546617743273,0.6044351849281423,2.550969872623682,0.1897312542423606,0.5892283495116354,39,37,6400,148259,1322.50390625
outer_fold,fold2_seed12_P8_C800_logistic_regression,2,12,8,800,logistic_regression,coarse,0.9863819397136093,0.9871620974760444,0.17923568934202194,0.0852801026776433,0.9691996418753497,5,5,6400,148259,1356.4609375
outer_fold,fold2_seed12_P8_C800_logistic_regression,2,12,8,800,logistic_regression,fine,0.7649855995251553,0.5946377865085136,3.2020564628764987,0.3754379618912935,0.5800210214868289,39,39,6400,148259,1356.4609375
outer_fold,fold2_seed13_P8_C800_logistic_regression,2,13,8,800,logistic_regression,coarse,0.9911978362190491,0.9877168962249832,0.08901871461421251,0.04026517178863287,0.9788072761264873,5,5,6400,148259,1332.53515625
outer_fold,fold2_seed13_P8_C800_logistic_regression,2,13,8,800,logistic_regression,fine,0.7692956245489313,0.6047958610110201,2.6116755940020084,0.16452683228999376,0.5921197460689712,39,38,6400,148259,1332.53515625
outer_fold,fold2_seed14_P8_C800_logistic_regression,2,14,8,800,logistic_regression,coarse,0.9767568916558186,0.9817007637999418,0.08574581053107977,0.043856232427060604,0.9606266323551189,5,5,6400,148259,1375.71875
outer_fold,fold2_seed14_P8_C800_logistic_regression,2,14,8,800,logistic_regression,fine,0.7404069904693813,0.6085833230884992,1.4540576953440905,0.0909612039104104,0.5782659610518718,39,38,6400,148259,1375.71875
outer_fold,fold2_seed15_P8_C800_logistic_regression,2,15,8,800,logistic_regression,coarse,0.9862740204641877,0.9706192494319088,0.12454059720039368,0.038415239192545414,0.9675948120811038,5,5,6400,148259,1365.28125
outer_fold,fold2_seed15_P8_C800_logistic_regression,2,15,8,800,logistic_regression,fine,0.7419043700551062,0.5798767545352277,1.5202377988025546,0.08494462352246046,0.5684849649120515,39,37,6400,148259,1365.28125
outer_fold,fold2_seed16_P8_C800_logistic_regression,2,16,8,800,logistic_regression,coarse,0.99142716462407,0.9854217902820741,0.07718606293201447,0.040391530841588974,0.9764321923648343,5,5,6400,148259,1362.125
outer_fold,fold2_seed16_P8_C800_logistic_regression,2,16,8,800,logistic_regression,fine,0.7601292333011824,0.5939186810631478,2.214531513862312,0.16602982580661774,0.5819279470339018,39,37,6400,148259,1362.125
outer_fold,fold2_seed17_P8_C800_logistic_regression,2,17,8,800,logistic_regression,coarse,0.9892215649640157,0.9833313654001319,0.22886237408965826,0.0853113504126668,0.9757420158815979,5,5,6400,148259,1357.2578125
outer_fold,fold2_seed17_P8_C800_logistic_regression,2,17,8,800,logistic_regression,fine,0.7819289216843497,0.5994969030172553,2.2178784012794495,0.1809642892330885,0.5980098977547772,39,38,6400,148259,1357.2578125
outer_fold,fold2_seed18_P8_C800_logistic_regression,2,18,8,800,logistic_regression,coarse,0.9834883548384921,0.9822778522126644,0.21038211975246668,0.07594192586839199,0.968116777278877,5,5,6400,148259,1359.9375
outer_fold,fold2_seed18_P8_C800_logistic_regression,2,18,8,800,logistic_regression,fine,0.7436175881396745,0.597333785337501,1.7867438336834311,0.09075327403843403,0.5771986944859324,39,38,6400,148259,1359.9375
outer_fold,fold2_seed19_P8_C800_logistic_regression,2,19,8,800,logistic_regression,coarse,0.982948758591384,0.9782835681067844,0.1338533479720354,0.042583041824400425,0.9602667829039836,5,5,6400,148259,1357.78125
outer_fold,fold2_seed19_P8_C800_logistic_regression,2,19,8,800,logistic_regression,fine,0.7671844542321208,0.60471816998176,1.7573494389653206,0.09401946980506182,0.5979861542850903,39,38,6400,148259,1357.78125
outer_fold,fold2_seed00_P8_C1600_logistic_regression,2,0,8,1600,logistic_regression,coarse,0.97668944212493,0.9779605376476216,0.25003543868660927,0.04219891782850027,0.9689103882586256,5,5,12800,148259,1353.08203125
outer_fold,fold2_seed00_P8_C1600_logistic_regression,2,0,8,1600,logistic_regression,fine,0.7499578440431947,0.6371297300239911,5.339121623896062,0.08801941387355328,0.6070986624629061,39,39,12800,148259,1353.08203125
outer_fold,fold2_seed01_P8_C1600_logistic_regression,2,1,8,1600,logistic_regression,coarse,0.9844124134116647,0.9828079292271609,0.6025841347873211,0.08945576660335064,0.9767761143883315,5,5,12800,148259,1355.3203125
outer_fold,fold2_seed01_P8_C1600_logistic_regression,2,1,8,1600,logistic_regression,fine,0.7631172475195435,0.6578769101761854,4.837838520295918,0.08704143483191729,0.6387813858706685,39,38,12800,148259,1355.3203125
outer_fold,fold2_seed02_P8_C1600_logistic_regression,2,2,8,1600,logistic_regression,coarse,0.977188568653505,0.9816376272596322,0.39278529584407806,0.039585026912391186,0.9694304588672988,5,5,12800,148259,1353.34375
outer_fold,fold2_seed02_P8_C1600_logistic_regression,2,2,8,1600,logistic_regression,fine,0.7157879116950742,0.6339461299664391,6.396253170445561,0.09335075132548809,0.5960004295815876,39,39,12800,148259,1353.34375
outer_fold,fold2_seed03_P8_C1600_logistic_regression,2,3,8,1600,logistic_regression,coarse,0.9738430719214348,0.9762521882861032,0.20199714321643114,0.0409690635278821,0.9626091927563454,5,5,12800,148259,1363.59765625
outer_fold,fold2_seed03_P8_C1600_logistic_regression,2,3,8,1600,logistic_regression,fine,0.72150763191442,0.6484559615463986,5.332353631965816,0.09646647144109011,0.6098808973011072,39,39,12800,148259,1363.59765625
outer_fold,fold2_seed04_P8_C1600_logistic_regression,2,4,8,1600,logistic_regression,coarse,0.985444391234259,0.9796145526752582,0.26721348986029625,0.0414183447137475,0.9600411287975955,5,5,12800,148259,1374.66015625
outer_fold,fold2_seed04_P8_C1600_logistic_regression,2,4,8,1600,logistic_regression,fine,0.7469293601063005,0.6275072975333246,3.6796392742544413,0.11347754392772913,0.6078524300163709,39,38,12800,148259,1374.66015625
outer_fold,fold2_seed05_P8_C1600_logistic_regression,2,5,8,1600,logistic_regression,coarse,0.9790569206591169,0.9817268053059898,0.2678850805386901,0.0415785126388073,0.9652172953616386,5,5,12800,148259,1356.046875
outer_fold,fold2_seed05_P8_C1600_logistic_regression,2,5,8,1600,logistic_regression,fine,0.744096479808983,0.6552851187767263,5.498883783817291,0.14503678027540445,0.624055067326165,39,39,12800,148259,1356.046875
outer_fold,fold2_seed06_P8_C1600_logistic_regression,2,6,8,1600,logistic_regression,coarse,0.9847024463944853,0.9847914389714225,0.3811479238793254,0.038359979167580605,0.9612000011237478,5,5,12800,148259,1363.7734375
outer_fold,fold2_seed06_P8_C1600_logistic_regression,2,6,8,1600,logistic_regression,fine,0.7572356484260652,0.6406591887179265,5.628319140523672,0.09463449753820896,0.6016930657475498,39,39,12800,148259,1363.7734375
outer_fold,fold2_seed07_P8_C1600_logistic_regression,2,7,8,1600,logistic_regression,coarse,0.988297506390843,0.9835668797460231,0.702434946782887,0.09299095533788204,0.97244163988568,5,5,12800,148259,1322.50390625
outer_fold,fold2_seed07_P8_C1600_logistic_regression,2,7,8,1600,logistic_regression,fine,0.733527138318753,0.6464277655577126,5.7737562116235495,0.08645249344408512,0.6159356839278409,39,39,12800,148259,1322.50390625
outer_fold,fold2_seed08_P8_C1600_logistic_regression,2,8,8,1600,logistic_regression,coarse,0.9787601427232073,0.9800913952512825,0.5526189412921667,0.0626287842169404,0.9729316667784982,5,5,12800,148259,1356.4609375
outer_fold,fold2_seed08_P8_C1600_logistic_regression,2,8,8,1600,logistic_regression,fine,0.7516575722215852,0.6371033971222362,5.87954300455749,0.0917786555364728,0.6155320919686795,39,39,12800,148259,1356.4609375
outer_fold,fold2_seed09_P8_C1600_logistic_regression,2,9,8,1600,logistic_regression,coarse,0.9878523394869788,0.9876929707028481,0.23815563414245844,0.042586106806993484,0.9728225627244852,5,5,12800,148259,1332.53515625
outer_fold,fold2_seed09_P8_C1600_logistic_regression,2,9,8,1600,logistic_regression,fine,0.7293789921691095,0.6568021699473156,6.879861297085881,0.09392337501049042,0.6273769893497764,39,39,12800,148259,1332.53515625
outer_fold,fold2_seed10_P8_C1600_logistic_regression,2,10,8,1600,logistic_regression,coarse,0.984351708833865,0.9792572289006788,0.2058155434206128,0.03934240434318781,0.962754719857599,5,5,12800,148259,1375.71875
outer_fold,fold2_seed10_P8_C1600_logistic_regression,2,10,8,1600,logistic_regression,fine,0.7505513999150136,0.6441618594971094,4.540108141489327,0.09343982394784689,0.6194692818748325,39,38,12800,148259,1375.71875
outer_fold,fold2_seed11_P8_C1600_logistic_regression,2,11,8,1600,logistic_regression,coarse,0.98626053055801,0.9816021197771105,0.2532605919986963,0.040826890617609024,0.9775500784443079,5,5,12800,148259,1365.28125
outer_fold,fold2_seed11_P8_C1600_logistic_regression,2,11,8,1600,logistic_regression,fine,0.7236525269966747,0.6372905277905444,5.793042725883424,0.08743853587657213,0.6094102129566588,39,37,12800,148259,1365.28125
outer_fold,fold2_seed12_P8_C1600_logistic_regression,2,12,8,1600,logistic_regression,coarse,0.9847429161130185,0.9851762052023554,0.41170726902782917,0.06529150810092688,0.9728555991136393,5,5,12800,148259,1362.125
outer_fold,fold2_seed12_P8_C1600_logistic_regression,2,12,8,1600,logistic_regression,fine,0.7508414328978342,0.6251250679717034,6.396665442734957,0.09767775051295757,0.5964278135523946,39,39,12800,148259,1362.125
outer_fold,fold2_seed13_P8_C1600_logistic_regression,2,13,8,1600,logistic_regression,coarse,0.9859165379504785,0.9859148736262299,0.4521373575553298,0.07414225954562426,0.9672501709991377,5,5,12800,148259,1357.2578125
outer_fold,fold2_seed13_P8_C1600_logistic_regression,2,13,8,1600,logistic_regression,fine,0.746632582170391,0.6291480444077896,5.9458933947607875,0.09009155631065369,0.6028021945923224,39,39,12800,148259,1357.2578125
outer_fold,fold2_seed14_P8_C1600_logistic_regression,2,14,8,1600,logistic_regression,coarse,0.9603396758375545,0.9724373230383714,0.5910153845325112,0.07614337746053934,0.9485001621105376,5,5,12800,148259,1359.9375
outer_fold,fold2_seed14_P8_C1600_logistic_regression,2,14,8,1600,logistic_regression,fine,0.716381467566893,0.658676218424695,6.855642560869455,0.08273435477167368,0.6080625607333896,39,39,12800,148259,1359.9375
outer_fold,fold2_seed15_P8_C1600_logistic_regression,2,15,8,1600,logistic_regression,coarse,0.9868001268051181,0.9832857446938723,0.3056287905201316,0.05090885981917381,0.9722446838210519,5,5,12800,148259,1357.78125
outer_fold,fold2_seed15_P8_C1600_logistic_regression,2,15,8,1600,logistic_regression,fine,0.7261009449679278,0.6292253233030399,6.022502885200083,0.10305214207619429,0.594577649294728,39,38,12800,148259,1357.78125
outer_fold,fold2_seed16_P8_C1600_logistic_regression,2,16,8,1600,logistic_regression,coarse,0.9875623065041582,0.9815479468811242,0.2691297894343734,0.04080140125006437,0.9638059775474535,5,5,12800,148259,1353.08203125
outer_fold,fold2_seed16_P8_C1600_logistic_regression,2,16,8,1600,logistic_regression,fine,0.7370952185027553,0.6189325682130926,5.788844609633088,0.08453773707151413,0.5917480652908123,39,38,12800,148259,1353.08203125
outer_fold,fold2_seed17_P8_C1600_logistic_regression,2,17,8,1600,logistic_regression,coarse,0.9884324054526201,0.9855563222512511,0.25717890076339245,0.04099629260599613,0.9746480704401448,5,5,12800,148259,1355.3203125
outer_fold,fold2_seed17_P8_C1600_logistic_regression,2,17,8,1600,logistic_regression,fine,0.7599471195677834,0.6225205005690825,10.288665046915412,0.15930288564413786,0.6036593494546096,39,38,12800,148259,1355.3203125
outer_fold,fold2_seed18_P8_C1600_logistic_regression,2,18,8,1600,logistic_regression,coarse,0.9773369576214598,0.9792162345911579,0.26726778969168663,0.039941648952662945,0.9667904307193534,5,5,12800,148259,1353.34375
outer_fold,fold2_seed18_P8_C1600_logistic_regression,2,18,8,1600,logistic_regression,fine,0.7142230825784607,0.6175795285891691,5.566712278872728,0.08790260832756758,0.5784206155211018,39,38,12800,148259,1353.34375
outer_fold,fold2_seed19_P8_C1600_logistic_regression,2,19,8,1600,logistic_regression,coarse,0.9820516798305667,0.9822403392582494,0.2662993650883436,0.043474611826241016,0.9615671805217897,5,5,12800,148259,1363.59765625
outer_fold,fold2_seed19_P8_C1600_logistic_regression,2,19,8,1600,logistic_regression,fine,0.7439615807472059,0.6256081357744159,3.8407805114984512,0.07925354782491922,0.5999421969788085,39,38,12800,148259,1363.59765625
outer_fold,fold2_seed00_P16_C100_logistic_regression,2,0,16,100,logistic_regression,coarse,0.98884384759104,0.9773077445070097,0.029643427580595016,0.040335397236049175,0.97510869116129,5,5,1600,148259,1374.66015625
outer_fold,fold2_seed00_P16_C100_logistic_regression,2,0,16,100,logistic_regression,fine,0.7690258264253772,0.5094684150492651,0.19950726628303528,0.07429677993059158,0.5150940161179338,39,35,1600,148259,1374.66015625
outer_fold,fold2_seed01_P16_C100_logistic_regression,2,1,16,100,logistic_regression,coarse,0.9874543872547367,0.9840855803797451,0.037823718041181564,0.04169701971113682,0.9772962252500944,5,5,1600,148259,1356.046875
outer_fold,fold2_seed01_P16_C100_logistic_regression,2,1,16,100,logistic_regression,fine,0.7587937325895898,0.5467022172621351,0.25268605444580317,0.07742739282548428,0.5493477374929652,39,36,1600,148259,1356.046875
outer_fold,fold2_seed02_P16_C100_logistic_regression,2,2,16,100,logistic_regression,coarse,0.9886212641391079,0.9731129935802605,0.032409096136689186,0.04046041425317526,0.9762697101638491,5,5,1600,148259,1363.7734375
outer_fold,fold2_seed02_P16_C100_logistic_regression,2,2,16,100,logistic_regression,fine,0.7696665969688181,0.5455571321204721,0.17456757090985775,0.07310516107827425,0.542753088334076,39,36,1600,148259,1363.7734375
outer_fold,fold2_seed03_P16_C100_logistic_regression,2,3,16,100,logistic_regression,coarse,0.9918588416217565,0.9863911479859169,0.024237548001110554,0.04082785174250603,0.9814779091467549,5,5,1600,148259,1322.50390625
outer_fold,fold2_seed03_P16_C100_logistic_regression,2,3,16,100,logistic_regression,fine,0.7721352497993377,0.5547743287606122,0.184445234015584,0.07412680704146624,0.5629511043371972,39,36,1600,148259,1322.50390625
outer_fold,fold2_seed04_P16_C100_logistic_regression,2,4,16,100,logistic_regression,coarse,0.9900849189593887,0.9865818442269341,0.032513320446014404,0.04224902391433716,0.979491552277169,5,5,1600,148259,1356.4609375
outer_fold,fold2_seed04_P16_C100_logistic_regression,2,4,16,100,logistic_regression,fine,0.775474001578319,0.5606443969868079,0.17332254257053137,0.08722345437854528,0.5453169376025331,39,37,1600,148259,1356.4609375
outer_fold,fold2_seed05_P16_C100_logistic_regression,2,5,16,100,logistic_regression,coarse,0.9892013301047491,0.9856800128960254,0.03612647484987974,0.041597601026296616,0.976790506389054,5,5,1600,148259,1332.53515625
outer_fold,fold2_seed05_P16_C100_logistic_regression,2,5,16,100,logistic_regression,fine,0.7721554846586042,0.5429100195262274,0.20297570247203112,0.08092670608311892,0.5501652811709371,39,37,1600,148259,1332.53515625
outer_fold,fold2_seed06_P16_C100_logistic_regression,2,6,16,100,logistic_regression,coarse,0.9865910332593637,0.9820759368442026,0.054921037517488,0.06572226155549288,0.9690322507689064,5,5,1600,148259,1375.71875
outer_fold,fold2_seed06_P16_C100_logistic_regression,2,6,16,100,logistic_regression,fine,0.7750085998151883,0.5603448442588278,0.17087507899850607,0.07907123677432537,0.5591934660932428,39,37,1600,148259,1375.71875
outer_fold,fold2_seed07_P16_C100_logistic_regression,2,7,16,100,logistic_regression,coarse,0.9916362581698245,0.9813468811534086,0.026726762764155865,0.041086919605731964,0.9780889798297325,5,5,1600,148259,1365.28125
outer_fold,fold2_seed07_P16_C100_logistic_regression,2,7,16,100,logistic_regression,fine,0.7676566009483404,0.5511639311301701,0.4530957378447056,0.15928614139556885,0.5492572404111111,39,37,1600,148259,1365.28125
outer_fold,fold2_seed08_P16_C100_logistic_regression,2,8,16,100,logistic_regression,coarse,0.9926142763677078,0.986835804780244,0.05909300595521927,0.09210957773029804,0.9840207692192827,5,5,1600,148259,1362.125
outer_fold,fold2_seed08_P16_C100_logistic_regression,2,8,16,100,logistic_regression,fine,0.7751367539238765,0.568280838634738,0.20557143911719322,0.0853809341788292,0.5725170422236749,39,38,1600,148259,1362.125
outer_fold,fold2_seed09_P16_C100_logistic_regression,2,9,16,100,logistic_regression,coarse,0.9912720307030265,0.9897073256702695,0.0317563209682703,0.09812316484749317,0.9722138117711043,5,5,1600,148259,1357.2578125
outer_fold,fold2_seed09_P16_C100_logistic_regression,2,9,16,100,logistic_regression,fine,0.7543622984102145,0.538955430876405,0.29138498939573765,0.08670814614742994,0.5358510893460895,39,37,1600,148259,1357.2578125
outer_fold,fold2_seed10_P16_C100_logistic_regression,2,10,16,100,logistic_regression,coarse,0.9888371026379511,0.9804195171983693,0.023942789062857628,0.0403305497020483,0.9709994837788065,5,5,1600,148259,1359.9375
outer_fold,fold2_seed10_P16_C100_logistic_regression,2,10,16,100,logistic_regression,fine,0.7814365401088635,0.5435051343664447,0.15335837099701166,0.07459330279380083,0.5473491365463063,39,36,1600,148259,1359.9375
outer_fold,fold2_seed11_P16_C100_logistic_regression,2,11,16,100,logistic_regression,coarse,0.9898960602729008,0.9864644528873571,0.06179261580109596,0.09140234440565109,0.9779722559423385,5,5,1600,148259,1357.78125
outer_fold,fold2_seed11_P16_C100_logistic_regression,2,11,16,100,logistic_regression,fine,0.7711774664607207,0.5810975306034586,0.3901976328343153,0.18576339166611433,0.581144720200888,39,38,1600,148259,1357.78125
outer_fold,fold2_seed12_P16_C100_logistic_regression,2,12,16,100,logistic_regression,coarse,0.9920679351675109,0.9830108728967533,0.022549067623913288,0.04192271642386913,0.9761429962463438,5,5,1600,148259,1353.08203125
outer_fold,fold2_seed12_P16_C100_logistic_regression,2,12,16,100,logistic_regression,fine,0.7833588517391862,0.5213748076667497,0.1934567652642727,0.08341023325920105,0.5272058162394696,39,35,1600,148259,1353.08203125
outer_fold,fold2_seed13_P16_C100_logistic_regression,2,13,16,100,logistic_regression,coarse,0.9917711572316015,0.9751727037531218,0.02299017645418644,0.040913050062954426,0.9755495429218957,5,5,1600,148259,1355.3203125
outer_fold,fold2_seed13_P16_C100_logistic_regression,2,13,16,100,logistic_regression,fine,0.7659905975353941,0.5106971013693318,0.20240998920053244,0.0827245507389307,0.5127721494562129,39,35,1600,148259,1355.3203125
outer_fold,fold2_seed14_P16_C100_logistic_regression,2,14,16,100,logistic_regression,coarse,0.992290518619443,0.9889863155493357,0.021422896534204483,0.041982024908065796,0.978639853095679,5,5,1600,148259,1353.34375
outer_fold,fold2_seed14_P16_C100_logistic_regression,2,14,16,100,logistic_regression,fine,0.7734640055578413,0.5510119457470607,0.1960593005642295,0.0824501495808363,0.5379387627646203,39,37,1600,148259,1353.34375
outer_fold,fold2_seed15_P16_C100_logistic_regression,2,15,16,100,logistic_regression,coarse,0.9913866949055369,0.9704940865927897,0.045221228152513504,0.15549989882856607,0.970512060611135,5,5,1600,148259,1363.59765625
outer_fold,fold2_seed15_P16_C100_logistic_regression,2,15,16,100,logistic_regression,fine,0.7705974004950795,0.4930635575975128,0.39165296498686075,0.13531855400651693,0.502651450234144,39,35,1600,148259,1363.59765625
outer_fold,fold2_seed16_P16_C100_logistic_regression,2,16,16,100,logistic_regression,coarse,0.9923782030095981,0.9801834823035959,0.027087021619081497,0.04209093749523163,0.980686645971591,5,5,1600,148259,1374.66015625
outer_fold,fold2_seed16_P16_C100_logistic_regression,2,16,16,100,logistic_regression,fine,0.771211191226165,0.5502850970898729,0.22238619718700647,0.089496367610991,0.5525134851684033,39,37,1600,148259,1374.66015625
outer_fold,fold2_seed17_P16_C100_logistic_regression,2,17,16,100,logistic_regression,coarse,0.9896195171962578,0.977258335793312,0.02645405661314726,0.040609776973724365,0.9777825948839881,5,5,1600,148259,1356.046875
outer_fold,fold2_seed17_P16_C100_logistic_regression,2,17,16,100,logistic_regression,fine,0.7816119088891736,0.5324045372888427,0.24774951580911875,0.08572611026465893,0.5400369249260145,39,36,1600,148259,1356.046875
outer_fold,fold2_seed18_P16_C100_logistic_regression,2,18,16,100,logistic_regression,coarse,0.9912180710783156,0.9822085511828804,0.022894433699548244,0.0395644661039114,0.9719729141988258,5,5,1600,148259,1363.7734375
outer_fold,fold2_seed18_P16_C100_logistic_regression,2,18,16,100,logistic_regression,fine,0.7726478662340903,0.5622802276167637,0.18204051349312067,0.08428856451064348,0.5529893532512319,39,37,1600,148259,1363.7734375
outer_fold,fold2_seed19_P16_C100_logistic_regression,2,19,16,100,logistic_regression,coarse,0.9856265049676579,0.9784446866524773,0.03992175962775946,0.04355640523135662,0.9707018362410423,5,5,1600,148259,1322.50390625
outer_fold,fold2_seed19_P16_C100_logistic_regression,2,19,16,100,logistic_regression,fine,0.7717507874732731,0.5274408105280892,0.15469972416758537,0.07426029443740845,0.5286308486027518,39,36,1600,148259,1322.50390625
outer_fold,fold2_seed00_P16_C200_logistic_regression,2,0,16,200,logistic_regression,coarse,0.9911303866881606,0.985536444537755,0.04724968783557415,0.04033197183161974,0.9775721100984764,5,5,3200,148259,1356.4609375
outer_fold,fold2_seed00_P16_C200_logistic_regression,2,0,16,200,logistic_regression,fine,0.7753188676572754,0.5730107526764785,0.37579943146556616,0.07223079539835453,0.5684914272898766,39,36,3200,148259,1356.4609375
outer_fold,fold2_seed01_P16_C200_logistic_regression,2,1,16,200,logistic_regression,coarse,0.9857816388887015,0.9834581385559279,0.1361206630244851,0.08689344301819801,0.9739263177276445,5,5,3200,148259,1332.53515625
outer_fold,fold2_seed01_P16_C200_logistic_regression,2,1,16,200,logistic_regression,fine,0.7628541943490783,0.6026792888284945,0.55117292329669,0.0784850511699915,0.600498952167892,39,37,3200,148259,1332.53515625
outer_fold,fold2_seed02_P16_C200_logistic_regression,2,2,16,200,logistic_regression,coarse,0.9888978072157508,0.9796425740645232,0.07339509390294552,0.09006786160171032,0.9754964454774468,5,5,3200,148259,1375.71875
outer_fold,fold2_seed02_P16_C200_logistic_regression,2,2,16,200,logistic_regression,fine,0.7717305526140066,0.5674436477633356,0.4877815032377839,0.08676766511052847,0.5649998506244961,39,38,3200,148259,1375.71875
outer_fold,fold2_seed03_P16_C200_logistic_regression,2,3,16,200,logistic_regression,coarse,0.9920949149798663,0.9896212528244016,0.04041880089789629,0.04164532292634249,0.9794542572446572,5,5,3200,148259,1365.28125
outer_fold,fold2_seed03_P16_C200_logistic_regression,2,3,16,200,logistic_regression,fine,0.773025583607066,0.5774366760089704,0.5928217619657516,0.18154378421604633,0.5786115308934877,39,37,3200,148259,1365.28125
outer_fold,fold2_seed04_P16_C200_logistic_regression,2,4,16,200,logistic_regression,coarse,0.9872250588497157,0.986010205213806,0.1560597838833928,0.1460512550547719,0.9796810500395512,5,5,3200,148259,1362.125
outer_fold,fold2_seed04_P16_C200_logistic_regression,2,4,16,200,logistic_regression,fine,0.7735382000418187,0.5792904006690148,0.5844577569514513,0.13707744143903255,0.5780294615197661,39,38,3200,148259,1362.125
outer_fold,fold2_seed05_P16_C200_logistic_regression,2,5,16,200,logistic_regression,coarse,0.9837244281966019,0.9828462329730661,0.06625031866133213,0.042561549693346024,0.9630706318365847,5,5,3200,148259,1357.2578125
outer_fold,fold2_seed05_P16_C200_logistic_regression,2,5,16,200,logistic_regression,fine,0.7770320857418437,0.576345867683039,0.4752750750631094,0.08326575718820095,0.5745639667405454,39,37,3200,148259,1357.2578125
outer_fold,fold2_seed06_P16_C200_logistic_regression,2,6,16,200,logistic_regression,coarse,0.9870834148348498,0.9830636340334099,0.04762856289744377,0.04080925416201353,0.9603893212082835,5,5,3200,148259,1359.9375
outer_fold,fold2_seed06_P16_C200_logistic_regression,2,6,16,200,logistic_regression,fine,0.7623820476328587,0.5708238934435454,0.4147944478318095,0.07909861672669649,0.5585819163110823,39,37,3200,148259,1359.9375
outer_fold,fold2_seed07_P16_C200_logistic_regression,2,7,16,200,logistic_regression,coarse,0.9929380341159727,0.9878868045650562,0.10058907605707645,0.11843714583665133,0.9819839906634973,5,5,3200,148259,1357.78125
outer_fold,fold2_seed07_P16_C200_logistic_regression,2,7,16,200,logistic_regression,fine,0.7509898218657889,0.5989138936783687,0.6366580566391349,0.08307386096566916,0.5937900617441569,39,38,3200,148259,1357.78125
outer_fold,fold2_seed08_P16_C200_logistic_regression,2,8,16,200,logistic_regression,coarse,0.9923512231972427,0.9886399508893764,0.11936917807906866,0.09585557971149683,0.9801021929004031,5,5,3200,148259,1353.08203125
outer_fold,fold2_seed08_P16_C200_logistic_regression,2,8,16,200,logistic_regression,fine,0.774657862254568,0.5963132667155936,1.1397492112591863,0.08980666100978851,0.5973861143079667,39,39,3200,148259,1353.08203125
outer_fold,fold2_seed09_P16_C200_logistic_regression,2,9,16,200,logistic_regression,coarse,0.9901793483026325,0.9892993342566095,0.05052947346121073,0.04207135830074549,0.9724570896983202,5,5,3200,148259,1355.3203125
outer_fold,fold2_seed09_P16_C200_logistic_regression,2,9,16,200,logistic_regression,fine,0.751212405317721,0.5827884887534132,0.4299375107511878,0.07815936487168074,0.5773085342172345,39,37,3200,148259,1355.3203125
outer_fold,fold2_seed10_P16_C200_logistic_regression,2,10,16,200,logistic_regression,coarse,0.9904356565200089,0.982526976714273,0.04290028568357229,0.041755507700145245,0.974195868622345,5,5,3200,148259,1353.34375
outer_fold,fold2_seed10_P16_C200_logistic_regression,2,10,16,200,logistic_regression,fine,0.7765464491194464,0.5697022946774027,0.41005443315953016,0.080470385029912,0.5730217015548636,39,36,3200,148259,1353.34375
outer_fold,fold2_seed11_P16_C200_logistic_regression,2,11,16,200,logistic_regression,coarse,0.9908066289398957,0.9878197060303897,0.04390003811568022,0.039920018054544926,0.9771177566925002,5,5,3200,148259,1363.59765625
outer_fold,fold2_seed11_P16_C200_logistic_regression,2,11,16,200,logistic_regression,fine,0.7630632878948327,0.6123173332345517,0.8344479668885469,0.20916000474244356,0.6127332999527477,39,39,3200,148259,1363.59765625
outer_fold,fold2_seed12_P16_C200_logistic_regression,2,12,16,200,logistic_regression,coarse,0.9912720307030265,0.9828096859544335,0.053863490000367165,0.04288189858198166,0.9785681960231873,5,5,3200,148259,1374.66015625
outer_fold,fold2_seed12_P16_C200_logistic_regression,2,12,16,200,logistic_regression,fine,0.7785699350461017,0.5574020076903636,0.5453461473807693,0.08754493482410908,0.5597722460351309,39,37,3200,148259,1374.66015625
outer_fold,fold2_seed13_P16_C200_logistic_regression,2,13,16,200,logistic_regression,coarse,0.9920477003082444,0.9799153442961789,0.0491883410140872,0.04086302500218153,0.977153672614488,5,5,3200,148259,1356.046875
outer_fold,fold2_seed13_P16_C200_logistic_regression,2,13,16,200,logistic_regression,fine,0.7607025543137348,0.5361153375306547,0.546614520251751,0.08151052799075842,0.53457110929196,39,35,3200,148259,1356.046875
outer_fold,fold2_seed14_P16_C200_logistic_regression,2,14,16,200,logistic_regression,coarse,0.9819100358157009,0.9845460121083708,0.11620379239320755,0.0859544612467289,0.9674100369061176,5,5,3200,148259,1363.7734375
outer_fold,fold2_seed14_P16_C200_logistic_regression,2,14,16,200,logistic_regression,fine,0.7558731679021172,0.5852659387329486,0.9115272611379623,0.08125167153775692,0.5634277608263696,39,37,3200,148259,1363.7734375
outer_fold,fold2_seed15_P16_C200_logistic_regression,2,15,16,200,logistic_regression,coarse,0.992971758881417,0.9856500032489105,0.037392815575003624,0.04170686472207308,0.9836560282925181,5,5,3200,148259,1322.50390625
outer_fold,fold2_seed15_P16_C200_logistic_regression,2,15,16,200,logistic_regression,fine,0.7654779811006415,0.5530917934299706,0.5362138152122498,0.08181332983076572,0.5506700346875402,39,37,3200,148259,1322.50390625
outer_fold,fold2_seed16_P16_C200_logistic_regression,2,16,16,200,logistic_regression,coarse,0.9922567938539988,0.9813758552932372,0.10722702275961637,0.08419215958565474,0.9793009300010445,5,5,3200,148259,1356.4609375
outer_fold,fold2_seed16_P16_C200_logistic_regression,2,16,16,200,logistic_regression,fine,0.7681692173830931,0.5600895176644596,0.5032866969704628,0.08505367673933506,0.5616361515856795,39,38,3200,148259,1356.4609375
outer_fold,fold2_seed17_P16_C200_logistic_regression,2,17,16,200,logistic_regression,coarse,0.990658239971941,0.9837399516207075,0.05527570843696594,0.04529821500182152,0.9804795644848415,5,5,3200,148259,1332.53515625
outer_fold,fold2_seed17_P16_C200_logistic_regression,2,17,16,200,logistic_regression,fine,0.7793995642760304,0.5866288034446635,0.8713198946788907,0.16481975000351667,0.5788747392360443,39,38,3200,148259,1332.53515625
outer_fold,fold2_seed18_P16_C200_logistic_regression,2,18,16,200,logistic_regression,coarse,0.9865235837284752,0.9816907489033666,0.055175868794322014,0.04098530672490597,0.9599211197384733,5,5,3200,148259,1375.71875
outer_fold,fold2_seed18_P16_C200_logistic_regression,2,18,16,200,logistic_regression,fine,0.764048051045805,0.5936155095276492,0.44720221124589443,0.08555875066667795,0.5732018770267964,39,38,3200,148259,1375.71875
outer_fold,fold2_seed19_P16_C200_logistic_regression,2,19,16,200,logistic_regression,coarse,0.9835625493224694,0.9762958130269261,0.0673826802521944,0.04103014338761568,0.9628529060529329,5,5,3200,148259,1365.28125
outer_fold,fold2_seed19_P16_C200_logistic_regression,2,19,16,200,logistic_regression,fine,0.7660378122070161,0.5554976388814807,0.9760664664208889,0.1469597714021802,0.5489411385276569,39,36,3200,148259,1365.28125
outer_fold,fold2_seed00_P16_C400_logistic_regression,2,0,16,400,logistic_regression,coarse,0.990294012505143,0.9839301743146974,0.10270320065319538,0.055131091736257076,0.9755849413976023,5,5,6400,148259,1362.125
outer_fold,fold2_seed00_P16_C400_logistic_regression,2,0,16,400,logistic_regression,fine,0.7642099299199374,0.6068191195594538,1.7189779914915562,0.08543119952082634,0.5935209657730643,39,37,6400,148259,1362.125
outer_fold,fold2_seed01_P16_C400_logistic_regression,2,1,16,400,logistic_regression,coarse,0.9864021745728758,0.9863500550752791,0.09546853322535753,0.04049015790224075,0.9733515952089082,5,5,6400,148259,1357.2578125
outer_fold,fold2_seed01_P16_C400_logistic_regression,2,1,16,400,logistic_regression,fine,0.7655117058660857,0.6195022488041112,1.6561611583456397,0.08983640465885401,0.610201572660632,39,37,6400,148259,1357.2578125
outer_fold,fold2_seed02_P16_C400_logistic_regression,2,2,16,400,logistic_regression,coarse,0.9885200898427752,0.9832900833057925,0.09505474474281073,0.040939828380942345,0.9752122053891519,5,5,6400,148259,1359.9375
outer_fold,fold2_seed02_P16_C400_logistic_regression,2,2,16,400,logistic_regression,fine,0.7595761471478966,0.5897823991537687,1.4780895169824362,0.08154937624931335,0.5798257180567553,39,38,6400,148259,1359.9375
outer_fold,fold2_seed03_P16_C400_logistic_regression,2,3,16,400,logistic_regression,coarse,0.9897206914925907,0.9883058260861768,0.12508621253073215,0.04129055328667164,0.9774502087995808,5,5,6400,148259,1357.78125
outer_fold,fold2_seed03_P16_C400_logistic_regression,2,3,16,400,logistic_regression,fine,0.7589286316513668,0.6060496125021967,1.9970844434574246,0.08865897823125124,0.5944986693601351,39,39,6400,148259,1357.78125
outer_fold,fold2_seed04_P16_C400_logistic_regression,2,4,16,400,logistic_regression,coarse,0.9875960312696025,0.9845536221961927,0.11203150544315577,0.040989574044942856,0.9770715742075831,5,5,6400,148259,1353.08203125
outer_fold,fold2_seed04_P16_C400_logistic_regression,2,4,16,400,logistic_regression,fine,0.7733088716367977,0.6180838496341833,2.7924852380529046,0.13102237228304148,0.6186843497407131,39,39,6400,148259,1353.08203125
outer_fold,fold2_seed05_P16_C400_logistic_regression,2,5,16,400,logistic_regression,coarse,0.9832118117618492,0.985829130808632,0.10538564529269934,0.03930039331316948,0.9631644389894065,5,5,6400,148259,1355.3203125
outer_fold,fold2_seed05_P16_C400_logistic_regression,2,5,16,400,logistic_regression,fine,0.763771507969162,0.6193801683893229,1.3637989405542612,0.0809593852609396,0.6002621736846332,39,39,6400,148259,1355.3203125
outer_fold,fold2_seed06_P16_C400_logistic_regression,2,6,16,400,logistic_regression,coarse,0.9878658293931566,0.9848269676825356,0.12645479384809732,0.04058638121932745,0.963895726872589,5,5,6400,148259,1353.34375
outer_fold,fold2_seed06_P16_C400_logistic_regression,2,6,16,400,logistic_regression,fine,0.7535798838519078,0.608699697964123,1.7476075440645218,0.08921598922461271,0.5956424481194874,39,38,6400,148259,1353.34375
outer_fold,fold2_seed07_P16_C400_logistic_regression,2,7,16,400,logistic_regression,coarse,0.9880074734080224,0.9853647689308161,0.2060907445847988,0.09677960816770792,0.9720726872328601,5,5,6400,148259,1363.59765625
outer_fold,fold2_seed07_P16_C400_logistic_regression,2,7,16,400,logistic_regression,fine,0.7437592321545403,0.6347447571994453,3.051527416333556,0.17013335041701794,0.6162454626204367,39,38,6400,148259,1363.59765625
outer_fold,fold2_seed08_P16_C400_logistic_regression,2,8,16,400,logistic_regression,coarse,0.9898353556951012,0.9869869189812681,0.1118761831894517,0.04282918944954872,0.9770255955762195,5,5,6400,148259,1374.66015625
outer_fold,fold2_seed08_P16_C400_logistic_regression,2,8,16,400,logistic_regression,fine,0.7631172475195435,0.6410641627697065,1.7110773688182235,0.09739459678530693,0.6205221548718187,39,39,6400,148259,1374.66015625
outer_fold,fold2_seed09_P16_C400_logistic_regression,2,9,16,400,logistic_regression,coarse,0.9904154216607424,0.9890545270534743,0.09536569844931364,0.04078574012964964,0.9754774733487193,5,5,6400,148259,1356.046875
outer_fold,fold2_seed09_P16_C400_logistic_regression,2,9,16,400,logistic_regression,fine,0.7313350285648763,0.6244570708751723,1.7280294308438897,0.09056908823549747,0.6046758364521527,39,39,6400,148259,1356.046875
outer_fold,fold2_seed10_P16_C400_logistic_regression,2,10,16,400,logistic_regression,coarse,0.989525087853014,0.9872787380056502,0.12860902026295662,0.04160094540566206,0.9750279762742373,5,5,6400,148259,1363.7734375
outer_fold,fold2_seed10_P16_C400_logistic_regression,2,10,16,400,logistic_regression,fine,0.7643718087940699,0.5969900608752905,1.3015964105725288,0.08336852118372917,0.5943141961699966,39,37,6400,148259,1363.7734375
outer_fold,fold2_seed11_P16_C400_logistic_regression,2,11,16,400,logistic_regression,coarse,0.9885065999365974,0.9878077671113055,0.09290758892893791,0.04431476630270481,0.9713234721422598,5,5,6400,148259,1322.50390625
outer_fold,fold2_seed11_P16_C400_logistic_regression,2,11,16,400,logistic_regression,fine,0.7416143370722856,0.6331281186783008,1.3347950782626867,0.08773791324347258,0.6184494745673919,39,39,6400,148259,1322.50390625
outer_fold,fold2_seed12_P16_C400_logistic_regression,2,12,16,400,logistic_regression,coarse,0.989390188791237,0.9893404641514001,0.13941424991935492,0.04346682224422693,0.9738606303600706,5,5,6400,148259,1356.4609375
outer_fold,fold2_seed12_P16_C400_logistic_regression,2,12,16,400,logistic_regression,fine,0.7599268847085169,0.5935356175379128,1.7014294490218163,0.09255144838243723,0.5892908956021492,39,39,6400,148259,1356.4609375
outer_fold,fold2_seed13_P16_C400_logistic_regression,2,13,16,400,logistic_regression,coarse,0.9853634517971928,0.9785076384290079,0.31377394776791334,0.09804218355566263,0.9725312572946885,5,5,6400,148259,1332.53515625
outer_fold,fold2_seed13_P16_C400_logistic_regression,2,13,16,400,logistic_regression,fine,0.7551312230623436,0.5769567721733099,1.769649427384138,0.08132007345557213,0.5656556097668426,39,36,6400,148259,1332.53515625
outer_fold,fold2_seed14_P16_C400_logistic_regression,2,14,16,400,logistic_regression,coarse,0.9780721575081446,0.9796323299535908,0.23662326857447624,0.0428557600826025,0.9638646775277279,5,5,6400,148259,1375.71875
outer_fold,fold2_seed14_P16_C400_logistic_regression,2,14,16,400,logistic_regression,fine,0.7418976251020174,0.6118287368369565,1.8991714203730226,0.09117294941097498,0.5839372728617503,39,38,6400,148259,1375.71875
outer_fold,fold2_seed15_P16_C400_logistic_regression,2,15,16,400,logistic_regression,coarse,0.992695215804774,0.9880022906553096,0.08644818793982267,0.042104667983949184,0.9789420972253087,5,5,6400,148259,1365.28125
outer_fold,fold2_seed15_P16_C400_logistic_regression,2,15,16,400,logistic_regression,fine,0.7529593481677335,0.5899277412506387,1.4580974048003554,0.08355299662798643,0.5773553523705707,39,37,6400,148259,1365.28125
outer_fold,fold2_seed16_P16_C400_logistic_regression,2,16,16,400,logistic_regression,coarse,0.9905233409101639,0.9812836340584186,0.0960541870445013,0.040263730101287365,0.9765276608313289,5,5,6400,148259,1362.125
outer_fold,fold2_seed16_P16_C400_logistic_regression,2,16,16,400,logistic_regression,fine,0.7592996040712536,0.5870447395819628,1.749574231915176,0.08797780144959688,0.5812241637992255,39,38,6400,148259,1362.125
outer_fold,fold2_seed17_P16_C400_logistic_regression,2,17,16,400,logistic_regression,coarse,0.988391935734087,0.9844066389211118,0.2084114784374833,0.04275614023208618,0.9795151399120284,5,5,6400,148259,1357.2578125
outer_fold,fold2_seed17_P16_C400_logistic_regression,2,17,16,400,logistic_regression,fine,0.768944886988311,0.6165874025599046,1.5465377885848284,0.08792896755039692,0.6009090677287906,39,38,6400,148259,1357.2578125
outer_fold,fold2_seed18_P16_C400_logistic_regression,2,18,16,400,logistic_regression,coarse,0.9888708274033954,0.9857130968211412,0.08974616974592209,0.040609206072986126,0.963201255415927,5,5,6400,148259,1359.9375
outer_fold,fold2_seed18_P16_C400_logistic_regression,2,18,16,400,logistic_regression,fine,0.7591579600563878,0.6266018419675866,1.453840160742402,0.08680681325495243,0.5980181005732418,39,38,6400,148259,1359.9375
outer_fold,fold2_seed19_P16_C400_logistic_regression,2,19,16,400,logistic_regression,coarse,0.9855185857182364,0.9796886952255806,0.13040728401392698,0.03880868852138519,0.9699521848090491,5,5,6400,148259,1357.78125
outer_fold,fold2_seed19_P16_C400_logistic_regression,2,19,16,400,logistic_regression,fine,0.7542004195360821,0.5929669442741814,1.6504003312438726,0.08421177044510841,0.5764264129743606,39,37,6400,148259,1357.78125
outer_fold,fold2_seed00_P16_C800_logistic_regression,2,0,16,800,logistic_regression,coarse,0.9886752237638188,0.9867125100063024,0.3361795824021101,0.043417807668447495,0.9794976469523959,5,5,12800,148259,1353.08203125
outer_fold,fold2_seed00_P16_C800_logistic_regression,2,0,16,800,logistic_regression,fine,0.7563520595714257,0.6509146747466649,9.79906793590635,0.19657745398581028,0.6250579711043398,39,39,12800,148259,1353.08203125
outer_fold,fold2_seed01_P16_C800_logistic_regression,2,1,16,800,logistic_regression,coarse,0.9840346960386891,0.9843959402023159,0.7429880192503333,0.15031712129712105,0.9740773921128183,5,5,12800,148259,1355.3203125
outer_fold,fold2_seed01_P16_C800_logistic_regression,2,1,16,800,logistic_regression,fine,0.76613224155026,0.6573278718901208,5.5499644465744495,0.0830294955521822,0.6365979388445326,39,38,12800,148259,1355.3203125
outer_fold,fold2_seed02_P16_C800_logistic_regression,2,2,16,800,logistic_regression,coarse,0.9841088905226664,0.9802529782120095,0.3448661072179675,0.04004776757210493,0.9754903171070252,5,5,12800,148259,1353.34375
outer_fold,fold2_seed02_P16_C800_logistic_regression,2,2,16,800,logistic_regression,fine,0.7385184036045029,0.645540790977041,5.638768176548183,0.17184737976640463,0.6168274921362806,39,38,12800,148259,1353.34375
outer_fold,fold2_seed03_P16_C800_logistic_regression,2,3,16,800,logistic_regression,coarse,0.990064684100122,0.9887096523652229,0.23772994056344032,0.0407268013805151,0.9797500529734935,5,5,12800,148259,1363.59765625
outer_fold,fold2_seed03_P16_C800_logistic_regression,2,3,16,800,logistic_regression,fine,0.7386330678070134,0.6377897602180724,5.053709016181529,0.0879821265116334,0.6129231640982021,39,39,12800,148259,1363.59765625
outer_fold,fold2_seed04_P16_C800_logistic_regression,2,4,16,800,logistic_regression,coarse,0.9877511651906461,0.988497021871304,0.3192847743630409,0.04402527492493391,0.9772529134284642,5,5,12800,148259,1374.66015625
outer_fold,fold2_seed04_P16_C800_logistic_regression,2,4,16,800,logistic_regression,fine,0.7441234596213383,0.6602252339365327,6.724318322725594,0.09741931408643723,0.6365517447969672,39,39,12800,148259,1374.66015625
outer_fold,fold2_seed05_P16_C800_logistic_regression,2,5,16,800,logistic_regression,coarse,0.9664910730545869,0.9757659009752417,0.3843822227790952,0.04057748895138502,0.9618846556021801,5,5,12800,148259,1356.046875
outer_fold,fold2_seed05_P16_C800_logistic_regression,2,5,16,800,logistic_regression,fine,0.7313754982834094,0.6418958312615894,6.482251180335879,0.44600294157862663,0.5966244658110521,39,39,12800,148259,1356.046875
outer_fold,fold2_seed06_P16_C800_logistic_regression,2,6,16,800,logistic_regression,coarse,0.9896060272900802,0.987263031375052,0.28460477851331234,0.041818249970674515,0.9739872107944569,5,5,12800,148259,1363.7734375
outer_fold,fold2_seed06_P16_C800_logistic_regression,2,6,16,800,logistic_regression,fine,0.7351661619193438,0.6365315238898697,4.76220045145601,0.07619377225637436,0.6087522347356819,39,38,12800,148259,1363.7734375
outer_fold,fold2_seed07_P16_C800_logistic_regression,2,7,16,800,logistic_regression,coarse,0.9893159943072596,0.9859882711995616,0.29106314945966005,0.042432887479662895,0.9775120855488432,5,5,12800,148259,1322.50390625
outer_fold,fold2_seed07_P16_C800_logistic_regression,2,7,16,800,logistic_regression,fine,0.7346333106253246,0.6620423377520367,6.4028371991589665,0.16125157475471497,0.6271384998287781,39,39,12800,148259,1322.50390625
outer_fold,fold2_seed08_P16_C800_logistic_regression,2,8,16,800,logistic_regression,coarse,0.9888708274033954,0.9879766741668305,0.3144178092479706,0.040820932015776634,0.9773262223273601,5,5,12800,148259,1356.4609375
outer_fold,fold2_seed08_P16_C800_logistic_regression,2,8,16,800,logistic_regression,fine,0.7589016518390115,0.6677290679699254,5.48862945754081,0.08837392181158066,0.6431022263218799,39,39,12800,148259,1356.4609375
outer_fold,fold2_seed09_P16_C800_logistic_regression,2,9,16,800,logistic_regression,coarse,0.9904693812854531,0.989533635512519,0.5522914538159966,0.09284192230552435,0.9782945471388945,5,5,12800,148259,1332.53515625
outer_fold,fold2_seed09_P16_C800_logistic_regression,2,9,16,800,logistic_regression,fine,0.7332168704766658,0.6465828829540338,6.694841258227825,0.16081627365201712,0.615247055910795,39,39,12800,148259,1332.53515625
outer_fold,fold2_seed10_P16_C800_logistic_regression,2,10,16,800,logistic_regression,coarse,0.987940023877134,0.9867909237409076,0.3302229903638363,0.04199606645852327,0.975626831601985,5,5,12800,148259,1375.71875
outer_fold,fold2_seed10_P16_C800_logistic_regression,2,10,16,800,logistic_regression,fine,0.7485953635192467,0.6224166415410967,7.843934190459549,0.1878240779042244,0.598743133906368,39,38,12800,148259,1375.71875
outer_fold,fold2_seed11_P16_C800_logistic_regression,2,11,16,800,logistic_regression,coarse,0.9878928092055119,0.9874331474102835,0.252597663551569,0.03819855768233538,0.9756196948152842,5,5,12800,148259,1365.28125
outer_fold,fold2_seed11_P16_C800_logistic_regression,2,11,16,800,logistic_regression,fine,0.7363735085222483,0.6533815332876559,6.0818855641409755,0.08931481745094061,0.6221993455481469,39,39,12800,148259,1365.28125
outer_fold,fold2_seed12_P16_C800_logistic_regression,2,12,16,800,logistic_regression,coarse,0.9872520386620711,0.988653988725065,0.397776716388762,0.042646917514503,0.9761176996958074,5,5,12800,148259,1362.125
outer_fold,fold2_seed12_P16_C800_logistic_regression,2,12,16,800,logistic_regression,fine,0.7382148807155047,0.6372783624852183,5.2302939891815186,0.08911843411624432,0.6108025109718638,39,39,12800,148259,1362.125
outer_fold,fold2_seed13_P16_C800_logistic_regression,2,13,16,800,logistic_regression,coarse,0.9884324054526201,0.9862168987588416,0.28829409647732973,0.04443345405161381,0.9775439731096025,5,5,12800,148259,1357.2578125
outer_fold,fold2_seed13_P16_C800_logistic_regression,2,13,16,800,logistic_regression,fine,0.7396717905826965,0.6492976031677683,5.7615576377138495,0.0856699962168932,0.6178631515795155,39,38,12800,148259,1357.2578125
outer_fold,fold2_seed14_P16_C800_logistic_regression,2,14,16,800,logistic_regression,coarse,0.9803856764176205,0.9821671670529561,0.257172591984272,0.04413963481783867,0.9709264896748776,5,5,12800,148259,1359.9375
outer_fold,fold2_seed14_P16_C800_logistic_regression,2,14,16,800,logistic_regression,fine,0.7288731206874456,0.6350903342269092,5.594654978252947,0.09038704726845026,0.596297006857782,39,39,12800,148259,1359.9375
outer_fold,fold2_seed15_P16_C800_logistic_regression,2,15,16,800,logistic_regression,coarse,0.987528581738714,0.9794758764233616,0.40387331787496805,0.08820607233792543,0.9755726013894546,5,5,12800,148259,1357.78125
outer_fold,fold2_seed15_P16_C800_logistic_regression,2,15,16,800,logistic_regression,fine,0.7380260220290168,0.6393584756102565,5.780944854021072,0.08595744520425797,0.6096770728660086,39,38,12800,148259,1357.78125
outer_fold,fold2_seed16_P16_C800_logistic_regression,2,16,16,800,logistic_regression,coarse,0.9913125004215596,0.986533502641527,0.24154073931276798,0.091423524543643,0.9787867112973142,5,5,12800,148259,1353.08203125
outer_fold,fold2_seed16_P16_C800_logistic_regression,2,16,16,800,logistic_regression,fine,0.7512393851300764,0.6279235603203958,6.922458028420806,0.09604471269994974,0.6075826332048503,39,39,12800,148259,1353.08203125
outer_fold,fold2_seed17_P16_C800_logistic_regression,2,17,16,800,logistic_regression,coarse,0.9859772425282782,0.9852779548213544,0.31276317965239286,0.0390862412750721,0.9786707466199458,5,5,12800,148259,1355.3203125
outer_fold,fold2_seed17_P16_C800_logistic_regression,2,17,16,800,logistic_regression,fine,0.745499430051464,0.6449027019315973,5.931492340750992,0.0889393063262105,0.617967568096077,39,39,12800,148259,1355.3203125
outer_fold,fold2_seed18_P16_C800_logistic_regression,2,18,16,800,logistic_regression,coarse,0.9870496900694056,0.9854285178222278,0.27237884886562824,0.06935327127575874,0.9732885388657255,5,5,12800,148259,1353.34375
outer_fold,fold2_seed18_P16_C800_logistic_regression,2,18,16,800,logistic_regression,fine,0.7390242750861667,0.6436130527223896,4.777757491916418,0.0869862511754036,0.6029430933382267,39,38,12800,148259,1353.34375
outer_fold,fold2_seed19_P16_C800_logistic_regression,2,19,16,800,logistic_regression,coarse,0.9851948279699715,0.985269424219908,0.36442865896970034,0.04026509262621403,0.9780348989916996,5,5,12800,148259,1363.59765625
outer_fold,fold2_seed19_P16_C800_logistic_regression,2,19,16,800,logistic_regression,fine,0.7380530018413722,0.6373100367673857,5.494268952868879,0.08522316999733448,0.6035931351260299,39,39,12800,148259,1363.59765625
outer_fold,fold2_seed00_P16_C1600_logistic_regression,2,0,16,1600,logistic_regression,coarse,0.98984210064819,0.9883261995951192,0.5453672595322132,0.04187084920704365,0.9786903315566742,5,5,25600,148259,1374.66015625
outer_fold,fold2_seed00_P16_C1600_logistic_regression,2,0,16,1600,logistic_regression,fine,0.7231061857964778,0.678328320150141,13.36500088032335,0.0901177367195487,0.6309960459996611,39,39,25600,148259,1374.66015625
outer_fold,fold2_seed01_P16_C1600_logistic_regression,2,1,16,1600,logistic_regression,coarse,0.9828206044826958,0.9848004597254558,1.4245138056576252,0.09122936427593231,0.9766156726200721,5,5,25600,148259,1356.046875
outer_fold,fold2_seed01_P16_C1600_logistic_regression,2,1,16,1600,logistic_regression,fine,0.7652621426017983,0.6888255961855452,16.185169174335897,0.08694720175117254,0.6376772833102111,39,38,25600,148259,1356.046875
outer_fold,fold2_seed02_P16_C1600_logistic_regression,2,2,16,1600,logistic_regression,coarse,0.9884458953587978,0.9886636538019538,1.2339363284409046,0.058613600209355354,0.9783466677631283,5,5,25600,148259,1363.7734375
outer_fold,fold2_seed02_P16_C1600_logistic_regression,2,2,16,1600,logistic_regression,fine,0.7275713447412974,0.6922755359427682,16.655925327911973,0.09203055035322905,0.6339725698226277,39,39,25600,148259,1363.7734375
outer_fold,fold2_seed03_P16_C1600_logistic_regression,2,3,16,1600,logistic_regression,coarse,0.9867394222273184,0.9876847595979623,1.7188525954261422,0.09537382982671261,0.98352192847547,5,5,25600,148259,1322.50390625
outer_fold,fold2_seed03_P16_C1600_logistic_regression,2,3,16,1600,logistic_regression,fine,0.7146547595761471,0.6715076861208674,18.216673261485994,0.1667382437735796,0.6189904673891884,39,39,25600,148259,1322.50390625
outer_fold,fold2_seed04_P16_C1600_logistic_regression,2,4,16,1600,logistic_regression,coarse,0.9882368018130434,0.9893754452361175,0.7509194789454341,0.03953314945101738,0.9711401964342203,5,5,25600,148259,1356.4609375
outer_fold,fold2_seed04_P16_C1600_logistic_regression,2,4,16,1600,logistic_regression,fine,0.7216357860231082,0.6920257256643421,17.502399688586593,0.08736606780439615,0.6470593782640253,39,39,25600,148259,1356.4609375
outer_fold,fold2_seed05_P16_C1600_logistic_regression,2,5,16,1600,logistic_regression,coarse,0.9757316587863132,0.9805445547125673,0.8674158975481987,0.03951774723827839,0.9732567241531982,5,5,25600,148259,1332.53515625
outer_fold,fold2_seed05_P16_C1600_logistic_regression,2,5,16,1600,logistic_regression,fine,0.7343567675486817,0.687461639256107,11.97420466504991,0.08959329314529896,0.6226156843094149,39,39,25600,148259,1332.53515625
outer_fold,fold2_seed06_P16_C1600_logistic_regression,2,6,16,1600,logistic_regression,coarse,0.9903682069891204,0.9894724995926485,0.5676570693030953,0.04426288977265358,0.9796495842817926,5,5,25600,148259,1375.71875
outer_fold,fold2_seed06_P16_C1600_logistic_regression,2,6,16,1600,logistic_regression,fine,0.7309640561449895,0.6851234048229643,13.872046718373895,0.08521016035228968,0.6316357259802073,39,39,25600,148259,1375.71875
outer_fold,fold2_seed07_P16_C1600_logistic_regression,2,7,16,1600,logistic_regression,coarse,0.9899702547568782,0.9885059482839583,0.6323211612179875,0.040399021469056606,0.9788673312581796,5,5,25600,148259,1365.28125
outer_fold,fold2_seed07_P16_C1600_logistic_regression,2,7,16,1600,logistic_regression,fine,0.7323872412467372,0.6971368396606431,13.265928220935166,0.09279089607298374,0.6461509088603957,39,39,25600,148259,1365.28125
outer_fold,fold2_seed08_P16_C1600_logistic_regression,2,8,16,1600,logistic_regression,coarse,0.9882233119068657,0.9875015067752043,0.5486298687756062,0.04301607795059681,0.9774268476991927,5,5,25600,148259,1362.125
outer_fold,fold2_seed08_P16_C1600_logistic_regression,2,8,16,1600,logistic_regression,fine,0.7646146271052685,0.6855349151092792,13.133093548938632,0.09383851941674948,0.6442918249247499,39,39,25600,148259,1362.125
outer_fold,fold2_seed09_P16_C1600_logistic_regression,2,9,16,1600,logistic_regression,coarse,0.9908740784707842,0.9892147343762376,1.2716737389564514,0.08648849744349718,0.982462073299143,5,5,25600,148259,1357.2578125
outer_fold,fold2_seed09_P16_C1600_logistic_regression,2,9,16,1600,logistic_regression,fine,0.7264247027161926,0.689599196173075,22.046124948188663,0.09865101240575314,0.6367701675178584,39,39,25600,148259,1357.2578125
outer_fold,fold2_seed10_P16_C1600_logistic_regression,2,10,16,1600,logistic_regression,coarse,0.987528581738714,0.9889131593982745,1.559585123322904,0.09181220550090075,0.9750408794215616,5,5,25600,148259,1359.9375
outer_fold,fold2_seed10_P16_C1600_logistic_regression,2,10,16,1600,logistic_regression,fine,0.7303772452262595,0.6822890851139463,16.77238907199353,0.09091941080987453,0.6300190137253565,39,39,25600,148259,1359.9375
outer_fold,fold2_seed11_P16_C1600_logistic_regression,2,11,16,1600,logistic_regression,coarse,0.9879939835018448,0.9872696521686777,0.5386087922379375,0.0412581842392683,0.9771020798490972,5,5,25600,148259,1357.78125
outer_fold,fold2_seed11_P16_C1600_logistic_regression,2,11,16,1600,logistic_regression,fine,0.7400697428149388,0.6807683068948225,14.100239324383438,0.08872046042233706,0.6285547097381556,39,39,25600,148259,1357.78125
outer_fold,fold2_seed12_P16_C1600_logistic_regression,2,12,16,1600,logistic_regression,coarse,0.9887831430132403,0.9894866621971294,1.0952818673104048,0.04191936179995537,0.9787277609464186,5,5,25600,148259,1353.08203125
outer_fold,fold2_seed12_P16_C1600_logistic_regression,2,12,16,1600,logistic_regression,fine,0.7223777308628818,0.6689452414120434,14.442374799400568,0.09069051966071129,0.6208946319614753,39,39,25600,148259,1353.08203125
outer_fold,fold2_seed13_P16_C1600_logistic_regression,2,13,16,1600,logistic_regression,coarse,0.9905165959570751,0.987672690759962,1.454452776350081,0.09100878611207008,0.9820982912584242,5,5,25600,148259,1355.3203125
outer_fold,fold2_seed13_P16_C1600_logistic_regression,2,13,16,1600,logistic_regression,fine,0.7193357570198099,0.6723286227619203,21.796322357840836,0.09091732930392027,0.6166357267847906,39,39,25600,148259,1355.3203125
outer_fold,fold2_seed14_P16_C1600_logistic_regression,2,14,16,1600,logistic_regression,coarse,0.9801563480125995,0.9840141893348602,1.3610912477597594,0.09398831333965063,0.9750616115227245,5,5,25600,148259,1353.34375
outer_fold,fold2_seed14_P16_C1600_logistic_regression,2,14,16,1600,logistic_regression,fine,0.7145468403267256,0.6969213545749301,14.586354076862335,0.09039985574781895,0.6365847569422263,39,39,25600,148259,1353.34375
outer_fold,fold2_seed15_P16_C1600_logistic_regression,2,15,16,1600,logistic_regression,coarse,0.9877579101437349,0.9854649382086645,0.6310471100732684,0.03853719402104616,0.9721570338501427,5,5,25600,148259,1363.59765625
outer_fold,fold2_seed15_P16_C1600_logistic_regression,2,15,16,1600,logistic_regression,fine,0.7237199765275633,0.6740814732286412,13.929901893250644,0.10048344824463129,0.6213328128837509,39,39,25600,148259,1363.59765625
outer_fold,fold2_seed16_P16_C1600_logistic_regression,2,16,16,1600,logistic_regression,coarse,0.9902265629742545,0.9892976681425946,0.9051869977265596,0.0922072734683752,0.9797284775117335,5,5,25600,148259,1374.66015625
outer_fold,fold2_seed16_P16_C1600_logistic_regression,2,16,16,1600,logistic_regression,fine,0.7492698588281318,0.6709516247648429,20.06738957390189,0.09067376516759396,0.6350167895630294,39,39,25600,148259,1374.66015625
outer_fold,fold2_seed17_P16_C1600_logistic_regression,2,17,16,1600,logistic_regression,coarse,0.988526834795864,0.9879247840268823,0.5836743293330073,0.03989453986287117,0.9818028526564884,5,5,25600,148259,1356.046875
outer_fold,fold2_seed17_P16_C1600_logistic_regression,2,17,16,1600,logistic_regression,fine,0.7288326509689125,0.6880999206387682,13.050346672534943,0.09010569658130407,0.6439884251879551,39,39,25600,148259,1356.046875
outer_fold,fold2_seed18_P16_C1600_logistic_regression,2,18,16,1600,logistic_regression,coarse,0.9866719726964299,0.9874323265086552,0.8129722317680717,0.04572071600705385,0.9804624685454891,5,5,25600,148259,1363.7734375
outer_fold,fold2_seed18_P16_C1600_logistic_regression,2,18,16,1600,logistic_regression,fine,0.7124154351506485,0.6745000186120655,17.333678325638175,0.0920493071898818,0.6115317486815786,39,39,25600,148259,1363.7734375
outer_fold,fold2_seed19_P16_C1600_logistic_regression,2,19,16,1600,logistic_regression,coarse,0.9891069007615052,0.9893098397435086,1.5672140615060925,0.047081065364181995,0.98154748807352,5,5,25600,148259,1322.50390625
outer_fold,fold2_seed19_P16_C1600_logistic_regression,2,19,16,1600,logistic_regression,fine,0.7214873970551535,0.687486002811514,21.838444598950446,0.09193431586027145,0.6259577767919157,39,39,25600,148259,1322.50390625
outer_fold,fold2_seed00_P32_C100_logistic_regression,2,0,32,100,logistic_regression,coarse,0.9888236127317734,0.9832984875930124,0.056570219807326794,0.04253723286092281,0.9732026186913931,5,5,3200,148259,1356.4609375
outer_fold,fold2_seed00_P32_C100_logistic_regression,2,0,32,100,logistic_regression,fine,0.7762564161366258,0.5621308982493332,0.5793641442433,0.08342072926461697,0.5703381031794335,39,37,3200,148259,1356.4609375
outer_fold,fold2_seed01_P32_C100_logistic_regression,2,1,32,100,logistic_regression,coarse,0.989612772243169,0.986688514501566,0.10083471238613129,0.08748104888945818,0.9796390234206896,5,5,3200,148259,1332.53515625
outer_fold,fold2_seed01_P32_C100_logistic_regression,2,1,32,100,logistic_regression,fine,0.7664897240639691,0.5844385224220131,0.5410312777385116,0.08547861129045486,0.5822250969048925,39,38,3200,148259,1332.53515625
outer_fold,fold2_seed02_P32_C100_logistic_regression,2,2,32,100,logistic_regression,coarse,0.9896397520555245,0.9853776426909606,0.09918690286576748,0.09847738314419985,0.9705741875854615,5,5,3200,148259,1375.71875
outer_fold,fold2_seed02_P32_C100_logistic_regression,2,2,32,100,logistic_regression,fine,0.7708132389939228,0.5975496666075125,0.891146982088685,0.18570631556212902,0.5948309432479332,39,38,3200,148259,1375.71875
outer_fold,fold2_seed03_P32_C100_logistic_regression,2,3,32,100,logistic_regression,coarse,0.9912315609844934,0.9865501743502136,0.10791511926800013,0.1032771784812212,0.9813865854089103,5,5,3200,148259,1365.28125
outer_fold,fold2_seed03_P32_C100_logistic_regression,2,3,32,100,logistic_regression,fine,0.7698891804207502,0.5732984181999171,0.564288011752069,0.08794490341097116,0.5759400123344198,39,37,3200,148259,1365.28125
outer_fold,fold2_seed04_P32_C100_logistic_regression,2,4,32,100,logistic_regression,coarse,0.9875690514572472,0.9848478072066629,0.0711610484868288,0.04210153315216303,0.9801437975703049,5,5,3200,148259,1362.125
outer_fold,fold2_seed04_P32_C100_logistic_regression,2,4,32,100,logistic_regression,fine,0.7791162762462988,0.5887597892054606,0.5115636317059398,0.09061760269105434,0.5852046088337048,39,38,3200,148259,1362.125
outer_fold,fold2_seed05_P32_C100_logistic_regression,2,5,32,100,logistic_regression,coarse,0.988978746652817,0.9890268999085778,0.048132105730473995,0.04048833530396223,0.9785771075906705,5,5,3200,148259,1357.2578125
outer_fold,fold2_seed05_P32_C100_logistic_regression,2,5,32,100,logistic_regression,fine,0.7617884917610398,0.5982324562442886,0.475478520616889,0.08060495648533106,0.5881468165522599,39,38,3200,148259,1357.2578125
outer_fold,fold2_seed06_P32_C100_logistic_regression,2,6,32,100,logistic_regression,coarse,0.9898825703667231,0.9811604230939498,0.05069763399660587,0.039734830148518085,0.975076975937071,5,5,3200,148259,1359.9375
outer_fold,fold2_seed06_P32_C100_logistic_regression,2,6,32,100,logistic_regression,fine,0.7766004087441571,0.5864619037888652,0.5159921115264297,0.08265271317213774,0.5853442454881937,39,37,3200,148259,1359.9375
outer_fold,fold2_seed07_P32_C100_logistic_regression,2,7,32,100,logistic_regression,coarse,0.9916160233105579,0.9871375251792502,0.04258898086845875,0.0424798084422946,0.9733841665394735,5,5,3200,148259,1357.78125
outer_fold,fold2_seed07_P32_C100_logistic_regression,2,7,32,100,logistic_regression,fine,0.7725601818439353,0.5972221706708785,0.6196891563013196,0.08435303159058094,0.5837730116303256,39,38,3200,148259,1357.78125
outer_fold,fold2_seed08_P32_C100_logistic_regression,2,8,32,100,logistic_regression,coarse,0.9924793773059308,0.9873092420794114,0.04268505331128836,0.04031810164451599,0.982173891638169,5,5,3200,148259,1353.08203125
outer_fold,fold2_seed08_P32_C100_logistic_regression,2,8,32,100,logistic_regression,fine,0.7760270877316048,0.5954786171664044,0.44585695397108793,0.08119668997824192,0.5930083439257324,39,38,3200,148259,1353.08203125
outer_fold,fold2_seed09_P32_C100_logistic_regression,2,9,32,100,logistic_regression,coarse,0.9912315609844934,0.9890028998358721,0.10140939056873322,0.11898315232247114,0.9712972835100899,5,5,3200,148259,1355.3203125
outer_fold,fold2_seed09_P32_C100_logistic_regression,2,9,32,100,logistic_regression,fine,0.7608239634693341,0.576609275401757,0.7646769657731056,0.16598556004464626,0.566386398303403,39,37,3200,148259,1355.3203125
outer_fold,fold2_seed10_P32_C100_logistic_regression,2,10,32,100,logistic_regression,coarse,0.9898555905543677,0.9822585296689361,0.048159435391426086,0.04033068008720875,0.9735075369885042,5,5,3200,148259,1353.34375
outer_fold,fold2_seed10_P32_C100_logistic_regression,2,10,32,100,logistic_regression,fine,0.7701657234973931,0.5690215250995353,0.5040932493284345,0.08005278185009956,0.5651508835072621,39,36,3200,148259,1353.34375
outer_fold,fold2_seed11_P32_C100_logistic_regression,2,11,32,100,logistic_regression,coarse,0.9887763980601515,0.9836525801674268,0.06065139174461365,0.038605074398219585,0.9794581323524175,5,5,3200,148259,1363.59765625
outer_fold,fold2_seed11_P32_C100_logistic_regression,2,11,32,100,logistic_regression,fine,0.7630363080824772,0.6072855144538645,0.5320073580369353,0.07726553082466125,0.6021404694808328,39,38,3200,148259,1363.59765625
outer_fold,fold2_seed12_P32_C100_logistic_regression,2,12,32,100,logistic_regression,coarse,0.9915081040611362,0.9820570449226512,0.08586872275918722,0.07487547397613525,0.9779955147879095,5,5,3200,148259,1374.66015625
outer_fold,fold2_seed12_P32_C100_logistic_regression,2,12,32,100,logistic_regression,fine,0.7666583478911904,0.5578968216700522,1.017163041047752,0.2281001266092062,0.5568900888363599,39,35,3200,148259,1374.66015625
outer_fold,fold2_seed13_P32_C100_logistic_regression,2,13,32,100,logistic_regression,coarse,0.988574049467486,0.985863396287473,0.06680216267704964,0.04097875766456127,0.9743479651910928,5,5,3200,148259,1356.046875
outer_fold,fold2_seed13_P32_C100_logistic_regression,2,13,32,100,logistic_regression,fine,0.7702331730282815,0.5976192588847307,0.5611934419721365,0.0853331433609128,0.5825833705675969,39,38,3200,148259,1356.046875
outer_fold,fold2_seed14_P32_C100_logistic_regression,2,14,32,100,logistic_regression,coarse,0.9884458953587978,0.9848950990757622,0.04895268939435482,0.04182916693389416,0.9678423591846357,5,5,3200,148259,1363.7734375
outer_fold,fold2_seed14_P32_C100_logistic_regression,2,14,32,100,logistic_regression,fine,0.768492975131358,0.5924177548828019,0.509211522527039,0.08514622412621975,0.5872822698459174,39,38,3200,148259,1363.7734375
outer_fold,fold2_seed15_P32_C100_logistic_regression,2,15,32,100,logistic_regression,coarse,0.9908201188460735,0.9863361102439694,0.09304610546678305,0.08764380216598511,0.9739867805106055,5,5,3200,148259,1322.50390625
outer_fold,fold2_seed15_P32_C100_logistic_regression,2,15,32,100,logistic_regression,fine,0.7657207994118401,0.5663936122209728,0.4876091359183192,0.08577421214431524,0.5595886827326072,39,36,3200,148259,1322.50390625
outer_fold,fold2_seed16_P32_C100_logistic_regression,2,16,32,100,logistic_regression,coarse,0.9929852487875946,0.9899539001653711,0.04525464028120041,0.04196069296449423,0.9822334809706431,5,5,3200,148259,1356.4609375
outer_fold,fold2_seed16_P32_C100_logistic_regression,2,16,32,100,logistic_regression,fine,0.7530133077924444,0.5947309981927862,0.5303955804556608,0.09203829243779182,0.5856655017447165,39,39,3200,148259,1356.4609375
outer_fold,fold2_seed17_P32_C100_logistic_regression,2,17,32,100,logistic_regression,coarse,0.9915081040611362,0.985177927373767,0.05197945795953274,0.04446366894990206,0.979726417074931,5,5,3200,148259,1332.53515625
outer_fold,fold2_seed17_P32_C100_logistic_regression,2,17,32,100,logistic_regression,fine,0.7747522915978119,0.5613068633981719,1.1100124223157763,0.15560080856084824,0.5634455275325269,39,37,3200,148259,1332.53515625
outer_fold,fold2_seed18_P32_C100_logistic_regression,2,18,32,100,logistic_regression,coarse,0.9888505925441289,0.9845681305932665,0.11536356899887323,0.09096092358231544,0.9684285836013011,5,5,3200,148259,1375.71875
outer_fold,fold2_seed18_P32_C100_logistic_regression,2,18,32,100,logistic_regression,fine,0.7661187516440823,0.5951505160906166,0.6159105468541384,0.09586303122341633,0.5804222233873494,39,37,3200,148259,1375.71875
outer_fold,fold2_seed19_P32_C100_logistic_regression,2,19,32,100,logistic_regression,coarse,0.9855725453429471,0.9829469679624857,0.13930679764598608,0.09825734607875347,0.9741582093096538,5,5,3200,148259,1365.28125
outer_fold,fold2_seed19_P32_C100_logistic_regression,2,19,32,100,logistic_regression,fine,0.7648034857917563,0.5771645265763615,1.110726178623736,0.1490962402895093,0.5733585662590033,39,37,3200,148259,1365.28125
outer_fold,fold2_seed00_P32_C200_logistic_regression,2,0,32,200,logistic_regression,coarse,0.9900242143815889,0.9839052712049415,0.09106434788554907,0.042189573869109154,0.9785238400069227,5,5,6400,148259,1362.125
outer_fold,fold2_seed00_P32_C200_logistic_regression,2,0,32,200,logistic_regression,fine,0.7702803876999036,0.5969662664490739,1.743940114043653,0.08865546248853207,0.5906843631852665,39,38,6400,148259,1362.125
outer_fold,fold2_seed01_P32_C200_logistic_regression,2,1,32,200,logistic_regression,coarse,0.9864763690568532,0.9855192353905252,0.11556312721222639,0.04618879407644272,0.974127323990459,5,5,6400,148259,1357.2578125
outer_fold,fold2_seed01_P32_C200_logistic_regression,2,1,32,200,logistic_regression,fine,0.764499962902758,0.6196080222178856,3.100435797125101,0.16153939440846443,0.6095529693483689,39,38,6400,148259,1357.2578125
outer_fold,fold2_seed02_P32_C200_logistic_regression,2,2,32,200,logistic_regression,coarse,0.9881963320945103,0.9852617763786717,0.10149385593831539,0.041813984513282776,0.973105359136548,5,5,6400,148259,1359.9375
outer_fold,fold2_seed02_P32_C200_logistic_regression,2,2,32,200,logistic_regression,fine,0.7636028841419408,0.6283205373519879,1.6253806045278907,0.08923341520130634,0.609572579553756,39,39,6400,148259,1359.9375
outer_fold,fold2_seed03_P32_C200_logistic_regression,2,3,32,200,logistic_regression,coarse,0.991656493029091,0.9888384634714494,0.09190079662948847,0.042355652898550034,0.9814134654791651,5,5,6400,148259,1357.78125
outer_fold,fold2_seed03_P32_C200_logistic_regression,2,3,32,200,logistic_regression,fine,0.7613028551386425,0.608132495327594,1.6332088625058532,0.08456717990338802,0.5957795900782435,39,38,6400,148259,1357.78125
outer_fold,fold2_seed04_P32_C200_logistic_regression,2,4,32,200,logistic_regression,coarse,0.9867259323211407,0.9855979578956282,0.123067538253963,0.040726170875132084,0.9780996117728934,5,5,6400,148259,1353.08203125
outer_fold,fold2_seed04_P32_C200_logistic_regression,2,4,32,200,logistic_regression,fine,0.7652081829770874,0.6031360319308521,1.4692514287307858,0.08053342998027802,0.599947627380884,39,38,6400,148259,1353.08203125
outer_fold,fold2_seed05_P32_C200_logistic_regression,2,5,32,200,logistic_regression,coarse,0.986078416824611,0.9863698024911285,0.23274916596710682,0.10532017797231674,0.9742973230832825,5,5,6400,148259,1355.3203125
outer_fold,fold2_seed05_P32_C200_logistic_regression,2,5,32,200,logistic_regression,fine,0.7603383268469368,0.6244695770106374,2.5916685173287988,0.0931551493704319,0.6094077800648311,39,38,6400,148259,1355.3203125
outer_fold,fold2_seed06_P32_C200_logistic_regression,2,6,32,200,logistic_regression,coarse,0.9897274364456795,0.9805086524034262,0.10459811985492706,0.04158754553645849,0.9683080982892486,5,5,6400,148259,1353.34375
outer_fold,fold2_seed06_P32_C200_logistic_regression,2,6,32,200,logistic_regression,fine,0.75996735442705,0.6035863190385994,1.3254804639145732,0.08362658601254225,0.5874218850475853,39,37,6400,148259,1353.34375
outer_fold,fold2_seed07_P32_C200_logistic_regression,2,7,32,200,logistic_regression,coarse,0.9930526983184832,0.9880615479280485,0.09356432035565376,0.04028400965034962,0.9819685976464216,5,5,6400,148259,1363.59765625
outer_fold,fold2_seed07_P32_C200_logistic_regression,2,7,32,200,logistic_regression,fine,0.7566218576949797,0.6335637647024301,1.8526884783059359,0.08668203745037317,0.6118213956417684,39,38,6400,148259,1363.59765625
outer_fold,fold2_seed08_P32_C200_logistic_regression,2,8,32,200,logistic_regression,coarse,0.9920409553551555,0.9886444170439128,0.2439751923084259,0.074115801602602,0.9813812655391991,5,5,6400,148259,1374.66015625
outer_fold,fold2_seed08_P32_C200_logistic_regression,2,8,32,200,logistic_regression,fine,0.7632993612529425,0.6268985287389106,1.7389750946313143,0.09081066027283669,0.6132119170857022,39,39,6400,148259,1374.66015625
outer_fold,fold2_seed09_P32_C200_logistic_regression,2,9,32,200,logistic_regression,coarse,0.9904154216607424,0.9893377329193657,0.09213737025856972,0.04222953412681818,0.9721318398354937,5,5,6400,148259,1356.046875
outer_fold,fold2_seed09_P32_C200_logistic_regression,2,9,32,200,logistic_regression,fine,0.7529593481677335,0.6156796346779301,1.4384652813896537,0.07738948706537485,0.5999516515846202,39,37,6400,148259,1356.046875
outer_fold,fold2_seed10_P32_C200_logistic_regression,2,10,32,200,logistic_regression,coarse,0.9904019317545647,0.9873498447451539,0.16580491047352552,0.0907598128542304,0.9772365932531475,5,5,6400,148259,1363.7734375
outer_fold,fold2_seed10_P32_C200_logistic_regression,2,10,32,200,logistic_regression,fine,0.7558596779959396,0.6249856442020804,1.743690132163465,0.08578014932572842,0.6070468859386501,39,38,6400,148259,1363.7734375
outer_fold,fold2_seed11_P32_C200_logistic_regression,2,11,32,200,logistic_regression,coarse,0.9895453227122806,0.986047077312626,0.19748326670378447,0.04124464467167854,0.9809236585367855,5,5,6400,148259,1322.50390625
outer_fold,fold2_seed11_P32_C200_logistic_regression,2,11,32,200,logistic_regression,fine,0.7507672384138568,0.6312481886950223,3.2622006284072995,0.17161425203084946,0.6236315081702474,39,39,6400,148259,1322.50390625
outer_fold,fold2_seed12_P32_C200_logistic_regression,2,12,32,200,logistic_regression,coarse,0.9911641114536048,0.9809603891642563,0.13265615049749613,0.0827189926058054,0.9780614928910538,5,5,6400,148259,1356.4609375
outer_fold,fold2_seed12_P32_C200_logistic_regression,2,12,32,200,logistic_regression,fine,0.7552863569833872,0.5886606609120622,1.7524779280647635,0.08566164411604404,0.5852263607117936,39,37,6400,148259,1356.4609375
outer_fold,fold2_seed13_P32_C200_logistic_regression,2,13,32,200,logistic_regression,coarse,0.9871103946472052,0.9840393144746846,0.29818337596952915,0.1318965069949627,0.9731840435971699,5,5,6400,148259,1332.53515625
outer_fold,fold2_seed13_P32_C200_logistic_regression,2,13,32,200,logistic_regression,fine,0.7541801846768156,0.6194893333598264,2.993497161194682,0.1355459839105606,0.5971343936722203,39,38,6400,148259,1332.53515625
outer_fold,fold2_seed14_P32_C200_logistic_regression,2,14,32,200,logistic_regression,coarse,0.9851408683452607,0.9823190822937843,0.32320478558540344,0.08982198312878609,0.9630779583910003,5,5,6400,148259,1375.71875
outer_fold,fold2_seed14_P32_C200_logistic_regression,2,14,32,200,logistic_regression,fine,0.7595761471478966,0.6292840458479323,1.837348811328411,0.18627098854631186,0.6090740307116452,39,38,6400,148259,1375.71875
outer_fold,fold2_seed15_P32_C200_logistic_regression,2,15,32,200,logistic_regression,coarse,0.9914811242487809,0.9878317930397278,0.15747525822371244,0.09301285538822412,0.9756123733894967,5,5,6400,148259,1365.28125
outer_fold,fold2_seed15_P32_C200_logistic_regression,2,15,32,200,logistic_regression,fine,0.752662570231824,0.59021234239769,3.545662716962397,0.16431322414427996,0.5746860201611173,39,38,6400,148259,1365.28125
outer_fold,fold2_seed16_P32_C200_logistic_regression,2,16,32,200,logistic_regression,coarse,0.9901995831618992,0.9871622046352732,0.10408825892955065,0.04231627471745014,0.9778408688922955,5,5,6400,148259,1362.125
outer_fold,fold2_seed16_P32_C200_logistic_regression,2,16,32,200,logistic_regression,fine,0.7487707322995568,0.610175751826201,1.6672662552446127,0.09161875583231449,0.6019641320711017,39,39,6400,148259,1362.125
outer_fold,fold2_seed17_P32_C200_logistic_regression,2,17,32,200,logistic_regression,coarse,0.9899972345692336,0.9807269247354036,0.18558278307318687,0.09076575189828873,0.9727408214745756,5,5,6400,148259,1357.2578125
outer_fold,fold2_seed17_P32_C200_logistic_regression,2,17,32,200,logistic_regression,fine,0.7623820476328587,0.6251817311713843,1.5101985475048423,0.0828714482486248,0.6051487243387726,39,38,6400,148259,1357.2578125
outer_fold,fold2_seed18_P32_C200_logistic_regression,2,18,32,200,logistic_regression,coarse,0.9867529121334961,0.9833482258859864,0.21062238793820143,0.06771794054657221,0.968029419667975,5,5,6400,148259,1359.9375
outer_fold,fold2_seed18_P32_C200_logistic_regression,2,18,32,200,logistic_regression,fine,0.7612691303731982,0.619868447242939,1.479563619941473,0.0871286429464817,0.5967442766341708,39,38,6400,148259,1359.9375
outer_fold,fold2_seed19_P32_C200_logistic_regression,2,19,32,200,logistic_regression,coarse,0.9833332209174486,0.9828338532477888,0.3577039111405611,0.09242519084364176,0.9682820651984837,5,5,6400,148259,1357.78125
outer_fold,fold2_seed19_P32_C200_logistic_regression,2,19,32,200,logistic_regression,fine,0.7600213140517608,0.6011679568665367,1.9309861846268177,0.15876365080475807,0.5836231237822703,39,37,6400,148259,1357.78125
outer_fold,fold2_seed00_P32_C400_logistic_regression,2,0,32,400,logistic_regression,coarse,0.9901793483026325,0.987093082608626,0.27384848333895206,0.04230538848787546,0.9827499180945274,5,5,12800,148259,1353.08203125
outer_fold,fold2_seed00_P32_C400_logistic_regression,2,0,32,400,logistic_regression,fine,0.7520285446414721,0.6437400814445275,5.793225919827819,0.08457717578858137,0.6223653517173826,39,39,12800,148259,1353.08203125
outer_fold,fold2_seed01_P32_C400_logistic_regression,2,1,32,400,logistic_regression,coarse,0.9891001558084164,0.9883211534703735,0.6259857164695859,0.077997543849051,0.9794829814847382,5,5,12800,148259,1355.3203125
outer_fold,fold2_seed01_P32_C400_logistic_regression,2,1,32,400,logistic_regression,fine,0.7538159572100176,0.6642236896725778,8.848808439448476,0.1418942902237177,0.6371136927500252,39,39,12800,148259,1355.3203125
outer_fold,fold2_seed02_P32_C400_logistic_regression,2,2,32,400,logistic_regression,coarse,0.9874206624892924,0.9847151238445795,0.30456223897635937,0.040238311514258385,0.9705635890900662,5,5,12800,148259,1353.34375
outer_fold,fold2_seed02_P32_C400_logistic_regression,2,2,32,400,logistic_regression,fine,0.7372570973768877,0.6548207457447772,5.76370962895453,0.08955265209078789,0.6223202253841448,39,39,12800,148259,1353.34375
outer_fold,fold2_seed03_P32_C400_logistic_regression,2,3,32,400,logistic_regression,coarse,0.9901793483026325,0.9884080704907948,0.5978631768375635,0.11142834462225437,0.9773232871166855,5,5,12800,148259,1363.59765625
outer_fold,fold2_seed03_P32_C400_logistic_regression,2,3,32,400,logistic_regression,fine,0.7493642881713758,0.6438244080486586,8.591191320680082,0.1909389477223158,0.6181544791912589,39,39,12800,148259,1363.59765625
outer_fold,fold2_seed04_P32_C400_logistic_regression,2,4,32,400,logistic_regression,coarse,0.9882300568599546,0.9873705629311367,0.5622580219060183,0.04101567342877388,0.9779361986349381,5,5,12800,148259,1374.66015625
outer_fold,fold2_seed04_P32_C400_logistic_regression,2,4,32,400,logistic_regression,fine,0.7613770496226199,0.6485786917783489,6.580073736608028,0.10835811216384172,0.6363266750601319,39,39,12800,148259,1374.66015625
outer_fold,fold2_seed05_P32_C400_logistic_regression,2,5,32,400,logistic_regression,coarse,0.9879197890178674,0.9897340276941395,0.37235041335225105,0.04201434273272753,0.9765177508113047,5,5,12800,148259,1356.046875
outer_fold,fold2_seed05_P32_C400_logistic_regression,2,5,32,400,logistic_regression,fine,0.7500050587148166,0.6626038109704383,5.99894608091563,0.08194111939519644,0.6222396188783729,39,39,12800,148259,1356.046875
outer_fold,fold2_seed06_P32_C400_logistic_regression,2,6,32,400,logistic_regression,coarse,0.9887763980601515,0.9880029516658938,0.46463259030133486,0.04028788674622774,0.977904682943031,5,5,12800,148259,1363.7734375
outer_fold,fold2_seed06_P32_C400_logistic_regression,2,6,32,400,logistic_regression,fine,0.7360902204925165,0.6504350237036609,6.068564339540899,0.08999311923980713,0.6173890845159467,39,39,12800,148259,1363.7734375
outer_fold,fold2_seed07_P32_C400_logistic_regression,2,7,32,400,logistic_regression,coarse,0.9893294842134372,0.9874447815572168,0.6884173154830933,0.0963786207139492,0.9752412051450634,5,5,12800,148259,1322.50390625
outer_fold,fold2_seed07_P32_C400_logistic_regression,2,7,32,400,logistic_regression,fine,0.7397797098321182,0.6666924909384001,7.509618275798857,0.08081902656704187,0.628890910573677,39,38,12800,148259,1322.50390625
outer_fold,fold2_seed08_P32_C400_logistic_regression,2,8,32,400,logistic_regression,coarse,0.9903816968952981,0.9885178260048934,0.540364071726799,0.09005415067076683,0.9774462519229878,5,5,12800,148259,1356.4609375
outer_fold,fold2_seed08_P32_C400_logistic_regression,2,8,32,400,logistic_regression,fine,0.7510977411152105,0.6633552995470093,8.112156763672829,0.09870226867496967,0.6335629643298398,39,39,12800,148259,1356.4609375
outer_fold,fold2_seed09_P32_C400_logistic_regression,2,9,32,400,logistic_regression,coarse,0.9889180420750173,0.988772149233261,0.37372177094221115,0.041516548953950405,0.9787061124184483,5,5,12800,148259,1332.53515625
outer_fold,fold2_seed09_P32_C400_logistic_regression,2,9,32,400,logistic_regression,fine,0.7243135323993821,0.665604860182251,8.61956537142396,0.0867598531767726,0.6339065368574508,39,39,12800,148259,1332.53515625
outer_fold,fold2_seed10_P32_C400_logistic_regression,2,10,32,400,logistic_regression,coarse,0.9884256604995312,0.9890450579299609,0.3138357102870941,0.04481006693094969,0.9773905187576373,5,5,12800,148259,1375.71875
outer_fold,fold2_seed10_P32_C400_logistic_regression,2,10,32,400,logistic_regression,fine,0.7410275261535556,0.6483041552593538,10.01234002970159,0.17612772900611162,0.6266719712193634,39,39,12800,148259,1375.71875
outer_fold,fold2_seed11_P32_C400_logistic_regression,2,11,32,400,logistic_regression,coarse,0.9884256604995312,0.9857094510060257,0.2914542332291603,0.044386173598468304,0.978368364324502,5,5,12800,148259,1365.28125
outer_fold,fold2_seed11_P32_C400_logistic_regression,2,11,32,400,logistic_regression,fine,0.727719733709252,0.6632357884650529,8.19846202712506,0.12256527785211802,0.6304036762154707,39,39,12800,148259,1365.28125
outer_fold,fold2_seed12_P32_C400_logistic_regression,2,12,32,400,logistic_regression,coarse,0.9900849189593887,0.9890966448925509,0.5243516499176621,0.040324291214346886,0.977880554215185,5,5,12800,148259,1362.125
outer_fold,fold2_seed12_P32_C400_logistic_regression,2,12,32,400,logistic_regression,fine,0.7386330678070134,0.6370781329851074,11.12590242922306,0.19174076430499554,0.6195406245312506,39,39,12800,148259,1362.125
outer_fold,fold2_seed13_P32_C400_logistic_regression,2,13,32,400,logistic_regression,coarse,0.985761404029435,0.9852769480623218,0.6053968146443367,0.04131484869867563,0.97376143466806,5,5,12800,148259,1357.2578125
outer_fold,fold2_seed13_P32_C400_logistic_regression,2,13,32,400,logistic_regression,fine,0.7392468585380989,0.6437219775222605,5.400791364721954,0.08717805799096823,0.610024156865284,39,39,12800,148259,1357.2578125
outer_fold,fold2_seed14_P32_C400_logistic_regression,2,14,32,400,logistic_regression,coarse,0.9875016019263586,0.9863495005364543,0.513552880845964,0.04310219641774893,0.9728283759090919,5,5,12800,148259,1359.9375
outer_fold,fold2_seed14_P32_C400_logistic_regression,2,14,32,400,logistic_regression,fine,0.7409196069041339,0.662197767565941,9.291266299784184,0.09153151605278254,0.6277957745207225,39,39,12800,148259,1359.9375
outer_fold,fold2_seed15_P32_C400_logistic_regression,2,15,32,400,logistic_regression,coarse,0.9921623645107548,0.988727836423303,0.2089167721569538,0.04339070804417133,0.9735853927202978,5,5,12800,148259,1357.78125
outer_fold,fold2_seed15_P32_C400_logistic_regression,2,15,32,400,logistic_regression,fine,0.7350987123884554,0.6382672031134842,6.60697310231626,0.1794497687369585,0.5954106219411935,39,38,12800,148259,1357.78125
outer_fold,fold2_seed16_P32_C400_logistic_regression,2,16,32,400,logistic_regression,coarse,0.9894239135566812,0.9868472471249083,0.27053600922226906,0.04021676070988178,0.9781845392067373,5,5,12800,148259,1353.08203125
outer_fold,fold2_seed16_P32_C400_logistic_regression,2,16,32,400,logistic_regression,fine,0.7446630558684464,0.6362619208631662,5.62232443317771,0.08613957837224007,0.6141956766298082,39,39,12800,148259,1353.08203125
outer_fold,fold2_seed17_P32_C400_logistic_regression,2,17,32,400,logistic_regression,coarse,0.9890057264651725,0.9871157245835912,0.725163503549993,0.09038495365530252,0.9792426457935477,5,5,12800,148259,1355.3203125
outer_fold,fold2_seed17_P32_C400_logistic_regression,2,17,32,400,logistic_regression,fine,0.7455533896761748,0.6539975453678346,5.006512047722936,0.08094784803688526,0.6229120485927645,39,38,12800,148259,1355.3203125
outer_fold,fold2_seed18_P32_C400_logistic_regression,2,18,32,400,logistic_regression,coarse,0.9890124714182613,0.9882420506634633,0.26864730939269066,0.04299545846879482,0.9805148184538126,5,5,12800,148259,1353.34375
outer_fold,fold2_seed18_P32_C400_logistic_regression,2,18,32,400,logistic_regression,fine,0.7473542921508981,0.6463243681932828,5.63427010178566,0.08629419840872288,0.6195893568015327,39,38,12800,148259,1353.34375
outer_fold,fold2_seed19_P32_C400_logistic_regression,2,19,32,400,logistic_regression,coarse,0.986712442414963,0.9877002242281495,0.6877548452466726,0.09119901899248362,0.9777052894754549,5,5,12800,148259,1363.59765625
outer_fold,fold2_seed19_P32_C400_logistic_regression,2,19,32,400,logistic_regression,fine,0.737155923080555,0.6503176804152562,5.398367641493678,0.10082811210304499,0.6169364697503165,39,39,12800,148259,1363.59765625
outer_fold,fold2_seed00_P32_C800_logistic_regression,2,0,32,800,logistic_regression,coarse,0.9912585407968487,0.9900364615561814,0.654653207398951,0.04030121583491564,0.9852820081291223,5,5,25600,148259,1374.66015625
outer_fold,fold2_seed00_P32_C800_logistic_regression,2,0,32,800,logistic_regression,fine,0.7541869296299044,0.6825795621932739,13.434398301877081,0.18523556552827358,0.6488556152897507,39,39,25600,148259,1374.66015625
outer_fold,fold2_seed01_P32_C800_logistic_regression,2,1,32,800,logistic_regression,coarse,0.9897004566333241,0.9900105404001159,0.6984025994315743,0.041265835985541344,0.9820460528528159,5,5,25600,148259,1356.046875
outer_fold,fold2_seed01_P32_C800_logistic_regression,2,1,32,800,logistic_regression,fine,0.7504772054310362,0.693767527399982,18.175479811616242,0.08577873837202787,0.6402338276059502,39,39,25600,148259,1356.046875
outer_fold,fold2_seed02_P32_C800_logistic_regression,2,2,32,800,logistic_regression,coarse,0.990206328114988,0.9897654318986555,0.7950067073106766,0.05461391992866993,0.9807939246466534,5,5,25600,148259,1363.7734375
outer_fold,fold2_seed02_P32_C800_logistic_regression,2,2,32,800,logistic_regression,fine,0.7275645997882084,0.6999864385705481,12.949939467944205,0.08804729487746954,0.6437785835094696,39,39,25600,148259,1363.7734375
outer_fold,fold2_seed03_P32_C800_logistic_regression,2,3,32,800,logistic_regression,coarse,0.9913866949055369,0.9904777003043147,1.1649667853489518,0.09306960087269545,0.9833707298710351,5,5,25600,148259,1322.80859375
outer_fold,fold2_seed03_P32_C800_logistic_regression,2,3,32,800,logistic_regression,fine,0.7423427920058816,0.6804100661680338,16.461657307110727,0.08871194813400507,0.637311537571396,39,39,25600,148259,1322.80859375
outer_fold,fold2_seed04_P32_C800_logistic_regression,2,4,32,800,logistic_regression,coarse,0.990476126238542,0.9911339643030315,0.9115683846175671,0.08956584148108959,0.979915933222958,5,5,25600,148259,1356.4609375
outer_fold,fold2_seed04_P32_C800_logistic_regression,2,4,32,800,logistic_regression,fine,0.7535394141333747,0.6942765817912309,22.818512488156557,0.09427099488675594,0.652682545650119,39,39,25600,148259,1356.4609375
outer_fold,fold2_seed05_P32_C800_logistic_regression,2,5,32,800,logistic_regression,coarse,0.986982240538517,0.9885343973727343,0.7800020100548863,0.04290751554071903,0.9822297281529476,5,5,25600,148259,1332.53515625
outer_fold,fold2_seed05_P32_C800_logistic_regression,2,5,32,800,logistic_regression,fine,0.7392333686319211,0.694871731146218,11.242437518201768,0.09377813898026943,0.63475713374923,39,39,25600,148259,1332.53515625
outer_fold,fold2_seed06_P32_C800_logistic_regression,2,6,32,800,logistic_regression,coarse,0.9905907904410525,0.9889401851432126,1.3346117557957768,0.08998562768101692,0.9842161529412048,5,5,25600,148259,1375.71875
outer_fold,fold2_seed06_P32_C800_logistic_regression,2,6,32,800,logistic_regression,fine,0.7280637263167835,0.6941717163251869,22.896117680706084,0.0883194012567401,0.6387817518452926,39,39,25600,148259,1375.71875
outer_fold,fold2_seed07_P32_C800_logistic_regression,2,7,32,800,logistic_regression,coarse,0.991292265562293,0.9899040601583374,0.6029272470623255,0.04154144786298275,0.982555507110438,5,5,25600,148259,1365.28125
outer_fold,fold2_seed07_P32_C800_logistic_regression,2,7,32,800,logistic_regression,fine,0.7303367755077264,0.6983755894951925,14.467103407718241,0.08302318584173918,0.6428013642023207,39,39,25600,148259,1365.28125
outer_fold,fold2_seed08_P32_C800_logistic_regression,2,8,32,800,logistic_regression,coarse,0.9920139755428001,0.9901139273321931,0.5101719237864017,0.039878143928945065,0.9839078632942039,5,5,25600,148259,1362.125
outer_fold,fold2_seed08_P32_C800_logistic_regression,2,8,32,800,logistic_regression,fine,0.7595694021948077,0.6952520381619097,11.288780696690083,0.08828009385615587,0.6556644724511747,39,39,25600,148259,1362.125
outer_fold,fold2_seed09_P32_C800_logistic_regression,2,9,32,800,logistic_regression,coarse,0.9900039795223224,0.9894634214555541,0.6456090183928609,0.042216463945806026,0.9802254483978026,5,5,25600,148259,1357.2578125
outer_fold,fold2_seed09_P32_C800_logistic_regression,2,9,32,800,logistic_regression,fine,0.7307077479276132,0.7039761772942741,19.77550366334617,0.08507838286459446,0.6477503983213547,39,39,25600,148259,1357.2578125
outer_fold,fold2_seed10_P32_C800_logistic_regression,2,10,32,800,logistic_regression,coarse,0.9907459243620961,0.9904639202917849,0.8708383990451694,0.041750598698854446,0.9797778690620161,5,5,25600,148259,1359.9375
outer_fold,fold2_seed10_P32_C800_logistic_regression,2,10,32,800,logistic_regression,fine,0.7229712867347008,0.7004556711230849,13.43612005468458,0.09007867705076933,0.6454453251483061,39,39,25600,148259,1359.9375
outer_fold,fold2_seed11_P32_C800_logistic_regression,2,11,32,800,logistic_regression,coarse,0.9875016019263586,0.9862920312104432,0.5930067906156182,0.04168980848044157,0.9767677458625645,5,5,25600,148259,1357.78125
outer_fold,fold2_seed11_P32_C800_logistic_regression,2,11,32,800,logistic_regression,fine,0.7309775460511672,0.7033761072279932,13.299298722296953,0.09607986453920603,0.6481605894839912,39,39,25600,148259,1357.78125
outer_fold,fold2_seed12_P32_C800_logistic_regression,2,12,32,800,logistic_regression,coarse,0.9910022325794724,0.9903445790187948,0.8834496941417456,0.0422679428011179,0.9816505518288772,5,5,25600,148259,1353.08203125
outer_fold,fold2_seed12_P32_C800_logistic_regression,2,12,32,800,logistic_regression,fine,0.7354224701367202,0.6673316486240167,17.839542030356824,0.12113810796290636,0.62499630190384,39,39,25600,148259,1353.08203125
outer_fold,fold2_seed13_P32_C800_logistic_regression,2,13,32,800,logistic_regression,coarse,0.989025961324439,0.9883860427733968,0.7601397326216102,0.04550348129123449,0.9766816058747384,5,5,25600,148259,1355.3203125
outer_fold,fold2_seed13_P32_C800_logistic_regression,2,13,32,800,logistic_regression,fine,0.7396852804888742,0.6923136076623533,18.745667059905827,0.15232047159224749,0.6383722151393937,39,39,25600,148259,1355.3203125
outer_fold,fold2_seed14_P32_C800_logistic_regression,2,14,32,800,logistic_regression,coarse,0.9907594142682737,0.9900473822614797,0.6091476520523429,0.04145567864179611,0.9789753984677372,5,5,25600,148259,1353.34375
outer_fold,fold2_seed14_P32_C800_logistic_regression,2,14,32,800,logistic_regression,fine,0.7412096398869545,0.6888813356387489,13.648406986147165,0.08884717896580696,0.633426334759564,39,39,25600,148259,1353.34375
outer_fold,fold2_seed15_P32_C800_logistic_regression,2,15,32,800,logistic_regression,coarse,0.9891676053393048,0.9883186871125161,1.5884490879252553,0.07504021003842354,0.980938527588257,5,5,25600,148259,1363.59765625
outer_fold,fold2_seed15_P32_C800_logistic_regression,2,15,32,800,logistic_regression,fine,0.7271059429781666,0.6885187619252444,18.287381913512945,0.09024802036583424,0.6350159251029923,39,39,25600,148259,1363.59765625
outer_fold,fold2_seed16_P32_C800_logistic_regression,2,16,32,800,logistic_regression,coarse,0.9921353846983995,0.9907663852723603,0.5270234579220414,0.0385670680552721,0.9846779049677672,5,5,25600,148259,1374.66015625
outer_fold,fold2_seed16_P32_C800_logistic_regression,2,16,32,800,logistic_regression,fine,0.7413850086672648,0.6840235363341409,14.481738795526326,0.09077304415404797,0.6433226688470951,39,39,25600,148259,1374.66015625
outer_fold,fold2_seed17_P32_C800_logistic_regression,2,17,32,800,logistic_regression,coarse,0.991379949952448,0.9900770246023388,0.8367942618206143,0.04686307068914175,0.9841234153922706,5,5,25600,148259,1356.046875
outer_fold,fold2_seed17_P32_C800_logistic_regression,2,17,32,800,logistic_regression,fine,0.7334934135533088,0.6926349467487366,18.927097977139056,0.08960091415792704,0.6437668915187202,39,39,25600,148259,1356.046875
outer_fold,fold2_seed18_P32_C800_logistic_regression,2,18,32,800,logistic_regression,coarse,0.991069682110361,0.990276807477638,0.6583864782005548,0.040346624329686165,0.9844647351035615,5,5,25600,148259,1363.7734375
outer_fold,fold2_seed18_P32_C800_logistic_regression,2,18,32,800,logistic_regression,fine,0.7366298167396246,0.6842265799266849,13.158316190354526,0.08829471375793219,0.6371085018302296,39,39,25600,148259,1363.7734375
outer_fold,fold2_seed19_P32_C800_logistic_regression,2,19,32,800,logistic_regression,coarse,0.9900174694285001,0.990418105042734,0.7063727080821991,0.039800879545509815,0.9811647433944322,5,5,25600,148259,1322.80859375
outer_fold,fold2_seed19_P32_C800_logistic_regression,2,19,32,800,logistic_regression,fine,0.7255141340491977,0.695414634069998,13.274520481936634,0.08891770429909229,0.6358924698819839,39,39,25600,148259,1322.80859375
outer_fold,fold2_seed00_P32_C1600_logistic_regression,2,0,32,1600,logistic_regression,coarse,0.9920949149798663,0.9919666167549354,1.4675127742812037,0.045911891385912895,0.9849436560646367,5,5,51200,148259,1356.4609375
outer_fold,fold2_seed00_P32_C1600_logistic_regression,2,0,32,1600,logistic_regression,fine,0.7492833487343096,0.7218216747466115,45.24977910891175,0.1910928776487708,0.6703307835338642,39,39,51200,148259,1356.4609375
outer_fold,fold2_seed01_P32_C1600_logistic_regression,2,1,32,1600,logistic_regression,coarse,0.9911978362190491,0.9911788973791452,2.8053926872089505,0.08735205605626106,0.982095915969923,5,5,51200,148259,1332.53515625
outer_fold,fold2_seed01_P32_C1600_logistic_regression,2,1,32,1600,logistic_regression,fine,0.7566690723666016,0.7266075146699962,41.949258390814066,0.18860763777047396,0.6536221533961128,39,39,51200,148259,1332.53515625
outer_fold,fold2_seed02_P32_C1600_logistic_regression,2,2,32,1600,logistic_regression,coarse,0.9907391794090072,0.9907884655684966,2.9418948218226433,0.11421013716608286,0.9824167783219359,5,5,51200,148259,1375.71875
outer_fold,fold2_seed02_P32_C1600_logistic_regression,2,2,32,1600,logistic_regression,fine,0.7364881727247587,0.7411196146047306,30.25546188466251,0.08994749374687672,0.664053244824573,39,39,51200,148259,1375.71875
outer_fold,fold2_seed03_P32_C1600_logistic_regression,2,3,32,1600,logistic_regression,coarse,0.9921825993700214,0.9913644695793703,1.7189095625653863,0.04005881492048502,0.9863543120304824,5,5,51200,148259,1365.28125
outer_fold,fold2_seed03_P32_C1600_logistic_regression,2,3,32,1600,logistic_regression,fine,0.7520285446414721,0.7280512984664036,24.748436542227864,0.09207185171544552,0.6703655514727851,39,39,51200,148259,1365.28125
outer_fold,fold2_seed04_P32_C1600_logistic_regression,2,4,32,1600,logistic_regression,coarse,0.9913259903277373,0.9913663367978529,2.6676897518336773,0.088367173448205,0.9819919187571721,5,5,51200,148259,1362.125
outer_fold,fold2_seed04_P32_C1600_logistic_regression,2,4,32,1600,logistic_regression,fine,0.7595626572417189,0.7332429541565693,55.316770111210644,0.08652232866734266,0.6745841485615985,39,39,51200,148259,1362.125
outer_fold,fold2_seed05_P32_C1600_logistic_regression,2,5,32,1600,logistic_regression,coarse,0.9886819687169076,0.9898595328638414,1.4588549714535475,0.04052853491157293,0.983665712439136,5,5,51200,148259,1357.2578125
outer_fold,fold2_seed05_P32_C1600_logistic_regression,2,5,32,1600,logistic_regression,fine,0.7445146669004917,0.7371561462789101,30.160169295966625,0.09765623975545168,0.6540458200821523,39,39,51200,148259,1357.2578125
outer_fold,fold2_seed06_P32_C1600_logistic_regression,2,6,32,1600,logistic_regression,coarse,0.9919937406835335,0.9912839842909369,1.5310181435197592,0.04147385712713003,0.9864533316039124,5,5,51200,148259,1359.9375
outer_fold,fold2_seed06_P32_C1600_logistic_regression,2,6,32,1600,logistic_regression,fine,0.734296062970882,0.7286484679747753,39.242548380978405,0.09214071463793516,0.6563161569960609,39,39,51200,148259,1359.9375
outer_fold,fold2_seed07_P32_C1600_logistic_regression,2,7,32,1600,logistic_regression,coarse,0.9919869957304447,0.9906354984529171,3.1398013224825263,0.15245405118912458,0.9802672817955352,5,5,51200,148259,1357.78125
outer_fold,fold2_seed07_P32_C1600_logistic_regression,2,7,32,1600,logistic_regression,fine,0.7387072622909908,0.73410450333799,37.12241517845541,0.08973019663244486,0.6618296226788163,39,39,51200,148259,1357.78125
outer_fold,fold2_seed08_P32_C1600_logistic_regression,2,8,32,1600,logistic_regression,coarse,0.9924996121651974,0.9911681993698647,1.4512300807982683,0.04566856753081083,0.9859154811133225,5,5,51200,148259,1353.08203125
outer_fold,fold2_seed08_P32_C1600_logistic_regression,2,8,32,1600,logistic_regression,fine,0.7708267289001005,0.7228890750285398,31.636411944404244,0.09199557732790709,0.6636361686170674,39,39,51200,148259,1353.08203125
outer_fold,fold2_seed09_P32_C1600_logistic_regression,2,9,32,1600,logistic_regression,coarse,0.9925872965553525,0.9911301960097483,1.8070274237543344,0.041051026433706284,0.9844205774158004,5,5,51200,148259,1355.3203125
outer_fold,fold2_seed09_P32_C1600_logistic_regression,2,9,32,1600,logistic_regression,fine,0.7404811849533587,0.7284712462439348,39.80569818709046,0.18754933774471283,0.661440448376695,39,39,51200,148259,1355.3203125
outer_fold,fold2_seed10_P32_C1600_logistic_regression,2,10,32,1600,logistic_regression,coarse,0.9918318618094011,0.9913030377226812,3.145207514986396,0.049560967832803726,0.9808199241910772,5,5,51200,148259,1353.34375
outer_fold,fold2_seed10_P32_C1600_logistic_regression,2,10,32,1600,logistic_regression,fine,0.7311394249252996,0.7317013909071785,46.874734609387815,0.18225455470383167,0.6605740276677659,39,39,51200,148259,1353.34375
outer_fold,fold2_seed11_P32_C1600_logistic_regression,2,11,32,1600,logistic_regression,coarse,0.9902130730680768,0.9906912331597523,1.8750460231676698,0.04417823255062103,0.9820139562419212,5,5,51200,148259,1363.59765625
outer_fold,fold2_seed11_P32_C1600_logistic_regression,2,11,32,1600,logistic_regression,fine,0.7493777780775535,0.7397099125344065,30.364481451921165,0.08975944109261036,0.6686784998441565,39,39,51200,148259,1363.59765625
outer_fold,fold2_seed12_P32_C1600_logistic_regression,2,12,32,1600,logistic_regression,coarse,0.9915890434982024,0.991205487838917,1.39135982375592,0.04154048580676317,0.9839209178122935,5,5,51200,148259,1374.66015625
outer_fold,fold2_seed12_P32_C1600_logistic_regression,2,12,32,1600,logistic_regression,fine,0.7426800396603241,0.7179997966045695,37.14693481940776,0.09000343456864357,0.6566456155800048,39,39,51200,148259,1374.66015625
outer_fold,fold2_seed13_P32_C1600_logistic_regression,2,13,32,1600,logistic_regression,coarse,0.9906919647373853,0.9905865216583297,1.408289983868599,0.042498636059463024,0.9818116660719414,5,5,51200,148259,1356.046875
outer_fold,fold2_seed13_P32_C1600_logistic_regression,2,13,32,1600,logistic_regression,fine,0.7469900646841001,0.7241003469126226,35.33919861074537,0.09408351499587297,0.6514072224722858,39,39,51200,148259,1356.046875
outer_fold,fold2_seed14_P32_C1600_logistic_regression,2,14,32,1600,logistic_regression,coarse,0.9908336087522511,0.9905518569314944,1.842859379015863,0.06296439561992884,0.9825883029117184,5,5,51200,148259,1363.7734375
outer_fold,fold2_seed14_P32_C1600_logistic_regression,2,14,32,1600,logistic_regression,fine,0.7406835335460242,0.7361355802269673,33.48617440927774,0.08957778010517359,0.6653896362269704,39,39,51200,148259,1363.7734375
outer_fold,fold2_seed15_P32_C1600_logistic_regression,2,15,32,1600,logistic_regression,coarse,0.9897476713049461,0.9901394407700798,2.0512266950681806,0.04017204325646162,0.9790451878949515,5,5,51200,148259,1322.80859375
outer_fold,fold2_seed15_P32_C1600_logistic_regression,2,15,32,1600,logistic_regression,fine,0.7360497507739834,0.7301281857247036,30.078012690879405,0.08442319463938475,0.6513030141343237,39,39,51200,148259,1322.80859375
outer_fold,fold2_seed16_P32_C1600_logistic_regression,2,16,32,1600,logistic_regression,coarse,0.9925872965553525,0.9909966690826295,1.6173784444108605,0.07973125204443932,0.9855993479777176,5,5,51200,148259,1356.4609375
outer_fold,fold2_seed16_P32_C1600_logistic_regression,2,16,32,1600,logistic_regression,fine,0.7516845520339406,0.7291360902686481,35.81205295212567,0.08855792786926031,0.6624661352180023,39,39,51200,148259,1356.4609375
outer_fold,fold2_seed17_P32_C1600_logistic_regression,2,17,32,1600,logistic_regression,coarse,0.9924591424466643,0.9915342762497936,1.8415598617866635,0.04571777116507292,0.9859053294316789,5,5,51200,148259,1332.53515625
outer_fold,fold2_seed17_P32_C1600_logistic_regression,2,17,32,1600,logistic_regression,fine,0.7322388522787824,0.7426196506160868,35.325943124480546,0.09263622481375933,0.6695896486346914,39,39,51200,148259,1332.53515625
outer_fold,fold2_seed18_P32_C1600_logistic_regression,2,18,32,1600,logistic_regression,coarse,0.9909078032362285,0.9910496346377234,1.4377729129046202,0.040461585856974125,0.985447261911548,5,5,51200,148259,1375.71875
outer_fold,fold2_seed18_P32_C1600_logistic_regression,2,18,32,1600,logistic_regression,fine,0.7465988574049468,0.7222534917701363,32.477343648672104,0.09551981929689646,0.6550136978756804,39,39,51200,148259,1375.71875
outer_fold,fold2_seed19_P32_C1600_logistic_regression,2,19,32,1600,logistic_regression,coarse,0.9925198470244639,0.9918004455954105,1.6118952883407474,0.03943605534732342,0.9854767201623325,5,5,51200,148259,1365.28125
outer_fold,fold2_seed19_P32_C1600_logistic_regression,2,19,32,1600,logistic_regression,fine,0.7205700834350697,0.7333280105399199,27.83997114561498,0.09047865401953459,0.6598142420995929,39,39,51200,148259,1365.28125
outer_fold,fold3_seed00_P8_C100_logistic_regression,3,0,8,100,logistic_regression,coarse,0.9855156966615707,0.9547116665215345,0.020372568629682064,0.0422892440110445,0.9480091920940353,5,5,800,140635,1362.125
outer_fold,fold3_seed00_P8_C100_logistic_regression,3,0,8,100,logistic_regression,fine,0.7512639101219469,0.4642059038689331,0.09638498071581125,0.07665830478072166,0.4560432525180887,39,34,800,140635,1362.125
outer_fold,fold3_seed01_P8_C100_logistic_regression,3,1,8,100,logistic_regression,coarse,0.985935222384186,0.9536758440854021,0.01727934181690216,0.043430778197944164,0.9601393923433763,5,5,800,140635,1357.2578125
outer_fold,fold3_seed01_P8_C100_logistic_regression,3,1,8,100,logistic_regression,fine,0.724037401784762,0.43528107733144783,0.10773222893476486,0.07285412587225437,0.44259811702247903,39,34,800,140635,1357.2578125
outer_fold,fold3_seed02_P8_C100_logistic_regression,3,2,8,100,logistic_regression,coarse,0.9904504568564013,0.9877140728177694,0.011889548040926456,0.04034922644495964,0.9742000414596423,5,5,800,140635,1359.9375
outer_fold,fold3_seed02_P8_C100_logistic_regression,3,2,8,100,logistic_regression,fine,0.7532335478365982,0.48745212494228296,0.08348963130265474,0.07763155829161406,0.49904130700692095,39,36,800,140635,1359.9375
outer_fold,fold3_seed03_P8_C100_logistic_regression,3,3,8,100,logistic_regression,coarse,0.9892274327158957,0.9391519294715506,0.01538346242159605,0.0400057565420866,0.9549324935398115,5,5,800,140635,1357.78125
outer_fold,fold3_seed03_P8_C100_logistic_regression,3,3,8,100,logistic_regression,fine,0.7318732890105593,0.4133390961834658,0.09232364688068628,0.07639651373028755,0.4191559578293459,39,34,800,140635,1357.78125
outer_fold,fold3_seed04_P8_C100_logistic_regression,3,4,8,100,logistic_regression,coarse,0.9848686315639776,0.9776921694108178,0.017476926557719707,0.041059358045458794,0.9438438809549383,5,5,800,140635,1353.08203125
outer_fold,fold3_seed04_P8_C100_logistic_regression,3,4,8,100,logistic_regression,fine,0.7539232765669996,0.4510179364507884,0.11010234523564577,0.07154287025332451,0.4390358167792341,39,34,800,140635,1353.08203125
outer_fold,fold3_seed05_P8_C100_logistic_regression,3,5,8,100,logistic_regression,coarse,0.9888079069932805,0.9696201194256819,0.014547283761203289,0.03420143201947212,0.9647865111661375,5,5,800,140635,1355.3203125
outer_fold,fold3_seed05_P8_C100_logistic_regression,3,5,8,100,logistic_regression,fine,0.7663526149251608,0.49979590609711066,0.0698099136352539,0.06078791618347168,0.5087791405324211,39,35,800,140635,1355.3203125
outer_fold,fold3_seed06_P8_C100_logistic_regression,3,6,8,100,logistic_regression,coarse,0.984520211896043,0.9295009173621018,0.017826219089329243,0.03867723140865564,0.9501641506041374,5,5,800,140635,1353.34375
outer_fold,fold3_seed06_P8_C100_logistic_regression,3,6,8,100,logistic_regression,fine,0.742325879048601,0.4561741629502741,0.10756921488791704,0.07752201426774263,0.4537160679554715,39,35,800,140635,1353.34375
outer_fold,fold3_seed07_P8_C100_logistic_regression,3,7,8,100,logistic_regression,coarse,0.9767554307249262,0.9742615379021327,0.020101134665310383,0.04173731058835983,0.9290890153501804,5,5,800,140635,1363.59765625
outer_fold,fold3_seed07_P8_C100_logistic_regression,3,7,8,100,logistic_regression,fine,0.7630817364098553,0.4892580034053006,0.13421971444040537,0.08863633498549461,0.48792665347018055,39,37,800,140635,1363.59765625
outer_fold,fold3_seed08_P8_C100_logistic_regression,3,8,8,100,logistic_regression,coarse,0.9855370284779749,0.8450513891780232,0.014981471933424473,0.037332044914364815,0.8666364471452066,5,5,800,140635,1374.66015625
outer_fold,fold3_seed08_P8_C100_logistic_regression,3,8,8,100,logistic_regression,fine,0.7434066910797454,0.43155905395329613,0.08912370167672634,0.071884049102664,0.4263890755242133,39,33,800,140635,1374.66015625
outer_fold,fold3_seed09_P8_C100_logistic_regression,3,9,8,100,logistic_regression,coarse,0.9812493333807374,0.8235515519379693,0.020829240791499615,0.03908155579119921,0.8471157431633248,5,5,800,140635,1356.046875
outer_fold,fold3_seed09_P8_C100_logistic_regression,3,9,8,100,logistic_regression,fine,0.7485618800440857,0.44917423868957995,0.1250670924782753,0.17608601693063974,0.4581632735290252,39,34,800,140635,1356.046875
outer_fold,fold3_seed10_P8_C100_logistic_regression,3,10,8,100,logistic_regression,coarse,0.9833896256266221,0.9762987744314839,0.04900779202580452,0.1145373061299324,0.9638577459988051,5,5,800,140635,1363.7734375
outer_fold,fold3_seed10_P8_C100_logistic_regression,3,10,8,100,logistic_regression,fine,0.722892594304405,0.4827117773858428,0.16520558670163155,0.1396188335493207,0.48787634766416804,39,36,800,140635,1363.7734375
outer_fold,fold3_seed11_P8_C100_logistic_regression,3,11,8,100,logistic_regression,coarse,0.9817684075799055,0.8485436914376023,0.01542410347610712,0.04279436822980642,0.8574923212917189,5,5,800,140635,1322.80859375
outer_fold,fold3_seed11_P8_C100_logistic_regression,3,11,8,100,logistic_regression,fine,0.7575567959611761,0.41937646656474614,0.08289455529302359,0.060882436111569405,0.41274760302701635,39,32,800,140635,1322.80859375
outer_fold,fold3_seed12_P8_C100_logistic_regression,3,12,8,100,logistic_regression,coarse,0.9885234827745583,0.9581183011858225,0.01328516099601984,0.03903617896139622,0.9521768593502058,5,5,800,140635,1356.4609375
outer_fold,fold3_seed12_P8_C100_logistic_regression,3,12,8,100,logistic_regression,fine,0.7407970988729691,0.47850310513945415,0.10557769145816565,0.07447256240993738,0.4688591881875247,39,35,800,140635,1356.4609375
outer_fold,fold3_seed13_P8_C100_logistic_regression,3,13,8,100,logistic_regression,coarse,0.9825790166032637,0.8442396834571573,0.05022184457629919,0.10654807090759277,0.8682856854039411,5,5,800,140635,1332.53515625
outer_fold,fold3_seed13_P8_C100_logistic_regression,3,13,8,100,logistic_regression,fine,0.7426671881110677,0.42829404011005284,0.11755772493779659,0.07878796383738518,0.4413970394623469,39,34,800,140635,1332.53515625
outer_fold,fold3_seed14_P8_C100_logistic_regression,3,14,8,100,logistic_regression,coarse,0.978255768478686,0.7831304941933522,0.014676007442176342,0.03549614455550909,0.7832376190847592,5,4,800,140635,1375.71875
outer_fold,fold3_seed14_P8_C100_logistic_regression,3,14,8,100,logistic_regression,fine,0.7243858214526967,0.3785522477731422,0.09432039875537157,0.06882925983518362,0.37966766560554105,39,32,800,140635,1375.71875
outer_fold,fold3_seed15_P8_C100_logistic_regression,3,15,8,100,logistic_regression,coarse,0.9873289010559249,0.9646442312057107,0.013133443892002106,0.03951086662709713,0.9585701772573518,5,5,800,140635,1365.28125
outer_fold,fold3_seed15_P8_C100_logistic_regression,3,15,8,100,logistic_regression,fine,0.7571799338713692,0.43147480844370495,0.11668883822858334,0.07580109499394894,0.43519631069898124,39,35,800,140635,1365.28125
outer_fold,fold3_seed16_P8_C100_logistic_regression,3,16,8,100,logistic_regression,coarse,0.9795001244355956,0.8667324707781836,0.015870959497988224,0.03866896964609623,0.8932402978301182,5,5,800,140635,1362.125
outer_fold,fold3_seed16_P8_C100_logistic_regression,3,16,8,100,logistic_regression,fine,0.7366729477014968,0.41461216167400267,0.10530355293303728,0.07401038333773613,0.4176216178213855,39,34,800,140635,1362.125
outer_fold,fold3_seed17_P8_C100_logistic_regression,3,17,8,100,logistic_regression,coarse,0.9875848828527749,0.9557833285193421,0.011585052125155926,0.037449879571795464,0.9526316356076239,5,5,800,140635,1357.2578125
outer_fold,fold3_seed17_P8_C100_logistic_regression,3,17,8,100,logistic_regression,fine,0.7587442670743414,0.447727354643595,0.21013261657208204,0.10294168721884489,0.4538873162406894,39,35,800,140635,1357.2578125
outer_fold,fold3_seed18_P8_C100_logistic_regression,3,18,8,100,logistic_regression,coarse,0.9817968500017776,0.8358708467134457,0.053164335899055004,0.06756497174501419,0.8588928784147722,5,5,800,140635,1359.9375
outer_fold,fold3_seed18_P8_C100_logistic_regression,3,18,8,100,logistic_regression,fine,0.7647456180893804,0.4162179360856456,0.2159108528867364,0.15924735367298126,0.4175070753356314,39,35,800,140635,1359.9375
outer_fold,fold3_seed19_P8_C100_logistic_regression,3,19,8,100,logistic_regression,coarse,0.9875493298254346,0.9800509224163128,0.015415911562740803,0.0414956184104085,0.9739318013043483,5,5,800,140635,1357.78125
outer_fold,fold3_seed19_P8_C100_logistic_regression,3,19,8,100,logistic_regression,fine,0.7474739574074732,0.48068151397119674,0.1220176313072443,0.0756358290091157,0.4841889038110367,39,35,800,140635,1357.78125
outer_fold,fold3_seed00_P8_C200_logistic_regression,3,0,8,200,logistic_regression,coarse,0.985679240587336,0.959610049368204,0.029303249903023243,0.039954558946192265,0.941514017324699,5,5,1600,140635,1353.08203125
outer_fold,fold3_seed00_P8_C200_logistic_regression,3,0,8,200,logistic_regression,fine,0.7417854730330288,0.5369013015893166,0.19078558962792158,0.07041547726839781,0.5279393135973168,39,36,1600,140635,1353.08203125
outer_fold,fold3_seed01_P8_C200_logistic_regression,3,1,8,200,logistic_regression,coarse,0.9876702101183916,0.960008092519231,0.03168829996138811,0.05674035381525755,0.9594719049496483,5,5,1600,140635,1355.3203125
outer_fold,fold3_seed01_P8_C200_logistic_regression,3,1,8,200,logistic_regression,fine,0.7413375048885412,0.4653389858045963,0.16372506599873304,0.10151500906795263,0.4702821549974534,39,34,1600,140635,1355.3203125
outer_fold,fold3_seed02_P8_C200_logistic_regression,3,2,8,200,logistic_regression,coarse,0.9903722401962527,0.9885794930993299,0.02115029003471136,0.04015241377055645,0.9611756100122953,5,5,1600,140635,1353.34375
outer_fold,fold3_seed02_P8_C200_logistic_regression,3,2,8,200,logistic_regression,fine,0.7537455114302983,0.5286683987511703,0.21139488089829683,0.07718461006879807,0.5323212268686256,39,37,1600,140635,1353.34375
outer_fold,fold3_seed03_P8_C200_logistic_regression,3,3,8,200,logistic_regression,coarse,0.9894194190635333,0.9646778880634891,0.04149593040347099,0.09100201539695263,0.946080026561128,5,5,1600,140635,1363.59765625
outer_fold,fold3_seed03_P8_C200_logistic_regression,3,3,8,200,logistic_regression,fine,0.7352294947914815,0.4744896474387943,0.3643700322136283,0.15785777941346169,0.47304479167266833,39,36,1600,140635,1363.59765625
outer_fold,fold3_seed04_P8_C200_logistic_regression,3,4,8,200,logistic_regression,coarse,0.9881252888683472,0.9707023232249294,0.024899396114051342,0.03767145145684481,0.9486850106555786,5,5,1600,140635,1374.66015625
outer_fold,fold3_seed04_P8_C200_logistic_regression,3,4,8,200,logistic_regression,fine,0.7478579301027483,0.49659103531020676,0.18318477366119623,0.07697238493710756,0.49159787302771374,39,36,1600,140635,1374.66015625
outer_fold,fold3_seed05_P8_C200_logistic_regression,3,5,8,200,logistic_regression,coarse,0.9908344295516763,0.968777344253865,0.0417191619053483,0.09023728407919407,0.9662316411946266,5,5,1600,140635,1356.046875
outer_fold,fold3_seed05_P8_C200_logistic_regression,3,5,8,200,logistic_regression,fine,0.7667010345930956,0.5199629505459757,0.34395177476108074,0.1567687327042222,0.5275827416003224,39,36,1600,140635,1356.046875
outer_fold,fold3_seed06_P8_C200_logistic_regression,3,6,8,200,logistic_regression,coarse,0.9866533935364596,0.9487540478152752,0.031305668875575066,0.039207774214446545,0.9575468949888595,5,5,1600,140635,1363.7734375
outer_fold,fold3_seed06_P8_C200_logistic_regression,3,6,8,200,logistic_regression,fine,0.7518327585593914,0.5097030856380083,0.22633509244769812,0.08304723165929317,0.5014844019696729,39,35,1600,140635,1363.7734375
outer_fold,fold3_seed07_P8_C200_logistic_regression,3,7,8,200,logistic_regression,coarse,0.9766203292210331,0.9763367654096571,0.04248163104057312,0.041360557079315186,0.9169131702316514,5,5,1600,140635,1322.80859375
outer_fold,fold3_seed07_P8_C200_logistic_regression,3,7,8,200,logistic_regression,fine,0.7711878266434387,0.548489536400177,0.22391741443425417,0.08315854799002409,0.5500494998063653,39,38,1600,140635,1322.80859375
outer_fold,fold3_seed08_P8_C200_logistic_regression,3,8,8,200,logistic_regression,coarse,0.9858783375404415,0.8455929263263245,0.018280507996678352,0.029582827351987362,0.8679397164159663,5,5,1600,140635,1356.4609375
outer_fold,fold3_seed08_P8_C200_logistic_regression,3,8,8,200,logistic_regression,fine,0.7551747431293775,0.4884415420297184,0.14520783629268408,0.05893354769796133,0.4946514982337597,39,35,1600,140635,1356.4609375
outer_fold,fold3_seed09_P8_C200_logistic_regression,3,9,8,200,logistic_regression,coarse,0.9857716784584207,0.9459769396206854,0.03336839843541384,0.04104198236018419,0.9495735804476707,5,5,1600,140635,1332.53515625
outer_fold,fold3_seed09_P8_C200_logistic_regression,3,9,8,200,logistic_regression,fine,0.7540797098872969,0.5319798435937259,0.22739534452557564,0.08289992157369852,0.5257327972167634,39,36,1600,140635,1332.53515625
outer_fold,fold3_seed10_P8_C200_logistic_regression,3,10,8,200,logistic_regression,coarse,0.9811995591424609,0.9779960793431861,0.035055406391620636,0.03806788194924593,0.9528514260645059,5,5,1600,140635,1375.71875
outer_fold,fold3_seed10_P8_C200_logistic_regression,3,10,8,200,logistic_regression,fine,0.7385714793614676,0.5380134400933316,0.16718365997076035,0.07923049386590719,0.5225173559653997,39,38,1600,140635,1375.71875
outer_fold,fold3_seed11_P8_C200_logistic_regression,3,11,8,200,logistic_regression,coarse,0.9876630995129235,0.9726300317815747,0.022099336609244347,0.04310996923595667,0.9488407412317448,5,5,1600,140635,1365.28125
outer_fold,fold3_seed11_P8_C200_logistic_regression,3,11,8,200,logistic_regression,fine,0.7605716926796317,0.49761360792043785,0.21262420620769262,0.07608227618038654,0.5021379600256424,39,36,1600,140635,1365.28125
outer_fold,fold3_seed12_P8_C200_logistic_regression,3,12,8,200,logistic_regression,coarse,0.989895829629893,0.9614596758938827,0.031882449984550476,0.05782116763293743,0.9509615580217176,5,5,1600,140635,1362.125
outer_fold,fold3_seed12_P8_C200_logistic_regression,3,12,8,200,logistic_regression,fine,0.75242293881324,0.5041393377286615,0.2873741127550602,0.12828551791608334,0.49974433542106095,39,35,1600,140635,1362.125
outer_fold,fold3_seed13_P8_C200_logistic_regression,3,13,8,200,logistic_regression,coarse,0.9874000071106055,0.9497566599990636,0.025020087137818336,0.04006786830723286,0.9530581953351716,5,5,1600,140635,1357.2578125
outer_fold,fold3_seed13_P8_C200_logistic_regression,3,13,8,200,logistic_regression,fine,0.7474099619582607,0.5032675674766341,0.24273400008678436,0.0833098841831088,0.5103331741572474,39,36,1600,140635,1357.2578125
outer_fold,fold3_seed14_P8_C200_logistic_regression,3,14,8,200,logistic_regression,coarse,0.9869804813879902,0.9503323664933792,0.028810974210500717,0.03874203935265541,0.9581969037495561,5,5,1600,140635,1359.9375
outer_fold,fold3_seed14_P8_C200_logistic_regression,3,14,8,200,logistic_regression,fine,0.74807124826679,0.4992108886825993,0.19679283536970615,0.07632539886981249,0.49772943694503186,39,36,1600,140635,1359.9375
outer_fold,fold3_seed15_P8_C200_logistic_regression,3,15,8,200,logistic_regression,coarse,0.9881252888683472,0.9624105908552762,0.02597410138696432,0.03996378183364868,0.9497366782877066,5,5,1600,140635,1357.78125
outer_fold,fold3_seed15_P8_C200_logistic_regression,3,15,8,200,logistic_regression,fine,0.7637430227183845,0.4881956493366998,0.2000660914927721,0.07819295581430197,0.49552384501686264,39,36,1600,140635,1357.78125
outer_fold,fold3_seed16_P8_C200_logistic_regression,3,16,8,200,logistic_regression,coarse,0.9831407544352402,0.973101671187757,0.027378005906939507,0.038269382901489735,0.9590195567672868,5,5,1600,140635,1353.08203125
outer_fold,fold3_seed16_P8_C200_logistic_regression,3,16,8,200,logistic_regression,fine,0.7659686422298859,0.5256398437699621,0.18063172325491905,0.07546235993504524,0.5291463876926626,39,36,1600,140635,1353.08203125
outer_fold,fold3_seed17_P8_C200_logistic_regression,3,17,8,200,logistic_regression,coarse,0.9886941373057916,0.9577403178943265,0.05246019549667835,0.07258492521941662,0.9527174751657161,5,5,1600,140635,1355.3203125
outer_fold,fold3_seed17_P8_C200_logistic_regression,3,17,8,200,logistic_regression,fine,0.7654282362143137,0.4998817311489594,0.27260638028383255,0.1540662283077836,0.503316916565073,39,35,1600,140635,1355.3203125
outer_fold,fold3_seed18_P8_C200_logistic_regression,3,18,8,200,logistic_regression,coarse,0.9828278877946457,0.944520050824434,0.04057734925299883,0.04111140500754118,0.9346070001364397,5,5,1600,140635,1353.34375
outer_fold,fold3_seed18_P8_C200_logistic_regression,3,18,8,200,logistic_regression,fine,0.7618231592420095,0.4647527648812223,0.18285710457712412,0.07614261470735073,0.4641337262078713,39,36,1600,140635,1353.34375
outer_fold,fold3_seed19_P8_C200_logistic_regression,3,19,8,200,logistic_regression,coarse,0.9856650193763999,0.9832178750292802,0.06516930554062128,0.09001375176012516,0.9673073992305014,5,5,1600,140635,1363.59765625
outer_fold,fold3_seed19_P8_C200_logistic_regression,3,19,8,200,logistic_regression,fine,0.7569737263127956,0.5348470594724238,0.20207197591662407,0.08129520621150732,0.529104932129211,39,36,1600,140635,1363.59765625
outer_fold,fold3_seed00_P8_C400_logistic_regression,3,0,8,400,logistic_regression,coarse,0.9865893980872471,0.9655823073460554,0.05905460938811302,0.039780668914318085,0.9486130476163162,5,5,3200,140635,1374.66015625
outer_fold,fold3_seed00_P8_C400_logistic_regression,3,0,8,400,logistic_regression,fine,0.7370640310022398,0.5694282922145899,0.5597027484327555,0.07952373195439577,0.5530928806037654,39,37,3200,140635,1374.66015625
outer_fold,fold3_seed01_P8_C400_logistic_regression,3,1,8,400,logistic_regression,coarse,0.983766487716429,0.9778445029226546,0.12469377461820841,0.0898361150175333,0.9648501743872011,5,5,3200,140635,1356.046875
outer_fold,fold3_seed01_P8_C400_logistic_regression,3,1,8,400,logistic_regression,fine,0.7389696732676787,0.5295846599686918,0.8245544331148267,0.08316395618021488,0.5229163346943861,39,35,3200,140635,1356.046875
outer_fold,fold3_seed02_P8_C400_logistic_regression,3,2,8,400,logistic_regression,coarse,0.9909695310555694,0.9903649705686277,0.09596152976155281,0.0892345579341054,0.9588881658428431,5,5,3200,140635,1363.7734375
outer_fold,fold3_seed02_P8_C400_logistic_regression,3,2,8,400,logistic_regression,fine,0.7512994631492872,0.5702545903363766,0.9321341533213854,0.15774705354124308,0.5671702498625842,39,38,3200,140635,1363.7734375
outer_fold,fold3_seed03_P8_C400_logistic_regression,3,3,8,400,logistic_regression,coarse,0.9904931204892097,0.9895241824142019,0.02939897309988737,0.034902277402579784,0.9616108729373858,5,5,3200,140635,1322.80859375
outer_fold,fold3_seed03_P8_C400_logistic_regression,3,3,8,400,logistic_regression,fine,0.7467131226223913,0.5557414832035386,0.4961085943505168,0.07055649720132351,0.547329540217969,39,38,3200,140635,1322.80859375
outer_fold,fold3_seed04_P8_C400_logistic_regression,3,4,8,400,logistic_regression,coarse,0.9894478614854055,0.9641360783925224,0.029090862721204758,0.030027360655367374,0.9494988802911847,5,5,3200,140635,1356.4609375
outer_fold,fold3_seed04_P8_C400_logistic_regression,3,4,8,400,logistic_regression,fine,0.750389305649376,0.5476794630121596,0.2940108198672533,0.05980465840548277,0.5464495014036564,39,37,3200,140635,1356.4609375
outer_fold,fold3_seed05_P8_C400_logistic_regression,3,5,8,400,logistic_regression,coarse,0.990030931133786,0.9664405607838111,0.04065888002514839,0.04169308301061392,0.9587804821770531,5,5,3200,140635,1332.53515625
outer_fold,fold3_seed05_P8_C400_logistic_regression,3,5,8,400,logistic_regression,fine,0.7712731539090554,0.547205149058575,0.48070517275482416,0.07730377931147814,0.5453891304723297,39,36,3200,140635,1332.53515625
outer_fold,fold3_seed06_P8_C400_logistic_regression,3,6,8,400,logistic_regression,coarse,0.9856152451381235,0.9530253117018199,0.0515488563105464,0.038872853852808475,0.9523024321217173,5,5,3200,140635,1375.71875
outer_fold,fold3_seed06_P8_C400_logistic_regression,3,6,8,400,logistic_regression,fine,0.76266221068724,0.5411153910091725,0.510751461610198,0.07236645929515362,0.5342577510551387,39,35,3200,140635,1375.71875
outer_fold,fold3_seed07_P8_C400_logistic_regression,3,7,8,400,logistic_regression,coarse,0.9800903046894444,0.9809136746240729,0.07062390726059675,0.04138379171490669,0.9374051524965037,5,5,3200,140635,1365.28125
outer_fold,fold3_seed07_P8_C400_logistic_regression,3,7,8,400,logistic_regression,fine,0.7719273296121165,0.5694227217617664,0.812937363050878,0.16046398971229792,0.5696634904755563,39,38,3200,140635,1365.28125
outer_fold,fold3_seed08_P8_C400_logistic_regression,3,8,8,400,logistic_regression,coarse,0.9761083656273332,0.937231982517436,0.044031974859535694,0.03868191875517368,0.9310823929935946,5,5,3200,140635,1362.125
outer_fold,fold3_seed08_P8_C400_logistic_regression,3,8,8,400,logistic_regression,fine,0.7330465389127884,0.5380275513398589,0.5204735519364476,0.24022171087563038,0.5316082843219581,39,37,3200,140635,1362.125
outer_fold,fold3_seed09_P8_C400_logistic_regression,3,9,8,400,logistic_regression,coarse,0.9874000071106055,0.9819283145654337,0.12971878703683615,0.08640914969146252,0.9683605206839063,5,5,3200,140635,1357.2578125
outer_fold,fold3_seed09_P8_C400_logistic_regression,3,9,8,400,logistic_regression,fine,0.744892807622569,0.5757903620411317,0.897518184967339,0.15805563423782587,0.5659485510241292,39,37,3200,140635,1357.2578125
outer_fold,fold3_seed10_P8_C400_logistic_regression,3,10,8,400,logistic_regression,coarse,0.975575070217229,0.9764104011275171,0.1324005490168929,0.09296234231442213,0.9331866451338673,5,5,3200,140635,1359.9375
outer_fold,fold3_seed10_P8_C400_logistic_regression,3,10,8,400,logistic_regression,fine,0.7386994702598926,0.5690891849915768,0.8219922482967377,0.14060595724731684,0.5639548198811237,39,38,3200,140635,1359.9375
outer_fold,fold3_seed11_P8_C400_logistic_regression,3,11,8,400,logistic_regression,coarse,0.9895971842002347,0.9699332184253147,0.033569919876754284,0.0359891802072525,0.9476275993169574,5,5,3200,140635,1357.78125
outer_fold,fold3_seed11_P8_C400_logistic_regression,3,11,8,400,logistic_regression,fine,0.7559142460980552,0.5293281867269205,0.3924494767561555,0.47078408394008875,0.5250361176949675,39,36,3200,140635,1357.78125
outer_fold,fold3_seed12_P8_C400_logistic_regression,3,12,8,400,logistic_regression,coarse,0.9896256266221068,0.9623640028218915,0.033975403755903244,0.04960306081920862,0.9552025973376683,5,5,3200,140635,1353.08203125
outer_fold,fold3_seed12_P8_C400_logistic_regression,3,12,8,400,logistic_regression,fine,0.7546912219575497,0.5350765949403372,0.3998970817774534,0.08172629121690989,0.525486946654886,39,37,3200,140635,1353.08203125
outer_fold,fold3_seed13_P8_C400_logistic_regression,3,13,8,400,logistic_regression,coarse,0.9894336402744693,0.9804523840446798,0.0816630246117711,0.037613583728671074,0.968451883039184,5,5,3200,140635,1355.3203125
outer_fold,fold3_seed13_P8_C400_logistic_regression,3,13,8,400,logistic_regression,fine,0.7479716997902371,0.5655667171396354,0.5316616436466575,0.0924663720652461,0.567674165368295,39,37,3200,140635,1355.3203125
outer_fold,fold3_seed14_P8_C400_logistic_regression,3,14,8,400,logistic_regression,coarse,0.987471113165286,0.9847889672855995,0.04622992593795061,0.04359803721308708,0.9558585409761824,5,5,3200,140635,1353.34375
outer_fold,fold3_seed14_P8_C400_logistic_regression,3,14,8,400,logistic_regression,fine,0.7461371635794788,0.5387736316461169,0.4679068075492978,0.07962494250386953,0.5297744879009719,39,37,3200,140635,1353.34375
outer_fold,fold3_seed15_P8_C400_logistic_regression,3,15,8,400,logistic_regression,coarse,0.9837309346890888,0.9689492945448027,0.05053028557449579,0.04073630552738905,0.932511320488679,5,5,3200,140635,1363.59765625
outer_fold,fold3_seed15_P8_C400_logistic_regression,3,15,8,400,logistic_regression,fine,0.7517189888719025,0.5264104479642898,0.5189098492264748,0.07613213919103146,0.5189446422160124,39,36,3200,140635,1363.59765625
outer_fold,fold3_seed16_P8_C400_logistic_regression,3,16,8,400,logistic_regression,coarse,0.9821879333025207,0.9764786450367232,0.05488500464707613,0.04026682488620281,0.9616414273229232,5,5,3200,140635,1374.66015625
outer_fold,fold3_seed16_P8_C400_logistic_regression,3,16,8,400,logistic_regression,fine,0.7468197817044121,0.5553269410959437,0.31635142769664526,0.0656335586681962,0.552960435113931,39,36,3200,140635,1374.66015625
outer_fold,fold3_seed17_P8_C400_logistic_regression,3,17,8,400,logistic_regression,coarse,0.9888576812315568,0.962524032481711,0.04354479815810919,0.034688036888837814,0.9502190125528405,5,5,3200,140635,1356.046875
outer_fold,fold3_seed17_P8_C400_logistic_regression,3,17,8,400,logistic_regression,fine,0.7660824119173748,0.5347840454468911,0.7035730388015509,0.13880417868494987,0.5301267866085811,39,35,3200,140635,1356.046875
outer_fold,fold3_seed18_P8_C400_logistic_regression,3,18,8,400,logistic_regression,coarse,0.9780068972873041,0.9526501942257257,0.11927949450910091,0.08264829684048891,0.926696863714179,5,5,3200,140635,1363.7734375
outer_fold,fold3_seed18_P8_C400_logistic_regression,3,18,8,400,logistic_regression,fine,0.7621786895154122,0.5126210326090417,0.5390225499868393,0.08394656423479319,0.5131204837589166,39,37,3200,140635,1363.7734375
outer_fold,fold3_seed19_P8_C400_logistic_regression,3,19,8,400,logistic_regression,coarse,0.9836811604508124,0.983450030954492,0.05464905221015215,0.039218951016664505,0.9650822304543614,5,5,3200,140635,1322.80859375
outer_fold,fold3_seed19_P8_C400_logistic_regression,3,19,8,400,logistic_regression,fine,0.7424112063142176,0.5663046793512826,0.4713418260216713,0.07372465636581182,0.5501233444971231,39,37,3200,140635,1322.80859375
outer_fold,fold3_seed00_P8_C800_logistic_regression,3,0,8,800,logistic_regression,coarse,0.9868667117005013,0.9692390370053307,0.08805099036544561,0.029329810291528702,0.9532469695682175,5,5,6400,140635,1356.4609375
outer_fold,fold3_seed00_P8_C800_logistic_regression,3,0,8,800,logistic_regression,fine,0.7409393109823301,0.600240228747189,1.4431254835799336,0.06120628025382757,0.5840914442984597,39,37,6400,140635,1356.4609375
outer_fold,fold3_seed01_P8_C800_logistic_regression,3,1,8,800,logistic_regression,coarse,0.9830056529313471,0.9814056364374417,0.12112723197788,0.03772142622619867,0.9576308525784526,5,5,6400,140635,1332.53515625
outer_fold,fold3_seed01_P8_C800_logistic_regression,3,1,8,800,logistic_regression,fine,0.7347957478579301,0.5870731533737207,1.5044809076935053,0.08041289914399385,0.5731445558287697,39,38,6400,140635,1332.53515625
outer_fold,fold3_seed02_P8_C800_logistic_regression,3,2,8,800,logistic_regression,coarse,0.9822519287517332,0.9866953233483915,0.11697489395737648,0.0393817238509655,0.9380393666701478,5,5,6400,140635,1375.71875
outer_fold,fold3_seed02_P8_C800_logistic_regression,3,2,8,800,logistic_regression,fine,0.7343264478970384,0.5866755658895296,1.5755949662998319,0.07420798763632774,0.574375866610834,39,38,6400,140635,1375.71875
outer_fold,fold3_seed03_P8_C800_logistic_regression,3,3,8,800,logistic_regression,coarse,0.9851388345717638,0.9881921141170258,0.09044674690812826,0.03767536673694849,0.94724390278997,5,5,6400,140635,1365.28125
outer_fold,fold3_seed03_P8_C800_logistic_regression,3,3,8,800,logistic_regression,fine,0.7260425925267536,0.5848914175571169,1.5449975738301873,0.08312766160815954,0.5641005114795061,39,38,6400,140635,1365.28125
outer_fold,fold3_seed04_P8_C800_logistic_regression,3,4,8,800,logistic_regression,coarse,0.9886941373057916,0.9849264730466192,0.08793602883815765,0.033917367458343506,0.9603104979140589,5,5,6400,140635,1362.125
outer_fold,fold3_seed04_P8_C800_logistic_regression,3,4,8,800,logistic_regression,fine,0.7484481103565969,0.586074364143844,1.258336815983057,0.12312689702957869,0.5752666176405727,39,38,6400,140635,1362.125
outer_fold,fold3_seed05_P8_C800_logistic_regression,3,5,8,800,logistic_regression,coarse,0.9865254026380347,0.9617289335594048,0.14231728296726942,0.08137721847742796,0.9396178020786969,5,5,6400,140635,1357.2578125
outer_fold,fold3_seed05_P8_C800_logistic_regression,3,5,8,800,logistic_regression,fine,0.755124968891101,0.5790553491598593,2.163793871179223,0.15847785398364067,0.5722339068154441,39,37,6400,140635,1357.2578125
outer_fold,fold3_seed06_P8_C800_logistic_regression,3,6,8,800,logistic_regression,coarse,0.9865609556653749,0.9617725787039089,0.23390014376491308,0.08423997182399035,0.9536711938925212,5,5,6400,140635,1359.9375
outer_fold,fold3_seed06_P8_C800_logistic_regression,3,6,8,800,logistic_regression,fine,0.7556369324848011,0.5689719654602604,3.2523203743621707,0.08602053113281727,0.5600017542569238,39,37,6400,140635,1359.9375
outer_fold,fold3_seed07_P8_C800_logistic_regression,3,7,8,800,logistic_regression,coarse,0.9817755181853735,0.9828496556487398,0.11094210855662823,0.04937268700450659,0.9476860581123464,5,5,6400,140635,1357.78125
outer_fold,fold3_seed07_P8_C800_logistic_regression,3,7,8,800,logistic_regression,fine,0.7595051018594233,0.579131737529991,1.3305950546637177,0.36451334692537785,0.5758091444331909,39,38,6400,140635,1357.78125
outer_fold,fold3_seed08_P8_C800_logistic_regression,3,8,8,800,logistic_regression,coarse,0.9696732676787428,0.9468613918717871,0.11512246914207935,0.04982240963727236,0.9117070709301689,5,5,6400,140635,1353.08203125
outer_fold,fold3_seed08_P8_C800_logistic_regression,3,8,8,800,logistic_regression,fine,0.698325452412273,0.5699796576126532,1.4701356422156096,0.08479958679527044,0.541555662611545,39,37,6400,140635,1353.08203125
outer_fold,fold3_seed09_P8_C800_logistic_regression,3,9,8,800,logistic_regression,coarse,0.9867458314075443,0.9838672094272451,0.13195998221635818,0.05952745396643877,0.9649061921924389,5,5,6400,140635,1355.3203125
outer_fold,fold3_seed09_P8_C800_logistic_regression,3,9,8,800,logistic_regression,fine,0.7377039854943649,0.5844262512551008,1.732888674363494,0.08080563601106405,0.5759689903242158,39,37,6400,140635,1355.3203125
outer_fold,fold3_seed10_P8_C800_logistic_regression,3,10,8,800,logistic_regression,coarse,0.9743875991040637,0.9783954195581442,0.20279924105852842,0.08771979622542858,0.9402846881893219,5,5,6400,140635,1353.34375
outer_fold,fold3_seed10_P8_C800_logistic_regression,3,10,8,800,logistic_regression,fine,0.7431222668610232,0.6111417662689096,1.3824321273714304,0.07975630927830935,0.5931360993439915,39,38,6400,140635,1353.34375
outer_fold,fold3_seed11_P8_C800_logistic_regression,3,11,8,800,logistic_regression,coarse,0.985423258790486,0.9866782313381404,0.2707058731466532,0.042138077318668365,0.9569367243397288,5,5,6400,140635,1363.59765625
outer_fold,fold3_seed11_P8_C800_logistic_regression,3,11,8,800,logistic_regression,fine,0.7430013865680662,0.5940824584347124,2.4957094378769398,0.14207966718822718,0.5905371764795325,39,39,6400,140635,1363.59765625
outer_fold,fold3_seed12_P8_C800_logistic_regression,3,12,8,800,logistic_regression,coarse,0.9819177302947346,0.9796739944137489,0.12133099604398012,0.04262625705450773,0.9570070353906562,5,5,6400,140635,1374.66015625
outer_fold,fold3_seed12_P8_C800_logistic_regression,3,12,8,800,logistic_regression,fine,0.7466349059622427,0.5929262924441224,1.459054371342063,0.0934562785550952,0.5827594283619666,39,39,6400,140635,1374.66015625
outer_fold,fold3_seed13_P8_C800_logistic_regression,3,13,8,800,logistic_regression,coarse,0.9838162619547054,0.9823873260472009,0.11370753776282072,0.040784066542983055,0.9670610329624816,5,5,6400,140635,1356.046875
outer_fold,fold3_seed13_P8_C800_logistic_regression,3,13,8,800,logistic_regression,fine,0.7337931524869342,0.6033867634913701,1.1743352990597486,0.0657530166208744,0.5886971837340452,39,37,6400,140635,1356.046875
outer_fold,fold3_seed14_P8_C800_logistic_regression,3,14,8,800,logistic_regression,coarse,0.9887154691221958,0.9864510649032875,0.15415954776108265,0.037798100151121616,0.9565241266538045,5,5,6400,140635,1363.7734375
outer_fold,fold3_seed14_P8_C800_logistic_regression,3,14,8,800,logistic_regression,fine,0.7465851317239663,0.5742010490269941,2.4852019445970654,0.0820339797064662,0.5587252432803481,39,39,6400,140635,1363.7734375
outer_fold,fold3_seed15_P8_C800_logistic_regression,3,15,8,800,logistic_regression,coarse,0.9815266469939915,0.9589374277986675,0.10264849942177534,0.039608562365174294,0.923025023625228,5,5,6400,140635,1322.80859375
outer_fold,fold3_seed15_P8_C800_logistic_regression,3,15,8,800,logistic_regression,fine,0.7464429196146052,0.5533013764396262,1.5479398975148797,0.07076727226376534,0.5392811308372797,39,36,6400,140635,1322.80859375
outer_fold,fold3_seed16_P8_C800_logistic_regression,3,16,8,800,logistic_regression,coarse,0.9813559924627582,0.9783252322488705,0.08730540703982115,0.04930074047297239,0.9642449672308441,5,5,6400,140635,1356.4609375
outer_fold,fold3_seed16_P8_C800_logistic_regression,3,16,8,800,logistic_regression,fine,0.7287588438155509,0.5819296130002521,1.6044942047446966,0.2401234544813633,0.561573258414283,39,37,6400,140635,1356.4609375
outer_fold,fold3_seed17_P8_C800_logistic_regression,3,17,8,800,logistic_regression,coarse,0.9868453798840972,0.9876286644523805,0.1044210558757186,0.038807145319879055,0.937838573241749,5,5,6400,140635,1332.53515625
outer_fold,fold3_seed17_P8_C800_logistic_regression,3,17,8,800,logistic_regression,fine,0.7460233938919899,0.5764966470113778,1.7063654828816652,0.11407679878175259,0.560677138017008,39,37,6400,140635,1332.53515625
outer_fold,fold3_seed18_P8_C800_logistic_regression,3,18,8,800,logistic_regression,coarse,0.9618018274256053,0.946787348878767,0.11625639256089926,0.03726621624082327,0.8670667310315464,5,5,6400,140635,1375.71875
outer_fold,fold3_seed18_P8_C800_logistic_regression,3,18,8,800,logistic_regression,fine,0.7508586056102677,0.5440789232101101,1.165495795197785,0.07289743144065142,0.5318553042209613,39,37,6400,140635,1375.71875
outer_fold,fold3_seed19_P8_C800_logistic_regression,3,19,8,800,logistic_regression,coarse,0.9853237103139332,0.9853768221453715,0.09845903608947992,0.04133176524192095,0.9603152102698553,5,5,6400,140635,1365.28125
outer_fold,fold3_seed19_P8_C800_logistic_regression,3,19,8,800,logistic_regression,fine,0.7239023002808689,0.5895354321563996,1.603840546682477,0.07660382427275181,0.5615059437032601,39,37,6400,140635,1365.28125
outer_fold,fold3_seed00_P8_C1600_logistic_regression,3,0,8,1600,logistic_regression,coarse,0.9867316101966083,0.9873942565769495,0.2039016569033265,0.04087366070598364,0.958150502224903,5,5,12800,140635,1362.125
outer_fold,fold3_seed00_P8_C1600_logistic_regression,3,0,8,1600,logistic_regression,fine,0.7221459807302592,0.6385108147129994,3.958820695988834,0.2546623358502984,0.610723636521475,39,38,12800,140635,1362.125
outer_fold,fold3_seed01_P8_C1600_logistic_regression,3,1,8,1600,logistic_regression,coarse,0.9840366907242152,0.9821814480738045,0.23583991080522537,0.034962236881256104,0.9664263827194481,5,5,12800,140635,1357.2578125
outer_fold,fold3_seed01_P8_C1600_logistic_regression,3,1,8,1600,logistic_regression,fine,0.7242862729761439,0.621327161448239,4.8370434287935495,0.06898742448538542,0.5852954888345544,39,39,12800,140635,1357.2578125
outer_fold,fold3_seed02_P8_C1600_logistic_regression,3,2,8,1600,logistic_regression,coarse,0.9738543036939595,0.9802724770809348,0.26338508538901806,0.03934534918516874,0.935725671761882,5,5,12800,140635,1359.9375
outer_fold,fold3_seed02_P8_C1600_logistic_regression,3,2,8,1600,logistic_regression,fine,0.71406122231308,0.6300062832505832,5.671715733595192,0.0877100620418787,0.5971161493837404,39,39,12800,140635,1359.9375
outer_fold,fold3_seed03_P8_C1600_logistic_regression,3,3,8,1600,logistic_regression,coarse,0.9831478650407082,0.987346178974996,0.25518800038844347,0.039918044582009315,0.9445599987864768,5,5,12800,140635,1357.78125
outer_fold,fold3_seed03_P8_C1600_logistic_regression,3,3,8,1600,logistic_regression,fine,0.7081309773527216,0.6280539440663001,4.022438448853791,0.4865702884271741,0.5948209515955819,39,38,12800,140635,1357.78125
outer_fold,fold3_seed04_P8_C1600_logistic_regression,3,4,8,1600,logistic_regression,coarse,0.9876773207238596,0.9871443169160667,0.25137374829500914,0.04582160618156195,0.9401298469183598,5,5,12800,140635,1353.08203125
outer_fold,fold3_seed04_P8_C1600_logistic_regression,3,4,8,1600,logistic_regression,fine,0.7404842322323746,0.6207199819474557,5.871292683295906,0.08521634992212057,0.593903135042189,39,38,12800,140635,1353.08203125
outer_fold,fold3_seed05_P8_C1600_logistic_regression,3,5,8,1600,logistic_regression,coarse,0.9839584740640666,0.986440222480055,0.2126017240807414,0.03853910602629185,0.9582512778030715,5,5,12800,140635,1355.3203125
outer_fold,fold3_seed05_P8_C1600_logistic_regression,3,5,8,1600,logistic_regression,fine,0.7428947274860455,0.6271750081612367,3.842870402149856,0.0792440352961421,0.6031070663047818,39,38,12800,140635,1355.3203125
outer_fold,fold3_seed06_P8_C1600_logistic_regression,3,6,8,1600,logistic_regression,coarse,0.985558360294379,0.9804881205966585,0.26430909521877766,0.036708202213048935,0.9667713405427545,5,5,12800,140635,1353.34375
outer_fold,fold3_seed06_P8_C1600_logistic_regression,3,6,8,1600,logistic_regression,fine,0.7259714864720731,0.6303305997924392,6.440694862045348,0.07953708246350288,0.6101527483422646,39,39,12800,140635,1353.34375
outer_fold,fold3_seed07_P8_C1600_logistic_regression,3,7,8,1600,logistic_regression,coarse,0.9818181818181818,0.9845650000968146,0.4669065149500966,0.04090797156095505,0.9625562038686098,5,5,12800,140635,1363.59765625
outer_fold,fold3_seed07_P8_C1600_logistic_regression,3,7,8,1600,logistic_regression,fine,0.7442955167632523,0.619048614220183,7.519884381443262,0.0880110701546073,0.603176320356893,39,39,12800,140635,1363.59765625
outer_fold,fold3_seed08_P8_C1600_logistic_regression,3,8,8,1600,logistic_regression,coarse,0.948718313364383,0.9426221032285815,0.23761381767690182,0.0373719846829772,0.8727147437938756,5,5,12800,140635,1374.66015625
outer_fold,fold3_seed08_P8_C1600_logistic_regression,3,8,8,1600,logistic_regression,fine,0.6752302058520283,0.5946167764063947,5.800139942206442,0.06413923762738705,0.5513668433535085,39,38,12800,140635,1374.66015625
outer_fold,fold3_seed09_P8_C1600_logistic_regression,3,9,8,1600,logistic_regression,coarse,0.9879688555480499,0.9866906156317163,0.14311157818883657,0.030222753062844276,0.9700868105595701,5,5,12800,140635,1356.046875
outer_fold,fold3_seed09_P8_C1600_logistic_regression,3,9,8,1600,logistic_regression,fine,0.7298183240302912,0.6184489960463068,3.9012750387191772,0.07826850935816765,0.6013015821166782,39,39,12800,140635,1356.046875
outer_fold,fold3_seed10_P8_C1600_logistic_regression,3,10,8,1600,logistic_regression,coarse,0.9688128844171081,0.9764013923458439,0.22296315897256136,0.03836167138069868,0.9281492429247071,5,5,12800,140635,1363.7734375
outer_fold,fold3_seed10_P8_C1600_logistic_regression,3,10,8,1600,logistic_regression,fine,0.7332740782877663,0.6314207569900676,6.807308964431286,0.08722596894949675,0.5993881856932541,39,39,12800,140635,1363.7734375
outer_fold,fold3_seed11_P8_C1600_logistic_regression,3,11,8,1600,logistic_regression,coarse,0.9854019269740818,0.9850566248991356,0.2586957858875394,0.03693435154855251,0.958225036125228,5,5,12800,140635,1322.80859375
outer_fold,fold3_seed11_P8_C1600_logistic_regression,3,11,8,1600,logistic_regression,fine,0.7336793827994453,0.631962931439268,5.159872026182711,0.07661529071629047,0.6100346075649241,39,39,12800,140635,1322.80859375
outer_fold,fold3_seed12_P8_C1600_logistic_regression,3,12,8,1600,logistic_regression,coarse,0.9830980908024318,0.9842996613203236,0.3053328897804022,0.03851762413978577,0.9630577415871542,5,5,12800,140635,1356.4609375
outer_fold,fold3_seed12_P8_C1600_logistic_regression,3,12,8,1600,logistic_regression,fine,0.736068546236712,0.6256363988509038,5.233824974857271,0.08896295167505741,0.6046228212770465,39,39,12800,140635,1356.4609375
outer_fold,fold3_seed13_P8_C1600_logistic_regression,3,13,8,1600,logistic_regression,coarse,0.9857787890638888,0.9827562779956249,0.23714094143360853,0.03854857012629509,0.9685802152967333,5,5,12800,140635,1332.53515625
outer_fold,fold3_seed13_P8_C1600_logistic_regression,3,13,8,1600,logistic_regression,fine,0.7064386532513244,0.6202699335014873,5.64015843346715,0.08373647090047598,0.5887183841975515,39,38,12800,140635,1332.53515625
outer_fold,fold3_seed14_P8_C1600_logistic_regression,3,14,8,1600,logistic_regression,coarse,0.9829843211149429,0.9843894876560373,0.29621041286736727,0.036080566234886646,0.9545779387323059,5,5,12800,140635,1375.71875
outer_fold,fold3_seed14_P8_C1600_logistic_regression,3,14,8,1600,logistic_regression,fine,0.7276993636008106,0.6176403894959469,5.614118235185742,0.07856884691864252,0.589250008883213,39,39,12800,140635,1375.71875
outer_fold,fold3_seed15_P8_C1600_logistic_regression,3,15,8,1600,logistic_regression,coarse,0.9724890674440929,0.9585004748840842,0.2513437122106552,0.03955125715583563,0.9292429612572721,5,5,12800,140635,1365.28125
outer_fold,fold3_seed15_P8_C1600_logistic_regression,3,15,8,1600,logistic_regression,fine,0.7160379706331994,0.5899710112373491,6.805892161093652,0.08321599382907152,0.5623010715714172,39,37,12800,140635,1365.28125
outer_fold,fold3_seed16_P8_C1600_logistic_regression,3,16,8,1600,logistic_regression,coarse,0.9790237138692359,0.9803726785872116,0.18811332155019045,0.045071075670421124,0.962526514858801,5,5,12800,140635,1362.125
outer_fold,fold3_seed16_P8_C1600_logistic_regression,3,16,8,1600,logistic_regression,fine,0.7147367298325452,0.6065040373232211,3.6603042194619775,0.4211712181568146,0.5709138319827974,39,38,12800,140635,1362.125
outer_fold,fold3_seed17_P8_C1600_logistic_regression,3,17,8,1600,logistic_regression,coarse,0.9838020407437693,0.986635538941379,0.15816563740372658,0.03484431002289057,0.9323484755556539,5,5,12800,140635,1357.2578125
outer_fold,fold3_seed17_P8_C1600_logistic_regression,3,17,8,1600,logistic_regression,fine,0.7250755501830981,0.6100934824107144,4.014684772118926,0.06905051879584789,0.5790912102839421,39,39,12800,140635,1357.2578125
outer_fold,fold3_seed18_P8_C1600_logistic_regression,3,18,8,1600,logistic_regression,coarse,0.9631955060973442,0.9483962167133064,0.379998710937798,0.04337956104427576,0.9025134768977056,5,5,12800,140635,1359.9375
outer_fold,fold3_seed18_P8_C1600_logistic_regression,3,18,8,1600,logistic_regression,fine,0.7305933800263092,0.5795021219978889,4.937732143327594,0.09509976208209991,0.5647240073831913,39,38,12800,140635,1359.9375
outer_fold,fold3_seed19_P8_C1600_logistic_regression,3,19,8,1600,logistic_regression,coarse,0.9801400789277207,0.9836455341501431,0.237737943418324,0.04629455227404833,0.954058728579013,5,5,12800,140635,1357.78125
outer_fold,fold3_seed19_P8_C1600_logistic_regression,3,19,8,1600,logistic_regression,fine,0.7113378604188146,0.6058773757813274,4.206010682508349,0.25301906280219555,0.566589298289165,39,38,12800,140635,1357.78125
outer_fold,fold3_seed00_P16_C100_logistic_regression,3,0,16,100,logistic_regression,coarse,0.9862551996302485,0.9504466917947724,0.03445666283369064,0.04550049640238285,0.9541945598492838,5,5,1600,140635,1353.08203125
outer_fold,fold3_seed00_P16_C100_logistic_regression,3,0,16,100,logistic_regression,fine,0.76010239271874,0.5171775953118044,0.17920869961380959,0.07948567625135183,0.5148090148108572,39,35,1600,140635,1353.08203125
outer_fold,fold3_seed01_P16_C100_logistic_regression,3,1,16,100,logistic_regression,coarse,0.9879404131261776,0.9591125741006508,0.025446664541959763,0.03920415788888931,0.9578120014945679,5,5,1600,140635,1355.3203125
outer_fold,fold3_seed01_P16_C100_logistic_regression,3,1,16,100,logistic_regression,fine,0.7302022967255661,0.4970856940555656,0.1719387285411358,0.07183043751865625,0.5052754514847355,39,35,1600,140635,1355.3203125
outer_fold,fold3_seed02_P16_C100_logistic_regression,3,2,16,100,logistic_regression,coarse,0.9789526078145554,0.9809095979861878,0.04506220202893019,0.039432279765605927,0.9529566044942547,5,5,1600,140635,1353.34375
outer_fold,fold3_seed02_P16_C100_logistic_regression,3,2,16,100,logistic_regression,fine,0.7512496889110107,0.5272268142946326,0.17466044891625643,0.07423759251832962,0.5258372247832545,39,37,1600,140635,1353.34375
outer_fold,fold3_seed03_P16_C100_logistic_regression,3,3,16,100,logistic_regression,coarse,0.9887012479112597,0.9832892039669321,0.030713564716279507,0.03958230372518301,0.965567176441436,5,5,1600,140635,1363.59765625
outer_fold,fold3_seed03_P16_C100_logistic_regression,3,3,16,100,logistic_regression,fine,0.7451914530522274,0.49532581130120307,0.2054988406598568,0.07874041423201561,0.49936133339814065,39,37,1600,140635,1363.59765625
outer_fold,fold3_seed04_P16_C100_logistic_regression,3,4,16,100,logistic_regression,coarse,0.9892274327158957,0.986121841308911,0.01957247592508793,0.028721251524984837,0.9589146394833289,5,5,1600,140635,1374.66015625
outer_fold,fold3_seed04_P16_C100_logistic_regression,3,4,16,100,logistic_regression,fine,0.7733921143385359,0.565214758333192,0.1258338177576661,0.06100015249103308,0.5619004107631975,39,38,1600,140635,1374.66015625
outer_fold,fold3_seed05_P16_C100_logistic_regression,3,5,16,100,logistic_regression,coarse,0.9884808191417499,0.971802286958576,0.025239795446395874,0.04378774110227823,0.9565369733810825,5,5,1600,140635,1356.046875
outer_fold,fold3_seed05_P16_C100_logistic_regression,3,5,16,100,logistic_regression,fine,0.766231734632204,0.5255141755043772,0.16721107065677643,0.07510346360504627,0.5254517586618801,39,36,1600,140635,1356.046875
outer_fold,fold3_seed06_P16_C100_logistic_regression,3,6,16,100,logistic_regression,coarse,0.9865822874817791,0.9515255707074994,0.06311789434403181,0.0723383566364646,0.9585822038558691,5,5,1600,140635,1363.7734375
outer_fold,fold3_seed06_P16_C100_logistic_regression,3,6,16,100,logistic_regression,fine,0.7497706829736552,0.501633214437316,0.3732521804049611,0.07584086526185274,0.4986352734460328,39,36,1600,140635,1363.7734375
outer_fold,fold3_seed07_P16_C100_logistic_regression,3,7,16,100,logistic_regression,coarse,0.9792725850606179,0.977621949897314,0.04085777699947357,0.03682317491620779,0.946607499334473,5,5,1600,140635,1322.80859375
outer_fold,fold3_seed07_P16_C100_logistic_regression,3,7,16,100,logistic_regression,fine,0.7651295907846554,0.5477723281733395,0.21899551805108786,0.07585873082280159,0.5449647159402067,39,39,1600,140635,1322.80859375
outer_fold,fold3_seed08_P16_C100_logistic_regression,3,8,16,100,logistic_regression,coarse,0.9914174992000568,0.9583867955107557,0.027030758559703827,0.04078779183328152,0.9594838076243135,5,5,1600,140635,1356.4609375
outer_fold,fold3_seed08_P16_C100_logistic_regression,3,8,16,100,logistic_regression,fine,0.7627119849255164,0.5224707117602119,0.18534318450838327,0.07678816933184862,0.534388802778637,39,36,1600,140635,1356.4609375
outer_fold,fold3_seed09_P16_C100_logistic_regression,3,9,16,100,logistic_regression,coarse,0.9818466242400541,0.923032233155532,0.04202667251229286,0.038611333817243576,0.9447602161921133,5,5,1600,140635,1332.53515625
outer_fold,fold3_seed09_P16_C100_logistic_regression,3,9,16,100,logistic_regression,fine,0.7487396451807872,0.506593924180685,0.17698282562196255,0.07537785451859236,0.5116483402989908,39,35,1600,140635,1332.53515625
outer_fold,fold3_seed10_P16_C100_logistic_regression,3,10,16,100,logistic_regression,coarse,0.9854659224232943,0.9806551722728631,0.0330778444185853,0.03790169395506382,0.9678303854096258,5,5,1600,140635,1375.71875
outer_fold,fold3_seed10_P16_C100_logistic_regression,3,10,16,100,logistic_regression,fine,0.7572083762932413,0.5491721510657412,0.17060556821525097,0.0708548417314887,0.5507065063511565,39,36,1600,140635,1375.71875
outer_fold,fold3_seed11_P16_C100_logistic_regression,3,11,16,100,logistic_regression,coarse,0.9884381555089415,0.9866691923156564,0.0310916593298316,0.03945186734199524,0.9590540468192025,5,5,1600,140635,1365.28125
outer_fold,fold3_seed11_P16_C100_logistic_regression,3,11,16,100,logistic_regression,fine,0.7696234934404664,0.5039500354396119,0.19415558874607086,0.12170751951634884,0.508382993814813,39,36,1600,140635,1365.28125
outer_fold,fold3_seed12_P16_C100_logistic_regression,3,12,16,100,logistic_regression,coarse,0.984911295196786,0.9627414458230064,0.041328029707074165,0.045618172734975815,0.9471580586742003,5,5,1600,140635,1362.125
outer_fold,fold3_seed12_P16_C100_logistic_regression,3,12,16,100,logistic_regression,fine,0.7530557826998969,0.5404347922357353,0.16471508517861366,0.46193127892911434,0.5324476141179718,39,37,1600,140635,1362.125
outer_fold,fold3_seed13_P16_C100_logistic_regression,3,13,16,100,logistic_regression,coarse,0.9866462829309915,0.984645422867073,0.02516765706241131,0.033549138344824314,0.9671054710662947,5,5,1600,140635,1357.2578125
outer_fold,fold3_seed13_P16_C100_logistic_regression,3,13,16,100,logistic_regression,fine,0.7495858072314857,0.5213960301280699,0.16981704998761415,0.06085244193673134,0.5272131004204298,39,36,1600,140635,1357.2578125
outer_fold,fold3_seed14_P16_C100_logistic_regression,3,14,16,100,logistic_regression,coarse,0.9871226934973513,0.945182735073845,0.02997953910380602,0.037710378877818584,0.9589945241392831,5,5,1600,140635,1359.9375
outer_fold,fold3_seed14_P16_C100_logistic_regression,3,14,16,100,logistic_regression,fine,0.7455540939310983,0.5012410239320262,0.24318896047770977,0.08758210111409426,0.5051866044522879,39,35,1600,140635,1359.9375
outer_fold,fold3_seed15_P16_C100_logistic_regression,3,15,16,100,logistic_regression,coarse,0.983759377110961,0.9535214506452985,0.021630587987601757,0.03446804918348789,0.9504979347094251,5,5,1600,140635,1357.78125
outer_fold,fold3_seed15_P16_C100_logistic_regression,3,15,16,100,logistic_regression,fine,0.7673338784797525,0.5095502851632961,0.1276175193488598,0.19934202078729868,0.5088760296624002,39,36,1600,140635,1357.78125
outer_fold,fold3_seed16_P16_C100_logistic_regression,3,16,16,100,logistic_regression,coarse,0.9836171650015999,0.9788154735059129,0.028028687462210655,0.04448553267866373,0.9690343496757562,5,5,1600,140635,1353.08203125
outer_fold,fold3_seed16_P16_C100_logistic_regression,3,16,16,100,logistic_regression,fine,0.7589575852383831,0.5195160109794487,0.17174320481717587,0.07531246729195118,0.5128364291940536,39,36,1600,140635,1353.08203125
outer_fold,fold3_seed17_P16_C100_logistic_regression,3,17,16,100,logistic_regression,coarse,0.9900949265829986,0.9597017347942822,0.022691531106829643,0.03778849542140961,0.9557706273206769,5,5,1600,140635,1355.3203125
outer_fold,fold3_seed17_P16_C100_logistic_regression,3,17,16,100,logistic_regression,fine,0.767895616311729,0.5106673619490576,0.1667316434904933,0.07394701894372702,0.5174935763832779,39,37,1600,140635,1355.3203125
outer_fold,fold3_seed18_P16_C100_logistic_regression,3,18,16,100,logistic_regression,coarse,0.9826785650798165,0.9106380101042333,0.09352419059723616,0.056745112873613834,0.9310788885297759,5,5,1600,140635,1353.34375
outer_fold,fold3_seed18_P16_C100_logistic_regression,3,18,16,100,logistic_regression,fine,0.7652575816830803,0.5206843766194975,0.1896027736365795,0.07375879678875208,0.528685897873371,39,37,1600,140635,1353.34375
outer_fold,fold3_seed19_P16_C100_logistic_regression,3,19,16,100,logistic_regression,coarse,0.9900451523447221,0.9868324723881603,0.04615705739706755,0.037900011986494064,0.9750114977548101,5,5,1600,140635,1363.59765625
outer_fold,fold3_seed19_P16_C100_logistic_regression,3,19,16,100,logistic_regression,fine,0.7666085967220109,0.5232204519051198,0.1597676007077098,0.07684892043471336,0.5233987903176307,39,35,1600,140635,1363.59765625
outer_fold,fold3_seed00_P16_C200_logistic_regression,3,0,16,200,logistic_regression,coarse,0.983894478614854,0.9853961993778366,0.04280604515224695,0.028820768930017948,0.958793466084464,5,5,3200,140635,1374.66015625
outer_fold,fold3_seed00_P16_C200_logistic_regression,3,0,16,200,logistic_regression,fine,0.7534895296334483,0.5862939049023588,0.33906949777156115,0.05888352356851101,0.5767008627338297,39,38,3200,140635,1374.66015625
outer_fold,fold3_seed01_P16_C200_logistic_regression,3,1,16,200,logistic_regression,coarse,0.9850748391225513,0.9592473364743326,0.04434105567634106,0.04250949248671532,0.953511547916501,5,5,3200,140635,1356.046875
outer_fold,fold3_seed01_P16_C200_logistic_regression,3,1,16,200,logistic_regression,fine,0.7401073701425677,0.5184823480684393,0.3860521260648966,0.07076303660869598,0.5210352449134696,39,35,3200,140635,1356.046875
outer_fold,fold3_seed02_P16_C200_logistic_regression,3,2,16,200,logistic_regression,coarse,0.9813417712518221,0.982932605898136,0.20579122845083475,0.084102145396173,0.9502017674007259,5,5,3200,140635,1363.7734375
outer_fold,fold3_seed02_P16_C200_logistic_regression,3,2,16,200,logistic_regression,fine,0.7456963060404593,0.559609338257366,0.6543406518176198,0.08665286377072334,0.551956553950837,39,37,3200,140635,1363.7734375
outer_fold,fold3_seed03_P16_C200_logistic_regression,3,3,16,200,logistic_regression,coarse,0.9872720162121804,0.9867200070641509,0.05370312090963125,0.03660011198371649,0.9527451406156764,5,5,3200,140635,1322.80859375
outer_fold,fold3_seed03_P16_C200_logistic_regression,3,3,16,200,logistic_regression,fine,0.7340064706509759,0.5342149808434348,0.466857242397964,0.07521331775933504,0.5262135817700964,39,38,3200,140635,1322.80859375
outer_fold,fold3_seed04_P16_C200_logistic_regression,3,4,16,200,logistic_regression,coarse,0.991303729512568,0.9888183400622029,0.054057338275015354,0.03841899707913399,0.9688970441344287,5,5,3200,140635,1356.4609375
outer_fold,fold3_seed04_P16_C200_logistic_regression,3,4,16,200,logistic_regression,fine,0.767134781526647,0.5888001711560147,0.4840288246050477,0.08166421670466661,0.5889358090524708,39,38,3200,140635,1356.4609375
outer_fold,fold3_seed05_P16_C200_logistic_regression,3,5,16,200,logistic_regression,coarse,0.9898389447861485,0.9750133256305551,0.04107707552611828,0.03650100436061621,0.9501687238575602,5,5,3200,140635,1332.53515625
outer_fold,fold3_seed05_P16_C200_logistic_regression,3,5,16,200,logistic_regression,fine,0.7678031784406443,0.550830552451529,0.4373828982934356,0.07594221644103527,0.5447364193181697,39,36,3200,140635,1332.53515625
outer_fold,fold3_seed06_P16_C200_logistic_regression,3,6,16,200,logistic_regression,coarse,0.9883314964269208,0.9554092900741326,0.04838033486157656,0.03725485038012266,0.9582111044199916,5,5,3200,140635,1375.71875
outer_fold,fold3_seed06_P16_C200_logistic_regression,3,6,16,200,logistic_regression,fine,0.7570946066057525,0.5398343187690221,0.4509454108774662,0.0698004774749279,0.5345487490471675,39,36,3200,140635,1375.71875
outer_fold,fold3_seed07_P16_C200_logistic_regression,3,7,16,200,logistic_regression,coarse,0.9796565577558929,0.9804586159470985,0.06088573206216097,0.03781769052147865,0.9370824306813054,5,5,3200,140635,1365.28125
outer_fold,fold3_seed07_P16_C200_logistic_regression,3,7,16,200,logistic_regression,fine,0.7698439222099762,0.592923776196696,0.3900107964873314,0.0753658851608634,0.5866111553994076,39,39,3200,140635,1365.28125
outer_fold,fold3_seed08_P16_C200_logistic_regression,3,8,16,200,logistic_regression,coarse,0.9913179507235041,0.9547582136714192,0.03481021989136934,0.046568471007049084,0.9593564004606254,5,5,3200,140635,1362.125
outer_fold,fold3_seed08_P16_C200_logistic_regression,3,8,16,200,logistic_regression,fine,0.7539374977779358,0.5459919815125718,0.43590178713202477,0.13133970741182566,0.5492916502117977,39,36,3200,140635,1362.125
outer_fold,fold3_seed09_P16_C200_logistic_regression,3,9,16,200,logistic_regression,coarse,0.9846766452163401,0.9558380179294004,0.05534915812313557,0.03424138110131025,0.939384855308903,5,5,3200,140635,1357.2578125
outer_fold,fold3_seed09_P16_C200_logistic_regression,3,9,16,200,logistic_regression,fine,0.7417428094002204,0.5550113823162512,0.39015250746160746,0.059757648035883904,0.5409168503640652,39,36,3200,140635,1357.2578125
outer_fold,fold3_seed10_P16_C200_logistic_regression,3,10,16,200,logistic_regression,coarse,0.986063213282611,0.984525431877656,0.0531999496743083,0.0422224635258317,0.9604135584096903,5,5,3200,140635,1359.9375
outer_fold,fold3_seed10_P16_C200_logistic_regression,3,10,16,200,logistic_regression,fine,0.7559426885199275,0.584045696086501,0.5624362789094448,0.08715871907770634,0.5663580770958062,39,38,3200,140635,1359.9375
outer_fold,fold3_seed11_P16_C200_logistic_regression,3,11,16,200,logistic_regression,coarse,0.9887368009386,0.9857304459352163,0.0502292150631547,0.04751530475914478,0.9624146586938762,5,5,3200,140635,1357.78125
outer_fold,fold3_seed11_P16_C200_logistic_regression,3,11,16,200,logistic_regression,fine,0.771984214455861,0.5413531847394745,0.45564823038876057,0.5570969404652715,0.5467212607915594,39,37,3200,140635,1357.78125
outer_fold,fold3_seed12_P16_C200_logistic_regression,3,12,16,200,logistic_regression,coarse,0.9828776620329222,0.9739172556780339,0.06451918557286263,0.04416095744818449,0.9494010954455282,5,5,3200,140635,1353.08203125
outer_fold,fold3_seed12_P16_C200_logistic_regression,3,12,16,200,logistic_regression,fine,0.7508728268212038,0.5698729988401916,0.3720980081707239,0.07627431116998196,0.5666804589339232,39,37,3200,140635,1353.08203125
outer_fold,fold3_seed13_P16_C200_logistic_regression,3,13,16,200,logistic_regression,coarse,0.9885945888292388,0.9850962469854976,0.042302463203668594,0.03947623539716005,0.9728486907567582,5,5,3200,140635,1355.3203125
outer_fold,fold3_seed13_P16_C200_logistic_regression,3,13,16,200,logistic_regression,fine,0.7553880612934192,0.5849676467284084,0.4822544138878584,0.0752354422584176,0.5811733682475314,39,38,3200,140635,1355.3203125
outer_fold,fold3_seed14_P16_C200_logistic_regression,3,14,16,200,logistic_regression,coarse,0.987343122266861,0.9815428182589555,0.12936797458678484,0.09184940997511148,0.9715406791854255,5,5,3200,140635,1353.34375
outer_fold,fold3_seed14_P16_C200_logistic_regression,3,14,16,200,logistic_regression,fine,0.7519536388523482,0.5812879634455618,0.6662808451801538,0.08624899014830589,0.5702199546610139,39,38,3200,140635,1353.34375
outer_fold,fold3_seed15_P16_C200_logistic_regression,3,15,16,200,logistic_regression,coarse,0.9828136665837096,0.9550998438371815,0.15506083518266678,0.08882409427314997,0.9510971050956357,5,5,3200,140635,1363.59765625
outer_fold,fold3_seed15_P16_C200_logistic_regression,3,15,16,200,logistic_regression,fine,0.7616240622889039,0.5452458217927741,0.7471318077296019,0.18035037256777287,0.5435388721352908,39,37,3200,140635,1363.59765625
outer_fold,fold3_seed16_P16_C200_logistic_regression,3,16,16,200,logistic_regression,coarse,0.9843851103921499,0.9841279871842333,0.03850912116467953,0.030539244413375854,0.9561513713148739,5,5,3200,140635,1374.66015625
outer_fold,fold3_seed16_P16_C200_logistic_regression,3,16,16,200,logistic_regression,fine,0.7631386212535998,0.5716792222894358,0.3081056196242571,0.058230998925864697,0.5616332096897682,39,37,3200,140635,1374.66015625
outer_fold,fold3_seed17_P16_C200_logistic_regression,3,17,16,200,logistic_regression,coarse,0.9897962811533402,0.986162796524488,0.04054316785186529,0.04140371177345514,0.9667580336588639,5,5,3200,140635,1356.046875
outer_fold,fold3_seed17_P16_C200_logistic_regression,3,17,16,200,logistic_regression,fine,0.7591566821914886,0.5623761558431497,0.40058793406933546,0.06071879342198372,0.5643312038194345,39,38,3200,140635,1356.046875
outer_fold,fold3_seed18_P16_C200_logistic_regression,3,18,16,200,logistic_regression,coarse,0.9840011376968749,0.9439998803345026,0.07450530026108027,0.0411092322319746,0.9416676458972428,5,5,3200,140635,1363.7734375
outer_fold,fold3_seed18_P16_C200_logistic_regression,3,18,16,200,logistic_regression,fine,0.7520034130906247,0.554873175635622,0.5741484118625522,0.08956994768232107,0.5545228165204754,39,38,3200,140635,1363.7734375
outer_fold,fold3_seed19_P16_C200_logistic_regression,3,19,16,200,logistic_regression,coarse,0.9890923312120027,0.9873083218197181,0.046599977649748325,0.037331162951886654,0.9737519207805407,5,5,3200,140635,1322.80859375
outer_fold,fold3_seed19_P16_C200_logistic_regression,3,19,16,200,logistic_regression,fine,0.7665588224837345,0.55851698786126,0.43612075317651033,0.07226322498172522,0.5530379740690372,39,36,3200,140635,1322.80859375
outer_fold,fold3_seed00_P16_C400_logistic_regression,3,0,16,400,logistic_regression,coarse,0.9847121982436805,0.9863931269948474,0.12407355103641748,0.04238474555313587,0.9613006480458732,5,5,6400,140635,1356.4609375
outer_fold,fold3_seed00_P16_C400_logistic_regression,3,0,16,400,logistic_regression,fine,0.7468837771536246,0.6059794849678318,1.5837310124188662,0.5960536189377308,0.5876541430389184,39,39,6400,140635,1356.4609375
outer_fold,fold3_seed01_P16_C400_logistic_regression,3,1,16,400,logistic_regression,coarse,0.9782771002950901,0.9796553791385753,0.09150163177400827,0.03900976851582527,0.9590437625422439,5,5,6400,140635,1332.53515625
outer_fold,fold3_seed01_P16_C400_logistic_regression,3,1,16,400,logistic_regression,fine,0.739382088384826,0.5789882004191715,1.4525274587795138,0.08347489032894373,0.567815794151828,39,37,6400,140635,1332.53515625
outer_fold,fold3_seed02_P16_C400_logistic_regression,3,2,16,400,logistic_regression,coarse,0.9811142318768443,0.9839209689071918,0.11496411263942719,0.03749006986618042,0.9543644577160155,5,5,6400,140635,1375.71875
outer_fold,fold3_seed02_P16_C400_logistic_regression,3,2,16,400,logistic_regression,fine,0.7489458527393608,0.6037544875295349,1.7310675168409944,0.0768585940822959,0.5859603549836233,39,39,6400,140635,1375.71875
outer_fold,fold3_seed03_P16_C400_logistic_regression,3,3,16,400,logistic_regression,coarse,0.9875848828527749,0.9882858363047236,0.07645271811634302,0.04791495017707348,0.9583450369274742,5,5,6400,140635,1365.28125
outer_fold,fold3_seed03_P16_C400_logistic_regression,3,3,16,400,logistic_regression,fine,0.7207380808475842,0.5690968078796725,1.339793924242258,0.0903979642316699,0.5510121942900557,39,39,6400,140635,1365.28125
outer_fold,fold3_seed04_P16_C400_logistic_regression,3,4,16,400,logistic_regression,coarse,0.9865680662708429,0.9843950497964385,0.08646900858730078,0.0466538704931736,0.9633555696194229,5,5,6400,140635,1362.125
outer_fold,fold3_seed04_P16_C400_logistic_regression,3,4,16,400,logistic_regression,fine,0.7554876097699719,0.6127540016853507,1.3865369679406285,0.5776817258447409,0.6044158277627881,39,39,6400,140635,1362.125
outer_fold,fold3_seed05_P16_C400_logistic_regression,3,5,16,400,logistic_regression,coarse,0.9894905251182138,0.9767362987105935,0.06673563364893198,0.03295192588120699,0.9516980744314028,5,5,6400,140635,1357.2578125
outer_fold,fold3_seed05_P16_C400_logistic_regression,3,5,16,400,logistic_regression,fine,0.7648522771714011,0.5740280545363328,1.1012907987460494,0.06267285905778408,0.5606486543720901,39,37,6400,140635,1357.2578125
outer_fold,fold3_seed06_P16_C400_logistic_regression,3,6,16,400,logistic_regression,coarse,0.987975966153518,0.9590867635381409,0.10893674567341805,0.04619879927486181,0.9541576856961058,5,5,6400,140635,1359.9375
outer_fold,fold3_seed06_P16_C400_logistic_regression,3,6,16,400,logistic_regression,fine,0.7495004799658691,0.5687926356931163,1.3758902540430427,0.07603101897984743,0.5553016281093779,39,37,6400,140635,1359.9375
outer_fold,fold3_seed07_P16_C400_logistic_regression,3,7,16,400,logistic_regression,coarse,0.9788246169161304,0.9803851948364194,0.1090225437656045,0.04698545392602682,0.9480818288326691,5,5,6400,140635,1357.78125
outer_fold,fold3_seed07_P16_C400_logistic_regression,3,7,16,400,logistic_regression,fine,0.7662032922103317,0.6035364583995543,1.5982528701424599,0.4547607759013772,0.5997886080145463,39,39,6400,140635,1357.78125
outer_fold,fold3_seed08_P16_C400_logistic_regression,3,8,16,400,logistic_regression,coarse,0.9887012479112597,0.9811204972178675,0.06889968365430832,0.04245133511722088,0.9660671189536003,5,5,6400,140635,1353.08203125
outer_fold,fold3_seed08_P16_C400_logistic_regression,3,8,16,400,logistic_regression,fine,0.742716962349344,0.6046760317919845,1.3135067680850625,0.07377557177096605,0.5957957648921205,39,39,6400,140635,1353.08203125
outer_fold,fold3_seed09_P16_C400_logistic_regression,3,9,16,400,logistic_regression,coarse,0.9859849966224624,0.9854322356708929,0.10185715835541487,0.039301544427871704,0.9563151799030928,5,5,6400,140635,1355.3203125
outer_fold,fold3_seed09_P16_C400_logistic_regression,3,9,16,400,logistic_regression,fine,0.7340420236783162,0.6010757601279887,1.3989129401743412,0.07483851816505194,0.5738099320147177,39,37,6400,140635,1355.3203125
outer_fold,fold3_seed10_P16_C400_logistic_regression,3,10,16,400,logistic_regression,coarse,0.9832900771500693,0.9827571931866131,0.1376951728016138,0.041404902935028076,0.9493621070428638,5,5,6400,140635,1353.34375
outer_fold,fold3_seed10_P16_C400_logistic_regression,3,10,16,400,logistic_regression,fine,0.7384150460411704,0.6032391877413553,1.681400066241622,0.08460291475057602,0.5881328555189429,39,38,6400,140635,1353.34375
outer_fold,fold3_seed11_P16_C400_logistic_regression,3,11,16,400,logistic_regression,coarse,0.9869947025989263,0.9771232023170624,0.09909327328205109,0.04146534390747547,0.9585749759702645,5,5,6400,140635,1363.59765625
outer_fold,fold3_seed11_P16_C400_logistic_regression,3,11,16,400,logistic_regression,fine,0.7589362534219789,0.5556893138592657,1.507439753971994,0.0851235706359148,0.5481154042021239,39,37,6400,140635,1363.59765625
outer_fold,fold3_seed12_P16_C400_logistic_regression,3,12,16,400,logistic_regression,coarse,0.9834109574430263,0.9584106960877532,0.11288014147430658,0.03709728270769119,0.9548640472992759,5,5,6400,140635,1374.66015625
outer_fold,fold3_seed12_P16_C400_logistic_regression,3,12,16,400,logistic_regression,fine,0.7543143598677428,0.5852225370549241,1.3713044999167323,0.08328579738736153,0.5766029154365552,39,38,6400,140635,1374.66015625
outer_fold,fold3_seed13_P16_C400_logistic_regression,3,13,16,400,logistic_regression,coarse,0.9875493298254346,0.9856687836182287,0.08351739309728146,0.042516342364251614,0.9695558469124135,5,5,6400,140635,1356.046875
outer_fold,fold3_seed13_P16_C400_logistic_regression,3,13,16,400,logistic_regression,fine,0.7412450670174565,0.6087404117046663,1.185033700428903,0.07302815746515989,0.5973193609425237,39,38,6400,140635,1356.046875
outer_fold,fold3_seed14_P16_C400_logistic_regression,3,14,16,400,logistic_regression,coarse,0.9881892843175596,0.9870555968418875,0.09949101693928242,0.039533451199531555,0.968760034290199,5,5,6400,140635,1363.7734375
outer_fold,fold3_seed14_P16_C400_logistic_regression,3,14,16,400,logistic_regression,fine,0.7455683151420344,0.5953689734738107,1.558895180001855,0.08482579607516527,0.5803242426864862,39,38,6400,140635,1363.7734375
outer_fold,fold3_seed15_P16_C400_logistic_regression,3,15,16,400,logistic_regression,coarse,0.9815479788103957,0.9570531730653338,0.12052381131798029,0.038294111378490925,0.9462472808484463,5,5,6400,140635,1322.80859375
outer_fold,fold3_seed15_P16_C400_logistic_regression,3,15,16,400,logistic_regression,fine,0.7465069150638177,0.5751343261656763,1.4263692637905478,0.07415116392076015,0.5649324644236512,39,38,6400,140635,1322.80859375
outer_fold,fold3_seed16_P16_C400_logistic_regression,3,16,16,400,logistic_regression,coarse,0.9818750666619263,0.9848087940608303,0.09371015802025795,0.039805056527256966,0.9576962885997873,5,5,6400,140635,1356.4609375
outer_fold,fold3_seed16_P16_C400_logistic_regression,3,16,16,400,logistic_regression,fine,0.7427525153766843,0.6051207136649526,1.3888555690646172,0.6094861309975386,0.5819758762055549,39,38,6400,140635,1356.4609375
outer_fold,fold3_seed17_P16_C400_logistic_regression,3,17,16,400,logistic_regression,coarse,0.9887936857823444,0.9879219999912525,0.1008682418614626,0.040518540889024734,0.9584237203320853,5,5,6400,140635,1332.53515625
outer_fold,fold3_seed17_P16_C400_logistic_regression,3,17,16,400,logistic_regression,fine,0.7481210225050663,0.5925209365432185,1.5197312403470278,0.08640989195555449,0.5830083917463029,39,38,6400,140635,1332.53515625
outer_fold,fold3_seed18_P16_C400_logistic_regression,3,18,16,400,logistic_regression,coarse,0.9736552067408539,0.9799610190102254,0.15875317621976137,0.03805779758840799,0.9445427278810463,5,5,6400,140635,1375.71875
outer_fold,fold3_seed18_P16_C400_logistic_regression,3,18,16,400,logistic_regression,fine,0.7440964198101468,0.5945421088873745,1.4618858667090535,0.07609896082431078,0.5801064114875729,39,39,6400,140635,1375.71875
outer_fold,fold3_seed19_P16_C400_logistic_regression,3,19,16,400,logistic_regression,coarse,0.9876488783019874,0.9881846889712467,0.10759080667048693,0.04664098937064409,0.9720213284154633,5,5,6400,140635,1365.28125
outer_fold,fold3_seed19_P16_C400_logistic_regression,3,19,16,400,logistic_regression,fine,0.7464998044583496,0.5811968758776512,1.16840707231313,0.08468934148550034,0.5682335633855751,39,38,6400,140635,1365.28125
outer_fold,fold3_seed00_P16_C800_logistic_regression,3,0,16,800,logistic_regression,coarse,0.987855085860561,0.9883162362779345,0.2530613364651799,0.04029403533786535,0.9707735797267443,5,5,12800,140635,1362.125
outer_fold,fold3_seed00_P16_C800_logistic_regression,3,0,16,800,logistic_regression,fine,0.7389910050840829,0.6516448446850632,4.561459228396416,0.5085519179701805,0.6187750067127604,39,39,12800,140635,1362.125
outer_fold,fold3_seed01_P16_C800_logistic_regression,3,1,16,800,logistic_regression,coarse,0.9813986560955665,0.9842600466260618,0.28426301945000887,0.03329124301671982,0.9631947034369764,5,5,12800,140635,1357.2578125
outer_fold,fold3_seed01_P16_C800_logistic_regression,3,1,16,800,logistic_regression,fine,0.7201834536210758,0.6177204750050534,3.6028094524517655,0.05874508619308472,0.5846955590658356,39,39,12800,140635,1357.2578125
outer_fold,fold3_seed02_P16_C800_logistic_regression,3,2,16,800,logistic_regression,coarse,0.9808866925018666,0.9856539016376731,0.36229046899825335,0.039588592015206814,0.9593366479973213,5,5,12800,140635,1359.9375
outer_fold,fold3_seed02_P16_C800_logistic_regression,3,2,16,800,logistic_regression,fine,0.7229708109645536,0.6320580060883647,5.572931786067784,0.08710337709635496,0.6027925660627254,39,39,12800,140635,1359.9375
outer_fold,fold3_seed03_P16_C800_logistic_regression,3,3,16,800,logistic_regression,coarse,0.9849966224624027,0.988080701267209,0.20032860431820154,0.043318990617990494,0.9554729626217198,5,5,12800,140635,1357.78125
outer_fold,fold3_seed03_P16_C800_logistic_regression,3,3,16,800,logistic_regression,fine,0.6950616845024353,0.6101274830497477,4.791953522711992,0.6259320676326752,0.5711533888317132,39,39,12800,140635,1357.78125
outer_fold,fold3_seed04_P16_C800_logistic_regression,3,4,16,800,logistic_regression,coarse,0.9873857858996694,0.9858184821989886,0.19337990321218967,0.0473503191024065,0.960383977259033,5,5,12800,140635,1353.08203125
outer_fold,fold3_seed04_P16_C800_logistic_regression,3,4,16,800,logistic_regression,fine,0.7540797098872969,0.638601267931953,4.658447463996708,0.08311158698052168,0.6200142358038134,39,39,12800,140635,1353.08203125
outer_fold,fold3_seed05_P16_C800_logistic_regression,3,5,16,800,logistic_regression,coarse,0.9839158104312582,0.9601941350564536,0.24472371116280556,0.03638532105833292,0.9453011761166514,5,5,12800,140635,1355.3203125
outer_fold,fold3_seed05_P16_C800_logistic_regression,3,5,16,800,logistic_regression,fine,0.7347104205923134,0.6045082687497396,4.41246378608048,0.07469394337385893,0.5775581680675439,39,38,12800,140635,1355.3203125
outer_fold,fold3_seed06_P16_C800_logistic_regression,3,6,16,800,logistic_regression,coarse,0.9887083585167277,0.964828238052123,0.27243356220424175,0.039246742613613605,0.9624184515567225,5,5,12800,140635,1353.34375
outer_fold,fold3_seed06_P16_C800_logistic_regression,3,6,16,800,logistic_regression,fine,0.7365022931702635,0.6076694323536164,6.587235369719565,0.08999499212950468,0.5810694220574454,39,38,12800,140635,1353.34375
outer_fold,fold3_seed07_P16_C800_logistic_regression,3,7,16,800,logistic_regression,coarse,0.9833114089664735,0.9845466471248614,0.30856467317789793,0.03879021108150482,0.9579452393904397,5,5,12800,140635,1363.59765625
outer_fold,fold3_seed07_P16_C800_logistic_regression,3,7,16,800,logistic_regression,fine,0.7421552245173677,0.6170179657183962,5.964430652558804,0.08623522985726595,0.5969903081919504,39,39,12800,140635,1363.59765625
outer_fold,fold3_seed08_P16_C800_logistic_regression,3,8,16,800,logistic_regression,coarse,0.9868951541223735,0.9837767156260521,0.241910170763731,0.03763178177177906,0.9646086462824984,5,5,12800,140635,1374.66015625
outer_fold,fold3_seed08_P16_C800_logistic_regression,3,8,16,800,logistic_regression,fine,0.7199061400078217,0.6431380421993782,5.764932091347873,0.08367053139954805,0.6147166024579735,39,39,12800,140635,1374.66015625
outer_fold,fold3_seed09_P16_C800_logistic_regression,3,9,16,800,logistic_regression,coarse,0.9874640025598179,0.9849089243681727,0.3298708572983742,0.04661147482693195,0.9646773313126553,5,5,12800,140635,1356.046875
outer_fold,fold3_seed09_P16_C800_logistic_regression,3,9,16,800,logistic_regression,fine,0.7165997084651758,0.6224018359936461,4.169464198872447,0.07483787834644318,0.5878774285435381,39,38,12800,140635,1356.046875
outer_fold,fold3_seed10_P16_C800_logistic_regression,3,10,16,800,logistic_regression,coarse,0.9831478650407082,0.9851215576866414,0.23201238736510277,0.039488944225013256,0.9502557443145676,5,5,12800,140635,1363.7734375
outer_fold,fold3_seed10_P16_C800_logistic_regression,3,10,16,800,logistic_regression,fine,0.7273722757492801,0.6444514947300076,4.956521760672331,0.08046725112944841,0.6106641483292773,39,38,12800,140635,1363.7734375
outer_fold,fold3_seed11_P16_C800_logistic_regression,3,11,16,800,logistic_regression,coarse,0.9865396238489708,0.9860640453174299,0.2938242703676224,0.03719702269881964,0.9677933600299682,5,5,12800,140635,1322.80859375
outer_fold,fold3_seed11_P16_C800_logistic_regression,3,11,16,800,logistic_regression,fine,0.7454118818217371,0.6230016965940827,5.420545246452093,0.059736115857958794,0.6071740422067641,39,39,12800,140635,1322.80859375
outer_fold,fold3_seed12_P16_C800_logistic_regression,3,12,16,800,logistic_regression,coarse,0.9842215664663846,0.9834170587640323,0.32532167714089155,0.043625107035040855,0.9706239937277878,5,5,12800,140635,1356.4609375
outer_fold,fold3_seed12_P16_C800_logistic_regression,3,12,16,800,logistic_regression,fine,0.7299676467451204,0.6283727575298057,4.167976621538401,0.7800378371030092,0.5956103699646683,39,39,12800,140635,1356.4609375
outer_fold,fold3_seed13_P16_C800_logistic_regression,3,13,16,800,logistic_regression,coarse,0.9864258541614819,0.9867280132610554,0.27735976595431566,0.0384304141625762,0.9704942734295567,5,5,12800,140635,1332.53515625
outer_fold,fold3_seed13_P16_C800_logistic_regression,3,13,16,800,logistic_regression,fine,0.7291783695381662,0.6468113326616406,4.772552378475666,0.08561263047158718,0.6127605240382125,39,39,12800,140635,1332.53515625
outer_fold,fold3_seed14_P16_C800_logistic_regression,3,14,16,800,logistic_regression,coarse,0.9886514736729832,0.9877921786394698,0.19909134600311518,0.03626187704503536,0.9693182467989192,5,5,12800,140635,1375.71875
outer_fold,fold3_seed14_P16_C800_logistic_regression,3,14,16,800,logistic_regression,fine,0.7246986880932912,0.6380584466890058,4.069140980951488,0.07875306159257889,0.5968591904885071,39,39,12800,140635,1375.71875
outer_fold,fold3_seed15_P16_C800_logistic_regression,3,15,16,800,logistic_regression,coarse,0.9829416574821346,0.9819262986377529,0.30069915391504765,0.0454707620665431,0.9637911554537034,5,5,12800,140635,1365.28125
outer_fold,fold3_seed15_P16_C800_logistic_regression,3,15,16,800,logistic_regression,fine,0.7226934973512995,0.6333152627150014,5.501067137345672,0.08612289279699326,0.60256294627824,39,39,12800,140635,1365.28125
outer_fold,fold3_seed16_P16_C800_logistic_regression,3,16,16,800,logistic_regression,coarse,0.9825434635759235,0.9855967674845882,0.20680077373981476,0.045975586399436,0.9585184151301058,5,5,12800,140635,1362.125
outer_fold,fold3_seed16_P16_C800_logistic_regression,3,16,16,800,logistic_regression,fine,0.7102641589931382,0.6229417292844788,4.050328149460256,0.6896307487040758,0.5820969940216947,39,39,12800,140635,1362.125
outer_fold,fold3_seed17_P16_C800_logistic_regression,3,17,16,800,logistic_regression,coarse,0.9847477512710208,0.9865115218217013,0.2738316683098674,0.036683385260403156,0.9509399768955996,5,5,12800,140635,1357.2578125
outer_fold,fold3_seed17_P16_C800_logistic_regression,3,17,16,800,logistic_regression,fine,0.7235325487965301,0.6212299685211181,4.581240443512797,0.07574218790978193,0.596730102761098,39,39,12800,140635,1357.2578125
outer_fold,fold3_seed18_P16_C800_logistic_regression,3,18,16,800,logistic_regression,coarse,0.9692324101397234,0.9770551639954423,0.39301759377121925,0.036515786312520504,0.9074965456155919,5,5,12800,140635,1359.9375
outer_fold,fold3_seed18_P16_C800_logistic_regression,3,18,16,800,logistic_regression,fine,0.7253670850072884,0.6213323620024868,5.432569692842662,0.08284702245146036,0.5945894296631956,39,39,12800,140635,1359.9375
outer_fold,fold3_seed19_P16_C800_logistic_regression,3,19,16,800,logistic_regression,coarse,0.9853805951576777,0.9852745404345719,0.2845269236713648,0.04356234334409237,0.9701941759273598,5,5,12800,140635,1357.78125
outer_fold,fold3_seed19_P16_C800_logistic_regression,3,19,16,800,logistic_regression,fine,0.7265545561204536,0.6233881040963465,5.488137446343899,0.5309621300548315,0.5960578203090878,39,38,12800,140635,1357.78125
outer_fold,fold3_seed00_P16_C1600_logistic_regression,3,0,16,1600,logistic_regression,coarse,0.9900593735556583,0.9899693297336926,0.727004156447947,0.038361361250281334,0.9721707074157857,5,5,25600,140635,1353.08203125
outer_fold,fold3_seed00_P16_C1600_logistic_regression,3,0,16,1600,logistic_regression,fine,0.7225157322145981,0.6736832937113234,12.700159631669521,0.0894048223271966,0.625362620701307,39,39,25600,140635,1353.08203125
outer_fold,fold3_seed01_P16_C1600_logistic_regression,3,1,16,1600,logistic_regression,coarse,0.9861129875208874,0.9870105396515086,0.5729197980836034,0.03552744071930647,0.974749198870829,5,5,25600,140635,1355.3203125
outer_fold,fold3_seed01_P16_C1600_logistic_regression,3,1,16,1600,logistic_regression,fine,0.7220037686208981,0.6622862579996316,10.562769361771643,0.08416838478296995,0.60825225103033,39,39,25600,140635,1355.3203125
outer_fold,fold3_seed02_P16_C1600_logistic_regression,3,2,16,1600,logistic_regression,coarse,0.9820243893767554,0.985313647858162,1.2482878863811493,0.05701584555208683,0.9582023147254436,5,5,25600,140635,1353.34375
outer_fold,fold3_seed02_P16_C1600_logistic_regression,3,2,16,1600,logistic_regression,fine,0.71790094926583,0.6713214364078289,16.565990407951176,0.08617521263659,0.6185774007664544,39,39,25600,140635,1353.34375
outer_fold,fold3_seed03_P16_C1600_logistic_regression,3,3,16,1600,logistic_regression,coarse,0.9856294663490596,0.9874941452593742,0.6847728881984949,0.03854510560631752,0.9661759843157401,5,5,25600,140635,1363.59765625
outer_fold,fold3_seed03_P16_C1600_logistic_regression,3,3,16,1600,logistic_regression,fine,0.684779748995627,0.6635368259718677,13.746570109389722,0.06447508838027716,0.6103367839220173,39,39,25600,140635,1363.59765625
outer_fold,fold3_seed04_P16_C1600_logistic_regression,3,4,16,1600,logistic_regression,coarse,0.9880186297863263,0.9883979644716987,0.5864302646368742,0.038592525757849216,0.9508840139514106,5,5,25600,140635,1374.66015625
outer_fold,fold3_seed04_P16_C1600_logistic_regression,3,4,16,1600,logistic_regression,fine,0.7419987911970705,0.6718294608600959,14.570935009978712,0.08719389140605927,0.6248553406754039,39,39,25600,140635,1374.66015625
outer_fold,fold3_seed05_P16_C1600_logistic_regression,3,5,16,1600,logistic_regression,coarse,0.9849468482241263,0.9871156958510982,0.6283171772956848,0.04257828462868929,0.971721218212069,5,5,25600,140635,1356.046875
outer_fold,fold3_seed05_P16_C1600_logistic_regression,3,5,16,1600,logistic_regression,fine,0.7159739751839869,0.6670271127537214,10.649205463938415,0.07468529045581818,0.6172707929750388,39,39,25600,140635,1356.046875
outer_fold,fold3_seed06_P16_C1600_logistic_regression,3,6,16,1600,logistic_regression,coarse,0.9899811568955097,0.9877501359043881,0.7693029018118978,0.039769443683326244,0.9716489803620098,5,5,25600,140635,1363.7734375
outer_fold,fold3_seed06_P16_C1600_logistic_regression,3,6,16,1600,logistic_regression,fine,0.7190884203789952,0.6785088826655562,15.674619133584201,0.40374776162207127,0.6261101713907798,39,39,25600,140635,1363.7734375
outer_fold,fold3_seed07_P16_C1600_logistic_regression,3,7,16,1600,logistic_regression,coarse,0.9843495573648097,0.9880735654643301,0.4834607560187578,0.02925516851246357,0.9575248757205683,5,5,25600,140635,1322.80859375
outer_fold,fold3_seed07_P16_C1600_logistic_regression,3,7,16,1600,logistic_regression,fine,0.719067088562591,0.6720089780097286,9.797620603814721,0.0706993006169796,0.6242799811749423,39,39,25600,140635,1322.80859375
outer_fold,fold3_seed08_P16_C1600_logistic_regression,3,8,16,1600,logistic_regression,coarse,0.9860916557044832,0.9875432637673327,0.7149837929755449,0.03568011894822121,0.9622448900480223,5,5,25600,140635,1356.4609375
outer_fold,fold3_seed08_P16_C1600_logistic_regression,3,8,16,1600,logistic_regression,fine,0.7114374088953674,0.6743111078644233,15.085955976508558,0.09963968954980373,0.6243979658642436,39,39,25600,140635,1356.4609375
outer_fold,fold3_seed09_P16_C1600_logistic_regression,3,9,16,1600,logistic_regression,coarse,0.9901944750595513,0.9901917442831,0.549375674687326,0.03903014771640301,0.9714924671092927,5,5,25600,140635,1332.53515625
outer_fold,fold3_seed09_P16_C1600_logistic_regression,3,9,16,1600,logistic_regression,fine,0.7083229637003591,0.6562283777103475,14.244002178311348,0.08403733000159264,0.6132358147678963,39,39,25600,140635,1332.53515625
outer_fold,fold3_seed10_P16_C1600_logistic_regression,3,10,16,1600,logistic_regression,coarse,0.9853877057631457,0.9865282733867182,0.5028445888310671,0.03822392597794533,0.9507696243092536,5,5,25600,140635,1375.71875
outer_fold,fold3_seed10_P16_C1600_logistic_regression,3,10,16,1600,logistic_regression,fine,0.7088349272940591,0.6780084991281131,13.540660506114364,0.07819500006735325,0.6262820158579037,39,39,25600,140635,1375.71875
outer_fold,fold3_seed11_P16_C1600_logistic_regression,3,11,16,1600,logistic_regression,coarse,0.9891847690830874,0.9884892623896437,0.657605616375804,0.04261966701596975,0.973335215830685,5,5,25600,140635,1365.28125
outer_fold,fold3_seed11_P16_C1600_logistic_regression,3,11,16,1600,logistic_regression,fine,0.7278415757101717,0.6668995140190893,10.277486672624946,0.09984602686017752,0.6343784698258846,39,39,25600,140635,1365.28125
outer_fold,fold3_seed12_P16_C1600_logistic_regression,3,12,16,1600,logistic_regression,coarse,0.9873004586340527,0.985726269136857,0.5750612644478679,0.0356312058866024,0.9711903910250074,5,5,25600,140635,1362.125
outer_fold,fold3_seed12_P16_C1600_logistic_regression,3,12,16,1600,logistic_regression,fine,0.7166992569417285,0.6753183284521521,10.78238188661635,0.206433585844934,0.621098872425181,39,39,25600,140635,1362.125
outer_fold,fold3_seed13_P16_C1600_logistic_regression,3,13,16,1600,logistic_regression,coarse,0.9882675009777082,0.9884912202622255,0.6558349523693323,0.035012572072446346,0.9744748520722369,5,5,25600,140635,1357.2578125
outer_fold,fold3_seed13_P16_C1600_logistic_regression,3,13,16,1600,logistic_regression,fine,0.7256443986205425,0.6718797306451102,13.01010520849377,0.08630579523742199,0.6244453491433699,39,39,25600,140635,1357.2578125
outer_fold,fold3_seed14_P16_C1600_logistic_regression,3,14,16,1600,logistic_regression,coarse,0.9899029402353611,0.9903907648799191,0.5468656877055764,0.035476415418088436,0.9792840285778437,5,5,25600,140635,1359.9375
outer_fold,fold3_seed14_P16_C1600_logistic_regression,3,14,16,1600,logistic_regression,fine,0.7027340278024674,0.6744540824976656,14.417646648362279,0.0860534394159913,0.6153356446132972,39,39,25600,140635,1359.9375
outer_fold,fold3_seed15_P16_C1600_logistic_regression,3,15,16,1600,logistic_regression,coarse,0.9869875919934582,0.9888330308591815,0.6704869447275996,0.047121056355535984,0.9704214502732151,5,5,25600,140635,1357.78125
outer_fold,fold3_seed15_P16_C1600_logistic_regression,3,15,16,1600,logistic_regression,fine,0.7028335762790202,0.6659801065715814,16.652360025793314,0.21233973279595375,0.6188052791589497,39,39,25600,140635,1357.78125
outer_fold,fold3_seed16_P16_C1600_logistic_regression,3,16,16,1600,logistic_regression,coarse,0.9846979770327443,0.9876094418448332,0.5959719084203243,0.04757379088550806,0.9612754140332054,5,5,25600,140635,1353.08203125
outer_fold,fold3_seed16_P16_C1600_logistic_regression,3,16,16,1600,logistic_regression,fine,0.7127955345397661,0.6551377735815507,12.758465877734125,0.09052680525928736,0.60230585909599,39,39,25600,140635,1353.08203125
outer_fold,fold3_seed17_P16_C1600_logistic_regression,3,17,16,1600,logistic_regression,coarse,0.9872649056067124,0.9887573930711522,0.6189396707341075,0.03973060380667448,0.9583524742228701,5,5,25600,140635,1355.3203125
outer_fold,fold3_seed17_P16_C1600_logistic_regression,3,17,16,1600,logistic_regression,fine,0.7160806342660078,0.6677616540207433,13.560558034107089,0.0768668269738555,0.6234167092888898,39,39,25600,140635,1355.3203125
outer_fold,fold3_seed18_P16_C1600_logistic_regression,3,18,16,1600,logistic_regression,coarse,0.9725530628933053,0.9806779969079431,0.7799019925296307,0.039305330254137516,0.923899649759069,5,5,25600,140635,1353.34375
outer_fold,fold3_seed18_P16_C1600_logistic_regression,3,18,16,1600,logistic_regression,fine,0.7108827816688591,0.6675763109626598,14.004590019583702,0.08459643367677927,0.616328139616659,39,39,25600,140635,1353.34375
outer_fold,fold3_seed19_P16_C1600_logistic_regression,3,19,16,1600,logistic_regression,coarse,0.9863903011341416,0.9861923610523787,0.40335988253355026,0.028690695762634277,0.9753925798390473,5,5,25600,140635,1363.59765625
outer_fold,fold3_seed19_P16_C1600_logistic_regression,3,19,16,1600,logistic_regression,fine,0.7111672058875813,0.6484745119703929,10.147623627446592,0.07839410658925772,0.6045224941382205,39,39,25600,140635,1363.59765625
outer_fold,fold3_seed00_P32_C100_logistic_regression,3,0,32,100,logistic_regression,coarse,0.9859921072279304,0.9582344274110381,0.05498836003243923,0.04072887543588877,0.9413256527465432,5,5,3200,140635,1374.66015625
outer_fold,fold3_seed00_P32_C100_logistic_regression,3,0,32,100,logistic_regression,fine,0.7681800405304512,0.5629343344711025,0.4867696547880769,0.07484701089560986,0.5572108732729296,39,37,3200,140635,1374.66015625
outer_fold,fold3_seed01_P32_C100_logistic_regression,3,1,32,100,logistic_regression,coarse,0.9886941373057916,0.9611911454816717,0.031282984651625156,0.03540667984634638,0.9571739644654894,5,5,3200,140635,1356.046875
outer_fold,fold3_seed01_P32_C100_logistic_regression,3,1,32,100,logistic_regression,fine,0.7484196679347247,0.5417335002467691,0.2783905854448676,0.06012667063623667,0.5389926287686249,39,35,3200,140635,1356.046875
outer_fold,fold3_seed02_P32_C100_logistic_regression,3,2,32,100,logistic_regression,coarse,0.9817541863689693,0.9834502964243281,0.06320933904498816,0.046361953020095825,0.9604501890568624,5,5,3200,140635,1363.7734375
outer_fold,fold3_seed02_P32_C100_logistic_regression,3,2,32,100,logistic_regression,fine,0.7578767732072386,0.5612882857875794,0.5221970463171601,0.3238950567319989,0.5567422153072171,39,37,3200,140635,1363.7734375
outer_fold,fold3_seed03_P32_C100_logistic_regression,3,3,32,100,logistic_regression,coarse,0.987336011661393,0.9864368163648507,0.05038451682776213,0.033138022758066654,0.951650714763197,5,5,3200,140635,1322.80859375
outer_fold,fold3_seed03_P32_C100_logistic_regression,3,3,32,100,logistic_regression,fine,0.7487040921534469,0.5582577966342578,0.3571245577186346,0.06574543565511703,0.5496497331283012,39,39,3200,140635,1322.80859375
outer_fold,fold3_seed04_P32_C100_logistic_regression,3,4,32,100,logistic_regression,coarse,0.9863831905286735,0.9828594326060269,0.05930308997631073,0.041643690317869186,0.9502617604724847,5,5,3200,140635,1356.4609375
outer_fold,fold3_seed04_P32_C100_logistic_regression,3,4,32,100,logistic_regression,fine,0.768798663206172,0.5964750274137686,0.5383136132732034,0.08464279398322105,0.5894797293988978,39,38,3200,140635,1356.4609375
outer_fold,fold3_seed05_P32_C100_logistic_regression,3,5,32,100,logistic_regression,coarse,0.9914459416219291,0.9898094596219564,0.04352376703172922,0.03805410210043192,0.9684777855932944,5,5,3200,140635,1332.53515625
outer_fold,fold3_seed05_P32_C100_logistic_regression,3,5,32,100,logistic_regression,fine,0.7629750773278344,0.5736887240728904,0.43750803265720606,0.07902061194181442,0.5672509191924043,39,37,3200,140635,1332.53515625
outer_fold,fold3_seed06_P32_C100_logistic_regression,3,6,32,100,logistic_regression,coarse,0.9891492160557471,0.9809216219115939,0.052739283069968224,0.039568972773849964,0.972796073269528,5,5,3200,140635,1375.71875
outer_fold,fold3_seed06_P32_C100_logistic_regression,3,6,32,100,logistic_regression,fine,0.748334340669108,0.5636766021171145,0.5248965360224247,0.07338450942188501,0.5576536807718343,39,38,3200,140635,1375.71875
outer_fold,fold3_seed07_P32_C100_logistic_regression,3,7,32,100,logistic_regression,coarse,0.9840722437515554,0.9847480841209755,0.04960974119603634,0.04547064192593098,0.9552810823337495,5,5,3200,140635,1365.28125
outer_fold,fold3_seed07_P32_C100_logistic_regression,3,7,32,100,logistic_regression,fine,0.7670636754719664,0.5721448920292559,0.46197396237403154,0.0808541988953948,0.5751043486941823,39,39,3200,140635,1365.28125
outer_fold,fold3_seed08_P32_C100_logistic_regression,3,8,32,100,logistic_regression,coarse,0.9877982010168166,0.9685548658784825,0.04629683494567871,0.04265040345489979,0.9632038023395596,5,5,3200,140635,1362.125
outer_fold,fold3_seed08_P32_C100_logistic_regression,3,8,32,100,logistic_regression,fine,0.7498062360009955,0.5465301939885344,0.41124134697020054,0.36609632056206465,0.5464890712227827,39,37,3200,140635,1362.125
outer_fold,fold3_seed09_P32_C100_logistic_regression,3,9,32,100,logistic_regression,coarse,0.9858641163295054,0.9578112515493056,0.06566477473825216,0.039416917599737644,0.9549134119604499,5,5,3200,140635,1357.2578125
outer_fold,fold3_seed09_P32_C100_logistic_regression,3,9,32,100,logistic_regression,fine,0.7418992427205177,0.5459674316735108,0.2833304377272725,0.054415684193372726,0.5336815897380421,39,35,3200,140635,1357.2578125
outer_fold,fold3_seed10_P32_C100_logistic_regression,3,10,32,100,logistic_regression,coarse,0.983766487716429,0.9821091748681301,0.05777170415967703,0.03826130274683237,0.9687762095818562,5,5,3200,140635,1359.9375
outer_fold,fold3_seed10_P32_C100_logistic_regression,3,10,32,100,logistic_regression,fine,0.7544139083442956,0.5718996244395844,0.4434005403891206,0.07613286003470421,0.5666931459712546,39,36,3200,140635,1359.9375
outer_fold,fold3_seed11_P32_C100_logistic_regression,3,11,32,100,logistic_regression,coarse,0.9901944750595513,0.9866903743323107,0.042944381944835186,0.04161792155355215,0.9668622062093581,5,5,3200,140635,1357.78125
outer_fold,fold3_seed11_P32_C100_logistic_regression,3,11,32,100,logistic_regression,fine,0.7591069079532122,0.556033713381752,0.4391744118183851,0.25811711233109236,0.5526770068068336,39,37,3200,140635,1357.78125
outer_fold,fold3_seed12_P32_C100_logistic_regression,3,12,32,100,logistic_regression,coarse,0.9878621964660291,0.961050886880052,0.04565996490418911,0.03644151519984007,0.9551261456297157,5,5,3200,140635,1353.08203125
outer_fold,fold3_seed12_P32_C100_logistic_regression,3,12,32,100,logistic_regression,fine,0.7560991218402247,0.5584969218513782,0.4624371863901615,0.08182376623153687,0.5521164880985376,39,37,3200,140635,1353.08203125
outer_fold,fold3_seed13_P32_C100_logistic_regression,3,13,32,100,logistic_regression,coarse,0.9867458314075443,0.9869713981765662,0.0526021271944046,0.036145973950624466,0.9481151676915094,5,5,3200,140635,1355.3203125
outer_fold,fold3_seed13_P32_C100_logistic_regression,3,13,32,100,logistic_regression,fine,0.7447150424858676,0.5577199684966673,0.48353342432528734,0.07164850644767284,0.5590496136265396,39,38,3200,140635,1355.3203125
outer_fold,fold3_seed14_P32_C100_logistic_regression,3,14,32,100,logistic_regression,coarse,0.9836171650015999,0.9761758174627225,0.054709683172404766,0.03900030441582203,0.9625642732767803,5,5,3200,140635,1353.34375
outer_fold,fold3_seed14_P32_C100_logistic_regression,3,14,32,100,logistic_regression,fine,0.7500408859814414,0.5368620978314982,0.47380434162914753,0.07708315923810005,0.5288596114204013,39,35,3200,140635,1353.34375
outer_fold,fold3_seed15_P32_C100_logistic_regression,3,15,32,100,logistic_regression,coarse,0.9865467344544387,0.964353931290689,0.04578387085348368,0.030332516878843307,0.9566728935506588,5,5,3200,140635,1363.59765625
outer_fold,fold3_seed15_P32_C100_logistic_regression,3,15,32,100,logistic_regression,fine,0.7568101823870302,0.5648240014350636,0.4271980244666338,0.07205678708851337,0.5588863839877106,39,37,3200,140635,1363.59765625
outer_fold,fold3_seed16_P32_C100_logistic_regression,3,16,32,100,logistic_regression,coarse,0.9861840935755679,0.9869325826177079,0.05999235808849335,0.03832732979208231,0.9585299682037505,5,5,3200,140635,1374.66015625
outer_fold,fold3_seed16_P32_C100_logistic_regression,3,16,32,100,logistic_regression,fine,0.7594411064102108,0.5818344049102914,0.5082071740180254,0.08890301361680031,0.5695589093080162,39,38,3200,140635,1374.66015625
outer_fold,fold3_seed17_P32_C100_logistic_regression,3,17,32,100,logistic_regression,coarse,0.9917445870515874,0.9888244351278596,0.046927536837756634,0.05058694910258055,0.973900930265027,5,5,3200,140635,1356.046875
outer_fold,fold3_seed17_P32_C100_logistic_regression,3,17,32,100,logistic_regression,fine,0.7654424574252497,0.5728668428193442,0.5854583540931344,0.0887176962569356,0.5760683895769189,39,38,3200,140635,1356.046875
outer_fold,fold3_seed18_P32_C100_logistic_regression,3,18,32,100,logistic_regression,coarse,0.9851814982045721,0.986023166338953,0.08110040612518787,0.04649140685796738,0.9636382640231016,5,5,3200,140635,1363.7734375
outer_fold,fold3_seed18_P32_C100_logistic_regression,3,18,32,100,logistic_regression,fine,0.7541081523091692,0.5795592647074859,0.4525514990091324,0.5627132039517164,0.5754141582967894,39,38,3200,140635,1363.7734375
outer_fold,fold3_seed19_P32_C100_logistic_regression,3,19,32,100,logistic_regression,coarse,0.9872791268176485,0.9871030071334079,0.05251886323094368,0.03284307383000851,0.9717664247529028,5,5,3200,140635,1322.80859375
outer_fold,fold3_seed19_P32_C100_logistic_regression,3,19,32,100,logistic_regression,fine,0.7664094997689053,0.561147103056945,0.3480789056047797,0.06250901520252228,0.5578862432466007,39,37,3200,140635,1322.80859375
outer_fold,fold3_seed00_P32_C200_logistic_regression,3,0,32,200,logistic_regression,coarse,0.9820172787712874,0.9840869941601902,0.12199948541820049,0.040019115433096886,0.9534780292856138,5,5,6400,140635,1356.4609375
outer_fold,fold3_seed00_P32_C200_logistic_regression,3,0,32,200,logistic_regression,fine,0.7383581611974259,0.6218110910799355,1.848822277970612,0.09430655743926764,0.60473721635528,39,39,6400,140635,1356.4609375
outer_fold,fold3_seed01_P32_C200_logistic_regression,3,1,32,200,logistic_regression,coarse,0.9867600526184804,0.9605113776951871,0.1104752216488123,0.04009982571005821,0.9579134735761515,5,5,6400,140635,1332.53515625
outer_fold,fold3_seed01_P32_C200_logistic_regression,3,1,32,200,logistic_regression,fine,0.7427880684040246,0.5656508219220319,1.441513299010694,0.07992731500416994,0.5515212128911218,39,36,6400,140635,1332.53515625
outer_fold,fold3_seed02_P32_C200_logistic_regression,3,2,32,200,logistic_regression,coarse,0.979414797169979,0.9820976573041407,0.12263862788677216,0.037321798503398895,0.9575634601424381,5,5,6400,140635,1375.71875
outer_fold,fold3_seed02_P32_C200_logistic_regression,3,2,32,200,logistic_regression,fine,0.7440182031499982,0.5895763446110084,1.5416537057608366,0.07774708140641451,0.5785206145527718,39,38,6400,140635,1375.71875
outer_fold,fold3_seed03_P32_C200_logistic_regression,3,3,32,200,logistic_regression,coarse,0.9858570057240374,0.9867475592669237,0.08998634945601225,0.044812750071287155,0.9623329172418277,5,5,6400,140635,1365.28125
outer_fold,fold3_seed03_P32_C200_logistic_regression,3,3,32,200,logistic_regression,fine,0.7307569239520745,0.5816455147998134,1.2629674412310123,0.08100306149572134,0.5624860910644477,39,39,6400,140635,1365.28125
outer_fold,fold3_seed04_P32_C200_logistic_regression,3,4,32,200,logistic_regression,coarse,0.9893412024033846,0.9879341702961323,0.09492890816181898,0.04459649696946144,0.9703459740662483,5,5,6400,140635,1362.125
outer_fold,fold3_seed04_P32_C200_logistic_regression,3,4,32,200,logistic_regression,fine,0.7583745155900025,0.6186320084971617,0.9832917153835297,0.30240973737090826,0.6010402895904545,39,38,6400,140635,1362.125
outer_fold,fold3_seed05_P32_C200_logistic_regression,3,5,32,200,logistic_regression,coarse,0.9911615174032069,0.9884459945711876,0.0769221493974328,0.03765216190367937,0.9657840112374261,5,5,6400,140635,1357.2578125
outer_fold,fold3_seed05_P32_C200_logistic_regression,3,5,32,200,logistic_regression,fine,0.7558858036761831,0.5886377882355686,1.531822401098907,0.0769294798374176,0.5780098665382444,39,39,6400,140635,1357.2578125
outer_fold,fold3_seed06_P32_C200_logistic_regression,3,6,32,200,logistic_regression,coarse,0.9874640025598179,0.9843320906402304,0.09839718323200941,0.03910016268491745,0.9714155814004574,5,5,6400,140635,1359.9375
outer_fold,fold3_seed06_P32_C200_logistic_regression,3,6,32,200,logistic_regression,fine,0.7422192199665801,0.5788710461018093,1.4883230598643422,0.08377627935260534,0.5644199557012572,39,38,6400,140635,1359.9375
outer_fold,fold3_seed07_P32_C200_logistic_regression,3,7,32,200,logistic_regression,coarse,0.9821168272478401,0.9844204914774719,0.07481704838573933,0.03145343903452158,0.9498436517201668,5,5,6400,140635,1357.78125
outer_fold,fold3_seed07_P32_C200_logistic_regression,3,7,32,200,logistic_regression,fine,0.75370284779749,0.613540194392557,1.177074272185564,0.2687177862972021,0.6063612442937215,39,39,6400,140635,1357.78125
outer_fold,fold3_seed08_P32_C200_logistic_regression,3,8,32,200,logistic_regression,coarse,0.988630141856579,0.9865448056332345,0.10190408863127232,0.047398329712450504,0.9693199463063698,5,5,6400,140635,1353.08203125
outer_fold,fold3_seed08_P32_C200_logistic_regression,3,8,32,200,logistic_regression,fine,0.7374480036975148,0.5973523998406445,1.5814277781173587,0.08527242299169302,0.584259116198402,39,38,6400,140635,1353.08203125
outer_fold,fold3_seed09_P32_C200_logistic_regression,3,9,32,200,logistic_regression,coarse,0.9871724677356277,0.9871434180764546,0.10011805407702923,0.036644699051976204,0.9602969620125759,5,5,6400,140635,1355.3203125
outer_fold,fold3_seed09_P32_C200_logistic_regression,3,9,32,200,logistic_regression,fine,0.740036264087887,0.5942421634533253,1.4867389472201467,0.0753572229295969,0.5772330602479621,39,37,6400,140635,1355.3203125
outer_fold,fold3_seed10_P32_C200_logistic_regression,3,10,32,200,logistic_regression,coarse,0.9838091513492374,0.9834156595520265,0.08785149361938238,0.03887883387506008,0.9615654480319981,5,5,6400,140635,1353.34375
outer_fold,fold3_seed10_P32_C200_logistic_regression,3,10,32,200,logistic_regression,fine,0.7466206847513066,0.6040944994677953,1.6235613347962499,0.08323003444820642,0.5760448160534177,39,38,6400,140635,1353.34375
outer_fold,fold3_seed11_P32_C200_logistic_regression,3,11,32,200,logistic_regression,coarse,0.9887936857823444,0.9879196547836466,0.07502099126577377,0.03773066867142916,0.961707333274594,5,5,6400,140635,1363.59765625
outer_fold,fold3_seed11_P32_C200_logistic_regression,3,11,32,200,logistic_regression,fine,0.7553240658442066,0.5939156750567158,1.4521920280531049,0.07660723011940718,0.5897681417133896,39,39,6400,140635,1363.59765625
outer_fold,fold3_seed12_P32_C200_logistic_regression,3,12,32,200,logistic_regression,coarse,0.9861840935755679,0.976935668361912,0.11703505367040634,0.0389392226934433,0.9619522331337038,5,5,6400,140635,1374.66015625
outer_fold,fold3_seed12_P32_C200_logistic_regression,3,12,32,200,logistic_regression,fine,0.7404984534433107,0.5867090936319185,1.6035388903692365,0.07887296099215746,0.5721419204359102,39,37,6400,140635,1374.66015625
outer_fold,fold3_seed13_P32_C200_logistic_regression,3,13,32,200,logistic_regression,coarse,0.9883812706651971,0.9873499198395015,0.08942338824272156,0.04182763397693634,0.9663968259772056,5,5,6400,140635,1356.046875
outer_fold,fold3_seed13_P32_C200_logistic_regression,3,13,32,200,logistic_regression,fine,0.739524300494187,0.6154964212952186,1.4219111194834113,0.09307350683957338,0.6040518150447388,39,39,6400,140635,1356.046875
outer_fold,fold3_seed14_P32_C200_logistic_regression,3,14,32,200,logistic_regression,coarse,0.9861769829700999,0.984967172830004,0.0949288159608841,0.0457265954464674,0.9708680790960736,5,5,6400,140635,1363.7734375
outer_fold,fold3_seed14_P32_C200_logistic_regression,3,14,32,200,logistic_regression,fine,0.7414726063924343,0.5997895249939106,1.179229436442256,0.6319729667156935,0.5835891358246103,39,38,6400,140635,1363.7734375
outer_fold,fold3_seed15_P32_C200_logistic_regression,3,15,32,200,logistic_regression,coarse,0.985679240587336,0.9866959296963105,0.08023605588823557,0.033105986192822456,0.9625828694854477,5,5,6400,140635,1322.80859375
outer_fold,fold3_seed15_P32_C200_logistic_regression,3,15,32,200,logistic_regression,fine,0.7443026273687204,0.6266418398633716,1.2430091984570026,0.06536887399852276,0.6129423118616686,39,39,6400,140635,1322.80859375
outer_fold,fold3_seed16_P32_C200_logistic_regression,3,16,32,200,logistic_regression,coarse,0.9836669392398762,0.9851719256802678,0.14732893276959658,0.039139071479439735,0.9513518793108995,5,5,6400,140635,1356.4609375
outer_fold,fold3_seed16_P32_C200_logistic_regression,3,16,32,200,logistic_regression,fine,0.7590997973477441,0.6046676448430961,1.5888195093721151,0.07362818252295256,0.586497332427279,39,38,6400,140635,1356.4609375
outer_fold,fold3_seed17_P32_C200_logistic_regression,3,17,32,200,logistic_regression,coarse,0.9905855583602944,0.9884230113050784,0.098638154566288,0.03882394079118967,0.9671661236700025,5,5,6400,140635,1332.53515625
outer_fold,fold3_seed17_P32_C200_logistic_regression,3,17,32,200,logistic_regression,fine,0.755366729477015,0.5980129885832068,1.5808767033740878,0.08327147737145424,0.5916565812993565,39,38,6400,140635,1332.53515625
outer_fold,fold3_seed18_P32_C200_logistic_regression,3,18,32,200,logistic_regression,coarse,0.9857290148256124,0.9889441602642315,0.14111219439655542,0.040629126131534576,0.9594199066729077,5,5,6400,140635,1375.71875
outer_fold,fold3_seed18_P32_C200_logistic_regression,3,18,32,200,logistic_regression,fine,0.746421587798201,0.6104287133003022,1.44256435893476,0.0780208595097065,0.5972119147850459,39,39,6400,140635,1375.71875
outer_fold,fold3_seed19_P32_C200_logistic_regression,3,19,32,200,logistic_regression,coarse,0.9851957194155082,0.9864797037660757,0.09970726910978556,0.046227311715483665,0.9707216835148589,5,5,6400,140635,1365.28125
outer_fold,fold3_seed19_P32_C200_logistic_regression,3,19,32,200,logistic_regression,fine,0.7524869342624525,0.5875649784462319,1.1051008272916079,0.08585881907492876,0.5766694795815397,39,37,6400,140635,1365.28125
outer_fold,fold3_seed00_P32_C400_logistic_regression,3,0,32,400,logistic_regression,coarse,0.9847975255092971,0.9869932602810569,0.20493025239557028,0.03681064583361149,0.9689431529156547,5,5,12800,140635,1362.125
outer_fold,fold3_seed00_P32_C400_logistic_regression,3,0,32,400,logistic_regression,fine,0.7262985743236037,0.6474275697764256,3.42021407186985,0.24794826470315456,0.6152321172745572,39,39,12800,140635,1362.125
outer_fold,fold3_seed01_P32_C400_logistic_regression,3,1,32,400,logistic_regression,coarse,0.986966260177054,0.9881568220989354,0.2672995189204812,0.03791328240185976,0.9726551894734984,5,5,12800,140635,1357.2578125
outer_fold,fold3_seed01_P32_C400_logistic_regression,3,1,32,400,logistic_regression,fine,0.7330252070963843,0.6183986169086999,5.119798032566905,0.07111691404134035,0.5876012869809335,39,37,12800,140635,1357.2578125
outer_fold,fold3_seed02_P32_C400_logistic_regression,3,2,32,400,logistic_regression,coarse,0.9852099406264443,0.9873449258240822,0.29409079998731613,0.03758689481765032,0.9691981201627632,5,5,12800,140635,1359.9375
outer_fold,fold3_seed02_P32_C400_logistic_regression,3,2,32,400,logistic_regression,fine,0.7343620009243788,0.6318138020127326,5.4553573513403535,0.08285196032375097,0.6020180976186217,39,39,12800,140635,1359.9375
outer_fold,fold3_seed03_P32_C400_logistic_regression,3,3,32,400,logistic_regression,coarse,0.9881608418956874,0.9880799306384926,0.15969979856163263,0.029448176734149456,0.9731935030937906,5,5,12800,140635,1357.78125
outer_fold,fold3_seed03_P32_C400_logistic_regression,3,3,32,400,logistic_regression,fine,0.7084154015714438,0.6110648845856483,4.180948471650481,0.2702168645337224,0.5745519624754015,39,39,12800,140635,1357.78125
outer_fold,fold3_seed04_P32_C400_logistic_regression,3,4,32,400,logistic_regression,coarse,0.9884523767198777,0.9876676536874646,0.24143725633621216,0.04886765405535698,0.9698606255012117,5,5,12800,140635,1353.08203125
outer_fold,fold3_seed04_P32_C400_logistic_regression,3,4,32,400,logistic_regression,fine,0.7393678671738898,0.6435326894114469,4.493426577188075,0.0879580620676279,0.6101686983584731,39,39,12800,140635,1353.08203125
outer_fold,fold3_seed05_P32_C400_logistic_regression,3,5,32,400,logistic_regression,coarse,0.9896896220713194,0.9893162267050719,0.22423583827912807,0.03814271558076143,0.9656548744852543,5,5,12800,140635,1355.3203125
outer_fold,fold3_seed05_P32_C400_logistic_regression,3,5,32,400,logistic_regression,fine,0.7228997049098731,0.6179818946161287,4.701309279538691,0.07815752364695072,0.5881418506557557,39,39,12800,140635,1355.3203125
outer_fold,fold3_seed06_P32_C400_logistic_regression,3,6,32,400,logistic_regression,coarse,0.9881963949230277,0.985344286831217,0.30537119694054127,0.040109661407768726,0.9745176224505459,5,5,12800,140635,1353.34375
outer_fold,fold3_seed06_P32_C400_logistic_regression,3,6,32,400,logistic_regression,fine,0.7257652789134995,0.6082632760376203,4.282340656965971,0.06433264724910259,0.5804562828687876,39,39,12800,140635,1353.34375
outer_fold,fold3_seed07_P32_C400_logistic_regression,3,7,32,400,logistic_regression,coarse,0.9838020407437693,0.9861172480993565,0.21252659056335688,0.029274746775627136,0.9603488223039001,5,5,12800,140635,1363.59765625
outer_fold,fold3_seed07_P32_C400_logistic_regression,3,7,32,400,logistic_regression,fine,0.7393963095957621,0.6335833288261387,3.408085487782955,0.06362692452967167,0.6112886561361809,39,39,12800,140635,1363.59765625
outer_fold,fold3_seed08_P32_C400_logistic_regression,3,8,32,400,logistic_regression,coarse,0.9870729192590749,0.9877357034757184,0.28949172515422106,0.03834985289722681,0.9574337907220049,5,5,12800,140635,1374.66015625
outer_fold,fold3_seed08_P32_C400_logistic_regression,3,8,32,400,logistic_regression,fine,0.7276780317844065,0.6431212309008267,5.724554714746773,0.08292191382497549,0.6162486689864357,39,39,12800,140635,1374.66015625
outer_fold,fold3_seed09_P32_C400_logistic_regression,3,9,32,400,logistic_regression,coarse,0.9880399616027304,0.9903288661691683,0.24237041920423508,0.04631167743355036,0.9665278904636276,5,5,12800,140635,1356.046875
outer_fold,fold3_seed09_P32_C400_logistic_regression,3,9,32,400,logistic_regression,fine,0.7361823159242009,0.6199146075428503,5.572830873541534,0.08398015424609184,0.5893916164404747,39,39,12800,140635,1356.046875
outer_fold,fold3_seed10_P32_C400_logistic_regression,3,10,32,400,logistic_regression,coarse,0.9864258541614819,0.9854710799703683,0.2857533050701022,0.04663213528692722,0.9663102361511144,5,5,12800,140635,1363.7734375
outer_fold,fold3_seed10_P32_C400_logistic_regression,3,10,32,400,logistic_regression,fine,0.7199985778789064,0.6356671328430349,4.664637250825763,0.37647906970232725,0.5991231262022091,39,38,12800,140635,1363.7734375
outer_fold,fold3_seed11_P32_C400_logistic_regression,3,11,32,400,logistic_regression,coarse,0.9883528282433249,0.9861574801376625,0.2923188852146268,0.038391866721212864,0.9610414819062789,5,5,12800,140635,1322.80859375
outer_fold,fold3_seed11_P32_C400_logistic_regression,3,11,32,400,logistic_regression,fine,0.7417356987947523,0.6147390293341523,5.649961851537228,0.07752663176506758,0.5883991858337806,39,39,12800,140635,1322.80859375
outer_fold,fold3_seed12_P32_C400_logistic_regression,3,12,32,400,logistic_regression,coarse,0.9885874782237708,0.9861220789210373,0.30421443097293377,0.040432593785226345,0.9741045067307436,5,5,12800,140635,1356.4609375
outer_fold,fold3_seed12_P32_C400_logistic_regression,3,12,32,400,logistic_regression,fine,0.7261065879759662,0.6085661464184767,5.249986937269568,0.6224079374223948,0.5782547362191957,39,38,12800,140635,1356.4609375
outer_fold,fold3_seed13_P32_C400_logistic_regression,3,13,32,400,logistic_regression,coarse,0.9872649056067124,0.9869884178886432,0.2959281327202916,0.040834362618625164,0.9701228597540468,5,5,12800,140635,1332.53515625
outer_fold,fold3_seed13_P32_C400_logistic_regression,3,13,32,400,logistic_regression,fine,0.728012230241405,0.6522287286852496,4.889675559476018,0.08489623200148344,0.6202439199023688,39,39,12800,140635,1332.53515625
outer_fold,fold3_seed14_P32_C400_logistic_regression,3,14,32,400,logistic_regression,coarse,0.9886585842784513,0.9881948180422727,0.23167793825268745,0.03712183050811291,0.9737977025757332,5,5,12800,140635,1375.71875
outer_fold,fold3_seed14_P32_C400_logistic_regression,3,14,32,400,logistic_regression,fine,0.7256159561986704,0.6307248420602108,5.400129247456789,0.08110593445599079,0.5981936848266716,39,39,12800,140635,1375.71875
outer_fold,fold3_seed15_P32_C400_logistic_regression,3,15,32,400,logistic_regression,coarse,0.9836953816617485,0.9871038760564017,0.2685226835310459,0.047724176198244095,0.9603412121881275,5,5,12800,140635,1365.28125
outer_fold,fold3_seed15_P32_C400_logistic_regression,3,15,32,400,logistic_regression,fine,0.7151775873715647,0.6404183136480008,4.427835466340184,0.06725604087114334,0.6093007376681668,39,39,12800,140635,1365.28125
outer_fold,fold3_seed16_P32_C400_logistic_regression,3,16,32,400,logistic_regression,coarse,0.9870231450207986,0.9873388472366689,0.2831653719767928,0.04919116571545601,0.963352861098582,5,5,12800,140635,1362.125
outer_fold,fold3_seed16_P32_C400_logistic_regression,3,16,32,400,logistic_regression,fine,0.7401002595370996,0.6389658033599891,5.150881735607982,0.5818381207063794,0.6085822470785279,39,39,12800,140635,1362.125
outer_fold,fold3_seed17_P32_C400_logistic_regression,3,17,32,400,logistic_regression,coarse,0.9901731432431472,0.9887478844624104,0.24364016391336918,0.04061074834316969,0.9657357425509459,5,5,12800,140635,1357.2578125
outer_fold,fold3_seed17_P32_C400_logistic_regression,3,17,32,400,logistic_regression,fine,0.7344473281899954,0.6321818281787627,4.8093561781570315,0.07604955602437258,0.6040317759926344,39,38,12800,140635,1357.2578125
outer_fold,fold3_seed18_P32_C400_logistic_regression,3,18,32,400,logistic_regression,coarse,0.9844348846304263,0.9884526544397415,0.3513117404654622,0.03768787533044815,0.9567289444260101,5,5,12800,140635,1359.9375
outer_fold,fold3_seed18_P32_C400_logistic_regression,3,18,32,400,logistic_regression,fine,0.7335727237174245,0.6378551812278267,5.4522170051932335,0.08578876312822104,0.6113316903841051,39,39,12800,140635,1359.9375
outer_fold,fold3_seed19_P32_C400_logistic_regression,3,19,32,400,logistic_regression,coarse,0.9869875919934582,0.9889195395723258,0.14746992383152246,0.03600896894931793,0.9757986264506668,5,5,12800,140635,1357.78125
outer_fold,fold3_seed19_P32_C400_logistic_regression,3,19,32,400,logistic_regression,fine,0.7353361538735024,0.6106130378579737,3.449987830594182,0.27372453082352877,0.5831570051219627,39,39,12800,140635,1357.78125
outer_fold,fold3_seed00_P32_C800_logistic_regression,3,0,32,800,logistic_regression,coarse,0.9903295765634443,0.989053554031081,0.7709259670227766,0.045322331599891186,0.978309714316086,5,5,25600,140635,1353.08203125
outer_fold,fold3_seed00_P32_C800_logistic_regression,3,0,32,800,logistic_regression,fine,0.7189675400860384,0.6696715406419075,14.482994449324906,0.08518657647073269,0.6247010053087995,39,39,25600,140635,1353.08203125
outer_fold,fold3_seed01_P32_C800_logistic_regression,3,1,32,800,logistic_regression,coarse,0.9896256266221068,0.9901420529167702,0.7147888019680977,0.036277891136705875,0.9767226120889007,5,5,25600,140635,1355.3203125
outer_fold,fold3_seed01_P32_C800_logistic_regression,3,1,32,800,logistic_regression,fine,0.7227859352223842,0.6709648244997004,11.980675143189728,0.07958828937262297,0.6182511947893492,39,39,25600,140635,1355.3203125
outer_fold,fold3_seed02_P32_C800_logistic_regression,3,2,32,800,logistic_regression,coarse,0.9884168236925375,0.9890530113983654,0.6027032462880015,0.03719715401530266,0.9710093942934748,5,5,25600,140635,1353.34375
outer_fold,fold3_seed02_P32_C800_logistic_regression,3,2,32,800,logistic_regression,fine,0.7128595299889786,0.676364465891892,14.74260513857007,0.08159131836146116,0.6184664422490155,39,39,25600,140635,1353.34375
outer_fold,fold3_seed03_P32_C800_logistic_regression,3,3,32,800,logistic_regression,coarse,0.990912646211825,0.9893973158849579,0.641161359846592,0.03785940259695053,0.9766441241807694,5,5,25600,140635,1363.59765625
outer_fold,fold3_seed03_P32_C800_logistic_regression,3,3,32,800,logistic_regression,fine,0.6919685711238311,0.65435675155771,12.909168681129813,0.08477039355784655,0.5957123365953267,39,39,25600,140635,1363.59765625
outer_fold,fold3_seed04_P32_C800_logistic_regression,3,4,32,800,logistic_regression,coarse,0.9903295765634443,0.9888285919777603,0.5835335003212094,0.04596574138849974,0.9728732012344355,5,5,25600,140635,1374.66015625
outer_fold,fold3_seed04_P32_C800_logistic_regression,3,4,32,800,logistic_regression,fine,0.731595975397305,0.6726555747433276,15.39350519515574,0.0863572433590889,0.627369627592639,39,39,25600,140635,1374.66015625
outer_fold,fold3_seed05_P32_C800_logistic_regression,3,5,32,800,logistic_regression,coarse,0.9881110676574111,0.9886249526097745,0.44682531151920557,0.035816543735563755,0.9705228626451385,5,5,25600,140635,1356.046875
outer_fold,fold3_seed05_P32_C800_logistic_regression,3,5,32,800,logistic_regression,fine,0.7000675507519465,0.6753979222604942,10.692310016602278,0.06830855179578066,0.62769637741016,39,39,25600,140635,1356.046875
outer_fold,fold3_seed06_P32_C800_logistic_regression,3,6,32,800,logistic_regression,coarse,0.9903295765634443,0.9886632007867237,0.5419033523648977,0.03429917711764574,0.977359911477202,5,5,25600,140635,1363.7734375
outer_fold,fold3_seed06_P32_C800_logistic_regression,3,6,32,800,logistic_regression,fine,0.7160664130550717,0.6614160365613285,12.486045263707638,0.49692552536726,0.6152475995823371,39,39,25600,140635,1363.7734375
outer_fold,fold3_seed07_P32_C800_logistic_regression,3,7,32,800,logistic_regression,coarse,0.9879546343371138,0.9890389388467975,0.5309122065082192,0.038598344661295414,0.9697294864172855,5,5,25600,140635,1322.80859375
outer_fold,fold3_seed07_P32_C800_logistic_regression,3,7,32,800,logistic_regression,fine,0.7282539908273189,0.6664324112329,13.731801833026111,0.08083294611424208,0.6260653185911181,39,39,25600,140635,1322.80859375
outer_fold,fold3_seed08_P32_C800_logistic_regression,3,8,32,800,logistic_regression,coarse,0.9898744978134888,0.988929430735239,0.7924724481999874,0.03842082992196083,0.9764816090242265,5,5,25600,140635,1356.4609375
outer_fold,fold3_seed08_P32_C800_logistic_regression,3,8,32,800,logistic_regression,fine,0.7186191204181036,0.6813491353581441,13.502991325221956,0.09154069982469082,0.635837374323455,39,39,25600,140635,1356.4609375
outer_fold,fold3_seed09_P32_C800_logistic_regression,3,9,32,800,logistic_regression,coarse,0.9885661464073666,0.9904501945724498,0.6076852018013597,0.03568382374942303,0.9638180412389035,5,5,25600,140635,1332.53515625
outer_fold,fold3_seed09_P32_C800_logistic_regression,3,9,32,800,logistic_regression,fine,0.7300743058271412,0.6629188022314912,12.220385070890188,0.06604267843067646,0.6126425150216881,39,39,25600,140635,1332.53515625
outer_fold,fold3_seed10_P32_C800_logistic_regression,3,10,32,800,logistic_regression,coarse,0.988359938848793,0.988414331722996,0.632304129190743,0.03943607397377491,0.9747195924256957,5,5,25600,140635,1375.71875
outer_fold,fold3_seed10_P32_C800_logistic_regression,3,10,32,800,logistic_regression,fine,0.715348241902798,0.6745093179312568,14.963752889074385,0.08372026588767767,0.6227174437507299,39,39,25600,140635,1375.71875
outer_fold,fold3_seed11_P32_C800_logistic_regression,3,11,32,800,logistic_regression,coarse,0.9894691933018096,0.9887086376487059,0.6237252438440919,0.047022389248013496,0.9706474581266331,5,5,25600,140635,1365.28125
outer_fold,fold3_seed11_P32_C800_logistic_regression,3,11,32,800,logistic_regression,fine,0.7206954172147758,0.6607416103396877,15.027739614248276,0.08899463899433613,0.6112806279590972,39,39,25600,140635,1365.28125
outer_fold,fold3_seed12_P32_C800_logistic_regression,3,12,32,800,logistic_regression,coarse,0.9904717886728055,0.9915787314868261,0.7359850108623505,0.04090813361108303,0.9759957212292869,5,5,25600,140635,1362.125
outer_fold,fold3_seed12_P32_C800_logistic_regression,3,12,32,800,logistic_regression,fine,0.7095104348135244,0.671961393628853,15.171096582897007,0.12354783713817596,0.6147265614218075,39,39,25600,140635,1362.125
outer_fold,fold3_seed13_P32_C800_logistic_regression,3,13,32,800,logistic_regression,coarse,0.9893483130088527,0.9892362422491408,0.6479045655578375,0.03939917031675577,0.9753811535863312,5,5,25600,140635,1357.2578125
outer_fold,fold3_seed13_P32_C800_logistic_regression,3,13,32,800,logistic_regression,fine,0.7223521882888327,0.6834377335274487,11.01965615991503,0.08233861345797777,0.6297074238525706,39,39,25600,140635,1357.2578125
outer_fold,fold3_seed14_P32_C800_logistic_regression,3,14,32,800,logistic_regression,coarse,0.9899953781064458,0.9898767389453627,0.5119472974911332,0.03786383755505085,0.9759347549993093,5,5,25600,140635,1359.9375
outer_fold,fold3_seed14_P32_C800_logistic_regression,3,14,32,800,logistic_regression,fine,0.709595762079141,0.6606035154735858,15.196856471709907,0.08637331705540419,0.6049795704070672,39,39,25600,140635,1359.9375
outer_fold,fold3_seed15_P32_C800_logistic_regression,3,15,32,800,logistic_regression,coarse,0.9855725815053151,0.9890309731537791,0.8855837732553482,0.05557492468506098,0.95896444538003,5,5,25600,140635,1357.78125
outer_fold,fold3_seed15_P32_C800_logistic_regression,3,15,32,800,logistic_regression,fine,0.7054858321186049,0.685114266772486,11.542760009877384,0.15759745985269547,0.6264869424230858,39,39,25600,140635,1357.78125
outer_fold,fold3_seed16_P32_C800_logistic_regression,3,16,32,800,logistic_regression,coarse,0.9885377039854943,0.9894805455037357,0.5522171668708324,0.028920859098434448,0.9646388074653937,5,5,25600,140635,1353.08203125
outer_fold,fold3_seed16_P32_C800_logistic_regression,3,16,32,800,logistic_regression,fine,0.7208802929569453,0.6769020594492415,10.340492057614028,0.059925248846411705,0.6223415769406003,39,39,25600,140635,1353.08203125
outer_fold,fold3_seed17_P32_C800_logistic_regression,3,17,32,800,logistic_regression,coarse,0.9908913143954208,0.9895466017737341,0.45225401502102613,0.02924637496471405,0.9734585848554079,5,5,25600,140635,1355.3203125
outer_fold,fold3_seed17_P32_C800_logistic_regression,3,17,32,800,logistic_regression,fine,0.7274718242258328,0.6761878828230297,14.966367153450847,0.08905590046197176,0.6319188208816819,39,39,25600,140635,1355.3203125
outer_fold,fold3_seed18_P32_C800_logistic_regression,3,18,32,800,logistic_regression,coarse,0.985032175489743,0.9888156279657618,0.6867663832381368,0.03795053716748953,0.9635098617848126,5,5,25600,140635,1353.34375
outer_fold,fold3_seed18_P32_C800_logistic_regression,3,18,32,800,logistic_regression,fine,0.7160379706331994,0.6791291391318024,13.440405694767833,0.08582784235477448,0.6294708256120419,39,39,25600,140635,1353.34375
outer_fold,fold3_seed19_P32_C800_logistic_regression,3,19,32,800,logistic_regression,coarse,0.9889501191026416,0.9906499848846686,0.6604440836235881,0.038185748271644115,0.9776790710857084,5,5,25600,140635,1363.59765625
outer_fold,fold3_seed19_P32_C800_logistic_regression,3,19,32,800,logistic_regression,fine,0.7203114445195008,0.6773058056755318,12.058325809426606,0.08366124797612429,0.627222620850743,39,39,25600,140635,1363.59765625
outer_fold,fold3_seed00_P32_C1600_logistic_regression,3,0,32,1600,logistic_regression,coarse,0.9915668219148861,0.9895953059351452,1.3770468840375543,0.038551002740859985,0.9779579239747445,5,5,51200,140635,1374.66015625
outer_fold,fold3_seed00_P32_C1600_logistic_regression,3,0,32,1600,logistic_regression,fine,0.7159242009457105,0.7047889823414902,26.727630250155926,0.08457925915718079,0.6433610496828931,39,39,51200,140635,1374.66015625
outer_fold,fold3_seed01_P32_C1600_logistic_regression,3,1,32,1600,logistic_regression,coarse,0.9920005688484375,0.9917840045661841,0.9858486652374268,0.03605392761528492,0.9796738003190043,5,5,51200,140635,1356.046875
outer_fold,fold3_seed01_P32_C1600_logistic_regression,3,1,32,1600,logistic_regression,fine,0.7343691115298467,0.7210672768578126,27.169269726611674,0.3966576186940074,0.6573128596644167,39,39,51200,140635,1356.046875
outer_fold,fold3_seed02_P32_C1600_logistic_regression,3,2,32,1600,logistic_regression,coarse,0.9906779962313791,0.9905278120847612,1.4983653221279383,0.044789014384150505,0.9749700622670157,5,5,51200,140635,1363.7734375
outer_fold,fold3_seed02_P32_C1600_logistic_regression,3,2,32,1600,logistic_regression,fine,0.7201194581718633,0.7171931648316603,28.546966896392405,0.1107061980292201,0.6462421520196815,39,39,51200,140635,1363.7734375
outer_fold,fold3_seed03_P32_C1600_logistic_regression,3,3,32,1600,logistic_regression,coarse,0.9918725779500125,0.9907850168175901,1.4181284848600626,0.038107872009277344,0.9796126596713064,5,5,51200,140635,1322.80859375
outer_fold,fold3_seed03_P32_C1600_logistic_regression,3,3,32,1600,logistic_regression,fine,0.7099299605361397,0.717563887106336,32.73210608586669,0.08029136806726456,0.6544322503539057,39,39,51200,140635,1322.80859375
outer_fold,fold3_seed04_P32_C1600_logistic_regression,3,4,32,1600,logistic_regression,coarse,0.9916521491805027,0.9917425101934165,1.425954387523234,0.03696791082620621,0.9741379087103544,5,5,51200,140635,1356.4609375
outer_fold,fold3_seed04_P32_C1600_logistic_regression,3,4,32,1600,logistic_regression,fine,0.7322643723113023,0.7142386759506257,30.452631861902773,0.0853695496916771,0.6465996097318597,39,39,51200,140635,1356.4609375
outer_fold,fold3_seed05_P32_C1600_logistic_regression,3,5,32,1600,logistic_regression,coarse,0.9893269811924486,0.9893592051059212,1.5859495559707284,0.03975813463330269,0.9732027601702257,5,5,51200,140635,1332.53515625
outer_fold,fold3_seed05_P32_C1600_logistic_regression,3,5,32,1600,logistic_regression,fine,0.709595762079141,0.7137979178729771,27.564870128408074,0.08685503620654345,0.6500782856135847,39,39,51200,140635,1332.53515625
outer_fold,fold3_seed06_P32_C1600_logistic_regression,3,6,32,1600,logistic_regression,coarse,0.9913392825399083,0.9899679496080054,1.2660045642405748,0.037803107872605324,0.9752297663718072,5,5,51200,140635,1375.71875
outer_fold,fold3_seed06_P32_C1600_logistic_regression,3,6,32,1600,logistic_regression,fine,0.7217548974295162,0.7130622223217428,30.241331934928894,0.07655820623040199,0.642226415789674,39,39,51200,140635,1375.71875
outer_fold,fold3_seed07_P32_C1600_logistic_regression,3,7,32,1600,logistic_regression,coarse,0.9899811568955097,0.9898698510153489,1.719309739768505,0.046710812486708164,0.9733674320199317,5,5,51200,140635,1365.28125
outer_fold,fold3_seed07_P32_C1600_logistic_regression,3,7,32,1600,logistic_regression,fine,0.7396949550254204,0.7176125914674139,25.210249013267457,0.4375765370205045,0.6584815124313849,39,39,51200,140635,1365.28125
outer_fold,fold3_seed08_P32_C1600_logistic_regression,3,8,32,1600,logistic_regression,coarse,0.991047747715718,0.9893230161574191,1.5973022021353245,0.04785570316016674,0.9716278815210047,5,5,51200,140635,1362.125
outer_fold,fold3_seed08_P32_C1600_logistic_regression,3,8,32,1600,logistic_regression,fine,0.7224304049489814,0.7224533295690574,28.453224358148873,0.7362357163801789,0.6564301382053498,39,39,51200,140635,1362.125
outer_fold,fold3_seed09_P32_C1600_logistic_regression,3,9,32,1600,logistic_regression,coarse,0.9916237067586305,0.9915487629482721,1.3224269142374396,0.03961324971169233,0.9719868361811168,5,5,51200,140635,1357.2578125
outer_fold,fold3_seed09_P32_C1600_logistic_regression,3,9,32,1600,logistic_regression,fine,0.7444661712944858,0.7120230635779378,31.65932380501181,0.08690972626209259,0.6487024436956704,39,39,51200,140635,1357.2578125
outer_fold,fold3_seed10_P32_C1600_logistic_regression,3,10,32,1600,logistic_regression,coarse,0.9901802538486152,0.9898011117390212,1.433419369161129,0.03766241669654846,0.9732959543895351,5,5,51200,140635,1359.9375
outer_fold,fold3_seed10_P32_C1600_logistic_regression,3,10,32,1600,logistic_regression,fine,0.7064955380950688,0.7148543825194775,34.0805767448619,0.09007076639682055,0.6488727222737831,39,39,51200,140635,1359.9375
outer_fold,fold3_seed11_P32_C1600_logistic_regression,3,11,32,1600,logistic_regression,coarse,0.9899882675009777,0.9891216357823953,1.6865421906113625,0.0461222855374217,0.9764445446779245,5,5,51200,140635,1357.78125
outer_fold,fold3_seed11_P32_C1600_logistic_regression,3,11,32,1600,logistic_regression,fine,0.7097877484267785,0.7132985862759922,27.173197872005403,0.4157528607174754,0.6495376924480136,39,39,51200,140635,1357.78125
outer_fold,fold3_seed12_P32_C1600_logistic_regression,3,12,32,1600,logistic_regression,coarse,0.9912112916414832,0.991270661109486,1.1559774121269584,0.04861495550721884,0.9747680475844438,5,5,51200,140635,1353.08203125
outer_fold,fold3_seed12_P32_C1600_logistic_regression,3,12,32,1600,logistic_regression,fine,0.7175383083869592,0.7188013257547491,27.463198982179165,0.3406409649178386,0.6462715671069609,39,39,51200,140635,1353.08203125
outer_fold,fold3_seed13_P32_C1600_logistic_regression,3,13,32,1600,logistic_regression,coarse,0.9905073417001458,0.9902696752321349,1.442751869559288,0.03797863982617855,0.9724696591980109,5,5,51200,140635,1355.3203125
outer_fold,fold3_seed13_P32_C1600_logistic_regression,3,13,32,1600,logistic_regression,fine,0.7350019554165037,0.7184732404193769,28.598288546316326,0.08607361000031233,0.6488918395898045,39,39,51200,140635,1355.3203125
outer_fold,fold3_seed14_P32_C1600_logistic_regression,3,14,32,1600,logistic_regression,coarse,0.9919650158210972,0.9918908587091051,1.244272074662149,0.03758400026708841,0.9751922701544053,5,5,51200,140635,1353.34375
outer_fold,fold3_seed14_P32_C1600_logistic_regression,3,14,32,1600,logistic_regression,fine,0.7184769083087424,0.7100962331334646,26.959386087954044,0.08400505222380161,0.6437431411063335,39,39,51200,140635,1353.34375
outer_fold,fold3_seed15_P32_C1600_logistic_regression,3,15,32,1600,logistic_regression,coarse,0.9885377039854943,0.9892948463872331,1.5212211264297366,0.038001254200935364,0.9685676715232177,5,5,51200,140635,1363.59765625
outer_fold,fold3_seed15_P32_C1600_logistic_regression,3,15,32,1600,logistic_regression,fine,0.7102783802040744,0.7218175215880221,31.782213671132922,0.08773943595588207,0.6546066190453693,39,39,51200,140635,1363.59765625
outer_fold,fold3_seed16_P32_C1600_logistic_regression,3,16,32,1600,logistic_regression,coarse,0.990414903829061,0.9906464682893381,1.3286451771855354,0.0377789419144392,0.9685167785583157,5,5,51200,140635,1374.66015625
outer_fold,fold3_seed16_P32_C1600_logistic_regression,3,16,32,1600,logistic_regression,fine,0.7331674192057454,0.7109530994199016,25.14084528014064,0.08659927360713482,0.640577910164328,39,39,51200,140635,1374.66015625
outer_fold,fold3_seed17_P32_C1600_logistic_regression,3,17,32,1600,logistic_regression,coarse,0.9922352188288833,0.9912364524021651,1.1583176851272583,0.045230173505842686,0.9779680929760926,5,5,51200,140635,1356.046875
outer_fold,fold3_seed17_P32_C1600_logistic_regression,3,17,32,1600,logistic_regression,fine,0.7310626799872009,0.7221659900810893,25.631252955645323,0.12722550611943007,0.6589094565144339,39,39,51200,140635,1356.046875
outer_fold,fold3_seed18_P32_C1600_logistic_regression,3,18,32,1600,logistic_regression,coarse,0.9890994418174708,0.9906382297246482,1.3450130289420485,0.032561724074184895,0.9667343970589911,5,5,51200,140635,1363.7734375
outer_fold,fold3_seed18_P32_C1600_logistic_regression,3,18,32,1600,logistic_regression,fine,0.7231699079176592,0.7229247394890533,29.210441454313695,0.6693251626566052,0.6537242671756806,39,39,51200,140635,1363.7734375
outer_fold,fold3_seed19_P32_C1600_logistic_regression,3,19,32,1600,logistic_regression,coarse,0.9906993280477833,0.9914837854049157,1.2853586841374636,0.03601264487951994,0.9789101083395991,5,5,51200,140635,1322.80859375
outer_fold,fold3_seed19_P32_C1600_logistic_regression,3,19,32,1600,logistic_regression,fine,0.7222028655740036,0.715805453215503,23.329034516587853,0.08646396175026894,0.6492462896133158,39,39,51200,140635,1322.80859375
outer_fold,fold4_seed00_P8_C100_logistic_regression,4,0,8,100,logistic_regression,coarse,0.9899962084755155,0.9561912435483979,0.01328487042337656,0.03644669335335493,0.9611006208950043,5,5,800,137148,1356.4609375
outer_fold,fold4_seed00_P8_C100_logistic_regression,4,0,8,100,logistic_regression,fine,0.7367369556974946,0.45714389647963716,0.10025294497609138,0.07388263288885355,0.4554120051365705,39,35,800,137148,1356.4609375
outer_fold,fold4_seed01_P8_C100_logistic_regression,4,1,8,100,logistic_regression,coarse,0.9874442208417185,0.9684745211470427,0.018454015254974365,0.0403868742287159,0.9687786220844521,5,5,800,137148,1332.53515625
outer_fold,fold4_seed01_P8_C100_logistic_regression,4,1,8,100,logistic_regression,fine,0.7426721497943827,0.4887861857226305,0.11412081494927406,0.08086622692644596,0.4911405260478911,39,35,800,137148,1332.53515625
outer_fold,fold4_seed02_P8_C100_logistic_regression,4,2,8,100,logistic_regression,coarse,0.9850599352524281,0.9717742869190514,0.016844973899424076,0.03652980737388134,0.9697719272167908,5,5,800,137148,1375.71875
outer_fold,fold4_seed02_P8_C100_logistic_regression,4,2,8,100,logistic_regression,fine,0.7591652813019512,0.45229492181051045,0.10743434354662895,0.06678993534296751,0.44245222154255515,39,34,800,137148,1375.71875
outer_fold,fold4_seed03_P8_C100_logistic_regression,4,3,8,100,logistic_regression,coarse,0.9911482486073439,0.9808869965154197,0.011412094347178936,0.0466753114014864,0.9726913316740676,5,5,800,137148,1365.28125
outer_fold,fold4_seed03_P8_C100_logistic_regression,4,3,8,100,logistic_regression,fine,0.7700804969813632,0.4527091552274089,0.08000678289681673,0.33991091419011354,0.46285293584702514,39,35,800,137148,1365.28125
outer_fold,fold4_seed04_P8_C100_logistic_regression,4,4,8,100,logistic_regression,coarse,0.9887712544112929,0.8696114511153759,0.015464614145457745,0.04389558173716068,0.8940046547633619,5,5,800,137148,1362.125
outer_fold,fold4_seed04_P8_C100_logistic_regression,4,4,8,100,logistic_regression,fine,0.7622130836760288,0.46913331330343494,0.08121865335851908,0.22846507281064987,0.46761757265346493,39,36,800,137148,1362.125
outer_fold,fold4_seed05_P8_C100_logistic_regression,4,5,8,100,logistic_regression,coarse,0.9903461953510077,0.9459645240348313,0.01047971285879612,0.028829853981733322,0.9608684249412022,5,5,800,137148,1357.2578125
outer_fold,fold4_seed05_P8_C100_logistic_regression,4,5,8,100,logistic_regression,fine,0.7544696240557646,0.44584018438987816,0.0638095261529088,0.054690854623913765,0.4550463137512102,39,34,800,137148,1357.2578125
outer_fold,fold4_seed06_P8_C100_logistic_regression,4,6,8,100,logistic_regression,coarse,0.992052381369032,0.95753438732283,0.012254281900823116,0.037387398071587086,0.9673065832126081,5,5,800,137148,1359.9375
outer_fold,fold4_seed06_P8_C100_logistic_regression,4,6,8,100,logistic_regression,fine,0.7587277977075859,0.45311899581360787,0.10216251388192177,0.07653586193919182,0.4635722931963083,39,35,800,137148,1359.9375
outer_fold,fold4_seed07_P8_C100_logistic_regression,4,7,8,100,logistic_regression,coarse,0.9878817044360837,0.9805382115340822,0.011623159982264042,0.030754365026950836,0.9753182080879513,5,5,800,137148,1357.78125
outer_fold,fold4_seed07_P8_C100_logistic_regression,4,7,8,100,logistic_regression,fine,0.7571528567678713,0.4761872000436894,0.057165779173374176,0.13975832238793373,0.4845780692171858,39,36,800,137148,1357.78125
outer_fold,fold4_seed08_P8_C100_logistic_regression,4,8,8,100,logistic_regression,coarse,0.9879692011549567,0.8602882253690123,0.022468418814241886,0.04377884790301323,0.8852551630277699,5,5,800,137148,1353.08203125
outer_fold,fold4_seed08_P8_C100_logistic_regression,4,8,8,100,logistic_regression,fine,0.7564310088371686,0.4264654608764681,0.11527584958821535,0.20469081588089466,0.4374429762126489,39,34,800,137148,1353.08203125
outer_fold,fold4_seed09_P8_C100_logistic_regression,4,9,8,100,logistic_regression,coarse,0.9908128445183305,0.9023870571570208,0.016497435979545116,0.038092258386313915,0.9321098855289274,5,5,800,137148,1355.3203125
outer_fold,fold4_seed09_P8_C100_logistic_regression,4,9,8,100,logistic_regression,fine,0.7634161635605331,0.4608454985008997,0.10974212922155857,0.07035490591078997,0.47181607325264796,39,34,800,137148,1355.3203125
outer_fold,fold4_seed10_P8_C100_logistic_regression,4,10,8,100,logistic_regression,coarse,0.9899087117566424,0.9688877400850509,0.018285362981259823,0.03618637379258871,0.9749852828983503,5,5,800,137148,1353.34375
outer_fold,fold4_seed10_P8_C100_logistic_regression,4,10,8,100,logistic_regression,fine,0.7459532767521218,0.45073770114580713,0.09845642279833555,0.06861513014882803,0.46611909783160527,39,34,800,137148,1353.34375
outer_fold,fold4_seed11_P8_C100_logistic_regression,4,11,8,100,logistic_regression,coarse,0.9870869425729868,0.907389518170862,0.011177673935890198,0.027709470130503178,0.9320437452490173,5,5,800,137148,1363.59765625
outer_fold,fold4_seed11_P8_C100_logistic_regression,4,11,8,100,logistic_regression,fine,0.7475646746580337,0.417482234527408,0.06765347439795732,0.0526358587667346,0.42289900751314274,39,33,800,137148,1363.59765625
outer_fold,fold4_seed12_P8_C100_logistic_regression,4,12,8,100,logistic_regression,coarse,0.992642984221425,0.9746330885666282,0.010329478420317173,0.03617740049958229,0.9731278928962798,5,5,800,137148,1374.66015625
outer_fold,fold4_seed12_P8_C100_logistic_regression,4,12,8,100,logistic_regression,fine,0.7644807069734885,0.4745807012753518,0.08458140213042498,0.06953374110162258,0.4853296940788809,39,35,800,137148,1374.66015625
outer_fold,fold4_seed13_P8_C100_logistic_regression,4,13,8,100,logistic_regression,coarse,0.9921617522676233,0.9658266086481812,0.012123947031795979,0.03650118410587311,0.9689806618500333,5,5,800,137148,1356.046875
outer_fold,fold4_seed13_P8_C100_logistic_regression,4,13,8,100,logistic_regression,fine,0.7772187709627556,0.5032506187735166,0.08714728150516748,0.06635891180485487,0.504162579761434,39,36,800,137148,1356.046875
outer_fold,fold4_seed14_P8_C100_logistic_regression,4,14,8,100,logistic_regression,coarse,0.9854828360603144,0.8687473568816552,0.017487372271716595,0.043474082835018635,0.8929839493118399,5,5,800,137148,1363.7734375
outer_fold,fold4_seed14_P8_C100_logistic_regression,4,14,8,100,logistic_regression,fine,0.7541779683261878,0.4591912265668264,0.09576663747429848,0.13648869190365076,0.4526277045692646,39,34,800,137148,1363.7734375
outer_fold,fold4_seed15_P8_C100_logistic_regression,4,15,8,100,logistic_regression,coarse,0.9878962872225625,0.9851972716019513,0.018305293284356594,0.037800262682139874,0.965848935901184,5,5,800,137148,1322.80859375
outer_fold,fold4_seed15_P8_C100_logistic_regression,4,15,8,100,logistic_regression,fine,0.7504301922011258,0.4594328475263606,0.09594017826020718,0.06868607457727194,0.45489626288635837,39,36,800,137148,1322.80859375
outer_fold,fold4_seed16_P8_C100_logistic_regression,4,16,8,100,logistic_regression,coarse,0.9871233995391839,0.9728536045901706,0.016310445964336395,0.03681535366922617,0.9728740326721163,5,5,800,137148,1356.4609375
outer_fold,fold4_seed16_P8_C100_logistic_regression,4,16,8,100,logistic_regression,fine,0.7547394056056231,0.46766672291537914,0.10321049951016903,0.08055453095585108,0.47488615718621274,39,39,800,137148,1356.4609375
outer_fold,fold4_seed17_P8_C100_logistic_regression,4,17,8,100,logistic_regression,coarse,0.989624347420305,0.9259214107182995,0.014699862338602543,0.03630224708467722,0.9483916360869609,5,5,800,137148,1332.53515625
outer_fold,fold4_seed17_P8_C100_logistic_regression,4,17,8,100,logistic_regression,fine,0.7597558841543443,0.45147603334425523,0.08479762449860573,0.052626533433794975,0.46103552361475675,39,34,800,137148,1332.53515625
outer_fold,fold4_seed18_P8_C100_logistic_regression,4,18,8,100,logistic_regression,coarse,0.991775308425934,0.9868133048005422,0.012204467318952084,0.03676644992083311,0.9788852569813274,5,5,800,137148,1375.71875
outer_fold,fold4_seed18_P8_C100_logistic_regression,4,18,8,100,logistic_regression,fine,0.770146119520518,0.4877246949875631,0.09132855292409658,0.0664965370669961,0.4957715719587586,39,36,800,137148,1375.71875
outer_fold,fold4_seed19_P8_C100_logistic_regression,4,19,8,100,logistic_regression,coarse,0.9822746230349695,0.9678322304411686,0.023827296681702137,0.0478128083050251,0.959137144656084,5,5,800,137148,1365.28125
outer_fold,fold4_seed19_P8_C100_logistic_regression,4,19,8,100,logistic_regression,fine,0.7489354565870446,0.48612882285629805,0.0649615153670311,0.06331506837159395,0.49431132500909986,39,36,800,137148,1365.28125
outer_fold,fold4_seed00_P8_C200_logistic_regression,4,0,8,200,logistic_regression,coarse,0.9912722022924141,0.968191916626537,0.021272122859954834,0.04348298627883196,0.9714586281905863,5,5,1600,137148,1362.125
outer_fold,fold4_seed00_P8_C200_logistic_regression,4,0,8,200,logistic_regression,fine,0.7481115291509902,0.5183980907960706,0.19973548874258995,0.12151306867599487,0.5136831787390272,39,36,1600,137148,1362.125
outer_fold,fold4_seed01_P8_C200_logistic_regression,4,1,8,200,logistic_regression,coarse,0.98880771137749,0.9760187738451904,0.027420620433986187,0.03361141122877598,0.9705436281691278,5,5,1600,137148,1357.2578125
outer_fold,fold4_seed01_P8_C200_logistic_regression,4,1,8,200,logistic_regression,fine,0.7566862076005483,0.5277893061202382,0.1933965776115656,0.06750893779098988,0.5282987528098037,39,36,1600,137148,1357.2578125
outer_fold,fold4_seed02_P8_C200_logistic_regression,4,2,8,200,logistic_regression,coarse,0.9902368244524163,0.982537172295029,0.03231367468833923,0.03860448393970728,0.969176328560206,5,5,1600,137148,1359.9375
outer_fold,fold4_seed02_P8_C200_logistic_regression,4,2,8,200,logistic_regression,fine,0.7679659929419314,0.5162949773439013,0.25603007804602385,0.08193573169410229,0.504652432901415,39,37,1600,137148,1359.9375
outer_fold,fold4_seed03_P8_C200_logistic_regression,4,3,8,200,logistic_regression,coarse,0.9914982354828361,0.9857808360906214,0.023047711700201035,0.039503276348114014,0.9748408103130975,5,5,1600,137148,1357.78125
outer_fold,fold4_seed03_P8_C200_logistic_regression,4,3,8,200,logistic_regression,fine,0.7794718114737365,0.5242951849672177,0.1658401247113943,0.08318300358951092,0.5177975443425358,39,37,1600,137148,1357.78125
outer_fold,fold4_seed04_P8_C200_logistic_regression,4,4,8,200,logistic_regression,coarse,0.9912794936856535,0.9852541676630284,0.02257856260985136,0.04371011536568403,0.9708926139248272,5,5,1600,137148,1353.08203125
outer_fold,fold4_seed04_P8_C200_logistic_regression,4,4,8,200,logistic_regression,fine,0.7660775220929216,0.5424572976994024,0.19020124804228544,0.23356348276138306,0.5288609714671245,39,38,1600,137148,1353.08203125
outer_fold,fold4_seed05_P8_C200_logistic_regression,4,5,8,200,logistic_regression,coarse,0.9867296643042552,0.9475852530865548,0.028182326816022396,0.037705712020397186,0.9592375330752182,5,5,1600,137148,1355.3203125
outer_fold,fold4_seed05_P8_C200_logistic_regression,4,5,8,200,logistic_regression,fine,0.7519613847814041,0.4857262353875144,0.19128113891929388,0.07042021583765745,0.48789994680697274,39,36,1600,137148,1355.3203125
outer_fold,fold4_seed06_P8_C200_logistic_regression,4,6,8,200,logistic_regression,coarse,0.993007553883396,0.9781216058188476,0.018861845135688782,0.038066620007157326,0.9750515567770692,5,5,1600,137148,1353.34375
outer_fold,fold4_seed06_P8_C200_logistic_regression,4,6,8,200,logistic_regression,fine,0.7650640184326422,0.5119915312392228,0.1826958144083619,0.0700201764702797,0.5215806898007127,39,35,1600,137148,1353.34375
outer_fold,fold4_seed07_P8_C200_logistic_regression,4,7,8,200,logistic_regression,coarse,0.9880494064805904,0.982403404989768,0.027117946185171604,0.0374070955440402,0.9780485584590701,5,5,1600,137148,1363.59765625
outer_fold,fold4_seed07_P8_C200_logistic_regression,4,7,8,200,logistic_regression,fine,0.7657348266106687,0.509175879284819,0.1735525168478489,0.07428459171205759,0.5124542351746169,39,36,1600,137148,1363.59765625
outer_fold,fold4_seed08_P8_C200_logistic_regression,4,8,8,200,logistic_regression,coarse,0.986933823314959,0.9831219811471845,0.03567907679826021,0.03473062068223953,0.9673654490695401,5,5,1600,137148,1374.66015625
outer_fold,fold4_seed08_P8_C200_logistic_regression,4,8,8,200,logistic_regression,fine,0.762738063989267,0.49343984779424077,0.16593124996870756,0.06856412440538406,0.4946020690220583,39,35,1600,137148,1374.66015625
outer_fold,fold4_seed09_P8_C200_logistic_regression,4,9,8,200,logistic_regression,coarse,0.9892306121853763,0.9475778615868948,0.02602110058069229,0.03635584656149149,0.9587228122466496,5,5,1600,137148,1356.046875
outer_fold,fold4_seed09_P8_C200_logistic_regression,4,9,8,200,logistic_regression,fine,0.7657931577565841,0.5019889857606267,0.16831396706402302,0.06755229365080595,0.518315867765375,39,37,1600,137148,1356.046875
outer_fold,fold4_seed10_P8_C200_logistic_regression,4,10,8,200,logistic_regression,coarse,0.9881441945927028,0.973538441252767,0.029361777938902378,0.040876214392483234,0.9726024369768496,5,5,1600,137148,1363.7734375
outer_fold,fold4_seed10_P8_C200_logistic_regression,4,10,8,200,logistic_regression,fine,0.7672806019774259,0.49788271032345605,0.1724938154220581,0.07328182552009821,0.503996594232999,39,35,1600,137148,1363.7734375
outer_fold,fold4_seed11_P8_C200_logistic_regression,4,11,8,200,logistic_regression,coarse,0.9871890220783387,0.9750638531925194,0.031227802857756615,0.03864337131381035,0.9741199247365981,5,5,1600,137148,1322.80859375
outer_fold,fold4_seed11_P8_C200_logistic_regression,4,11,8,200,logistic_regression,fine,0.7469667804124012,0.47780649856513846,0.18857004214078188,0.06971629429608583,0.48215821683022214,39,36,1600,137148,1322.80859375
outer_fold,fold4_seed12_P8_C200_logistic_regression,4,12,8,200,logistic_regression,coarse,0.992504447749876,0.987682216451358,0.02645221445709467,0.03615784179419279,0.9771028975572381,5,5,1600,137148,1356.4609375
outer_fold,fold4_seed12_P8_C200_logistic_regression,4,12,8,200,logistic_regression,fine,0.7679441187622131,0.5193469432261236,0.18601723201572895,0.07085221912711859,0.5242284707135233,39,36,1600,137148,1356.4609375
outer_fold,fold4_seed13_P8_C200_logistic_regression,4,13,8,200,logistic_regression,coarse,0.989952460116079,0.9718543512901944,0.022068369202315807,0.027680949307978153,0.9691974677196334,5,5,1600,137148,1332.53515625
outer_fold,fold4_seed13_P8_C200_logistic_regression,4,13,8,200,logistic_regression,fine,0.7702117420596728,0.5294471979754419,0.13913161866366863,0.05787057243287563,0.5283795119116734,39,37,1600,137148,1332.53515625
outer_fold,fold4_seed14_P8_C200_logistic_regression,4,14,8,200,logistic_regression,coarse,0.9861026044856651,0.9715425074424443,0.025942223146557808,0.03629504702985287,0.9611496132887499,5,5,1600,137148,1375.71875
outer_fold,fold4_seed14_P8_C200_logistic_regression,4,14,8,200,logistic_regression,fine,0.7436054481290285,0.5172037605008061,0.17327970825135708,0.06821634527295828,0.5099101049543455,39,36,1600,137148,1375.71875
outer_fold,fold4_seed15_P8_C200_logistic_regression,4,15,8,200,logistic_regression,coarse,0.9842578819960918,0.9849715571310268,0.037721085362136364,0.0429982915520668,0.960488676664591,5,5,1600,137148,1365.28125
outer_fold,fold4_seed15_P8_C200_logistic_regression,4,15,8,200,logistic_regression,fine,0.7529457228687257,0.5026217724476142,0.14235624112188816,0.07097431179136038,0.49007180057440064,39,36,1600,137148,1365.28125
outer_fold,fold4_seed16_P8_C200_logistic_regression,4,16,8,200,logistic_regression,coarse,0.9896899699594599,0.9803063106345273,0.030774366110563278,0.042035515420138836,0.9772075483170625,5,5,1600,137148,1362.125
outer_fold,fold4_seed16_P8_C200_logistic_regression,4,16,8,200,logistic_regression,fine,0.7560810219616765,0.5083862569173567,0.21516710240393877,0.11545710079371929,0.5184529580797816,39,39,1600,137148,1362.125
outer_fold,fold4_seed17_P8_C200_logistic_regression,4,17,8,200,logistic_regression,coarse,0.9901930760929798,0.9771577436115979,0.02443500328809023,0.03903426602482796,0.9780560904253859,5,5,1600,137148,1357.2578125
outer_fold,fold4_seed17_P8_C200_logistic_regression,4,17,8,200,logistic_regression,fine,0.7616808119695512,0.5157739128617161,0.21343715116381645,0.07526768930256367,0.521400316319946,39,36,1600,137148,1357.2578125
outer_fold,fold4_seed18_P8_C200_logistic_regression,4,18,8,200,logistic_regression,coarse,0.9902732814186135,0.9849707077110272,0.025152813643217087,0.03797716833651066,0.9768943344001689,5,5,1600,137148,1359.9375
outer_fold,fold4_seed18_P8_C200_logistic_regression,4,18,8,200,logistic_regression,fine,0.7740907632630443,0.5354964273633971,0.2211995366960764,0.07969255559146404,0.5337355861232524,39,37,1600,137148,1359.9375
outer_fold,fold4_seed19_P8_C200_logistic_regression,4,19,8,200,logistic_regression,coarse,0.9862848893166506,0.9787489124399572,0.033658841624855995,0.04056552145630121,0.9630999066774006,5,5,1600,137148,1357.78125
outer_fold,fold4_seed19_P8_C200_logistic_regression,4,19,8,200,logistic_regression,fine,0.7545206638084405,0.5017119701677313,0.18984185066074133,0.15558747202157974,0.5084201891389948,39,36,1600,137148,1357.78125
outer_fold,fold4_seed00_P8_C400_logistic_regression,4,0,8,400,logistic_regression,coarse,0.9907763875521335,0.9846732523640315,0.027897330932319164,0.03802964463829994,0.9784720059075827,5,5,3200,137148,1353.08203125
outer_fold,fold4_seed00_P8_C400_logistic_regression,4,0,8,400,logistic_regression,fine,0.7430950506022691,0.543647628033048,0.45986854285001755,0.06830046977847815,0.5298790294174688,39,36,3200,137148,1353.08203125
outer_fold,fold4_seed01_P8_C400_logistic_regression,4,1,8,400,logistic_regression,coarse,0.9872181876512964,0.985749566226867,0.06229396350681782,0.03753502760082483,0.9723312500539214,5,5,3200,137148,1355.3203125
outer_fold,fold4_seed01_P8_C400_logistic_regression,4,1,8,400,logistic_regression,fine,0.769920086330096,0.5644844574070511,0.46433888375759125,0.07173461653292179,0.5621538781249142,39,37,3200,137148,1355.3203125
outer_fold,fold4_seed02_P8_C400_logistic_regression,4,2,8,400,logistic_regression,coarse,0.9876556712456617,0.9793499157707621,0.04465176071971655,0.03666776232421398,0.965541077467168,5,5,3200,137148,1353.34375
outer_fold,fold4_seed02_P8_C400_logistic_regression,4,2,8,400,logistic_regression,fine,0.7774448041531776,0.5639926644754639,0.5486405696719885,0.08165872003883123,0.5628471542762524,39,39,3200,137148,1353.34375
outer_fold,fold4_seed03_P8_C400_logistic_regression,4,3,8,400,logistic_regression,coarse,0.9921180039081868,0.989645011793146,0.03628317918628454,0.03819555323570967,0.9719179946950961,5,5,3200,137148,1363.59765625
outer_fold,fold4_seed03_P8_C400_logistic_regression,4,3,8,400,logistic_regression,fine,0.7672368536179893,0.5571835623653042,0.4521762691438198,0.08133730012923479,0.5385433529508352,39,38,3200,137148,1363.59765625
outer_fold,fold4_seed04_P8_C400_logistic_regression,4,4,8,400,logistic_regression,coarse,0.9891649896462216,0.9862920606083379,0.039049156941473484,0.03632094617933035,0.9642880096982106,5,5,3200,137148,1374.66015625
outer_fold,fold4_seed04_P8_C400_logistic_regression,4,4,8,400,logistic_regression,fine,0.754250882258582,0.5632610367499752,0.5126797007396817,0.07140449341386557,0.5587755357133899,39,38,3200,137148,1374.66015625
outer_fold,fold4_seed05_P8_C400_logistic_regression,4,5,8,400,logistic_regression,coarse,0.9876119228862251,0.9798671131109498,0.04557999595999718,0.037447516806423664,0.9696472103349313,5,5,3200,137148,1356.046875
outer_fold,fold4_seed05_P8_C400_logistic_regression,4,5,8,400,logistic_regression,fine,0.7607985533875813,0.5296670873547913,0.4731630766764283,0.06776875536888838,0.5299574066891035,39,37,3200,137148,1356.046875
outer_fold,fold4_seed06_P8_C400_logistic_regression,4,6,8,400,logistic_regression,coarse,0.993474203050719,0.9796522035976336,0.03946603927761316,0.03920810483396053,0.9768473570695246,5,5,3200,137148,1363.7734375
outer_fold,fold4_seed06_P8_C400_logistic_regression,4,6,8,400,logistic_regression,fine,0.7597485927611048,0.5399193062991694,0.40598961897194386,0.07477325201034546,0.5419404187900085,39,36,3200,137148,1363.7734375
outer_fold,fold4_seed07_P8_C400_logistic_regression,4,7,8,400,logistic_regression,coarse,0.9864088430017207,0.9843628152652993,0.05577763728797436,0.03652734309434891,0.9603113955586281,5,5,3200,137148,1322.80859375
outer_fold,fold4_seed07_P8_C400_logistic_regression,4,7,8,400,logistic_regression,fine,0.7574153469244903,0.5429588644568066,0.46606588270515203,0.06920024193823338,0.5344654850470745,39,37,3200,137148,1322.80859375
outer_fold,fold4_seed08_P8_C400_logistic_regression,4,8,8,400,logistic_regression,coarse,0.9889899962084755,0.9860493002023503,0.05846252478659153,0.037792351096868515,0.9693656283064872,5,5,3200,137148,1356.4609375
outer_fold,fold4_seed08_P8_C400_logistic_regression,4,8,8,400,logistic_regression,fine,0.7602589902878643,0.5396670620820063,0.41458266507834196,0.07220536842942238,0.536589605994507,39,36,3200,137148,1356.4609375
outer_fold,fold4_seed09_P8_C400_logistic_regression,4,9,8,400,logistic_regression,coarse,0.989135824073264,0.9500158876865317,0.038283354602754116,0.028260492719709873,0.9629889507429681,5,5,3200,137148,1332.53515625
outer_fold,fold4_seed09_P8_C400_logistic_regression,4,9,8,400,logistic_regression,fine,0.7530186368011199,0.5419989890023214,0.38405616953969,0.056217062287032604,0.5512227550142307,39,38,3200,137148,1332.53515625
outer_fold,fold4_seed10_P8_C400_logistic_regression,4,10,8,400,logistic_regression,coarse,0.9889389564557995,0.9761460202337393,0.047626820392906666,0.03701868746429682,0.9730460850622625,5,5,3200,137148,1375.71875
outer_fold,fold4_seed10_P8_C400_logistic_regression,4,10,8,400,logistic_regression,fine,0.7592892349870213,0.5365800966501652,0.4700781125575304,0.06952129118144512,0.5314328950825455,39,36,3200,137148,1375.71875
outer_fold,fold4_seed11_P8_C400_logistic_regression,4,11,8,400,logistic_regression,coarse,0.9856651208912999,0.9792100688496086,0.06536549981683493,0.039899908006191254,0.9766044945639841,5,5,3200,137148,1365.28125
outer_fold,fold4_seed11_P8_C400_logistic_regression,4,11,8,400,logistic_regression,fine,0.7368025782366494,0.522586039045996,0.4423135183751583,0.07474532909691334,0.5236917767838727,39,38,3200,137148,1365.28125
outer_fold,fold4_seed12_P8_C400_logistic_regression,4,12,8,400,logistic_regression,coarse,0.992694023974101,0.9886597992263626,0.04184790514409542,0.03785980213433504,0.9750802984169391,5,5,3200,137148,1362.125
outer_fold,fold4_seed12_P8_C400_logistic_regression,4,12,8,400,logistic_regression,fine,0.766033773733485,0.5381030758317645,0.43049392476677895,0.08505948539823294,0.5406296082226786,39,36,3200,137148,1362.125
outer_fold,fold4_seed13_P8_C400_logistic_regression,4,13,8,400,logistic_regression,coarse,0.990455566249599,0.9868653168289925,0.05066403467208147,0.040001969784498215,0.9756377902311565,5,5,3200,137148,1357.2578125
outer_fold,fold4_seed13_P8_C400_logistic_regression,4,13,8,400,logistic_regression,fine,0.7695190597019278,0.5615051785430656,0.5826143799349666,0.08113290462642908,0.5476093032281766,39,38,3200,137148,1357.2578125
outer_fold,fold4_seed14_P8_C400_logistic_regression,4,14,8,400,logistic_regression,coarse,0.9869556974946773,0.971070805124727,0.05332645867019892,0.03720857948064804,0.9603484362943717,5,5,3200,137148,1359.9375
outer_fold,fold4_seed14_P8_C400_logistic_regression,4,14,8,400,logistic_regression,fine,0.7376629626389011,0.5535293741334587,0.5380703313276172,0.0876357713714242,0.5393225332170972,39,37,3200,137148,1359.9375
outer_fold,fold4_seed15_P8_C400_logistic_regression,4,15,8,400,logistic_regression,coarse,0.9760331904220259,0.9806002660907744,0.031200962141156197,0.03260059282183647,0.9501944528564863,5,5,3200,137148,1357.78125
outer_fold,fold4_seed15_P8_C400_logistic_regression,4,15,8,400,logistic_regression,fine,0.7491760725639455,0.5460096438690051,0.30604421347379684,0.17029289063066244,0.5238575231501577,39,38,3200,137148,1357.78125
outer_fold,fold4_seed16_P8_C400_logistic_regression,4,16,8,400,logistic_regression,coarse,0.988078572053548,0.9775639135640948,0.05926391202956438,0.03561577294021845,0.9757335244464507,5,5,3200,137148,1353.08203125
outer_fold,fold4_seed16_P8_C400_logistic_regression,4,16,8,400,logistic_regression,fine,0.7578017907661796,0.5381959625642123,0.5118450364097953,0.07199098821729422,0.5474716646325075,39,39,3200,137148,1353.08203125
outer_fold,fold4_seed17_P8_C400_logistic_regression,4,17,8,400,logistic_regression,coarse,0.9879546183684779,0.9821999264863109,0.050662633031606674,0.035383135080337524,0.9715620359936372,5,5,3200,137148,1355.3203125
outer_fold,fold4_seed17_P8_C400_logistic_regression,4,17,8,400,logistic_regression,fine,0.7550602269081577,0.5614190765081315,0.42711334861814976,0.07573970407247543,0.5569947810136994,39,39,3200,137148,1355.3203125
outer_fold,fold4_seed18_P8_C400_logistic_regression,4,18,8,400,logistic_regression,coarse,0.987349432729606,0.9831150859688187,0.046263325959444046,0.03737027104943991,0.9711317559108663,5,5,3200,137148,1353.34375
outer_fold,fold4_seed18_P8_C400_logistic_regression,4,18,8,400,logistic_regression,fine,0.7486365094642284,0.5567858037513448,0.4886677898466587,0.07439890317618847,0.5396119140052176,39,37,3200,137148,1353.34375
outer_fold,fold4_seed19_P8_C400_logistic_regression,4,19,8,400,logistic_regression,coarse,0.9845422463324291,0.9792261079393827,0.06968180183321238,0.03810286521911621,0.9745619449040124,5,5,3200,137148,1363.59765625
outer_fold,fold4_seed19_P8_C400_logistic_regression,4,19,8,400,logistic_regression,fine,0.7417096858867792,0.5251363317325458,0.4533574329689145,0.07187954057008028,0.5247881414774539,39,36,3200,137148,1363.59765625
outer_fold,fold4_seed00_P8_C800_logistic_regression,4,0,8,800,logistic_regression,coarse,0.989033744567912,0.9829247736785313,0.05289353244006634,0.03509685769677162,0.9717117956355263,5,5,6400,137148,1374.66015625
outer_fold,fold4_seed00_P8_C800_logistic_regression,4,0,8,800,logistic_regression,fine,0.7344110012541196,0.5640166962600789,1.375849798321724,0.07268627732992172,0.5446396263726939,39,38,6400,137148,1374.66015625
outer_fold,fold4_seed01_P8_C800_logistic_regression,4,1,8,800,logistic_regression,coarse,0.9869629888879167,0.9854448362157407,0.1135722566395998,0.03414235357195139,0.967212162527149,5,5,6400,137148,1356.046875
outer_fold,fold4_seed01_P8_C800_logistic_regression,4,1,8,800,logistic_regression,fine,0.770146119520518,0.5823903679827921,1.5558533137664199,0.06853615213185549,0.5788267359460791,39,37,6400,137148,1356.046875
outer_fold,fold4_seed02_P8_C800_logistic_regression,4,2,8,800,logistic_regression,coarse,0.9853661737684837,0.9823394702629218,0.127353735268116,0.0370969632640481,0.9693952595755728,5,5,6400,137148,1363.7734375
outer_fold,fold4_seed02_P8_C800_logistic_regression,4,2,8,800,logistic_regression,fine,0.7627672295622248,0.5859321111899493,1.6660989755764604,0.153716747649014,0.5747767047346333,39,39,6400,137148,1363.7734375
outer_fold,fold4_seed03_P8_C800_logistic_regression,4,3,8,800,logistic_regression,coarse,0.9924096596377636,0.989302474569271,0.07601052802056074,0.03758333995938301,0.9762999118633587,5,5,6400,137148,1322.80859375
outer_fold,fold4_seed03_P8_C800_logistic_regression,4,3,8,800,logistic_regression,fine,0.7558622801644939,0.5952714804138043,1.5293976534157991,0.07522945292294025,0.5786184923305354,39,39,6400,137148,1322.80859375
outer_fold,fold4_seed04_P8_C800_logistic_regression,4,4,8,800,logistic_regression,coarse,0.986532796686791,0.9842780937594799,0.07430327031761408,0.035964883863925934,0.9616051950542557,5,5,6400,137148,1356.4609375
outer_fold,fold4_seed04_P8_C800_logistic_regression,4,4,8,800,logistic_regression,fine,0.7321287951701811,0.5856147594527527,1.752373794093728,0.07831559889018536,0.5730279565925247,39,38,6400,137148,1356.4609375
outer_fold,fold4_seed05_P8_C800_logistic_regression,4,5,8,800,logistic_regression,coarse,0.9875463003470704,0.9839380918717875,0.08287792932242155,0.03576620668172836,0.9753576775326745,5,5,6400,137148,1332.53515625
outer_fold,fold4_seed05_P8_C800_logistic_regression,4,5,8,800,logistic_regression,fine,0.7491979467436638,0.5719523351562348,1.88618434779346,0.07860362902283669,0.5506791580512075,39,39,6400,137148,1332.53515625
outer_fold,fold4_seed06_P8_C800_logistic_regression,4,6,8,800,logistic_regression,coarse,0.9904701490360778,0.9756918983371934,0.08132626302540302,0.03738460224121809,0.9712213133124511,5,5,6400,137148,1375.71875
outer_fold,fold4_seed06_P8_C800_logistic_regression,4,6,8,800,logistic_regression,fine,0.7630443025053227,0.5681061457193896,1.5976113937795162,0.07062339782714844,0.5562412643725697,39,36,6400,137148,1375.71875
outer_fold,fold4_seed07_P8_C800_logistic_regression,4,7,8,800,logistic_regression,coarse,0.9854172135211596,0.9844446861525871,0.09637061972171068,0.038825794123113155,0.9640770327283953,5,5,6400,137148,1365.28125
outer_fold,fold4_seed07_P8_C800_logistic_regression,4,7,8,800,logistic_regression,fine,0.7558112404118179,0.5663483922130728,1.5554996160790324,0.0769343376159668,0.5563939134179423,39,38,6400,137148,1365.28125
outer_fold,fold4_seed08_P8_C800_logistic_regression,4,8,8,800,logistic_regression,coarse,0.9837985242220083,0.9835227849120987,0.11643991712480783,0.03791928105056286,0.9656932167031027,5,5,6400,137148,1362.125
outer_fold,fold4_seed08_P8_C800_logistic_regression,4,8,8,800,logistic_regression,fine,0.7504958147402806,0.5763650575209962,1.3782270876690745,0.07644769176840782,0.5654964998023267,39,38,6400,137148,1362.125
outer_fold,fold4_seed09_P8_C800_logistic_regression,4,9,8,800,logistic_regression,coarse,0.9896680957797416,0.9685038865548534,0.10957925580441952,0.03588053770363331,0.9727553245533767,5,5,6400,137148,1357.2578125
outer_fold,fold4_seed09_P8_C800_logistic_regression,4,9,8,800,logistic_regression,fine,0.7506270598185901,0.5824281205591524,2.0574587630108,0.0812933836132288,0.5820077342402816,39,38,6400,137148,1357.2578125
outer_fold,fold4_seed10_P8_C800_logistic_regression,4,10,8,800,logistic_regression,coarse,0.9787893370665267,0.9756780794093827,0.15476242918521166,0.04137411806732416,0.9687032541102545,5,5,6400,137148,1359.9375
outer_fold,fold4_seed10_P8_C800_logistic_regression,4,10,8,800,logistic_regression,fine,0.7557820748388602,0.574896800543613,0.9776686746627092,0.060550522059202194,0.5581920321306013,39,37,6400,137148,1359.9375
outer_fold,fold4_seed11_P8_C800_logistic_regression,4,11,8,800,logistic_regression,coarse,0.9794528538513139,0.9776556008877415,0.09954201243817806,0.03602410200983286,0.971906143871806,5,5,6400,137148,1357.78125
outer_fold,fold4_seed11_P8_C800_logistic_regression,4,11,8,800,logistic_regression,fine,0.7240280572811852,0.5634725037270634,1.3256198428571224,0.35429325234144926,0.554329126099277,39,38,6400,137148,1357.78125
outer_fold,fold4_seed12_P8_C800_logistic_regression,4,12,8,800,logistic_regression,coarse,0.9912065797532592,0.9889238598927031,0.06784092541784048,0.043709954246878624,0.9737610101509431,5,5,6400,137148,1353.08203125
outer_fold,fold4_seed12_P8_C800_logistic_regression,4,12,8,800,logistic_regression,fine,0.7611995800157494,0.5960985152616485,1.4698499916121364,0.08282851427793503,0.5843784968224047,39,39,6400,137148,1353.08203125
outer_fold,fold4_seed13_P8_C800_logistic_regression,4,13,8,800,logistic_regression,coarse,0.9847828623093301,0.9855238817060472,0.10071030631661415,0.035039312206208706,0.9684915538482132,5,5,6400,137148,1355.3203125
outer_fold,fold4_seed13_P8_C800_logistic_regression,4,13,8,800,logistic_regression,fine,0.7547831539650597,0.5923855366681698,1.4834457328543067,0.0775402020663023,0.5769416099336105,39,38,6400,137148,1355.3203125
outer_fold,fold4_seed14_P8_C800_logistic_regression,4,14,8,800,logistic_regression,coarse,0.9868973663487619,0.9794586455716408,0.07785126566886902,0.035406931303441525,0.9513690414462765,5,5,6400,137148,1353.34375
outer_fold,fold4_seed14_P8_C800_logistic_regression,4,14,8,800,logistic_regression,fine,0.7353515909820049,0.5692871302816551,1.5682754646986723,0.07665526121854782,0.5566654629085769,39,38,6400,137148,1353.34375
outer_fold,fold4_seed15_P8_C800_logistic_regression,4,15,8,800,logistic_regression,coarse,0.96944177093359,0.9758839581396564,0.11480450443923473,0.03792884573340416,0.9554055474721352,5,5,6400,137148,1363.59765625
outer_fold,fold4_seed15_P8_C800_logistic_regression,4,15,8,800,logistic_regression,fine,0.7461355615831073,0.5788703844662172,1.4872998353093863,0.0769509319216013,0.5587660979881431,39,38,6400,137148,1363.59765625
outer_fold,fold4_seed16_P8_C800_logistic_regression,4,16,8,800,logistic_regression,coarse,0.9834339545600373,0.9808250045787723,0.09259455278515816,0.03460334148257971,0.96886628867562,5,5,6400,137148,1374.66015625
outer_fold,fold4_seed16_P8_C800_logistic_regression,4,16,8,800,logistic_regression,fine,0.7471855222095838,0.5816204251423597,1.5179345337674022,0.07575542852282524,0.5764235806441942,39,39,6400,137148,1374.66015625
outer_fold,fold4_seed17_P8_C800_logistic_regression,4,17,8,800,logistic_regression,coarse,0.9874660950214367,0.985694369954474,0.09171491023153067,0.0402396647259593,0.9704858699194657,5,5,6400,137148,1356.046875
outer_fold,fold4_seed17_P8_C800_logistic_regression,4,17,8,800,logistic_regression,fine,0.7481844430833844,0.5852497364370561,1.326430693268776,0.07569237425923347,0.5766287471296707,39,39,6400,137148,1356.046875
outer_fold,fold4_seed18_P8_C800_logistic_regression,4,18,8,800,logistic_regression,coarse,0.9762519322192085,0.9738650389429411,0.12868093885481358,0.03561372868716717,0.9643799620267279,5,5,6400,137148,1363.7734375
outer_fold,fold4_seed18_P8_C800_logistic_regression,4,18,8,800,logistic_regression,fine,0.7455887070901508,0.5809063336626651,1.3463763538748026,0.07558627612888813,0.558848850092869,39,38,6400,137148,1363.7734375
outer_fold,fold4_seed19_P8_C800_logistic_regression,4,19,8,800,logistic_regression,coarse,0.9839881004462333,0.9799489355376856,0.1333096669986844,0.03731585945934057,0.9716379082801379,5,5,6400,137148,1322.80859375
outer_fold,fold4_seed19_P8_C800_logistic_regression,4,19,8,800,logistic_regression,fine,0.7498250065622539,0.5664425624347503,1.6805646065622568,0.06890727486461401,0.5627612310607439,39,37,6400,137148,1322.80859375
outer_fold,fold4_seed00_P8_C1600_logistic_regression,4,0,8,1600,logistic_regression,coarse,0.9873567241228454,0.9835720186797252,0.20588210318237543,0.03785298112779856,0.9661841872079672,5,5,12800,137148,1356.4609375
outer_fold,fold4_seed00_P8_C1600_logistic_regression,4,0,8,1600,logistic_regression,fine,0.6969332400034999,0.583399434228179,5.887522183358669,0.08124960865825415,0.5442889857383235,39,39,12800,137148,1356.4609375
outer_fold,fold4_seed01_P8_C1600_logistic_regression,4,1,8,1600,logistic_regression,coarse,0.98415580249074,0.9834523571005247,0.3181984247639775,0.035791875794529915,0.9633928473163047,5,5,12800,137148,1332.53515625
outer_fold,fold4_seed01_P8_C1600_logistic_regression,4,1,8,1600,logistic_regression,fine,0.7509697553008429,0.6185453486942161,4.51747920922935,0.058982440270483494,0.5859015020659962,39,38,12800,137148,1332.53515625
outer_fold,fold4_seed02_P8_C1600_logistic_regression,4,2,8,1600,logistic_regression,coarse,0.9847536967363724,0.983210235028808,0.32634101901203394,0.0363388117402792,0.9702957023400692,5,5,12800,137148,1375.71875
outer_fold,fold4_seed02_P8_C1600_logistic_regression,4,2,8,1600,logistic_regression,fine,0.7444731239245195,0.6094549798637098,5.187423033639789,0.0798404049128294,0.5885529040595879,39,39,12800,137148,1375.71875
outer_fold,fold4_seed03_P8_C1600_logistic_regression,4,3,8,1600,logistic_regression,coarse,0.9856213725318634,0.9860461168003679,0.2028949847444892,0.03845084458589554,0.9659883933006558,5,5,12800,137148,1365.28125
outer_fold,fold4_seed03_P8_C1600_logistic_regression,4,3,8,1600,logistic_regression,fine,0.7154752530113454,0.6252843048022719,5.132596008479595,0.07832882925868034,0.5916274061796687,39,39,12800,137148,1365.28125
outer_fold,fold4_seed04_P8_C1600_logistic_regression,4,4,8,1600,logistic_regression,coarse,0.9847974450958089,0.9846028303783948,0.2616275530308485,0.03710997384041548,0.9625537241143718,5,5,12800,137148,1362.125
outer_fold,fold4_seed04_P8_C1600_logistic_regression,4,4,8,1600,logistic_regression,fine,0.733929769300318,0.6311666283945592,5.052212983369827,0.0641500037163496,0.6033640744368676,39,38,12800,137148,1362.125
outer_fold,fold4_seed05_P8_C1600_logistic_regression,4,5,8,1600,logistic_regression,coarse,0.9770904424417418,0.9792142965922895,0.27986129000782967,0.038544763810932636,0.9583806616624564,5,5,12800,137148,1357.2578125
outer_fold,fold4_seed05_P8_C1600_logistic_regression,4,5,8,1600,logistic_regression,fine,0.7313559074868026,0.624220921478796,5.297475656494498,0.056796178221702576,0.5856949289573232,39,39,12800,137148,1357.2578125
outer_fold,fold4_seed06_P8_C1600_logistic_regression,4,6,8,1600,logistic_regression,coarse,0.9899962084755155,0.9694136787494999,0.2389500830322504,0.03551293909549713,0.9711587202949581,5,5,12800,137148,1359.9375
outer_fold,fold4_seed06_P8_C1600_logistic_regression,4,6,8,1600,logistic_regression,fine,0.7434596202642401,0.5864650571611499,5.3878457974642515,0.07765255030244589,0.5619946629762064,39,37,12800,137148,1359.9375
outer_fold,fold4_seed07_P8_C1600_logistic_regression,4,7,8,1600,logistic_regression,coarse,0.9641190538688132,0.972285193095146,0.34968295134603977,0.040769255720078945,0.9564401665945811,5,5,12800,137148,1357.78125
outer_fold,fold4_seed07_P8_C1600_logistic_regression,4,7,8,1600,logistic_regression,fine,0.7262373494327296,0.6006646313601463,4.055112294852734,0.6318091126158834,0.5721118893947236,39,39,12800,137148,1357.78125
outer_fold,fold4_seed08_P8_C1600_logistic_regression,4,8,8,1600,logistic_regression,coarse,0.9776883366873742,0.9783799339791864,0.2210724474862218,0.0433886656537652,0.9537534661476856,5,5,12800,137148,1353.08203125
outer_fold,fold4_seed08_P8_C1600_logistic_regression,4,8,8,1600,logistic_regression,fine,0.7089421646688249,0.598624293618454,4.404469582252204,0.08058631885796785,0.5659280922038008,39,38,12800,137148,1353.08203125
outer_fold,fold4_seed09_P8_C1600_logistic_regression,4,9,8,1600,logistic_regression,coarse,0.9878962872225625,0.9766414127908952,0.2245950559154153,0.03562775067985058,0.9766796005747448,5,5,12800,137148,1355.3203125
outer_fold,fold4_seed09_P8_C1600_logistic_regression,4,9,8,1600,logistic_regression,fine,0.7367369556974946,0.6112557630619354,5.734305799007416,0.07726595271378756,0.5894989736536858,39,38,12800,137148,1355.3203125
outer_fold,fold4_seed10_P8_C1600_logistic_regression,4,10,8,1600,logistic_regression,coarse,0.978446641584274,0.9782231786356921,0.29619033355265856,0.03597332537174225,0.9721526577530328,5,5,12800,137148,1353.34375
outer_fold,fold4_seed10_P8_C1600_logistic_regression,4,10,8,1600,logistic_regression,fine,0.7169262402659901,0.5957483031213128,3.602651816792786,0.057485456578433514,0.5666730805446683,39,38,12800,137148,1353.34375
outer_fold,fold4_seed11_P8_C1600_logistic_regression,4,11,8,1600,logistic_regression,coarse,0.9787310059206114,0.9770555681585634,0.29629093408584595,0.03753248415887356,0.9679683815246152,5,5,12800,137148,1363.59765625
outer_fold,fold4_seed11_P8_C1600_logistic_regression,4,11,8,1600,logistic_regression,fine,0.7206448508180944,0.594443451755472,3.78586882725358,0.08138631284236908,0.5749543544239015,39,39,12800,137148,1363.59765625
outer_fold,fold4_seed12_P8_C1600_logistic_regression,4,12,8,1600,logistic_regression,coarse,0.9902951555983317,0.9871802331191384,0.15969337057322264,0.03489193320274353,0.9733269344592893,5,5,12800,137148,1374.66015625
outer_fold,fold4_seed12_P8_C1600_logistic_regression,4,12,8,1600,logistic_regression,fine,0.7540394318546387,0.6235175571077551,4.610492260195315,0.07539364788681269,0.6014320805644591,39,39,12800,137148,1374.66015625
outer_fold,fold4_seed13_P8_C1600_logistic_regression,4,13,8,1600,logistic_regression,coarse,0.9851693061510194,0.9866218393543977,0.206306547857821,0.03679789695888758,0.9681397213464413,5,5,12800,137148,1356.046875
outer_fold,fold4_seed13_P8_C1600_logistic_regression,4,13,8,1600,logistic_regression,fine,0.72044798320063,0.605852072132056,5.041714613325894,0.07057944219559431,0.5764726042547235,39,38,12800,137148,1356.046875
outer_fold,fold4_seed14_P8_C1600_logistic_regression,4,14,8,1600,logistic_regression,coarse,0.9827339808090529,0.9801285316979655,0.23587018717080355,0.03679907973855734,0.956249121475549,5,5,12800,137148,1363.7734375
outer_fold,fold4_seed14_P8_C1600_logistic_regression,4,14,8,1600,logistic_regression,fine,0.7128430600519147,0.610041739573175,4.779792970046401,0.07742380816489458,0.5722731054174047,39,38,12800,137148,1363.7734375
outer_fold,fold4_seed15_P8_C1600_logistic_regression,4,15,8,1600,logistic_regression,coarse,0.9702875725493627,0.9744012576225293,0.20111793279647827,0.03699628356844187,0.9470438698819557,5,5,12800,137148,1322.80859375
outer_fold,fold4_seed15_P8_C1600_logistic_regression,4,15,8,1600,logistic_regression,fine,0.7104952314288214,0.6204717683812039,4.982088609598577,0.07569998595863581,0.5832341304955667,39,39,12800,137148,1322.80859375
outer_fold,fold4_seed16_P8_C1600_logistic_regression,4,16,8,1600,logistic_regression,coarse,0.9811007087234229,0.9828131284174745,0.295793111436069,0.035903653129935265,0.9678210075242232,5,5,12800,137148,1356.4609375
outer_fold,fold4_seed16_P8_C1600_logistic_regression,4,16,8,1600,logistic_regression,fine,0.7292414034473708,0.6032481920895137,5.098378003574908,0.0817246763035655,0.5742458443762095,39,39,12800,137148,1356.4609375
outer_fold,fold4_seed17_P8_C1600_logistic_regression,4,17,8,1600,logistic_regression,coarse,0.9861171872721439,0.9835119889650065,0.243419305421412,0.04381537064909935,0.9678633743289703,5,5,12800,137148,1332.53515625
outer_fold,fold4_seed17_P8_C1600_logistic_regression,4,17,8,1600,logistic_regression,fine,0.7422346662000175,0.5976670517524251,4.781710329465568,0.0850990442559123,0.5776590009222203,39,39,12800,137148,1332.53515625
outer_fold,fold4_seed18_P8_C1600_logistic_regression,4,18,8,1600,logistic_regression,coarse,0.979037244436667,0.9779733199627177,0.27312988229095936,0.03812298458069563,0.9676544320940114,5,5,12800,137148,1375.71875
outer_fold,fold4_seed18_P8_C1600_logistic_regression,4,18,8,1600,logistic_regression,fine,0.7360005249803132,0.6146592766530125,5.084529458545148,0.07930234167724848,0.5620186085292107,39,39,12800,137148,1375.71875
outer_fold,fold4_seed19_P8_C1600_logistic_regression,4,19,8,1600,logistic_regression,coarse,0.984330795928486,0.9822806765971966,0.35063090454787016,0.03714272193610668,0.9750099632110591,5,5,12800,137148,1365.28125
outer_fold,fold4_seed19_P8_C1600_logistic_regression,4,19,8,1600,logistic_regression,fine,0.7420961297284685,0.5947986327735295,5.340056920424104,0.07107196655124426,0.5699151491706899,39,38,12800,137148,1365.28125
outer_fold,fold4_seed00_P16_C100_logistic_regression,4,0,16,100,logistic_regression,coarse,0.9917607256394552,0.983546241119754,0.02110101655125618,0.0326881418004632,0.976941306607413,5,5,1600,137148,1362.125
outer_fold,fold4_seed00_P16_C100_logistic_regression,4,0,16,100,logistic_regression,fine,0.7596538046489923,0.5266090948861327,0.1727737234905362,0.13040520250797272,0.5312672677628583,39,37,1600,137148,1362.125
outer_fold,fold4_seed01_P16_C100_logistic_regression,4,1,16,100,logistic_regression,coarse,0.9901857846997404,0.9790585701322232,0.019420198164880276,0.027635139413177967,0.9710844920378536,5,5,1600,137148,1357.2578125
outer_fold,fold4_seed01_P16_C100_logistic_regression,4,1,16,100,logistic_regression,fine,0.7778822877475428,0.5429725213588646,0.1548284087330103,0.05343130510300398,0.5523560336778187,39,37,1600,137148,1357.2578125
outer_fold,fold4_seed02_P16_C100_logistic_regression,4,2,16,100,logistic_regression,coarse,0.9874077638755213,0.9735442805823006,0.03055240400135517,0.03832235373556614,0.9706136557912893,5,5,1600,137148,1359.9375
outer_fold,fold4_seed02_P16_C100_logistic_regression,4,2,16,100,logistic_regression,fine,0.7668431183830606,0.5156815778841102,0.19877479504793882,0.07735024951398373,0.5174288084594587,39,37,1600,137148,1359.9375
outer_fold,fold4_seed03_P16_C100_logistic_regression,4,3,16,100,logistic_regression,coarse,0.9933137923994517,0.9841479802614849,0.021784567274153233,0.043236508034169674,0.9763811070915025,5,5,1600,137148,1357.78125
outer_fold,fold4_seed03_P16_C100_logistic_regression,4,3,16,100,logistic_regression,fine,0.7639484352670108,0.4993702061840223,0.1928633702918887,0.26842510141432285,0.5031597916478595,39,35,1600,137148,1357.78125
outer_fold,fold4_seed04_P16_C100_logistic_regression,4,4,16,100,logistic_regression,coarse,0.9917971826056523,0.9861033280366727,0.0286174975335598,0.04099983908236027,0.9732329880763715,5,5,1600,137148,1353.08203125
outer_fold,fold4_seed04_P16_C100_logistic_regression,4,4,16,100,logistic_regression,fine,0.7618412226208184,0.5287794818194476,0.1695257667452097,0.07396233081817627,0.5353261080702,39,37,1600,137148,1353.08203125
outer_fold,fold4_seed05_P16_C100_logistic_regression,4,5,16,100,logistic_regression,coarse,0.9914471957301602,0.9799836372284585,0.03042919933795929,0.036128267645835876,0.976232451274643,5,5,1600,137148,1355.3203125
outer_fold,fold4_seed05_P16_C100_logistic_regression,4,5,16,100,logistic_regression,fine,0.7722897891329075,0.5053410605149622,0.18644995894283056,0.07078104186803102,0.5154841038118401,39,35,1600,137148,1355.3203125
outer_fold,fold4_seed06_P16_C100_logistic_regression,4,6,16,100,logistic_regression,coarse,0.993233587073818,0.9772909270355241,0.01663950737565756,0.02826638240367174,0.9778129221713918,5,5,1600,137148,1353.34375
outer_fold,fold4_seed06_P16_C100_logistic_regression,4,6,16,100,logistic_regression,fine,0.7707002654067139,0.5146626064545958,0.1301248325034976,0.05237934459000826,0.5230852226424781,39,36,1600,137148,1353.34375
outer_fold,fold4_seed07_P16_C100_logistic_regression,4,7,16,100,logistic_regression,coarse,0.9856942864642576,0.9797163514070111,0.03684838302433491,0.03651227056980133,0.973647793406292,5,5,1600,137148,1363.59765625
outer_fold,fold4_seed07_P16_C100_logistic_regression,4,7,16,100,logistic_regression,fine,0.7517207688045031,0.5094300591579454,0.176370101980865,0.07108618970960379,0.5083588593786318,39,36,1600,137148,1363.59765625
outer_fold,fold4_seed08_P16_C100_logistic_regression,4,8,16,100,logistic_regression,coarse,0.9914471957301602,0.9600648475468339,0.034903498366475105,0.035117498598992825,0.9609734042391489,5,5,1600,137148,1374.66015625
outer_fold,fold4_seed08_P16_C100_logistic_regression,4,8,16,100,logistic_regression,fine,0.7741272202292414,0.5193984065786945,0.18316999170929193,0.06567042414098978,0.5136438201124071,39,36,1600,137148,1374.66015625
outer_fold,fold4_seed09_P16_C100_logistic_regression,4,9,16,100,logistic_regression,coarse,0.9912867850788929,0.9752064280540246,0.03103811014443636,0.04487870819866657,0.9757468297787074,5,5,1600,137148,1356.046875
outer_fold,fold4_seed09_P16_C100_logistic_regression,4,9,16,100,logistic_regression,fine,0.7742657567007903,0.5178857329634428,0.16962047759443521,0.08136391919106245,0.5328934616021983,39,37,1600,137148,1356.046875
outer_fold,fold4_seed10_P16_C100_logistic_regression,4,10,16,100,logistic_regression,coarse,0.9906524338670634,0.9756399114536165,0.02538395021110773,0.04334226530045271,0.9752392455918697,5,5,1600,137148,1363.7734375
outer_fold,fold4_seed10_P16_C100_logistic_regression,4,10,16,100,logistic_regression,fine,0.7623297459678595,0.5105468195245954,0.18423771671950817,0.414544858969748,0.5174382347767368,39,37,1600,137148,1363.7734375
outer_fold,fold4_seed11_P16_C100_logistic_regression,4,11,16,100,logistic_regression,coarse,0.9905649371481903,0.971043914062071,0.025533072650432587,0.037067269906401634,0.9756875718927887,5,5,1600,137148,1322.80859375
outer_fold,fold4_seed11_P16_C100_logistic_regression,4,11,16,100,logistic_regression,fine,0.7657202438241899,0.4977744137404421,0.19116164091974497,0.0729629285633564,0.5006597052989072,39,38,1600,137148,1322.80859375
outer_fold,fold4_seed12_P16_C100_logistic_regression,4,12,16,100,logistic_regression,coarse,0.9934523288710007,0.9859830896712468,0.024318430572748184,0.03680780064314604,0.9799795031407639,5,5,1600,137148,1356.4609375
outer_fold,fold4_seed12_P16_C100_logistic_regression,4,12,16,100,logistic_regression,fine,0.769278443725027,0.5279815826927692,0.19844425097107887,0.07313897367566824,0.5236430501621921,39,36,1600,137148,1356.4609375
outer_fold,fold4_seed13_P16_C100_logistic_regression,4,13,16,100,logistic_regression,coarse,0.9917169772800186,0.9831278850093618,0.024000133387744427,0.038539246656000614,0.9777845485274981,5,5,1600,137148,1332.53515625
outer_fold,fold4_seed13_P16_C100_logistic_regression,4,13,16,100,logistic_regression,fine,0.7700659141948843,0.5306440746181489,0.19559201318770647,0.07898816280066967,0.5257915636477605,39,38,1600,137148,1332.53515625
outer_fold,fold4_seed14_P16_C100_logistic_regression,4,14,16,100,logistic_regression,coarse,0.9902805728118529,0.9837789208135685,0.026012719608843327,0.03674446698278189,0.9645383530826732,5,5,1600,137148,1375.71875
outer_fold,fold4_seed14_P16_C100_logistic_regression,4,14,16,100,logistic_regression,fine,0.7640578061656021,0.551200830803421,0.19337205030024052,0.07029679976403713,0.5173538450280109,39,37,1600,137148,1375.71875
outer_fold,fold4_seed15_P16_C100_logistic_regression,4,15,16,100,logistic_regression,coarse,0.9906888908332604,0.9871177592492696,0.025833741761744022,0.045297193340957165,0.9723797154632011,5,5,1600,137148,1365.28125
outer_fold,fold4_seed15_P16_C100_logistic_regression,4,15,16,100,logistic_regression,fine,0.7557164522997054,0.547983090895365,0.17620941251516342,0.08074123039841652,0.5339380135964691,39,37,1600,137148,1365.28125
outer_fold,fold4_seed16_P16_C100_logistic_regression,4,16,16,100,logistic_regression,coarse,0.9869775716743956,0.9746090223314589,0.023233789019286633,0.04007355868816376,0.9728194130977121,5,5,1600,137148,1362.125
outer_fold,fold4_seed16_P16_C100_logistic_regression,4,16,16,100,logistic_regression,fine,0.7643421705019395,0.5205288579207359,0.17720126267522573,0.49977572076022625,0.5350586375463419,39,39,1600,137148,1362.125
outer_fold,fold4_seed17_P16_C100_logistic_regression,4,17,16,100,logistic_regression,coarse,0.9912940764721323,0.977098792122631,0.018626481294631958,0.027935417369008064,0.9709301739406729,5,5,1600,137148,1357.2578125
outer_fold,fold4_seed17_P16_C100_logistic_regression,4,17,16,100,logistic_regression,fine,0.7642692565695454,0.5164122378909749,0.12107298150658607,0.05358046852052212,0.5307235883254912,39,37,1600,137148,1357.2578125
outer_fold,fold4_seed18_P16_C100_logistic_regression,4,18,16,100,logistic_regression,coarse,0.9881369031994633,0.985287229547723,0.03539757709950209,0.03900815639644861,0.9717934013053542,5,5,1600,137148,1359.9375
outer_fold,fold4_seed18_P16_C100_logistic_regression,4,18,16,100,logistic_regression,fine,0.7743751275993817,0.5262156211349004,0.19139977637678385,0.0769699914380908,0.5265910984287283,39,37,1600,137148,1359.9375
outer_fold,fold4_seed19_P16_C100_logistic_regression,4,19,16,100,logistic_regression,coarse,0.987072359786508,0.9777109832994377,0.044400216080248356,0.043644826859235764,0.9689160385645386,5,5,1600,137148,1357.78125
outer_fold,fold4_seed19_P16_C100_logistic_regression,4,19,16,100,logistic_regression,fine,0.7594642284247674,0.522832954164926,0.17946328036487103,0.16250221244990826,0.5270076361057628,39,37,1600,137148,1357.78125
outer_fold,fold4_seed00_P16_C200_logistic_regression,4,0,16,200,logistic_regression,coarse,0.9921034211217079,0.9879996804352411,0.04458698444068432,0.04119105450809002,0.9748080853682062,5,5,3200,137148,1353.08203125
outer_fold,fold4_seed00_P16_C200_logistic_regression,4,0,16,200,logistic_regression,fine,0.7623880771137749,0.5711410507094133,0.4713426697999239,0.07604407798498869,0.563518151231877,39,38,3200,137148,1353.08203125
outer_fold,fold4_seed01_P16_C200_logistic_regression,4,1,16,200,logistic_regression,coarse,0.9917315600664975,0.981093577790535,0.0449895141646266,0.035687909461557865,0.974335219331425,5,5,3200,137148,1355.3203125
outer_fold,fold4_seed01_P16_C200_logistic_regression,4,1,16,200,logistic_regression,fine,0.7748271939802257,0.5676912031252009,0.4345103595405817,0.07410739827901125,0.5714485655624281,39,37,3200,137148,1355.3203125
outer_fold,fold4_seed02_P16_C200_logistic_regression,4,2,16,200,logistic_regression,coarse,0.9857234520372152,0.9759577411594659,0.048235880210995674,0.0273064486682415,0.9679814958916108,5,5,3200,137148,1353.34375
outer_fold,fold4_seed02_P16_C200_logistic_regression,4,2,16,200,logistic_regression,fine,0.7718450141453029,0.5536038478516297,0.3559068124741316,0.055011212825775146,0.5509544768885741,39,37,3200,137148,1353.34375
outer_fold,fold4_seed03_P16_C200_logistic_regression,4,3,16,200,logistic_regression,coarse,0.990543062968472,0.9847598167344016,0.050750212743878365,0.03780361823737621,0.9700967918593253,5,5,3200,137148,1363.59765625
outer_fold,fold4_seed03_P16_C200_logistic_regression,4,3,16,200,logistic_regression,fine,0.7672295622247499,0.5455419243388605,0.4734529685229063,0.07632131222635508,0.543452772177215,39,37,3200,137148,1363.59765625
outer_fold,fold4_seed04_P16_C200_logistic_regression,4,4,16,200,logistic_regression,coarse,0.9922200834135386,0.986758541274034,0.04336812533438206,0.034646736457943916,0.9763945857637861,5,5,3200,137148,1374.66015625
outer_fold,fold4_seed04_P16_C200_logistic_regression,4,4,16,200,logistic_regression,fine,0.7660046081605273,0.573707598504198,0.4583024736493826,0.0682174563407898,0.5657728280530707,39,38,3200,137148,1374.66015625
outer_fold,fold4_seed05_P16_C200_logistic_regression,4,5,16,200,logistic_regression,coarse,0.9904847318225567,0.9840322976406097,0.046067443676292896,0.04460034240037203,0.9768583712795162,5,5,3200,137148,1356.046875
outer_fold,fold4_seed05_P16_C200_logistic_regression,4,5,16,200,logistic_regression,fine,0.7570653600489982,0.5434579722754703,0.43919873889535666,0.06842989288270473,0.5414189443722756,39,37,3200,137148,1356.046875
outer_fold,fold4_seed06_P16_C200_logistic_regression,4,6,16,200,logistic_regression,coarse,0.9937221104208592,0.9856514502642943,0.03933077771216631,0.04502035025507212,0.9787972077386552,5,5,3200,137148,1363.7734375
outer_fold,fold4_seed06_P16_C200_logistic_regression,4,6,16,200,logistic_regression,fine,0.7693294834777029,0.549168655542479,0.49338202737271786,0.20848909486085176,0.5471709635315388,39,36,3200,137148,1363.7734375
outer_fold,fold4_seed07_P16_C200_logistic_regression,4,7,16,200,logistic_regression,coarse,0.9868609093825648,0.9796296086818559,0.06246552988886833,0.03920226637274027,0.9765643865055461,5,5,3200,137148,1322.80859375
outer_fold,fold4_seed07_P16_C200_logistic_regression,4,7,16,200,logistic_regression,fine,0.7452387202146586,0.5382367782666766,0.4456617860123515,0.06944490782916546,0.5314374304294428,39,36,3200,137148,1322.80859375
outer_fold,fold4_seed08_P16_C200_logistic_regression,4,8,16,200,logistic_regression,coarse,0.9904409834631202,0.9855770629436169,0.05985226947814226,0.03684681933373213,0.9726957095154132,5,5,3200,137148,1356.4609375
outer_fold,fold4_seed08_P16_C200_logistic_regression,4,8,16,200,logistic_regression,fine,0.7721220870884008,0.5523915373083663,0.5268118055537343,0.07399515062570572,0.542254170974026,39,36,3200,137148,1356.4609375
outer_fold,fold4_seed09_P16_C200_logistic_regression,4,9,16,200,logistic_regression,coarse,0.9886837576924199,0.9687434439554441,0.04996471107006073,0.03781763929873705,0.97154071411701,5,5,3200,137148,1332.53515625
outer_fold,fold4_seed09_P16_C200_logistic_regression,4,9,16,200,logistic_regression,fine,0.7730991337824832,0.5501776960706134,0.5239560632035136,0.07535872422158718,0.5630684174706863,39,38,3200,137148,1332.53515625
outer_fold,fold4_seed10_P16_C200_logistic_regression,4,10,16,200,logistic_regression,coarse,0.9876848368186193,0.9847275634764919,0.05432394705712795,0.03700654860585928,0.9729146288330135,5,5,3200,137148,1375.71875
outer_fold,fold4_seed10_P16_C200_logistic_regression,4,10,16,200,logistic_regression,fine,0.7706419342607985,0.5437393231431236,0.4416050296276808,0.07312965858727694,0.5444580678080202,39,37,3200,137148,1375.71875
outer_fold,fold4_seed11_P16_C200_logistic_regression,4,11,16,200,logistic_regression,coarse,0.9897483011053753,0.985374706957517,0.05064652767032385,0.03708954341709614,0.9769794047755267,5,5,3200,137148,1365.28125
outer_fold,fold4_seed11_P16_C200_logistic_regression,4,11,16,200,logistic_regression,fine,0.7560591477819582,0.5337876041907261,0.43645914923399687,0.0700960299000144,0.5310009345857859,39,38,3200,137148,1365.28125
outer_fold,fold4_seed12_P16_C200_logistic_regression,4,12,16,200,logistic_regression,coarse,0.992504447749876,0.9859291903646952,0.045761916786432266,0.03966672997921705,0.9766520139067436,5,5,3200,137148,1362.125
outer_fold,fold4_seed12_P16_C200_logistic_regression,4,12,16,200,logistic_regression,fine,0.7782978971621898,0.5544645790692826,0.3540133750066161,0.10506571829319,0.5499644637681258,39,36,3200,137148,1362.125
outer_fold,fold4_seed13_P16_C200_logistic_regression,4,13,16,200,logistic_regression,coarse,0.9903826523172048,0.9878663831226925,0.03482727613300085,0.027445617131888866,0.9745800570586567,5,5,3200,137148,1357.2578125
outer_fold,fold4_seed13_P16_C200_logistic_regression,4,13,16,200,logistic_regression,fine,0.7718814711115,0.5683190291588576,0.30018786154687405,0.05424229521304369,0.5579709052378465,39,38,3200,137148,1357.2578125
outer_fold,fold4_seed14_P16_C200_logistic_regression,4,14,16,200,logistic_regression,coarse,0.988581678187068,0.9754520737026441,0.05413593724370003,0.03567972779273987,0.9677502897655197,5,5,3200,137148,1359.9375
outer_fold,fold4_seed14_P16_C200_logistic_regression,4,14,16,200,logistic_regression,fine,0.7673389331233412,0.5728106457523977,0.488313770852983,0.07693998608738184,0.5522615315780643,39,38,3200,137148,1359.9375
outer_fold,fold4_seed15_P16_C200_logistic_regression,4,15,16,200,logistic_regression,coarse,0.9885598040073498,0.9876710994595894,0.04441922251135111,0.0346901910379529,0.9675007327896653,5,5,3200,137148,1357.78125
outer_fold,fold4_seed15_P16_C200_logistic_regression,4,15,16,200,logistic_regression,fine,0.7560081080292822,0.5728223385458524,0.3932310352101922,0.5445050355046988,0.5578169297327452,39,37,3200,137148,1357.78125
outer_fold,fold4_seed16_P16_C200_logistic_regression,4,16,16,200,logistic_regression,coarse,0.9886254265465045,0.9771692499515895,0.056128572672605515,0.03934093378484249,0.9755816771325593,5,5,3200,137148,1353.08203125
outer_fold,fold4_seed16_P16_C200_logistic_regression,4,16,16,200,logistic_regression,fine,0.7539373523492869,0.5472265042955708,0.5973383085802197,0.07785036507993937,0.5563030511199776,39,39,3200,137148,1353.08203125
outer_fold,fold4_seed17_P16_C200_logistic_regression,4,17,16,200,logistic_regression,coarse,0.9921471694811445,0.9864569057237269,0.041933562606573105,0.03783512581139803,0.9770945231554304,5,5,3200,137148,1355.3203125
outer_fold,fold4_seed17_P16_C200_logistic_regression,4,17,16,200,logistic_regression,fine,0.7668868667424972,0.5614858576116326,0.43904925510287285,0.0746840089559555,0.5677145476004672,39,38,3200,137148,1355.3203125
outer_fold,fold4_seed18_P16_C200_logistic_regression,4,18,16,200,logistic_regression,coarse,0.9893764400501648,0.9833787793033846,0.03810502868145704,0.02836859505623579,0.97267370723692,5,5,3200,137148,1353.34375
outer_fold,fold4_seed18_P16_C200_logistic_regression,4,18,16,200,logistic_regression,fine,0.7744188759588182,0.5607393852133296,0.2970504779368639,0.05751640256494284,0.5593670394183812,39,37,3200,137148,1353.34375
outer_fold,fold4_seed19_P16_C200_logistic_regression,4,19,16,200,logistic_regression,coarse,0.9892670691515735,0.9840653639770649,0.06768376845866442,0.03618301823735237,0.9717157810439716,5,5,3200,137148,1363.59765625
outer_fold,fold4_seed19_P16_C200_logistic_regression,4,19,16,200,logistic_regression,fine,0.7518301397030944,0.5411569975596203,0.5168078830465674,0.07571755070239305,0.5403319597404922,39,37,3200,137148,1363.59765625
outer_fold,fold4_seed00_P16_C400_logistic_regression,4,0,16,400,logistic_regression,coarse,0.9920377985825531,0.9875492703376505,0.06892509292811155,0.03460301086306572,0.9806269375798115,5,5,6400,137148,1374.66015625
outer_fold,fold4_seed00_P16_C400_logistic_regression,4,0,16,400,logistic_regression,fine,0.7459678595386007,0.5843741650865493,1.3260791385546327,0.07206995598971844,0.5649811092207724,39,38,6400,137148,1374.66015625
outer_fold,fold4_seed01_P16_C400_logistic_regression,4,1,16,400,logistic_regression,coarse,0.990178493306501,0.9870502875137811,0.09609878435730934,0.03977498132735491,0.9772844923224234,5,5,6400,137148,1356.046875
outer_fold,fold4_seed01_P16_C400_logistic_regression,4,1,16,400,logistic_regression,fine,0.7603391956134978,0.6042807543099571,1.2222031448036432,0.07160484325140715,0.5927496468529384,39,38,6400,137148,1356.046875
outer_fold,fold4_seed02_P16_C400_logistic_regression,4,2,16,400,logistic_regression,coarse,0.986430717181439,0.9810705525601916,0.11989716719835997,0.03713976684957743,0.9666096371008678,5,5,6400,137148,1363.7734375
outer_fold,fold4_seed02_P16_C400_logistic_regression,4,2,16,400,logistic_regression,fine,0.7725522792895266,0.5954812586425443,1.891859701834619,0.5730918766930699,0.5814601724842211,39,39,6400,137148,1363.7734375
outer_fold,fold4_seed03_P16_C400_logistic_regression,4,3,16,400,logistic_regression,coarse,0.9884066847493219,0.9870368448823683,0.10567335598170757,0.03728391323238611,0.9707245539651208,5,5,6400,137148,1322.80859375
outer_fold,fold4_seed03_P16_C400_logistic_regression,4,3,16,400,logistic_regression,fine,0.7546300347070318,0.5850009451864678,1.4653521860018373,0.07132060825824738,0.5559937810373103,39,38,6400,137148,1322.80859375
outer_fold,fold4_seed04_P16_C400_logistic_regression,4,4,16,400,logistic_regression,coarse,0.9895076851284743,0.987298055563207,0.11438870429992676,0.03634617291390896,0.9718133423554491,5,5,6400,137148,1356.4609375
outer_fold,fold4_seed04_P16_C400_logistic_regression,4,4,16,400,logistic_regression,fine,0.7568393268585761,0.5986832934377414,1.5368176102638245,0.07645231857895851,0.587069827138023,39,38,6400,137148,1356.4609375
outer_fold,fold4_seed05_P16_C400_logistic_regression,4,5,16,400,logistic_regression,coarse,0.9890774929273486,0.9862443659604576,0.10656627640128136,0.03877093177288771,0.9742358618953201,5,5,6400,137148,1332.53515625
outer_fold,fold4_seed05_P16_C400_logistic_regression,4,5,16,400,logistic_regression,fine,0.756992446116604,0.5833443909898884,1.6751161031425,0.07696531433612108,0.5669778075673376,39,38,6400,137148,1332.53515625
outer_fold,fold4_seed06_P16_C400_logistic_regression,4,6,16,400,logistic_regression,coarse,0.9936419050952255,0.9877765462626868,0.08097557909786701,0.03744696546345949,0.9778283976969174,5,5,6400,137148,1375.71875
outer_fold,fold4_seed06_P16_C400_logistic_regression,4,6,16,400,logistic_regression,fine,0.7566716248140695,0.58780669283322,1.5211550612002611,0.07097404077649117,0.5738366199773502,39,37,6400,137148,1375.71875
outer_fold,fold4_seed07_P16_C400_logistic_regression,4,7,16,400,logistic_regression,coarse,0.9829381398197568,0.9810061917186529,0.10094760172069073,0.037983656860888004,0.9697866854495395,5,5,6400,137148,1365.28125
outer_fold,fold4_seed07_P16_C400_logistic_regression,4,7,16,400,logistic_regression,fine,0.7344110012541196,0.5718503018855774,1.4185888851061463,0.0577622102573514,0.5493785104939469,39,38,6400,137148,1365.28125
outer_fold,fold4_seed08_P16_C400_logistic_regression,4,8,16,400,logistic_regression,coarse,0.9894420625893195,0.984358274195602,0.08094636723399162,0.04291087109595537,0.9649301472672311,5,5,6400,137148,1362.125
outer_fold,fold4_seed08_P16_C400_logistic_regression,4,8,16,400,logistic_regression,fine,0.7569997375098434,0.5813452550015293,1.0107999006286263,0.17687469627708197,0.553608708008637,39,37,6400,137148,1362.125
outer_fold,fold4_seed09_P16_C400_logistic_regression,4,9,16,400,logistic_regression,coarse,0.9875463003470704,0.9764110704901376,0.08077019359916449,0.027194062247872353,0.9768081606979738,5,5,6400,137148,1357.2578125
outer_fold,fold4_seed09_P16_C400_logistic_regression,4,9,16,400,logistic_regression,fine,0.7591361157289935,0.5740624470836728,1.1780502684414387,0.057404424995183945,0.5732975061385792,39,39,6400,137148,1357.2578125
outer_fold,fold4_seed10_P16_C400_logistic_regression,4,10,16,400,logistic_regression,coarse,0.987940035581999,0.9855534757747961,0.09294256195425987,0.03876911010593176,0.9743983010247484,5,5,6400,137148,1359.9375
outer_fold,fold4_seed10_P16_C400_logistic_regression,4,10,16,400,logistic_regression,fine,0.7660993962726398,0.5682435280793454,1.458170285448432,0.08416324760764837,0.5627800687963612,39,37,6400,137148,1359.9375
outer_fold,fold4_seed11_P16_C400_logistic_regression,4,11,16,400,logistic_regression,coarse,0.9829891795724327,0.9801896317046547,0.11948929820209742,0.03574186097830534,0.9689943879123337,5,5,6400,137148,1357.78125
outer_fold,fold4_seed11_P16_C400_logistic_regression,4,11,16,400,logistic_regression,fine,0.7428471432321287,0.5670740332005315,1.4003759501501918,0.6346298130229115,0.5556224018266832,39,39,6400,137148,1357.78125
outer_fold,fold4_seed12_P16_C400_logistic_regression,4,12,16,400,logistic_regression,coarse,0.9907690961588941,0.985441498786345,0.09843835607171059,0.036089339293539524,0.9753895294927748,5,5,6400,137148,1353.08203125
outer_fold,fold4_seed12_P16_C400_logistic_regression,4,12,16,400,logistic_regression,fine,0.7538133986642167,0.569870096745433,1.2978366427123547,0.06386719271540642,0.5579463649697505,39,36,6400,137148,1353.08203125
outer_fold,fold4_seed13_P16_C400_logistic_regression,4,13,16,400,logistic_regression,coarse,0.9892524863650947,0.9860172151764885,0.08995493222028017,0.038686166517436504,0.9742126086613027,5,5,6400,137148,1355.3203125
outer_fold,fold4_seed13_P16_C400_logistic_regression,4,13,16,400,logistic_regression,fine,0.7643348791087001,0.5916265595142516,1.43596426025033,0.0773139838129282,0.5678759974809151,39,38,6400,137148,1355.3203125
outer_fold,fold4_seed14_P16_C400_logistic_regression,4,14,16,400,logistic_regression,coarse,0.9879108700090413,0.9818211680143036,0.10655151586979628,0.03771435469388962,0.967343621840457,5,5,6400,137148,1353.34375
outer_fold,fold4_seed14_P16_C400_logistic_regression,4,14,16,400,logistic_regression,fine,0.7514145302884475,0.5902942711578721,1.3582604732364416,0.07757598627358675,0.5649039067642835,39,38,6400,137148,1353.34375
outer_fold,fold4_seed15_P16_C400_logistic_regression,4,15,16,400,logistic_regression,coarse,0.9835797824248257,0.9844517227783415,0.1033345740288496,0.03623927291482687,0.9677620473380761,5,5,6400,137148,1363.59765625
outer_fold,fold4_seed15_P16_C400_logistic_regression,4,15,16,400,logistic_regression,fine,0.7431169247819873,0.5855280584639189,1.4117606217041612,0.075174480676651,0.5698147060076755,39,38,6400,137148,1363.59765625
outer_fold,fold4_seed16_P16_C400_logistic_regression,4,16,16,400,logistic_regression,coarse,0.9866057106191851,0.9795714983298721,0.11261746101081371,0.03542172349989414,0.9759984808818967,5,5,6400,137148,1374.66015625
outer_fold,fold4_seed16_P16_C400_logistic_regression,4,16,16,400,logistic_regression,fine,0.7382681482777729,0.5906183547704534,1.4146700147539377,0.07700637448579073,0.5862494134613322,39,39,6400,137148,1374.66015625
outer_fold,fold4_seed17_P16_C400_logistic_regression,4,17,16,400,logistic_regression,coarse,0.9893035261177706,0.9858648506431399,0.09712490532547235,0.04088470712304115,0.9754481296171301,5,5,6400,137148,1356.046875
outer_fold,fold4_seed17_P16_C400_logistic_regression,4,17,16,400,logistic_regression,fine,0.7560956047481553,0.5940249461901986,1.5665917936712503,0.08090914133936167,0.5867460048169815,39,39,6400,137148,1356.046875
outer_fold,fold4_seed18_P16_C400_logistic_regression,4,18,16,400,logistic_regression,coarse,0.9860369819465103,0.9845234143607602,0.12874304130673409,0.036454775370657444,0.969759022064971,5,5,6400,137148,1363.7734375
outer_fold,fold4_seed18_P16_C400_logistic_regression,4,18,16,400,logistic_regression,fine,0.7629203488202526,0.5774910689375723,1.1161777460947633,0.6190116684883833,0.5658050445983043,39,37,6400,137148,1363.7734375
outer_fold,fold4_seed19_P16_C400_logistic_regression,4,19,16,400,logistic_regression,coarse,0.9886181351532651,0.9874485631371064,0.10475534480065107,0.03738137800246477,0.9781748983208635,5,5,6400,137148,1322.80859375
outer_fold,fold4_seed19_P16_C400_logistic_regression,4,19,16,400,logistic_regression,fine,0.7473678070405693,0.5606515911689919,1.4998904895037413,0.07032296899706125,0.5533559555424515,39,37,6400,137148,1322.80859375
outer_fold,fold4_seed00_P16_C800_logistic_regression,4,0,16,800,logistic_regression,coarse,0.991775308425934,0.9873437907347563,0.2503838399425149,0.034180729649960995,0.9760639511524716,5,5,12800,137148,1356.4609375
outer_fold,fold4_seed00_P16_C800_logistic_regression,4,0,16,800,logistic_regression,fine,0.7238457724501998,0.6232789665556995,5.148661321029067,0.08047667518258095,0.5827533378722709,39,38,12800,137148,1356.4609375
outer_fold,fold4_seed01_P16_C800_logistic_regression,4,1,16,800,logistic_regression,coarse,0.9893399830839676,0.9881453763803482,0.3078733226284385,0.037296862341463566,0.9766000491147825,5,5,12800,137148,1332.53515625
outer_fold,fold4_seed01_P16_C800_logistic_regression,4,1,16,800,logistic_regression,fine,0.7488917082276081,0.616341388665551,5.878991059027612,0.07823298592120409,0.5981470857738085,39,38,12800,137148,1332.53515625
outer_fold,fold4_seed02_P16_C800_logistic_regression,4,2,16,800,logistic_regression,coarse,0.9880348236941114,0.9860831067747012,0.393778040073812,0.03667531535029411,0.9758823009181345,5,5,12800,137148,1375.71875
outer_fold,fold4_seed02_P16_C800_logistic_regression,4,2,16,800,logistic_regression,fine,0.7494823110800012,0.6224785675851736,5.780299114994705,0.07407358754426241,0.5895401045538211,39,39,12800,137148,1375.71875
outer_fold,fold4_seed03_P16_C800_logistic_regression,4,3,16,800,logistic_regression,coarse,0.9862848893166506,0.9844989433330713,0.2429857775568962,0.03843757510185242,0.9723279799198409,5,5,12800,137148,1365.28125
outer_fold,fold4_seed03_P16_C800_logistic_regression,4,3,16,800,logistic_regression,fine,0.7405868113279085,0.6333531984278229,5.377117240801454,0.07841584924608469,0.6012891300536162,39,39,12800,137148,1365.28125
outer_fold,fold4_seed04_P16_C800_logistic_regression,4,4,16,800,logistic_regression,coarse,0.9894931023419955,0.987717380499064,0.2085776375606656,0.03719662223011255,0.9705429681629821,5,5,12800,137148,1362.125
outer_fold,fold4_seed04_P16_C800_logistic_regression,4,4,16,800,logistic_regression,fine,0.7274112637442762,0.6046193398243489,5.874895751476288,0.5831818273290992,0.578826337036653,39,38,12800,137148,1362.125
outer_fold,fold4_seed05_P16_C800_logistic_regression,4,5,16,800,logistic_regression,coarse,0.990039956834952,0.9883424968090091,0.26226839050650597,0.0335861137136817,0.9769390932996286,5,5,12800,137148,1357.2578125
outer_fold,fold4_seed05_P16_C800_logistic_regression,4,5,16,800,logistic_regression,fine,0.7318079738676466,0.61666119978471,3.614161445759237,0.058771055191755295,0.5837933317803758,39,39,12800,137148,1357.2578125
outer_fold,fold4_seed06_P16_C800_logistic_regression,4,6,16,800,logistic_regression,coarse,0.990455566249599,0.9847413065838099,0.22068811487406492,0.03773495554924011,0.9765776502612266,5,5,12800,137148,1359.9375
outer_fold,fold4_seed06_P16_C800_logistic_regression,4,6,16,800,logistic_regression,fine,0.726835243678362,0.5962111521711132,5.7510319566354156,0.07807292696088552,0.5655690188621281,39,37,12800,137148,1359.9375
outer_fold,fold4_seed07_P16_C800_logistic_regression,4,7,16,800,logistic_regression,coarse,0.9848922332079214,0.9845502087557678,0.3100877096876502,0.04148384090512991,0.9705232839094995,5,5,12800,137148,1357.78125
outer_fold,fold4_seed07_P16_C800_logistic_regression,4,7,16,800,logistic_regression,fine,0.7256686207600548,0.6131042716423912,5.388500246219337,0.5577957360073924,0.5795491360522212,39,39,12800,137148,1357.78125
outer_fold,fold4_seed08_P16_C800_logistic_regression,4,8,16,800,logistic_regression,coarse,0.9806267681628605,0.9807934505176921,0.27165479119867086,0.035232980735599995,0.959818248483969,5,5,12800,137148,1353.08203125
outer_fold,fold4_seed08_P16_C800_logistic_regression,4,8,16,800,logistic_regression,fine,0.7276008399685012,0.6247938248391204,5.619364182464778,0.0827297493815422,0.5812361641766989,39,38,12800,137148,1353.08203125
outer_fold,fold4_seed09_P16_C800_logistic_regression,4,9,16,800,logistic_regression,coarse,0.987072359786508,0.9789611540263463,0.24176705814898014,0.034629049710929394,0.9792253491071718,5,5,12800,137148,1355.3203125
outer_fold,fold4_seed09_P16_C800_logistic_regression,4,9,16,800,logistic_regression,fine,0.7463761775600082,0.6068015511934997,5.4671929301694036,0.07972963899374008,0.583944597253688,39,39,12800,137148,1355.3203125
outer_fold,fold4_seed10_P16_C800_logistic_regression,4,10,16,800,logistic_regression,coarse,0.9853661737684837,0.9833320698541353,0.2842195061966777,0.03666030149906874,0.9712782225195848,5,5,12800,137148,1353.34375
outer_fold,fold4_seed10_P16_C800_logistic_regression,4,10,16,800,logistic_regression,fine,0.7435544083763526,0.6078586709272427,5.074173760600388,0.08322882279753685,0.586497670443377,39,39,12800,137148,1353.34375
outer_fold,fold4_seed11_P16_C800_logistic_regression,4,11,16,800,logistic_regression,coarse,0.9791539067284977,0.9794392574410622,0.33433302864432335,0.03639615699648857,0.9682884294258731,5,5,12800,137148,1363.59765625
outer_fold,fold4_seed11_P16_C800_logistic_regression,4,11,16,800,logistic_regression,fine,0.7299851255577916,0.5997402616450297,4.690285773947835,0.08023654669523239,0.5673381889481721,39,39,12800,137148,1363.59765625
outer_fold,fold4_seed12_P16_C800_logistic_regression,4,12,16,800,logistic_regression,coarse,0.990404526496923,0.9864776263633862,0.2994148265570402,0.03696640767157078,0.9775379452194166,5,5,12800,137148,1374.66015625
outer_fold,fold4_seed12_P16_C800_logistic_regression,4,12,16,800,logistic_regression,fine,0.7473386414676116,0.6236494990684854,4.652373566292226,0.07864105515182018,0.5974865054333938,39,39,12800,137148,1374.66015625
outer_fold,fold4_seed13_P16_C800_logistic_regression,4,13,16,800,logistic_regression,coarse,0.9884577245019979,0.9869230675813959,0.2911503706127405,0.0434113685041666,0.9727260014588779,5,5,12800,137148,1356.046875
outer_fold,fold4_seed13_P16_C800_logistic_regression,4,13,16,800,logistic_regression,fine,0.7361171872721439,0.6308657539426498,3.6957690129056573,0.08220596704632044,0.6009018929480585,39,39,12800,137148,1356.046875
outer_fold,fold4_seed14_P16_C800_logistic_regression,4,14,16,800,logistic_regression,coarse,0.9854974188467932,0.9813097961862077,0.24681605491787195,0.04331405367702246,0.9698775299249032,5,5,12800,137148,1363.7734375
outer_fold,fold4_seed14_P16_C800_logistic_regression,4,14,16,800,logistic_regression,fine,0.7342068422434159,0.6124513053378221,6.180614689365029,0.5371094774454832,0.5743374666457004,39,39,12800,137148,1363.7734375
outer_fold,fold4_seed15_P16_C800_logistic_regression,4,15,16,800,logistic_regression,coarse,0.9775789657887829,0.9783823433126309,0.2859180010855198,0.036203269846737385,0.9677082064768584,5,5,12800,137148,1322.80859375
outer_fold,fold4_seed15_P16_C800_logistic_regression,4,15,16,800,logistic_regression,fine,0.7303788607927203,0.6210663791456383,6.02480816654861,0.0729858847334981,0.5969755257510517,39,39,12800,137148,1322.80859375
outer_fold,fold4_seed16_P16_C800_logistic_regression,4,16,16,800,logistic_regression,coarse,0.9846880741972176,0.9826547278827945,0.3383800098672509,0.035605547949671745,0.9763374827226647,5,5,12800,137148,1356.4609375
outer_fold,fold4_seed16_P16_C800_logistic_regression,4,16,16,800,logistic_regression,fine,0.7269008662175168,0.6221288247973765,4.9328671135008335,0.08196200150996447,0.5857921665200412,39,39,12800,137148,1356.4609375
outer_fold,fold4_seed17_P16_C800_logistic_regression,4,17,16,800,logistic_regression,coarse,0.9888004199842506,0.9854386722990555,0.30648460052907467,0.03679922875016928,0.9765730115210195,5,5,12800,137148,1332.53515625
outer_fold,fold4_seed17_P16_C800_logistic_regression,4,17,16,800,logistic_regression,fine,0.7305976025899029,0.6195208574353344,5.179894578643143,0.08129331469535828,0.5896880814204554,39,39,12800,137148,1332.53515625
outer_fold,fold4_seed18_P16_C800_logistic_regression,4,18,16,800,logistic_regression,coarse,0.9835068684924315,0.9818390383790188,0.30469717364758253,0.036602506414055824,0.9666300352153188,5,5,12800,137148,1375.71875
outer_fold,fold4_seed18_P16_C800_logistic_regression,4,18,16,800,logistic_regression,fine,0.7509843380873217,0.6055832349055381,4.64635768532753,0.07324908673763275,0.5759813099496895,39,38,12800,137148,1375.71875
outer_fold,fold4_seed19_P16_C800_logistic_regression,4,19,16,800,logistic_regression,coarse,0.9880566978738298,0.985940946824679,0.24608517438173294,0.03973682411015034,0.9770471746972534,5,5,12800,137148,1365.28125
outer_fold,fold4_seed19_P16_C800_logistic_regression,4,19,16,800,logistic_regression,fine,0.7464272173126841,0.5988412406544217,4.742167882621288,0.09026304353028536,0.5821195675024051,39,39,12800,137148,1365.28125
outer_fold,fold4_seed00_P16_C1600_logistic_regression,4,0,16,1600,logistic_regression,coarse,0.9915128182693149,0.9864569782878828,0.7319056335836649,0.040715294890105724,0.9787023061286971,5,5,25600,137148,1362.125
outer_fold,fold4_seed00_P16_C1600_logistic_regression,4,0,16,1600,logistic_regression,fine,0.7038746463674279,0.6412125841782976,15.088405854068696,0.28465795144438744,0.5918720886133537,39,39,25600,137148,1362.125
outer_fold,fold4_seed01_P16_C1600_logistic_regression,4,1,16,1600,logistic_regression,coarse,0.9920159244028349,0.9878508719884882,0.5349564822390676,0.02732560783624649,0.9778066809621944,5,5,25600,137148,1357.2578125
outer_fold,fold4_seed01_P16_C1600_logistic_regression,4,1,16,1600,logistic_regression,fine,0.7477032111295826,0.654689351720331,10.659300156868994,0.07637608330696821,0.6056692600980289,39,39,25600,137148,1357.2578125
outer_fold,fold4_seed02_P16_C1600_logistic_regression,4,2,16,1600,logistic_regression,coarse,0.990681599440021,0.986464040963838,0.6846898160874844,0.0368227232247591,0.9788140335709592,5,5,25600,137148,1359.9375
outer_fold,fold4_seed02_P16_C1600_logistic_regression,4,2,16,1600,logistic_regression,fine,0.7467772041881763,0.6447875772252335,14.552644441835582,0.07795200683176517,0.5958311649142506,39,39,25600,137148,1359.9375
outer_fold,fold4_seed03_P16_C1600_logistic_regression,4,3,16,1600,logistic_regression,coarse,0.9876265056727039,0.987025282125557,0.54200454428792,0.03850811067968607,0.9676128070743566,5,5,25600,137148,1357.78125
outer_fold,fold4_seed03_P16_C1600_logistic_regression,4,3,16,1600,logistic_regression,fine,0.7085994691865721,0.6592516039728767,14.037707458250225,0.3678151983767748,0.5981605420265956,39,39,25600,137148,1357.78125
outer_fold,fold4_seed04_P16_C1600_logistic_regression,4,4,16,1600,logistic_regression,coarse,0.990907632630443,0.9884035981222627,0.5976479314267635,0.0357321472838521,0.9774947125325912,5,5,25600,137148,1353.08203125
outer_fold,fold4_seed04_P16_C1600_logistic_regression,4,4,16,1600,logistic_regression,fine,0.7230947589465395,0.661760999426403,13.889212388545275,0.07987579796463251,0.612439035874196,39,39,25600,137148,1353.08203125
outer_fold,fold4_seed05_P16_C1600_logistic_regression,4,5,16,1600,logistic_regression,coarse,0.9915346924490331,0.9887126187806233,0.594199744053185,0.036711499094963074,0.978508756304224,5,5,25600,137148,1355.3203125
outer_fold,fold4_seed05_P16_C1600_logistic_regression,4,5,16,1600,logistic_regression,fine,0.7080671974800945,0.6621333292591542,14.914295511320233,0.08103425707668066,0.6010985770510398,39,39,25600,137148,1355.3203125
outer_fold,fold4_seed06_P16_C1600_logistic_regression,4,6,16,1600,logistic_regression,coarse,0.9895514334879109,0.9849356958685093,0.5728902062401175,0.03956586867570877,0.983989470687858,5,5,25600,137148,1353.34375
outer_fold,fold4_seed06_P16_C1600_logistic_regression,4,6,16,1600,logistic_regression,fine,0.6995143932102547,0.6234020688259093,14.260896759107709,0.07878598012030125,0.5718791721281645,39,38,25600,137148,1353.34375
outer_fold,fold4_seed07_P16_C1600_logistic_regression,4,7,16,1600,logistic_regression,coarse,0.9854463790941173,0.9858194715481876,0.7521989550441504,0.037420046515762806,0.9784796255943412,5,5,25600,137148,1363.59765625
outer_fold,fold4_seed07_P16_C1600_logistic_regression,4,7,16,1600,logistic_regression,fine,0.6980706973488494,0.6573439030287236,12.293454722501338,0.08006266690790653,0.5952818842959484,39,39,25600,137148,1363.59765625
outer_fold,fold4_seed08_P16_C1600_logistic_regression,4,8,16,1600,logistic_regression,coarse,0.9740790970338612,0.9769370806159652,0.6122640278190374,0.03389742784202099,0.9551925725600527,5,5,25600,137148,1374.66015625
outer_fold,fold4_seed08_P16_C1600_logistic_regression,4,8,16,1600,logistic_regression,fine,0.7151835972817686,0.6677151946896873,14.613460009917617,0.07959024235606194,0.6049847836276534,39,39,25600,137148,1374.66015625
outer_fold,fold4_seed09_P16_C1600_logistic_regression,4,9,16,1600,logistic_regression,coarse,0.9870650683932686,0.9834656909844606,0.670615958981216,0.03982528671622276,0.9778433897020259,5,5,25600,137148,1356.046875
outer_fold,fold4_seed09_P16_C1600_logistic_regression,4,9,16,1600,logistic_regression,fine,0.7279070784845568,0.6512342300641908,11.88076239079237,0.0668089846149087,0.6024333184662602,39,39,25600,137148,1356.046875
outer_fold,fold4_seed10_P16_C1600_logistic_regression,4,10,16,1600,logistic_regression,coarse,0.98931081751101,0.9871850319976481,0.8120772829279304,0.04349113721400499,0.9786507184547997,5,5,25600,137148,1363.7734375
outer_fold,fold4_seed10_P16_C1600_logistic_regression,4,10,16,1600,logistic_regression,fine,0.7073016011899553,0.6313335848116208,15.223740605637431,0.47392534371465445,0.5889821192778172,39,39,25600,137148,1363.7734375
outer_fold,fold4_seed11_P16_C1600_logistic_regression,4,11,16,1600,logistic_regression,coarse,0.9760477732085047,0.9793113677642914,0.7068752013146877,0.03613234218209982,0.9716233803538937,5,5,25600,137148,1322.80859375
outer_fold,fold4_seed11_P16_C1600_logistic_regression,4,11,16,1600,logistic_regression,fine,0.7262519322192085,0.6401902621405294,12.777464773505926,0.07659026328474283,0.592123631355949,39,39,25600,137148,1322.80859375
outer_fold,fold4_seed12_P16_C1600_logistic_regression,4,12,16,1600,logistic_regression,coarse,0.9920888383352291,0.9873448114527642,0.5142808109521866,0.04704564344137907,0.9798321220950095,5,5,25600,137148,1356.4609375
outer_fold,fold4_seed12_P16_C1600_logistic_regression,4,12,16,1600,logistic_regression,fine,0.7379910753346749,0.6561376637807744,13.10662851203233,0.10091265942901373,0.6045380500990893,39,39,25600,137148,1356.4609375
outer_fold,fold4_seed13_P16_C1600_logistic_regression,4,13,16,1600,logistic_regression,coarse,0.9876994196050981,0.986193401673528,0.6253419984132051,0.03719298541545868,0.9717421223101332,5,5,25600,137148,1332.53515625
outer_fold,fold4_seed13_P16_C1600_logistic_regression,4,13,16,1600,logistic_regression,fine,0.7066599585848864,0.6633191808423242,12.611641292460263,0.08185851667076349,0.6005413456744572,39,39,25600,137148,1332.53515625
outer_fold,fold4_seed14_P16_C1600_logistic_regression,4,14,16,1600,logistic_regression,coarse,0.9816038148569428,0.9823318684445047,0.5608154023066163,0.03755865152925253,0.9688532736398955,5,5,25600,137148,1375.71875
outer_fold,fold4_seed14_P16_C1600_logistic_regression,4,14,16,1600,logistic_regression,fine,0.7198719631347158,0.6611720665472552,16.43743796274066,0.0786582613363862,0.6047579814171189,39,39,25600,137148,1375.71875
outer_fold,fold4_seed15_P16_C1600_logistic_regression,4,15,16,1600,logistic_regression,coarse,0.9788476682124421,0.9812290672245588,0.4466838212683797,0.04444525204598904,0.9508001927566925,5,5,25600,137148,1365.28125
outer_fold,fold4_seed15_P16_C1600_logistic_regression,4,15,16,1600,logistic_regression,fine,0.7117347682795229,0.6588672864310054,13.792666984722018,0.14087290596216917,0.6054805830546554,39,39,25600,137148,1365.28125
outer_fold,fold4_seed16_P16_C1600_logistic_regression,4,16,16,1600,logistic_regression,coarse,0.9853078426225683,0.9834320027369488,0.8267258489504457,0.03545344062149525,0.9757616060845817,5,5,25600,137148,1362.125
outer_fold,fold4_seed16_P16_C1600_logistic_regression,4,16,16,1600,logistic_regression,fine,0.7245822031673812,0.6388229600824947,13.310551468282938,0.28684221114963293,0.5861198931810878,39,39,25600,137148,1362.125
outer_fold,fold4_seed17_P16_C1600_logistic_regression,4,17,16,1600,logistic_regression,coarse,0.9920742555487503,0.9890801690922872,0.6754587963223457,0.036374425515532494,0.980363614190091,5,5,25600,137148,1357.2578125
outer_fold,fold4_seed17_P16_C1600_logistic_regression,4,17,16,1600,logistic_regression,fine,0.7219864671741476,0.6473951326727851,12.846091927029192,0.07433355506509542,0.5987013214257725,39,39,25600,137148,1357.2578125
outer_fold,fold4_seed18_P16_C1600_logistic_regression,4,18,16,1600,logistic_regression,coarse,0.9867879954501706,0.9843336257932312,0.6678748466074467,0.03740454185754061,0.9770017803294795,5,5,25600,137148,1359.9375
outer_fold,fold4_seed18_P16_C1600_logistic_regression,4,18,16,1600,logistic_regression,fine,0.7453043427538134,0.6523051003202346,13.674341462552547,0.07800024840980768,0.5822194258020402,39,39,25600,137148,1359.9375
outer_fold,fold4_seed19_P16_C1600_logistic_regression,4,19,16,1600,logistic_regression,coarse,0.9900837051943886,0.9873456599113519,0.5550001626834273,0.030233669094741344,0.9792838980381362,5,5,25600,137148,1357.78125
outer_fold,fold4_seed19_P16_C1600_logistic_regression,4,19,16,1600,logistic_regression,fine,0.749219820923382,0.6424607583773106,9.811267727054656,0.22226907406002283,0.6062271946156209,39,39,25600,137148,1357.78125
outer_fold,fold4_seed00_P32_C100_logistic_regression,4,0,32,100,logistic_regression,coarse,0.9933429579724093,0.985559816256996,0.04009075369685888,0.03653273079544306,0.9753396963376917,5,5,3200,137148,1353.08203125
outer_fold,fold4_seed00_P32_C100_logistic_regression,4,0,32,100,logistic_regression,fine,0.768461807682212,0.5911231700699319,0.4746249681338668,0.07624506019055843,0.5781865187356863,39,39,3200,137148,1353.08203125
outer_fold,fold4_seed01_P32_C100_logistic_regression,4,1,32,100,logistic_regression,coarse,0.9917534342462158,0.9867152973349274,0.04817031230777502,0.03847118467092514,0.9775822533012539,5,5,3200,137148,1355.3203125
outer_fold,fold4_seed01_P32_C100_logistic_regression,4,1,32,100,logistic_regression,fine,0.7552352203459037,0.5775085759164467,0.5475621689110994,0.0800654012709856,0.5724991907720983,39,38,3200,137148,1355.3203125
outer_fold,fold4_seed02_P32_C100_logistic_regression,4,2,32,100,logistic_regression,coarse,0.9906597252603028,0.9806766391699367,0.05622335337102413,0.03717029374092817,0.9790195877800805,5,5,3200,137148,1353.34375
outer_fold,fold4_seed02_P32_C100_logistic_regression,4,2,32,100,logistic_regression,fine,0.7632776270889842,0.5529154563969974,0.4891411364078522,0.07808203157037497,0.5552548537618579,39,37,3200,137148,1353.34375
outer_fold,fold4_seed03_P32_C100_logistic_regression,4,3,32,100,logistic_regression,coarse,0.9937075276343804,0.9840370864000629,0.03752399981021881,0.03801512438803911,0.974679387132443,5,5,3200,137148,1363.59765625
outer_fold,fold4_seed03_P32_C100_logistic_regression,4,3,32,100,logistic_regression,fine,0.7507874704698574,0.5556635131142954,0.5302471937611699,0.07626439817249775,0.5488139079741432,39,37,3200,137148,1363.59765625
outer_fold,fold4_seed04_P32_C100_logistic_regression,4,4,32,100,logistic_regression,coarse,0.9916586461341033,0.9878180205546272,0.04142768867313862,0.036714511923491955,0.9768902313200252,5,5,3200,137148,1374.66015625
outer_fold,fold4_seed04_P32_C100_logistic_regression,4,4,32,100,logistic_regression,fine,0.7547394056056231,0.5652778439407012,0.4373883670195937,0.07490128185600042,0.5629536024642557,39,37,3200,137148,1374.66015625
outer_fold,fold4_seed05_P32_C100_logistic_regression,4,5,32,100,logistic_regression,coarse,0.9921763350541022,0.9840581099186304,0.04049357399344444,0.03275642357766628,0.9789940056506264,5,5,3200,137148,1356.046875
outer_fold,fold4_seed05_P32_C100_logistic_regression,4,5,32,100,logistic_regression,fine,0.7682795228512264,0.5584425193249428,0.29782132897526026,0.06303538102656603,0.5636761040186683,39,37,3200,137148,1356.046875
outer_fold,fold4_seed06_P32_C100_logistic_regression,4,6,32,100,logistic_regression,coarse,0.9929273485577624,0.9845623138275703,0.04738790448755026,0.04294672515243292,0.9766462978272576,5,5,3200,137148,1363.7734375
outer_fold,fold4_seed06_P32_C100_logistic_regression,4,6,32,100,logistic_regression,fine,0.769453437162773,0.5546163691779586,0.46245124749839306,0.26915395725518465,0.549533602827786,39,36,3200,137148,1363.7734375
outer_fold,fold4_seed07_P32_C100_logistic_regression,4,7,32,100,logistic_regression,coarse,0.9892160293988975,0.9865244394961643,0.054624415934085846,0.036716585978865623,0.9735295084800137,5,5,3200,137148,1322.80859375
outer_fold,fold4_seed07_P32_C100_logistic_regression,4,7,32,100,logistic_regression,fine,0.7472511447487385,0.5537843311049634,0.39773133117705584,0.07173409592360258,0.5382883836525032,39,37,3200,137148,1322.80859375
outer_fold,fold4_seed08_P32_C100_logistic_regression,4,8,32,100,logistic_regression,coarse,0.9887056318721381,0.9722646906021163,0.06942881364375353,0.03801032714545727,0.9697804964741401,5,5,3200,137148,1356.4609375
outer_fold,fold4_seed08_P32_C100_logistic_regression,4,8,32,100,logistic_regression,fine,0.7638098987954618,0.549492247266612,0.4427263541147113,0.07219007611274719,0.5447653082253443,39,36,3200,137148,1356.4609375
outer_fold,fold4_seed09_P32_C100_logistic_regression,4,9,32,100,logistic_regression,coarse,0.9920159244028349,0.9867394861548429,0.042256664484739304,0.03649578616023064,0.9817726596863501,5,5,3200,137148,1332.53515625
outer_fold,fold4_seed09_P32_C100_logistic_regression,4,9,32,100,logistic_regression,fine,0.7732376702540321,0.5740513016707707,0.46425648126751184,0.07925712503492832,0.578582350114615,39,39,3200,137148,1332.53515625
outer_fold,fold4_seed10_P32_C100_logistic_regression,4,10,32,100,logistic_regression,coarse,0.9901493277335434,0.9823880105196754,0.053344606421887875,0.03641331382095814,0.9729258931415204,5,5,3200,137148,1375.71875
outer_fold,fold4_seed10_P32_C100_logistic_regression,4,10,32,100,logistic_regression,fine,0.7617464345087059,0.5411959948053197,0.4929520348086953,0.07284340169280767,0.55097895954329,39,38,3200,137148,1375.71875
outer_fold,fold4_seed11_P32_C100_logistic_regression,4,11,32,100,logistic_regression,coarse,0.9897774666783329,0.979142817923863,0.03637469559907913,0.03231637738645077,0.9756115666281155,5,5,3200,137148,1365.28125
outer_fold,fold4_seed11_P32_C100_logistic_regression,4,11,32,100,logistic_regression,fine,0.770459649429813,0.5385590247733546,0.28933538123965263,0.05924581456929445,0.5362614657154151,39,38,3200,137148,1365.28125
outer_fold,fold4_seed12_P32_C100_logistic_regression,4,12,32,100,logistic_regression,coarse,0.9910753346749497,0.9843055663055349,0.0382047975435853,0.030064886435866356,0.9793709671890177,5,5,3200,137148,1362.125
outer_fold,fold4_seed12_P32_C100_logistic_regression,4,12,32,100,logistic_regression,fine,0.7630734680782804,0.5606040460377658,0.30593672301620245,0.21595281548798084,0.5577041100208091,39,38,3200,137148,1362.125
outer_fold,fold4_seed13_P32_C100_logistic_regression,4,13,32,100,logistic_regression,coarse,0.987575465920028,0.9808057706915155,0.05517025105655193,0.036177520640194416,0.9679797005085305,5,5,3200,137148,1357.2578125
outer_fold,fold4_seed13_P32_C100_logistic_regression,4,13,32,100,logistic_regression,fine,0.765355674162219,0.5760492380052599,0.4210984716191888,0.07199956104159355,0.5457204967056472,39,38,3200,137148,1357.2578125
outer_fold,fold4_seed14_P32_C100_logistic_regression,4,14,32,100,logistic_regression,coarse,0.9882098171318575,0.9834639864825647,0.0855612950399518,0.0357845239341259,0.9749159871460866,5,5,3200,137148,1359.9375
outer_fold,fold4_seed14_P32_C100_logistic_regression,4,14,32,100,logistic_regression,fine,0.7580496981363198,0.590539683866038,0.4388583917170763,0.07359003461897373,0.5679992063589842,39,38,3200,137148,1359.9375
outer_fold,fold4_seed15_P32_C100_logistic_regression,4,15,32,100,logistic_regression,coarse,0.9915638580219909,0.988241717560092,0.048731750808656216,0.046259962022304535,0.978596850903649,5,5,3200,137148,1357.78125
outer_fold,fold4_seed15_P32_C100_logistic_regression,4,15,32,100,logistic_regression,fine,0.7490229533059177,0.5745113813215126,0.5047061303630471,0.2570717139169574,0.5630072343481043,39,38,3200,137148,1357.78125
outer_fold,fold4_seed16_P32_C100_logistic_regression,4,16,32,100,logistic_regression,coarse,0.9890702015341092,0.9759710984259737,0.04320442024618387,0.036636476404964924,0.974476046805789,5,5,3200,137148,1353.08203125
outer_fold,fold4_seed16_P32_C100_logistic_regression,4,16,32,100,logistic_regression,fine,0.7607839706011025,0.5677110427333926,0.4580608243122697,0.07246884237974882,0.5739868238901504,39,39,3200,137148,1353.08203125
outer_fold,fold4_seed17_P32_C100_logistic_regression,4,17,32,100,logistic_regression,coarse,0.9925190305363549,0.9839231997283144,0.047527583315968513,0.03794455900788307,0.9740648980517248,5,5,3200,137148,1355.3203125
outer_fold,fold4_seed17_P32_C100_logistic_regression,4,17,32,100,logistic_regression,fine,0.7680607810540439,0.5517533505359135,0.4311325177550316,0.08056831173598766,0.5626584646411655,39,38,3200,137148,1355.3203125
outer_fold,fold4_seed18_P32_C100_logistic_regression,4,18,32,100,logistic_regression,coarse,0.9912284539329775,0.98477368067859,0.06765242293477058,0.03856215998530388,0.9778119642769549,5,5,3200,137148,1353.34375
outer_fold,fold4_seed18_P32_C100_logistic_regression,4,18,32,100,logistic_regression,fine,0.7723699944585412,0.5623743629807292,0.45216123666614294,0.07651195675134659,0.5622631106210613,39,37,3200,137148,1353.34375
outer_fold,fold4_seed19_P32_C100_logistic_regression,4,19,32,100,logistic_regression,coarse,0.9884723072884767,0.9792275859971786,0.0617506830021739,0.03555647376924753,0.9742365764755252,5,5,3200,137148,1363.59765625
outer_fold,fold4_seed19_P32_C100_logistic_regression,4,19,32,100,logistic_regression,fine,0.7610318779712427,0.5528926738197802,0.42413901910185814,0.07270377315580845,0.553942160850334,39,37,3200,137148,1363.59765625
outer_fold,fold4_seed00_P32_C200_logistic_regression,4,0,32,200,logistic_regression,coarse,0.9928763088050865,0.9870461931728611,0.0782855348661542,0.03762086480855942,0.9771363043304897,5,5,6400,137148,1374.66015625
outer_fold,fold4_seed00_P32_C200_logistic_regression,4,0,32,200,logistic_regression,fine,0.759857963659696,0.6105371464608106,1.5463949674740434,0.07625804748386145,0.5950056213707604,39,39,6400,137148,1374.66015625
outer_fold,fold4_seed01_P32_C200_logistic_regression,4,1,32,200,logistic_regression,coarse,0.9918336395718493,0.9844947990171622,0.0593250822275877,0.02920722682029009,0.9778330457253546,5,5,6400,137148,1356.046875
outer_fold,fold4_seed01_P32_C200_logistic_regression,4,1,32,200,logistic_regression,fine,0.7407690961588941,0.5989701706858183,1.392775564454496,0.0739803072065115,0.5871742655725287,39,38,6400,137148,1356.046875
outer_fold,fold4_seed02_P32_C200_logistic_regression,4,2,32,200,logistic_regression,coarse,0.9872181876512964,0.9830007713920104,0.11712414678186178,0.0412747198715806,0.9681764306795128,5,5,6400,137148,1363.7734375
outer_fold,fold4_seed02_P32_C200_logistic_regression,4,2,32,200,logistic_regression,fine,0.7560153994225216,0.5856691564129369,1.7489351043477654,0.5090962126851082,0.5721037174402973,39,38,6400,137148,1363.7734375
outer_fold,fold4_seed03_P32_C200_logistic_regression,4,3,32,200,logistic_regression,coarse,0.9897555924986147,0.985718988954314,0.09227685909718275,0.03694642893970013,0.9739905340722249,5,5,6400,137148,1322.80859375
outer_fold,fold4_seed03_P32_C200_logistic_regression,4,3,32,200,logistic_regression,fine,0.751822848309855,0.5786509654686239,1.5070858905091882,0.07018827740103006,0.5633212574950708,39,38,6400,137148,1322.80859375
outer_fold,fold4_seed04_P32_C200_logistic_regression,4,4,32,200,logistic_regression,coarse,0.991775308425934,0.9889017375425115,0.0992053896188736,0.03560061939060688,0.9801798145529406,5,5,6400,137148,1356.4609375
outer_fold,fold4_seed04_P32_C200_logistic_regression,4,4,32,200,logistic_regression,fine,0.7451293493160673,0.5949663591939736,1.7105666119605303,0.07733740005642176,0.5796873692854978,39,38,6400,137148,1356.4609375
outer_fold,fold4_seed05_P32_C200_logistic_regression,4,5,32,200,logistic_regression,coarse,0.9890556187476303,0.9831527626335068,0.10623510368168354,0.03709715325385332,0.9765722083470123,5,5,6400,137148,1332.53515625
outer_fold,fold4_seed05_P32_C200_logistic_regression,4,5,32,200,logistic_regression,fine,0.7437439846005774,0.5990424498114666,1.5190985416993499,0.0751188974827528,0.5887757659235847,39,39,6400,137148,1332.53515625
outer_fold,fold4_seed06_P32_C200_logistic_regression,4,6,32,200,logistic_regression,coarse,0.9917680170326946,0.9849872945228588,0.10178710427135229,0.03803154919296503,0.9779088048874266,5,5,6400,137148,1375.71875
outer_fold,fold4_seed06_P32_C200_logistic_regression,4,6,32,200,logistic_regression,fine,0.7502479073701402,0.5767747726228803,1.6310818772763014,0.06719870492815971,0.5616957451071521,39,36,6400,137148,1375.71875
outer_fold,fold4_seed07_P32_C200_logistic_regression,4,7,32,200,logistic_regression,coarse,0.9868317438096071,0.9828911902365508,0.06601796299219131,0.03914343845099211,0.9738519902661092,5,5,6400,137148,1365.28125
outer_fold,fold4_seed07_P32_C200_logistic_regression,4,7,32,200,logistic_regression,fine,0.7316475632163794,0.5720084816799027,1.0951910987496376,0.06344179809093475,0.5490110910453961,39,38,6400,137148,1365.28125
outer_fold,fold4_seed08_P32_C200_logistic_regression,4,8,32,200,logistic_regression,coarse,0.9880712806603086,0.9804998642451974,0.09610764682292938,0.04261839669197798,0.9691695461939395,5,5,6400,137148,1362.125
outer_fold,fold4_seed08_P32_C200_logistic_regression,4,8,32,200,logistic_regression,fine,0.7441741768017033,0.579270234992194,1.49495055899024,0.3343409514054656,0.5629485157371511,39,37,6400,137148,1362.125
outer_fold,fold4_seed09_P32_C200_logistic_regression,4,9,32,200,logistic_regression,coarse,0.9895295593081926,0.9858712967328683,0.09348742570728064,0.03886887803673744,0.9782269685329317,5,5,6400,137148,1357.2578125
outer_fold,fold4_seed09_P32_C200_logistic_regression,4,9,32,200,logistic_regression,fine,0.7625557791582815,0.5875238631130055,1.544717482291162,0.07806035969406366,0.5862188896505509,39,39,6400,137148,1357.2578125
outer_fold,fold4_seed10_P32_C200_logistic_regression,4,10,32,200,logistic_regression,coarse,0.9871161081459445,0.9833774841042653,0.12222527246922255,0.03754776623100042,0.9748687265170826,5,5,6400,137148,1359.9375
outer_fold,fold4_seed10_P32_C200_logistic_regression,4,10,32,200,logistic_regression,fine,0.7485052643859189,0.5736115914852784,1.3086538771167397,0.0780851449817419,0.5712155188690213,39,38,6400,137148,1359.9375
outer_fold,fold4_seed11_P32_C200_logistic_regression,4,11,32,200,logistic_regression,coarse,0.9888514597369266,0.9846697556271338,0.08350786007940769,0.03985378798097372,0.9762169464470954,5,5,6400,137148,1357.78125
outer_fold,fold4_seed11_P32_C200_logistic_regression,4,11,32,200,logistic_regression,fine,0.7524134511622481,0.5766623852991233,1.0638070041313767,0.4852839596569538,0.5631484100833276,39,39,6400,137148,1357.78125
outer_fold,fold4_seed12_P32_C200_logistic_regression,4,12,32,200,logistic_regression,coarse,0.9882316913115758,0.9839586899985522,0.11420860607177019,0.036469707265496254,0.9758350883803238,5,5,6400,137148,1353.08203125
outer_fold,fold4_seed12_P32_C200_logistic_regression,4,12,32,200,logistic_regression,fine,0.7588080030332196,0.5871128348808129,1.062764499336481,0.07277543935924768,0.5789606970442684,39,39,6400,137148,1353.08203125
outer_fold,fold4_seed13_P32_C200_logistic_regression,4,13,32,200,logistic_regression,coarse,0.9864890483273544,0.9818203891400099,0.12782388925552368,0.0377265140414238,0.9640801383922184,5,5,6400,137148,1355.3203125
outer_fold,fold4_seed13_P32_C200_logistic_regression,4,13,32,200,logistic_regression,fine,0.7513634905357716,0.5969726794207985,1.5688155433163047,0.0823344187811017,0.5665990810349092,39,39,6400,137148,1355.3203125
outer_fold,fold4_seed14_P32_C200_logistic_regression,4,14,32,200,logistic_regression,coarse,0.9862338495639746,0.984335340689201,0.1453400244936347,0.037302480079233646,0.9771976375355773,5,5,6400,137148,1353.34375
outer_fold,fold4_seed14_P32_C200_logistic_regression,4,14,32,200,logistic_regression,fine,0.760135036602794,0.6070775308647688,1.4235803047195077,0.083341502584517,0.5910128271536943,39,39,6400,137148,1353.34375
outer_fold,fold4_seed15_P32_C200_logistic_regression,4,15,32,200,logistic_regression,coarse,0.9899743342957973,0.987965429691673,0.0897738030180335,0.03747220430523157,0.977095138614051,5,5,6400,137148,1363.59765625
outer_fold,fold4_seed15_P32_C200_logistic_regression,4,15,32,200,logistic_regression,fine,0.7466313763233878,0.5936536450935672,1.346835371106863,0.083102704025805,0.5704880667809673,39,38,6400,137148,1363.59765625
outer_fold,fold4_seed16_P32_C200_logistic_regression,4,16,32,200,logistic_regression,coarse,0.9902878642050923,0.9795548392640118,0.0892302617430687,0.0363968787714839,0.9742531279130023,5,5,6400,137148,1374.66015625
outer_fold,fold4_seed16_P32_C200_logistic_regression,4,16,32,200,logistic_regression,fine,0.742730480940298,0.6004125740681139,1.3958118660375476,0.07702423259615898,0.5856439184746741,39,39,6400,137148,1374.66015625
outer_fold,fold4_seed17_P32_C200_logistic_regression,4,17,32,200,logistic_regression,coarse,0.9928908915915653,0.9864724412558022,0.10091547388583422,0.040869204327464104,0.9787470370636576,5,5,6400,137148,1356.046875
outer_fold,fold4_seed17_P32_C200_logistic_regression,4,17,32,200,logistic_regression,fine,0.7557893662320996,0.5893624229980284,1.2561356369405985,0.07475646678358316,0.5842078601150821,39,38,6400,137148,1356.046875
outer_fold,fold4_seed18_P32_C200_logistic_regression,4,18,32,200,logistic_regression,coarse,0.9910461691019921,0.9832132805207348,0.11927254404872656,0.03858882002532482,0.9762108004193086,5,5,6400,137148,1363.7734375
outer_fold,fold4_seed18_P32_C200_logistic_regression,4,18,32,200,logistic_regression,fine,0.7667993700236241,0.5935923267567157,1.4742629891261458,0.38527241442352533,0.5834351022041322,39,38,6400,137148,1363.7734375
outer_fold,fold4_seed19_P32_C200_logistic_regression,4,19,32,200,logistic_regression,coarse,0.9895805990608686,0.984009779740435,0.09762676525861025,0.03670055139809847,0.9743140247785164,5,5,6400,137148,1322.80859375
outer_fold,fold4_seed19_P32_C200_logistic_regression,4,19,32,200,logistic_regression,fine,0.7527998950039374,0.5779310772104608,1.5794230056926608,0.07040184736251831,0.5681776441818028,39,38,6400,137148,1322.80859375
outer_fold,fold4_seed00_P32_C400_logistic_regression,4,0,32,400,logistic_regression,coarse,0.9911482486073439,0.9858286993887747,0.19357679598033428,0.03740635607391596,0.9791456223839898,5,5,12800,137148,1356.4609375
outer_fold,fold4_seed00_P32_C400_logistic_regression,4,0,32,400,logistic_regression,fine,0.7290445358299064,0.6244123551035585,5.318489502184093,0.08289007749408484,0.5940957505050013,39,39,12800,137148,1356.4609375
outer_fold,fold4_seed01_P32_C400_logistic_regression,4,1,32,400,logistic_regression,coarse,0.990681599440021,0.9879425624513049,0.2714239154011011,0.034946163184940815,0.975369573462241,5,5,12800,137148,1332.53515625
outer_fold,fold4_seed01_P32_C400_logistic_regression,4,1,32,400,logistic_regression,fine,0.7208854667949952,0.6283986897495327,5.334345906972885,0.07693013083189726,0.5970987323970011,39,38,12800,137148,1332.53515625
outer_fold,fold4_seed02_P32_C400_logistic_regression,4,2,32,400,logistic_regression,coarse,0.9895295593081926,0.9854463157254519,0.33745627012103796,0.03797356318682432,0.9713548567509817,5,5,12800,137148,1375.71875
outer_fold,fold4_seed02_P32_C400_logistic_regression,4,2,32,400,logistic_regression,fine,0.7383702277831248,0.6232200536756404,3.830529865808785,0.05984699260443449,0.5895703485271552,39,39,12800,137148,1375.71875
outer_fold,fold4_seed03_P32_C400_logistic_regression,4,3,32,400,logistic_regression,coarse,0.9879619097617173,0.9842777285498812,0.20609681494534016,0.03590047638863325,0.973114059070775,5,5,12800,137148,1365.28125
outer_fold,fold4_seed03_P32_C400_logistic_regression,4,3,32,400,logistic_regression,fine,0.7212208708840085,0.617655669097114,3.9237206131219864,0.06376529950648546,0.5844336777311974,39,39,12800,137148,1365.28125
outer_fold,fold4_seed04_P32_C400_logistic_regression,4,4,32,400,logistic_regression,coarse,0.9894712281622773,0.9893136764178653,0.38815944362431765,0.04338989779353142,0.9770437602974497,5,5,12800,137148,1362.125
outer_fold,fold4_seed04_P32_C400_logistic_regression,4,4,32,400,logistic_regression,fine,0.7232843351707644,0.6232830997614729,5.363493490964174,0.17583855893462896,0.5869966713662136,39,39,12800,137148,1362.125
outer_fold,fold4_seed05_P32_C400_logistic_regression,4,5,32,400,logistic_regression,coarse,0.991410738763963,0.9872623848689754,0.30282107181847095,0.03954030107706785,0.9794078400285194,5,5,12800,137148,1357.2578125
outer_fold,fold4_seed05_P32_C400_logistic_regression,4,5,32,400,logistic_regression,fine,0.7213229503893605,0.6316024363328027,5.312960544601083,0.07716325856745243,0.5995680737854889,39,39,12800,137148,1357.2578125
outer_fold,fold4_seed06_P32_C400_logistic_regression,4,6,32,400,logistic_regression,coarse,0.9913596990112871,0.9863015578207431,0.2331027453765273,0.03800050262361765,0.9766011039179556,5,5,12800,137148,1359.9375
outer_fold,fold4_seed06_P32_C400_logistic_regression,4,6,32,400,logistic_regression,fine,0.7289132907515968,0.6145870968142609,5.645763619802892,0.07844558265060186,0.5829762780754101,39,38,12800,137148,1359.9375
outer_fold,fold4_seed07_P32_C400_logistic_regression,4,7,32,400,logistic_regression,coarse,0.9885525126141103,0.9871274111440602,0.21119034755975008,0.036386813037097454,0.9736841479005658,5,5,12800,137148,1357.78125
outer_fold,fold4_seed07_P32_C400_logistic_regression,4,7,32,400,logistic_regression,fine,0.7182313996558463,0.5967036301416906,4.250385929830372,0.07191653735935688,0.5590348986288318,39,39,12800,137148,1357.78125
outer_fold,fold4_seed08_P32_C400_logistic_regression,4,8,32,400,logistic_regression,coarse,0.9893691486569254,0.9849244159686423,0.2864529099315405,0.03553975000977516,0.9761538607189412,5,5,12800,137148,1353.08203125
outer_fold,fold4_seed08_P32_C400_logistic_regression,4,8,32,400,logistic_regression,fine,0.7298174235132849,0.6145982553638882,4.741124912165105,0.08286857511848211,0.5738468920121192,39,38,12800,137148,1353.08203125
outer_fold,fold4_seed09_P32_C400_logistic_regression,4,9,32,400,logistic_regression,coarse,0.9895295593081926,0.9855508513183532,0.3138442160561681,0.03587445802986622,0.9834913718027382,5,5,12800,137148,1355.3203125
outer_fold,fold4_seed09_P32_C400_logistic_regression,4,9,32,400,logistic_regression,fine,0.737940035581999,0.6216643870467276,5.615870018489659,0.07951687183231115,0.5964387414363022,39,39,12800,137148,1355.3203125
outer_fold,fold4_seed10_P32_C400_logistic_regression,4,10,32,400,logistic_regression,coarse,0.9893691486569254,0.9859656930137632,0.267506648786366,0.03797455411404371,0.980966044607111,5,5,12800,137148,1353.34375
outer_fold,fold4_seed10_P32_C400_logistic_regression,4,10,32,400,logistic_regression,fine,0.7387129232653775,0.603201606512781,5.233518862165511,0.08051613345742226,0.5814820562653958,39,38,12800,137148,1353.34375
outer_fold,fold4_seed11_P32_C400_logistic_regression,4,11,32,400,logistic_regression,coarse,0.9879837839414355,0.9812914583669319,0.2711977893486619,0.0358727453276515,0.9752555473712239,5,5,12800,137148,1363.59765625
outer_fold,fold4_seed11_P32_C400_logistic_regression,4,11,32,400,logistic_regression,fine,0.7402295330591769,0.6177556357182562,4.5255355993285775,0.08147503528743982,0.5867106898434798,39,39,12800,137148,1363.59765625
outer_fold,fold4_seed12_P32_C400_logistic_regression,4,12,32,400,logistic_regression,coarse,0.9891139498935456,0.9854528881699756,0.297175794839859,0.03813173808157444,0.9781270269250628,5,5,12800,137148,1374.66015625
outer_fold,fold4_seed12_P32_C400_logistic_regression,4,12,32,400,logistic_regression,fine,0.7373567241228454,0.6209082865294266,4.672270638868213,0.0835270881652832,0.5981712463859332,39,39,12800,137148,1374.66015625
outer_fold,fold4_seed13_P32_C400_logistic_regression,4,13,32,400,logistic_regression,coarse,0.9862411409572142,0.9846482681846587,0.2255322951823473,0.03649957198649645,0.9685567636214529,5,5,12800,137148,1356.046875
outer_fold,fold4_seed13_P32_C400_logistic_regression,4,13,32,400,logistic_regression,fine,0.7324714906524339,0.6284860764534962,3.8651797994971275,0.07288733776658773,0.5837677246761164,39,39,12800,137148,1356.046875
outer_fold,fold4_seed14_P32_C400_logistic_regression,4,14,32,400,logistic_regression,coarse,0.9895514334879109,0.9863599828213205,0.3176888460293412,0.04141025152057409,0.9783532890026615,5,5,12800,137148,1363.7734375
outer_fold,fold4_seed14_P32_C400_logistic_regression,4,14,32,400,logistic_regression,fine,0.7360151077667921,0.6377846264591754,5.628001163713634,0.5444130189716816,0.5946525809326739,39,39,12800,137148,1363.7734375
outer_fold,fold4_seed15_P32_C400_logistic_regression,4,15,32,400,logistic_regression,coarse,0.9889024994896025,0.9873687654616585,0.28572353161871433,0.03704928234219551,0.979023282669969,5,5,12800,137148,1322.80859375
outer_fold,fold4_seed15_P32_C400_logistic_regression,4,15,32,400,logistic_regression,fine,0.7242030507189313,0.6274861862602843,5.010775724425912,0.077363146468997,0.5948352358683561,39,39,12800,137148,1322.80859375
outer_fold,fold4_seed16_P32_C400_logistic_regression,4,16,32,400,logistic_regression,coarse,0.9894785195555167,0.983980138920224,0.30046122893691063,0.03658866509795189,0.9808930866396514,5,5,12800,137148,1356.4609375
outer_fold,fold4_seed16_P32_C400_logistic_regression,4,16,32,400,logistic_regression,fine,0.7287237145273718,0.6314182322690655,5.40761230327189,0.0825515016913414,0.6037386979678073,39,39,12800,137148,1356.4609375
outer_fold,fold4_seed17_P32_C400_logistic_regression,4,17,32,400,logistic_regression,coarse,0.9896972613526993,0.9868080801403343,0.24744595494121313,0.037208469584584236,0.9785093694753717,5,5,12800,137148,1332.53515625
outer_fold,fold4_seed17_P32_C400_logistic_regression,4,17,32,400,logistic_regression,fine,0.7263758859042786,0.6160537977675611,5.0182926338166,0.08067509066313505,0.5919253704385182,39,39,12800,137148,1332.53515625
outer_fold,fold4_seed18_P32_C400_logistic_regression,4,18,32,400,logistic_regression,coarse,0.986569253652988,0.9821984999143373,0.19730940833687782,0.0285637266933918,0.9756079082751399,5,5,12800,137148,1375.71875
outer_fold,fold4_seed18_P32_C400_logistic_regression,4,18,32,400,logistic_regression,fine,0.7446991571149415,0.6097033641433972,3.246273915283382,0.05544306803494692,0.5788196335428509,39,38,12800,137148,1375.71875
outer_fold,fold4_seed19_P32_C400_logistic_regression,4,19,32,400,logistic_regression,coarse,0.9893399830839676,0.9862305535466387,0.27345100324600935,0.04308297950774431,0.98207907818297,5,5,12800,137148,1365.28125
outer_fold,fold4_seed19_P32_C400_logistic_regression,4,19,32,400,logistic_regression,fine,0.7385598040073498,0.5926151722541514,5.650573235936463,0.07779436092823744,0.5680256437886114,39,39,12800,137148,1365.28125
outer_fold,fold4_seed00_P32_C800_logistic_regression,4,0,32,800,logistic_regression,coarse,0.9925773616822703,0.9884803094332952,0.4518105247989297,0.03088477998971939,0.9818770714523298,5,5,25600,137148,1362.125
outer_fold,fold4_seed00_P32_C800_logistic_regression,4,0,32,800,logistic_regression,fine,0.7064995479336191,0.6574599151914163,12.269865674898028,0.44643644243478775,0.6021480561765752,39,39,25600,137148,1362.125
outer_fold,fold4_seed01_P32_C800_logistic_regression,4,1,32,800,logistic_regression,coarse,0.9905722285414297,0.9882182772151211,0.7122103944420815,0.03524615988135338,0.9790590382781488,5,5,25600,137148,1357.2578125
outer_fold,fold4_seed01_P32_C800_logistic_regression,4,1,32,800,logistic_regression,fine,0.7259384023099134,0.6576713137449919,15.482835039496422,0.07959512900561094,0.616765431348803,39,39,25600,137148,1357.2578125
outer_fold,fold4_seed02_P32_C800_logistic_regression,4,2,32,800,logistic_regression,coarse,0.9917242686732581,0.9876888955256625,0.6909932643175125,0.037577650509774685,0.9752800026712706,5,5,25600,137148,1359.9375
outer_fold,fold4_seed02_P32_C800_logistic_regression,4,2,32,800,logistic_regression,fine,0.7239405605623123,0.6700292730576625,13.409398555755615,0.08316737040877342,0.615314140396558,39,39,25600,137148,1359.9375
outer_fold,fold4_seed03_P32_C800_logistic_regression,4,3,32,800,logistic_regression,coarse,0.9910753346749497,0.9882824295217276,0.5983702605590224,0.036865527741611004,0.9794606701843007,5,5,25600,137148,1357.78125
outer_fold,fold4_seed03_P32_C800_logistic_regression,4,3,32,800,logistic_regression,fine,0.7171960218158486,0.6687777713123285,13.387847131118178,0.39955183025449514,0.6160494423706658,39,39,25600,137148,1357.78125
outer_fold,fold4_seed04_P32_C800_logistic_regression,4,4,32,800,logistic_regression,coarse,0.9918846793245253,0.9893567384052776,0.5420344891026616,0.03563317935913801,0.9778328083698051,5,5,25600,137148,1353.08203125
outer_fold,fold4_seed04_P32_C800_logistic_regression,4,4,32,800,logistic_regression,fine,0.7132440866800829,0.6456520723223551,13.21631520986557,0.07408931106328964,0.6055952845017964,39,39,25600,137148,1353.08203125
outer_fold,fold4_seed05_P32_C800_logistic_regression,4,5,32,800,logistic_regression,coarse,0.9927377723335374,0.9903584120044634,0.5803517829626799,0.03569448087364435,0.9806410856955656,5,5,25600,137148,1355.3203125
outer_fold,fold4_seed05_P32_C800_logistic_regression,4,5,32,800,logistic_regression,fine,0.7168460349403564,0.6611615656516678,13.057250282727182,0.08010143507272005,0.6091973682157373,39,39,25600,137148,1355.3203125
outer_fold,fold4_seed06_P32_C800_logistic_regression,4,6,32,800,logistic_regression,coarse,0.9919430104704406,0.9865212607774302,0.6398645266890526,0.03818892315030098,0.979213759677849,5,5,25600,137148,1353.34375
outer_fold,fold4_seed06_P32_C800_logistic_regression,4,6,32,800,logistic_regression,fine,0.7214833610406276,0.6419404935368562,12.23671910725534,0.08113841339945793,0.5930655095642293,39,39,25600,137148,1353.34375
outer_fold,fold4_seed07_P32_C800_logistic_regression,4,7,32,800,logistic_regression,coarse,0.9899305859363607,0.9871236186731303,0.677304832264781,0.037115391343832016,0.9767909341944223,5,5,25600,137148,1363.59765625
outer_fold,fold4_seed07_P32_C800_logistic_regression,4,7,32,800,logistic_regression,fine,0.6987706710998337,0.6613538139005075,11.679431363008916,0.08427867107093334,0.6036806694514746,39,39,25600,137148,1363.59765625
outer_fold,fold4_seed08_P32_C800_logistic_regression,4,8,32,800,logistic_regression,coarse,0.9918044739988917,0.986115188640578,0.7180959992110729,0.03631340432912111,0.9791754164366164,5,5,25600,137148,1374.66015625
outer_fold,fold4_seed08_P32_C800_logistic_regression,4,8,32,800,logistic_regression,fine,0.7129305567707878,0.657601268996722,12.821915121749043,0.07858844567090273,0.6028991944480637,39,38,25600,137148,1374.66015625
outer_fold,fold4_seed09_P32_C800_logistic_regression,4,9,32,800,logistic_regression,coarse,0.9907763875521335,0.9873267691823393,0.6182851558551192,0.04599366243928671,0.983266630357682,5,5,25600,137148,1356.046875
outer_fold,fold4_seed09_P32_C800_logistic_regression,4,9,32,800,logistic_regression,fine,0.7292851518068072,0.6454024110174833,11.34066410921514,0.08120070584118366,0.5964878177203458,39,39,25600,137148,1356.046875
outer_fold,fold4_seed10_P32_C800_logistic_regression,4,10,32,800,logistic_regression,coarse,0.989347274477207,0.9867276989899014,0.7749884724617004,0.03867806401103735,0.9712327191789416,5,5,25600,137148,1363.7734375
outer_fold,fold4_seed10_P32_C800_logistic_regression,4,10,32,800,logistic_regression,fine,0.7356140811386239,0.6522540715998806,10.897687934339046,0.4824205255135894,0.607817692458625,39,39,25600,137148,1363.7734375
outer_fold,fold4_seed11_P32_C800_logistic_regression,4,11,32,800,logistic_regression,coarse,0.989172281039461,0.9854955827633585,0.6954492563381791,0.036514715291559696,0.9749931408305235,5,5,25600,137148,1322.80859375
outer_fold,fold4_seed11_P32_C800_logistic_regression,4,11,32,800,logistic_regression,fine,0.7301819931752559,0.6504739219572615,12.132934489287436,0.07732454873621464,0.5966097574420083,39,39,25600,137148,1322.80859375
outer_fold,fold4_seed12_P32_C800_logistic_regression,4,12,32,800,logistic_regression,coarse,0.9916221891679062,0.9894368302736822,0.7372250445187092,0.03625149093568325,0.9830026625439142,5,5,25600,137148,1356.4609375
outer_fold,fold4_seed12_P32_C800_logistic_regression,4,12,32,800,logistic_regression,fine,0.7462303496952197,0.670453664272093,12.948663359507918,0.0766071593388915,0.6318005423626318,39,39,25600,137148,1356.4609375
outer_fold,fold4_seed13_P32_C800_logistic_regression,4,13,32,800,logistic_regression,coarse,0.988946247849039,0.9861454460565028,0.7442561481148005,0.03478776663541794,0.9729769190619457,5,5,25600,137148,1332.53515625
outer_fold,fold4_seed13_P32_C800_logistic_regression,4,13,32,800,logistic_regression,fine,0.7020736722372911,0.6618769508451648,13.083016005344689,0.0784531245008111,0.6047767053628097,39,39,25600,137148,1332.53515625
outer_fold,fold4_seed14_P32_C800_logistic_regression,4,14,32,800,logistic_regression,coarse,0.9912649108991746,0.9877418367937663,0.44869174901396036,0.02813889179378748,0.9802788617247836,5,5,25600,137148,1375.71875
outer_fold,fold4_seed14_P32_C800_logistic_regression,4,14,32,800,logistic_regression,fine,0.7181439029369732,0.6654815995432849,10.842708496376872,0.058499040082097054,0.6012152809144554,39,39,25600,137148,1375.71875
outer_fold,fold4_seed15_P32_C800_logistic_regression,4,15,32,800,logistic_regression,coarse,0.990368069530726,0.9873514753314334,0.7211151774972677,0.044309720396995544,0.9821458883185196,5,5,25600,137148,1365.28125
outer_fold,fold4_seed15_P32_C800_logistic_regression,4,15,32,800,logistic_regression,fine,0.7221031294659783,0.6580568788037406,12.869004379957914,0.08135243318974972,0.6096811550864997,39,39,25600,137148,1365.28125
outer_fold,fold4_seed16_P32_C800_logistic_regression,4,16,32,800,logistic_regression,coarse,0.9914909440895966,0.9863121331566962,0.7271660305559635,0.04379468131810427,0.9812258990728017,5,5,25600,137148,1362.125
outer_fold,fold4_seed16_P32_C800_logistic_regression,4,16,32,800,logistic_regression,fine,0.7251436404468166,0.6744862657786911,12.779229652136564,0.07758553978055716,0.6188775342498918,39,39,25600,137148,1362.125
outer_fold,fold4_seed17_P32_C800_logistic_regression,4,17,32,800,logistic_regression,coarse,0.9909295068101612,0.9876710618525133,0.5338109824806452,0.035143197514116764,0.9791118321041724,5,5,25600,137148,1357.2578125
outer_fold,fold4_seed17_P32_C800_logistic_regression,4,17,32,800,logistic_regression,fine,0.7098973371831889,0.6588934197904934,14.62437269371003,0.07932615838944912,0.6112320632489227,39,39,25600,137148,1357.2578125
outer_fold,fold4_seed18_P32_C800_logistic_regression,4,18,32,800,logistic_regression,coarse,0.9904920232157961,0.9860447198662113,0.6594346193596721,0.03721874486654997,0.9811742140699431,5,5,25600,137148,1359.9375
outer_fold,fold4_seed18_P32_C800_logistic_regression,4,18,32,800,logistic_regression,fine,0.7330475107183481,0.650230577482641,14.447646571323276,0.08055366948246956,0.6028287826667658,39,39,25600,137148,1359.9375
outer_fold,fold4_seed19_P32_C800_logistic_regression,4,19,32,800,logistic_regression,coarse,0.9920669641555109,0.9862936490400023,0.8078065207228065,0.036340425722301006,0.9821931106342909,5,5,25600,137148,1357.78125
outer_fold,fold4_seed19_P32_C800_logistic_regression,4,19,32,800,logistic_regression,fine,0.7331350074372212,0.6403438890821822,13.112232321873307,0.08000331930816174,0.599182695933143,39,39,25600,137148,1357.78125
outer_fold,fold4_seed00_P32_C1600_logistic_regression,4,0,32,1600,logistic_regression,coarse,0.9936346137019861,0.9894507760149793,1.102485440671444,0.03398144245147705,0.9845658058301989,5,5,51200,137148,1353.08203125
outer_fold,fold4_seed00_P32_C1600_logistic_regression,4,0,32,1600,logistic_regression,fine,0.7067109983375623,0.6946421593488458,21.604662833735347,0.07899056747555733,0.6233849838885277,39,39,51200,137148,1353.08203125
outer_fold,fold4_seed01_P32_C1600_logistic_regression,4,1,32,1600,logistic_regression,coarse,0.9927523551200164,0.9904447593990777,1.5133851040154696,0.03663338162004948,0.9818420169549416,5,5,51200,137148,1355.3203125
outer_fold,fold4_seed01_P32_C1600_logistic_regression,4,1,32,1600,logistic_regression,fine,0.7387275060518564,0.6999009957787555,28.25713230110705,0.08037792798131704,0.6433420579632669,39,39,51200,137148,1355.3203125
outer_fold,fold4_seed02_P32_C1600_logistic_regression,4,2,32,1600,logistic_regression,coarse,0.9926502756146645,0.9897628667947844,1.281844531185925,0.037814052775502205,0.9769136946582548,5,5,51200,137148,1353.34375
outer_fold,fold4_seed02_P32_C1600_logistic_regression,4,2,32,1600,logistic_regression,fine,0.7391868638259399,0.6983432892443674,30.050575712695718,0.06376346666365862,0.6306940250159465,39,39,51200,137148,1353.34375
outer_fold,fold4_seed03_P32_C1600_logistic_regression,4,3,32,1600,logistic_regression,coarse,0.9932190042873392,0.9908330798056315,1.3263916345313191,0.037446154281497,0.9803821855319261,5,5,51200,137148,1363.59765625
outer_fold,fold4_seed03_P32_C1600_logistic_regression,4,3,32,1600,logistic_regression,fine,0.7206521422113338,0.7017174109433698,29.206239329650998,0.08453147765249014,0.6346208536979712,39,39,51200,137148,1363.59765625
outer_fold,fold4_seed04_P32_C1600_logistic_regression,4,4,32,1600,logistic_regression,coarse,0.9933429579724093,0.9903972531794528,1.251111957244575,0.036431570537388325,0.9820394748295156,5,5,51200,137148,1374.66015625
outer_fold,fold4_seed04_P32_C1600_logistic_regression,4,4,32,1600,logistic_regression,fine,0.721731268410768,0.6999000246630779,33.92865558993071,0.07741791009902954,0.6338120693535351,39,39,51200,137148,1374.66015625
outer_fold,fold4_seed05_P32_C1600_logistic_regression,4,5,32,1600,logistic_regression,coarse,0.9926065272552279,0.9902869075573854,1.5249326825141907,0.0357799269258976,0.9827267201550056,5,5,51200,137148,1356.046875
outer_fold,fold4_seed05_P32_C1600_logistic_regression,4,5,32,1600,logistic_regression,fine,0.717567882871059,0.6988233779006933,31.567690443247557,0.5297654457390308,0.6263690375216755,39,39,51200,137148,1356.046875
outer_fold,fold4_seed06_P32_C1600_logistic_regression,4,6,32,1600,logistic_regression,coarse,0.9932919182197334,0.9876944169019495,1.1872186474502087,0.04034178704023361,0.9835847894763612,5,5,51200,137148,1363.7734375
outer_fold,fold4_seed06_P32_C1600_logistic_regression,4,6,32,1600,logistic_regression,fine,0.7305903111966635,0.6938525291019276,34.46958715468645,0.6018169960007071,0.6318221054071659,39,39,51200,137148,1363.7734375
outer_fold,fold4_seed07_P32_C1600_logistic_regression,4,7,32,1600,logistic_regression,coarse,0.9921690436608627,0.9887679626095073,1.426844147965312,0.0369056286290288,0.9840734477589497,5,5,51200,137148,1322.80859375
outer_fold,fold4_seed07_P32_C1600_logistic_regression,4,7,32,1600,logistic_regression,fine,0.7081692769854464,0.69656450586358,31.365899523720145,0.08152339793741703,0.62185759904172,39,39,51200,137148,1322.80859375
outer_fold,fold4_seed08_P32_C1600_logistic_regression,4,8,32,1600,logistic_regression,coarse,0.9917169772800186,0.9874244548051297,1.2268463065847754,0.03662934526801109,0.9792636555631649,5,5,51200,137148,1356.4609375
outer_fold,fold4_seed08_P32_C1600_logistic_regression,4,8,32,1600,logistic_regression,fine,0.7187417971826057,0.6951137788356297,26.248670889995992,0.08146094437688589,0.6221283683648849,39,39,51200,137148,1356.4609375
outer_fold,fold4_seed09_P32_C1600_logistic_regression,4,9,32,1600,logistic_regression,coarse,0.9926356928281856,0.988099584472188,1.5461574224755168,0.03559149708598852,0.983837491557422,5,5,51200,137148,1332.53515625
outer_fold,fold4_seed09_P32_C1600_logistic_regression,4,9,32,1600,logistic_regression,fine,0.7260988129611806,0.7000926745695383,28.321136553771794,0.08876426424831152,0.6304814540302461,39,39,51200,137148,1332.53515625
outer_fold,fold4_seed10_P32_C1600_logistic_regression,4,10,32,1600,logistic_regression,coarse,0.991738851459737,0.9877977370324178,1.6385435750707984,0.03672965429723263,0.9795204509624753,5,5,51200,137148,1375.71875
outer_fold,fold4_seed10_P32_C1600_logistic_regression,4,10,32,1600,logistic_regression,fine,0.7364380085746784,0.6959176258693137,24.813102924264967,0.08209975808858871,0.6342430049410055,39,39,51200,137148,1375.71875
outer_fold,fold4_seed11_P32_C1600_logistic_regression,4,11,32,1600,logistic_regression,coarse,0.9914253215504418,0.9876521298926454,0.9821785390377045,0.03061219397932291,0.975515656515956,5,5,51200,137148,1365.28125
outer_fold,fold4_seed11_P32_C1600_logistic_regression,4,11,32,1600,logistic_regression,fine,0.7444366669583224,0.6945582046351267,22.638105442747474,0.09433722402900457,0.6280065761991112,39,39,51200,137148,1365.28125
outer_fold,fold4_seed12_P32_C1600_logistic_regression,4,12,32,1600,logistic_regression,coarse,0.9926867325808616,0.9888723476280358,1.0930967442691326,0.029918869026005268,0.9837349888379837,5,5,51200,137148,1362.125
outer_fold,fold4_seed12_P32_C1600_logistic_regression,4,12,32,1600,logistic_regression,fine,0.7500802053256336,0.7154012625984459,24.58512055594474,0.06044635642319918,0.6487453977012222,39,39,51200,137148,1362.125
outer_fold,fold4_seed13_P32_C1600_logistic_regression,4,13,32,1600,logistic_regression,coarse,0.9908274273048094,0.9876540065905463,1.0346522154286504,0.027661699801683426,0.9750039098499631,5,5,51200,137148,1357.2578125
outer_fold,fold4_seed13_P32_C1600_logistic_regression,4,13,32,1600,logistic_regression,fine,0.6951176830868843,0.7020027732951569,34.90136352740228,0.08287890162318945,0.6189741203248186,39,39,51200,137148,1357.2578125
outer_fold,fold4_seed14_P32_C1600_logistic_regression,4,14,32,1600,logistic_regression,coarse,0.991964884650159,0.9877728465265292,1.4692168571054935,0.0385890007019043,0.9829404295569079,5,5,51200,137148,1359.9375
outer_fold,fold4_seed14_P32_C1600_logistic_regression,4,14,32,1600,logistic_regression,fine,0.7301455362090589,0.6982716935964867,30.633334457874298,0.06269699614495039,0.6299476181899275,39,39,51200,137148,1359.9375
outer_fold,fold4_seed15_P32_C1600_logistic_regression,4,15,32,1600,logistic_regression,coarse,0.9900180826552337,0.9884512275446851,1.3279458079487085,0.03499693889170885,0.9791888363816966,5,5,51200,137148,1357.78125
outer_fold,fold4_seed15_P32_C1600_logistic_regression,4,15,32,1600,logistic_regression,fine,0.7359932335870738,0.7032170467899482,22.48120675329119,0.25091040693223476,0.6391219960206825,39,39,51200,137148,1357.78125
outer_fold,fold4_seed16_P32_C1600_logistic_regression,4,16,32,1600,logistic_regression,coarse,0.9932117128940998,0.9888458147830471,1.2366091730073094,0.03391796909272671,0.9833996183217485,5,5,51200,137148,1353.08203125
outer_fold,fold4_seed16_P32_C1600_logistic_regression,4,16,32,1600,logistic_regression,fine,0.7388368769504476,0.697127612558242,26.983048069290817,0.07790153194218874,0.6288846970721674,39,39,51200,137148,1353.08203125
outer_fold,fold4_seed17_P32_C1600_logistic_regression,4,17,32,1600,logistic_regression,coarse,0.9928763088050865,0.9906772126424676,1.204607142135501,0.03633029945194721,0.9824689445921873,5,5,51200,137148,1355.3203125
outer_fold,fold4_seed17_P32_C1600_logistic_regression,4,17,32,1600,logistic_regression,fine,0.7240134744947064,0.7042779270614241,33.63179073203355,0.0809090593829751,0.6446065738017355,39,39,51200,137148,1355.3203125
outer_fold,fold4_seed18_P32_C1600_logistic_regression,4,18,32,1600,logistic_regression,coarse,0.992745063726777,0.9889311006672703,1.0112371342256665,0.026817019097507,0.9834721612091208,5,5,51200,137148,1353.34375
outer_fold,fold4_seed18_P32_C1600_logistic_regression,4,18,32,1600,logistic_regression,fine,0.7411919969667804,0.6870395499913052,22.881146390922368,0.06449712347239256,0.6107952577551906,39,39,51200,137148,1353.34375
outer_fold,fold4_seed19_P32_C1600_logistic_regression,4,19,32,1600,logistic_regression,coarse,0.9929565141307201,0.9881188971315732,1.551521049812436,0.0375320129096508,0.9835501785120053,5,5,51200,137148,1363.59765625
outer_fold,fold4_seed19_P32_C1600_logistic_regression,4,19,32,1600,logistic_regression,fine,0.7373785983025637,0.6917359461748548,25.4837992368266,0.05922676622867584,0.6280921105717455,39,39,51200,137148,1363.59765625
