seed,patient_budget,cell_cap,model,task,accuracy,macro_f1,balanced_accuracy,patient_balanced_accuracy,patient_balanced_macro_f1,patient_balanced_balanced_accuracy,mean_patient_macro_f1,exact_path_accuracy,root_excluded_hierarchical_f1,subtype_tree_distance,mean_observed_training_classes_across_folds,min_observed_training_classes_across_folds,n_outer_folds,n_test_patients,n_test_cells
0,8,100,logistic_regression,coarse,0.9864750694299749,0.9466994937755772,0.9341569217525183,0.9865726575704574,0.9502998601422213,0.937255830585174,0.9332335752378372,0.7465556167636641,0.86811373100844,0.5380544764851449,5.0,5,5,105,700706
0,8,100,logistic_regression,fine,0.7497523925869052,0.4796145845356314,0.4616412145268171,0.7438133438519758,0.47921113660663595,0.4624990257406303,0.4201036911136329,0.7465556167636641,0.86811373100844,0.5380544764851449,34.8,33,5,105,700706
1,8,100,logistic_regression,coarse,0.9892536955584796,0.9658578274028662,0.9555013257564704,0.9892254787752978,0.9671132879678124,0.9558043779056196,0.9585163934184233,0.7461146329559045,0.8690392261519096,0.5334419856544685,5.0,5,5,105,700706
1,8,100,logistic_regression,fine,0.7488247567453397,0.4834966356064893,0.46292089828526756,0.7459839198457161,0.4847740591962438,0.4646271531632986,0.43593712243748334,0.7461146329559045,0.8690392261519096,0.5334419856544685,34.8,34,5,105,700706
2,8,100,logistic_regression,coarse,0.9877766138722945,0.9502096212737074,0.9380840711981302,0.9878393385682023,0.9544909756125934,0.9421992101539505,0.9279398270124999,0.7577571763335835,0.8741526403370316,0.5119151256018929,5.0,5,5,105,700706
2,8,100,logistic_regression,fine,0.7605286668017684,0.5075830762068289,0.48507086817982525,0.7593267699191811,0.5135397734718682,0.49003821113581064,0.43641802159165777,0.7577571763335835,0.8741526403370316,0.5119151256018929,35.2,34,5,105,700706
3,8,100,logistic_regression,coarse,0.9885786620922327,0.9552969526199521,0.939414895315055,0.9881120250531832,0.953482181313308,0.935305827263381,0.9393321380381215,0.7505815563160584,0.8709737036645897,0.5277905426812386,5.0,5,5,105,700706
3,8,100,logistic_regression,fine,0.7533687452369467,0.48452759530617384,0.45670376648265315,0.7516034727242,0.4821741794539071,0.454738720369012,0.42535572529878646,0.7505815563160584,0.8709737036645897,0.5277905426812386,34.8,34,5,105,700706
4,8,100,logistic_regression,coarse,0.988059186020956,0.9560538661118638,0.9546054513417135,0.9882089060044789,0.9620229675154228,0.9591859701503036,0.9342415122282791,0.7537455081018287,0.8724800415580857,0.5220392004635325,5.0,5,5,105,700706
4,8,100,logistic_regression,fine,0.7569008970952154,0.49816448846862177,0.47885397067206253,0.7538285835577541,0.5008976241489789,0.48091484931493866,0.4298365815155008,0.7537455081018287,0.8724800415580857,0.5220392004635325,35.2,34,5,105,700706
5,8,100,logistic_regression,coarse,0.9877537797592714,0.9636212937672605,0.9596855462750182,0.9878726164390284,0.9635475149100952,0.9571521562684072,0.9525841715119778,0.7553638758623445,0.8734897374933281,0.511860894583463,5.0,5,5,105,700706
5,8,100,logistic_regression,fine,0.7592256952273849,0.5034276717842899,0.48403317558682035,0.7572043555091843,0.5038563271684006,0.48447384620039213,0.4480901490627762,0.7553638758623445,0.8734897374933281,0.511860894583463,35.0,34,5,105,700706
6,8,100,logistic_regression,coarse,0.9887698977888015,0.9656037015661492,0.9590608912348133,0.9886760949950193,0.9673672680039257,0.9597775484111741,0.9545045874132567,0.7549343091110965,0.8732357079859456,0.5181202958159342,5.0,5,5,105,700706
6,8,100,logistic_regression,fine,0.7577015181830896,0.488039215446952,0.47120008940415925,0.7570846201749465,0.48933907173632446,0.4723189335861734,0.43559618823111845,0.7549343091110965,0.8732357079859456,0.5181202958159342,35.4,35,5,105,700706
7,8,100,logistic_regression,coarse,0.9857400964170422,0.9418452935606616,0.9338266060457789,0.9854292187081984,0.942930645698494,0.9305476739618899,0.9318735607866414,0.7571834692438769,0.8734797475688806,0.5130682483095621,5.0,5,5,105,700706
7,8,100,logistic_regression,fine,0.7612193987207189,0.4976553805576397,0.4751052219601759,0.7591062233951021,0.5026315945741694,0.4801766804990389,0.4375805354583879,0.7571834692438769,0.8734797475688806,0.5130682483095621,35.4,34,5,105,700706
8,8,100,logistic_regression,coarse,0.9887898776376969,0.9471477195727965,0.936295132378687,0.9884201942246542,0.9495771463148006,0.9354925488257446,0.9228226412849388,0.7596623976389527,0.8754092301193368,0.5064720439099993,5.0,5,5,105,700706
8,8,100,logistic_regression,fine,0.7620285826009767,0.4867107528640864,0.4679639832270162,0.7600981281066679,0.487798653292877,0.4681313510786618,0.43049989579462156,0.7596623976389527,0.8754092301193368,0.5064720439099993,34.6,33,5,105,700706
9,8,100,logistic_regression,coarse,0.9877509254951434,0.9462773615754314,0.9302732739608996,0.9875227789982183,0.9487179692274361,0.9302598984361439,0.9270824773407778,0.7525923853941596,0.8718114301861266,0.5201725117238899,5.0,5,5,105,700706
9,8,100,logistic_regression,fine,0.7558719348771097,0.4855900685251389,0.46725729066334953,0.752228630591797,0.486961731849423,0.46888590582686673,0.43307604344278244,0.7525923853941596,0.8718114301861266,0.5201725117238899,34.6,34,5,105,700706
10,8,100,logistic_regression,coarse,0.9856616041535251,0.943471864741797,0.9282674578178165,0.985104794849528,0.948975670167828,0.9339745581515271,0.9202801648436407,0.7408085559421498,0.8651010552214481,0.548138591648994,4.8,4,5,105,700706
10,8,100,logistic_regression,fine,0.744540506289371,0.4854850139768095,0.45991017457917266,0.743440701729669,0.4953443153350342,0.4703817637244363,0.4235081010587304,0.7408085559421498,0.8651010552214481,0.548138591648994,35.2,33,5,105,700706
11,8,100,logistic_regression,coarse,0.9873013788950001,0.9449958417195381,0.9335486629524545,0.9870869700064235,0.9475145666836239,0.9343774835345247,0.9312037175198868,0.7504174361287045,0.8703814438580517,0.5314040410671522,5.0,5,5,105,700706
11,8,100,logistic_regression,fine,0.7534615088211033,0.4717454230213447,0.4486260396161471,0.7527012820116453,0.4750031942731766,0.45107908922425505,0.41614241581946104,0.7504174361287045,0.8703814438580517,0.5314040410671522,33.8,32,5,105,700706
12,8,100,logistic_regression,coarse,0.9891409521254277,0.9551163842373201,0.9438557882327439,0.9889566676663885,0.9613125007426137,0.9510800414780597,0.944192725843804,0.7559204573672839,0.8735775061152609,0.517506629028437,5.0,5,5,105,700706
12,8,100,logistic_regression,fine,0.758014060105094,0.48683986211571295,0.46778860705234965,0.755789062899197,0.49052483097252836,0.47133836264822604,0.43311114613489626,0.7559204573672839,0.8735775061152609,0.517506629028437,34.8,34,5,105,700706
13,8,100,logistic_regression,coarse,0.9885501194509537,0.9533434285557079,0.9405766655449016,0.9884940898799345,0.9558134416225792,0.9411976250902789,0.942027857905051,0.7562601147985032,0.8737751639061175,0.5210944390371997,5.0,5,5,105,700706
13,8,100,logistic_regression,fine,0.7590002083612813,0.48573542146625304,0.4635658700794985,0.7551105981675004,0.4909470521547066,0.4676394468816088,0.43461970787813536,0.7562601147985032,0.8737751639061175,0.5210944390371997,35.0,34,5,105,700706
14,8,100,logistic_regression,coarse,0.9859241964532914,0.9417317544509372,0.926178161427654,0.9853431947514513,0.9410181436897498,0.9219977056226145,0.90637491648294,0.7518074627589888,0.8707203877232391,0.5252787902486921,4.8,4,5,105,700706
14,8,100,logistic_regression,fine,0.7555165789931869,0.4904993268005984,0.470110292153144,0.7539133162510459,0.4901709704857882,0.468427265870955,0.42771331915170846,0.7518074627589888,0.8707203877232391,0.5252787902486921,34.8,32,5,105,700706
15,8,100,logistic_regression,coarse,0.9879293170031368,0.9513857611953755,0.9407237244149389,0.9879159857361149,0.9578598090518,0.9477463287506245,0.9368720794132258,0.7479356534695007,0.8692825521688126,0.5332992724480738,5.0,5,5,105,700706
15,8,100,logistic_regression,fine,0.7506357873344883,0.46763035530611946,0.44238966092795706,0.749627065314672,0.4719462742613351,0.44731769419238687,0.4168457698957423,0.7479356534695007,0.8692825521688126,0.5332992724480738,35.0,33,5,105,700706
16,8,100,logistic_regression,coarse,0.9874027052715404,0.960702002392727,0.9501548743100166,0.9869055962400605,0.9608008655479121,0.9485263325142714,0.9437784630658813,0.7557078146897558,0.8732378486840415,0.5146209679951363,5.0,5,5,105,700706
16,8,100,logistic_regression,fine,0.7590729920965427,0.4843496974218809,0.45723973734653883,0.7567582593540242,0.48557300578667295,0.45764768082640617,0.41602392786887876,0.7557078146897558,0.8732378486840415,0.5146209679951363,36.0,34,5,105,700706
17,8,100,logistic_regression,coarse,0.9895990615179547,0.9605485720366598,0.9520050063970793,0.9894221149063205,0.9621572149443915,0.9511907628612752,0.9466142257482496,0.7547958773008937,0.8733170545135905,0.5198185829720311,5.0,5,5,105,700706
17,8,100,logistic_regression,fine,0.7570350475092265,0.47300307047448825,0.4588016774526358,0.7543998096201245,0.47306153436546045,0.4582616139799754,0.42952186474379317,0.7547958773008937,0.8733170545135905,0.5198185829720311,34.8,34,5,105,700706
18,8,100,logistic_regression,coarse,0.9872856804422968,0.9244336778117669,0.9034633906364217,0.9869236624199162,0.9280368875984075,0.9073144140730559,0.9085112440376689,0.7564199535896653,0.8734454963993458,0.5131139165356083,5.0,5,5,105,700706
18,8,100,logistic_regression,fine,0.7596053123563948,0.4734932403512606,0.4496424559587136,0.7572476481889396,0.47380293966537995,0.45147259205975543,0.4184403420641868,0.7564199535896653,0.8734454963993458,0.5131139165356083,34.8,34,5,105,700706
19,8,100,logistic_regression,coarse,0.9872885347064246,0.9426761323264927,0.9261495625405862,0.9872201908048777,0.947834993355279,0.9304981703414287,0.9203234017805196,0.7446860737598936,0.8675271797301579,0.5396985326228119,5.0,5,5,105,700706
19,8,100,logistic_regression,fine,0.7477658247538911,0.47927565611686446,0.45694040962303106,0.7466185336068262,0.48605564229091086,0.46266134155168626,0.4215657156710075,0.7446860737598936,0.8675271797301579,0.5396985326228119,34.8,33,5,105,700706
0,8,200,logistic_regression,coarse,0.9882889542832515,0.9648608116814635,0.9710239136610637,0.9885301131558161,0.968240534380312,0.9707721075802788,0.954158009745432,0.7468253447237501,0.8693881599415447,0.5302680439442505,5.0,5,5,105,700706
0,8,200,logistic_regression,fine,0.7504873655998379,0.5387677503171807,0.5291002763232918,0.7450557372439265,0.537671277033298,0.5283460176702358,0.4717957334908659,0.7468253447237501,0.8693881599415447,0.5302680439442505,36.0,35,5,105,700706
1,8,200,logistic_regression,coarse,0.9899900957034762,0.9659969874046437,0.9600549292846983,0.9899777784830259,0.968497891710158,0.9618075340398964,0.9569826858108181,0.7527565055815135,0.8726405939152797,0.5165418877532089,5.0,5,5,105,700706
1,8,200,logistic_regression,fine,0.7552910921270832,0.5236287094587302,0.5069015784104635,0.7522453321320327,0.525321979927296,0.5093663807767097,0.4699136487216013,0.7527565055815135,0.8726405939152797,0.5165418877532089,35.6,34,5,105,700706
2,8,200,logistic_regression,coarse,0.9897703173656284,0.9611780625694605,0.9621771832659258,0.9897451385409833,0.9633448328049073,0.9610312887207997,0.9454940614003834,0.7637011813799225,0.8781507508141788,0.4942700647632531,5.0,5,5,105,700706
2,8,200,logistic_regression,fine,0.7665311842627293,0.5466063900335565,0.533369121564539,0.7647962527381031,0.5540156928532949,0.538565857789614,0.4781008350180399,0.7637011813799225,0.8781507508141788,0.4942700647632531,36.8,35,5,105,700706
3,8,200,logistic_regression,coarse,0.9898673623459767,0.9691339506427822,0.9747120366812829,0.9896590032386315,0.9717901025852719,0.9745503417114424,0.9575792898638434,0.7597779953361324,0.8762112783392749,0.5048622389418672,5.0,5,5,105,700706
3,8,200,logistic_regression,fine,0.7625551943325731,0.5290540803770728,0.5123335855365548,0.761046493259496,0.5292825643269892,0.5112585140192761,0.4687349944111851,0.7597779953361324,0.8762112783392749,0.5048622389418672,36.6,36,5,105,700706
4,8,200,logistic_regression,coarse,0.9875368556855514,0.9653175084881,0.9741643311349051,0.9878339725249179,0.9704342085465238,0.9760826268287582,0.9548892685217227,0.7536370460649687,0.872794724178186,0.5143783555442654,5.0,5,5,105,700706
4,8,200,logistic_regression,fine,0.7580525926708206,0.5454843568699808,0.5335409322359481,0.7559146425043354,0.5474321867763482,0.5348016464553531,0.4811714915564831,0.7536370460649687,0.872794724178186,0.5143783555442654,36.6,36,5,105,700706
5,8,200,logistic_regression,coarse,0.9882361503968854,0.9669998640650045,0.9668303564369687,0.9886006624157732,0.9686730571562661,0.9653287754255737,0.9561553700800949,0.753978130628252,0.8731614971186203,0.5138160655110703,5.0,5,5,105,700706
5,8,200,logistic_regression,fine,0.7580868438403553,0.5316501556976865,0.5160727311688937,0.7561329730266119,0.5317489201447172,0.5156066760618899,0.4746957428721887,0.753978130628252,0.8731614971186203,0.5138160655110703,36.0,36,5,105,700706
6,8,200,logistic_regression,coarse,0.9897831615542039,0.9633448207207257,0.9695705375277042,0.9898225559440602,0.9674958779630698,0.9701551018630677,0.9541101530606344,0.7603131698601125,0.8765116896387358,0.5017111313446724,5.0,5,5,105,700706
6,8,200,logistic_regression,fine,0.7632402177232677,0.524656785766501,0.5155442998344939,0.7610863204409142,0.5275658889952392,0.5184077181982456,0.47462741302528444,0.7603131698601125,0.8765116896387358,0.5017111313446724,35.6,35,5,105,700706
7,8,200,logistic_regression,coarse,0.9852719971000676,0.9577717313515943,0.9708892432231645,0.9860284873555544,0.9649664756174318,0.9739388390339245,0.9532793787389512,0.7600905372581368,0.8752443963659509,0.5032524339737351,5.0,5,5,105,700706
7,8,200,logistic_regression,fine,0.7652167956318342,0.5550318479450345,0.5399071631456922,0.7636143921679223,0.5603302214045087,0.5452227710394888,0.47917366835742015,0.7600905372581368,0.8752443963659509,0.5032524339737351,36.8,36,5,105,700706
8,8,200,logistic_regression,coarse,0.98886694276915,0.9560598944318641,0.9580161110196457,0.9883949506349258,0.9580216381268294,0.954488311347381,0.9389385279743512,0.766134441548952,0.8789998943922273,0.4912902130137319,5.0,5,5,105,700706
8,8,200,logistic_regression,fine,0.7691328460153045,0.5384933357679907,0.5255746072786263,0.7680509180851511,0.5388385935115152,0.5244666066602177,0.47927080102001385,0.766134441548952,0.8789998943922273,0.4912902130137319,36.0,35,5,105,700706
9,8,200,logistic_regression,coarse,0.9889268823158357,0.9637822643192285,0.9649207891607045,0.9890121010295119,0.9669016951219609,0.9649634987642998,0.9509981628305209,0.7622540694670803,0.8772894766135869,0.49586559841074573,5.0,5,5,105,700706
9,8,200,logistic_regression,fine,0.765652070911338,0.536590568242419,0.5225131231293104,0.7617365504392892,0.5372754500897684,0.5237235177858064,0.47793334716559444,0.7622540694670803,0.8772894766135869,0.49586559841074573,36.4,36,5,105,700706
10,8,200,logistic_regression,coarse,0.9867076919563983,0.9609212187161983,0.960581124829633,0.9857440157593239,0.9648732622608808,0.9635046885953514,0.9487474945866127,0.7507442493713483,0.8706861365537044,0.5231751975864343,5.0,5,5,105,700706
10,8,200,logistic_regression,fine,0.7546645811510105,0.531966399782111,0.5160689730932349,0.7537131483061831,0.5403366711342924,0.5259763784970058,0.47046437161628607,0.7507442493713483,0.8706861365537044,0.5231751975864343,36.6,35,5,105,700706
11,8,200,logistic_regression,coarse,0.988999666051097,0.9666953764632916,0.9705284448740038,0.9889255178831933,0.9707613532220994,0.9734430853192062,0.9560897306978168,0.7543591748893259,0.8732828033440558,0.5174723778589023,5.0,5,5,105,700706
11,8,200,logistic_regression,fine,0.7575659406370147,0.5138347399378883,0.49936805549971724,0.7575354880108879,0.5187593368537382,0.5038359226651382,0.46267363422676805,0.7543591748893259,0.8732828033440558,0.5174723778589023,35.8,34,5,105,700706
12,8,200,logistic_regression,coarse,0.9906251694719326,0.9666310037381989,0.9713595272717507,0.9904838396709482,0.970771979362441,0.9724924959320779,0.9560111869109279,0.7627150331237352,0.8776969228178437,0.5008491435780484,5.0,5,5,105,700706
12,8,200,logistic_regression,fine,0.7647686761637549,0.5242362443394065,0.5148851941814347,0.7619659917125357,0.5272334831578744,0.517133529496403,0.4736881284004598,0.7627150331237352,0.8776969228178437,0.5008491435780484,35.6,35,5,105,700706
13,8,200,logistic_regression,coarse,0.9876267650055801,0.9640714976734112,0.9663940160149412,0.9875963791938264,0.9680589051228253,0.9671845443058338,0.955324471592402,0.7565369784189089,0.874191172902758,0.5120121705822414,5.0,5,5,105,700706
13,8,200,logistic_regression,fine,0.7607555807999361,0.5281707727989385,0.5124664541181786,0.7559343458523795,0.5328320819723743,0.5166275734087836,0.4715546547779455,0.7565369784189089,0.874191172902758,0.5120121705822414,36.2,35,5,105,700706
14,8,200,logistic_regression,coarse,0.9842016480521074,0.9626789534333039,0.9697074149317674,0.9847429797191037,0.966607187611953,0.9690638635791087,0.9510981606451143,0.7530975901447968,0.8717971588654871,0.5135791615884551,5.0,5,5,105,700706
14,8,200,logistic_regression,fine,0.7593926696788668,0.5391383749715323,0.5323929551658364,0.7563382576809722,0.5398882590658675,0.5323508204365939,0.4804171342421537,0.7530975901447968,0.8717971588654871,0.5135791615884551,36.4,36,5,105,700706
15,8,200,logistic_regression,coarse,0.9872714091216573,0.9509291386439254,0.9461998256435266,0.9874078587700859,0.9575624575441383,0.9522923749126633,0.9331539702477493,0.7525153202627065,0.8716601541873482,0.5224131090642866,5.0,5,5,105,700706
15,8,200,logistic_regression,fine,0.7560488992530391,0.5098734990765977,0.49402542284818335,0.7550553701165482,0.5172474237661966,0.5004397704307845,0.4571389278634455,0.7525153202627065,0.8716601541873482,0.5224131090642866,36.0,34,5,105,700706
16,8,200,logistic_regression,coarse,0.9887727520529295,0.9715759200022698,0.9762939956584564,0.9887598533553726,0.9746496184337856,0.9779358842070704,0.9578232642675701,0.7612750568712128,0.8768099602401007,0.4987940734059648,5.0,5,5,105,700706
16,8,200,logistic_regression,fine,0.764847168427272,0.5383861134126827,0.5221891277856763,0.7626866394737891,0.5406918114408059,0.5235780088428201,0.4708243766494546,0.7612750568712128,0.8768099602401007,0.4987940734059648,37.0,36,5,105,700706
17,8,200,logistic_regression,coarse,0.9899515631377497,0.9680558358265579,0.9655736015498491,0.9899426037267118,0.9704586813697512,0.9655672545154432,0.9602392568538184,0.7597380356383419,0.8761984341506994,0.5057442065573864,5.0,5,5,105,700706
17,8,200,logistic_regression,fine,0.7624453051636493,0.5283613229619937,0.5143611917298196,0.7598713505109377,0.531098325241949,0.5165280100645742,0.4763023673452644,0.7597380356383419,0.8761984341506994,0.5057442065573864,36.4,35,5,105,700706
18,8,200,logistic_regression,coarse,0.9869517315393331,0.9614049464439562,0.9675803057830275,0.986988189948914,0.963533642723025,0.968632767646473,0.9515913898271934,0.7573747049404458,0.8743595744863039,0.5076679805795868,5.0,5,5,105,700706
18,8,200,logistic_regression,fine,0.7617674174332745,0.5237599429668603,0.5089922624109537,0.7606094249912717,0.5249816355796412,0.5112395401382652,0.4677635868698647,0.7573747049404458,0.8743595744863039,0.5076679805795868,36.6,35,5,105,700706
19,8,200,logistic_regression,coarse,0.9864294012039286,0.9571062121882365,0.9593940217689696,0.986654424546926,0.9631147152800553,0.9618843989369132,0.9430472387787479,0.7494327150045811,0.8705205892342865,0.5224159633284144,5.0,5,5,105,700706
19,8,200,logistic_regression,fine,0.7546117772646446,0.5186672797425721,0.5056719565596709,0.7541059211364565,0.5259332324946848,0.5115266158621414,0.46169623211378297,0.7494327150045811,0.8705205892342865,0.5224159633284144,35.8,35,5,105,700706
0,8,400,logistic_regression,coarse,0.9883731550750243,0.9679952247989352,0.9764785552655365,0.9884105977236657,0.9712007564114,0.976321819654606,0.9564834639425754,0.7454153382445705,0.8687145536073617,0.5323545110217409,5.0,5,5,105,700706
0,8,400,logistic_regression,fine,0.7490559521396991,0.5680370274880683,0.5656401625220879,0.7442796860160449,0.5669684046455261,0.564419504649923,0.49729250979586215,0.7454153382445705,0.8687145536073617,0.5323545110217409,36.6,36,5,105,700706
1,8,400,logistic_regression,coarse,0.9894649111039437,0.9730472027792985,0.9802267330815034,0.9893271305281192,0.9763410569304465,0.9814142209017354,0.9571666608876742,0.7565583853998681,0.8746849605968837,0.5071998812626123,5.0,5,5,105,700706
1,8,400,logistic_regression,fine,0.7599050100898237,0.5740770605221118,0.5620514871390752,0.7573029086356607,0.5774303745493453,0.5653440368186081,0.5012234000935036,0.7565583853998681,0.8746849605968837,0.5071998812626123,36.6,35,5,105,700706
2,8,400,logistic_regression,coarse,0.9892494141622877,0.9704281617102284,0.9828618402279041,0.9894308342341152,0.9739449099729247,0.9833613118397677,0.9549106601975719,0.7612664940788291,0.8769762211255505,0.49767234760370255,5.0,5,5,105,700706
2,8,400,logistic_regression,fine,0.7647030280888133,0.5745518640384473,0.5696857108084354,0.76319063288775,0.5824227192977952,0.5763894348986007,0.508011040064753,0.7612664940788291,0.8769762211255505,0.49767234760370255,37.8,37,5,105,700706
3,8,400,logistic_regression,coarse,0.9886971140535403,0.9687663446421922,0.9830757759662616,0.9888219607406661,0.9731277756131606,0.9842572492116268,0.9537815195113464,0.7556978247653081,0.8741098263751131,0.5114156293795116,5.0,5,5,105,700706
3,8,400,logistic_regression,fine,0.759522538696686,0.563441988776583,0.5638402251650317,0.7586083163222332,0.5676343626346849,0.5651541149659435,0.49835391860795286,0.7556978247653081,0.8741098263751131,0.5114156293795116,37.6,36,5,105,700706
4,8,400,logistic_regression,coarse,0.9868589679551767,0.9628265068001471,0.9731511028909441,0.9868330969781302,0.9675735319613274,0.9746327115715132,0.9508749959444098,0.7528278621847109,0.872392272936153,0.5142042454324638,5.0,5,5,105,700706
4,8,400,logistic_regression,fine,0.7579255779171293,0.576763830597713,0.5696657523994725,0.7541942437516318,0.579423313479283,0.5710296264139332,0.507405880295886,0.7528278621847109,0.872392272936153,0.5142042454324638,37.2,37,5,105,700706
5,8,400,logistic_regression,coarse,0.986259572488319,0.9634641922298949,0.9764161403773978,0.9874154098918276,0.9676174720007422,0.976353038678907,0.9515751573650004,0.7561088387997249,0.8738365305848672,0.5072027355267402,5.0,5,5,105,700706
5,8,400,logistic_regression,fine,0.7614134886814156,0.5539333318126395,0.5524837783167461,0.7597334456253997,0.5542219466772694,0.5515848253924959,0.500634956582125,0.7561088387997249,0.8738365305848672,0.5072027355267402,37.2,36,5,105,700706
6,8,400,logistic_regression,coarse,0.9893007909165898,0.9632819765766192,0.9686180805729141,0.9889960310261958,0.9664050459134245,0.9694943307791528,0.9522169406231109,0.7584136570829991,0.8754449084209355,0.5071142533387755,5.0,5,5,105,700706
6,8,400,logistic_regression,fine,0.7615890259252811,0.5503680489998808,0.5454797412628314,0.759361788675315,0.5532080151122174,0.5484051823570402,0.4980129987958955,0.7584136570829991,0.8754449084209355,0.5071142533387755,36.0,35,5,105,700706
7,8,400,logistic_regression,coarse,0.9853947304575671,0.9617385675787302,0.9821983090784873,0.9862378311810667,0.9690759088100214,0.9835122801362844,0.9500163432664828,0.7549685602806312,0.8732999289288232,0.5079819496336552,5.0,5,5,105,700706
7,8,400,logistic_regression,fine,0.7612051274000794,0.5811894179083248,0.5792845661726507,0.7591846556807486,0.5838414397666425,0.580564982466732,0.5068378435101644,0.7549685602806312,0.8732999289288232,0.5079819496336552,37.2,36,5,105,700706
8,8,400,logistic_regression,coarse,0.9873284944042152,0.9612142982486815,0.9778711484460381,0.9865398587055759,0.9660054232949109,0.9757647246318282,0.948409725214902,0.7577514678053278,0.8746093225974946,0.5093891018487069,5.0,5,5,105,700706
8,8,400,logistic_regression,fine,0.7618901507907738,0.5652367717488058,0.5640475852485431,0.7584587817791434,0.5680188841090927,0.5658599933350271,0.5061801950264948,0.7577514678053278,0.8746093225974946,0.5093891018487069,37.2,36,5,105,700706
9,8,400,logistic_regression,coarse,0.9890082288434807,0.9692246350410907,0.9754810440017332,0.9892201486399888,0.9739017535662962,0.9781142754735409,0.9567407096891418,0.7588417967021832,0.8757895608143786,0.5034065642366413,5.0,5,5,105,700706
9,8,400,logistic_regression,fine,0.7625708927852766,0.5738590348260343,0.566634609021842,0.7590144113308467,0.5781554738962131,0.5713384926292524,0.5064464562431762,0.7588417967021832,0.8757895608143786,0.5034065642366413,37.4,36,5,105,700706
10,8,400,logistic_regression,coarse,0.9869431687469495,0.9623779995189035,0.9731575278874981,0.9854716076936758,0.9659369078494737,0.975739455793384,0.9488930796487306,0.7502661601299261,0.870804588515012,0.5232208658124805,5.0,5,5,105,700706
10,8,400,logistic_regression,fine,0.7546660082830745,0.5696427593366031,0.560195569577064,0.7525585194082998,0.5755675066882062,0.5677699985118843,0.4991633026984218,0.7502661601299261,0.870804588515012,0.5232208658124805,37.2,36,5,105,700706
11,8,400,logistic_regression,coarse,0.9858656840386696,0.9615194122661361,0.9662385779475718,0.986670236628354,0.9664425826706748,0.9689997139089506,0.9518597402538425,0.7461745725025902,0.8687116993432338,0.5296401058361139,5.0,5,5,105,700706
11,8,400,logistic_regression,fine,0.7515577146477981,0.5472507244969266,0.5420706606812025,0.7504558794193211,0.55284776938912,0.5464918026290794,0.49446593318362264,0.7461745725025902,0.8687116993432338,0.5296401058361139,37.0,36,5,105,700706
12,8,400,logistic_regression,coarse,0.989590498725571,0.969957537007275,0.9785098733650512,0.989723284439961,0.9738965600618436,0.978359429346941,0.9577358680486819,0.7633072929302732,0.8778303596658228,0.4981461554489329,5.0,5,5,105,700706
12,8,400,logistic_regression,fine,0.7660702206060744,0.5630370788563653,0.5559565769543551,0.7628688837694938,0.563423712915484,0.5562264140260087,0.5041159627479685,0.7633072929302732,0.8778303596658228,0.4981461554489329,37.0,36,5,105,700706
13,8,400,logistic_regression,coarse,0.988946862164731,0.9703774362623809,0.9776475783505896,0.9889667907830157,0.9754193602278658,0.9805888482178101,0.9591413708749967,0.7589516858711072,0.8758366561724888,0.5048479676212277,5.0,5,5,105,700706
13,8,400,logistic_regression,fine,0.7627264501802468,0.5629649938897743,0.5535091061357698,0.7568569589484042,0.571407023736718,0.5625961023761287,0.4993204557625557,0.7589516858711072,0.8758366561724888,0.5048479676212277,37.0,35,5,105,700706
14,8,400,logistic_regression,coarse,0.9851407009501846,0.9617455636493576,0.9798124996489902,0.9857909781195654,0.9680856283166455,0.9812585867160653,0.9473789630638926,0.749355649873128,0.8701523891617883,0.5227613292878897,5.0,5,5,105,700706
14,8,400,logistic_regression,fine,0.755164077373392,0.5615337154183904,0.5641508851412466,0.7513453209556761,0.5645955080812745,0.5664545485791673,0.5000389126903817,0.749355649873128,0.8701523891617883,0.5227613292878897,36.8,36,5,105,700706
15,8,400,logistic_regression,coarse,0.9841088844679509,0.9442290065425694,0.9489610618906037,0.9846392026098648,0.9537360197831447,0.9564965057755576,0.9275423332920715,0.7446703753071902,0.8672702959586475,0.5342868478363251,5.0,5,5,105,700706
15,8,400,logistic_regression,fine,0.750431707449344,0.5443594550803689,0.5383809001590049,0.7490541770623254,0.5502360894531966,0.543721976715101,0.48449179528430797,0.7446703753071902,0.8672702959586475,0.5342868478363251,36.4,34,5,105,700706
16,8,400,logistic_regression,coarse,0.9866934206357588,0.9688981085639725,0.977934505096566,0.986562068500789,0.973137668331777,0.979072094753095,0.9542266430581323,0.752528164451282,0.8720711682217649,0.5143498129029864,5.0,5,5,105,700706
16,8,400,logistic_regression,fine,0.7574489158077711,0.5627545099769066,0.5537442526287624,0.7565879083323471,0.5640924705557524,0.554494499363521,0.49725045281015023,0.752528164451282,0.8720711682217649,0.5143498129029864,37.2,36,5,105,700706
17,8,400,logistic_regression,coarse,0.9895376948392051,0.9688048636436516,0.9759151455314719,0.9894959407944781,0.9721123984197634,0.9762056255299711,0.9584458103124287,0.7600148992587477,0.8764203531866431,0.5025131795646105,5.0,5,5,105,700706
17,8,400,logistic_regression,fine,0.7633030115340813,0.5597215654775997,0.5538553421138575,0.7596579215989357,0.56229538604097,0.5565306114442952,0.5038878398041639,0.7600148992587477,0.8764203531866431,0.5025131795646105,37.0,35,5,105,700706
18,8,400,logistic_regression,coarse,0.9861425476590753,0.9595906722028618,0.9715978082200198,0.985880540820597,0.9619499223448656,0.9715183153855881,0.9509232809892223,0.7492714490813551,0.8700917360490705,0.5254557546246215,5.0,5,5,105,700706
18,8,400,logistic_regression,fine,0.7540409244390658,0.5502479252981757,0.5458149108843935,0.752145198713055,0.5511113392645454,0.5467568290075202,0.49279939142283946,0.7492714490813551,0.8700917360490705,0.5254557546246215,37.0,36,5,105,700706
19,8,400,logistic_regression,coarse,0.9861967786775052,0.9664431716069579,0.9709888901826211,0.9864152841486356,0.9714714479642353,0.9742894470522157,0.9527447616771066,0.7440010503691991,0.8679453294248943,0.5303593803963431,5.0,5,5,105,700706
19,8,400,logistic_regression,fine,0.7496938801722833,0.5485465719146426,0.5461490400520308,0.7491019880546175,0.5568492803060375,0.552781329456806,0.4927251898069511,0.7440010503691991,0.8679453294248943,0.5303593803963431,36.0,35,5,105,700706
0,8,800,logistic_regression,coarse,0.9857615033980014,0.965752064856388,0.975581347782931,0.9856863258720584,0.9690904888855807,0.9753312945766848,0.9537524939911394,0.7421843112517946,0.8667815032267456,0.5358367132577715,5.0,5,5,105,700706
0,8,800,logistic_regression,fine,0.7478015030554898,0.5883596252095894,0.5923880505380249,0.7421830735937027,0.5867760242185831,0.5905979498716979,0.5154404365055237,0.7421843112517946,0.8667815032267456,0.5358367132577715,37.6,37,5,105,700706
1,8,800,logistic_regression,coarse,0.9883859992635998,0.9700982784569614,0.9841025682383389,0.9881628239834072,0.9742003439976825,0.9851401867445354,0.9519472949229325,0.7487562544062702,0.8707118249308554,0.5228669370606217,5.0,5,5,105,700706
1,8,800,logistic_regression,fine,0.753037650598111,0.5976009611161968,0.5980624296124432,0.7508261856237927,0.6017086361869435,0.6019773310362653,0.5231877272153076,0.7487562544062702,0.8707118249308554,0.5228669370606217,37.8,37,5,105,700706
2,8,800,logistic_regression,coarse,0.984375758163909,0.9644395321166881,0.9822658417643526,0.9847139849652513,0.9692362353510482,0.9830165443896238,0.9506904681119572,0.7443963659509124,0.8676120940879627,0.5313897697465128,5.0,5,5,105,700706
2,8,800,logistic_regression,fine,0.7508484300120164,0.5911265293671963,0.5958773437001861,0.7483967100249778,0.5973242078891761,0.6010649659981836,0.522745461086105,0.7443963659509124,0.8676120940879627,0.5313897697465128,38.2,38,5,105,700706
3,8,800,logistic_regression,coarse,0.9856444785687578,0.9660122059763262,0.9818363694223253,0.9853785686678843,0.969236673354542,0.9824222581979642,0.9510031686612617,0.740588777604302,0.866205655438943,0.5373494732455552,5.0,5,5,105,700706
3,8,800,logistic_regression,fine,0.7467668323091282,0.5822761676915648,0.5919594784541327,0.7453759866036763,0.5881271618138404,0.5955766714029753,0.5161914385009667,0.740588777604302,0.866205655438943,0.5373494732455552,38.2,37,5,105,700706
4,8,800,logistic_regression,coarse,0.9859755732075934,0.9634276871950878,0.977991098228095,0.9863868611060294,0.9700001310627405,0.9813321696909819,0.9491530796169566,0.7405959132646217,0.8658966813470985,0.5405862087665868,5.0,5,5,105,700706
4,8,800,logistic_regression,fine,0.7458177894866035,0.5939731759714071,0.5976011288067482,0.744050308493865,0.6008994571696845,0.6026132964871734,0.5208156624492839,0.7405959132646217,0.8658966813470985,0.5405862087665868,37.8,37,5,105,700706
5,8,800,logistic_regression,coarse,0.9834110168886808,0.9586076948730504,0.975905226174338,0.9844293682434546,0.9643261887387975,0.9753020179313623,0.9473045887781081,0.7377773274383265,0.8639557817401307,0.544856187901916,5.0,5,5,105,700706
5,8,800,logistic_regression,fine,0.7445005465915805,0.573890765310373,0.5808867269453608,0.742030458915694,0.573506447124583,0.5794206662946031,0.5132323438700576,0.7377773274383265,0.8639557817401307,0.544856187901916,38.0,37,5,105,700706
6,8,800,logistic_regression,coarse,0.9885301396020585,0.9639930255573986,0.978255281015862,0.9881463744233082,0.9678696420227461,0.977903946104903,0.9507776938408331,0.7498736988123407,0.8710300753811157,0.5240057884476513,5.0,5,5,105,700706
6,8,800,logistic_regression,fine,0.7535300111601727,0.5820673930906795,0.5887115443524895,0.751388955212284,0.5837433965716065,0.5895246796846012,0.5183952747764222,0.7498736988123407,0.8710300753811157,0.5240057884476513,37.2,36,5,105,700706
7,8,800,logistic_regression,coarse,0.9853990118537589,0.9653384670897547,0.9833946612180078,0.9862800280265035,0.9717858697597366,0.9847792153726248,0.953245974285327,0.7489874498006297,0.8702344492554652,0.5213570313369659,5.0,5,5,105,700706
7,8,800,logistic_regression,fine,0.7550698866571715,0.5888101271619594,0.5971784347439725,0.7541041284992536,0.5926246554500014,0.5989600625470705,0.5181168393489038,0.7489874498006297,0.8702344492554652,0.5213570313369659,37.8,37,5,105,700706
8,8,800,logistic_regression,coarse,0.9843286628057987,0.9537803417758107,0.9786785347499484,0.9832899178337442,0.9590177021664579,0.9770256983306516,0.9423366747639936,0.7445048279877723,0.8672595924681679,0.5319948737416264,5.0,5,5,105,700706
8,8,800,logistic_regression,fine,0.7501905221305369,0.5788949358434592,0.589196439625683,0.7462877719095626,0.580038111841698,0.5899844400758253,0.5185644034612611,0.7445048279877723,0.8672595924681679,0.5319948737416264,38.0,37,5,105,700706
9,8,800,logistic_regression,coarse,0.9888897768821732,0.9700792040882907,0.9826119110677549,0.9890447756954243,0.9748477658258443,0.9831764075519454,0.9574873577965315,0.7530761831638376,0.8730309145347692,0.514709450183101,5.0,5,5,105,700706
9,8,800,logistic_regression,fine,0.7571720521873653,0.5981174836811319,0.59765453292228,0.7542059507173808,0.5997802618116159,0.598707273560103,0.5262127961797772,0.7530761831638376,0.8730309145347692,0.514709450183101,38.0,37,5,105,700706
10,8,800,logistic_regression,coarse,0.9818868398443855,0.9619798353156694,0.9798042531473484,0.9809548044386173,0.9661733147876477,0.9806819467894023,0.9485322436795123,0.7419631057818828,0.8657682394613433,0.53705833830451,5.0,5,5,105,700706
10,8,800,logistic_regression,fine,0.7496496390783011,0.5970457368273879,0.6007177493241884,0.7456868161558482,0.6013586504855154,0.6059417731009121,0.5199938256809545,0.7419631057818828,0.8657682394613433,0.53705833830451,37.8,37,5,105,700706
11,8,800,logistic_regression,coarse,0.9793508261667518,0.9622555134609515,0.9719143332080085,0.9811217588933846,0.9685265915794428,0.9755032703162805,0.949366769646826,0.7304647027426624,0.8593304467208787,0.5603605506446355,5.0,5,5,105,700706
11,8,800,logistic_regression,fine,0.7393100672750055,0.583362970968587,0.5854393733187095,0.7362781240299643,0.5894798733499664,0.5897673209110841,0.5148834594452424,0.7304647027426624,0.8593304467208787,0.5603605506446355,37.6,36,5,105,700706
12,8,800,logistic_regression,coarse,0.9868347067100895,0.9666898383616525,0.9819020786768154,0.9869450196935039,0.9718255772708687,0.9824659990314448,0.9518966592332585,0.7498223220580386,0.8709094827217121,0.5214169708836516,5.0,5,5,105,700706
12,8,800,logistic_regression,fine,0.7549842587333346,0.5866092887848076,0.5914435187294833,0.7515565929692722,0.5898009715687303,0.5942354602420148,0.5194977281715564,0.7498223220580386,0.8709094827217121,0.5214169708836516,38.2,37,5,105,700706
13,8,800,logistic_regression,coarse,0.9865649787500036,0.9676035087681951,0.9797183936088517,0.9865361655237288,0.9730094546019753,0.9819742313259411,0.956849078817667,0.7528478420336061,0.8725292776142919,0.5126543800110175,5.0,5,5,105,700706
13,8,800,logistic_regression,fine,0.7584935764785802,0.5899307152941901,0.5929487026059778,0.7522786198291724,0.595646256468574,0.6002105006718419,0.5198096488426223,0.7528478420336061,0.8725292776142919,0.5126543800110175,37.8,37,5,105,700706
14,8,800,logistic_regression,coarse,0.985076480007307,0.9548663674343023,0.9810797280907609,0.9853757840646835,0.9623087550799193,0.9817976087493623,0.9402182404059981,0.7433802479213821,0.8671868087329065,0.5352002123572511,5.0,5,5,105,700706
14,8,800,logistic_regression,fine,0.7492971374585061,0.5797055934172058,0.5892415770398476,0.7444716521245865,0.5823078435071853,0.5914188500617023,0.5155357916422494,0.7433802479213821,0.8671868087329065,0.5352002123572511,38.2,38,5,105,700706
15,8,800,logistic_regression,coarse,0.9806509434770074,0.9509027566801074,0.9672182065892706,0.9813952860465005,0.9576913366252402,0.9695184804806354,0.9394708015446619,0.7341438492035176,0.8612428036865676,0.5561904707537826,5.0,5,5,105,700706
15,8,800,logistic_regression,fine,0.7418346638961276,0.5657783024748206,0.5716254609345529,0.7396891536784478,0.5715381916290911,0.5759892387074805,0.5073360993000154,0.7341438492035176,0.8612428036865676,0.5561904707537826,37.4,36,5,105,700706
16,8,800,logistic_regression,coarse,0.9839675983936201,0.9663957817685969,0.9818221457562915,0.9843426377853639,0.9713948314335432,0.9830499563696682,0.9514975029776629,0.7399922364015721,0.8652858688237293,0.5400324815257754,5.0,5,5,105,700706
16,8,800,logistic_regression,fine,0.7466041392538383,0.5855229259091599,0.5916295559930367,0.7449474737703891,0.5889649493197309,0.5942455571367292,0.515469394903459,0.7399922364015721,0.8652858688237293,0.5400324815257754,38.0,37,5,105,700706
17,8,800,logistic_regression,coarse,0.9882033263594147,0.9621768725785799,0.9805048411343108,0.9875136588279294,0.9654959751573895,0.9823471816609433,0.9497220843313242,0.7527607869777053,0.8726662822924308,0.5178091810259938,5.0,5,5,105,700706
17,8,800,logistic_regression,fine,0.7571292382254469,0.5830175674745524,0.5838695211819462,0.7534768870017291,0.5873291780183034,0.5882193376648821,0.5172136051923616,0.7527607869777053,0.8726662822924308,0.5178091810259938,37.8,37,5,105,700706
18,8,800,logistic_regression,coarse,0.9801057790285798,0.9393687420808376,0.9709290346657278,0.978340778052739,0.9430217980994493,0.9705741757283632,0.9407743130333353,0.7364244062417048,0.8625564787514307,0.5482299281010866,5.0,5,5,105,700706
18,8,800,logistic_regression,fine,0.7450071784742817,0.5641132602458167,0.5713884981243562,0.7423253299857517,0.5651905255109022,0.5722779052557094,0.5092138322076982,0.7364244062417048,0.8625564787514307,0.5482299281010866,37.8,37,5,105,700706
19,8,800,logistic_regression,coarse,0.9850179675926851,0.9644134877416162,0.9743000909665669,0.9853461015729968,0.9693233957099376,0.9769025387620189,0.9517032704865296,0.743301755657865,0.8672674416945195,0.5321547125327883,5.0,5,5,105,700706
19,8,800,logistic_regression,fine,0.7495169157963539,0.5740211220623244,0.5771262987051816,0.746278234426951,0.5813748581776513,0.5842826289124613,0.5125908121086626,0.743301755657865,0.8672674416945195,0.5321547125327883,37.0,36,5,105,700706
0,8,1600,logistic_regression,coarse,0.9839918596387073,0.9672494187503737,0.9794138256738509,0.983886986638961,0.9701786001254739,0.980034767058801,0.950503258150067,0.7178303025805401,0.8543312031008725,0.5798323405251276,5.0,5,5,105,700706
0,8,1600,logistic_regression,fine,0.7246705465630379,0.5974023543873506,0.6239905122383579,0.7196433782524669,0.6003400467145459,0.6256943860585936,0.5264966780191437,0.7178303025805401,0.8543312031008725,0.5798323405251276,38.2,37,5,105,700706
1,8,1600,logistic_regression,coarse,0.985343353703265,0.9702557610244955,0.9838274076765243,0.984967953665842,0.9738036720774834,0.9842683401466316,0.9528958687611131,0.7344977779553764,0.8631344672373292,0.547333689164928,5.0,5,5,105,700706
1,8,1600,logistic_regression,fine,0.7409255807713935,0.60854679303643,0.6295628016701895,0.736739645117181,0.611819147738368,0.6323854163339222,0.5396505115514901,0.7344977779553764,0.8631344672373292,0.547333689164928,38.4,38,5,105,700706
2,8,1600,logistic_regression,coarse,0.9780920956863506,0.9600819297100294,0.9808733709847125,0.979349022145107,0.9657234631289648,0.9820179217381746,0.9467062979877334,0.7221730654511307,0.8550319249442705,0.5763158871195623,5.0,5,5,105,700706
2,8,1600,logistic_regression,fine,0.7319717542021904,0.6043974965009046,0.6296664022968727,0.7313305897375714,0.6104137718334851,0.6337621090979315,0.5344618942620278,0.7221730654511307,0.8550319249442705,0.5763158871195623,38.8,38,5,105,700706
3,8,1600,logistic_regression,coarse,0.98198245769267,0.9620976727792885,0.9812816689045455,0.9816857015918368,0.9666465443889525,0.9818765001964828,0.9472549748693919,0.7123743767000711,0.8512122059751165,0.5914063815637371,5.0,5,5,105,700706
3,8,1600,logistic_regression,fine,0.7204419542575631,0.6010842579222967,0.6302430891314064,0.7187774123541592,0.6065053073407864,0.6328424812267307,0.5311306136542893,0.7123743767000711,0.8512122059751165,0.5914063815637371,38.4,38,5,105,700706
4,8,1600,logistic_regression,coarse,0.9791695803946305,0.9535301061917119,0.9793163037419598,0.9799160915984839,0.9620504618959677,0.9813806827134869,0.9417190426372105,0.729238796299732,0.8586140264247772,0.5606259972085297,5.0,5,5,105,700706
4,8,1600,logistic_regression,fine,0.7380584724549241,0.6101088442996703,0.6316241621625032,0.7348717794992545,0.6151880954664468,0.6332881260283785,0.5353713707963879,0.729238796299732,0.8586140264247772,0.5606259972085297,38.2,38,5,105,700706
5,8,1600,logistic_regression,coarse,0.9791196307723924,0.9594101696193771,0.9777268015746531,0.9808688859644018,0.9664471462531884,0.9796807942239081,0.9498779293341808,0.7232220075181317,0.8558304053340487,0.5690603477064561,5.0,5,5,105,700706
5,8,1600,logistic_regression,fine,0.7325411798957052,0.6032936487138362,0.6273340632392963,0.7307018147724765,0.6040439831331147,0.6261468597494594,0.5321454377071908,0.7232220075181317,0.8558304053340487,0.5690603477064561,38.2,37,5,105,700706
6,8,1600,logistic_regression,coarse,0.9834638207750469,0.9651654560675142,0.9801694374387404,0.9838194460822909,0.9703289571395214,0.9814431185105695,0.9526667330354646,0.7281827185724112,0.8593504265697739,0.561396648523061,5.0,5,5,105,700706
6,8,1600,logistic_regression,fine,0.735237032364501,0.6038724249431245,0.6266078306576913,0.7326800563275025,0.6069072486420123,0.6287717574705308,0.5287251040084812,0.7281827185724112,0.8593504265697739,0.561396648523061,38.2,37,5,105,700706
7,8,1600,logistic_regression,coarse,0.9801757084997131,0.9652339989432239,0.9805971773084782,0.9816972263158669,0.9719576363877069,0.9828669232040461,0.9534710953404063,0.7281156433654058,0.8588780458566074,0.5550059511407066,5.0,5,5,105,700706
7,8,1600,logistic_regression,fine,0.7375803832135018,0.6076556391476277,0.6306991733487712,0.7340624961224134,0.6121209960342296,0.6340530151304813,0.5329381987663131,0.7281156433654058,0.8588780458566074,0.5550059511407066,38.8,38,5,105,700706
8,8,1600,logistic_regression,coarse,0.9759728045713895,0.9381464777912589,0.9745736771144087,0.9737004701303251,0.9415612456359181,0.9728328682577416,0.9313356332506534,0.7184782205375722,0.851708134367338,0.584633212788245,5.0,5,5,105,700706
8,8,1600,logistic_regression,fine,0.7274434641632868,0.5938213907086272,0.6162794692023729,0.7211361307019362,0.5965646073780486,0.6177453989735416,0.5283261566368654,0.7184782205375722,0.851708134367338,0.584633212788245,38.6,38,5,105,700706
9,8,1600,logistic_regression,coarse,0.9868361338421535,0.9682099072840848,0.981730665544206,0.9869705932097952,0.9733916428659874,0.9828306786537343,0.9550676824833177,0.7373078009892879,0.8647870861673798,0.5441654559829657,5.0,5,5,105,700706
9,8,1600,logistic_regression,fine,0.742738038492606,0.6112752585195634,0.6291407203059712,0.7379017839188726,0.614541476571879,0.6308819682241548,0.5397718968531289,0.7373078009892879,0.8647870861673798,0.5441654559829657,38.4,37,5,105,700706
10,8,1600,logistic_regression,coarse,0.9790040330752127,0.958371942675838,0.9777572593336574,0.978081033340119,0.9613412508773589,0.9779244518494952,0.9475755136996847,0.7210556210450603,0.8548421163797656,0.5745804945298028,5.0,5,5,105,700706
10,8,1600,logistic_regression,fine,0.7306801996843184,0.609202290580428,0.6307023238058059,0.7270107525808056,0.611588414678976,0.6327672180007811,0.5325255210130898,0.7210556210450603,0.8548421163797656,0.5745804945298028,38.4,38,5,105,700706
11,8,1600,logistic_regression,coarse,0.9723978387512023,0.9601758974055468,0.9712372221686643,0.9740368281652559,0.9657358994036824,0.9732981405636707,0.9452269234382703,0.7198054533570427,0.8521555402693854,0.5772692113382788,5.0,5,5,105,700706
11,8,1600,logistic_regression,fine,0.7319132417875686,0.606493085924613,0.6248820719972008,0.7278686156556429,0.6108523625806255,0.6274893509417707,0.5302021727617628,0.7198054533570427,0.8521555402693854,0.5772692113382788,38.2,37,5,105,700706
12,8,1600,logistic_regression,coarse,0.9857301064925946,0.9665772988500132,0.9841396614248834,0.9859698565787803,0.9728428863927275,0.9854893775455068,0.9529005587180664,0.738195477133063,0.8648377493556498,0.5455126686513316,5.0,5,5,105,700706
12,8,1600,logistic_regression,fine,0.7439453922187051,0.6044855428023337,0.6236171200010688,0.7390452682023768,0.6082171414263952,0.6266019631449562,0.5329963642968818,0.738195477133063,0.8648377493556498,0.5455126686513316,38.4,37,5,105,700706
13,8,1600,logistic_regression,coarse,0.9852177660816377,0.965431942455923,0.9848510489266635,0.9850935114399062,0.9709326516569086,0.9852257327276679,0.954399863285388,0.7290375706787154,0.8601567561859039,0.5609171321495748,5.0,5,5,105,700706
13,8,1600,logistic_regression,fine,0.7350957462901702,0.6029403068630095,0.6268405575482253,0.7292833730556905,0.6067586739871937,0.6295432772956707,0.5301437907686546,0.7290375706787154,0.8601567561859039,0.5609171321495748,38.6,38,5,105,700706
14,8,1600,logistic_regression,coarse,0.977731031274172,0.9512668911588629,0.9779324891462917,0.9781337450388514,0.95747498331811,0.9781987470016155,0.9397240819735805,0.721172645874304,0.854373303496759,0.5757079288603209,5.0,5,5,105,700706
14,8,1600,logistic_regression,fine,0.731015575719346,0.6029456033012595,0.6336377841025838,0.7253179680325558,0.6063006363298562,0.635734156641148,0.5294421636741358,0.721172645874304,0.854373303496759,0.5757079288603209,38.8,38,5,105,700706
15,8,1600,logistic_regression,coarse,0.9793165749972171,0.9548964731102279,0.9739029799384813,0.9796647608299167,0.9599690846582165,0.9748696676615408,0.9427800149133257,0.7177261219398721,0.852411710474864,0.5887005391704938,5.0,5,5,105,700706
15,8,1600,logistic_regression,fine,0.7255068459525108,0.5924605955750254,0.6140192203579893,0.7228350706407725,0.5955807641916601,0.6160895638843111,0.5291259628489384,0.7177261219398721,0.852411710474864,0.5887005391704938,38.0,37,5,105,700706
16,8,1600,logistic_regression,coarse,0.9809049729843901,0.9643723199228079,0.9813417504809954,0.9814117739713695,0.9694331943526944,0.9820625780575452,0.9497068457736986,0.7226625717490646,0.8557561944667236,0.574414947210385,5.0,5,5,105,700706
16,8,1600,logistic_regression,fine,0.7306074159490571,0.5901200622102437,0.615735892378258,0.7275774805817915,0.5948013756303158,0.6201088942063714,0.5238387551729845,0.7226625717490646,0.8557561944667236,0.574414947210385,38.4,38,5,105,700706
17,8,1600,logistic_regression,coarse,0.9856701669459088,0.9617260706149983,0.9840496340204037,0.9849897537160033,0.9636153195647059,0.9846399893710863,0.948681711760334,0.7338883925640711,0.8626742171467063,0.5521060187867665,5.0,5,5,105,700706
17,8,1600,logistic_regression,fine,0.7396782673475037,0.6011327245970641,0.6207548361732892,0.7360067480707794,0.6042206917969448,0.6225737231516577,0.5303911112174542,0.7338883925640711,0.8626742171467063,0.5521060187867665,38.6,38,5,105,700706
18,8,1600,logistic_regression,coarse,0.977518388596644,0.9539999664499204,0.973953736152118,0.9758498067079243,0.9551239487666067,0.9731737871689223,0.9443330906200427,0.7166757527408071,0.8517830588006953,0.5879099080070671,5.0,5,5,105,700706
18,8,1600,logistic_regression,fine,0.7260477290047467,0.5742237376130058,0.6027780966394839,0.7235062897220917,0.576225665095181,0.6027148288254227,0.5200409858886447,0.7166757527408071,0.8517830588006953,0.5879099080070671,38.4,38,5,105,700706
19,8,1600,logistic_regression,coarse,0.9836093882455694,0.9658681337172528,0.9782204276341726,0.9837454195624598,0.9699058449767787,0.9804009185829272,0.9530368027797118,0.726764149300848,0.8586026093682657,0.5657294214692039,5.0,5,5,105,700706
19,8,1600,logistic_regression,fine,0.733595830490962,0.5862011301925502,0.6075531799303427,0.7305597224608185,0.5931226048488196,0.614151946565686,0.521692649150151,0.726764149300848,0.8586026093682657,0.5657294214692039,37.8,37,5,105,700706
0,16,100,logistic_regression,coarse,0.9874226851204356,0.9688034826525793,0.9672248484476753,0.9873115695624349,0.9694460143744517,0.9657433155739386,0.9574010551592461,0.7584593253090455,0.8748041261242233,0.5070514595279618,5.0,5,5,105,700706
0,16,100,logistic_regression,fine,0.7621855671280109,0.5354517799975987,0.5225903475424726,0.7576361626002833,0.5377693037516165,0.5257881220965099,0.4798925130949187,0.7584593253090455,0.8748041261242233,0.5070514595279618,35.8,35,5,105,700706
1,16,100,logistic_regression,coarse,0.988864088505022,0.9670307924565253,0.9656752611538344,0.9889580963582447,0.9688853705036973,0.9654746830703296,0.9576560372539752,0.7543962803229886,0.8734362200409301,0.5112529363242215,5.0,5,5,105,700706
1,16,100,logistic_regression,fine,0.7580083515768382,0.5300323262461101,0.5162338498438539,0.7558812383470198,0.5328919588028936,0.5192630469846206,0.47955438233899383,0.7543962803229886,0.8734362200409301,0.5112529363242215,35.8,35,5,105,700706
2,16,100,logistic_regression,coarse,0.9864094213550334,0.9594989334603724,0.9576885397555405,0.986691281908566,0.9617100538942893,0.956294333026302,0.9467244913018344,0.7619686430542909,0.8764553179222099,0.49759528247224943,5.0,5,5,105,700706
2,16,100,logistic_regression,fine,0.7665012144893865,0.551182788926823,0.5399168437965137,0.7641336605006398,0.556370352682486,0.5438435987658522,0.4835700620969439,0.7619686430542909,0.8764553179222099,0.49759528247224943,36.6,35,5,105,700706
3,16,100,logistic_regression,coarse,0.9908064152440539,0.9656463582373253,0.9619306825021419,0.9904010260670049,0.9655581678595031,0.9585545075005122,0.946399590696769,0.759519684432558,0.876346142319318,0.5033837301236181,5.0,5,5,105,700706
3,16,100,logistic_regression,fine,0.761885869394582,0.5392111322159919,0.5237341257466087,0.7601289847361674,0.5414952716012918,0.5250049152803402,0.47467521437317867,0.759519684432558,0.876346142319318,0.5033837301236181,36.0,35,5,105,700706
4,16,100,logistic_regression,coarse,0.9899572716660054,0.9715097927460713,0.9792725405837054,0.9899365707486001,0.9752449248882368,0.9819650163361405,0.959614413645646,0.7569779622266686,0.8750060653112718,0.5067089478326146,5.0,5,5,105,700706
4,16,100,logistic_regression,fine,0.7600548589565381,0.5643196921859308,0.5547367835382042,0.7576185585957472,0.5693773413183885,0.5612510562341623,0.4921580991800183,0.7569779622266686,0.8750060653112718,0.5067089478326146,37.2,37,5,105,700706
5,16,100,logistic_regression,coarse,0.9895434033674608,0.9708725294551263,0.9765216045056171,0.9898889100633893,0.9733263711676969,0.9760397315187348,0.9585479793640616,0.7647429877866038,0.8787993823372428,0.4899715429866449,5.0,5,5,105,700706
5,16,100,logistic_regression,fine,0.7680553613070247,0.5448362904182978,0.5318503068674885,0.7665707516453528,0.5472655472190646,0.532900950619973,0.4866191654649584,0.7647429877866038,0.8787993823372428,0.4899715429866449,36.4,35,5,105,700706
6,16,100,logistic_regression,coarse,0.9893321878219967,0.9723318753872163,0.9753073356456072,0.9894673151635941,0.9741497456501319,0.975475990304062,0.9613950575845482,0.7577086538434094,0.8750046381792078,0.508607033477664,5.0,5,5,105,700706
6,16,100,logistic_regression,fine,0.760677088536419,0.5391036916830277,0.5301180724083248,0.7596502086639428,0.5399433240904137,0.5305659838642302,0.48154047151039664,0.7577086538434094,0.8750046381792078,0.508607033477664,36.2,36,5,105,700706
7,16,100,logistic_regression,coarse,0.9871643742168613,0.9631976502788564,0.9648449762989305,0.9871060522580416,0.9673793186581829,0.96675551283455,0.9541157866803701,0.7590073440216011,0.874998929650952,0.5067460532662772,5.0,5,5,105,700706
7,16,100,logistic_regression,fine,0.7628334850850428,0.548147071697405,0.534082662942305,0.7608076469864623,0.554311890346412,0.5402486659174888,0.48121635067340107,0.7590073440216011,0.874998929650952,0.5067460532662772,36.6,35,5,105,700706
8,16,100,logistic_regression,coarse,0.9911717610524242,0.9715994749235112,0.9760100924867186,0.9913126722580069,0.9743454817351858,0.9752886265718445,0.9599582191869844,0.7696523220865813,0.8816729127479999,0.4813716451693007,5.0,5,5,105,700706
8,16,100,logistic_regression,fine,0.7721740644435755,0.551022363208761,0.5372148757097759,0.7700347762482214,0.5535793744007464,0.5388413338063813,0.4874369325985347,0.7696523220865813,0.8816729127479999,0.4813716451693007,36.6,36,5,105,700706
9,16,100,logistic_regression,coarse,0.9881605123974962,0.9663468605290815,0.9656279521125433,0.9877503071609827,0.9694728357247973,0.966641952256083,0.9531172590572765,0.7582966322537555,0.8752237029510237,0.5047766110180304,5.0,5,5,105,700706
9,16,100,logistic_regression,fine,0.7622868935045511,0.5385684542598316,0.5250187307131099,0.7598196913000512,0.5403582330814213,0.5268335606129897,0.48002898706220215,0.7582966322537555,0.8752237029510237,0.5047766110180304,36.2,35,5,105,700706
10,16,100,logistic_regression,coarse,0.9884759085836285,0.9711429234495096,0.9786053310247119,0.9882851468067493,0.975623621774788,0.9811516974792875,0.9592688831474427,0.7603046070677288,0.8760949670760633,0.5015541468176382,5.0,5,5,105,700706
10,16,100,logistic_regression,fine,0.7637140255684981,0.5480324835473258,0.5351134651254162,0.7595554531921449,0.5556434574101685,0.543170749296452,0.4853724446423597,0.7603046070677288,0.8760949670760633,0.5015541468176382,36.6,35,5,105,700706
11,16,100,logistic_regression,coarse,0.9889140381272602,0.9689706581657183,0.9739189473902676,0.9891869180138374,0.9731806479903847,0.976968153684641,0.9581885351338942,0.7645917117878254,0.8786723675835515,0.4919267139142522,5.0,5,5,105,700706
11,16,100,logistic_regression,fine,0.7684306970398427,0.5387805558563322,0.5232856697317707,0.7670843720463031,0.5433412060609444,0.5273576854761257,0.4790056640313273,0.7645917117878254,0.8786723675835515,0.4919267139142522,36.8,36,5,105,700706
12,16,100,logistic_regression,coarse,0.9896033429141466,0.9706843421870266,0.97789086230701,0.9894890132471528,0.974185946887622,0.9779440611295245,0.9582014516703506,0.7635955736071904,0.8779302589102991,0.4972784591540532,5.0,5,5,105,700706
12,16,100,logistic_regression,fine,0.7662571749064515,0.5513566879733396,0.5370783568091634,0.7646222501989759,0.5527213356062775,0.537180182044653,0.4860170971575035,0.7635955736071904,0.8779302589102991,0.4972784591540532,36.0,35,5,105,700706
13,16,100,logistic_regression,coarse,0.9899929499676041,0.9727599228924877,0.9791381972543423,0.9901526402937184,0.9760536576185423,0.9802837931654194,0.9609102069836377,0.7607113397059537,0.876665819901642,0.5066347369652893,5.0,5,5,105,700706
13,16,100,logistic_regression,fine,0.76333868983568,0.5446838318172406,0.5360580738630607,0.7612237532654962,0.5504895820432015,0.5406741590831802,0.4820079289969639,0.7607113397059537,0.876665819901642,0.5066347369652893,36.2,35,5,105,700706
14,16,100,logistic_regression,coarse,0.989807422799291,0.9711380315257248,0.9771562001605225,0.9898007376659055,0.9737232320458287,0.976217133697643,0.9593143642688267,0.7595525084700288,0.8760385953595374,0.5047366513202399,5.0,5,5,105,700706
14,16,100,logistic_regression,fine,0.7622697679197837,0.533138697499264,0.5264124772939497,0.7597174763837611,0.5333461159552143,0.525789059432914,0.4786304246398716,0.7595525084700288,0.8760385953595374,0.5047366513202399,36.6,35,5,105,700706
15,16,100,logistic_regression,coarse,0.9888997668066207,0.9698537634472313,0.9745532142327932,0.9887402458322513,0.9720772557413568,0.9742689420222643,0.9579397172784377,0.7574075289779165,0.8747070811438749,0.508635576118943,5.0,5,5,105,700706
15,16,100,logistic_regression,fine,0.760514395481129,0.5306674548171614,0.5177949756189872,0.7593514141657367,0.5350759401290507,0.5218971644311546,0.47472507608879644,0.7574075289779165,0.8747070811438749,0.508635576118943,36.4,35,5,105,700706
16,16,100,logistic_regression,coarse,0.9879949650780784,0.9700885788649009,0.9697971261230756,0.9878798321601167,0.9716793794627703,0.9699788509089317,0.9562295474694817,0.758820389721224,0.8750916932351086,0.505110559920994,5.0,5,5,105,700706
16,16,100,logistic_regression,fine,0.7621884213921388,0.5379126594209099,0.5219115401021525,0.758470954462672,0.5384273713108756,0.5220048922695,0.47135549685845585,0.758820389721224,0.8750916932351086,0.505110559920994,36.8,36,5,105,700706
17,16,100,logistic_regression,coarse,0.9892579769546714,0.9645192147158527,0.9614349646259562,0.9887218464314034,0.9657121427184713,0.9603117291014721,0.9507801867112777,0.7657319903069191,0.87914189403259,0.4885301396020585,5.0,5,5,105,700706
17,16,100,logistic_regression,fine,0.7690258111105085,0.5286055219262987,0.514823993652944,0.7659844409750801,0.5279956962319557,0.51442403582667,0.47787370894773445,0.7657319903069191,0.87914189403259,0.4885301396020585,36.4,36,5,105,700706
18,16,100,logistic_regression,coarse,0.9879864022856947,0.9620829513349562,0.9613185202299201,0.9878191947408916,0.9629583725180909,0.9600876695545942,0.9528948399682766,0.7637868093037593,0.8776926414216519,0.4945726167608098,5.0,5,5,105,700706
18,16,100,logistic_regression,fine,0.7673988805576091,0.5398017640141239,0.5265869905560704,0.7658695283913896,0.5410063713705012,0.527022481290079,0.4803950904048336,0.7637868093037593,0.8776926414216519,0.4945726167608098,36.2,35,5,105,700706
19,16,100,logistic_regression,coarse,0.9882532759816528,0.971473187927589,0.9746179351873744,0.9886344263683788,0.9757168449461829,0.9774277035059834,0.96143363822308,0.7569180226799828,0.8746086090314625,0.5068516610390092,5.0,5,5,105,700706
19,16,100,logistic_regression,fine,0.7609639420812723,0.5347029703674753,0.523355858050065,0.7605193691981863,0.5415827617196788,0.5295971893479343,0.4771583527024236,0.7569180226799828,0.8746086090314625,0.5068516610390092,36.0,35,5,105,700706
0,16,200,logistic_regression,coarse,0.9872500021406981,0.9706939608253367,0.9805269539628835,0.987304695585178,0.9739066706971886,0.981162531693036,0.9559835245276092,0.7575530964484392,0.8747884276715199,0.504733797056112,5.0,5,5,105,700706
0,16,200,logistic_regression,fine,0.7623268532023416,0.5818122748312573,0.5790386865850712,0.757102835811385,0.583154551898309,0.579842384535836,0.5128102025984629,0.7575530964484392,0.8747884276715199,0.504733797056112,37.2,36,5,105,700706
1,16,200,logistic_regression,coarse,0.9873441928569185,0.965746987725667,0.969535859914077,0.987202909158751,0.9686787266517269,0.9701018765753672,0.9534772707560778,0.7549699874126952,0.8735382599835023,0.507716503069761,5.0,5,5,105,700706
1,16,200,logistic_regression,fine,0.7597323271100861,0.5603990417183103,0.5524172381347986,0.7571857081291318,0.5620261790356276,0.5543453687839628,0.5039329008750495,0.7549699874126952,0.8735382599835023,0.507716503069761,36.2,35,5,105,700706
2,16,200,logistic_regression,coarse,0.9868575408231127,0.9595417709855086,0.9605703719368005,0.9869576046449392,0.961794612038178,0.9591472102209864,0.9454424463456056,0.7607669978564476,0.8762298310561063,0.4984344361258502,5.0,5,5,105,700706
2,16,200,logistic_regression,fine,0.7656021212890999,0.5712009466922543,0.5656684894218714,0.7624878449709814,0.5772211168213892,0.5700988021497323,0.5040387321281697,0.7607669978564476,0.8762298310561063,0.4984344361258502,37.2,35,5,105,700706
3,16,200,logistic_regression,coarse,0.9893207707654851,0.9658042173597565,0.9791311891605353,0.9892014087038247,0.9700210375445424,0.9786761827664835,0.9516738417918712,0.7565755109846355,0.8746949505213314,0.5073197603559838,5.0,5,5,105,700706
3,16,200,logistic_regression,fine,0.7600691302771776,0.5611367529560382,0.5592178141604734,0.7589660261504901,0.5654116383362813,0.5610634514024315,0.49971876706157514,0.7565755109846355,0.8746949505213314,0.5073197603559838,37.2,37,5,105,700706
4,16,200,logistic_regression,coarse,0.9882632659061004,0.9751844993038098,0.985103822671433,0.9881577972756522,0.9783188748671485,0.9861333254575321,0.9617322756555158,0.7578898996155307,0.8752779339694536,0.5029698618250735,5.0,5,5,105,700706
4,16,200,logistic_regression,fine,0.7622926020328069,0.59471309307642,0.5904223776953285,0.7600743567695105,0.6000047473776475,0.5942000335721735,0.5182585896633842,0.7578898996155307,0.8752779339694536,0.5029698618250735,38.0,38,5,105,700706
5,16,200,logistic_regression,coarse,0.9880763116057234,0.9671166384548885,0.9785456319681541,0.9885950387491597,0.9715113498793861,0.9787454229711778,0.9559992573767719,0.7602774915585139,0.87656021212891,0.49776368405579513,5.0,5,5,105,700706
5,16,200,logistic_regression,fine,0.7650441126520966,0.5649344879237538,0.5597521803320679,0.7627206560479077,0.5663483415835593,0.5595891016797219,0.5055023216097957,0.7602774915585139,0.87656021212891,0.49776368405579513,37.0,36,5,105,700706
6,16,200,logistic_regression,coarse,0.989483463820775,0.9697478346891767,0.9793011767735657,0.9894093799217968,0.9720972978891226,0.9786971812541625,0.9590576272560712,0.7568281133599541,0.8747991311619995,0.5087240583069076,5.0,5,5,105,700706
6,16,200,logistic_regression,fine,0.7601147985032239,0.5551651197772985,0.5541789432593924,0.7586993542165424,0.5574975444891029,0.5564117956680897,0.5012258216179931,0.7568281133599541,0.8747991311619995,0.5087240583069076,36.4,36,5,105,700706
7,16,200,logistic_regression,coarse,0.9869074904453509,0.9654885756724975,0.9773389377230597,0.9870957830211708,0.9713782948022184,0.9796395496867755,0.9566074422907722,0.7530305149377913,0.8720740224858928,0.5177949097053544,5.0,5,5,105,700706
7,16,200,logistic_regression,fine,0.7572405545264348,0.5794818664456133,0.5748308323313994,0.7557222805321732,0.585157322430239,0.5803751868319049,0.5073568984959815,0.7530305149377913,0.8720740224858928,0.5177949097053544,37.2,36,5,105,700706
8,16,200,logistic_regression,coarse,0.990776445470711,0.9719903915230175,0.9791351798166295,0.9907819438228991,0.9740349656489876,0.9768759362623447,0.9599687604261794,0.7630318564419314,0.878332710152332,0.4942158337448231,5.0,5,5,105,700706
8,16,200,logistic_regression,fine,0.7658889748339531,0.573390807023432,0.5681619387373352,0.7632335437896208,0.5741894742628744,0.5675724046792121,0.5076851297558875,0.7630318564419314,0.878332710152332,0.4942158337448231,37.0,36,5,105,700706
9,16,200,logistic_regression,coarse,0.9880763116057234,0.9645675215258566,0.9724559281353681,0.9879443617537691,0.9690183094442414,0.973355719915762,0.9535191413337707,0.7556778449164129,0.8738579375658264,0.5095432321116131,5.0,5,5,105,700706
9,16,200,logistic_regression,fine,0.7596395635259295,0.5659517877092707,0.5601741998418238,0.7559219070295466,0.5666930540647659,0.5604557880083495,0.5051916750159567,0.7556778449164129,0.8738579375658264,0.5095432321116131,37.0,36,5,105,700706
10,16,200,logistic_regression,coarse,0.9888483900523186,0.9716702634247454,0.9821819901077602,0.9886351406659252,0.9759242649926119,0.9846734127176934,0.9584991688939561,0.7601190798994157,0.8761784543018042,0.5010460878028731,5.0,5,5,105,700706
10,16,200,logistic_regression,fine,0.7635085185512896,0.5709585025364132,0.5635453581274847,0.7602879770283829,0.5766929487714368,0.570374987614867,0.5060306066434129,0.7601190798994157,0.8761784543018042,0.5010460878028731,37.2,36,5,105,700706
11,16,200,logistic_regression,coarse,0.989325052161677,0.9701636468271809,0.9775676400699795,0.9894950251647353,0.9746446653970008,0.9805568567746572,0.9598767702559333,0.7616789352453097,0.8772159793122936,0.49790925152631776,5.0,5,5,105,700706
11,16,200,logistic_regression,fine,0.7651069064629102,0.5670974368782464,0.5552142237912658,0.764268737388544,0.5723406315926445,0.5602467828097051,0.5044269690741775,0.7616789352453097,0.8772159793122936,0.49790925152631776,37.4,36,5,105,700706
12,16,200,logistic_regression,coarse,0.988030643379677,0.9695318992886165,0.981238406553343,0.9881866628014652,0.9742682636424569,0.9827384922218803,0.9558808639060977,0.7621655872791157,0.8772259692367412,0.4962566325962672,5.0,5,5,105,700706
12,16,200,logistic_regression,fine,0.7664212950938054,0.5779105969372998,0.5704756847615774,0.7639646271046039,0.5798009258997908,0.5710143674551563,0.5121533416210379,0.7621655872791157,0.8772259692367412,0.4962566325962672,36.6,36,5,105,700706
13,16,200,logistic_regression,coarse,0.988625757450343,0.9720039004177154,0.982709373323833,0.9887588957085409,0.9766205925066291,0.9836495971277139,0.9608121644814859,0.7601219341635437,0.8764917097898405,0.4999557589060176,5.0,5,5,105,700706
13,16,200,logistic_regression,fine,0.7643576621293381,0.5813198838019231,0.5771987946346709,0.7618292228269964,0.5878983850747991,0.5830957565722574,0.5062090100289537,0.7601219341635437,0.8764917097898405,0.4999557589060176,37.4,35,5,105,700706
14,16,200,logistic_regression,coarse,0.9868404152383453,0.9680254219553243,0.9805516322144312,0.987183673123482,0.9730384720011426,0.9816873324125478,0.9522858170363905,0.7553153533721704,0.8734597677199852,0.5099542461460299,5.0,5,5,105,700706
14,16,200,logistic_regression,fine,0.7600791202016253,0.5771886810657567,0.5815994745596298,0.7556055916101257,0.5800865875910619,0.5839175312032746,0.50979448456494,0.7553153533721704,0.8734597677199852,0.5099542461460299,37.6,37,5,105,700706
15,16,200,logistic_regression,coarse,0.9874298207807554,0.9691078213937315,0.9779717362944019,0.9876463214753146,0.9716428532060295,0.9773399125580349,0.9559880246105693,0.7543177880594715,0.8732685320234164,0.510647832329108,5.0,5,5,105,700706
15,16,200,logistic_regression,fine,0.7591072432660774,0.5615303351917196,0.5556284523331972,0.7567196912790684,0.5677349916938557,0.5600701216808128,0.5005083238008811,0.7543177880594715,0.8732685320234164,0.510647832329108,37.2,37,5,105,700706
16,16,200,logistic_regression,coarse,0.9887499179399063,0.9702725921558993,0.980187842888577,0.9889020189256779,0.9738156616930758,0.9815261839543297,0.9543912986021937,0.7541722205889488,0.8733570142113811,0.5119722108844508,5.0,5,5,105,700706
16,16,200,logistic_regression,fine,0.7579641104828558,0.5647169684777414,0.5580601287151264,0.7551879742078704,0.5666306979205487,0.5587753485718222,0.5000368037943195,0.7541722205889488,0.8733570142113811,0.5119722108844508,37.4,36,5,105,700706
17,16,200,logistic_regression,coarse,0.9896218956309779,0.9712999415017594,0.9802922564998973,0.989646237523062,0.9761399708971045,0.982649521656376,0.9594511904533974,0.7635013828909699,0.8783419865107477,0.4926231543614583,5.0,5,5,105,700706
17,16,200,logistic_regression,fine,0.7670620773905176,0.5733617404484452,0.5664437329312042,0.7643922567320907,0.5764768726164394,0.5704394833232305,0.5090393987307358,0.7635013828909699,0.8783419865107477,0.4926231543614583,37.8,37,5,105,700706
18,16,200,logistic_regression,coarse,0.9880206534552295,0.9625932207886739,0.9699054923659297,0.9878447310719866,0.9648204894732455,0.9704636426387425,0.9532112095056002,0.7580896981044832,0.8750139145376234,0.5063664361372673,5.0,5,5,105,700706
18,16,200,logistic_regression,fine,0.7620071756200175,0.5674534867288374,0.5615380640459605,0.761601367188231,0.5701843094011125,0.5641654004929384,0.5050676690712705,0.7580896981044832,0.8750139145376234,0.5063664361372673,37.4,36,5,105,700706
19,16,200,logistic_regression,coarse,0.9865564159576199,0.971129693545618,0.9808607233565114,0.9869598604250598,0.9752869151486973,0.9822929428775937,0.9578145234902862,0.7536327646687769,0.8730273467046094,0.508173185330224,5.0,5,5,105,700706
19,16,200,logistic_regression,fine,0.7594982774515988,0.5653109384562182,0.5644685170095757,0.7594370422880589,0.5703821004703717,0.5674585099808053,0.50047615892168,0.7536327646687769,0.8730273467046094,0.508173185330224,36.6,36,5,105,700706
0,16,400,logistic_regression,coarse,0.9858514127180301,0.9699282873136831,0.9803598978540101,0.9859676493460526,0.9735980282557716,0.9812812687271487,0.9555307124700665,0.7466184105744778,0.8690435075481014,0.5260722756762465,5.0,5,5,105,700706
0,16,400,logistic_regression,fine,0.7522356023781729,0.5928029909549859,0.6007359721565481,0.747300276258555,0.5917741025289409,0.59930241830256,0.5235367036789901,0.7466184105744778,0.8690435075481014,0.5260722756762465,37.6,37,5,105,700706
1,16,400,logistic_regression,coarse,0.9861425476590753,0.9674656444645311,0.9800670404360952,0.9861468513943302,0.9714184518069418,0.9811598145873163,0.952237270465353,0.7493884739105987,0.8706725787990969,0.518260154758201,5.0,5,5,105,700706
1,16,400,logistic_regression,fine,0.7552026099391186,0.5936802523451042,0.5971044577271063,0.750858244472594,0.5977766921189829,0.6003246116233949,0.5243396169085354,0.7493884739105987,0.8706725787990969,0.518260154758201,37.4,36,5,105,700706
2,16,400,logistic_regression,coarse,0.9874712076106099,0.9688747435051737,0.983124359711697,0.9876233252972739,0.9735698888005093,0.9835555960916157,0.9553313809305826,0.7560132209514404,0.8741383690163921,0.5069344346987181,5.0,5,5,105,700706
2,16,400,logistic_regression,fine,0.7608055304221742,0.6019780807736945,0.6086435435117765,0.7576616630913373,0.6086026088844273,0.6138442565454271,0.5291268350791093,0.7560132209514404,0.8741383690163921,0.5069344346987181,38.6,38,5,105,700706
3,16,400,logistic_regression,coarse,0.98778945806087,0.9671197102490732,0.9836484830582028,0.9875079401627529,0.9720432206818123,0.9839354085613177,0.9536865904433509,0.7420016383476095,0.8671832409027467,0.5363390637442808,5.0,5,5,105,700706
3,16,400,logistic_regression,fine,0.7465770237446233,0.5759209240441828,0.5873571830825169,0.7440102062749745,0.5798430159471492,0.5880076057324859,0.5131435226460647,0.7420016383476095,0.8671832409027467,0.5363390637442808,38.2,37,5,105,700706
4,16,400,logistic_regression,coarse,0.9872285951597389,0.972836417775359,0.9842769926515368,0.9870861800748882,0.9765111105923001,0.9853991552701368,0.9584326027203098,0.7536427545932245,0.8730822912890713,0.5111273487025942,5.0,5,5,105,700706
4,16,400,logistic_regression,fine,0.7589359874184037,0.6119016657501274,0.6157568018275867,0.7569053899150817,0.6173193072096352,0.61929598820166,0.5344959060103219,0.7536427545932245,0.8730822912890713,0.5111273487025942,38.4,38,5,105,700706
5,16,400,logistic_regression,coarse,0.9858799553593091,0.9643314201450723,0.9794891779106522,0.9861817391553194,0.9687420869485838,0.9796242912174977,0.9523276262263598,0.7529648668628498,0.872525709784132,0.5097858445624841,5.0,5,5,105,700706
5,16,400,logistic_regression,fine,0.759171464208955,0.5771527171167709,0.583959915048782,0.7568788398177371,0.5774635145121974,0.582855317632147,0.5215458600193509,0.7529648668628498,0.872525709784132,0.5097858445624841,37.8,37,5,105,700706
6,16,400,logistic_regression,coarse,0.9889625606174344,0.9682452018287124,0.9802661233449534,0.98869483221449,0.9704613560151213,0.9798107347227945,0.9575306071144979,0.7482738837686562,0.8705262977625423,0.524767876969799,5.0,5,5,105,700706
6,16,400,logistic_regression,fine,0.7520900349076503,0.5788624308605976,0.5864870560514692,0.7496580315307582,0.581515829656563,0.5879864922660202,0.5208662771891338,0.7482738837686562,0.8705262977625423,0.524767876969799,37.2,37,5,105,700706
7,16,400,logistic_regression,coarse,0.9843329442019906,0.9644436483089962,0.9831385117883065,0.9844481651465282,0.96955499614968,0.9835419268322617,0.9505344030028767,0.7435643479576313,0.8673445068259726,0.529231946065825,5.0,5,5,105,700706
7,16,400,logistic_regression,fine,0.7503560694499548,0.6002727394620393,0.6109639035626575,0.7477072757122057,0.6036935976738621,0.6130670605486456,0.5235668785718214,0.7435643479576313,0.8673445068259726,0.529231946065825,38.0,37,5,105,700706
8,16,400,logistic_regression,coarse,0.9893436048785083,0.9687248643225974,0.984968019525885,0.9895291780671993,0.9738498313120049,0.9850133886505776,0.9550926793802335,0.7518459953247154,0.87257922723653,0.5163335264718727,5.0,5,5,105,700706
8,16,400,logistic_regression,fine,0.7558148495945518,0.596922460381146,0.6066655002334114,0.7526500479832832,0.6004282966209515,0.6093808389931687,0.5265687687332298,0.7518459953247154,0.87257922723653,0.5163335264718727,38.2,37,5,105,700706
9,16,400,logistic_regression,coarse,0.9879864022856947,0.9711069462526055,0.9836983478745683,0.9878916675060049,0.975286367507436,0.9848296298424184,0.956631812178415,0.7455751770357325,0.8689971257560232,0.5300197229651238,5.0,5,5,105,700706
9,16,400,logistic_regression,fine,0.7500078492263517,0.5954087893835162,0.6052646420588715,0.7457592063518939,0.598003605284316,0.607225190041489,0.5265255308045781,0.7455751770357325,0.8689971257560232,0.5300197229651238,38.2,37,5,105,700706
10,16,400,logistic_regression,coarse,0.9883317682451699,0.9687934090537034,0.9813943291042116,0.9878469199620523,0.9723947356674119,0.9840380693924933,0.9560314132704194,0.749381338250279,0.8708452617788345,0.5217109600888247,5.0,5,5,105,700706
10,16,400,logistic_regression,fine,0.7533587553124991,0.5938148650849129,0.5940819360380412,0.7494816718471399,0.599274264483054,0.6010442746820536,0.5225059881522285,0.749381338250279,0.8708452617788345,0.5217109600888247,37.4,36,5,105,700706
11,16,400,logistic_regression,coarse,0.985664458417653,0.9662289728684688,0.9736779165143868,0.986326032769521,0.9707455995844347,0.9760375864492217,0.953745190506445,0.7469181083079066,0.8691619595094091,0.5262520943163038,5.0,5,5,105,700706
11,16,400,logistic_regression,fine,0.7526594606011651,0.5821652151811042,0.584463690374992,0.7513374306788628,0.5884768247065768,0.5893489407015347,0.5201021882675649,0.7469181083079066,0.8691619595094091,0.5262520943163038,38.0,36,5,105,700706
12,16,400,logistic_regression,coarse,0.9863509089404116,0.9680847826893123,0.9785215848109223,0.9862866208989264,0.9716423897282128,0.978098382592161,0.955093113894652,0.7504830842036461,0.8711114219087606,0.5187910478859893,5.0,5,5,105,700706
12,16,400,logistic_regression,fine,0.7558719348771097,0.5924077531376101,0.5948492286673698,0.752464390368535,0.5930426626987036,0.5948377293908745,0.5257694304462912,0.7504830842036461,0.8711114219087606,0.5187910478859893,37.8,36,5,105,700706
13,16,400,logistic_regression,coarse,0.9856416243046299,0.9702229399731557,0.9829602208943384,0.985638070932106,0.9745896496581047,0.9840152491278513,0.9567183211121113,0.7514934937049205,0.8717215208660979,0.5132766095908983,5.0,5,5,105,700706
13,16,400,logistic_regression,fine,0.7578014174275659,0.5960507935261022,0.6016330286421115,0.7533101685556743,0.6017605244584195,0.6073145687389023,0.5213960574895292,0.7514934937049205,0.8717215208660979,0.5132766095908983,37.8,36,5,105,700706
14,16,400,logistic_regression,coarse,0.9863823058458183,0.9684448687079028,0.9850892085180682,0.987171659080742,0.9744723282012006,0.9867532694939373,0.9530625702037147,0.7444534512334703,0.8682721426675382,0.5293746592722197,5.0,5,5,105,700706
14,16,400,logistic_regression,fine,0.750161979489258,0.589970341288979,0.6025490933711868,0.7459239007338356,0.5939124135609828,0.6052630567550744,0.521038322761352,0.7444534512334703,0.8682721426675382,0.5293746592722197,38.2,38,5,105,700706
15,16,400,logistic_regression,coarse,0.9850265303850688,0.9660033533586911,0.9782600145599684,0.9854053497099473,0.9697823593257366,0.9777338151872967,0.9531918144500123,0.742523968683014,0.8669406284518757,0.5316866132158138,5.0,5,5,105,700706
15,16,400,logistic_regression,fine,0.7488547265186826,0.5869093189430706,0.593039924069709,0.7459997849620492,0.5905203092279694,0.5944638531746861,0.5206696693238424,0.742523968683014,0.8669406284518757,0.5316866132158138,37.6,37,5,105,700706
16,16,400,logistic_regression,coarse,0.9860126786412561,0.9706121687355281,0.9814334330345436,0.9860388472585634,0.9738088767851615,0.9826123954030661,0.955759323633963,0.7423184616658056,0.8671047486392296,0.5314183123877917,5.0,5,5,105,700706
16,16,400,logistic_regression,fine,0.748196818637203,0.586521197111339,0.5902934264510139,0.7465069563558351,0.5908798175485732,0.5938788525404285,0.5183951541200263,0.7423184616658056,0.8671047486392296,0.5314183123877917,37.8,36,5,105,700706
17,16,400,logistic_regression,coarse,0.9891195451444685,0.969804287527736,0.9818395014742902,0.9890251700098113,0.974615048462214,0.9842315265518409,0.9570636301706864,0.7557192317462673,0.8744045291463182,0.5071884642061008,5.0,5,5,105,700706
17,16,400,logistic_regression,fine,0.7596895131481677,0.5937734634159282,0.5973220167905889,0.7560633136510195,0.5981462720880316,0.6027131954687683,0.5256982257317544,0.7557192317462673,0.8744045291463182,0.5071884642061008,38.0,37,5,105,700706
18,16,400,logistic_regression,coarse,0.9852577257794282,0.9629262490346445,0.9773507983592576,0.9849768986335588,0.96563134038893,0.9795561718758782,0.9509226431606788,0.7492671676851632,0.8703571826129647,0.5208204296809218,5.0,5,5,105,700706
18,16,400,logistic_regression,fine,0.7554566394465011,0.5839304099533056,0.5937174676367966,0.7542087932977625,0.5865795551031121,0.5972986412550652,0.5196246299787636,0.7492671676851632,0.8703571826129647,0.5208204296809218,38.0,37,5,105,700706
19,16,400,logistic_regression,coarse,0.9863352104877081,0.973407951229148,0.983337928028232,0.9869278128169579,0.9778758703328887,0.9848239643429032,0.9608936972472065,0.744165170556553,0.868250735686579,0.5273624030620545,5.0,5,5,105,700706
19,16,400,logistic_regression,fine,0.7501662608854498,0.5815861936501632,0.5886426012908029,0.7495141597815635,0.5871949539604905,0.5926303867286199,0.5154457677589589,0.744165170556553,0.868250735686579,0.5273624030620545,37.2,37,5,105,700706
0,16,800,logistic_regression,coarse,0.9863823058458183,0.9744715042355043,0.9851393718314523,0.9863819124123621,0.9775330043044695,0.9856651461808772,0.960426719648887,0.734159547656221,0.8631201959166898,0.5471481619966149,5.0,5,5,105,700706
0,16,800,logistic_regression,fine,0.7398580859875611,0.6150156867190923,0.6412428963560899,0.7349416688954772,0.6177946679803099,0.6427733794754132,0.5402339386822606,0.734159547656221,0.8631201959166898,0.5471481619966149,38.4,38,5,105,700706
1,16,800,logistic_regression,coarse,0.9860526383390467,0.971127860732038,0.9851394908151058,0.9859681955829087,0.9752521759560864,0.9857758387211849,0.9553042229145665,0.7421286531013007,0.8669149400747246,0.5327284196224951,5.0,5,5,105,700706
1,16,800,logistic_regression,fine,0.7477772418104026,0.6152532389949332,0.6331440130380991,0.742202683716398,0.6195823309703112,0.6376756126570388,0.540482231448742,0.7421286531013007,0.8669149400747246,0.5327284196224951,38.4,38,5,105,700706
2,16,800,logistic_regression,coarse,0.9862395926394236,0.9714433773699473,0.9846561883017386,0.9863710619176178,0.9754355110319504,0.9854717497698751,0.9581686669737144,0.7383995570182074,0.8651153265420876,0.540098129600717,5.0,5,5,105,700706
2,16,800,logistic_regression,fine,0.7439910604447514,0.6173174373724586,0.6402098766744124,0.7400604303098277,0.6237207382325592,0.6449727970174662,0.5403608133978479,0.7383995570182074,0.8651153265420876,0.540098129600717,38.8,38,5,105,700706
3,16,800,logistic_regression,coarse,0.98601410577332,0.9703848017385027,0.9861802598483607,0.9857951830518475,0.9738128080756644,0.9864547924613248,0.9569066990577892,0.7251215202952451,0.858433494218688,0.5683610529951221,5.0,5,5,105,700706
3,16,800,logistic_regression,fine,0.730852882664056,0.6019492217274266,0.6275882532489757,0.7275513744997717,0.6068556051072741,0.6304106633623001,0.5310557302759658,0.7251215202952451,0.858433494218688,0.5683610529951221,39.0,39,5,105,700706
4,16,800,logistic_regression,coarse,0.9877409355706959,0.972325107485748,0.986273888607937,0.9876365804172643,0.9760416617615324,0.9869108377714246,0.9582097013485475,0.7402305674562513,0.8664147302863112,0.5347663642098113,5.0,5,5,105,700706
4,16,800,logistic_regression,fine,0.7450885250019267,0.6227131282348193,0.6443392852261031,0.7425815420872881,0.6276624443608392,0.647139989918466,0.5430737184811121,0.7402305674562513,0.8664147302863112,0.5347663642098113,38.6,38,5,105,700706
5,16,800,logistic_regression,coarse,0.9817412723738629,0.9647235722457381,0.9757389965088944,0.9824347563674459,0.9684138454404044,0.9749173999891415,0.954454058445795,0.7244079542632716,0.8571141106255691,0.5662688773893758,5.0,5,5,105,700706
5,16,800,logistic_regression,fine,0.7324869488772752,0.5874969929744938,0.6122996941872412,0.7303427140801055,0.5881168857638335,0.6111050817534482,0.5263327550638771,0.7244079542632716,0.8571141106255691,0.5662688773893758,38.4,38,5,105,700706
6,16,800,logistic_regression,coarse,0.9881448139447928,0.97080779088417,0.9812268612098871,0.9881500089429405,0.9729463080439542,0.9805498119097175,0.958518199264853,0.7287007675116239,0.8606434082197099,0.5614451710132352,5.0,5,5,105,700706
6,16,800,logistic_regression,fine,0.7331420024946268,0.5952586539283785,0.6195167170993413,0.7286047678303681,0.5966829822236551,0.6200715843684577,0.5293352936032863,0.7287007675116239,0.8606434082197099,0.5614451710132352,37.8,37,5,105,700706
7,16,800,logistic_regression,coarse,0.9859213421891635,0.9692816108758769,0.9847179757094183,0.9861069181655971,0.9740140574928231,0.9855471954911179,0.955709542461221,0.7328922543834361,0.8622924593196005,0.5493801965446279,5.0,5,5,105,700706
7,16,800,logistic_regression,fine,0.7386635764500376,0.6064577150250122,0.6338430445464154,0.7345144194331431,0.6099742472503579,0.6357736017990456,0.5343976443118794,0.7328922543834361,0.8622924593196005,0.5493801965446279,38.8,38,5,105,700706
8,16,800,logistic_regression,coarse,0.9859641561510819,0.9682830565922161,0.9844737485314367,0.9857745294338888,0.9723962640819614,0.9846509468449434,0.9538930818089878,0.7322700248035553,0.8622446503954583,0.547199538750917,5.0,5,5,105,700706
8,16,800,logistic_regression,fine,0.7385251446398347,0.6134947592064125,0.6387078892805438,0.7345944219490422,0.6174840884860765,0.6412243871960487,0.5408763128295259,0.7322700248035553,0.8622446503954583,0.547199538750917,38.6,38,5,105,700706
9,16,800,logistic_regression,coarse,0.988032070511741,0.9736757041152797,0.985029791175427,0.9878033406838879,0.9770587306325467,0.9857438518284483,0.9600667916045209,0.7358178751145273,0.8642797407186467,0.545529794236099,5.0,5,5,105,700706
9,16,800,logistic_regression,fine,0.7405274109255522,0.6104209396497644,0.6315126957182015,0.7373338166680918,0.6159130395241839,0.6368970208294896,0.5371736260348442,0.7358178751145273,0.8642797407186467,0.545529794236099,38.8,38,5,105,700706
10,16,800,logistic_regression,coarse,0.9847853450662617,0.9679003149486574,0.9841465242351951,0.9841920405051894,0.9710976830088139,0.9846145705941298,0.953308195885192,0.7320231309564924,0.8616245615136734,0.5513467845287467,5.0,5,5,105,700706
10,16,800,logistic_regression,fine,0.738463777961085,0.6138702965199346,0.6350094082811489,0.735634404134874,0.6189947002690622,0.6404015664608693,0.5372498564153529,0.7320231309564924,0.8616245615136734,0.5513467845287467,38.4,38,5,105,700706
11,16,800,logistic_regression,coarse,0.9816056948277879,0.9676955108289839,0.9749321992199013,0.983299671679784,0.9727798785638011,0.9781794871795266,0.9556629206748265,0.7317805185056214,0.8606526845781255,0.554298093636989,5.0,5,5,105,700706
11,16,800,logistic_regression,fine,0.739699674328463,0.604802171716581,0.625140225183332,0.7364151508159437,0.6104657700453111,0.629418427467011,0.5312790709109849,0.7317805185056214,0.8606526845781255,0.554298093636989,38.4,36,5,105,700706
12,16,800,logistic_regression,coarse,0.985314811061986,0.971620191719744,0.9841588552025765,0.9856199554033309,0.975983448583231,0.9848525800357517,0.9603372299942846,0.7326496419325652,0.8620576960950812,0.5522144808236265,5.0,5,5,105,700706
12,16,800,logistic_regression,fine,0.7388005811281765,0.6071719846800859,0.6323812483008407,0.7362939954380479,0.6104968753656475,0.6336727760011054,0.5363229768623872,0.7326496419325652,0.8620576960950812,0.5522144808236265,38.6,38,5,105,700706
13,16,800,logistic_regression,coarse,0.9868190082573861,0.9718475352649973,0.9853733145698259,0.9868539735603701,0.9758719384296526,0.9862247384280494,0.9590464382180205,0.7380770251717553,0.8651931052395727,0.5399154566965317,5.0,5,5,105,700706
13,16,800,logistic_regression,fine,0.7435672022217592,0.6166757925394322,0.6436638942987682,0.7376238713159121,0.6216513927075891,0.6482372717455507,0.5424402859639731,0.7380770251717553,0.8651931052395727,0.5399154566965317,38.6,38,5,105,700706
14,16,800,logistic_regression,coarse,0.9858071716240477,0.9650762887454747,0.9852693673673996,0.9862946905887174,0.9713386073159299,0.9865235337695953,0.9507036094249529,0.7311012036431828,0.8614404614774241,0.5552599806480892,5.0,5,5,105,700706
14,16,800,logistic_regression,fine,0.7370737513308007,0.6041697478711269,0.6349019145518553,0.730979807790612,0.6083295989890315,0.6389031415445385,0.5326277695901753,0.7311012036431828,0.8614404614774241,0.5552599806480892,39.0,39,5,105,700706
15,16,800,logistic_regression,coarse,0.9823363864445288,0.965785168665873,0.979894921810702,0.9825391798989477,0.9701604323399099,0.9808141853782077,0.9522542905833806,0.7242966379622837,0.8571241005500166,0.5678358683955896,5.0,5,5,105,700706
15,16,800,logistic_regression,fine,0.7319118146555046,0.6074352389580654,0.6350778318501121,0.7281043784295458,0.6117102322043512,0.6387290722895149,0.5343476839350402,0.7242966379622837,0.8571241005500166,0.5678358683955896,38.6,38,5,105,700706
16,16,800,logistic_regression,coarse,0.9863423461480278,0.9717019429163181,0.9851205915874518,0.9863642407264451,0.975005132705018,0.9859086591690398,0.9565515891544061,0.7274491726915425,0.8596686770200341,0.562823780587008,5.0,5,5,105,700706
16,16,800,logistic_regression,fine,0.7329950078920403,0.5988933825185425,0.6232187279099749,0.7304559904233688,0.6031221180150644,0.6271241283767933,0.5292363934159466,0.7274491726915425,0.8596686770200341,0.562823780587008,38.8,38,5,105,700706
17,16,800,logistic_regression,coarse,0.9873927153470928,0.9711920170112371,0.9851322148809949,0.9870379381177442,0.9736949821801428,0.986042544246829,0.9580575865773046,0.7348074656132529,0.8637524154210182,0.5469369464511507,5.0,5,5,105,700706
17,16,800,logistic_regression,fine,0.7401121154949437,0.6048979724919716,0.6248877921436616,0.7358513290723881,0.6088950212418701,0.6289253517242813,0.5346020436100146,0.7348074656132529,0.8637524154210182,0.5469369464511507,38.4,37,5,105,700706
18,16,800,logistic_regression,coarse,0.9833410874175474,0.9548486617961416,0.97831137310804,0.9826553850271939,0.9535352110205182,0.9800557148751816,0.9478341944532609,0.7340311057704658,0.8621254848681187,0.5509557503432253,5.0,5,5,105,700706
18,16,800,logistic_regression,fine,0.74090988231869,0.5981711728570436,0.6201086169281071,0.7389568050715815,0.600589513732943,0.6227125245554923,0.5308432051741792,0.7340311057704658,0.8621254848681187,0.5509557503432253,38.4,38,5,105,700706
19,16,800,logistic_regression,coarse,0.9865207376560212,0.975809190779024,0.9849453313041382,0.9869595959696481,0.979099064801313,0.9858542547433817,0.963133694618765,0.732681038837972,0.8623923585640768,0.5501223052178803,5.0,5,5,105,700706
19,16,800,logistic_regression,fine,0.7382639794721324,0.6026401650728987,0.6246716386320322,0.7353443676811166,0.6072734968313033,0.6283262175173119,0.5298677906913385,0.732681038837972,0.8623923585640768,0.5501223052178803,38.4,38,5,105,700706
0,16,1600,logistic_regression,coarse,0.9883160697924664,0.9761411525330772,0.9867660176474802,0.9882824366955011,0.9785055772739634,0.9870875721306802,0.962368168026028,0.7176875893741455,0.8551111307738195,0.5801234754661727,5.0,5,5,105,700706
0,16,1600,logistic_regression,fine,0.7219061917551727,0.6216804436166433,0.6678045030461234,0.7169205926584804,0.6246285143707256,0.6698606629892881,0.5488673982960689,0.7176875893741455,0.8551111307738195,0.5801234754661727,38.8,38,5,105,700706
1,16,1600,logistic_regression,coarse,0.987602503760493,0.9761942655910358,0.9870990888015493,0.987551046144198,0.979458655640993,0.9875903302578696,0.9622973915929124,0.7418846135183658,0.8670269699417444,0.5345979626262655,5.0,5,5,105,700706
1,16,1600,logistic_regression,fine,0.7464514361229959,0.6292213411499782,0.670585178292932,0.7413609074821891,0.6334140506165098,0.6744964356191221,0.5558563766472908,0.7418846135183658,0.8670269699417444,0.5345979626262655,38.8,38,5,105,700706
2,16,1600,logistic_regression,coarse,0.9857971816996001,0.9689114914284571,0.9863832016898663,0.9861668508986491,0.9739945329922275,0.9870513777677999,0.9553623603892064,0.730878571041207,0.8611207838951,0.5564873142230836,5.0,5,5,105,700706
2,16,1600,logistic_regression,fine,0.7364443860906,0.6265831586548424,0.6739166471243295,0.7331051493546309,0.6321358690914911,0.677063701177981,0.5552376411961499,0.730878571041207,0.8611207838951,0.5564873142230836,39.0,39,5,105,700706
3,16,1600,logistic_regression,coarse,0.9871415401038381,0.9754885841848878,0.9872328383077381,0.9868951604961623,0.9781628896073847,0.9876054570107436,0.9627652162023667,0.7085125573350307,0.8501047514934937,0.6024124240408959,5.0,5,5,105,700706
3,16,1600,logistic_regression,fine,0.7130679628831493,0.6181929336250805,0.668030906121794,0.7079708094726391,0.6222136502619634,0.6707489524401244,0.5453090774775434,0.7085125573350307,0.8501047514934937,0.6024124240408959,39.0,39,5,105,700706
4,16,1600,logistic_regression,coarse,0.988488752772204,0.9697280981975489,0.9878689887410195,0.9884531071912848,0.9754722161389076,0.9886633828198714,0.9581016843501787,0.7324255821985255,0.862441594620283,0.5553798597414608,5.0,5,5,105,700706
4,16,1600,logistic_regression,fine,0.7363944364683619,0.6298306310669328,0.6735141549269275,0.7320977374277262,0.6361160812659902,0.6765812819629309,0.5566542760858832,0.7324255821985255,0.862441594620283,0.5553798597414608,39.0,39,5,105,700706
5,16,1600,logistic_regression,coarse,0.9853376451750092,0.9746452304778217,0.9828611330109475,0.9860091351999716,0.9779034168259066,0.9838597945676508,0.9636545187123067,0.7079759556789866,0.8494061703481917,0.6003173941710218,5.0,5,5,105,700706
5,16,1600,logistic_regression,fine,0.7134746955213741,0.6150504712597,0.6660527079258739,0.7121714817695863,0.6200259310676103,0.6686141354164687,0.5474906370383582,0.7079759556789866,0.8494061703481917,0.6003173941710218,38.6,38,5,105,700706
6,16,1600,logistic_regression,coarse,0.9874897603274412,0.9741140528765303,0.986403688343691,0.9876445554771105,0.9765778576404058,0.9874394548838777,0.9613701214057145,0.7163246782530762,0.8541528115928791,0.5854866377624852,5.0,5,5,105,700706
6,16,1600,logistic_regression,fine,0.7208158628583172,0.6220606001161979,0.6706876603948763,0.7141175859760414,0.6253414550185293,0.6734119446093102,0.5460363056441331,0.7163246782530762,0.8541528115928791,0.5854866377624852,38.8,38,5,105,700706
7,16,1600,logistic_regression,coarse,0.9876367549300277,0.9734126152034875,0.9880231875376481,0.9879777798439404,0.978630731348866,0.9890165118210078,0.9625233842622836,0.7207245264062245,0.8564883132155283,0.5749686744511964,5.0,5,5,105,700706
7,16,1600,logistic_regression,fine,0.725339871501029,0.6272840007462496,0.6748662651420622,0.7210491457325892,0.6325527686367357,0.6784608509136574,0.5522845125964929,0.7207245264062245,0.8564883132155283,0.5749686744511964,39.0,39,5,105,700706
8,16,1600,logistic_regression,coarse,0.9836407851509763,0.9640561410687372,0.9842732528990679,0.9836518075216919,0.9688387617567592,0.9848249916958128,0.9514931195272771,0.7227125213713027,0.8564583434421854,0.5659491998070517,5.0,5,5,105,700706
8,16,1600,logistic_regression,fine,0.7292759017333946,0.6261193773096873,0.6717002176517879,0.7242227662816206,0.6319254811383413,0.6745497906153789,0.5538978405392433,0.7227125213713027,0.8564583434421854,0.5659491998070517,39.0,39,5,105,700706
9,16,1600,logistic_regression,coarse,0.9891423792574917,0.9756890492881398,0.9877104433610991,0.989015885289736,0.9792946033665407,0.9885215834747834,0.9614571044251622,0.729131761394936,0.8611257788573239,0.5589676697502234,5.0,5,5,105,700706
9,16,1600,logistic_regression,fine,0.7331091784571561,0.6279439929504413,0.6688669107310875,0.7285106646327951,0.631641479167021,0.6718815949057468,0.5530833361597505,0.729131761394936,0.8611257788573239,0.5589676697502234,39.0,39,5,105,700706
10,16,1600,logistic_regression,coarse,0.9864964764109341,0.9697414411965013,0.9866664606095841,0.9861656427800872,0.9728916752663552,0.9869030527553535,0.9571268236501073,0.7174949265455127,0.8546201973438218,0.5809397950067503,5.0,5,5,105,700706
10,16,1600,logistic_regression,fine,0.7227439182767095,0.6263267751214153,0.671720655186438,0.7181374158569688,0.6290759649550494,0.6745249823119367,0.5511575328383633,0.7174949265455127,0.8546201973438218,0.5809397950067503,38.8,38,5,105,700706
11,16,1600,logistic_regression,coarse,0.9810890730206392,0.971445670089867,0.979244192272567,0.9828201733309173,0.974911981927629,0.9798533951186646,0.9589093176356918,0.7261419197209671,0.8573731350951754,0.5673163923243129,5.0,5,5,105,700706
11,16,1600,logistic_regression,fine,0.7336571971697117,0.6255589555786893,0.6682471295346522,0.730086433857367,0.6301080116638688,0.6706756383011255,0.5489354851901331,0.7261419197209671,0.8573731350951754,0.5673163923243129,38.8,38,5,105,700706
12,16,1600,logistic_regression,coarse,0.987926462739009,0.9733446729812758,0.9866652772477617,0.9878287312409038,0.9778020964038351,0.9873016969687614,0.9615780621392254,0.7233304695549917,0.8578390937140541,0.5709470162949939,5.0,5,5,105,700706
12,16,1600,logistic_regression,fine,0.7277517246890993,0.625128247687725,0.670212084369468,0.7232445533721531,0.630105840628532,0.6737727249183996,0.5503027634118193,0.7233304695549917,0.8578390937140541,0.5709470162949939,39.0,39,5,105,700706
13,16,1600,logistic_regression,coarse,0.9888469629202548,0.9750214742375796,0.9872798563925317,0.9890144198857628,0.9786121900218321,0.9878961623519043,0.9615455796493225,0.728513813211247,0.8606783729552765,0.5592502418988848,5.0,5,5,105,700706
13,16,1600,logistic_regression,fine,0.7325097829902983,0.6257296681226596,0.6758899437184351,0.7271667847052032,0.6304533387323242,0.6794243155892812,0.5526356354951543,0.728513813211247,0.8606783729552765,0.5592502418988848,39.0,39,5,105,700706
14,16,1600,logistic_regression,coarse,0.9841559798260612,0.9626802393518737,0.9856047249526234,0.9843805880178607,0.9689732774590016,0.986588481807785,0.9535252368275189,0.7178545638256273,0.8541813542341581,0.5795297885275708,5.0,5,5,105,700706
14,16,1600,logistic_regression,fine,0.7242067286422551,0.6310821353218655,0.6829815554012765,0.7171787863454576,0.6362015139625848,0.6864239781765045,0.5520230807882395,0.7178545638256273,0.8541813542341581,0.5795297885275708,39.0,39,5,105,700706
15,16,1600,logistic_regression,coarse,0.983189811418769,0.9625555194648439,0.9845114014504007,0.9829447029879768,0.968352217626981,0.9851598363912355,0.9512003200733378,0.7179444731456559,0.8537874657845088,0.5808827097241924,5.0,5,5,105,700706
15,16,1600,logistic_regression,fine,0.7243851201502485,0.6262792743486,0.675776410808777,0.7202835326066909,0.6298939037097244,0.6782801240859281,0.5513253791590895,0.7179444731456559,0.8537874657845088,0.5808827097241924,39.0,39,5,105,700706
16,16,1600,logistic_regression,coarse,0.9871372587076462,0.9731767832193843,0.9870561290555188,0.9874361656842847,0.9762767777378032,0.9874678950364567,0.9575215077583639,0.7258721917608811,0.858863774535968,0.5664087363316427,5.0,5,5,105,700706
16,16,1600,logistic_regression,fine,0.7305902903642897,0.6088586369003604,0.6532476120969528,0.727315291877812,0.6142104156137842,0.6580712366330181,0.5416647335661275,0.7258721917608811,0.858863774535968,0.5664087363316427,39.0,39,5,105,700706
17,16,1600,logistic_regression,coarse,0.9892751025394388,0.9757046566970672,0.9878299258495151,0.9888094893846594,0.9770349516558328,0.9882800549554867,0.9631236520462494,0.7263103213045129,0.8597343250949756,0.5630549759813673,5.0,5,5,105,700706
17,16,1600,logistic_regression,fine,0.7301935476505125,0.6298075181922551,0.6717082017750433,0.7247467229357468,0.6329809723939557,0.6738424832896959,0.5546011423355207,0.7263103213045129,0.8597343250949756,0.5630549759813673,39.0,39,5,105,700706
18,16,1600,logistic_regression,coarse,0.9844499690312342,0.9648529287860098,0.9844323066031002,0.9832537400744402,0.9614839048894991,0.9846267102865432,0.9544440011832314,0.7229936663879002,0.8566367349501788,0.5748687752067201,5.0,5,5,105,700706
18,16,1600,logistic_regression,fine,0.7288235008691234,0.6117531804141029,0.6610079632136718,0.7250263835087546,0.6148612723439922,0.6621107762023197,0.5452811197387067,0.7229936663879002,0.8566367349501788,0.5748687752067201,39.0,39,5,105,700706
19,16,1600,logistic_regression,coarse,0.9892394242378402,0.9788071110366644,0.9876572361524859,0.9895560885904718,0.9823953689174905,0.9885781841055911,0.9661217892624504,0.7247861442602176,0.8588937443093109,0.5693657539681407,5.0,5,5,105,700706
19,16,1600,logistic_regression,fine,0.7285480643807817,0.6188427334211519,0.6633704116026247,0.7262081144690522,0.6237800649721359,0.6669482327099782,0.5478049663546259,0.7247861442602176,0.8588937443093109,0.5693657539681407,38.8,38,5,105,700706
0,32,100,logistic_regression,coarse,0.987685277420202,0.9668534315435299,0.9775316747854694,0.9880884085350543,0.9702822776793816,0.976367528254032,0.9551539000604415,0.7631745696483261,0.8778011034585118,0.49135871535280135,5.0,5,5,105,700706
0,32,100,logistic_regression,fine,0.7679169294968218,0.5800124381870372,0.5752847002505699,0.7643941103454398,0.5836423797190589,0.5779993459411354,0.5146543973856946,0.7631745696483261,0.8778011034585118,0.49135871535280135,37.4,36,5,105,700706
1,32,100,logistic_regression,coarse,0.9905880640382699,0.9736261072817041,0.9823700635423386,0.9907093371301704,0.976231132767942,0.9814534220663986,0.9616543285672874,0.7593955239429946,0.876453177224114,0.49943913709886884,5.0,5,5,105,700706
1,32,100,logistic_regression,fine,0.7623182904099579,0.5676736264913143,0.5634764295999108,0.7582573821153064,0.567703370542086,0.5636604723074093,0.5090301861672644,0.7593955239429946,0.876453177224114,0.49943913709886884,37.0,35,5,105,700706
2,32,100,logistic_regression,coarse,0.9877480712310156,0.9684701145881736,0.9757931271091564,0.9879348969392678,0.9722704973858132,0.976301872296492,0.9553639072350664,0.7613849460401366,0.8768941610318736,0.4948180834758087,5.0,5,5,105,700706
2,32,100,logistic_regression,fine,0.7660402508327315,0.5771556987005587,0.5727425166347804,0.7624910564229099,0.5825796868492812,0.5768434063994262,0.5128633709227194,0.7613849460401366,0.8768941610318736,0.4948180834758087,37.4,36,5,105,700706
3,32,100,logistic_regression,coarse,0.9906480035849557,0.9713084334227755,0.9820088456428528,0.990495996034552,0.9739243815767505,0.982176907365826,0.9592985430140368,0.7589474044749153,0.8763133182818472,0.5011888010092678,5.0,5,5,105,700706
3,32,100,logistic_regression,fine,0.7619786329787386,0.5683403776187328,0.5678033061270964,0.7587539174196735,0.5717255306276574,0.5696190402649652,0.5079191762024354,0.7589474044749153,0.8763133182818472,0.5011888010092678,37.6,37,5,105,700706
4,32,100,logistic_regression,coarse,0.9884673457912448,0.9682924657005956,0.9754101349194976,0.9886336094070884,0.9713676529436587,0.975994161534276,0.9559017118711823,0.761267921210893,0.8770283114458846,0.4951777207559233,5.0,5,5,105,700706
4,32,100,logistic_regression,fine,0.7655892771005244,0.5898822681202764,0.5834441801570467,0.7627157588759004,0.5981839709257492,0.592028373519082,0.5171602363779579,0.761267921210893,0.8770283114458846,0.4951777207559233,37.6,37,5,105,700706
5,32,100,logistic_regression,coarse,0.9909748168275996,0.9775082503993782,0.9877063248310571,0.9912525204922346,0.9803732663397886,0.9885358246078889,0.9638323461286208,0.7630133037251001,0.8784247601704567,0.4922064317987858,5.0,5,5,105,700706
5,32,100,logistic_regression,fine,0.7658747035133138,0.5817673787940699,0.5807397368822139,0.7645255750628208,0.5862636576671367,0.5847494908426942,0.5166407998271558,0.7630133037251001,0.8784247601704567,0.4922064317987858,37.8,37,5,105,700706
6,32,100,logistic_regression,coarse,0.9894963080093506,0.9750474894341586,0.9818268651739009,0.9895709737958558,0.9780520327751556,0.9830209970422672,0.9615810792803502,0.7588831835320377,0.8759215705302937,0.5028014602415278,5.0,5,5,105,700706
6,32,100,logistic_regression,fine,0.7623468330512368,0.572099857040556,0.5722137905034977,0.7598122355750123,0.5755079930530232,0.5758807533870601,0.5092144121626354,0.7588831835320377,0.8759215705302937,0.5028014602415278,37.0,36,5,105,700706
7,32,100,logistic_regression,coarse,0.98961904136685,0.9689608298300285,0.9792837454304328,0.9897875481885531,0.9740130060549668,0.9821234827479193,0.9566368285329706,0.76081123895043,0.8770547133890676,0.49664481251766074,5.0,5,5,105,700706
7,32,100,logistic_regression,fine,0.7644903854112852,0.5739814189427727,0.5712435466314163,0.7628834513844873,0.5776188384766787,0.5768537901552269,0.5092286778029905,0.76081123895043,0.8770547133890676,0.49664481251766074,37.6,36,5,105,700706
8,32,100,logistic_regression,coarse,0.9900999848724001,0.9749232357645466,0.9804973471654659,0.9900463171988235,0.977256366603217,0.9808397457999922,0.9621924957115017,0.7620100298841455,0.8776676666105329,0.496073959692082,5.0,5,5,105,700706
8,32,100,logistic_regression,fine,0.7652353483486655,0.5766023473951538,0.5721969262268518,0.7620147231663155,0.5769127097003237,0.5715080897190441,0.5066578224772839,0.7620100298841455,0.8776676666105329,0.496073959692082,37.2,36,5,105,700706
9,32,100,logistic_regression,coarse,0.989753191780861,0.9707656404733326,0.978475146420655,0.9897306460163288,0.9741261645189783,0.9782513247251504,0.9591980184147618,0.7605486466506638,0.8768192365985163,0.4979720453371314,5.0,5,5,105,700706
9,32,100,logistic_regression,fine,0.7638852814161717,0.5631164481550058,0.560409255301949,0.7602011073097423,0.5660857123348456,0.563218089705277,0.5074472227231843,0.7605486466506638,0.8768192365985163,0.4979720453371314,36.8,35,5,105,700706
10,32,100,logistic_regression,coarse,0.9876367549300277,0.9715567201841692,0.980596244566677,0.9878211143251292,0.9761421811799774,0.9825807263335655,0.9591447661002649,0.757986944595879,0.8750103467074636,0.5037290960830934,5.0,5,5,105,700706
10,32,100,logistic_regression,fine,0.7623839384848995,0.577591007891987,0.569420202440063,0.7579430029800793,0.5833361878473374,0.5751939548879254,0.5108890461450564,0.757986944595879,0.8750103467074636,0.5037290960830934,37.2,36,5,105,700706
11,32,100,logistic_regression,coarse,0.9899130305720231,0.9761830683482577,0.9843314746326446,0.9901416451916746,0.9792231930968859,0.9853538431002535,0.9631269566960223,0.7618088042631289,0.8777226111949947,0.49296852032093347,5.0,5,5,105,700706
11,32,100,logistic_regression,fine,0.7655321918179665,0.581545538101332,0.5743303239650526,0.7634552853729429,0.5825736533543321,0.5743314881218328,0.510865467093996,0.7618088042631289,0.8777226111949947,0.49296852032093347,37.6,37,5,105,700706
12,32,100,logistic_regression,coarse,0.9893036451807178,0.9717081147275868,0.9773886157177932,0.9891213849547275,0.9742818719498677,0.9764858064983807,0.958369010853261,0.7581596275756166,0.8755134107600049,0.5036463224233844,5.0,5,5,105,700706
12,32,100,logistic_regression,fine,0.7617231763392921,0.577714345154683,0.5713230493964104,0.7601278710117195,0.5797167461078451,0.5716364291103344,0.5117956889676547,0.7581596275756166,0.8755134107600049,0.5036463224233844,37.0,35,5,105,700706
13,32,100,logistic_regression,coarse,0.988838400127871,0.9685333159716064,0.984151635872838,0.9889743423813819,0.972997032754747,0.9842527976391835,0.9556730820477698,0.7591643285486352,0.8759044449455263,0.5025759733754243,5.0,5,5,105,700706
13,32,100,logistic_regression,fine,0.7629704897631817,0.5775336313217355,0.5768019595265258,0.7599355750273614,0.5823796036116097,0.5802246970272146,0.5110930887573669,0.7591643285486352,0.8759044449455263,0.5025759733754243,37.6,37,5,105,700706
14,32,100,logistic_regression,coarse,0.9878080107777013,0.9710348805562354,0.9824359622597496,0.9877494515969655,0.9736851554432342,0.982427575781845,0.9579302518165126,0.7568509474729772,0.8744309310895012,0.5073597200537744,5.0,5,5,105,700706
14,32,100,logistic_regression,fine,0.761053851401301,0.5659740849349095,0.5644485923733013,0.7578688891641491,0.5702391578528818,0.5674535779449171,0.5067290551944993,0.7568509474729772,0.8744309310895012,0.5073597200537744,37.4,35,5,105,700706
15,32,100,logistic_regression,coarse,0.9895562475560363,0.9723520344942187,0.981621139633819,0.989582503055758,0.9753023361859687,0.9810311462873219,0.9586622882725009,0.75370982980023,0.8733113459853348,0.5127799676326448,5.0,5,5,105,700706
15,32,100,logistic_regression,fine,0.7570664444146332,0.57116595013447,0.5662082167659381,0.7539556212154767,0.5760596417842141,0.5698942465152081,0.508981508922309,0.75370982980023,0.8733113459853348,0.5127799676326448,37.2,36,5,105,700706
16,32,100,logistic_regression,coarse,0.98961904136685,0.972535810434534,0.9833401449152227,0.9896310714985104,0.9761884660053726,0.9839662793724541,0.9567477184949555,0.7588603494190146,0.8758081135312099,0.502501762508099,5.0,5,5,105,700706
16,32,100,logistic_regression,fine,0.7619971856955698,0.5762300241281885,0.5753561108769835,0.7585904980769708,0.5798092802304341,0.5778825250887112,0.511516248253138,0.7588603494190146,0.8758081135312099,0.502501762508099,38.2,37,5,105,700706
17,32,100,logistic_regression,coarse,0.9902041655130682,0.97463562185349,0.9826857115434086,0.9900177567298409,0.9777663823894214,0.9833283126159076,0.9614563969823955,0.7656691964961053,0.8794794107657135,0.48725428353688993,5.0,5,5,105,700706
17,32,100,logistic_regression,fine,0.7687546560183586,0.5804074705127096,0.5736916963143697,0.7650913241573641,0.5815321603027597,0.5741035997069759,0.5110087406733584,0.7656691964961053,0.8794794107657135,0.48725428353688993,37.2,36,5,105,700706
18,32,100,logistic_regression,coarse,0.9894449312550485,0.9718701218083174,0.984913113069504,0.9896337767955325,0.9746185261535025,0.985941996553936,0.9597155037136005,0.762236943882313,0.8775049735552428,0.495965497655222,5.0,5,5,105,700706
18,32,100,logistic_regression,fine,0.7655650158554372,0.5827294718425944,0.5834348965867897,0.7630637733975004,0.5850148225444226,0.5861067552557324,0.51389978584264,0.762236943882313,0.8775049735552428,0.495965497655222,37.2,37,5,105,700706
19,32,100,logistic_regression,coarse,0.987305660291192,0.9713780073077845,0.975051672573227,0.987643160857649,0.9750729590007496,0.9772180424391793,0.9596320513174201,0.7596310007335458,0.8759351282849013,0.4983687880509087,5.0,5,5,105,700706
19,32,100,logistic_regression,fine,0.7645645962786104,0.5687080443887143,0.5630637596923547,0.7634629623577607,0.574589847179171,0.5681953731500623,0.5070866946478886,0.7596310007335458,0.8759351282849013,0.4983687880509087,36.8,36,5,105,700706
0,32,200,logistic_regression,coarse,0.9866192097684335,0.9689502002657127,0.9836824057773985,0.987033133000843,0.9734030957325362,0.9847910562204406,0.9547049172303125,0.7517603674008786,0.8720654596935091,0.5119236883942766,5.0,5,5,105,700706
0,32,200,logistic_regression,fine,0.7575117096185847,0.6078321249427439,0.6149086292321557,0.7533024419836968,0.6118904136418293,0.6183114920739546,0.53283055372802,0.7517603674008786,0.8720654596935091,0.5119236883942766,38.6,38,5,105,700706
1,32,200,logistic_regression,coarse,0.9887756063170574,0.971245948736227,0.9798292403914598,0.9886661271644605,0.9727999701751637,0.9782402563360716,0.9576927394122846,0.7491372986673441,0.8709030606274243,0.5208660979069681,5.0,5,5,105,700706
1,32,200,logistic_regression,fine,0.7530305149377913,0.5828427370703907,0.5877848872390902,0.7494760585506499,0.5830076195154336,0.5875844841377537,0.5228529011490202,0.7491372986673441,0.8709030606274243,0.5208660979069681,37.4,36,5,105,700706
2,32,200,logistic_regression,coarse,0.9867276718052935,0.9710816156943218,0.9829047269495159,0.986977274085607,0.9746580822155291,0.983334483298157,0.9560154605787923,0.7500677887730375,0.8711235525313041,0.5158568643625144,5.0,5,5,105,700706
2,32,200,logistic_regression,fine,0.7555194332573147,0.5951399066286451,0.6027987207594601,0.7514490729317107,0.6002525041988711,0.6076397821608549,0.5270005406393182,0.7500677887730375,0.8711235525313041,0.5158568643625144,38.2,37,5,105,700706
3,32,200,logistic_regression,coarse,0.9876124936849406,0.9690658079035004,0.9820164275832639,0.9878470503750291,0.9730993949209685,0.9824654677453193,0.9564795139946426,0.7468082191389827,0.8695858177324013,0.5257868492634571,5.0,5,5,105,700706
3,32,200,logistic_regression,fine,0.751559141779862,0.5861297442167765,0.5955393898648105,0.7476459699399608,0.5905053949647593,0.5980271547318791,0.5199778200931553,0.7468082191389827,0.8695858177324013,0.5257868492634571,38.0,37,5,105,700706
4,32,200,logistic_regression,coarse,0.9884830442439483,0.9759685522523368,0.9858628846490525,0.9886730649186186,0.9789660130195736,0.986834913479818,0.9616723764188259,0.7519416131729998,0.872526423350164,0.5137532717002566,5.0,5,5,105,700706
4,32,200,logistic_regression,fine,0.7565698024563797,0.6067008257933825,0.615666021767281,0.7549698366917988,0.612305253563187,0.6200591721198244,0.5330205558806282,0.7519416131729998,0.872526423350164,0.5137532717002566,38.0,38,5,105,700706
5,32,200,logistic_regression,coarse,0.9888284102034234,0.9735979492024149,0.9859210439337438,0.9891827555169278,0.977676125423881,0.9868855366852065,0.9602381380533662,0.7492600320248435,0.8713604564539194,0.5174695235947744,5.0,5,5,105,700706
5,32,200,logistic_regression,fine,0.7538925027044152,0.5989224918457767,0.6079640628346291,0.7498858449523015,0.6027736395544097,0.6106515848359533,0.5294378575200829,0.7492600320248435,0.8713604564539194,0.5174695235947744,38.6,38,5,105,700706
6,32,200,logistic_regression,coarse,0.9887085311100519,0.9712484232816909,0.9823053072764527,0.9886050785362396,0.9744926840190496,0.9836333775387954,0.9571637094859738,0.7485264861439748,0.870615493516539,0.5227870176650407,5.0,5,5,105,700706
6,32,200,logistic_regression,fine,0.7525224559230262,0.5759503279322947,0.5853359509494844,0.7491702861269124,0.5788071360082776,0.5889797553395348,0.5186724482135189,0.7485264861439748,0.870615493516539,0.5227870176650407,37.2,36,5,105,700706
7,32,200,logistic_regression,coarse,0.9885130140172911,0.9718291117472029,0.9854979457852169,0.9884419302767293,0.975872784865836,0.9863211709340314,0.9606420812050468,0.746261627558491,0.8694759285634774,0.52689430374508,5.0,5,5,105,700706
7,32,200,logistic_regression,fine,0.7504388431096637,0.5995815830506704,0.6103500876918686,0.7481005340467068,0.6028770757909228,0.6128074541014539,0.5264655970476858,0.746261627558491,0.8694759285634774,0.52689430374508,38.4,38,5,105,700706
8,32,200,logistic_regression,coarse,0.9899487088736217,0.9756217490189678,0.9855505894737476,0.9899615045941424,0.978455731197944,0.9857070007201099,0.9623660532384629,0.750134863980043,0.8717957317334232,0.5187939021501171,5.0,5,5,105,700706
8,32,200,logistic_regression,fine,0.7536427545932245,0.5971736819024455,0.6084570239666456,0.750718416323726,0.5990599306391658,0.6088391661029379,0.5235089178209554,0.750134863980043,0.8717957317334232,0.5187939021501171,37.8,37,5,105,700706
9,32,200,logistic_regression,coarse,0.9892850924638864,0.9729648036001391,0.9871301339413231,0.9896498916386393,0.9773638502581804,0.9881936961262203,0.9592076049652298,0.7520543566060516,0.8725670966139865,0.5146495106364153,5.0,5,5,105,700706
9,32,200,logistic_regression,fine,0.7558491007640865,0.5919959267877832,0.6015072308698279,0.7513398633165648,0.5970657247826475,0.6055065590908473,0.5244672573303493,0.7520543566060516,0.8725670966139865,0.5146495106364153,37.8,37,5,105,700706
10,32,200,logistic_regression,coarse,0.9873213587438955,0.9700675448591524,0.9811533212297977,0.9875480539277294,0.9742705632843872,0.9829460591261328,0.9554835702593494,0.7479056836961578,0.869918339503301,0.5233692875471311,5.0,5,5,105,700706
10,32,200,logistic_regression,fine,0.7525153202627065,0.5947501394133479,0.5992890693906959,0.7499398173148792,0.5997484671053251,0.6059891840425622,0.5266679846129384,0.7479056836961578,0.869918339503301,0.5233692875471311,38.2,38,5,105,700706
11,32,200,logistic_regression,coarse,0.9889183195234521,0.9745355752149946,0.9855551691911122,0.9891109764016818,0.9779748866850598,0.986444949404658,0.9610681087326356,0.7537041212719743,0.873441215003154,0.5095032724138226,5.0,5,5,105,700706
11,32,200,logistic_regression,fine,0.7579641104828558,0.6003968948994284,0.6028600388294595,0.7566762324200463,0.6045890914673997,0.6061745353433534,0.5295514239675884,0.7537041212719743,0.873441215003154,0.5095032724138226,38.4,37,5,105,700706
12,32,200,logistic_regression,coarse,0.9871843540657566,0.9724372391103984,0.9813499637019281,0.9868656536465669,0.9755249776692603,0.9818591515976053,0.9577531609476677,0.7486606365579858,0.8705419962152458,0.520840409529817,5.0,5,5,105,700706
12,32,200,logistic_regression,fine,0.753899638364735,0.5927001375276851,0.5957236335128879,0.7508510695783617,0.594693415841784,0.5967609460254155,0.5260696430051355,0.7486606365579858,0.8705419962152458,0.520840409529817,37.6,37,5,105,700706
13,32,200,logistic_regression,coarse,0.9866377624852649,0.9697380683613842,0.9833051743725422,0.9869052206374673,0.9742437060948174,0.9838120327708048,0.9560559490705645,0.7463415469540721,0.8692490145653099,0.5263919532585707,5.0,5,5,105,700706
13,32,200,logistic_regression,fine,0.7518602666453549,0.6004548511505247,0.6091902952517124,0.7477652813142522,0.6055248304001213,0.6140562113366291,0.5262305837202859,0.7463415469540721,0.8692490145653099,0.5263919532585707,38.6,38,5,105,700706
14,32,200,logistic_regression,coarse,0.986985982708868,0.9702155575377176,0.9844766913618368,0.9869386085039624,0.9737128798739958,0.9848250632117651,0.9575945271479535,0.750781354805011,0.8715153002828576,0.5171412832200666,5.0,5,5,105,700706
14,32,200,logistic_regression,fine,0.7560446178568473,0.5994922578427693,0.6102639315439549,0.750012587357948,0.6030437606049498,0.6139719367817664,0.5292295705360552,0.750781354805011,0.8715153002828576,0.5171412832200666,38.4,38,5,105,700706
15,32,200,logistic_regression,coarse,0.9887984404300805,0.9718150329984843,0.9868930718693901,0.9889923349606521,0.9762795474908094,0.9876553056414146,0.9573494436135501,0.7471721378152891,0.8700589120115997,0.5245880583297418,5.0,5,5,105,700706
15,32,200,logistic_regression,fine,0.7513193835931189,0.5968598796366629,0.6049802979033232,0.7468172626341834,0.6021183761554767,0.6098132072594559,0.5244529113763442,0.7471721378152891,0.8700589120115997,0.5245880583297418,38.2,38,5,105,700706
16,32,200,logistic_regression,coarse,0.9890253544282481,0.9707649494877366,0.9854082910504074,0.9893487886970793,0.9752396324896175,0.986354141623034,0.9558152799113833,0.7488133396888281,0.870833844722323,0.5211686499045248,5.0,5,5,105,700706
16,32,200,logistic_regression,fine,0.7526423350163978,0.5925074353525165,0.5989802081996566,0.7496717132171788,0.5960259700052644,0.6015230285053155,0.5249507564736292,0.7488133396888281,0.870833844722323,0.5211686499045248,38.4,38,5,105,700706
17,32,200,logistic_regression,coarse,0.9898730708742326,0.9732956226418429,0.9844960237390739,0.9898438942378599,0.9770011291568543,0.9856093830838546,0.9592860435727232,0.7547930230367658,0.8742011628272057,0.5076451464665637,5.0,5,5,105,700706
17,32,200,logistic_regression,fine,0.7585292547801789,0.6033542970452271,0.6099106575438219,0.753888999632094,0.6063432833111231,0.612788950314034,0.5282427858657675,0.7547930230367658,0.8742011628272057,0.5076451464665637,38.2,38,5,105,700706
18,32,200,logistic_regression,coarse,0.9884530744706054,0.9698411845579168,0.9850238550970924,0.9883831426643472,0.9721459406867717,0.9855193899167842,0.9555173788658413,0.7551583688451362,0.873977103093166,0.5080732860857478,5.0,5,5,105,700706
18,32,200,logistic_regression,fine,0.7595011317157268,0.5967880451523473,0.6058723693863065,0.7565969994044013,0.5989631239157238,0.6089169027706074,0.5274044280923427,0.7551583688451362,0.873977103093166,0.5080732860857478,38.4,38,5,105,700706
19,32,200,logistic_regression,coarse,0.9861739445644822,0.9721099953699914,0.9838226475426476,0.9865363568092094,0.9763041502048265,0.9849691918409359,0.9600575220710009,0.7512608711784972,0.871800726695647,0.5122519287689844,5.0,5,5,105,700706
19,32,200,logistic_regression,fine,0.7574275088268119,0.5893050947650218,0.5981323707170764,0.7563582333023227,0.5936888036585282,0.6009684035625596,0.5238939349103547,0.7512608711784972,0.871800726695647,0.5122519287689844,37.6,37,5,105,700706
0,32,400,logistic_regression,coarse,0.9875539812703188,0.975091137347086,0.9856871408144772,0.9877918171040502,0.978260830154419,0.9867443734845429,0.9614062453604227,0.7314308711499544,0.8619813445296601,0.5527282483666474,5.0,5,5,105,700706
0,32,400,logistic_regression,fine,0.7364087077890014,0.6206523869996305,0.6465005033965603,0.7317890498188521,0.6237268477001974,0.648737791269328,0.5408158551102601,0.7314308711499544,0.8619813445296601,0.5527282483666474,38.8,38,5,105,700706
1,32,400,logistic_regression,coarse,0.9890867211069978,0.9744457746611588,0.9871307728877448,0.989163863745516,0.9778873509432101,0.987494076228205,0.9592436091219262,0.7382268740384698,0.865668340216867,0.5405433948046684,5.0,5,5,105,700706
1,32,400,logistic_regression,fine,0.7422499593267362,0.6117313316920582,0.6344655162138659,0.7355647322628042,0.616396607943914,0.6385786798371982,0.5404276467997756,0.7382268740384698,0.865668340216867,0.5405433948046684,38.4,37,5,105,700706
2,32,400,logistic_regression,coarse,0.9874883331953772,0.9711201398099462,0.9850176686011356,0.9873897205822806,0.9752287425877096,0.9858857615718881,0.9587557960722467,0.7351499773086002,0.8637402847984746,0.5456268392164474,5.0,5,5,105,700706
2,32,400,logistic_regression,fine,0.7399922364015721,0.6171904246392191,0.6453444419605174,0.7355570858797045,0.6227659666513004,0.6491045172879731,0.541733395152084,0.7351499773086002,0.8637402847984746,0.5456268392164474,38.8,38,5,105,700706
3,32,400,logistic_regression,coarse,0.9876638704392428,0.9729463492252857,0.9855437335847423,0.9877031533802605,0.976927673470293,0.9863838110257482,0.9606604845295457,0.7302691856499016,0.8613405622329479,0.5578973207022632,5.0,5,5,105,700706
3,32,400,logistic_regression,fine,0.7350172540266531,0.5995833697078286,0.628226541770721,0.7302958074037267,0.6030491011984219,0.629808967396542,0.5339212482301663,0.7302691856499016,0.8613405622329479,0.5578973207022632,38.6,38,5,105,700706
4,32,400,logistic_regression,coarse,0.9885015969607795,0.9756035464366113,0.9863996602862339,0.9885584758226875,0.978942497585677,0.9869053339963691,0.9602196200055987,0.739160218408291,0.8660886306096993,0.5383712998033412,5.0,5,5,105,700706
4,32,400,logistic_regression,fine,0.7436756642586192,0.618126961063408,0.643603053683539,0.7401613815487974,0.6236277920306557,0.6478934046919615,0.544394643222588,0.739160218408291,0.8660886306096993,0.5383712998033412,38.8,38,5,105,700706
5,32,400,logistic_regression,coarse,0.9893921273686824,0.973811326613842,0.9880419528793623,0.9894877322164713,0.9776107194531904,0.9888338561206226,0.9622355674215533,0.7331462838908187,0.8632614819910205,0.5505532991011922,5.0,5,5,105,700706
5,32,400,logistic_regression,fine,0.7371308366133585,0.6070171382861448,0.6342605319059851,0.7333476069263297,0.6104338338883469,0.636921325989879,0.5391756551451451,0.7331462838908187,0.8632614819910205,0.5505532991011922,38.8,38,5,105,700706
6,32,400,logistic_regression,coarse,0.988248994585461,0.9755386997949221,0.9857200888596893,0.9884084930067216,0.978511160044107,0.9868988180173875,0.9623622444195323,0.7290418520749073,0.8608938698969325,0.5590704232588275,5.0,5,5,105,700706
6,32,400,logistic_regression,fine,0.7335387452084041,0.5979834849332724,0.6267008715006138,0.728032232171235,0.6001293048318869,0.6281797796652455,0.532806173224909,0.7290418520749073,0.8608938698969325,0.5590704232588275,38.6,38,5,105,700706
7,32,400,logistic_regression,coarse,0.9879050557580498,0.9717128759915884,0.9871321524247334,0.9878857933400387,0.9754201252744796,0.9876143063236092,0.9569256573841329,0.7307957973814981,0.8617522898333966,0.5554169651751234,5.0,5,5,105,700706
7,32,400,logistic_regression,fine,0.7355995239087435,0.6125786917104258,0.6411255441536908,0.7318863530693207,0.6161905053875056,0.6432814558364494,0.5356337176617394,0.7307957973814981,0.8617522898333966,0.5554169651751234,38.6,38,5,105,700706
8,32,400,logistic_regression,coarse,0.9892037459362415,0.9725829958707329,0.9876273880961923,0.989213838154432,0.9760483051459488,0.9880693696810872,0.9607838497391802,0.735479644815372,0.8644153182647216,0.5452557848798212,5.0,5,5,105,700706
8,32,400,logistic_regression,fine,0.7396268905932017,0.6176872420065609,0.6449495604927481,0.7357032122593102,0.6207170270428972,0.6462627462210513,0.5413285499752329,0.735479644815372,0.8644153182647216,0.5452557848798212,38.8,38,5,105,700706
9,32,400,logistic_regression,coarse,0.9885544008471456,0.9768095172016735,0.9877477066481631,0.9889528206541608,0.9805375022787697,0.988922669707222,0.9630913126943503,0.7367826163897555,0.8648984024683676,0.5419334214349527,5.0,5,5,105,700706
9,32,400,logistic_regression,fine,0.7412424040895896,0.6114378930672362,0.6361664189804522,0.73665780579577,0.6151329011607376,0.6393082485733345,0.5402766916219316,0.7367826163897555,0.8648984024683676,0.5419334214349527,38.8,38,5,105,700706
10,32,400,logistic_regression,coarse,0.9882033263594147,0.9750264886540416,0.9866498173721064,0.9882603514761312,0.9782251879359836,0.987729345626914,0.9621385336726106,0.7333346653232596,0.8630631106341319,0.5507673689107843,5.0,5,5,105,700706
10,32,400,logistic_regression,fine,0.7379228949088491,0.615995851172965,0.6374842602382653,0.7325742282174947,0.6179340821095042,0.6409532790969832,0.5390055358175901,0.7333346653232596,0.8630631106341319,0.5507673689107843,38.6,38,5,105,700706
11,32,400,logistic_regression,coarse,0.9881762108501997,0.9747700172569711,0.9851921047095576,0.9886017382011515,0.9782195592505714,0.9859591765574812,0.9608484479429223,0.73913453003114,0.8659480581014006,0.5376434624507282,5.0,5,5,105,700706
11,32,400,logistic_regression,fine,0.7437199053526016,0.6130368217159704,0.6363687751363438,0.7409116181728282,0.618565860687989,0.6402983141193416,0.5425514806286196,0.73913453003114,0.8659480581014006,0.5376434624507282,39.0,39,5,105,700706
12,32,400,logistic_regression,coarse,0.9881019999828744,0.9761378053128563,0.9860011943311516,0.9880167668466925,0.9788527160128646,0.9865022099982375,0.9625053148463197,0.7322215023133811,0.8624258961675796,0.5541810688077453,5.0,5,5,105,700706
12,32,400,logistic_regression,fine,0.7367497923522847,0.6051134345243357,0.6263286839883098,0.7326567190242771,0.6068634341010972,0.6266588838810508,0.5362137970009623,0.7322215023133811,0.8624258961675796,0.5541810688077453,38.6,38,5,105,700706
13,32,400,logistic_regression,coarse,0.9864950492788702,0.9731456967869854,0.9852750656460287,0.9867166208015162,0.9770336846904748,0.9858611547716881,0.9595746426550844,0.7356309208141503,0.8639172491744042,0.5446678064694751,5.0,5,5,105,700706
13,32,400,logistic_regression,fine,0.741339449069938,0.6152032941858135,0.6406162675619668,0.7354956348512329,0.6191510123775011,0.6444848716187018,0.5395059007433152,0.7356309208141503,0.8639172491744042,0.5446678064694751,38.8,38,5,105,700706
14,32,400,logistic_regression,coarse,0.9884944613004598,0.9738915514744532,0.9873467918971188,0.988600110527973,0.978213552800451,0.9881883567355645,0.9614984972897797,0.733030686193639,0.8630024575214141,0.5514495380373509,5.0,5,5,105,700706
14,32,400,logistic_regression,fine,0.7375104537423685,0.6088455898782021,0.6371722185650384,0.7312283507239553,0.6128863999296157,0.6408429039905572,0.5394225609249812,0.733030686193639,0.8630024575214141,0.5514495380373509,38.8,38,5,105,700706
15,32,400,logistic_regression,coarse,0.9883146426604025,0.9716379979938656,0.9872579475183313,0.9885103323746204,0.9763347472027958,0.988122974814815,0.9583093675421813,0.7287949582278445,0.8607247547473548,0.560106521137253,5.0,5,5,105,700706
15,32,400,logistic_regression,fine,0.7331348668343071,0.6064150426870053,0.6371831428070711,0.728681654987914,0.6104041860850395,0.6405565642102766,0.5361613386996581,0.7287949582278445,0.8607247547473548,0.560106521137253,38.4,38,5,105,700706
16,32,400,logistic_regression,coarse,0.9890538970695271,0.9750369007899604,0.9866814706423233,0.989112760609676,0.9787628900255049,0.9873014259984755,0.9617423343771546,0.7380684623793716,0.8657839379140467,0.5378775121092155,5.0,5,5,105,700706
16,32,400,logistic_regression,fine,0.7425139787585664,0.6110683864804968,0.632765441388016,0.7391487327210139,0.6167689438126538,0.637458044764704,0.5394968902919187,0.7380684623793716,0.8657839379140467,0.5378775121092155,38.6,38,5,105,700706
17,32,400,logistic_regression,coarse,0.9900957034762082,0.9759106827449207,0.9877491429317097,0.990120907435946,0.9793645015479149,0.9882979923909962,0.9611411866693734,0.7411210978641541,0.8673744765993155,0.5342554509309182,5.0,5,5,105,700706
17,32,400,logistic_regression,fine,0.7446532497224229,0.6184691596306927,0.6430735698362426,0.738763713829568,0.6211288334281273,0.6452842213281806,0.54232585723296,0.7411210978641541,0.8673744765993155,0.5342554509309182,38.4,38,5,105,700706
18,32,400,logistic_regression,coarse,0.987575388251278,0.9725928508302786,0.986795633397565,0.9877164297246851,0.9766183015706809,0.9876229368179452,0.9590815414776368,0.7416719708408377,0.867095472280814,0.5333192522969691,5.0,5,5,105,700706
18,32,400,logistic_regression,fine,0.7466155563103498,0.6114508864299525,0.6349458686783195,0.7434527010462932,0.6146136422045115,0.6371510636937631,0.539021598056326,0.7416719708408377,0.867095472280814,0.5333192522969691,38.4,38,5,105,700706
19,32,400,logistic_regression,coarse,0.9879307441352008,0.9768462683941996,0.9871653641343305,0.9884413728083454,0.9808222976753191,0.9880504719208634,0.9640528166537852,0.7332590273238705,0.8630167288420536,0.5497655222018936,5.0,5,5,105,700706
19,32,400,logistic_regression,fine,0.7381027135489064,0.6022320396184254,0.6255232483269,0.7351471810256416,0.6069857003497524,0.6281701833731028,0.5337745240758934,0.7332590273238705,0.8630167288420536,0.5497655222018936,39.0,39,5,105,700706
0,32,800,logistic_regression,coarse,0.990075723627313,0.9799884602289813,0.9884105262566838,0.9901564099355009,0.9825845490168399,0.9890945014202627,0.9681278355503861,0.7273264393340431,0.8604300519761497,0.5610940965255042,5.0,5,5,105,700706
0,32,800,logistic_regression,fine,0.7307843803249865,0.6307668968188186,0.67535120281753,0.7247178053473837,0.6337959064779315,0.6775343924798154,0.554867545067616,0.7273264393340431,0.8604300519761497,0.5610940965255042,39.0,39,5,105,700706
1,32,800,logistic_regression,coarse,0.9901684872114696,0.9775651772743705,0.9889271089526914,0.9900875996840558,0.9806656803123074,0.9894327596902093,0.9635714362821043,0.7361689496022583,0.8648812768836003,0.5430094790111687,5.0,5,5,105,700706
1,32,800,logistic_regression,fine,0.7395940665557309,0.6324039264148943,0.6769449714993896,0.7327708711140665,0.6371723969731948,0.6806385202499459,0.556407966547104,0.7361689496022583,0.8648812768836003,0.5430094790111687,39.0,39,5,105,700706
2,32,800,logistic_regression,coarse,0.9896318855554256,0.9760734416677039,0.9882697346418802,0.9895042568711458,0.9796032243517793,0.9889777665062175,0.9627412133671838,0.7240597340396686,0.8587203477635413,0.5675904016805907,5.0,5,5,105,700706
2,32,800,logistic_regression,fine,0.7278088099716572,0.6309120326468601,0.6821663127210814,0.7232192355700366,0.634844955450187,0.6847871157022886,0.5560536532244691,0.7240597340396686,0.8587203477635413,0.5675904016805907,39.0,39,5,105,700706
3,32,800,logistic_regression,coarse,0.9903397430591432,0.9778839644807917,0.9884674893139813,0.9904022791962251,0.981152983532852,0.9888842002310071,0.9653134100328884,0.7235816447982464,0.8586846694619427,0.5692658547236644,5.0,5,5,105,700706
3,32,800,logistic_regression,fine,0.7270295958647421,0.6261701109061728,0.6708781061702286,0.7224909938884237,0.6307884316146317,0.6738282870077851,0.5522794072875021,0.7235816447982464,0.8586846694619427,0.5692658547236644,39.0,39,5,105,700706
4,32,800,logistic_regression,coarse,0.9901499344946383,0.9763946780296763,0.9874886822622662,0.9901371795195215,0.9798177877597724,0.9883576465459113,0.9621963902672815,0.7326867473662277,0.8630845176150911,0.5520289536553133,5.0,5,5,105,700706
4,32,800,logistic_regression,fine,0.7360191007355439,0.633508994626762,0.6794666909065241,0.7322527057233625,0.6382753822615139,0.682988709297239,0.5578100149635931,0.7326867473662277,0.8630845176150911,0.5520289536553133,39.0,39,5,105,700706
5,32,800,logistic_regression,coarse,0.9896761266494079,0.9775356109170332,0.9892569082120157,0.9898557786335573,0.9811040554903109,0.9898963667506113,0.9651169256435369,0.7172908466603682,0.8553294819796035,0.5792729047560603,5.0,5,5,105,700706
5,32,800,logistic_regression,fine,0.720982837309799,0.6269486350600662,0.674421288435548,0.7180175911891771,0.6318729770748264,0.6775971409032254,0.553255776041622,0.7172908466603682,0.8553294819796035,0.5792729047560603,38.8,38,5,105,700706
6,32,800,logistic_regression,coarse,0.9898288297802502,0.9787959538465547,0.987753049547519,0.9899489523513565,0.9818064890106418,0.9886349266520771,0.967631550723747,0.7228181291440348,0.8580417464671346,0.5721629328134767,5.0,5,5,105,700706
6,32,800,logistic_regression,fine,0.726254663154019,0.6224105857714415,0.6694385502311033,0.72119941064593,0.6271323819812806,0.6722570760597639,0.5488821443748284,0.7228181291440348,0.8580417464671346,0.5721629328134767,38.8,38,5,105,700706
7,32,800,logistic_regression,coarse,0.9901199647212954,0.977529242560616,0.9888285676230698,0.9902317291998689,0.9807975658472715,0.989538753390927,0.9643631719752748,0.7252071482190819,0.8593511401358059,0.5655010803389724,5.0,5,5,105,700706
7,32,800,logistic_regression,fine,0.7285823155503164,0.628108868383774,0.6752221678900227,0.7232210658957973,0.6328463785015283,0.6781057611916371,0.5508225643017371,0.7252071482190819,0.8593511401358059,0.5655010803389724,39.0,39,5,105,700706
8,32,800,logistic_regression,coarse,0.9910847059965235,0.9799668325982923,0.9889113001091593,0.9910452214805532,0.9824635353428617,0.9893849776893535,0.9680716827589508,0.7293072986388014,0.8617287421543415,0.5560420490191321,5.0,5,5,105,700706
8,32,800,logistic_regression,fine,0.7323727783121594,0.6341657557691117,0.6802230468632426,0.7269634119227698,0.6374853974759942,0.6822296318914723,0.5566245830628815,0.7293072986388014,0.8617287421543415,0.5560420490191321,38.8,38,5,105,700706
9,32,800,logistic_regression,coarse,0.9901071205327199,0.9771800791850914,0.9889094385173417,0.9904625580938169,0.9810349338597085,0.9898552175714735,0.9640848458844073,0.7340724926003203,0.8639379425893313,0.5456867787631332,5.0,5,5,105,700706
9,32,800,logistic_regression,fine,0.7377687646459428,0.63203139386866,0.6769483638260326,0.7320219486961709,0.6369234800724239,0.6811244512445184,0.5556120057676909,0.7340724926003203,0.8639379425893313,0.5456867787631332,39.0,39,5,105,700706
10,32,800,logistic_regression,coarse,0.9889525706929868,0.9772577233263691,0.9881269634883477,0.9890991864335084,0.9796939720855811,0.988769057854548,0.9644740100461653,0.7268012547345106,0.85988417396169,0.5627552782479385,5.0,5,5,105,700706
10,32,800,logistic_regression,fine,0.7308157772303934,0.6319022174061312,0.6779813317399581,0.7249113203882344,0.63570629072397,0.6815597958730691,0.557076271981086,0.7268012547345106,0.85988417396169,0.5627552782479385,39.0,39,5,105,700706
11,32,800,logistic_regression,coarse,0.988273255830548,0.9753743031465565,0.9864347045600903,0.9889665390852747,0.9793953327886193,0.9876738625709052,0.961408408917299,0.7297340111259216,0.861095809083981,0.5595242512551627,5.0,5,5,105,700706
11,32,800,logistic_regression,fine,0.733918362337414,0.6276668621117611,0.6767017409054827,0.7303948670862392,0.6327598821945032,0.6793365285725377,0.5546903470439165,0.7297340111259216,0.861095809083981,0.5595242512551627,39.0,39,5,105,700706
12,32,800,logistic_regression,coarse,0.9904567678883869,0.9796946027416616,0.9896867516384683,0.9905487805865294,0.9824519727343031,0.9902071310753126,0.9680135329816599,0.7279443875177322,0.8608182318975434,0.5625640425513696,5.0,5,5,105,700706
12,32,800,logistic_regression,fine,0.7311796959066998,0.6261345727901766,0.6704926526854867,0.7283383768303299,0.6312094301851584,0.6737215000132628,0.5517836578790295,0.7279443875177322,0.8608182318975434,0.5625640425513696,38.8,38,5,105,700706
13,32,800,logistic_regression,coarse,0.9888012946942084,0.9766079633304008,0.9872098309393345,0.9890861032946086,0.9799701353438957,0.98783472604552,0.9641674124087038,0.7298396188986537,0.8614326122510725,0.556718509617443,5.0,5,5,105,700706
13,32,800,logistic_regression,fine,0.7340639298079366,0.6331154892731902,0.6820528709978276,0.7275548190574574,0.638544594774855,0.6858003122980367,0.5573607571514007,0.7298396188986537,0.8614326122510725,0.556718509617443,38.8,38,5,105,700706
14,32,800,logistic_regression,coarse,0.9903939740775732,0.9762761286480938,0.9891320951338658,0.9902524011317433,0.9799162874752241,0.989948425989526,0.9651237559997994,0.727948668913924,0.8608353574823107,0.5602292544947525,5.0,5,5,105,700706
14,32,800,logistic_regression,fine,0.7312767408870482,0.6235737477551745,0.6726630872337491,0.7232971725579711,0.6278679266558687,0.6766052313112554,0.5511583427388035,0.727948668913924,0.8608353574823107,0.5602292544947525,39.0,39,5,105,700706
15,32,800,logistic_regression,coarse,0.9887541993360982,0.972135093402828,0.9874732437556878,0.9886553883166886,0.9765246851692254,0.9881434556612408,0.9577789520117022,0.7222301507336886,0.8574987227168027,0.5735986276698073,5.0,5,5,105,700706
15,32,800,logistic_regression,fine,0.7262432460975073,0.6306793060527631,0.6809608737058637,0.7206115467842061,0.6349899183831814,0.6842754971102546,0.5530189882198744,0.7222301507336886,0.8574987227168027,0.5735986276698073,39.0,39,5,105,700706
16,32,800,logistic_regression,coarse,0.990423943850916,0.9759395122088959,0.9889600680006339,0.9904910644806812,0.9795667603621496,0.9895303526838711,0.9620515806192259,0.7311326005485895,0.8624894035444252,0.5537557834526892,5.0,5,5,105,700706
16,32,800,logistic_regression,fine,0.7345548632379343,0.6301012124187635,0.6767654171558636,0.730182435908201,0.6349490642939429,0.680441410697743,0.5559127248379826,0.7311326005485895,0.8624894035444252,0.5537557834526892,39.0,39,5,105,700706
17,32,800,logistic_regression,coarse,0.9911803238448079,0.9804562701809131,0.9891201056594998,0.991093984777276,0.9828097795673181,0.9899147251708758,0.9669815828273042,0.7294942529391785,0.8618628925683525,0.5551772069883802,5.0,5,5,105,700706
17,32,800,logistic_regression,fine,0.732545461291897,0.6344142794222533,0.6774127113378929,0.7263124351122588,0.6385144660865668,0.6809406672714012,0.5572957472349576,0.7294942529391785,0.8618628925683525,0.5551772069883802,39.0,39,5,105,700706
18,32,800,logistic_regression,coarse,0.9893892731045546,0.9764428340722621,0.9886927038133084,0.9894549367083771,0.9790692423571731,0.9892272245237343,0.9639538670236678,0.7328993900437558,0.8629610706915597,0.5521402699563012,5.0,5,5,105,700706
18,32,800,logistic_regression,fine,0.7365328682785648,0.6340141650925032,0.6777473655358858,0.7318849600435787,0.638735834595261,0.6824458467956165,0.5542785391664228,0.7328993900437558,0.8629610706915597,0.5521402699563012,39.0,39,5,105,700706
19,32,800,logistic_regression,coarse,0.9904053911340848,0.978502339821486,0.9889071168616921,0.9905281603839338,0.9820135194411392,0.9896398283954548,0.9663976298549718,0.7287350186811588,0.8612192560075124,0.5588335193362123,5.0,5,5,105,700706
19,32,800,logistic_regression,fine,0.7320331208809401,0.6289423289035837,0.6750429358366489,0.7273952804622307,0.6337509613155363,0.6780896174517846,0.5537251747556518,0.7287350186811588,0.8612192560075124,0.5588335193362123,39.0,39,5,105,700706
0,32,1600,logistic_regression,coarse,0.9916783929351254,0.9814057496532633,0.9903214656646868,0.9917750067034707,0.9835277036921669,0.990990796819136,0.9693010360771682,0.7275876045017454,0.8608517695010461,0.5596412760844063,5.0,5,5,105,700706
0,32,1600,logistic_regression,fine,0.7300251460669668,0.6502363846270389,0.710296738762367,0.7231228813244805,0.6536878626993116,0.713545879497251,0.5755325449771256,0.7275876045017454,0.8608517695010461,0.5596412760844063,39.0,39,5,105,700706
1,32,1600,logistic_regression,coarse,0.9916455688976547,0.9791273221596357,0.9901308189570074,0.991682609711028,0.9822471585800793,0.9907530594397993,0.9670469902176253,0.7462559190302352,0.8702258864630815,0.5236461511675368,5.0,5,5,105,700706
1,32,1600,logistic_regression,fine,0.7488062040285084,0.656234405213742,0.7188987467588986,0.7424328699027345,0.6615929638447623,0.723471844283686,0.5806494667708386,0.7462559190302352,0.8702258864630815,0.5236461511675368,39.0,39,5,105,700706
2,32,1600,logistic_regression,coarse,0.9904439236998114,0.9774137180402473,0.9895474180597731,0.9903411427764184,0.9804628185717796,0.9901182491403752,0.963488516736006,0.7334545444166313,0.8634826874609323,0.5482499079499819,5.0,5,5,105,700706
2,32,1600,logistic_regression,fine,0.7365214512220531,0.6530838225207236,0.7208455061843342,0.7316047628731562,0.6576708578413376,0.723582669042441,0.5792173446269845,0.7334545444166313,0.8634826874609323,0.5482499079499819,39.0,39,5,105,700706
3,32,1600,logistic_regression,coarse,0.9917625937268983,0.9797753286110146,0.9900515472684388,0.9919320178334834,0.9833583292449528,0.9906177064777708,0.9679596624864578,0.7334202932470965,0.8638366162127911,0.5477304318787052,5.0,5,5,105,700706
3,32,1600,logistic_regression,fine,0.7359106386986839,0.6566961505005218,0.7176265371608836,0.7301426512432733,0.6614382139521441,0.7217738148540077,0.5783579259962547,0.7334202932470965,0.8638366162127911,0.5477304318787052,39.0,39,5,105,700706
4,32,1600,logistic_regression,coarse,0.991742613878003,0.9795521238550373,0.9908183040712217,0.991794055364107,0.9830920501331779,0.9914838014473325,0.966927966273515,0.7413194692210427,0.8678118925769153,0.5317836581961621,5.0,5,5,105,700706
4,32,1600,logistic_regression,fine,0.7438811712758275,0.657704956183292,0.7204422487476554,0.7389843042634393,0.6633575710270455,0.7244104732505074,0.5817271666571283,0.7413194692210427,0.8678118925769153,0.5317836581961621,39.0,39,5,105,700706
5,32,1600,logistic_regression,coarse,0.9905809283779502,0.9791337772752738,0.9898585528717587,0.9907866518605856,0.9820955113126468,0.9903101117917764,0.9685523165502545,0.7241639146803367,0.8588280962343693,0.5654896632824609,5.0,5,5,105,700706
5,32,1600,logistic_regression,fine,0.7270752640907885,0.6475580711619553,0.7155066413593588,0.7219759736146373,0.6517797485234398,0.7182984793860905,0.575292058547083,0.7241639146803367,0.8588280962343693,0.5654896632824609,39.0,39,5,105,700706
6,32,1600,logistic_regression,coarse,0.9909962238085588,0.9794860072011758,0.9891679949870598,0.9910638647998076,0.9820249859302809,0.9901364786972374,0.9683845171608837,0.7302806027064133,0.8620127414350669,0.5549916798200671,5.0,5,5,105,700706
6,32,1600,logistic_regression,fine,0.733029259061575,0.6467431762285251,0.7133856412785164,0.7278432925556222,0.6520358872338341,0.7169291528304534,0.5735668863600114,0.7302806027064133,0.8620127414350669,0.5549916798200671,39.0,39,5,105,700706
7,32,1600,logistic_regression,coarse,0.9918054076888168,0.9800031648825275,0.9900124480413334,0.9918637447442177,0.9833143262327221,0.990625265310136,0.9676241370281815,0.7352213339117976,0.864780664073092,0.5438400698723859,5.0,5,5,105,700706
7,32,1600,logistic_regression,fine,0.7377559204573673,0.6576903546010465,0.7224967888140734,0.7314630549472225,0.6635644161072124,0.7268480917632225,0.5797206355152956,0.7352213339117976,0.864780664073092,0.5438400698723859,39.0,39,5,105,700706
8,32,1600,logistic_regression,coarse,0.9917740107834099,0.9796862589175201,0.9897145061625496,0.991831640578084,0.9824130906824671,0.9905148919177142,0.9675364812043773,0.7376817095900421,0.8659616158560081,0.5389878208549663,5.0,5,5,105,700706
8,32,1600,logistic_regression,fine,0.7401492209286062,0.6549265296431817,0.7181456844898231,0.7341953565500084,0.6601929903283187,0.721662434860768,0.5791425548301815,0.7376817095900421,0.8659616158560081,0.5389878208549663,39.0,39,5,105,700706
9,32,1600,logistic_regression,coarse,0.9924205016083778,0.9813662518742123,0.9901513368210507,0.9925365341844554,0.9841879044416688,0.9909314481845403,0.9689528419555784,0.7444477427052144,0.8696350537886075,0.5249248614968332,5.0,5,5,105,700706
9,32,1600,logistic_regression,fine,0.7468496059688371,0.6562431592770177,0.7178152676614673,0.7400395897417108,0.6618637324081681,0.7234338125530833,0.5807898109582518,0.7444477427052144,0.8696350537886075,0.5249248614968332,39.0,39,5,105,700706
10,32,1600,logistic_regression,coarse,0.9909705354314078,0.9778537475030473,0.9895184433195165,0.9910389686478615,0.9809941935606922,0.9901201477818218,0.964532200863551,0.7327837923465762,0.863329270764058,0.5477989342177746,5.0,5,5,105,700706
10,32,1600,logistic_regression,fine,0.7356880060967081,0.6564629626118396,0.718203770175185,0.7286955659775305,0.6611222783158232,0.7223096966399792,0.5807971493896847,0.7327837923465762,0.863329270764058,0.5477989342177746,39.0,39,5,105,700706
11,32,1600,logistic_regression,coarse,0.9900671608349293,0.9785701448504049,0.9881415891429135,0.9903298414577455,0.9816822303125718,0.9887780330803227,0.9657590747869215,0.7382040399254466,0.8657161491410093,0.5387537711964789,5.0,5,5,105,700706
11,32,1600,logistic_regression,fine,0.7413651374470891,0.6512828170693432,0.7160618409923076,0.7376977158196637,0.6566697827756629,0.7192078722630145,0.5783785983596681,0.7382040399254466,0.8657161491410093,0.5387537711964789,39.0,39,5,105,700706
12,32,1600,logistic_regression,coarse,0.9915627952379458,0.9795192495065109,0.9900211369001568,0.9914759835096365,0.9820669873770689,0.9905334096718812,0.9696923442542847,0.7341681104486046,0.8642026755871934,0.5462975912865025,5.0,5,5,105,700706
12,32,1600,logistic_regression,fine,0.7368425559364412,0.6519693165706907,0.7156026844156269,0.7338685384587613,0.6561892313381389,0.7180904339220261,0.578435133500349,0.7341681104486046,0.8642026755871934,0.5462975912865025,39.0,39,5,105,700706
13,32,1600,logistic_regression,coarse,0.9903582957759746,0.9778267389823059,0.98900347503787,0.9906566432357472,0.9812586531383134,0.9895999783459806,0.9654578578709251,0.7358392820954865,0.8647913675635716,0.5417364772101281,5.0,5,5,105,700706
13,32,1600,logistic_regression,fine,0.7392244393511687,0.6496273818587002,0.7182925522785948,0.7329320934118997,0.6551904479776388,0.7219682749851136,0.5767638896720511,0.7358392820954865,0.8647913675635716,0.5417364772101281,39.0,39,5,105,700706
14,32,1600,logistic_regression,coarse,0.9911446455432092,0.9767782728943535,0.9898432177963954,0.9911705765363076,0.979948387811542,0.9906449804766118,0.9657992455214887,0.7347703601795903,0.8643461023596202,0.5453185786906348,5.0,5,5,105,700706
14,32,1600,logistic_regression,fine,0.737547559176031,0.6524255693571812,0.7175006632100474,0.7303134655575924,0.6585077677162846,0.7222375665903328,0.5776048199454404,0.7347703601795903,0.8643461023596202,0.5453185786906348,39.0,39,5,105,700706
15,32,1600,logistic_regression,coarse,0.9900357639295225,0.9747895941422471,0.9895078509723095,0.9899294817814356,0.9787611400098232,0.9900925472486367,0.9626587948544151,0.7337428250935485,0.8635290692530105,0.5481699885544008,5.0,5,5,105,700706
15,32,1600,logistic_regression,fine,0.7370223745764986,0.6542270809229859,0.7223954092250658,0.7311950539519128,0.6589693118870779,0.7260995856960872,0.5776574536344284,0.7337428250935485,0.8635290692530105,0.5481699885544008,39.0,39,5,105,700706
16,32,1600,logistic_regression,coarse,0.9916484231617826,0.9782246627056761,0.9900432324184841,0.9917771337777178,0.9814841351030996,0.9906199313306125,0.9645917438147309,0.7428065408316755,0.8686981415886263,0.5266859424637437,5.0,5,5,105,700706
16,32,1600,logistic_regression,fine,0.7457478600154701,0.6510986102733527,0.7148007184949953,0.7406511229720517,0.6571741981343727,0.7200172674992014,0.5795974757686607,0.7428065408316755,0.8686981415886263,0.5266859424637437,39.0,39,5,105,700706
17,32,1600,logistic_regression,coarse,0.9924205016083778,0.9822712051467191,0.9907674056969883,0.992319959083132,0.983997357013704,0.9914441651248325,0.97134004867604,0.7351228617993852,0.864941929996318,0.5423387269411136,5.0,5,5,105,700706
17,32,1600,logistic_regression,fine,0.7374633583842581,0.6583964166663738,0.7193783246455501,0.7303625577930847,0.6620922131444039,0.7228193405738207,0.581314077666185,0.7351228617993852,0.864941929996318,0.5423387269411136,39.0,39,5,105,700706
18,32,1600,logistic_regression,coarse,0.9911703339203604,0.9785428950007571,0.9902490186990784,0.9909879687158288,0.9799766449409628,0.9908153743382087,0.9672218322056388,0.7402134418714839,0.8670683567715989,0.535043227830217,5.0,5,5,105,700706
18,32,1600,logistic_regression,fine,0.7429663796228375,0.6550295222997319,0.7180161495632391,0.7368301489052416,0.6585513837479159,0.7212643327628455,0.5777184348298725,0.7402134418714839,0.8670683567715989,0.535043227830217,39.0,39,5,105,700706
19,32,1600,logistic_regression,coarse,0.9919823720647462,0.9794280596635296,0.9904972972759586,0.9922455810825276,0.98392615922496,0.9912441478952356,0.9679005734843676,0.7327095814792509,0.8635768781771528,0.5479987327067272,5.0,5,5,105,700706
19,32,1600,logistic_regression,fine,0.7351713842895594,0.6568626565961885,0.7216629096442527,0.7314292714591888,0.6628025659804634,0.7260085109112372,0.5796257398148489,0.7327095814792509,0.8635768781771528,0.5479987327067272,39.0,39,5,105,700706
