seed,patient_budget,cell_cap,model,task,accuracy,macro_f1,balanced_accuracy,patient_balanced_accuracy,patient_balanced_macro_f1,patient_balanced_balanced_accuracy,mean_patient_macro_f1,exact_path_accuracy,root_excluded_hierarchical_f1,subtype_tree_distance,mean_observed_training_classes_across_folds,min_observed_training_classes_across_folds,n_outer_folds,n_test_patients,n_test_cells
0,8,100,logistic_regression,coarse,0.35127366000353794,0.24795365189377855,0.25856474181970157,0.3640238129697552,0.2514153924305542,0.25829329665720985,0.22694026745209323,0.12598399080134443,0.26791498982840967,2.89767048469839,4.8,4,5,40,361792
0,8,100,logistic_regression,fine,0.18455631965328145,0.06979242215185699,0.07052986688062825,0.19696896815344372,0.06898767257496853,0.06902969698413641,0.041611460899966826,0.12598399080134443,0.26791498982840967,2.89767048469839,24.0,22,5,40,361792
0,8,100,xgboost,coarse,0.43112617194410047,0.24607618515365023,0.2570493942687665,0.44149253997614535,0.24684095884416468,0.2567258636434263,0.2170269148172707,0.1618747788784716,0.33679158190341413,2.721127056430214,4.8,4,5,40,361792
0,8,100,xgboost,fine,0.24245699186272776,0.07328930421254533,0.0788032352719527,0.25521922425259985,0.07172509749132248,0.07577885861691042,0.040223111307418284,0.1618747788784716,0.33679158190341413,2.721127056430214,24.0,22,5,40,361792
1,8,100,logistic_regression,coarse,0.3521139218114276,0.24789055213237488,0.25849819815966796,0.3587758523906734,0.24749548218482875,0.2544806241576765,0.22468327105408364,0.1248452149301256,0.26797718025826994,2.9078144348133734,5.0,5,5,40,361792
1,8,100,logistic_regression,fine,0.18384043870511232,0.07312198944681388,0.07419106796374961,0.19165941338067258,0.07073541812144914,0.0707246131949546,0.041945522136867315,0.1248452149301256,0.26797718025826994,2.9078144348133734,24.6,24,5,40,361792
1,8,100,xgboost,coarse,0.4195089996462055,0.24499516657731402,0.2550782048797874,0.42870437375396586,0.24576994248298423,0.25435587582015995,0.22169279671507197,0.15662037856005662,0.32520895984433046,2.7646161330267116,5.0,5,5,40,361792
1,8,100,xgboost,fine,0.23090892004245533,0.07175673780893518,0.07715669821881413,0.24278970285882262,0.07082831560574153,0.07489056000186178,0.040182901294640014,0.15662037856005662,0.32520895984433046,2.7646161330267116,24.6,24,5,40,361792
2,8,100,logistic_regression,coarse,0.3639411595612949,0.2569900854251138,0.2632368230637439,0.3687481599353709,0.255724280498689,0.2607114865586,0.2351998705354612,0.12832511498319477,0.278304937643729,2.8564589598443306,4.6,4,5,40,361792
2,8,100,logistic_regression,fine,0.1926687157261631,0.07389119960291525,0.07540803306994875,0.20218652322814634,0.07201353960082614,0.07286742269473573,0.04257411288223943,0.12832511498319477,0.278304937643729,2.8564589598443306,24.4,22,5,40,361792
2,8,100,xgboost,coarse,0.4385033389350787,0.2546103099947935,0.2657772573198415,0.44161108835139,0.2540862361071744,0.2630537287397586,0.22794497351235243,0.16777319564832832,0.3378861334689545,2.7321720767733946,4.6,4,5,40,361792
2,8,100,xgboost,fine,0.23726892800283036,0.07339445017590569,0.07859622105251347,0.24844393713670582,0.07202733148029526,0.07618560949422949,0.03897081383852994,0.16777319564832832,0.3378861334689545,2.7321720767733946,24.4,22,5,40,361792
3,8,100,logistic_regression,coarse,0.36668306651335575,0.2508501401026849,0.25786413827429866,0.3627907779042382,0.24602495711341196,0.2508084575918797,0.22876125805165062,0.13231635857067045,0.2787610007960375,2.8720811958252255,4.8,4,5,40,361792
3,8,100,logistic_regression,fine,0.19083893507871927,0.07052347427502036,0.07223533953805099,0.19766504883747132,0.06796339510959941,0.06859565915934886,0.04198421192107478,0.13231635857067045,0.2787610007960375,2.8720811958252255,24.0,22,5,40,361792
3,8,100,xgboost,coarse,0.4390893109853175,0.23745405071144904,0.2528084998063135,0.4457297732869357,0.24208782827904862,0.2554361952762835,0.21923226739344132,0.15477677781708826,0.33533356182557933,2.7400108349548913,4.8,4,5,40,361792
3,8,100,xgboost,fine,0.23157781266584115,0.07100474806053657,0.07478641821952946,0.25132243931140635,0.06953162202543337,0.07243542927142822,0.040177767393533605,0.15477677781708826,0.33533356182557933,2.7400108349548913,24.0,22,5,40,361792
4,8,100,logistic_regression,coarse,0.37441679196886607,0.2575894908339738,0.2629993889120853,0.37239321960107097,0.2554678816175502,0.26069959484752203,0.23149302546891662,0.13293826286927296,0.2840831195825226,2.8351760127366,4.8,4,5,40,361792
4,8,100,logistic_regression,fine,0.193749447196179,0.0739332922826233,0.0758264333123912,0.20402567569708804,0.07110540962120789,0.07227891296511366,0.04250669573561282,0.13293826286927296,0.2840831195825226,2.8351760127366,25.2,24,5,40,361792
4,8,100,xgboost,coarse,0.43993786485052183,0.24417492334460267,0.2589730446971966,0.44849131100172074,0.2495790156945772,0.2606019141103874,0.22210370344028862,0.15483758623739607,0.33603009464001415,2.7387006898991686,4.8,4,5,40,361792
4,8,100,xgboost,fine,0.23212232442950645,0.07286055415468343,0.07677022236072763,0.24685220434843877,0.06941171790706151,0.07277006534741362,0.038494650225630485,0.15483758623739607,0.33603009464001415,2.7387006898991686,25.2,24,5,40,361792
5,8,100,logistic_regression,coarse,0.34674343269060676,0.25466412495865187,0.265965407877952,0.35658293998106894,0.2544626674882743,0.26348650381625505,0.22730811095211007,0.12379488767026357,0.2682826043693614,2.8624568813019637,5.0,5,5,40,361792
5,8,100,logistic_regression,fine,0.18982177604811604,0.07549665958142128,0.07706331801910722,0.19770826907245503,0.07228057955482733,0.07305226646449806,0.04266177400249359,0.12379488767026357,0.2682826043693614,2.8624568813019637,25.6,24,5,40,361792
5,8,100,xgboost,coarse,0.4411899655050416,0.2441128466450997,0.2552635082262872,0.45435001980208745,0.24936597219153417,0.259160599862344,0.22174714033691273,0.15486246240934018,0.3300694874402972,2.75884486113568,5.0,5,5,40,361792
5,8,100,xgboost,fine,0.2189490093755528,0.07189045101186316,0.07785883221197719,0.23625598803090186,0.06858581972333117,0.07447278750464031,0.03929391429070834,0.15486246240934018,0.3300694874402972,2.75884486113568,25.6,24,5,40,361792
6,8,100,logistic_regression,coarse,0.3494936316999823,0.25078926360368536,0.25903156675161043,0.3579120103463668,0.25012878168147995,0.255709139697216,0.2259929007336779,0.1250138200955245,0.26917538254024415,2.864286661949407,5.0,5,5,40,361792
6,8,100,logistic_regression,fine,0.18885713338050591,0.07505453587155698,0.07532193640799018,0.19960160971449753,0.07244361336858175,0.07220887870128105,0.04275555766122925,0.1250138200955245,0.26917538254024415,2.864286661949407,25.8,24,5,40,361792
6,8,100,xgboost,coarse,0.43581947638422075,0.2509031372154684,0.2566170706301077,0.44653038596987227,0.2521032703847941,0.25633575263954606,0.2227469874316183,0.16870467008667964,0.33375945294533876,2.7293030249425083,5.0,5,5,40,361792
6,8,100,xgboost,fine,0.23169942950645675,0.07500586448519943,0.07925061127505187,0.24940128209132353,0.07376088259980974,0.07626539925839333,0.039774983458389236,0.16870467008667964,0.33375945294533876,2.7293030249425083,25.8,24,5,40,361792
7,8,100,logistic_regression,coarse,0.36862617194410047,0.2528571678507083,0.25690874948836756,0.368580464083841,0.25089753495835104,0.25425909517103823,0.23262718087360096,0.1247567663187688,0.27562660313108084,2.8851439501149834,5.0,5,5,40,361792
7,8,100,logistic_regression,fine,0.1826270343180612,0.0748089287592624,0.07498690987383032,0.19210262510547943,0.07195181528760133,0.07108310592359338,0.042948961694132815,0.1247567663187688,0.27562660313108084,2.8851439501149834,24.6,23,5,40,361792
7,8,100,xgboost,coarse,0.4332931629223421,0.2470366575668558,0.25928587903888045,0.44286048628097774,0.24903888396298385,0.25999266229502305,0.22611215770793547,0.15854137183796213,0.3258460662480099,2.7870710242349195,5.0,5,5,40,361792
7,8,100,xgboost,fine,0.2183989695736777,0.07361007027041484,0.07514137161070822,0.2344582886680627,0.07096223654046907,0.07106741846826897,0.039245017226636356,0.15854137183796213,0.3258460662480099,2.7870710242349195,24.6,23,5,40,361792
8,8,100,logistic_regression,coarse,0.375304042101539,0.2636353823471625,0.26645238241134545,0.37468786671374094,0.2582977429683223,0.2621462259824184,0.23447466892071872,0.12779442331505395,0.280282593313285,2.845076729170352,4.8,4,5,40,361792
8,8,100,logistic_regression,fine,0.18526114452503095,0.07454212976744018,0.07578425315520453,0.19436242393159553,0.07210726925527117,0.0726235410829611,0.04278624972497804,0.12779442331505395,0.280282593313285,2.845076729170352,24.6,23,5,40,361792
8,8,100,xgboost,coarse,0.4526495887139572,0.2429316763224696,0.25946266106126536,0.46026826820056543,0.24964482273740202,0.2618438548464831,0.22447547174997667,0.16564490093755527,0.34331881301963557,2.6933486644259683,4.8,4,5,40,361792
8,8,100,xgboost,fine,0.23398803732531398,0.07174249041299159,0.07597247376222795,0.25016865588021675,0.07035625963860873,0.0729694823094227,0.04032431646748099,0.16564490093755527,0.34331881301963557,2.6933486644259683,24.6,23,5,40,361792
9,8,100,logistic_regression,coarse,0.3601931496550504,0.2583085408728677,0.2645666562119125,0.3651161927291592,0.2545460188375897,0.25860937188161465,0.23276190732715935,0.13188517159030602,0.2800683818326552,2.864596232089156,5.0,5,5,40,361792
9,8,100,logistic_regression,fine,0.19994361401026003,0.07147966196170305,0.07568014026461697,0.2037208452882176,0.06897477313450641,0.07160686429284066,0.04346369769217416,0.13188517159030602,0.2800683818326552,2.864596232089156,23.6,22,5,40,361792
9,8,100,xgboost,coarse,0.4231547408455687,0.24735835156787306,0.26336121732835605,0.44057668422393564,0.2488731193436781,0.2615824834155232,0.226055687476451,0.16214841676985672,0.3293522244825756,2.742669821333805,5.0,5,5,40,361792
9,8,100,xgboost,fine,0.23554970811958253,0.07260332570250197,0.07769623513427709,0.24976923815801375,0.07099107406626054,0.07334003788897298,0.04176364970726011,0.16214841676985672,0.3293522244825756,2.742669821333805,23.6,22,5,40,361792
10,8,100,logistic_regression,coarse,0.3487611666371838,0.25058819306515223,0.2596778544679233,0.35740796808583847,0.2512092305397735,0.25760101490042914,0.2309495321450968,0.12667223155846452,0.2682356160445781,2.89187710065452,5.0,5,5,40,361792
10,8,100,logistic_regression,fine,0.1877100654519724,0.07882566140524482,0.07983031120441664,0.1972098062632347,0.07618241670420528,0.07604345398446533,0.04356871432982926,0.12667223155846452,0.2682356160445781,2.89187710065452,25.0,24,5,40,361792
10,8,100,xgboost,coarse,0.42494858924464884,0.2435090244088637,0.2604772471895198,0.4442938775732118,0.24950654195993005,0.263059662403718,0.22583944051187363,0.1617725101715903,0.32577281974173006,2.7638643198301787,5.0,5,5,40,361792
10,8,100,xgboost,fine,0.22659705023881124,0.07954437225234666,0.08459322410144911,0.24588810890337873,0.07773324097864337,0.08146300904382141,0.04118474788160813,0.1617725101715903,0.32577281974173006,2.7638643198301787,25.0,24,5,40,361792
11,8,100,logistic_regression,coarse,0.37252620290111443,0.26659998416520864,0.27149819364655114,0.3788155750494228,0.2640678046702372,0.26654084602102057,0.24030434196998174,0.12970436051653988,0.2833727666725632,2.819830178666195,5.0,5,5,40,361792
11,8,100,logistic_regression,fine,0.19421933044401202,0.08160507944081294,0.08178062885704585,0.20789900647083756,0.08127887725172442,0.08062615167470982,0.046028424637637524,0.12970436051653988,0.2833727666725632,2.819830178666195,24.8,24,5,40,361792
11,8,100,xgboost,coarse,0.4524920396249779,0.2701357513515267,0.27294164694916273,0.46689641665279324,0.2716737170008746,0.27400986960104506,0.23809704572178098,0.16393950114983194,0.344993808597205,2.720076729170352,5.0,5,5,40,361792
11,8,100,xgboost,fine,0.23749557756943215,0.0791911853283161,0.08696918956728403,0.2565272425151563,0.07886693423312806,0.08605358748305522,0.041683602847874604,0.16393950114983194,0.344993808597205,2.720076729170352,24.8,24,5,40,361792
12,8,100,logistic_regression,coarse,0.3597232664072174,0.2539214490729499,0.2582119839241483,0.35479627882739045,0.2468613438078211,0.2512631649668262,0.22660581110537587,0.12594529453387582,0.271060443569786,2.895442685299841,4.8,4,5,40,361792
12,8,100,logistic_regression,fine,0.1823976207323545,0.07182313034900532,0.07149927123754596,0.1884466539755418,0.06868466637217632,0.06726378826816627,0.04162843499745485,0.12594529453387582,0.271060443569786,2.895442685299841,24.8,24,5,40,361792
12,8,100,xgboost,coarse,0.43988534848752875,0.23443413886420456,0.24626478618497102,0.4540288600765523,0.23512042824993742,0.24761517007792216,0.2104799928226797,0.16583285423668848,0.33127045374137626,2.7521117105961435,4.8,4,5,40,361792
12,8,100,xgboost,fine,0.22265555899522377,0.06985768222536447,0.0721250176630232,0.23877062073808913,0.06874751256647699,0.06936284559948053,0.03815726049683828,0.16583285423668848,0.33127045374137626,2.7521117105961435,24.8,24,5,40,361792
13,8,100,logistic_regression,coarse,0.3623546125950823,0.2544652495355405,0.2606857995065193,0.36310433400562775,0.2529619185924787,0.2592921356714944,0.22946020953039126,0.12012427029895631,0.26993686980364406,2.8849725809304796,5.0,5,5,40,361792
13,8,100,logistic_regression,fine,0.1775191270122059,0.06694942925918795,0.06937783035329181,0.18752160708363702,0.06579133626332324,0.0671866806282342,0.04087071774032205,0.12012427029895631,0.26993686980364406,2.8849725809304796,24.6,23,5,40,361792
13,8,100,xgboost,coarse,0.431471674332213,0.23373836690954364,0.25070351393392476,0.4371467009400251,0.237448647032722,0.25126418479648915,0.2134100142868803,0.1448041968866089,0.32332528082434103,2.779840350256501,5.0,5,5,40,361792
13,8,100,xgboost,fine,0.21517888731646914,0.06705906363724685,0.07131598484882135,0.2312531379069061,0.0673209438856376,0.06945607357138847,0.03918636871355736,0.1448041968866089,0.32332528082434103,2.779840350256501,24.6,23,5,40,361792
14,8,100,logistic_regression,coarse,0.34642280647443835,0.2460879404995981,0.2579630578375355,0.34873745898129493,0.24352180493483563,0.2548502160033988,0.22195195633814513,0.11507164337519901,0.26199998894392357,2.934011807889616,4.8,4,5,40,361792
14,8,100,logistic_regression,fine,0.1775771714134088,0.06863981938295224,0.07120822192242214,0.1842523558061428,0.06582425133611694,0.0673398069241699,0.041010662338761585,0.11507164337519901,0.26199998894392357,2.934011807889616,24.0,22,5,40,361792
14,8,100,xgboost,coarse,0.4203382053776756,0.2517520154719216,0.26349143904117034,0.4312187911549816,0.25411038153863597,0.2650817107347555,0.23182422044882428,0.14387825048646735,0.32165581328498144,2.80364961082611,4.8,4,5,40,361792
14,8,100,xgboost,fine,0.22297342119228727,0.07302046848411867,0.07583511254710024,0.23737713836597396,0.07067607631661965,0.07245565287747836,0.04117081651814296,0.14387825048646735,0.32165581328498144,2.80364961082611,24.0,22,5,40,361792
15,8,100,logistic_regression,coarse,0.3607818857243941,0.2547628689815018,0.26499638436490186,0.3666285042681064,0.25274694746082554,0.2610588985599905,0.23221260067287214,0.12674962409340174,0.2727686073766142,2.879400318415001,4.8,4,5,40,361792
15,8,100,logistic_regression,fine,0.18475532902883424,0.07436911630360966,0.07574817254438784,0.19664945453685784,0.07266706194387162,0.07359975179374346,0.042947601765633704,0.12674962409340174,0.2727686073766142,2.879400318415001,24.2,23,5,40,361792
15,8,100,xgboost,coarse,0.4300205643021405,0.25079161285461216,0.26065612103506003,0.43952586060380605,0.25181035210387404,0.2609469963899591,0.22606555437951611,0.14916858305324607,0.3255862484521493,2.7828862993101007,4.8,4,5,40,361792
15,8,100,xgboost,fine,0.22115193260215815,0.0688554000172444,0.07411171442220399,0.23796683045646477,0.0681808757835035,0.07226631044812566,0.04007603006216939,0.14916858305324607,0.3255862484521493,2.7828862993101007,24.2,23,5,40,361792
16,8,100,logistic_regression,coarse,0.36906012294356977,0.25694850243926703,0.2621634391656524,0.376460126691872,0.257374250454531,0.2612006923770525,0.23481107949002666,0.12616918008137273,0.27939810719971697,2.8682115690783654,5.0,5,5,40,361792
16,8,100,logistic_regression,fine,0.18973609145586415,0.07577310467024778,0.07602721396274591,0.19994333762693078,0.07342250165491605,0.07324564693523669,0.042767967892235456,0.12616918008137273,0.27939810719971697,2.8682115690783654,25.0,24,5,40,361792
16,8,100,xgboost,coarse,0.4281824915973819,0.23871921413349054,0.24862171076203676,0.4333416541305991,0.24096015129037637,0.2486694056436885,0.2164133412091805,0.1503073589244649,0.3272460419246418,2.784041659295949,5.0,5,5,40,361792
16,8,100,xgboost,fine,0.22630959225190164,0.0739740508551794,0.0784437145069994,0.24141030222410506,0.07171010544545281,0.07547169985639862,0.03986842757737746,0.1503073589244649,0.3272460419246418,2.784041659295949,25.0,24,5,40,361792
17,8,100,logistic_regression,coarse,0.3742509508225721,0.26041497997962104,0.269659945635307,0.3730052354693028,0.2568455757732496,0.2646131112492228,0.23559134455212058,0.13265909693967803,0.2833285423668848,2.8421358128427383,5.0,5,5,40,361792
17,8,100,logistic_regression,fine,0.1924061339111976,0.07965452327570215,0.08040655848061815,0.20215597376313976,0.07808154307673537,0.07816706512365894,0.04403270481417507,0.13265909693967803,0.2833285423668848,2.8421358128427383,24.6,23,5,40,361792
17,8,100,xgboost,coarse,0.4153519149124359,0.242445282477808,0.2574134614055962,0.42937660114796633,0.2475201522444097,0.2589153843619853,0.22160440389687489,0.15750486467362462,0.3217953962497789,2.7780271537236865,5.0,5,5,40,361792
17,8,100,xgboost,fine,0.22823887758712189,0.07194727464035953,0.07677803984649877,0.24680112602244259,0.07189990588526582,0.07612116400679161,0.0392137380405342,0.15750486467362462,0.3217953962497789,2.7780271537236865,24.6,23,5,40,361792
18,8,100,logistic_regression,coarse,0.35213603396426674,0.25419075178881123,0.26559348466758076,0.3561336230658809,0.25209247614736463,0.26287565377731503,0.2297238036725328,0.11674387493366355,0.26238971563771446,2.9049896072881656,5.0,5,5,40,361792
18,8,100,logistic_regression,fine,0.1726433973111622,0.0745695827090652,0.07614861786081815,0.18365478735776458,0.07050633352035061,0.07253823097095118,0.04233502826439552,0.11674387493366355,0.26238971563771446,2.9049896072881656,23.4,21,5,40,361792
18,8,100,xgboost,coarse,0.4320189501149832,0.24405078161242696,0.2629757298419765,0.43814965823400287,0.24390864063791798,0.2624175153695651,0.22351135487675206,0.14450844684238456,0.3241586325844684,2.7847216079957544,5.0,5,5,40,361792
18,8,100,xgboost,fine,0.21629831505395367,0.07168205278165107,0.07741966721298968,0.23528799563920147,0.06896968594543394,0.0753965762350309,0.04004418440088172,0.14450844684238456,0.3241586325844684,2.7847216079957544,23.4,21,5,40,361792
19,8,100,logistic_regression,coarse,0.36023460994162393,0.2522565992288655,0.2581287420953763,0.3540547901521136,0.24596127015111297,0.2517823453019613,0.22786427039027002,0.12362351848575977,0.2732108504333982,2.88108084203078,5.0,5,5,40,361792
19,8,100,logistic_regression,fine,0.18618709092517247,0.07033666975664683,0.07190092542548496,0.19200991050575708,0.06861073716792994,0.0693704032294938,0.041971466713996916,0.12362351848575977,0.2732108504333982,2.88108084203078,24.6,22,5,40,361792
19,8,100,xgboost,coarse,0.4283345126481514,0.24373285788546592,0.24905673604462053,0.4289990940026014,0.24799843297091453,0.249638891180747,0.21836965781632686,0.15220624004953123,0.3268245290111445,2.782985803997877,5.0,5,5,40,361792
19,8,100,xgboost,fine,0.22531454537413761,0.07278761693789133,0.0740289184949961,0.23427844848836052,0.07167476200384774,0.07167558589864359,0.03858855189937295,0.15220624004953123,0.3268245290111445,2.782985803997877,24.6,22,5,40,361792
0,8,200,logistic_regression,coarse,0.33656078630815495,0.25441159470363245,0.2734373291108789,0.3500837337015142,0.2569989879717388,0.27230352301251115,0.22941418979183684,0.11764770918096586,0.25459379975234386,2.9198268618432692,5.0,5,5,40,361792
0,8,200,logistic_regression,fine,0.1726268131965328,0.07638093404591535,0.07780386141424812,0.17741529432669995,0.07459693157715304,0.07576725285160288,0.045193698096614575,0.11764770918096586,0.25459379975234386,2.9198268618432692,25.8,25,5,40,361792
0,8,200,xgboost,coarse,0.4437798514063329,0.256732291800018,0.2709276048705306,0.4540659802809051,0.25818824016813496,0.27067932799914474,0.2302936517612062,0.16829283124004954,0.3472865624447196,2.692917477445604,5.0,5,5,40,361792
0,8,200,xgboost,fine,0.2507932734831063,0.0782894432907545,0.08670680275698608,0.26111213590564136,0.07621134215080368,0.08407853979207286,0.04289525433893393,0.16829283124004954,0.3472865624447196,2.692917477445604,25.8,25,5,40,361792
1,8,200,logistic_regression,coarse,0.3375862373960729,0.25222800088273173,0.2734884772242592,0.3451300833105541,0.2513900076041903,0.2679882982823131,0.23000845933770897,0.11334136741553158,0.2539428732531399,2.913270608526446,5.0,5,5,40,361792
1,8,200,logistic_regression,fine,0.17029950911020697,0.07974787106799083,0.0822140497423944,0.17523329784007244,0.07709076914721914,0.07911579213532252,0.046342211955508195,0.11334136741553158,0.2539428732531399,2.913270608526446,26.0,25,5,40,361792
1,8,200,xgboost,coarse,0.43647178489297717,0.24787356823692397,0.26225125061907517,0.44817228408689386,0.25025212007953535,0.263143607233627,0.2268428452531995,0.1667615646559349,0.3373278016097647,2.718252476561118,5.0,5,5,40,361792
1,8,200,xgboost,fine,0.23818381832655228,0.07868220072948219,0.08312814728764188,0.2518952167815753,0.07672819453596334,0.08026470414859782,0.0433164905989991,0.1667615646559349,0.3373278016097647,2.718252476561118,26.0,25,5,40,361792
2,8,200,logistic_regression,coarse,0.353374314523262,0.26490081369691676,0.2816077295901544,0.3578087412692616,0.26293773687080974,0.2774292708961459,0.23923156702377707,0.11898825844684238,0.26549094507341237,2.9003460551919336,5.0,5,5,40,361792
2,8,200,logistic_regression,fine,0.17760757562356272,0.07869198896675245,0.08154338001664933,0.18272512937297622,0.0752783733034365,0.07813195555456319,0.04663489784579239,0.11898825844684238,0.26549094507341237,2.9003460551919336,25.2,24,5,40,361792
2,8,200,xgboost,coarse,0.44516462497788784,0.2590455700867259,0.2755860766571544,0.45269070355315283,0.2600465491618265,0.27325503956414554,0.2338529088850929,0.17137471254201309,0.3457083075358217,2.6918505660711127,5.0,5,5,40,361792
2,8,200,xgboost,fine,0.24625199009375554,0.07960556322755404,0.0839596656614705,0.2607294692957848,0.07740453091277226,0.08045252383989156,0.04254013375635122,0.17137471254201309,0.3457083075358217,2.6918505660711127,25.2,24,5,40,361792
3,8,200,logistic_regression,coarse,0.3701574385282151,0.2665890264540247,0.2788444603823179,0.3676766526624339,0.26189472146538617,0.27324373883975606,0.24202500632828441,0.13058331859189812,0.276161440827879,2.8783002388112506,5.0,5,5,40,361792
3,8,200,logistic_regression,fine,0.1821654431275429,0.0766562321946628,0.07921475972755739,0.18548151381076453,0.07306771954597525,0.07523918045875583,0.045450124129968676,0.13058331859189812,0.276161440827879,2.8783002388112506,25.0,24,5,40,361792
3,8,200,xgboost,coarse,0.4383402618078896,0.24723442962729578,0.26334045711714343,0.4514231600968799,0.2510026935188635,0.2653492269466714,0.2296940634798509,0.16566977710949937,0.3419851738015213,2.707555722625155,5.0,5,5,40,361792
3,8,200,xgboost,fine,0.24563008579515302,0.07363503456793272,0.07868740140576647,0.26064286529603475,0.07230519162721939,0.07585795981923321,0.04107115896418099,0.16566977710949937,0.3419851738015213,2.707555722625155,25.0,24,5,40,361792
4,8,200,logistic_regression,coarse,0.36211137891385103,0.26872470684347327,0.2846485415289547,0.36150653869317473,0.26369470977410653,0.28018061676265665,0.23717273306460615,0.12380594374668318,0.2727838094816911,2.8540266230320186,5.0,5,5,40,361792
4,8,200,logistic_regression,fine,0.18345624004953123,0.08154187950295519,0.08347926976601931,0.19333794457212494,0.07832630131790072,0.08028545482684869,0.04623760353725802,0.12380594374668318,0.2727838094816911,2.8540266230320186,26.2,26,5,40,361792
4,8,200,xgboost,coarse,0.45071753935963205,0.26150293560187104,0.2759611371381276,0.4556412269650775,0.26288715913125077,0.27568425428463444,0.23673767166129692,0.1725881169290642,0.35295141960021226,2.6675493101008314,5.0,5,5,40,361792
4,8,200,xgboost,fine,0.2551852998407925,0.0788330276110953,0.08384534547134972,0.2675654529706512,0.07563450753201525,0.07966262681064282,0.042687442447465536,0.1725881169290642,0.35295141960021226,2.6675493101008314,26.2,26,5,40,361792
5,8,200,logistic_regression,coarse,0.33976981248894395,0.25718973631188435,0.2772984261807899,0.3502031360594432,0.2570411019133432,0.2730461104083116,0.2315535275908454,0.11653933751990093,0.25982194188926233,2.87970988855475,5.0,5,5,40,361792
5,8,200,logistic_regression,fine,0.17987407128958074,0.08126798037175714,0.08309513512258257,0.18157241896187074,0.077107858194165,0.0789876761627126,0.04587572662505368,0.11653933751990093,0.25982194188926233,2.87970988855475,26.2,25,5,40,361792
5,8,200,xgboost,coarse,0.4423370334335751,0.24445592463119103,0.261604261679404,0.45824521576644733,0.25208355222720386,0.26602396128954275,0.22523744325061337,0.1669356978595436,0.3402963581284274,2.710010171590306,5.0,5,5,40,361792
5,8,200,xgboost,fine,0.23825568282327966,0.07795017725755242,0.08358867593554402,0.254621637628969,0.07460417889791077,0.0790022765450326,0.042224873880905955,0.1669356978595436,0.3402963581284274,2.710010171590306,26.2,25,5,40,361792
6,8,200,logistic_regression,coarse,0.34590317088271716,0.2602682799365496,0.27440785943434565,0.35144468321069267,0.2589153797840777,0.2716662886102516,0.23627592237901984,0.11849626304617017,0.2609095834070405,2.871423359278259,5.0,5,5,40,361792
6,8,200,logistic_regression,fine,0.17591599593136387,0.07991192481273811,0.08166272479785551,0.1832780194257822,0.0770343145667301,0.07935721320607161,0.0463821627697339,0.11849626304617017,0.2609095834070405,2.871423359278259,26.4,25,5,40,361792
6,8,200,xgboost,coarse,0.44545484698390236,0.2529152893763949,0.26411682552327786,0.45972114776760054,0.2580269921667515,0.26653116915079317,0.23149625794901002,0.18205764638245178,0.3467116464709004,2.6746196709711656,5.0,5,5,40,361792
6,8,200,xgboost,fine,0.24796844595789846,0.07687882546240934,0.08027564615742308,0.26613015057602496,0.07566891169058997,0.07772965578671417,0.04229585942731897,0.18205764638245178,0.3467116464709004,2.6746196709711656,26.4,25,5,40,361792
7,8,200,logistic_regression,coarse,0.36156963116929064,0.26297214212747577,0.27172866672677193,0.3662275571515754,0.2607477648579216,0.2687398559065652,0.24008712598115078,0.11182944896515125,0.2626412413762604,2.9072063506102954,5.0,5,5,40,361792
7,8,200,logistic_regression,fine,0.16371285158323015,0.07721447534415429,0.07898040318420477,0.17165124179157448,0.07333969924676402,0.0750589146593903,0.045177166634221916,0.11182944896515125,0.2626412413762604,2.9072063506102954,25.2,24,5,40,361792
7,8,200,xgboost,coarse,0.4482243941270122,0.25826695175825487,0.26797535702802805,0.45966611904690174,0.25517506565912484,0.2661975939424561,0.23138353300852837,0.1729059791261277,0.34143651600919867,2.7209833274367594,5.0,5,5,40,361792
7,8,200,xgboost,fine,0.2346486378913851,0.07835642687782601,0.08147228839676383,0.2513611605863726,0.07539601585892287,0.07709427921163291,0.042367530080308136,0.1729059791261277,0.34143651600919867,2.7209833274367594,25.2,24,5,40,361792
8,8,200,logistic_regression,coarse,0.3631589421546082,0.26899775908156454,0.28075028426702786,0.36628419504445564,0.2660811403508194,0.27847596883386216,0.24139328783528943,0.11811759242879886,0.2687676897222714,2.8639992039624977,5.0,5,5,40,361792
8,8,200,logistic_regression,fine,0.17437643728993454,0.08070579263114928,0.08336694729991377,0.17992986909277667,0.0775980657638575,0.08068939428464252,0.04645709552099745,0.11811759242879886,0.2687676897222714,2.8639992039624977,25.6,25,5,40,361792
8,8,200,xgboost,coarse,0.46192563683000176,0.2504144643383266,0.26649253687310104,0.47184698950456827,0.2562258660563173,0.26814176282477586,0.23008604015910533,0.1771819166814081,0.35330521404563947,2.6597271360339643,5.0,5,5,40,361792
8,8,200,xgboost,fine,0.2446847912612772,0.07775551410302359,0.08074315341080202,0.2611656127248415,0.07592956350298528,0.07696069172637013,0.04300060615368061,0.1771819166814081,0.35330521404563947,2.6597271360339643,25.6,25,5,40,361792
9,8,200,logistic_regression,coarse,0.3496373606934371,0.26259423993612563,0.27599581933098455,0.3506468755415815,0.2567531224404177,0.2675986101409767,0.2343910302208064,0.12443061206439059,0.26602163674155316,2.9005063683000176,5.0,5,5,40,361792
9,8,200,logistic_regression,fine,0.1824059127896692,0.07756152256931415,0.08010029443455731,0.18365931837855876,0.07348805640153333,0.07596663645791386,0.04505980087644874,0.12443061206439059,0.26602163674155316,2.9005063683000176,25.0,24,5,40,361792
9,8,200,xgboost,coarse,0.43559835485582876,0.249359453791151,0.2670227296228903,0.4490929705031979,0.24861737580354443,0.2633372416273807,0.22592099937012175,0.18099902706527507,0.3427812113037325,2.6868808597205023,5.0,5,5,40,361792
9,8,200,xgboost,fine,0.2499640677516363,0.07315352319078909,0.07984315505543019,0.26204549741356337,0.07154816720916828,0.07569682030841643,0.04227431473072153,0.18099902706527507,0.3427812113037325,2.6868808597205023,25.0,24,5,40,361792
10,8,200,logistic_regression,coarse,0.3429594905359986,0.2586124287252263,0.27589645632966403,0.3530911707454617,0.25929981874602065,0.2740369820946284,0.2387547880533715,0.11620489120820802,0.257287336370069,2.9150285246771626,5.0,5,5,40,361792
10,8,200,logistic_regression,fine,0.1716151822041394,0.0812777851544664,0.08502111101904825,0.1806663429926344,0.07871156847572658,0.08224335080950036,0.047199505400590105,0.11620489120820802,0.257287336370069,2.9150285246771626,25.8,25,5,40,361792
10,8,200,xgboost,coarse,0.4475637935609411,0.2452570843973742,0.26752020893883593,0.46440605342817154,0.2523349684706423,0.2694709781871734,0.2346218820709161,0.16769027507518133,0.3406584446311693,2.7159196444365823,5.0,5,5,40,361792
10,8,200,xgboost,fine,0.2337530957013975,0.08198375881322406,0.08579451277018577,0.2541728747887576,0.08120365941104932,0.08253557850696262,0.04592081143120676,0.16769027507518133,0.3406584446311693,2.7159196444365823,25.8,25,5,40,361792
11,8,200,logistic_regression,coarse,0.3610085352909959,0.26988714821090687,0.28357797152863606,0.366677167202941,0.26821699965846424,0.27831428755635607,0.2446503122360792,0.11776103396426676,0.26654680037148415,2.8778303555634177,5.0,5,5,40,361792
11,8,200,logistic_regression,fine,0.1720850654519724,0.08275374060707728,0.08396889624486342,0.18502143512649757,0.08148986110213834,0.08256216304392644,0.04805851879723422,0.11776103396426676,0.26654680037148415,2.8778303555634177,26.0,26,5,40,361792
11,8,200,xgboost,coarse,0.4562455775694322,0.2740396070458181,0.2822408304828777,0.47224150560689643,0.27603250140280267,0.2819936911542591,0.2420203689505714,0.17612329736423138,0.3549249292411109,2.660816159561295,5.0,5,5,40,361792
11,8,200,xgboost,fine,0.2536042809127897,0.0855164344657072,0.09482224049113794,0.269825637561175,0.08483167216035321,0.09334879958528004,0.044669746441471966,0.17612329736423138,0.3549249292411109,2.660816159561295,26.0,26,5,40,361792
12,8,200,logistic_regression,coarse,0.35659163276136563,0.26599768900260595,0.2792714651074687,0.3568938241267742,0.2614253260802555,0.27378401420745047,0.2389540949893977,0.12042002034318061,0.26607968114275604,2.89159517070582,5.0,5,5,40,361792
12,8,200,logistic_regression,fine,0.17556772952414648,0.07564650594273684,0.07829715492200379,0.17912031309782733,0.07243360097388868,0.0748792999893839,0.04622543956672912,0.12042002034318061,0.26607968114275604,2.89159517070582,25.6,25,5,40,361792
12,8,200,xgboost,coarse,0.4536335795153016,0.24204150903754523,0.25312835536672773,0.4645302322228124,0.23895289311143375,0.25238338374684355,0.21303846863725906,0.18057336812312047,0.34666327613656467,2.6960739872634,5.0,5,5,40,361792
12,8,200,xgboost,fine,0.2396929727578277,0.07491637915915153,0.07884881099326202,0.25681350826873495,0.07289628432501709,0.07493058817152241,0.04054975631600862,0.18057336812312047,0.34666327613656467,2.6960739872634,25.6,25,5,40,361792
13,8,200,logistic_regression,coarse,0.35207798956306385,0.2601722378190081,0.274037544942962,0.3568472961291562,0.25865895701067787,0.27219040773140135,0.23497329512609885,0.10780780116752167,0.2558638665310455,2.925642358039979,5.0,5,5,40,361792
13,8,200,logistic_regression,fine,0.15964974349902705,0.07150781330567962,0.07470447201115553,0.16609928394001686,0.06900063204962247,0.07200369961531185,0.043139426411973734,0.10780780116752167,0.2558638665310455,2.925642358039979,26.2,26,5,40,361792
13,8,200,xgboost,coarse,0.43947903767910845,0.24404159434236078,0.2613081440686637,0.4510466365268152,0.24671400203059796,0.26164788043127063,0.2232155763318442,0.16080786750398018,0.3374314523261985,2.715239695736777,5.0,5,5,40,361792
13,8,200,xgboost,fine,0.23538386697328853,0.07695568486467774,0.08208080999262561,0.2501414967635462,0.07609874654941017,0.07942222881276607,0.04265459285862856,0.16080786750398018,0.3374314523261985,2.715239695736777,26.2,26,5,40,361792
14,8,200,logistic_regression,coarse,0.34154984079249956,0.2546900470833535,0.2786190671082681,0.3467586868514179,0.2526080825740299,0.2743517842143982,0.22978636216442058,0.1093335397134265,0.2513681894569255,2.9552394746152486,5.0,5,5,40,361792
14,8,200,logistic_regression,fine,0.1611865381213515,0.07343087720961361,0.07727507376801954,0.16734486833268258,0.07009892764544139,0.07328728088975921,0.043705070072644625,0.1093335397134265,0.2513681894569255,2.9552394746152486,25.2,24,5,40,361792
14,8,200,xgboost,coarse,0.43719872191756587,0.2584815241867565,0.2753144481064436,0.448681020519205,0.2619732027221571,0.27623677750902725,0.23901576531179214,0.1607415310454626,0.33745632849814255,2.732050459932779,5.0,5,5,40,361792
14,8,200,xgboost,fine,0.23771393507871927,0.07904564839076954,0.08275308104174321,0.25387625010350157,0.07744988573427393,0.07955114125106998,0.04456867576787017,0.1607415310454626,0.33745632849814255,2.732050459932779,25.2,24,5,40,361792
15,8,200,logistic_regression,coarse,0.3646100521846807,0.2724740979685947,0.2883876669429687,0.3674356168058271,0.26734987766154744,0.2825947803566539,0.24486152600081995,0.12068260215814612,0.2691864386166637,2.8913021846807005,4.8,4,5,40,361792
15,8,200,logistic_regression,fine,0.17376282504864674,0.08024601147878067,0.08435899267394477,0.17732052683015997,0.07638460838665452,0.08046450162086939,0.045593345311456965,0.12068260215814612,0.2691864386166637,2.8913021846807005,25.8,24,5,40,361792
15,8,200,xgboost,coarse,0.4469695294533876,0.25850919606028483,0.27233648254336273,0.4617208875523223,0.26411590357981307,0.275428708244116,0.23910156157937174,0.16062267822395188,0.3434100256500973,2.7107730408632587,4.8,4,5,40,361792
15,8,200,xgboost,fine,0.239850521846807,0.07926997646167296,0.08505056125869145,0.2568606217197663,0.0776359460665635,0.08227430777738762,0.04430445246086778,0.16062267822395188,0.3434100256500973,2.7107730408632587,25.8,24,5,40,361792
16,8,200,logistic_regression,coarse,0.3601710375022112,0.26400269092430045,0.27765582520071996,0.3680921785399472,0.26441431288483813,0.276719894737352,0.24178810573391857,0.12099493631699983,0.2682715482929418,2.886404342826818,5.0,5,5,40,361792
16,8,200,logistic_regression,fine,0.1763720590836724,0.08009324564980184,0.08514441691877171,0.1839248585022308,0.07665385014002789,0.0822755684625602,0.046160788050799886,0.12099493631699983,0.2682715482929418,2.886404342826818,25.8,25,5,40,361792
16,8,200,xgboost,coarse,0.43123396868919156,0.24845875889739233,0.26165894115246163,0.44417775779312824,0.2507623387154312,0.261204504828347,0.22814144630908978,0.1610455731470016,0.3334084225190165,2.750746285158323,5.0,5,5,40,361792
16,8,200,xgboost,fine,0.2355828763488413,0.07448395059245977,0.08398996738316562,0.2525945866469145,0.07168144464807416,0.08107977387742835,0.04167900494127763,0.1610455731470016,0.3334084225190165,2.750746285158323,25.8,25,5,40,361792
17,8,200,logistic_regression,coarse,0.3646404563948346,0.26890331876738766,0.2839260593244245,0.36878378995561534,0.2667492144899669,0.279725881248423,0.24489981956425763,0.12199274721386874,0.27043301123297364,2.881440164514417,5.0,5,5,40,361792
17,8,200,logistic_regression,fine,0.17622556607111267,0.08006166604132613,0.08262624040556593,0.1837410169507426,0.0778640879524719,0.08048645876627569,0.04647122144662738,0.12199274721386874,0.27043301123297364,2.881440164514417,25.6,25,5,40,361792
17,8,200,xgboost,coarse,0.42501492570316646,0.24635087544745185,0.2647542544007164,0.4429328455339032,0.25264899343582947,0.2675772095432578,0.22872325644005675,0.1620240359101362,0.33098575977357153,2.7335264461347957,5.0,5,5,40,361792
17,8,200,xgboost,fine,0.23695659384397666,0.07720718560493012,0.08125293091947176,0.2577897674145523,0.07714048204879316,0.08045897523490761,0.04288748917320066,0.1620240359101362,0.33098575977357153,2.7335264461347957,25.6,25,5,40,361792
18,8,200,logistic_regression,coarse,0.3435482266053423,0.2598540449730703,0.2809213871009223,0.3490950323046048,0.2583245340346703,0.2772874454130463,0.23154704469543885,0.11088415443127543,0.2533347890500619,2.9233261100300725,5.0,5,5,40,361792
18,8,200,logistic_regression,fine,0.16312135149478152,0.07659312828331821,0.08027805590246703,0.169415545320263,0.07268025048984794,0.07742495742588797,0.04455244506158764,0.11088415443127543,0.2533347890500619,2.9233261100300725,24.8,22,5,40,361792
18,8,200,xgboost,coarse,0.45177615867680876,0.25679120656915566,0.27505781689601466,0.45970724613653646,0.2580271180134722,0.27492965762365495,0.2357904233337484,0.1573058552980718,0.3449454382628693,2.708379400318415,5.0,5,5,40,361792
18,8,200,xgboost,fine,0.23811471784892976,0.08021271026051131,0.08609431987864495,0.2530922482855054,0.0774511874320677,0.08336783047467054,0.045519191202362405,0.1573058552980718,0.3449454382628693,2.708379400318415,24.8,22,5,40,361792
19,8,200,logistic_regression,coarse,0.34694797010436934,0.25762435809527073,0.27367999433671947,0.34609724791468355,0.2538301908123057,0.2680330868062767,0.2369882706274474,0.11238778082434106,0.25809581195825226,2.907770210507695,5.0,5,5,40,361792
19,8,200,logistic_regression,fine,0.16924365381213516,0.07615815266571008,0.07754259796960566,0.17354411518825769,0.07331381310119867,0.07494495737748605,0.044634812453816376,0.11238778082434106,0.25809581195825226,2.907770210507695,25.8,25,5,40,361792
19,8,200,xgboost,coarse,0.4434315849991155,0.2505190081727301,0.2590080484993704,0.44474634643814515,0.2534996871428857,0.2580420815802787,0.22557905340123394,0.15739706792853353,0.3363299907128958,2.7487396072881656,5.0,5,5,40,361792
19,8,200,xgboost,fine,0.2292283964266761,0.07820555503649791,0.07953322226384252,0.23944339145983856,0.07730925441526884,0.07761026397746222,0.041318991330354396,0.15739706792853353,0.3363299907128958,2.7487396072881656,25.8,25,5,40,361792
0,8,400,logistic_regression,coarse,0.3489933442419954,0.2644365940700214,0.28984383217016846,0.36038185865562866,0.26698671650124794,0.28901007511617777,0.23816938115214326,0.10397687068813019,0.2500939766495666,2.9183232354502033,5.0,5,5,40,361792
0,8,400,logistic_regression,fine,0.1511946090571378,0.08212844800563424,0.08745798824527623,0.15433171731715922,0.07869360031088973,0.08514143737810331,0.046872748614947356,0.10397687068813019,0.2500939766495666,2.9183232354502033,26.4,26,5,40,361792
0,8,400,xgboost,coarse,0.45060974261454095,0.2635359424975351,0.2815585625374031,0.46123123202944605,0.26563599139814587,0.2807473466810947,0.2366595753503339,0.1824639571908721,0.3570242017512825,2.6371837962143996,5.0,5,5,40,361792
0,8,400,xgboost,fine,0.26343866088802403,0.08495611277909597,0.09347937652368235,0.27539078098486225,0.08276941831810598,0.09050458977950569,0.04578101079048072,0.1824639571908721,0.3570242017512825,2.6371837962143996,26.4,26,5,40,361792
1,8,400,logistic_regression,coarse,0.33083097470369716,0.25761402580639287,0.28946232730765276,0.34225755846480277,0.25821774664782376,0.2840993338475129,0.23486285421608297,0.0932994648859013,0.23644110428091278,2.952458871395719,5.0,5,5,40,361792
1,8,400,logistic_regression,fine,0.14205123385812843,0.08173868431776209,0.09047028274376888,0.14454127369255643,0.07799960533232152,0.0879013963429448,0.046049697999540874,0.0932994648859013,0.23644110428091278,2.952458871395719,26.0,25,5,40,361792
1,8,400,xgboost,coarse,0.4468617327082965,0.2535355448625355,0.27025866882733574,0.45940533441017595,0.2550495141089074,0.27015002628441415,0.23403640220180977,0.17810786308154963,0.34952265390058374,2.6809271625685476,5.0,5,5,40,361792
1,8,400,xgboost,fine,0.25218357509287104,0.0839537066106387,0.09100274890802938,0.2662688515399947,0.08174531785441125,0.08690166998902772,0.0465364094815489,0.17810786308154963,0.34952265390058374,2.6809271625685476,26.0,25,5,40,361792
2,8,400,logistic_regression,coarse,0.35737108614894747,0.27615183374014174,0.3031921657470179,0.364286422815706,0.2741858244086599,0.29925576192566944,0.2461216375567879,0.10571267468600742,0.2563765920750044,2.916952281974173,5.0,5,5,40,361792
2,8,400,logistic_regression,fine,0.15538209800106137,0.08214165891506259,0.08943607293433108,0.15625892572342232,0.07769820884448081,0.08549494844372649,0.04834439058682288,0.10571267468600742,0.2563765920750044,2.916952281974173,26.0,26,5,40,361792
2,8,400,xgboost,coarse,0.45041349725809304,0.2641449989205301,0.28443470742144533,0.46054698076913975,0.2661134330246912,0.282220746549871,0.2406522599580831,0.18325999469308332,0.35515848885547496,2.630312444719618,5.0,5,5,40,361792
2,8,400,xgboost,fine,0.2599034804528569,0.08610257804255869,0.08987472078052967,0.2743989974165197,0.08328611532737736,0.08570967985601666,0.04868505800328826,0.18325999469308332,0.35515848885547496,2.630312444719618,26.0,26,5,40,361792
3,8,400,logistic_regression,coarse,0.36160279939854945,0.27324259150696556,0.2957074368289719,0.3642054076490394,0.2695002282898572,0.2886317490648572,0.24570275504662858,0.1149417344772687,0.2616987108614895,2.9017280647443835,5.0,5,5,40,361792
3,8,400,logistic_regression,fine,0.1617946223244295,0.07935315946308284,0.08474089066884843,0.1639806245754574,0.07449087851959522,0.08012174763280361,0.04772279152299713,0.1149417344772687,0.2616987108614895,2.9017280647443835,25.6,25,5,40,361792
3,8,400,xgboost,coarse,0.44719065098177957,0.25371671029682463,0.27173230612381927,0.4628346902003111,0.25739252169171334,0.2737178270566118,0.2337630841528151,0.18095203874049176,0.35253405271537236,2.6479081903414117,5.0,5,5,40,361792
3,8,400,xgboost,fine,0.25787745444896515,0.07899408015055237,0.0841032127396793,0.27414102391828854,0.07738572751525677,0.08116225641348283,0.04456053441689693,0.18095203874049176,0.35253405271537236,2.6479081903414117,25.6,25,5,40,361792
4,8,400,logistic_regression,coarse,0.35561040597912613,0.2767444204442765,0.3053647382704228,0.361839030559164,0.27414044584815506,0.3009330699362046,0.2438750341317812,0.1090681938793561,0.25868178400849107,2.8890854413585707,5.0,5,5,40,361792
4,8,400,logistic_regression,fine,0.161753162037856,0.08397231186580767,0.08928980599028859,0.16564521914016758,0.07979944382377849,0.086246387213441,0.04871740927265119,0.1090681938793561,0.25868178400849107,2.8890854413585707,26.2,26,5,40,361792
4,8,400,xgboost,coarse,0.4687582920573147,0.2730067631152325,0.28615657613583634,0.4725556838601982,0.2718245836718327,0.28459320352346273,0.24578173694302913,0.1926410755351141,0.37237141783124006,2.5859333539713427,5.0,5,5,40,361792
4,8,400,xgboost,fine,0.2759845436051654,0.08536844231309526,0.09180850623600237,0.2851954961444013,0.08213422334054997,0.08697814209200681,0.04601991891926999,0.1926410755351141,0.37237141783124006,2.5859333539713427,26.2,26,5,40,361792
5,8,400,logistic_regression,coarse,0.3478518043516717,0.2690841431769447,0.29496205043049695,0.3557532912872194,0.26831801478376455,0.2917162926011799,0.24155143405761909,0.10636498319476384,0.2530252189103131,2.9091964443658234,5.0,5,5,40,361792
5,8,400,logistic_regression,fine,0.15819863346895455,0.08489498154648885,0.0927882944223075,0.15793262369621858,0.07987115051838804,0.08921582793143795,0.04886074744055908,0.10636498319476384,0.2530252189103131,2.9091964443658234,26.4,25,5,40,361792
5,8,400,xgboost,coarse,0.44549077923226604,0.25448504354116797,0.2707180300344083,0.4633020161994832,0.2596563421327761,0.27356803920799644,0.23145313974067525,0.17978562267822396,0.34805081372722446,2.679887891385105,5.0,5,5,40,361792
5,8,400,xgboost,fine,0.25061084822218294,0.08256116001354127,0.08612017373238402,0.2657063676840963,0.08005778852688843,0.082282658322974,0.04666533500603685,0.17978562267822396,0.34805081372722446,2.679887891385105,26.4,25,5,40,361792
6,8,400,logistic_regression,coarse,0.3488827834777994,0.2739882015456537,0.29863901654830594,0.35879390981218834,0.27329254052665786,0.29455689598494417,0.24437896782667376,0.10516539890323721,0.25118714620555455,2.9031377144878827,5.0,5,5,40,361792
6,8,400,logistic_regression,fine,0.15349150893330973,0.08246885690796517,0.08857571350387569,0.16114580282497437,0.07904229693295087,0.08598465926667737,0.04784590986371286,0.10516539890323721,0.25118714620555455,2.9031377144878827,26.8,26,5,40,361792
6,8,400,xgboost,coarse,0.454949252609234,0.2572236939523787,0.2697016583796317,0.47194682143636635,0.2621836594339056,0.2722380670845227,0.23658236456452228,0.18942099327790554,0.3572619073943039,2.623114938970458,5.0,5,5,40,361792
6,8,400,xgboost,fine,0.2595745621793738,0.08048929599257815,0.08544062967385246,0.2795377600707492,0.07974248223451716,0.082982915844501,0.04494804470941891,0.18942099327790554,0.3572619073943039,2.623114938970458,26.8,26,5,40,361792
7,8,400,logistic_regression,coarse,0.3510829426852998,0.2707980673925307,0.29132172377693344,0.36231985547593853,0.2710623350334229,0.2898758340454024,0.24604151685998446,0.09802870157438529,0.24651180788961613,2.951707058199186,5.0,5,5,40,361792
7,8,400,logistic_regression,fine,0.14194067309393243,0.07828223495127579,0.0855341534550336,0.14679047178271795,0.07326750926620772,0.08141149362751225,0.04705030772043203,0.09802870157438529,0.24651180788961613,2.951707058199186,26.0,25,5,40,361792
7,8,400,xgboost,coarse,0.45641694675393596,0.25826954853635903,0.2731440054044293,0.46723023874512465,0.25735751004765717,0.27173483956438693,0.2348833357790691,0.17801112241287811,0.3526943658234566,2.6804572793207146,5.0,5,5,40,361792
7,8,400,xgboost,fine,0.2489717848929772,0.08127130512053407,0.08416224646704308,0.26281853915490555,0.07779209515692509,0.07919733721228521,0.045577874351033165,0.17801112241287811,0.3526943658234566,2.6804572793207146,26.0,25,5,40,361792
8,8,400,logistic_regression,coarse,0.36797386343534405,0.283807742884947,0.3025210833442319,0.37031550435607896,0.2798036937794889,0.29957869539300724,0.249004897673601,0.11090903060321954,0.26602163674155316,2.8672220502388113,5.0,5,5,40,361792
8,8,400,logistic_regression,fine,0.16406941004776224,0.083890349828197,0.08888637439660106,0.16380693287208287,0.0798507016787632,0.0863243559206915,0.04850901191501082,0.11090903060321954,0.26602163674155316,2.8672220502388113,26.2,25,5,40,361792
8,8,400,xgboost,coarse,0.4741481293118698,0.2675312326115779,0.28060203718980564,0.4863646447450785,0.2720818489889948,0.2822784992026562,0.24031065215161126,0.19627299663895276,0.369082235096409,2.596873341588537,5.0,5,5,40,361792
8,8,400,xgboost,fine,0.26401634088094816,0.08213187427369766,0.08573985016049797,0.278271009345028,0.08055159822328789,0.08154071096865244,0.04596618598799951,0.19627299663895276,0.369082235096409,2.596873341588537,26.2,25,5,40,361792
9,8,400,logistic_regression,coarse,0.3505660711126835,0.2749687284865546,0.29866805053773293,0.3569310730670008,0.270211327008793,0.28872158223588107,0.2447223679332521,0.11084269414470192,0.25651479303024943,2.9077812665841147,5.0,5,5,40,361792
9,8,400,logistic_regression,fine,0.16246351494781533,0.08164480743042143,0.08682833555241033,0.16064664561497644,0.07628218056346059,0.08262498552597293,0.0477845066708167,0.11084269414470192,0.25651479303024943,2.9077812665841147,25.8,25,5,40,361792
9,8,400,xgboost,coarse,0.44869427737484524,0.25438702392596657,0.27190474534857095,0.46166268471612143,0.2528744320165088,0.2685389687052694,0.22968153322603957,0.1931358349548912,0.3551294666548735,2.6277584910666905,5.0,5,5,40,361792
9,8,400,xgboost,fine,0.2615646559349018,0.08013547441244076,0.08470918809319532,0.27331832223651176,0.07799532460155663,0.07995425342347168,0.04573557408010632,0.1931358349548912,0.3551294666548735,2.6277584910666905,25.8,25,5,40,361792
10,8,400,logistic_regression,coarse,0.34130107907305857,0.2698791161280111,0.2985798571364997,0.3549412531273683,0.2719419723142805,0.2965797268248978,0.24574255931754713,0.10142015301609765,0.24809697284627633,2.9174940297187333,5.0,5,5,40,361792
10,8,400,logistic_regression,fine,0.15489286661949409,0.08278331164206897,0.08897631634781815,0.1577132329689013,0.07777065541645202,0.08624129208328375,0.04824492029572804,0.10142015301609765,0.24809697284627633,2.9174940297187333,26.2,25,5,40,361792
10,8,400,xgboost,coarse,0.46143087741022465,0.2546788742777566,0.2776234096664507,0.47587039749246995,0.25795091727921327,0.2768907539243005,0.24041891136441657,0.17657659649743498,0.3567091035733239,2.6559293737838314,5.0,5,5,40,361792
10,8,400,xgboost,fine,0.2519873297364231,0.09168308633165001,0.09373814851395022,0.2690698599449554,0.0882341700090476,0.08832918392591373,0.04986035839580336,0.17657659649743498,0.3567091035733239,2.6559293737838314,26.2,25,5,40,361792
11,8,400,logistic_regression,coarse,0.3587005793384044,0.28125131508519374,0.3052742399379029,0.36887839025763214,0.2808148955669878,0.2999549940561631,0.25247187410852173,0.10612174951353263,0.2577627476561118,2.8846630107907307,5.0,5,5,40,361792
11,8,400,logistic_regression,fine,0.1568249159738192,0.08701889656335099,0.09128391852066854,0.164559092969432,0.08480343627043378,0.08974472473198615,0.04966679010194293,0.10612174951353263,0.2577627476561118,2.8846630107907307,26.4,26,5,40,361792
11,8,400,xgboost,coarse,0.4697920352025473,0.2766425465431398,0.2878424961983992,0.4830110464028124,0.27952086058795733,0.28727699049475897,0.24728197397585167,0.19099924818680347,0.3722539470192818,2.594136962674686,5.0,5,5,40,361792
11,8,400,xgboost,fine,0.2747158588360163,0.0889288767949055,0.09692386888888367,0.28848489459326065,0.08832065550438785,0.09503473381439784,0.04850680443309991,0.19099924818680347,0.3722539470192818,2.594136962674686,26.4,26,5,40,361792
12,8,400,logistic_regression,coarse,0.3528989032372192,0.27570575777095907,0.298894896811693,0.3551284785340196,0.2699713308001493,0.2916421143362412,0.24306226404421388,0.10819199982310278,0.2546242039624978,2.906830444012029,5.0,5,5,40,361792
12,8,400,logistic_regression,fine,0.1563495046877764,0.08191878598301461,0.08789581454209079,0.1565597550048963,0.07650222838062082,0.08434076069426012,0.048637132068304674,0.10819199982310278,0.2546242039624978,2.906830444012029,26.2,25,5,40,361792
12,8,400,xgboost,coarse,0.4643552096232089,0.2551330123743375,0.26560416682643173,0.47713762135837046,0.25159025674213453,0.2647578478146576,0.22442323112076706,0.18857243941270121,0.35850571599150893,2.6446411197594197,5.0,5,5,40,361792
12,8,400,xgboost,fine,0.25265622235980895,0.08364510118789885,0.08652746729659178,0.27114437654610934,0.08195189769236659,0.08224082713961016,0.046203450681941684,0.18857243941270121,0.35850571599150893,2.6446411197594197,26.2,25,5,40,361792
13,8,400,logistic_regression,coarse,0.3442834556872457,0.26357983403181073,0.29009177727866037,0.3528120378139749,0.2631603684449975,0.2867509872486223,0.23854545073735292,0.09780758004599328,0.24448992791438173,2.949423978418539,5.0,5,5,40,361792
13,8,400,logistic_regression,fine,0.14469640014151777,0.07757588638554755,0.0840043095572422,0.14816220304315106,0.07360464283404743,0.08022274481235049,0.04579530954291818,0.09780758004599328,0.24448992791438173,2.949423978418539,26.2,26,5,40,361792
13,8,400,xgboost,coarse,0.4439539846099416,0.24615832319072384,0.26838619966982175,0.45673866588609346,0.249462998900432,0.2685555249695755,0.22854290124895588,0.16807447373076242,0.3441452547320007,2.6728009464001414,5.0,5,5,40,361792
13,8,400,xgboost,fine,0.2443365248540598,0.08193618771252857,0.08564320653469537,0.2620681755494178,0.07946779853094502,0.08219238062727609,0.04711033599437233,0.16807447373076242,0.3441452547320007,2.6728009464001414,26.2,26,5,40,361792
14,8,400,logistic_regression,coarse,0.34161064921280737,0.26039760176049354,0.29112585265910834,0.34685099866069713,0.25987661290055464,0.2891158609892749,0.2358419114026784,0.09732111268353087,0.24244869980541306,2.9736478418538828,5.0,5,5,40,361792
14,8,400,logistic_regression,fine,0.14328675039801875,0.0776540701975949,0.08537126377542224,0.14490082639134164,0.07321533121712417,0.0818619151020862,0.04474119354757723,0.09732111268353087,0.24244869980541306,2.9736478418538828,25.6,25,5,40,361792
14,8,400,xgboost,coarse,0.4482769104900053,0.259798617573062,0.2792858846437298,0.4585426602772594,0.2630178209974251,0.27982239193901115,0.24125696366306837,0.16548735184857596,0.34690098177958606,2.7085286573500795,5.0,5,5,40,361792
14,8,400,xgboost,fine,0.2455250530691668,0.08165365549621638,0.08571894618882085,0.2606404788661752,0.0800938116112454,0.08237307698803846,0.045682434236940864,0.16548735184857596,0.34690098177958606,2.7085286573500795,25.6,25,5,40,361792
15,8,400,logistic_regression,coarse,0.3536313683000177,0.26997277976915185,0.29775918693158865,0.35867806612624537,0.26768402563961274,0.2935868551187612,0.2436325065904125,0.10222448257562357,0.2519652175835839,2.9250066336458516,5.0,5,5,40,361792
15,8,400,logistic_regression,fine,0.1502990668671502,0.08148174915472278,0.08927434368000178,0.14903285247577588,0.07670720090968973,0.08541206380660314,0.04571670171339527,0.10222448257562357,0.2519652175835839,2.9250066336458516,26.6,26,5,40,361792
15,8,400,xgboost,coarse,0.4540813506102954,0.2683165712112916,0.2830442067354175,0.46688814969764214,0.27105357923725154,0.2836696157357147,0.24796155328318653,0.17579437909074827,0.35502028790023,2.6615513886431983,5.0,5,5,40,361792
15,8,400,xgboost,fine,0.2559592251901645,0.08033308919214023,0.08656151604637455,0.27262827895206687,0.07822145625145975,0.08335812915276249,0.0466428178498643,0.17579437909074827,0.35502028790023,2.6615513886431983,26.6,26,5,40,361792
16,8,400,logistic_regression,coarse,0.34000751813196534,0.27065391841730607,0.3022017469301465,0.35315640506931006,0.27185221469185256,0.300159894426318,0.24194181497726283,0.10311173270829647,0.24574064655934902,2.949451618609588,5.0,5,5,40,361792
16,8,400,logistic_regression,fine,0.1514737749867327,0.08301511647869891,0.09275303847918064,0.15330977497854223,0.07802455902574403,0.08961551015176902,0.046860029543994396,0.10311173270829647,0.24574064655934902,2.949451618609588,26.2,26,5,40,361792
16,8,400,xgboost,coarse,0.4420108791791969,0.25581379304281404,0.2731602860059093,0.4574826004544787,0.2609442140181401,0.2741475522791162,0.23729620804273707,0.16759906244471962,0.34234587829471075,2.715018574208385,5.0,5,5,40,361792
16,8,400,xgboost,fine,0.24268087741022465,0.0861516558394872,0.0925131035087639,0.26214848930872514,0.08342502637317019,0.08821829004053547,0.04745285291010006,0.16759906244471962,0.34234587829471075,2.715018574208385,26.2,26,5,40,361792
17,8,400,logistic_regression,coarse,0.3557762471254201,0.2750885461449488,0.3006189039642734,0.367871219987323,0.2770344358590768,0.29970290962553575,0.24784110531165435,0.10305368830709358,0.2561333583937732,2.895514549796568,5.0,5,5,40,361792
17,8,400,logistic_regression,fine,0.1564904696621263,0.0869504240588571,0.092880551225453,0.16001933699850998,0.08344058721385464,0.09035117854597823,0.0485748084039894,0.10305368830709358,0.2561333583937732,2.895514549796568,26.0,25,5,40,361792
17,8,400,xgboost,coarse,0.43518375199009374,0.2514072285835212,0.2720674210337597,0.45477709307522324,0.2601214274314253,0.2761914395341461,0.23580021351167132,0.1717561471784893,0.3424882252786131,2.6860240137979834,5.0,5,5,40,361792
17,8,400,xgboost,fine,0.2497926985671325,0.08220143119676514,0.08605705863421276,0.27067413257594947,0.08241285585291101,0.08510592275889123,0.04792113107586745,0.1717561471784893,0.3424882252786131,2.6860240137979834,26.0,25,5,40,361792
18,8,400,logistic_regression,coarse,0.3478905006191403,0.2673599386540435,0.29286876913997506,0.35316421635077005,0.2660872213370001,0.2898739082075027,0.23771447154433129,0.10138974880594374,0.24626857420838494,2.935598354855829,5.0,5,5,40,361792
18,8,400,logistic_regression,fine,0.1446466477976296,0.08096233189233892,0.09104508486346011,0.14699285231616444,0.0761421839261063,0.0888956644291793,0.04526176786059934,0.10138974880594374,0.24626857420838494,2.935598354855829,25.6,25,5,40,361792
18,8,400,xgboost,coarse,0.46129544047408455,0.26385726236416085,0.2830498730920765,0.47020567864055324,0.26491038194891325,0.2832894790651738,0.2422213540382873,0.1718556518662657,0.3585250641252432,2.644856713249602,5.0,5,5,40,361792
18,8,400,xgboost,fine,0.2557546877764019,0.08396302733128562,0.09214785029929028,0.271498227401894,0.08160806576623365,0.08946136624092238,0.048733428284356825,0.1718556518662657,0.3585250641252432,2.644856713249602,25.6,25,5,40,361792
19,8,400,logistic_regression,coarse,0.34025627985140633,0.2641450423843585,0.29036524793744733,0.3425989668931987,0.26095366011742616,0.28526689505052266,0.2400618826822296,0.10072638422076774,0.24612760923403504,2.9280802228905007,5.0,5,5,40,361792
19,8,400,logistic_regression,fine,0.15199893861666372,0.08086390990873918,0.08639248126625174,0.15544454979894326,0.07710166986794072,0.08347132247602147,0.048348659645796085,0.10072638422076774,0.24612760923403504,2.9280802228905007,26.0,25,5,40,361792
19,8,400,xgboost,coarse,0.4572655006191403,0.2602141141906943,0.2689006870646301,0.4609454390979363,0.2634278712304356,0.26835569743676346,0.23596175960014146,0.1774970148593667,0.3568625066336458,2.6462221386874227,5.0,5,5,40,361792
19,8,400,xgboost,fine,0.2564595126481514,0.08805101730974269,0.0895892319181674,0.2678122087751011,0.08666544252024061,0.08635936674378274,0.046222943734698554,0.1774970148593667,0.3568625066336458,2.6462221386874227,26.0,25,5,40,361792
0,8,800,logistic_regression,coarse,0.34618786485052183,0.2716189532817423,0.3072000021946272,0.36223285167852853,0.2750391834934208,0.3054393904132836,0.24076468779545196,0.0937002476561118,0.2414301587652574,2.951723642313816,5.0,5,5,40,361792
0,8,800,logistic_regression,fine,0.13667245267999292,0.08561464974106762,0.10213029995543624,0.13970146026200309,0.08180584388643981,0.10030737026428763,0.04852226821090634,0.0937002476561118,0.2414301587652574,2.951723642313816,26.6,26,5,40,361792
0,8,800,xgboost,coarse,0.4595347603042632,0.2696736946413275,0.28782196373778496,0.46774160629621664,0.26973401609375136,0.28525877810572065,0.24134271527339485,0.18976925968512295,0.36706450114983197,2.5937886962674686,5.0,5,5,40,361792
0,8,800,xgboost,fine,0.27459424199540067,0.09068523990334064,0.09960059148312185,0.28477326049088586,0.08709900193251362,0.09589133008118572,0.0497461984160952,0.18976925968512295,0.36706450114983197,2.5937886962674686,26.6,26,5,40,361792
1,8,800,logistic_regression,coarse,0.3281222359808951,0.2612364665980059,0.29968809545378117,0.34241957916822197,0.2637746735534298,0.29581410697173394,0.23784655057437049,0.08139207058199187,0.22693702458871395,2.9757263842207675,5.0,5,5,40,361792
1,8,800,logistic_regression,fine,0.1257518131965328,0.081879814631388,0.10221943659819359,0.12961680660737268,0.07776188878706693,0.09989641638876841,0.04640793911308953,0.08139207058199187,0.22693702458871395,2.9757263842207675,26.4,26,5,40,361792
1,8,800,xgboost,coarse,0.4456566203785601,0.2568910333054674,0.27549546497896504,0.4608664575827806,0.2622958568305401,0.2770295023893083,0.23994802580614713,0.18407538032902884,0.3542228683884663,2.6514240226428445,5.0,5,5,40,361792
1,8,800,xgboost,fine,0.26278911639837255,0.08277439740329876,0.09115369765522756,0.27599532439410696,0.08154707639511131,0.08735653639027759,0.04851804664909954,0.18407538032902884,0.3542228683884663,2.6514240226428445,26.4,26,5,40,361792
2,8,800,logistic_regression,coarse,0.35163298248717495,0.28049593852285415,0.3210393024068302,0.3612728364158747,0.27759102459989216,0.31455929224752166,0.24708512184581927,0.08983614894746153,0.24360820581991863,2.9463338050592607,5.0,5,5,40,361792
2,8,800,logistic_regression,fine,0.1355834291526623,0.08255752954985086,0.09927243782060537,0.13142447186026174,0.07653216126758071,0.09372882906737454,0.0467768412143709,0.08983614894746153,0.24360820581991863,2.9463338050592607,26.2,26,5,40,361792
2,8,800,xgboost,coarse,0.4605712674686007,0.27192182537974224,0.2926648573908011,0.472053584915426,0.27427754125008963,0.29102702123170454,0.2489749810577777,0.1923619096055192,0.3670188948346011,2.581112904652397,5.0,5,5,40,361792
2,8,800,xgboost,fine,0.27346652220060147,0.09201294359210604,0.09803463215067329,0.28707545035911075,0.08920398943832397,0.09317349145630999,0.05427235785196567,0.1923619096055192,0.3670188948346011,2.581112904652397,26.2,26,5,40,361792
3,8,800,logistic_regression,coarse,0.35697306739784185,0.27814880071360637,0.30881644378572154,0.36038057639033483,0.2734752014976472,0.3009374939925351,0.24741217176983046,0.10009618786485053,0.2508181496550504,2.930562312046701,5.0,5,5,40,361792
3,8,800,logistic_regression,fine,0.14466323191225897,0.08721509164955575,0.09964736859838713,0.14550539260280584,0.08061590012353487,0.09352590850519249,0.05006745292404351,0.10009618786485053,0.2508181496550504,2.930562312046701,26.0,26,5,40,361792
3,8,800,xgboost,coarse,0.45037756500972936,0.2576684882173509,0.2778816541449769,0.46236402422616907,0.2604376202528081,0.2787580229199425,0.23651059811756925,0.18908101892800283,0.35800266451441715,2.6211690695206085,5.0,5,5,40,361792
3,8,800,xgboost,fine,0.2656277640191049,0.08223008231347366,0.0880871333189504,0.28186401304026826,0.0810185752881402,0.08459683952923676,0.048593949024296104,0.18908101892800283,0.35800266451441715,2.6211690695206085,26.0,26,5,40,361792
4,8,800,logistic_regression,coarse,0.35475356005660713,0.28191597250839084,0.31977595279616655,0.35859951708563553,0.2771033535158912,0.31387777265115524,0.24297964059852503,0.09786838846630108,0.2509190363523793,2.8952049796568193,5.0,5,5,40,361792
4,8,800,logistic_regression,fine,0.14708451264815142,0.08782728913063928,0.10036475352580324,0.147519999615424,0.08216677739506988,0.09560885681228878,0.049564453887025225,0.09786838846630108,0.2509190363523793,2.8952049796568193,26.2,26,5,40,361792
4,8,800,xgboost,coarse,0.4787142888731647,0.284346024671402,0.29545608350761954,0.48359874375691864,0.27872545528022663,0.29221834672231684,0.25189674504397824,0.2033627056430214,0.38296037502211216,2.5438152308508757,5.0,5,5,40,361792
4,8,800,xgboost,fine,0.28720646117105963,0.09385855176296151,0.09886674717210547,0.2956994627868093,0.08996656802624799,0.09291930272235781,0.051906118897497425,0.2033627056430214,0.38296037502211216,2.5438152308508757,26.2,26,5,40,361792
5,8,800,logistic_regression,coarse,0.34596121528392004,0.27266837387946197,0.3069637915791085,0.35748412356560044,0.27378604981945287,0.30401268839468293,0.24621491811406226,0.0939904696621263,0.24286606669025296,2.947765566955599,5.0,5,5,40,361792
5,8,800,logistic_regression,fine,0.13977091809658587,0.08535261945198712,0.10642197348377386,0.14200185745358374,0.08036554726474134,0.10331311605645782,0.05012828355793044,0.0939904696621263,0.24286606669025296,2.947765566955599,26.6,26,5,40,361792
5,8,800,xgboost,coarse,0.4482990226428445,0.2545673151708227,0.27420653876551687,0.47061696259392816,0.2632688897621317,0.27842107468285204,0.23574607252837473,0.187638200955245,0.35481022244825755,2.634740403325668,5.0,5,5,40,361792
5,8,800,xgboost,fine,0.2613214222536706,0.08800211876936134,0.09332118771161389,0.2784574225979283,0.08491743938754102,0.08849169321673406,0.05092838742994943,0.187638200955245,0.35481022244825755,2.634740403325668,26.6,26,5,40,361792
6,8,800,logistic_regression,coarse,0.35139804086325843,0.2802249615147775,0.31756596140150417,0.36362141888044663,0.2808744927871979,0.31334659045723945,0.24822542430072847,0.09777993985494428,0.24638880903944807,2.9263775871218822,5.0,5,5,40,361792
6,8,800,logistic_regression,fine,0.1413795772156377,0.0879457774646201,0.1046479308394464,0.14815608623158974,0.0840076129527708,0.10275738687143159,0.050890677965061346,0.09777993985494428,0.24638880903944807,2.9263775871218822,27.0,27,5,40,361792
6,8,800,xgboost,coarse,0.4653530205200778,0.26670430314890864,0.27913234459674763,0.4848449127592579,0.27260061287649573,0.2822584993749096,0.2451289144773329,0.20113214222536707,0.369386277197948,2.570023660003538,5.0,5,5,40,361792
6,8,800,xgboost,fine,0.27341953387581813,0.08952500373273138,0.09319233289569828,0.29239151226339044,0.08796740678811087,0.09001244928116416,0.04995267174719725,0.20113214222536707,0.369386277197948,2.570023660003538,27.0,27,5,40,361792
7,8,800,logistic_regression,coarse,0.35200888908544137,0.27762486735775116,0.30749096389974795,0.36085514739860575,0.2762528791784544,0.3034920530601826,0.24865939639381712,0.08915896426676101,0.2412698456571732,2.954764063329206,5.0,5,5,40,361792
7,8,800,logistic_regression,fine,0.130530802228905,0.08383511068026712,0.10087266495238545,0.13237046442372574,0.07791449666835126,0.09567763967829859,0.04849300082788591,0.08915896426676101,0.2412698456571732,2.954764063329206,26.4,26,5,40,361792
7,8,800,xgboost,coarse,0.46122910401556694,0.27154583203153987,0.28336672658451784,0.4735923327739912,0.268504189061307,0.28018836029320704,0.24190871587901705,0.1866099858482222,0.35997893817442067,2.6426289138510524,5.0,5,5,40,361792
7,8,800,xgboost,fine,0.25872877233327435,0.08481705614316538,0.089456179639204,0.27300231011936604,0.08144099062592186,0.08377161468027054,0.04822878254425883,0.1866099858482222,0.35997893817442067,2.6426289138510524,26.4,26,5,40,361792
8,8,800,logistic_regression,coarse,0.3711524854059791,0.2932720927695863,0.3203391664726839,0.37432957498525854,0.2897610188795142,0.31810430968557996,0.255107631412497,0.10048315053953653,0.2591240270652751,2.8976262603927117,5.0,5,5,40,361792
8,8,800,logistic_regression,fine,0.14709556872457102,0.08535311240394476,0.09842928034277122,0.14356363237555575,0.07947633795169515,0.09410215658774518,0.04958810209855423,0.10048315053953653,0.2591240270652751,2.8976262603927117,26.4,26,5,40,361792
8,8,800,xgboost,coarse,0.48166902529630284,0.27518101577637094,0.2885637745477377,0.49281618238161357,0.2789351528896754,0.2894215859233108,0.24848742026859233,0.2025390279497612,0.3760600013267292,2.5689567486290463,5.0,5,5,40,361792
8,8,800,xgboost,fine,0.2704509773571555,0.08604032490898063,0.08951173109043865,0.28645714843314135,0.0839608010661805,0.08453390432505745,0.050732782129455235,0.2025390279497612,0.3760600013267292,2.5689567486290463,26.4,26,5,40,361792
9,8,800,logistic_regression,coarse,0.34648361489474616,0.27909066297151813,0.3199704940065789,0.35843301419110907,0.27772072738616976,0.3091058557441536,0.24837091440098225,0.09298989474615249,0.24345894878825403,2.938633247833009,5.0,5,5,40,361792
9,8,800,logistic_regression,fine,0.1404342826817619,0.08453731492837463,0.09833046870382732,0.13976122112526662,0.07915446235811432,0.09443574992416541,0.048964171521476814,0.09298989474615249,0.24345894878825403,2.938633247833009,26.0,25,5,40,361792
9,8,800,xgboost,coarse,0.45297574296833537,0.26049619084792985,0.2781843183553955,0.46747172297256456,0.25958301489130375,0.27468853394871984,0.23596347427631564,0.19960640367946222,0.361325015478507,2.599372014859367,5.0,5,5,40,361792
9,8,800,xgboost,fine,0.2696742879886786,0.08654132910784201,0.09153613617636518,0.28192679291638467,0.08397829224208435,0.08567333019658128,0.05171856984258801,0.19960640367946222,0.361325015478507,2.599372014859367,26.0,25,5,40,361792
10,8,800,logistic_regression,coarse,0.3384182071466478,0.2713134517721957,0.3101748439890506,0.3554331583888891,0.27559712145919113,0.3096016544389395,0.24694189247422682,0.08948788254024412,0.23676449451618609,2.950048646736246,5.0,5,5,40,361792
10,8,800,logistic_regression,fine,0.1351107818857244,0.08622440390187286,0.1031939499186544,0.13985351525140208,0.08074604884049172,0.09956843434036715,0.05039309591177353,0.08948788254024412,0.23676449451618609,2.950048646736246,26.4,25,5,40,361792
10,8,800,xgboost,coarse,0.4639571908721033,0.2634954808538287,0.2836803022551983,0.4795179913377267,0.26663338559058025,0.28315468167580427,0.2464969348907579,0.18801134353440652,0.3611273881125066,2.6130041570847338,5.0,5,5,40,361792
10,8,800,xgboost,fine,0.25829758535291,0.09872201659985483,0.09949327710257928,0.27765350955116946,0.09345121899873338,0.09305414659169993,0.054524860070434486,0.18801134353440652,0.3611273881125066,2.6130041570847338,26.4,25,5,40,361792
11,8,800,logistic_regression,coarse,0.3609698390235273,0.28851525161873914,0.32175581283729526,0.37376159132168807,0.2895132688373985,0.31679966037935603,0.25772388652063477,0.09530337873695383,0.2500511343534407,2.9044976118874932,5.0,5,5,40,361792
11,8,800,logistic_regression,fine,0.13913242968335396,0.09073917174700578,0.10565357604939776,0.14876144018106613,0.08815798585404959,0.10357227973621091,0.051854877354638104,0.09530337873695383,0.2500511343534407,2.9044976118874932,26.4,26,5,40,361792
11,8,800,xgboost,coarse,0.47553290288342476,0.28642379243671057,0.2960561426261751,0.488780443815149,0.2892650681932837,0.2952532769529144,0.2552220784216838,0.19568149655050415,0.37857387670263576,2.569526136564656,5.0,5,5,40,361792
11,8,800,xgboost,fine,0.2816148505218468,0.09632275971107714,0.10224854848361653,0.2960561157899119,0.09485002525332396,0.09944100127527224,0.052764120173531805,0.19568149655050415,0.37857387670263576,2.569526136564656,26.4,26,5,40,361792
12,8,800,logistic_regression,coarse,0.35128471607995754,0.28386002594933857,0.32788468734233106,0.35740384672013403,0.27960759849049077,0.3157917656676442,0.245811099589705,0.09625696532814434,0.24512841632761365,2.9531332920573146,5.0,5,5,40,361792
12,8,800,logistic_regression,fine,0.13897211657526976,0.08439605887995173,0.09874805951617469,0.1373824902874095,0.07761644918362737,0.09397823282736811,0.0495804913376414,0.09625696532814434,0.24512841632761365,2.9531332920573146,26.6,26,5,40,361792
12,8,800,xgboost,coarse,0.46709158853705995,0.2757962097094358,0.2793854311023289,0.48213943963521205,0.26931978272207735,0.2768799165161699,0.23572075404923315,0.19941292234211924,0.3658345126481514,2.602462188218645,5.0,5,5,40,361792
12,8,800,xgboost,fine,0.2645774367592429,0.08712275309522782,0.09192115011617945,0.28360639572988966,0.08502871203129611,0.08695133413102134,0.0516847320529476,0.19941292234211924,0.3658345126481514,2.602462188218645,26.6,26,5,40,361792
13,8,800,logistic_regression,coarse,0.35083418096585883,0.27591519259314295,0.3081917021073579,0.36346467558708667,0.27625113952734387,0.3059004816444939,0.2460723436590599,0.0885425880063683,0.24065761542543782,2.9508723244295063,5.0,5,5,40,361792
13,8,800,logistic_regression,fine,0.1304810498850168,0.08316415604869541,0.09944595065617232,0.13433124485226797,0.07901688642126999,0.0956088742271689,0.04727020467742634,0.0885425880063683,0.24065761542543782,2.9508723244295063,26.6,26,5,40,361792
13,8,800,xgboost,coarse,0.4494682027242172,0.2528544895591792,0.2752845831194092,0.46349302110059565,0.25588439642126704,0.2750005312676958,0.2349783437712499,0.17846442154608172,0.3522617968335397,2.6392844507341233,5.0,5,5,40,361792
13,8,800,xgboost,fine,0.25505539094286217,0.08373964460689727,0.0882637098813533,0.2735791540395339,0.08300330362183718,0.08484709897367776,0.050044286081596556,0.17846442154608172,0.3522617968335397,2.6392844507341233,26.6,26,5,40,361792
14,8,800,logistic_regression,coarse,0.34880539094286217,0.27426394609242477,0.30972175935413954,0.3577431097613982,0.2744174735209913,0.30837174452304705,0.2453052494346956,0.0885564081018928,0.24000392490712896,2.973542809127897,5.0,5,5,40,361792
14,8,800,logistic_regression,fine,0.13120245887139573,0.08167932828143806,0.0955421007175316,0.1322383509028402,0.07651327856080899,0.0918943716490913,0.046140059423222995,0.0885564081018928,0.24000392490712896,2.973542809127897,25.6,25,5,40,361792
14,8,800,xgboost,coarse,0.45954858039978774,0.2679367369053402,0.2876193129437764,0.4694364861509854,0.2696763433737777,0.2868885602540864,0.24862564006708152,0.17552626923757297,0.36027468821864495,2.639986511586768,5.0,5,5,40,361792
14,8,800,xgboost,fine,0.2610007960375022,0.08456420180247183,0.09058168207391887,0.2752237413439488,0.08272048109871413,0.08649435309741331,0.0490355123628963,0.17552626923757297,0.36027468821864495,2.639986511586768,25.6,25,5,40,361792
15,8,800,logistic_regression,coarse,0.3460247877233327,0.2710462066298545,0.3094262291086236,0.3515659059244961,0.2678945013790058,0.30333291891180114,0.2405809624175091,0.09086436405448435,0.23926869582522553,2.9617901998938616,5.0,5,5,40,361792
15,8,800,logistic_regression,fine,0.13251260392711833,0.08377504988814055,0.10255646400492525,0.13220990510890498,0.07842832172833977,0.09884803908468417,0.0474884884917791,0.09086436405448435,0.23926869582522553,2.9617901998938616,26.6,26,5,40,361792
15,8,800,xgboost,coarse,0.4570554351671679,0.27039881294523505,0.28717452756346773,0.4692636770216893,0.27381803499458635,0.2883795293160402,0.25078144394078883,0.17555390942862198,0.35751896117105963,2.647515699628516,5.0,5,5,40,361792
15,8,800,xgboost,fine,0.25798248717495137,0.08658680988139364,0.09230926573037992,0.27567710721757954,0.08362084604194546,0.08820625406150838,0.05088348674621179,0.17555390942862198,0.35751896117105963,2.647515699628516,26.6,26,5,40,361792
16,8,800,logistic_regression,coarse,0.3451679418008137,0.2784798804802303,0.319546877592489,0.3576671002219069,0.27933112104418983,0.3184366021164335,0.24617671453653261,0.09305623120467009,0.24072533389350786,2.964653723686538,5.0,5,5,40,361792
16,8,800,logistic_regression,fine,0.13628272598620203,0.0875587739034651,0.10663975482921167,0.13900655981630938,0.08182197886328678,0.10258669834519403,0.04967182259064777,0.09305623120467009,0.24072533389350786,2.964653723686538,26.2,26,5,40,361792
16,8,800,xgboost,coarse,0.45055446223244294,0.2607790332407095,0.2794949323838084,0.46704803447753857,0.26725045151045973,0.28101781522725544,0.24398104694861855,0.1766678091278967,0.3528975212276667,2.6585607199716965,5.0,5,5,40,361792
16,8,800,xgboost,fine,0.2552405802228905,0.09077421055393985,0.09506032525002094,0.27558149997314146,0.08733437071465665,0.08988358754434746,0.051466111139186754,0.1766678091278967,0.3528975212276667,2.6585607199716965,26.2,26,5,40,361792
17,8,800,logistic_regression,coarse,0.35721630107907304,0.28210805815162593,0.31541939047739265,0.3719152817259792,0.2848805460674354,0.3150144919929623,0.25287398229142105,0.09018441535467893,0.2475579891208208,2.9082566778701575,5.0,5,5,40,361792
17,8,800,logistic_regression,fine,0.13789967716256854,0.08827597763265568,0.10452891663156096,0.14136932023376525,0.08485863936360509,0.10315334321889189,0.04951736792798735,0.09018441535467893,0.2475579891208208,2.9082566778701575,26.4,26,5,40,361792
17,8,800,xgboost,coarse,0.4436001901645144,0.2584183061617857,0.279472758413514,0.4632492569268825,0.2664032051186016,0.2831394248524378,0.24084069305920877,0.1812560808420308,0.3516233084203078,2.6439556430214046,5.0,5,5,40,361792
17,8,800,xgboost,fine,0.25964642667610116,0.08410528774847409,0.08987013906071188,0.2810668062719682,0.08522789650271004,0.08950156518687662,0.05172507087538332,0.1812560808420308,0.3516233084203078,2.6439556430214046,26.4,26,5,40,361792
18,8,800,logistic_regression,coarse,0.35158875818149654,0.280717786072903,0.3117077776522364,0.3583455412396135,0.27836569686589646,0.30843789545570266,0.24365762622273665,0.09188705112329737,0.24280802228905007,2.9395951264815143,5.0,5,5,40,361792
18,8,800,logistic_regression,fine,0.13402728639660358,0.08322934851775438,0.10361106886871613,0.13382546567709389,0.07814612510028676,0.10108636801717134,0.04687538991178837,0.09188705112329737,0.24280802228905007,2.9395951264815143,26.0,26,5,40,361792
18,8,800,xgboost,coarse,0.46557137802936494,0.26704288793971337,0.28684884796883503,0.4722254318080335,0.2686708165460037,0.28644580511890727,0.2453330815857801,0.17897300106138334,0.3676435631523085,2.5856680081372723,5.0,5,5,40,361792
18,8,800,xgboost,fine,0.2697157482752521,0.09228028753305668,0.09843495489415766,0.2822453141956483,0.0906972455989033,0.09574775290612642,0.05165684188315443,0.17897300106138334,0.3676435631523085,2.5856680081372723,26.0,26,5,40,361792
19,8,800,logistic_regression,coarse,0.34638687422607467,0.2761215426901265,0.309608747394854,0.3459933281124018,0.26967763368766146,0.30204209673189897,0.24361756938520954,0.09081184769149124,0.2414495068989917,2.94303909428622,5.0,5,5,40,361792
19,8,800,logistic_regression,fine,0.13651213957190872,0.08778780855400156,0.10468025977974342,0.13699746823939604,0.08233694390007026,0.10033723832719149,0.04968112330349077,0.09081184769149124,0.2414495068989917,2.94303909428622,26.2,26,5,40,361792
19,8,800,xgboost,coarse,0.4575584866442597,0.26704052911030124,0.27870404370324725,0.4656467568065489,0.2726212456448306,0.27905667861610517,0.24609174536894804,0.18310797364231382,0.3624693193879356,2.6152817088271716,5.0,5,5,40,361792
19,8,800,xgboost,fine,0.26738015213161154,0.09402122128335051,0.09451697101302496,0.2780552839315846,0.09222073610504336,0.09087291313554555,0.0528120895155386,0.18310797364231382,0.3624693193879356,2.6152817088271716,26.2,26,5,40,361792
0,8,1600,logistic_regression,coarse,0.3485483371661065,0.2777450426289709,0.3225941593194671,0.36549566622437135,0.281043049907504,0.3200580632169603,0.24334924789892715,0.0887001370953476,0.23789636033964268,2.9694299486998053,5.0,5,5,40,361792
0,8,1600,logistic_regression,fine,0.12724438351317885,0.08795652168981755,0.12088046708461239,0.13536220710572416,0.0842293558968507,0.11752682614490466,0.04876643593054165,0.0887001370953476,0.23789636033964268,2.9694299486998053,26.6,26,5,40,361792
0,8,1600,xgboost,coarse,0.4634513753759066,0.2763546283546192,0.2937174161504081,0.47139573429567827,0.27532189077062397,0.2899956505141328,0.2469807863847016,0.19472238192110383,0.3715864364054484,2.5765356890146824,5.0,5,5,40,361792
0,8,1600,xgboost,fine,0.27972149743499025,0.09648354852282547,0.10448142016599819,0.29040199361694524,0.09386774511630659,0.10041666331968398,0.054140424988733026,0.19472238192110383,0.3715864364054484,2.5765356890146824,26.6,26,5,40,361792
1,8,1600,logistic_regression,coarse,0.3343164027949761,0.266945295589445,0.3123395887694453,0.34779120928595064,0.26836624971494344,0.30612166681582365,0.23967206947907646,0.07995201662833894,0.22679329559525915,2.9980707146647796,5.0,5,5,40,361792
1,8,1600,logistic_regression,fine,0.1192701883955422,0.08144189287847065,0.11600243120037704,0.12623065945741926,0.07680149002411453,0.11266361280148462,0.046255234944273894,0.07995201662833894,0.22679329559525915,2.9980707146647796,26.4,26,5,40,361792
1,8,1600,xgboost,coarse,0.4517291703520255,0.26393095013008844,0.2828971943709905,0.4658307610091623,0.26977686145040575,0.2844073276779328,0.24643764655622782,0.18788696267468602,0.36111080399787726,2.622949097824164,5.0,5,5,40,361792
1,8,1600,xgboost,fine,0.270492437643729,0.08836637070565354,0.09646877612352446,0.28355184342302253,0.08681757672945066,0.09171992896651276,0.05281702097561565,0.18788696267468602,0.36111080399787726,2.622949097824164,26.4,26,5,40,361792
2,8,1600,logistic_regression,coarse,0.34943005926056964,0.2846223527608034,0.337865708802228,0.355974940891116,0.28042807828446914,0.330464061789128,0.248832384989864,0.08981956483283213,0.2399942508402618,2.9700822572085617,5.0,5,5,40,361792
2,8,1600,logistic_regression,fine,0.130558442419954,0.0854944659900825,0.11601720557440276,0.12683471923394957,0.07908737244081528,0.10931528213630143,0.04784652337333019,0.08981956483283213,0.2399942508402618,2.9700822572085617,26.4,26,5,40,361792
2,8,1600,xgboost,coarse,0.463827281974173,0.27919966824595005,0.29899422521643126,0.47486761594104027,0.28165281058458297,0.2972391737963889,0.2554495171820125,0.19979435697859543,0.372386619936317,2.5585861489474615,5.0,5,5,40,361792
2,8,1600,xgboost,fine,0.280945957898461,0.09708602857706079,0.10246371761341332,0.2946334583052698,0.0939022627744495,0.09746795743597426,0.05746686885235981,0.19979435697859543,0.372386619936317,2.5585861489474615,26.4,26,5,40,361792
3,8,1600,logistic_regression,coarse,0.35481160445781,0.2842288067891491,0.3266584068925308,0.3598024521931034,0.27920964745901705,0.3164075122871165,0.2492538668202516,0.08999093401733593,0.24330554572793206,2.955062577392535,5.0,5,5,40,361792
3,8,1600,logistic_regression,fine,0.13179948699805413,0.08759970530512658,0.11676528487784969,0.13281252160903811,0.0805290721717646,0.10988827190436587,0.04966434214649455,0.08999093401733593,0.24330554572793206,2.955062577392535,26.2,26,5,40,361792
3,8,1600,xgboost,coarse,0.45507639748805945,0.2648718417479393,0.28413556157739916,0.465922897445216,0.26669254505887874,0.283924364762569,0.24430978137682624,0.194053489297718,0.3656548514063329,2.5888742702989562,5.0,5,5,40,361792
3,8,1600,xgboost,fine,0.2762333053246064,0.08879551067894711,0.09477184752221239,0.2903612270248607,0.08728310618154543,0.0902866001050145,0.0553517576588531,0.194053489297718,0.3656548514063329,2.5888742702989562,26.2,26,5,40,361792
4,8,1600,logistic_regression,coarse,0.35261420926941445,0.2871659423042232,0.33772287002941453,0.3585796136839929,0.2824177849056825,0.3313741683186177,0.24608098219894492,0.09449628515832302,0.24617045153016098,2.915155669555988,5.0,5,5,40,361792
4,8,1600,logistic_regression,fine,0.1397266937909075,0.09238465502640923,0.1199541345914727,0.14085120702973838,0.08546675139638532,0.11375022357908288,0.05078823710260981,0.09449628515832302,0.24617045153016098,2.915155669555988,26.4,26,5,40,361792
4,8,1600,xgboost,coarse,0.4799028170882717,0.2909886066661911,0.3027042205048618,0.48330499089449913,0.2848298559373202,0.29788464158865835,0.2590054619784037,0.21047729081903413,0.3856663497258093,2.5211723863435345,5.0,5,5,40,361792
4,8,1600,xgboost,fine,0.2914298823633469,0.1009622585789175,0.1047003427535148,0.3015094677832491,0.09713070752583233,0.09846879798999097,0.057219421990522525,0.21047729081903413,0.3856663497258093,2.5211723863435345,26.4,26,5,40,361792
5,8,1600,logistic_regression,coarse,0.33530868565363525,0.2705017093668622,0.31527588323442285,0.34774215840833494,0.27142716144969425,0.31106870022438077,0.2405368553707156,0.08410910136210861,0.22951447240403325,2.99392468600743,5.0,5,5,40,361792
5,8,1600,logistic_regression,fine,0.12372025915443127,0.0844559271865213,0.1194153074278966,0.1279924987898661,0.07858597484865848,0.11593512494886317,0.048446311043133516,0.08410910136210861,0.22951447240403325,2.99392468600743,26.6,26,5,40,361792
5,8,1600,xgboost,coarse,0.45030570051300195,0.26040137578384837,0.27944733632418345,0.4720833092591036,0.2695609025805347,0.28337651652134455,0.2420753190396816,0.19075601450557225,0.3585540863258447,2.624226074650628,5.0,5,5,40,361792
5,8,1600,xgboost,fine,0.2668024721386874,0.09211803947516033,0.09785303383862896,0.28437775416195765,0.0889126168394424,0.09269206650091989,0.05445733976363759,0.19075601450557225,0.3585540863258447,2.624226074650628,26.6,26,5,40,361792
6,8,1600,logistic_regression,coarse,0.34654718733415885,0.2818706880703075,0.3345780720587316,0.3640608352208664,0.28637162399608573,0.3316286300790508,0.2530842522837663,0.08929440120290111,0.2378562820626216,2.9620113214222537,5.0,5,5,40,361792
6,8,1600,logistic_regression,fine,0.1291653767910844,0.08942233340324747,0.12425383900510552,0.1378463678069571,0.08535266387030312,0.12197234481819787,0.05151717489748224,0.08929440120290111,0.2378562820626216,2.9620113214222537,27.0,27,5,40,361792
6,8,1600,xgboost,coarse,0.4644934105784539,0.2743215624468178,0.28556734920137056,0.48543423934167906,0.2797876316641442,0.2883836697688363,0.25033383062939896,0.20657173182381036,0.3730292543782063,2.5442795860604988,5.0,5,5,40,361792
6,8,1600,xgboost,fine,0.2815650981779586,0.09717476077307748,0.10092820818550292,0.30042455982100985,0.09552528345071908,0.09674374877508177,0.054911046845710756,0.20657173182381036,0.3730292543782063,2.5442795860604988,27.0,27,5,40,361792
7,8,1600,logistic_regression,coarse,0.3537032327967451,0.2833488677703405,0.32297703252312476,0.36596773045538955,0.2826822565311525,0.31624463794111046,0.25032875768545726,0.0832384353440651,0.23739607288165576,2.9819841234742617,5.0,5,5,40,361792
7,8,1600,logistic_regression,fine,0.12108891296656643,0.08616389259260492,0.11784239648948835,0.12263388101939184,0.078970675713498,0.11154857727323685,0.048402682738566884,0.0832384353440651,0.23739607288165576,2.9819841234742617,26.4,26,5,40,361792
7,8,1600,xgboost,coarse,0.4697008225720856,0.27613718053357933,0.28686858350007205,0.4839203090589308,0.2753176845998155,0.28575740122496013,0.2512513773133452,0.19526965770387406,0.3705969175658942,2.6018375199009376,5.0,5,5,40,361792
7,8,1600,xgboost,fine,0.2714930125597028,0.093954386997813,0.09791616376861446,0.28459305062462814,0.09125561472593836,0.0921241542194265,0.05508287882890237,0.19526965770387406,0.3705969175658942,2.6018375199009376,26.4,26,5,40,361792
8,8,1600,logistic_regression,coarse,0.3684437466831771,0.2987044781309503,0.3355744678379513,0.372846689635549,0.2942333699567159,0.3322523833445472,0.2557708904657149,0.09485560764196002,0.2533458451264815,2.9215792499557756,5.0,5,5,40,361792
8,8,1600,logistic_regression,fine,0.13824794356978595,0.08678764183216761,0.11348592404833616,0.13620827736154503,0.08078871660925248,0.10774477051568299,0.05099785903412875,0.09485560764196002,0.2533458451264815,2.9215792499557756,26.4,26,5,40,361792
8,8,1600,xgboost,coarse,0.4842395630638599,0.2822951920193124,0.2938035554886661,0.4945038344121504,0.28524154694516646,0.29452765692766303,0.2556578207012528,0.21040266230320184,0.38188517159030605,2.5401114452503095,5.0,5,5,40,361792
8,8,1600,xgboost,fine,0.27953078011675214,0.09208898933288034,0.0963528254001196,0.29498017731132203,0.08963619233404654,0.0908377320224704,0.0556367591737527,0.21040266230320184,0.38188517159030605,2.5401114452503095,26.4,26,5,40,361792
9,8,1600,logistic_regression,coarse,0.3433464532106846,0.28135169555504314,0.3375031010741848,0.3583705420957856,0.2818641862516296,0.325465101850923,0.2496066891027091,0.08987484521493012,0.23894530558995225,2.9495511232973644,5.0,5,5,40,361792
9,8,1600,logistic_regression,fine,0.1345441579692199,0.09084609957492587,0.11636150101229838,0.13503898585725457,0.08338549264491411,0.10994901373526281,0.05074186315471332,0.08987484521493012,0.23894530558995225,2.9495511232973644,26.2,26,5,40,361792
9,8,1600,xgboost,coarse,0.457798956306386,0.26767710464223277,0.28461304242993224,0.470165764267967,0.26728841854343566,0.2806551699585551,0.24430938149214593,0.19905636387758713,0.36465013046170175,2.5911297098885546,5.0,5,5,40,361792
9,8,1600,xgboost,fine,0.2715013046170175,0.09095336468735775,0.09578925144054022,0.28368338399669607,0.08797621520005271,0.08953940546593347,0.05565077816999109,0.19905636387758713,0.36465013046170175,2.5911297098885546,26.2,26,5,40,361792
10,8,1600,logistic_regression,coarse,0.3440733902352733,0.2809230566688827,0.3313929418681836,0.3591301199227473,0.2830159203683399,0.32783879963380663,0.25177269747527775,0.08412844949584292,0.23554003405271537,2.965925172474792,5.0,5,5,40,361792
10,8,1600,logistic_regression,fine,0.12700667787015743,0.08844796153046991,0.11912869391362106,0.13140686924628256,0.08204363405009113,0.11374258896853481,0.051308288834547036,0.08412844949584292,0.23554003405271537,2.965925172474792,26.6,26,5,40,361792
10,8,1600,xgboost,coarse,0.4707041615071643,0.27085736809178745,0.2903521299074511,0.4843486719424991,0.27424094975049995,0.28889323824603114,0.25431388885229494,0.19561792411109147,0.37057618742260745,2.5811792411109145,5.0,5,5,40,361792
10,8,1600,xgboost,fine,0.2704482133380506,0.10108453121238391,0.10395855223649032,0.28901087686744337,0.0970737001998493,0.09808466149372447,0.05968662181287092,0.19561792411109147,0.37057618742260745,2.5811792411109145,26.6,26,5,40,361792
11,8,1600,logistic_regression,coarse,0.3591041261277198,0.2926546312814095,0.3453640999507385,0.37323371372977376,0.29306190184149006,0.3362699789234104,0.2574363530750553,0.09349018220413939,0.24671910932248364,2.9344540509464,5.0,5,5,40,361792
11,8,1600,logistic_regression,fine,0.13433409251724748,0.09178784177094121,0.12297442646102796,0.1430585904763548,0.08923249276194017,0.12086232343554378,0.05291110922493749,0.09349018220413939,0.24671910932248364,2.9344540509464,26.4,26,5,40,361792
11,8,1600,xgboost,coarse,0.4778933751990094,0.2918908460494299,0.3027121892485357,0.49248953475355844,0.29456553727190393,0.3011437477893253,0.26009792837816165,0.20274356536352378,0.38189760967627806,2.5500729701043694,5.0,5,5,40,361792
11,8,1600,xgboost,fine,0.2859018441535468,0.09807735929957628,0.10427967857746127,0.2999040099254354,0.09670208411700602,0.1009821370337199,0.055968635163980894,0.20274356536352378,0.38189760967627806,2.5500729701043694,26.4,26,5,40,361792
12,8,1600,logistic_regression,coarse,0.3443110958782947,0.2812908860496757,0.3338320792412701,0.3515294627809126,0.2787855035614227,0.3236850971003876,0.24408814765018594,0.09056584999115513,0.2374444432159915,2.9857431894569255,5.0,5,5,40,361792
12,8,1600,logistic_regression,fine,0.13057779055368832,0.08608847853691434,0.1149344284232458,0.1314149207825425,0.07863829240767593,0.10867682504846697,0.050076824227453784,0.09056584999115513,0.2374444432159915,2.9857431894569255,26.6,26,5,40,361792
12,8,1600,xgboost,coarse,0.47159970369715193,0.2824102754219988,0.28413490691040016,0.48607029853918926,0.27723818104745773,0.28280319854395336,0.24553851688416067,0.20627321776048116,0.37056374933663544,2.585645895984433,5.0,5,5,40,361792
12,8,1600,xgboost,fine,0.2695277949761189,0.09565431364250523,0.09741851679019205,0.288550231150756,0.09278831608446181,0.09201445960074367,0.05628638611525103,0.20627321776048116,0.37056374933663544,2.585645895984433,26.6,26,5,40,361792
13,8,1600,logistic_regression,coarse,0.3551349946930833,0.28452133211566955,0.3232544815659166,0.3664906654231429,0.28367012452903945,0.31985832783018775,0.25101721244963876,0.08182602158146117,0.23827364894746153,2.964709004068636,5.0,5,5,40,361792
13,8,1600,logistic_regression,fine,0.12141230320183972,0.08453250360342802,0.11465992426939817,0.12519032541163538,0.08028423294579402,0.11147757929532254,0.04739140417265575,0.08182602158146117,0.23827364894746153,2.964709004068636,26.8,26,5,40,361792
13,8,1600,xgboost,coarse,0.45452359366707945,0.2624745874117343,0.28314240069516644,0.46840445953731996,0.26634332239574815,0.2830772497800641,0.24424015303457827,0.18386531487705643,0.3585706704404741,2.612666946753936,5.0,5,5,40,361792
13,8,1600,xgboost,fine,0.26261774721386877,0.09082814634851193,0.09623097412850441,0.2799014079791512,0.08912193589597389,0.09225627839886527,0.05365163731516992,0.18386531487705643,0.3585706704404741,2.612666946753936,26.8,26,5,40,361792
14,8,1600,logistic_regression,coarse,0.34684017335927825,0.2786309454633491,0.32496943308117177,0.3554203510268986,0.27689403723797223,0.3203076182640706,0.24294430538852013,0.08065684150008845,0.2339438130196356,2.9968545462586236,5.0,5,5,40,361792
14,8,1600,logistic_regression,fine,0.12104745267999292,0.0825573865408182,0.11075295291215324,0.12090442124695888,0.07595305502592413,0.10572667592982254,0.045490902880549404,0.08065684150008845,0.2339438130196356,2.9968545462586236,26.0,26,5,40,361792
14,8,1600,xgboost,coarse,0.46194222094463117,0.26970960503261976,0.29109232963078513,0.4727365710940493,0.27284741169631116,0.2911358420846996,0.2511599415524241,0.18048768353086855,0.3642286175482045,2.6110251194056255,5.0,5,5,40,361792
14,8,1600,xgboost,fine,0.2665150141517778,0.09132347627079189,0.09547267823152496,0.2821600553211536,0.08967182788062408,0.09113943777709937,0.053334447319412795,0.18048768353086855,0.3642286175482045,2.6110251194056255,26.0,26,5,40,361792
15,8,1600,logistic_regression,coarse,0.3430175349372015,0.2767711036426975,0.3330135244907957,0.35238319443991895,0.2737231862173556,0.32285089949080614,0.24235962651246182,0.08491066690252963,0.2323337718910313,3.009370024765611,5.0,5,5,40,361792
15,8,1600,logistic_regression,fine,0.12165000884486113,0.08180938695813524,0.11511551054054366,0.12520008828776835,0.07618703209047342,0.11027967590973733,0.04700329792554307,0.08491066690252963,0.2323337718910313,3.009370024765611,26.6,26,5,40,361792
15,8,1600,xgboost,coarse,0.4580670661595613,0.28012886676110105,0.2953458742089051,0.4723275416054638,0.283006246288256,0.2962576214073168,0.25751236560772506,0.1825689899168583,0.36433226826463827,2.613800194586945,5.0,5,5,40,361792
15,8,1600,xgboost,fine,0.2705974703697152,0.09234344253059204,0.10020903501597601,0.28737800523453466,0.08940342888304034,0.09587460778458298,0.055958030269749846,0.1825689899168583,0.36433226826463827,2.613800194586945,26.6,26,5,40,361792
16,8,1600,logistic_regression,coarse,0.34068193879356096,0.28105090003631666,0.3349487938557533,0.3558167854540037,0.2824995375388403,0.3307529625045143,0.24685562226797372,0.0885978683884663,0.23496511807889617,2.9888112506633644,5.0,5,5,40,361792
16,8,1600,logistic_regression,fine,0.12924829736423138,0.08848719350309013,0.12156283708304207,0.13274851935407964,0.08230464417574439,0.11638492725853128,0.04899656261375082,0.0885978683884663,0.23496511807889617,2.9888112506633644,26.4,26,5,40,361792
16,8,1600,xgboost,coarse,0.45227091809658587,0.26899407987385376,0.28519109463248454,0.46941293437326,0.2748208960593875,0.28650581788745466,0.2491584807441117,0.182273239872634,0.3574996130373253,2.6374380859720503,5.0,5,5,40,361792
16,8,1600,xgboost,fine,0.26272830797806473,0.09495520847307286,0.09875467787606837,0.28150569339447207,0.09147648850988618,0.09312026579897571,0.05365907674617891,0.182273239872634,0.3574996130373253,2.6374380859720503,26.4,26,5,40,361792
17,8,1600,logistic_regression,coarse,0.3545407305855298,0.28556203159071575,0.32892945265994555,0.372254455304425,0.2892783868179059,0.3283779021303509,0.25327924357182996,0.08313893065628869,0.24034113523792677,2.952469927472139,5.0,5,5,40,361792
17,8,1600,logistic_regression,fine,0.12614153989032373,0.08855624224505272,0.1219358297350901,0.1314802496436025,0.08487397629334398,0.11972619988883001,0.04980967837170562,0.08313893065628869,0.24034113523792677,2.952469927472139,26.4,26,5,40,361792
17,8,1600,xgboost,coarse,0.44618178400849107,0.25940388302108125,0.2822519569511945,0.4651356538433222,0.2672853920187114,0.2851128344257251,0.24349689614736852,0.17838426499203963,0.35328724792145766,2.637537590659827,5.0,5,5,40,361792
17,8,1600,xgboost,fine,0.2603927118344242,0.09002800439121923,0.09539800827051674,0.28061868363782955,0.09119561686959272,0.09461584643906258,0.054637237236443835,0.17838426499203963,0.35328724792145766,2.637537590659827,26.4,26,5,40,361792
18,8,1600,logistic_regression,coarse,0.3581919998231028,0.28773498694792204,0.3269353354091219,0.36463442439724897,0.2847041935452795,0.32286016052635735,0.2501026568416652,0.08774655050415708,0.2420078387581815,2.9690650981779587,5.0,5,5,40,361792
18,8,1600,logistic_regression,fine,0.12582367769326022,0.08406702469253637,0.11643763628776635,0.1270882300666334,0.07831675603279917,0.1126836579388192,0.04727336956878188,0.08774655050415708,0.2420078387581815,2.9690650981779587,26.0,26,5,40,361792
18,8,1600,xgboost,coarse,0.470187289934548,0.2770273733248246,0.29493846100873383,0.4768849869152204,0.27901058522051686,0.29431350576763127,0.2549979133666759,0.18433796214399434,0.3722290708473377,2.5751702635768616,5.0,5,5,40,361792
18,8,1600,xgboost,fine,0.2742708517601274,0.09537221617836164,0.10127419130765888,0.2870560152704084,0.0930629878530307,0.0973983769004514,0.05612095769753271,0.18433796214399434,0.3722290708473377,2.5751702635768616,26.0,26,5,40,361792
19,8,1600,logistic_regression,coarse,0.3499469308331859,0.2839815891101941,0.32545037207886895,0.3485162465036754,0.27562051350187877,0.31620156194654686,0.2466446030535873,0.087942795860605,0.23954786175482046,2.96654431275429,5.0,5,5,40,361792
19,8,1600,logistic_regression,fine,0.129148792676455,0.08875439049103519,0.11926075505375454,0.13227979276501264,0.08370240977439092,0.11546350104294197,0.049129221262954756,0.087942795860605,0.23954786175482046,2.96654431275429,26.2,26,5,40,361792
19,8,1600,xgboost,coarse,0.4638963824517955,0.2753747224417677,0.28686578890985237,0.4726577182914962,0.28126589613272196,0.2873910978593937,0.25583748376924975,0.19161562444719618,0.3700745179550681,2.5841422695913674,5.0,5,5,40,361792
19,8,1600,xgboost,fine,0.2762526534583407,0.10073008959772249,0.101444146291863,0.28512197228610614,0.09792935772216652,0.09675583658673503,0.057395241031775845,0.19161562444719618,0.3700745179550681,2.5841422695913674,26.2,26,5,40,361792
0,16,100,logistic_regression,coarse,0.3468595214930126,0.2628981165914072,0.27582090583147795,0.3532536174640189,0.26039323418360716,0.2722714031921331,0.23538030798457638,0.11694288430921634,0.2598868963382275,2.892501768972227,5.0,5,5,40,361792
0,16,100,logistic_regression,fine,0.1729142711834424,0.08031771677676708,0.08067973025650872,0.18009470611038472,0.07766071861255161,0.07824198959293031,0.04729677030693088,0.11694288430921634,0.2598868963382275,2.892501768972227,25.4,24,5,40,361792
0,16,100,xgboost,coarse,0.4524174111091456,0.25388197454169,0.26411597393706615,0.4683112326364152,0.25761354330451497,0.2668532505124528,0.23058597169985048,0.17942077215637714,0.35431269900937556,2.655553467185565,5.0,5,5,40,361792
0,16,100,xgboost,fine,0.2562079869096055,0.08322510178611983,0.0896205847827411,0.2708818982094484,0.08161355216673574,0.08654747903109647,0.04560159240353455,0.17942077215637714,0.35431269900937556,2.655553467185565,25.4,24,5,40,361792
1,16,100,logistic_regression,coarse,0.35845458163806826,0.266285097353022,0.2806975880288736,0.3638317229394542,0.26440031124757324,0.2753933991167345,0.24065948159930275,0.12256213514947815,0.2691670904829294,2.863219750574916,5.0,5,5,40,361792
1,16,100,logistic_regression,fine,0.17987959932779055,0.08422558196104427,0.08549637674300563,0.18593578995398216,0.08124471127280698,0.08216107018133502,0.04777702776122413,0.12256213514947815,0.2691670904829294,2.863219750574916,25.6,24,5,40,361792
1,16,100,xgboost,coarse,0.4572074562179374,0.27062835059000573,0.27807705096556734,0.47035994186949,0.2744315564086149,0.2799707132461162,0.2490865297068024,0.17890666460286572,0.3568832367769326,2.6716124181850347,5.0,5,5,40,361792
1,16,100,xgboost,fine,0.25655901733592784,0.08374332682969612,0.08759374157785489,0.27177829435361095,0.08358047102924038,0.08579874472035535,0.04621621490861034,0.17890666460286572,0.3568832367769326,2.6716124181850347,25.6,24,5,40,361792
2,16,100,logistic_regression,coarse,0.3547259198655581,0.2667126618822031,0.28198422118089733,0.36764581606983854,0.2676762743970518,0.2797352165333653,0.24259318964755877,0.12310388289403856,0.26933984167698566,2.862943348664426,5.0,5,5,40,361792
2,16,100,logistic_regression,fine,0.18395376348841322,0.07994317654802705,0.08229471506592231,0.18984872153902327,0.07762519026343538,0.0803547296836604,0.04621536126846788,0.12310388289403856,0.26933984167698566,2.862943348664426,26.0,26,5,40,361792
2,16,100,xgboost,coarse,0.4587857111268353,0.26762267615920876,0.2800215887820382,0.4757012429643141,0.2709484748701574,0.2821590948843334,0.2423970394365232,0.18525008844861135,0.3589769812488944,2.640959446311693,5.0,5,5,40,361792
2,16,100,xgboost,fine,0.25916825137095345,0.07755392319262258,0.08381105050589205,0.2767707126537516,0.07667349288306778,0.08168281659332753,0.04237542924384222,0.18525008844861135,0.3589769812488944,2.640959446311693,26.0,26,5,40,361792
3,16,100,logistic_regression,coarse,0.3538967141340881,0.2655921688986096,0.28274689408904025,0.3534143800869173,0.2610949534568291,0.2772520615899338,0.2403692391499958,0.12259530337873695,0.26762891385105253,2.8823191225897755,5.0,5,5,40,361792
3,16,100,logistic_regression,fine,0.18136111356801699,0.08030636172763124,0.08195237047358155,0.18480471842710547,0.0776455159324617,0.07999368306193182,0.04688894367516559,0.12259530337873695,0.26762891385105253,2.8823191225897755,25.4,24,5,40,361792
3,16,100,xgboost,coarse,0.45503217318238104,0.2610511030690173,0.26931347039619996,0.4660289654344426,0.2637363653805757,0.27134088863349487,0.23706341409490256,0.17453951441712365,0.355944852290819,2.6687101981248893,5.0,5,5,40,361792
3,16,100,xgboost,fine,0.25685753139925704,0.07874089916447694,0.08300808269031033,0.27066108432491603,0.0776239719505207,0.08052102848734065,0.0439871792764903,0.17453951441712365,0.355944852290819,2.6687101981248893,25.4,24,5,40,361792
4,16,100,logistic_regression,coarse,0.35088393330974704,0.26559192030720274,0.28308512434123756,0.3556988887701211,0.26337692750567165,0.28066885079236237,0.24015848175847535,0.11708661330267114,0.26490497302317356,2.869272952414647,5.0,5,5,40,361792
4,16,100,logistic_regression,fine,0.17892601273660003,0.07956101035181086,0.08212914850332652,0.18438709983427995,0.07576584929824891,0.07871121598698112,0.04674890974881197,0.11708661330267114,0.26490497302317356,2.869272952414647,25.8,25,5,40,361792
4,16,100,xgboost,coarse,0.4608753095701397,0.2599672582018502,0.27594001314132394,0.4691507230958017,0.26549257400125575,0.27796896069936017,0.24238395652820496,0.17528856359455156,0.3566013068282328,2.6606282062621616,5.0,5,5,40,361792
4,16,100,xgboost,fine,0.25232730408632587,0.08192390906930358,0.08698769038524391,0.26774361595958696,0.0789594623154496,0.08348930654660183,0.04451592381843146,0.17528856359455156,0.3566013068282328,2.6606282062621616,25.8,25,5,40,361792
5,16,100,logistic_regression,coarse,0.3566828453918274,0.2665499891536404,0.2810892490897316,0.35876622578750117,0.2648309364344245,0.27945074141723747,0.24218402610560838,0.1198340482929418,0.26945178445073414,2.839847205023881,5.0,5,5,40,361792
5,16,100,logistic_regression,fine,0.1822207235096409,0.08099201563758779,0.08308820517085377,0.18447726227170574,0.07822945672290797,0.08106623042835137,0.047662547136720704,0.1198340482929418,0.26945178445073414,2.839847205023881,26.2,26,5,40,361792
5,16,100,xgboost,coarse,0.4763704006722094,0.26244741314539033,0.2727584955715058,0.4890054671734233,0.27113135453483395,0.2789913693139786,0.2406383347239199,0.17408345126481514,0.36738236334689545,2.620599681584999,5.0,5,5,40,361792
5,16,100,xgboost,fine,0.25839432602158147,0.08227747688208015,0.0858186166753951,0.2731182260717138,0.08162970499298361,0.0841637605282102,0.045369069824185794,0.17408345126481514,0.36738236334689545,2.620599681584999,26.2,26,5,40,361792
6,16,100,logistic_regression,coarse,0.3600798248717495,0.267804702106545,0.2789962122218025,0.36345323406347013,0.2646634730802699,0.2751015367710392,0.24127680830850018,0.11713912966566425,0.2684581195825226,2.872202812665841,5.0,5,5,40,361792
6,16,100,logistic_regression,fine,0.1768364142932956,0.08297773186341863,0.0838550065295945,0.18437003255555404,0.0805328784580797,0.0813985426961591,0.04676529472877511,0.11713912966566425,0.2684581195825226,2.872202812665841,26.6,26,5,40,361792
6,16,100,xgboost,coarse,0.46252819299486997,0.2641129227284159,0.2708846246804867,0.47209200548575847,0.2673309110402747,0.2731384991228814,0.23892838158233554,0.17947605253847515,0.3590253515832301,2.6510425880063684,5.0,5,5,40,361792
6,16,100,xgboost,fine,0.25552251017159033,0.08351393140082562,0.0866109766557716,0.27181748076805023,0.08235666983607258,0.08445286944485793,0.044184800522083935,0.17947605253847515,0.3590253515832301,2.6510425880063684,26.6,26,5,40,361792
7,16,100,logistic_regression,coarse,0.36151435078719263,0.2679573112433341,0.27885388748837475,0.36739598060608236,0.26857633252210666,0.27858023374311314,0.24451495692162104,0.1202375950822572,0.2696977821510702,2.8698755085795153,5.0,5,5,40,361792
7,16,100,logistic_regression,fine,0.17788121351494782,0.08149272983256266,0.08284732703139455,0.1863538853127202,0.07873375883483026,0.08048156692685048,0.0481088219896766,0.1202375950822572,0.2696977821510702,2.8698755085795153,25.6,25,5,40,361792
7,16,100,xgboost,coarse,0.45569553776755706,0.25630583382926597,0.27047798078701446,0.47111898340769426,0.2634073639368609,0.2746113868210968,0.23691018052560456,0.17409450734123474,0.3485317530514771,2.695709136741553,5.0,5,5,40,361792
7,16,100,xgboost,fine,0.24136796833539714,0.08178170674430592,0.08330904115113728,0.2613916560121794,0.07999951663032477,0.08049082447001045,0.04548281476511669,0.17409450734123474,0.3485317530514771,2.695709136741553,25.6,25,5,40,361792
8,16,100,logistic_regression,coarse,0.3540957235096409,0.26582681043100587,0.2794348836330193,0.3578890587171218,0.2642425755478243,0.27718048074377266,0.24160016008067312,0.12088437555280382,0.2651219485229082,2.8843976649566603,5.0,5,5,40,361792
8,16,100,logistic_regression,fine,0.17614817353617548,0.08062515675325597,0.08198082190891506,0.18230153509781125,0.07745285007378941,0.07847767172917118,0.04819086250619631,0.12088437555280382,0.2651219485229082,2.8843976649566603,25.8,25,5,40,361792
8,16,100,xgboost,coarse,0.46691192729524145,0.2632389303486944,0.2734688660914275,0.4774269870413751,0.26451145152607625,0.27360374871459914,0.24240638502529804,0.1830139969927472,0.3651490359101362,2.618416106492128,5.0,5,5,40,361792
8,16,100,xgboost,fine,0.26338614452503095,0.08488095585760916,0.08652209287859798,0.27789016901109037,0.08262272762049845,0.08296271763369079,0.048526417342880754,0.1830139969927472,0.3651490359101362,2.618416106492128,25.8,25,5,40,361792
9,16,100,logistic_regression,coarse,0.3494383513178843,0.2632611043955219,0.2809320255740625,0.3510805941707337,0.2588179723774333,0.2748386388976192,0.2375161784363679,0.1198976207323545,0.26365149035910135,2.893231470015921,5.0,5,5,40,361792
9,16,100,logistic_regression,fine,0.1778646294003184,0.08194965706621123,0.08557795385968464,0.18110294719659564,0.07769265974802718,0.08180600423006533,0.047156128064260984,0.1198976207323545,0.26365149035910135,2.893231470015921,25.2,24,5,40,361792
9,16,100,xgboost,coarse,0.4436748186803467,0.25709974515152195,0.2750237650903349,0.4608086445420351,0.2623240619343005,0.27656971672328806,0.2401897832595706,0.1722039182734831,0.3476652330620909,2.6825358216875994,5.0,5,5,40,361792
9,16,100,xgboost,fine,0.2516556474438351,0.08063690402194833,0.08697944340418393,0.26447419996000227,0.07895535940753445,0.08301781251735856,0.04587684071189825,0.1722039182734831,0.3476652330620909,2.6825358216875994,25.2,24,5,40,361792
10,16,100,logistic_regression,coarse,0.3491453652927649,0.26011866713194276,0.27482490705985657,0.356795355410495,0.2623350775358365,0.27596333847541404,0.24269073038411496,0.11880583318591897,0.26331151600919867,2.895232619847868,5.0,5,5,40,361792
10,16,100,logistic_regression,fine,0.17747766672563242,0.08111805592762351,0.08288389888122287,0.18636549945495642,0.07994481652012471,0.08147505375115678,0.04782705959185631,0.11880583318591897,0.26331151600919867,2.895232619847868,25.8,25,5,40,361792
10,16,100,xgboost,coarse,0.45053235007960374,0.2533578914998852,0.2655529228341413,0.46402080250803424,0.25837167442261916,0.2679879824730187,0.23558196506341425,0.16886498319476384,0.3493222625154785,2.6791747744560412,5.0,5,5,40,361792
10,16,100,xgboost,fine,0.24811217495135326,0.08592711101620717,0.08717839135502255,0.2674367706413621,0.08569333536340967,0.08590364024313271,0.04687013791749145,0.16886498319476384,0.3493222625154785,2.6791747744560412,25.8,25,5,40,361792
11,16,100,logistic_regression,coarse,0.3522604148239873,0.26984379264249053,0.28308988138919683,0.36471544458141986,0.2703911800370631,0.28084061485910566,0.241782667407556,0.1192701883955422,0.2642236423138157,2.8763322572085617,5.0,5,5,40,361792
11,16,100,logistic_regression,fine,0.1761868698036441,0.08560267165984967,0.08595681167271291,0.18692731296983606,0.08441623395994992,0.08490179123541518,0.04853771089757599,0.1192701883955422,0.2642236423138157,2.8763322572085617,25.6,25,5,40,361792
11,16,100,xgboost,coarse,0.4582025030957014,0.2730106329773031,0.2773567253663044,0.4755625799810205,0.276741483850152,0.27987953834166196,0.24589031898565405,0.1768916946753936,0.35770000442243055,2.655254953122236,5.0,5,5,40,361792
11,16,100,xgboost,fine,0.2571975057491597,0.08451667429647228,0.089577031138876,0.27675401431867597,0.08478424087090558,0.08881481364777079,0.04628472828082314,0.1768916946753936,0.35770000442243055,2.655254953122236,25.6,25,5,40,361792
12,16,100,logistic_regression,coarse,0.35079824871749515,0.26180626990910966,0.2780675484951214,0.3585950576224829,0.2608450612945132,0.27418514934074756,0.24181108842814636,0.1144552671148063,0.2629204073058553,2.89325358216876,4.8,4,5,40,361792
12,16,100,logistic_regression,fine,0.17504256589421546,0.08302500357790467,0.08826655068213055,0.17925179125603935,0.0794683551777981,0.08673981025999283,0.04654143628604461,0.1144552671148063,0.2629204073058553,2.89325358216876,25.6,25,5,40,361792
12,16,100,xgboost,coarse,0.45742028568901466,0.2520821326246573,0.2632095241922197,0.4683395358937375,0.2511266966584792,0.26235431512311247,0.22819627054660066,0.1769580311339112,0.3545821908721033,2.662966566424907,4.8,4,5,40,361792
12,16,100,xgboost,fine,0.25174409605519193,0.08096652676461143,0.08782611796032042,0.2648395221378921,0.0795700784321639,0.08583132201172504,0.043074530334346516,0.1769580311339112,0.3545821908721033,2.662966566424907,25.6,25,5,40,361792
13,16,100,logistic_regression,coarse,0.34770254732000705,0.2620570287833408,0.2735790412394438,0.3511122712871502,0.26036582275963766,0.2719247709069911,0.23813090464101264,0.11626017159030604,0.2615024655050416,2.8910865911905184,5.0,5,5,40,361792
13,16,100,logistic_regression,fine,0.17530238369007606,0.080481729327915,0.08386302762105619,0.177563798200468,0.07642095784936147,0.08128609092996164,0.04621403910838486,0.11626017159030604,0.2615024655050416,2.8910865911905184,26.0,25,5,40,361792
13,16,100,xgboost,coarse,0.4508999646205555,0.2544708666029943,0.26580294668536025,0.4624548367793436,0.2575929635351783,0.2677525891286717,0.23521129430305887,0.17089377321776048,0.3491011409870865,2.685670219352556,5.0,5,5,40,361792
13,16,100,xgboost,fine,0.24730231735361755,0.07572392008237966,0.08160236666004676,0.26208788750289813,0.07419997968733796,0.07881367259465177,0.04330531972819659,0.17089377321776048,0.3491011409870865,2.685670219352556,26.0,25,5,40,361792
14,16,100,logistic_regression,coarse,0.35102489828409694,0.2625932793726332,0.2806564407353722,0.3542922373134606,0.2595189462820591,0.27552462214673856,0.23754099791539912,0.12026799929241111,0.2625306806120644,2.903425172474792,5.0,5,5,40,361792
14,16,100,logistic_regression,fine,0.17403646294003183,0.07732484218140537,0.0806111851579467,0.17563970155032613,0.07332080172467116,0.07758324689486745,0.045349868908030194,0.12026799929241111,0.2625306806120644,2.903425172474792,25.2,25,5,40,361792
14,16,100,xgboost,coarse,0.4426659517070582,0.2567399457822307,0.2698836044331513,0.45587294289874214,0.2568808861014683,0.27004027112196416,0.23407073273659967,0.16783400406863613,0.3430617592428799,2.7152065275075183,5.0,5,5,40,361792
14,16,100,xgboost,fine,0.24345756677870156,0.07842558949669966,0.08410904951405927,0.2568643657329158,0.07563902916563514,0.08059741805743785,0.04288343420296402,0.16783400406863613,0.3430617592428799,2.7152065275075183,25.2,25,5,40,361792
15,16,100,logistic_regression,coarse,0.36187090925172477,0.2710693840611911,0.28619300271681697,0.3675734476571745,0.26974893700057573,0.28339597796781707,0.2469886788950677,0.12226085706704405,0.2697917588006368,2.861141208208031,5.0,5,5,40,361792
15,16,100,logistic_regression,fine,0.1777126083495489,0.08129760430972423,0.0835522488648081,0.18507633538402743,0.07828478572804365,0.08114393048908879,0.04760648542730522,0.12226085706704405,0.2697917588006368,2.861141208208031,25.8,25,5,40,361792
15,16,100,xgboost,coarse,0.4668400627985141,0.2696378915699291,0.281627705936794,0.48178581238520035,0.27511604295504805,0.2832989733342593,0.2493708130547209,0.1819498496373607,0.36284660799575447,2.6292400053069165,5.0,5,5,40,361792
15,16,100,xgboost,fine,0.25885315319299484,0.08264555364403776,0.08722491325661803,0.2743886983905591,0.08200372329530795,0.0854137352344932,0.04617941271580091,0.1819498496373607,0.36284660799575447,2.6292400053069165,25.8,25,5,40,361792
16,16,100,logistic_regression,coarse,0.3540846674332213,0.2663827641142967,0.28050570252515694,0.3615999479109409,0.2659732131179574,0.27849955838323276,0.2439197173776007,0.11593954537413763,0.26536932823279674,2.880013930656289,5.0,5,5,40,361792
16,16,100,logistic_regression,fine,0.1766539890323722,0.0813694036194264,0.08417767421590706,0.18117013326817638,0.0782361640914383,0.08206613752445709,0.046903259387434275,0.11593954537413763,0.26536932823279674,2.880013930656289,26.0,26,5,40,361792
16,16,100,xgboost,coarse,0.45625386962674686,0.256867728382942,0.26660286064289734,0.4662807749184704,0.2616085864527844,0.2693416640702372,0.23666217155143543,0.16601804351671678,0.3525437267822395,2.7008336281620378,5.0,5,5,40,361792
16,16,100,xgboost,fine,0.24883358393773217,0.08260149137388334,0.08653437208200164,0.26256069643811863,0.08128309892347217,0.0847975673025525,0.04450461189073729,0.16601804351671678,0.3525437267822395,2.7008336281620378,26.0,26,5,40,361792
17,16,100,logistic_regression,coarse,0.35355950380329026,0.2697408450831982,0.2841118108963487,0.3605954080446005,0.2676218948952027,0.27862984410808644,0.2420307692751566,0.11967373518485759,0.2662897465947285,2.8802461082611,5.0,5,5,40,361792
17,16,100,logistic_regression,fine,0.17901998938616664,0.084867080504286,0.0871445702546225,0.1824700035112658,0.08191446475955291,0.08484421778621952,0.04740129684361795,0.11967373518485759,0.2662897465947285,2.8802461082611,26.2,25,5,40,361792
17,16,100,xgboost,coarse,0.45077558376083493,0.2572014628949459,0.27092878612504967,0.46063771714612606,0.25648532759527687,0.26751192730469225,0.23221640594922208,0.1722702547320007,0.3508742592428799,2.6659682911728284,5.0,5,5,40,361792
17,16,100,xgboost,fine,0.2509729347249248,0.08450638436412727,0.08864733303936881,0.26416012046334286,0.08290335139051178,0.08588465413289936,0.04402431975841817,0.1722702547320007,0.3508742592428799,2.6659682911728284,26.2,25,5,40,361792
18,16,100,logistic_regression,coarse,0.3543500132672917,0.2690243841633104,0.28304257600446725,0.3601836211251672,0.2658400812153391,0.2771096675178326,0.24448050522012874,0.1146487484521493,0.26407438528215105,2.875519635591721,5.0,5,5,40,361792
18,16,100,logistic_regression,fine,0.17379875729701044,0.0816507258226169,0.08464045943889525,0.17846509636046035,0.07747389512899164,0.08163863219830864,0.047822530791351035,0.1146487484521493,0.26407438528215105,2.875519635591721,25.4,25,5,40,361792
18,16,100,xgboost,coarse,0.45726273660003536,0.2654939865874512,0.2767011192574943,0.46833713015882406,0.26572869339069755,0.2769935039656633,0.24276201234326783,0.17564788607818857,0.3544163497258093,2.673342694144702,5.0,5,5,40,361792
18,16,100,xgboost,fine,0.25156996285158323,0.08438614907710974,0.08772530121108955,0.26695634452836087,0.08213214559401448,0.08583935647756442,0.04730549475499035,0.17564788607818857,0.3544163497258093,2.673342694144702,25.4,25,5,40,361792
19,16,100,logistic_regression,coarse,0.35573478683884663,0.264663662198765,0.27893023836413494,0.3567714025663996,0.2609380424183601,0.2736207176890673,0.24168975862210768,0.1145602998407925,0.26473636785777466,2.8844474173005485,5.0,5,5,40,361792
19,16,100,logistic_regression,fine,0.17373794887670263,0.08015936699794561,0.08233627593151065,0.1778000363290962,0.07684095791615049,0.07908021964903462,0.04695201496628485,0.1145602998407925,0.26473636785777466,2.8844474173005485,25.8,25,5,40,361792
19,16,100,xgboost,coarse,0.4536308154961967,0.2529218553626812,0.2637766049449199,0.4622486216694227,0.25954119975144685,0.26605172748484085,0.2368117640210369,0.16588260658057669,0.3507001260392712,2.684150008844861,5.0,5,5,40,361792
19,16,100,xgboost,fine,0.24776943658234565,0.08353736226441638,0.0850197224355241,0.2620814301237785,0.08233407364552886,0.08218071777767146,0.04595516012966006,0.16588260658057669,0.3507001260392712,2.684150008844861,25.8,25,5,40,361792
0,16,200,logistic_regression,coarse,0.35242072793207146,0.27635660915029575,0.2991515702937641,0.3643402385622081,0.2759836442429874,0.2968696938036814,0.24667859283536214,0.10488346895453741,0.25320073412347427,2.900406863612241,5.0,5,5,40,361792
0,16,200,logistic_regression,fine,0.15398074031487705,0.08476035018128697,0.09071221948850176,0.15845487686906695,0.08161949633821541,0.08904975662991356,0.05006466970271321,0.10488346895453741,0.25320073412347427,2.900406863612241,26.2,26,5,40,361792
0,16,200,xgboost,coarse,0.4698417875464355,0.2629465692544307,0.2743926913758384,0.4842318124594011,0.2663057628171087,0.27700119716748306,0.24064890505113032,0.18535235715549267,0.36862064390589067,2.609488324783301,5.0,5,5,40,361792
0,16,200,xgboost,fine,0.2673995002653458,0.08506737771511841,0.09167235504310638,0.28280562542131277,0.08252474802697904,0.08816912338377912,0.04827212837162267,0.18535235715549267,0.36862064390589067,2.609488324783301,26.2,26,5,40,361792
1,16,200,logistic_regression,coarse,0.3624568813019636,0.2769517260318121,0.299210332717277,0.36772731817699267,0.27478259184550724,0.29331911726334703,0.24723260071322564,0.11233526446134795,0.2626357133380506,2.8801023792676457,5.0,5,5,40,361792
1,16,200,logistic_regression,fine,0.16281454537413761,0.088411695568397,0.09461142130885127,0.16395985711528932,0.0840865034178514,0.09158579098817733,0.05023117368789838,0.11233526446134795,0.2626357133380506,2.8801023792676457,26.0,25,5,40,361792
1,16,200,xgboost,coarse,0.4723155846453211,0.2777125974238731,0.28609970572158766,0.48549488275231684,0.281349112214825,0.2877923263590213,0.25425611129114994,0.19003184150008845,0.37312184901822043,2.606309702812666,5.0,5,5,40,361792
1,16,200,xgboost,fine,0.2739281133911198,0.08868234885560866,0.09399407375913452,0.28748095794867085,0.08808367128574109,0.0913783074335063,0.05090089688777065,0.19003184150008845,0.37312184901822043,2.606309702812666,26.0,25,5,40,361792
2,16,200,logistic_regression,coarse,0.3549636255085795,0.28224171415943083,0.30929211099994636,0.37188266679357646,0.2843475129917699,0.30618770832473197,0.2534152178701975,0.10868952326198479,0.259249789934548,2.8799862904652396,5.0,5,5,40,361792
2,16,200,logistic_regression,fine,0.16353595436051654,0.08761254051962457,0.09260120420351958,0.16603940808167636,0.08325497150379606,0.08999287264718143,0.05040184906499338,0.10868952326198479,0.259249789934548,2.8799862904652396,26.2,26,5,40,361792
2,16,200,xgboost,coarse,0.4766412745444897,0.2739736604930492,0.28944093980215707,0.49249593501491107,0.2761510837679503,0.2903690807948981,0.24796615486491808,0.19466986555811075,0.3742924111091456,2.587591765434283,5.0,5,5,40,361792
2,16,200,xgboost,fine,0.2719435476738015,0.08962009697277329,0.09418112829831123,0.2877791603980816,0.08794969190922124,0.0908185242374996,0.04756060173097765,0.19466986555811075,0.3742924111091456,2.587591765434283,26.2,26,5,40,361792
3,16,200,logistic_regression,coarse,0.3600300725278613,0.2792248055774624,0.3048412202238743,0.3591784417993546,0.2733484276711737,0.2975538002285063,0.24787369425969832,0.11221364762073235,0.2622556607111268,2.8744250840261807,5.0,5,5,40,361792
3,16,200,logistic_regression,fine,0.16448124889439236,0.08710518971381889,0.09278464025776127,0.16154160846138102,0.08187927429119529,0.08858817525350642,0.049931117514022155,0.11221364762073235,0.2622556607111268,2.8744250840261807,26.2,25,5,40,361792
3,16,200,xgboost,coarse,0.4676333362816204,0.27168646581947675,0.2810505861029503,0.4800762953844441,0.2743090466579483,0.28250363831881337,0.24750213221919717,0.18980519193348663,0.37209086989209267,2.58767468600743,5.0,5,5,40,361792
3,16,200,xgboost,fine,0.276548403502565,0.0868272363692057,0.09160222305270184,0.28720605974283353,0.08522432189303479,0.0883850745076363,0.048460885281077684,0.18980519193348663,0.37209086989209267,2.58767468600743,26.2,25,5,40,361792
4,16,200,logistic_regression,coarse,0.3596928621970635,0.2782291723196729,0.3011162309631535,0.36301370552407625,0.27448968215243075,0.2980943340150947,0.24968894168060357,0.108932756943216,0.2603816557580046,2.88633247833009,5.0,5,5,40,361792
4,16,200,logistic_regression,fine,0.16107044931894568,0.08550267377138575,0.09105838009046173,0.16441061468133797,0.07977129540510335,0.08709200083789127,0.050064675444335,0.108932756943216,0.2603816557580046,2.88633247833009,26.2,26,5,40,361792
4,16,200,xgboost,coarse,0.47124590925172477,0.2720399637950404,0.2849720785090989,0.4809368872969146,0.27578626084772584,0.28655424214297387,0.25279808850773766,0.1879339509994693,0.37030531355032725,2.604397001592075,5.0,5,5,40,361792
4,16,200,xgboost,fine,0.2693647178489298,0.08641591178796022,0.09174543572411228,0.2849244378637186,0.08322170363257969,0.08798068880088199,0.04921828342226718,0.1879339509994693,0.37030531355032725,2.604397001592075,26.2,26,5,40,361792
5,16,200,logistic_regression,coarse,0.36559680700513003,0.2827922164911447,0.3040917919132229,0.37156009559436376,0.2812151784531006,0.30302922172272967,0.253639537728811,0.10808143905890677,0.2641310476738015,2.8582500442243055,5.0,5,5,40,361792
5,16,200,logistic_regression,fine,0.162665288342473,0.0872311304990635,0.09219907817221562,0.1640299190215723,0.083499628245027,0.09061407369017056,0.05053093305385422,0.10808143905890677,0.2641310476738015,2.8582500442243055,26.4,26,5,40,361792
5,16,200,xgboost,coarse,0.4860472315584645,0.2737633302566141,0.28523446293116256,0.5020955328667664,0.2821585453495779,0.29070942189335514,0.25177715409836343,0.18929384839908014,0.3786042809127897,2.566596276313462,5.0,5,5,40,361792
5,16,200,xgboost,fine,0.2711613302671148,0.08993479669772261,0.09267318883991767,0.2872086252935767,0.08929002343160482,0.09134409121708954,0.05011755728811501,0.18929384839908014,0.3786042809127897,2.566596276313462,26.4,26,5,40,361792
6,16,200,logistic_regression,coarse,0.3676891694675394,0.2836844678733145,0.300324021919402,0.3696341524500787,0.27872547741126585,0.2962480124355345,0.2525438382343186,0.11071554926587653,0.2647626260392712,2.8822859543605164,5.0,5,5,40,361792
6,16,200,logistic_regression,fine,0.16183608261100302,0.08904637717483073,0.09425782464857521,0.16599620532245768,0.08568001119339635,0.09157849505074704,0.05047304602893025,0.11071554926587653,0.2647626260392712,2.8822859543605164,26.8,26,5,40,361792
6,16,200,xgboost,coarse,0.4786147841853883,0.27102882604720635,0.27960999540363196,0.4894386453608234,0.27580065270750476,0.28263543286405807,0.24743790028280083,0.19724040332566778,0.37671369184503806,2.5793384043870513,5.0,5,5,40,361792
6,16,200,xgboost,fine,0.2748125995046878,0.08966480027771609,0.09242708253329308,0.2915037564011377,0.08814491312864445,0.0903144068945665,0.04801304416240852,0.19724040332566778,0.37671369184503806,2.5793384043870513,26.8,26,5,40,361792
7,16,200,logistic_regression,coarse,0.3655719308331859,0.28035673696417573,0.2996242564127131,0.37500438939211317,0.2799260542791539,0.29751204026370964,0.2535095552153419,0.10633734300371483,0.2606000132672917,2.892170086679639,5.0,5,5,40,361792
7,16,200,logistic_regression,fine,0.1556280957013975,0.08323133182528084,0.08921723437708204,0.162578134944847,0.07884235851717838,0.08629786550819957,0.049170980268077466,0.10633734300371483,0.2606000132672917,2.892170086679639,26.0,25,5,40,361792
7,16,200,xgboost,coarse,0.46844872191756587,0.2613432288717001,0.2769497654145696,0.48445605285071913,0.2675267355829902,0.27996884882782036,0.2421318180453773,0.1821460949938086,0.36142590217583587,2.640671988324783,5.0,5,5,40,361792
7,16,200,xgboost,fine,0.2544030824341058,0.08774633426921498,0.0888086833283051,0.27340950911998385,0.08512007106737268,0.08508794839646983,0.0495937801330402,0.1821460949938086,0.36142590217583587,2.640671988324783,26.0,25,5,40,361792
8,16,200,logistic_regression,coarse,0.36487539801875113,0.2824265051554661,0.30512270824153437,0.37115594720307465,0.28270148284490915,0.3050764164725452,0.25583550383923115,0.11204780647443835,0.2633819984963736,2.879400318415001,5.0,5,5,40,361792
8,16,200,logistic_regression,fine,0.1618885989739961,0.08711729747726525,0.09238626616540488,0.16538870451260637,0.08325874076603373,0.08971150430436604,0.051057302266091065,0.11204780647443835,0.2633819984963736,2.879400318415001,26.6,26,5,40,361792
8,16,200,xgboost,coarse,0.47567939589598446,0.26990013280291086,0.2808981840065896,0.4854058088292422,0.2720843554863194,0.2804110447746747,0.2490091906050207,0.19386000796037503,0.374585397134265,2.58074805413055,5.0,5,5,40,361792
8,16,200,xgboost,fine,0.27349139837254555,0.09151372964975203,0.09306131692493301,0.28917892406068235,0.08884528547209222,0.08867149588169293,0.0515906688735032,0.19386000796037503,0.374585397134265,2.58074805413055,26.6,26,5,40,361792
9,16,200,logistic_regression,coarse,0.3496456527507518,0.2736735934542226,0.3008629871095755,0.3538845006328069,0.2693798733653613,0.2934170393416733,0.24629779050701375,0.10498850168052362,0.2529616464709004,2.9132153281443482,5.0,5,5,40,361792
9,16,200,logistic_regression,fine,0.156277640191049,0.08670886766216494,0.09286097201166445,0.15626433513198168,0.08156478067576209,0.08942032706597489,0.04804348913851294,0.10498850168052362,0.2529616464709004,2.9132153281443482,26.0,25,5,40,361792
9,16,200,xgboost,coarse,0.4534705023881125,0.2608458081695738,0.27996300370575133,0.4678154235428309,0.2637757779898572,0.27923778953435674,0.24256992892239468,0.1811040597912613,0.35865635503272597,2.6300526269237574,5.0,5,5,40,361792
9,16,200,xgboost,fine,0.26384220767733946,0.0853730414382332,0.09138053149282958,0.27616428747465444,0.08302071155074014,0.08682756108147324,0.049172388616064475,0.1811040597912613,0.35865635503272597,2.6300526269237574,26.0,25,5,40,361792
10,16,200,logistic_regression,coarse,0.3491619494073943,0.27435953271874836,0.30075028220773453,0.3582292011453248,0.27455363672459177,0.29911025241531897,0.25227259917266515,0.10640920750044225,0.25378808818326554,2.9039116398372546,5.0,5,5,40,361792
10,16,200,logistic_regression,fine,0.15841422695913673,0.0854649619381634,0.09207566950970286,0.16516544720524523,0.08309110112036493,0.09076288915061649,0.05080155351147207,0.10640920750044225,0.25378808818326554,2.9039116398372546,26.4,25,5,40,361792
10,16,200,xgboost,coarse,0.4652396957367769,0.2610093394451372,0.2739002620987967,0.47931576224550454,0.2661811587518156,0.27625857263903286,0.2446563075503927,0.17892877675570493,0.3623781067574739,2.6281675658942154,5.0,5,5,40,361792
10,16,200,xgboost,fine,0.25951651777817086,0.09012084914197477,0.0917947790905717,0.2801040591673386,0.09011024638283242,0.0906146517380705,0.05070823568892498,0.17892877675570493,0.3623781067574739,2.6281675658942154,26.4,25,5,40,361792
11,16,200,logistic_regression,coarse,0.3575728595436052,0.28021920339054995,0.3056061245051699,0.36839552459591574,0.2795934208263394,0.30143432933493974,0.2509277434331924,0.10681828232796745,0.25762869272952416,2.8916670352025475,5.0,5,5,40,361792
11,16,200,logistic_regression,fine,0.15768452591544313,0.08922475959785238,0.09624342250772919,0.16445567602883315,0.08726280649627255,0.09490379890918875,0.05033745923320454,0.10681828232796745,0.25762869272952416,2.8916670352025475,26.0,26,5,40,361792
11,16,200,xgboost,coarse,0.47668273483106316,0.2776089162754708,0.2875642319134146,0.491000842738697,0.28152422373517866,0.28808129965729606,0.2523743552163823,0.19039392800283036,0.37520039138510525,2.5824617459755883,5.0,5,5,40,361792
11,16,200,xgboost,fine,0.27371804793914734,0.09235407432869634,0.09818108315275272,0.2915988540038169,0.09204841146536878,0.09646017726883119,0.05128653895047621,0.19039392800283036,0.37520039138510525,2.5824617459755883,26.0,26,5,40,361792
12,16,200,logistic_regression,coarse,0.355143286750398,0.27723368958789557,0.3033803037082875,0.36861274542169464,0.27891863176411236,0.3003674077659037,0.25284761581469206,0.10629588271714134,0.2573674929241111,2.8870511232973644,5.0,5,5,40,361792
12,16,200,logistic_regression,fine,0.15959169909782417,0.08910463395920383,0.09958330337373492,0.16290874333229538,0.08463443328259428,0.09781242309508958,0.049619484727417416,0.10629588271714134,0.2573674929241111,2.8870511232973644,26.2,26,5,40,361792
12,16,200,xgboost,coarse,0.4687306518662657,0.2579287822650763,0.2714084542964416,0.48089052818285205,0.25933245888110534,0.2712897213899305,0.23466153753526262,0.18843423845745622,0.3671930280382098,2.603877366000354,5.0,5,5,40,361792
12,16,200,xgboost,fine,0.2656554042101539,0.09178188926166131,0.09461365102619095,0.2809665655070698,0.08954797913244585,0.09138597959909756,0.04823083728948978,0.18843423845745622,0.3671930280382098,2.603877366000354,26.2,26,5,40,361792
13,16,200,logistic_regression,coarse,0.35155558995223773,0.2743481775854796,0.29772018709252485,0.3568239130443774,0.2728339432317485,0.296234712120041,0.24942658714859212,0.10265566955598797,0.2532960927825933,2.912938926233858,5.0,5,5,40,361792
13,16,200,logistic_regression,fine,0.15503659561294889,0.0852080869331014,0.09165527530510868,0.15526012478536527,0.08016267309942787,0.0886311692008884,0.048752014709550276,0.10265566955598797,0.2532960927825933,2.912938926233858,26.4,26,5,40,361792
13,16,200,xgboost,coarse,0.46025340527153724,0.25883171006956335,0.27057073414875105,0.4712112883248777,0.26243531488798844,0.27200538813094105,0.24049901640860635,0.17978838669732886,0.3609905691668141,2.6293726782239517,5.0,5,5,40,361792
13,16,200,xgboost,fine,0.2617277330620909,0.08486017403250466,0.089741561401739,0.27717114736512405,0.0828198811644867,0.08638760894067811,0.047883142409549675,0.17978838669732886,0.3609905691668141,2.6293726782239517,26.4,26,5,40,361792
14,16,200,logistic_regression,coarse,0.3493443746683177,0.27135514259486115,0.3008482118713161,0.35561138043742047,0.2696832709649975,0.2956006112236967,0.2438871957267005,0.10663309304793915,0.2519417234211923,2.9137017955068107,5.0,5,5,40,361792
14,16,200,logistic_regression,fine,0.15453907217406687,0.08367633112583948,0.09245849512894173,0.1558696509860768,0.07896178225491009,0.08945312636580963,0.04770236932051348,0.10663309304793915,0.2519417234211923,2.9137017955068107,26.0,25,5,40,361792
14,16,200,xgboost,coarse,0.45457058199186273,0.26054930972058843,0.27782918824483593,0.46803390452630705,0.2616772457406685,0.2778733102977048,0.23994264679349425,0.17763245179550682,0.35566568636122414,2.6596331593843976,5.0,5,5,40,361792
14,16,200,xgboost,fine,0.25676079073058555,0.08307294891597396,0.08864701105376681,0.27029546130120513,0.08009851877333549,0.08469689794753217,0.046467402059785626,0.17763245179550682,0.35566568636122414,2.6596331593843976,26.0,25,5,40,361792
15,16,200,logistic_regression,coarse,0.3631727622501327,0.28323831369803687,0.31028355965556226,0.3738997222869533,0.2833616076553825,0.30700787626407167,0.2559030214987354,0.10643131965328144,0.2608874712542013,2.8758402618078898,5.0,5,5,40,361792
15,16,200,logistic_regression,fine,0.15860218025826994,0.08518444731465175,0.09370919571546205,0.16183327737876993,0.0807882689283424,0.09043664972148589,0.049732445663675975,0.10643131965328144,0.2608874712542013,2.8758402618078898,26.4,26,5,40,361792
15,16,200,xgboost,coarse,0.4777220060145056,0.2783788305791649,0.2919340030219729,0.4966252718410565,0.2859529205751965,0.2957071726093646,0.2577451139919618,0.19467262957721565,0.3775470436051654,2.5544069520608526,5.0,5,5,40,361792
15,16,200,xgboost,fine,0.27737208119582524,0.09055983876872481,0.09525103439092243,0.29625840687247285,0.09049312372577765,0.09382755489997982,0.050977424760895194,0.19467262957721565,0.3775470436051654,2.5544069520608526,26.4,26,5,40,361792
16,16,200,logistic_regression,coarse,0.3539160622678224,0.2766842894062779,0.3026193643810268,0.36646021181362315,0.27791760344647143,0.3008033355419184,0.2500999365319309,0.10527043162922342,0.2555501503626393,2.902435653635238,5.0,5,5,40,361792
16,16,200,logistic_regression,fine,0.15718423845745622,0.0868131342314176,0.09583338909485793,0.15815286157625572,0.08238380520949917,0.09331161105305007,0.048599766492773186,0.10527043162922342,0.2555501503626393,2.902435653635238,26.2,26,5,40,361792
16,16,200,xgboost,coarse,0.4636310366177251,0.26593862910536686,0.2784699314771529,0.4783191706966675,0.27031071820607455,0.2810952264425991,0.24637366508209668,0.18062588448611358,0.36458379400318414,2.637526534583407,5.0,5,5,40,361792
16,16,200,xgboost,fine,0.2655365513886432,0.08851534178267449,0.09278937019495338,0.2788930156081637,0.0861213824893446,0.08973516336242796,0.048811006233216034,0.18062588448611358,0.36458379400318414,2.637526534583407,26.2,26,5,40,361792
17,16,200,logistic_regression,coarse,0.36126558906775164,0.2869401444054188,0.31298054090378963,0.37188042612187344,0.28496399708743636,0.3062236621481678,0.2542661823837429,0.10876691579692199,0.26085015699628517,2.886177693260216,5.0,5,5,40,361792
17,16,200,logistic_regression,fine,0.16043472492481867,0.0886576806600028,0.09439840428207971,0.16422437953536376,0.08495142801765916,0.09206541549634562,0.04996904890564452,0.10876691579692199,0.26085015699628517,2.886177693260216,26.6,26,5,40,361792
17,16,200,xgboost,coarse,0.46655536883070936,0.26625079549185177,0.2808256385988531,0.47876064660124185,0.2676122535457469,0.2796228641121841,0.24396633091402703,0.18379621439943392,0.36827237749867325,2.598620201662834,5.0,5,5,40,361792
17,16,200,xgboost,fine,0.2699893861666372,0.09199084119955002,0.09600221519047791,0.28400335937183696,0.0902410801976792,0.09316754758460963,0.05063500784498226,0.18379621439943392,0.36827237749867325,2.598620201662834,26.6,26,5,40,361792
18,16,200,logistic_regression,coarse,0.3518900362639307,0.2760392297791516,0.30029248611145054,0.35985074494896396,0.27474310331064106,0.296034312943203,0.24991286473265376,0.10216367415531576,0.25293815230850875,2.892623385812843,5.0,5,5,40,361792
18,16,200,logistic_regression,fine,0.15398626835308685,0.08487996142941352,0.09284232722819764,0.1565593647907874,0.07987822571162442,0.08965025685991146,0.04915569658269806,0.10216367415531576,0.25293815230850875,2.892623385812843,26.0,26,5,40,361792
18,16,200,xgboost,coarse,0.4722713603396427,0.2712483291905641,0.2825404737639873,0.4825829062333725,0.2729692898102427,0.2833614045282887,0.24844940702752596,0.18373540597912613,0.3704656266584115,2.603844197771095,5.0,5,5,40,361792
18,16,200,xgboost,fine,0.26865989297718024,0.09074007785683176,0.0936644512545995,0.28319833381810317,0.08814283830996564,0.09057361712162042,0.051655677664812924,0.18373540597912613,0.3704656266584115,2.603844197771095,26.0,26,5,40,361792
19,16,200,logistic_regression,coarse,0.3600245444896515,0.2739271319780809,0.29698894772523654,0.3622698756894356,0.2712889608624981,0.29294097500648647,0.24917809551069423,0.10313384486113568,0.257397897134265,2.904558420307801,5.0,5,5,40,361792
19,16,200,logistic_regression,fine,0.15477124977887846,0.08603534147629194,0.093996302302929,0.15718054242554766,0.0818156764935209,0.09069105609332838,0.04968704727086335,0.10313384486113568,0.257397897134265,2.904558420307801,26.4,26,5,40,361792
19,16,200,xgboost,coarse,0.4653032681761896,0.26242931722195184,0.27713674085764717,0.47331982185950067,0.2684302314326485,0.27777143712146174,0.24554878233143054,0.17670097735715548,0.3636384994693083,2.625359322483637,5.0,5,5,40,361792
19,16,200,xgboost,fine,0.261973730762427,0.09336895247906128,0.09460920333272231,0.2769006214834992,0.09116277287651728,0.0911768698064825,0.05063128280398936,0.17670097735715548,0.3636384994693083,2.625359322483637,26.4,26,5,40,361792
0,16,400,logistic_regression,coarse,0.36012681319653284,0.2870524061668037,0.3158233221569188,0.3701195836639365,0.28508979968440246,0.31246556494080713,0.25259857636415095,0.09512924553334513,0.24947621837962144,2.9241663718379622,5.0,5,5,40,361792
0,16,400,logistic_regression,fine,0.13882562356271005,0.08724234233637712,0.10461188560388576,0.14280677261875102,0.08314327032333858,0.10216658842880398,0.04972826038759985,0.09512924553334513,0.24947621837962144,2.9241663718379622,26.4,26,5,40,361792
0,16,400,xgboost,coarse,0.4804777330620909,0.27349382717374277,0.28545865493581823,0.49423712809088255,0.2784081449345791,0.28853226927255254,0.251389232040293,0.20046048558287635,0.38125497523438884,2.5517258535290996,5.0,5,5,40,361792
0,16,400,xgboost,fine,0.2820322174066867,0.09313809333415823,0.09961299646773865,0.29781612811435737,0.08995676210407534,0.0953733051854021,0.05300260616426021,0.20046048558287635,0.38125497523438884,2.5517258535290996,26.4,26,5,40,361792
1,16,400,logistic_regression,coarse,0.3595518972227136,0.28672387163026863,0.31682799805353784,0.3684503585630082,0.28452026796795254,0.31023884880749864,0.25553133081065077,0.10038640987086503,0.2539718954537414,2.8932756943215994,5.0,5,5,40,361792
1,16,400,logistic_regression,fine,0.14839189368476915,0.0923208800947885,0.10761587822813741,0.14920651113113076,0.08795712583429326,0.10454317798274387,0.0520930120465946,0.10038640987086503,0.2539718954537414,2.8932756943215994,26.2,26,5,40,361792
1,16,400,xgboost,coarse,0.4817049575446665,0.2822879925841365,0.29118986537404046,0.4939381291479572,0.28595632906626683,0.2922187912451998,0.2602019870611939,0.19769370245887138,0.383048823633469,2.5664193790907484,5.0,5,5,40,361792
1,16,400,xgboost,fine,0.2843926897222714,0.09164506636182541,0.09760303854007131,0.29761974657140755,0.08994103951416488,0.09405462129825708,0.05265537532181096,0.19769370245887138,0.383048823633469,2.5664193790907484,26.2,26,5,40,361792
2,16,400,logistic_regression,coarse,0.35830256058729876,0.29049670499636393,0.32860759386118377,0.3752073325246914,0.2915688133865202,0.32291875060742076,0.2571595670967307,0.09689545374137626,0.2522195073412347,2.9005118963382275,5.0,5,5,40,361792
2,16,400,logistic_regression,fine,0.1461364540951707,0.0902640667549682,0.10693561467325069,0.14665076569971502,0.08518084164461011,0.10354870120612317,0.050745680711920906,0.09689545374137626,0.2522195073412347,2.9005118963382275,26.2,26,5,40,361792
2,16,400,xgboost,coarse,0.4823185697859544,0.2788907241177111,0.2965276941853742,0.49837556003765043,0.2821352636595278,0.2968037722108331,0.2552280601934589,0.20185631523085087,0.3831497103307978,2.542969441004776,5.0,5,5,40,361792
2,16,400,xgboost,fine,0.28398085087564123,0.09449907213757965,0.0989108174859842,0.2987070789935768,0.09106900084739224,0.094112960528257,0.05282645246239367,0.20185631523085087,0.3831497103307978,2.542969441004776,26.2,26,5,40,361792
3,16,400,logistic_regression,coarse,0.3652734167698567,0.29290187425703695,0.3280006256101976,0.36831555805207455,0.28708011957633267,0.31891085493811455,0.25710928011466083,0.10702834777993986,0.2600886697328852,2.8745080045993276,5.0,5,5,40,361792
3,16,400,logistic_regression,fine,0.1549039226959137,0.09351402447326411,0.11137363382086496,0.15330074214299658,0.0881095119185822,0.10606054275640393,0.05179696533034543,0.10702834777993986,0.2600886697328852,2.8745080045993276,26.6,26,5,40,361792
3,16,400,xgboost,coarse,0.4846182336812312,0.2849073871060892,0.2940721915911425,0.4950396557558583,0.2856549934972888,0.2937690210363849,0.25751744425609413,0.20633955421899877,0.3877241619494074,2.5272863966035732,5.0,5,5,40,361792
3,16,400,xgboost,fine,0.2908300902175836,0.08978555588776681,0.09577612426193044,0.30184850256989815,0.08710335706627201,0.09106080836814555,0.05120060229092895,0.20633955421899877,0.3877241619494074,2.5272863966035732,26.6,26,5,40,361792
4,16,400,logistic_regression,coarse,0.3587503316822926,0.28665454926270095,0.32006355928961994,0.36560615151177905,0.2828704156497161,0.3154825282279236,0.2554077031439717,0.0986395497965682,0.25395254732000705,2.8872998850168052,5.0,5,5,40,361792
4,16,400,logistic_regression,fine,0.14915476295772157,0.09005368020613921,0.10407916816406336,0.14972040003057277,0.08419064431430076,0.1008435637620835,0.051462608508761984,0.0986395497965682,0.25395254732000705,2.8872998850168052,26.6,26,5,40,361792
4,16,400,xgboost,coarse,0.48313948346010965,0.2838464836670628,0.29392907070550833,0.4924157838856914,0.28660834607648344,0.29535296643001013,0.2627506138410297,0.20225986202016627,0.38295208296479744,2.554843667079427,5.0,5,5,40,361792
4,16,400,xgboost,fine,0.2827646824694852,0.09204267896499133,0.09802177578004564,0.295696653185536,0.08880944972814447,0.09362915285717,0.05218865756504411,0.20225986202016627,0.38295208296479744,2.554843667079427,26.6,26,5,40,361792
5,16,400,logistic_regression,coarse,0.37042278436228554,0.2904582950065845,0.3162627030072852,0.3749531840194369,0.2885483168247346,0.31597408999122234,0.2575072071473517,0.0989905802228905,0.2591806894569255,2.881395940208739,5.0,5,5,40,361792
5,16,400,logistic_regression,fine,0.14793859455156555,0.09362195532503634,0.10885190760729915,0.1504474924782254,0.09029066183740173,0.10710199991578327,0.05239388970168215,0.0989905802228905,0.2591806894569255,2.881395940208739,26.6,26,5,40,361792
5,16,400,xgboost,coarse,0.4903895055722625,0.28212510033039384,0.293617938460625,0.5055726845435426,0.2890046710740097,0.2972337257797596,0.25822445817503514,0.19829625862373962,0.3877490381213515,2.5223056341765435,5.0,5,5,40,361792
5,16,400,xgboost,fine,0.2851085706704405,0.09518500876340559,0.09887038913686821,0.30058232091725207,0.09497053352468046,0.09707685666664595,0.05312041772615093,0.19829625862373962,0.3877490381213515,2.5223056341765435,26.6,26,5,40,361792
6,16,400,logistic_regression,coarse,0.3688224173005484,0.29103597423428723,0.3177352635358679,0.3740047289009957,0.2865031346140158,0.31117864031849635,0.2582858287923774,0.09671026446134795,0.25508164912435877,2.91537126304617,5.0,5,5,40,361792
6,16,400,logistic_regression,fine,0.1413408809481691,0.0887688799199515,0.1042252608685261,0.14524704468668093,0.08436520871273041,0.10042693136415283,0.04976531957725689,0.09671026446134795,0.25508164912435877,2.91537126304617,27.0,27,5,40,361792
6,16,400,xgboost,coarse,0.4844247523438882,0.2755000299513271,0.2851529604597408,0.49722755089967097,0.2798019210384185,0.28788118688891473,0.25316891149195975,0.203042079426853,0.38410467893154077,2.536639837254555,5.0,5,5,40,361792
6,16,400,xgboost,fine,0.2837846055191933,0.09395766489561638,0.09722241603607201,0.30067626439010686,0.09245232477958006,0.09477492802549976,0.05162829774364175,0.203042079426853,0.38410467893154077,2.536639837254555,27.0,27,5,40,361792
7,16,400,logistic_regression,coarse,0.3593971121528392,0.28606438266860407,0.3169281238301916,0.37290658236066915,0.2868119101172859,0.31496886365326043,0.2553621529099816,0.09564335308685654,0.2502100654519724,2.9152551742437645,5.0,5,5,40,361792
7,16,400,logistic_regression,fine,0.1410230187511056,0.08885894004418754,0.1072264771055046,0.145328270429467,0.08347754362540666,0.10344615909804615,0.05171232973934773,0.09564335308685654,0.2502100654519724,2.9152551742437645,26.2,26,5,40,361792
7,16,400,xgboost,coarse,0.47247589775340526,0.26796679854228694,0.28387675302362353,0.4862214923912746,0.27469246277608106,0.28643268289124874,0.24940284527257908,0.1922237086502742,0.3697386896338227,2.607409782416416,5.0,5,5,40,361792
7,16,400,xgboost,fine,0.26700148151424025,0.08979830125684068,0.09201380057839614,0.2850469440888047,0.08653320798888418,0.08701682498678875,0.052314635316727844,0.1922237086502742,0.3697386896338227,2.607409782416416,26.2,26,5,40,361792
8,16,400,logistic_regression,coarse,0.3689772023704228,0.29417503469633055,0.32514645283411636,0.3768354556093515,0.29409637309248154,0.32446664761662786,0.2628983019211522,0.1039492304970812,0.25941977710949937,2.8876592075004424,5.0,5,5,40,361792
8,16,400,logistic_regression,fine,0.14986235184857596,0.08957529164020175,0.10399932044228224,0.15121467517785442,0.0849117219006523,0.10029925275387547,0.052464785799094284,0.1039492304970812,0.25941977710949937,2.8876592075004424,26.8,26,5,40,361792
8,16,400,xgboost,coarse,0.4815363523792676,0.2777125118985472,0.2885372757001502,0.4938765917390707,0.2815512894036465,0.2888966346619126,0.2560450198874723,0.2038519370245887,0.38386420926941445,2.5412446930833186,5.0,5,5,40,361792
8,16,400,xgboost,fine,0.2861920661595613,0.09367059263905786,0.09663660111674797,0.3011035813110118,0.0914037730670303,0.09219625073107787,0.05390552380935023,0.2038519370245887,0.38386420926941445,2.5412446930833186,26.8,26,5,40,361792
9,16,400,logistic_regression,coarse,0.35619637802936494,0.284957533648904,0.32016585084116544,0.3652738683597,0.2818153537147977,0.3118504109066605,0.2557908160874766,0.09168804174774456,0.24713094816911374,2.9272786573500795,5.0,5,5,40,361792
9,16,400,logistic_regression,fine,0.13806551830886254,0.0903327612437253,0.10727241749454093,0.13915608618348696,0.08516066443975928,0.10297150068824507,0.04990348889792897,0.09168804174774456,0.24713094816911374,2.9272786573500795,26.4,26,5,40,361792
9,16,400,xgboost,coarse,0.4640401114452503,0.2656978495079191,0.2860924915007998,0.4772269795203015,0.2683074241639952,0.2848799124762552,0.24749027851575328,0.19072561029541837,0.3700261476207324,2.5829979656819386,5.0,5,5,40,361792
9,16,400,xgboost,fine,0.2760121837962144,0.09322231648607217,0.09801746270101955,0.2879207407005996,0.08938701343011293,0.09184507007400855,0.05293769154357627,0.19072561029541837,0.3700261476207324,2.5829979656819386,26.4,26,5,40,361792
10,16,400,logistic_regression,coarse,0.3547950203431806,0.2863875913781601,0.3228911895886334,0.3669113324101676,0.2868342197092234,0.31973232206693813,0.25883097746861244,0.09809780205200778,0.25027778392004246,2.916742216522201,5.0,5,5,40,361792
10,16,400,logistic_regression,fine,0.14576054749690429,0.09045786586274458,0.1039462923146291,0.15017570384484252,0.087319099391573,0.10241426796742162,0.05205921148883715,0.09809780205200778,0.25027778392004246,2.916742216522201,26.6,26,5,40,361792
10,16,400,xgboost,coarse,0.4732553511409871,0.27006217427742063,0.28278041172278934,0.48427700105789306,0.2733270404222018,0.2833691819692609,0.25176278342724523,0.182549641783124,0.3744693083318592,2.577375950822572,5.0,5,5,40,361792
10,16,400,xgboost,fine,0.2756832655227313,0.09634911652380103,0.09735200429903396,0.29372470865764816,0.09463639124482952,0.0950382590424425,0.05262512830782912,0.182549641783124,0.3744693083318592,2.577375950822572,26.6,26,5,40,361792
11,16,400,logistic_regression,coarse,0.3580786750398019,0.28708746683683223,0.3249001069276785,0.36777832875898003,0.28470420485137243,0.3180093159129856,0.25378437809786425,0.09602478772333274,0.24953149876171943,2.924033698920927,5.0,5,5,40,361792
11,16,400,logistic_regression,fine,0.14098432248363701,0.09076880113453621,0.10795433165837663,0.14641014305087327,0.0877596720021776,0.10582354615376002,0.05099996595287243,0.09602478772333274,0.24953149876171943,2.924033698920927,26.4,26,5,40,361792
11,16,400,xgboost,coarse,0.48688472934724925,0.2846222346233989,0.2954426301714393,0.4995362506295278,0.28934022165699885,0.2961211215699431,0.2610039300097631,0.20087785246771625,0.3880282040509464,2.5341190518308863,5.0,5,5,40,361792
11,16,400,xgboost,fine,0.28917167875464356,0.09736369362630264,0.1035502634995621,0.304806700070427,0.09672940930382078,0.10104880782490963,0.053810155505812494,0.20087785246771625,0.3880282040509464,2.5341190518308863,26.4,26,5,40,361792
12,16,400,logistic_regression,coarse,0.35575137095347603,0.2880895704780792,0.32682361702434476,0.37042918441799094,0.28823068062321244,0.3201716298382597,0.2581011691439751,0.09216898107199717,0.2470438815673094,2.908323014328675,5.0,5,5,40,361792
12,16,400,logistic_regression,fine,0.13833639218114277,0.09038896774785615,0.11176953492825954,0.1434698627681267,0.08529931776150142,0.10921537568512682,0.05037481914211358,0.09216898107199717,0.2470438815673094,2.908323014328675,26.8,26,5,40,361792
12,16,400,xgboost,coarse,0.4793168450380329,0.26822058826789863,0.28353909899804747,0.4911141607702736,0.2696502509619557,0.28261107107871913,0.24490716150628544,0.19309713868742262,0.37779165929594904,2.5578951441712365,5.0,5,5,40,361792
12,16,400,xgboost,fine,0.2762664735538652,0.09786934967023694,0.10025345166924723,0.2918387285725491,0.09538856420663488,0.0967064457425017,0.05395414674946068,0.19309713868742262,0.37779165929594904,2.5578951441712365,26.8,26,5,40,361792
13,16,400,logistic_regression,coarse,0.3519342605696091,0.2829086254159202,0.31484387571839434,0.3599703955493885,0.2804005668764316,0.31199385512638866,0.25375444564594063,0.09132319122589776,0.24463642092694143,2.942281753051477,5.0,5,5,40,361792
13,16,400,logistic_regression,fine,0.13733858128427384,0.08640404806091517,0.10642290001343,0.14057670269722505,0.08054979444653977,0.10320749905077055,0.04964530253391987,0.09132319122589776,0.24463642092694143,2.942281753051477,26.4,26,5,40,361792
13,16,400,xgboost,coarse,0.46638676366531046,0.27109960700628305,0.2817607215706783,0.48063558572504333,0.27447604835228545,0.28354687498965797,0.2485705901662186,0.18881014505572263,0.3698174641783124,2.5915885370599683,5.0,5,5,40,361792
13,16,400,xgboost,fine,0.27324816469131435,0.09140206584776901,0.09674179006478309,0.2898543222125073,0.08887783270501656,0.09304450751580415,0.05271851280068172,0.18881014505572263,0.3698174641783124,2.5915885370599683,26.4,26,5,40,361792
14,16,400,logistic_regression,coarse,0.3544135857067044,0.2785179992100263,0.31428661936865165,0.36106834133898535,0.2765396490298394,0.3082102259730701,0.25018750697940095,0.09566546523969574,0.24703006147178488,2.931104059791261,5.0,5,5,40,361792
14,16,400,logistic_regression,fine,0.13964653723686538,0.08727017900913339,0.10603475822017669,0.1403680764419466,0.08156959500712055,0.1020088230211364,0.04987283636473274,0.09566546523969574,0.24703006147178488,2.931104059791261,26.4,26,5,40,361792
14,16,400,xgboost,coarse,0.4638438660888024,0.2652807825817818,0.28311763132711587,0.47616662297060247,0.2660432654138876,0.28262593568134553,0.24523294615969576,0.18609864231381568,0.36646332699451617,2.618062312046701,5.0,5,5,40,361792
14,16,400,xgboost,fine,0.26908278790023,0.0895207884028008,0.09408748300552622,0.28261715319040376,0.08610132436311073,0.08945278678945574,0.050511440152026486,0.18609864231381568,0.36646332699451617,2.618062312046701,26.4,26,5,40,361792
15,16,400,logistic_regression,coarse,0.3579321820272422,0.28647980533239475,0.3213441639543568,0.36700805185106355,0.28447088891188754,0.3160139843047022,0.2559773658323728,0.09464001415177782,0.2498092826817619,2.9060399345480277,5.0,5,5,40,361792
15,16,400,logistic_regression,fine,0.1416863833362816,0.08832096375223211,0.10453079706754663,0.1432616524538867,0.08296333342818661,0.10089347388234249,0.05077064069061592,0.09464001415177782,0.2498092826817619,2.9060399345480277,26.6,26,5,40,361792
15,16,400,xgboost,coarse,0.4841981027772864,0.2840096382116263,0.29743766397571436,0.500644690251813,0.28952197389372347,0.29952914410605425,0.2645995269573822,0.2023621307270476,0.38614590704050944,2.5281598266407217,5.0,5,5,40,361792
15,16,400,xgboost,fine,0.2880937113037325,0.09295702572564328,0.09865856391941771,0.30320168152881305,0.09137947114890085,0.09547202300197577,0.054121318879178835,0.2023621307270476,0.38614590704050944,2.5281598266407217,26.6,26,5,40,361792
16,16,400,logistic_regression,coarse,0.3472658323014329,0.28297459430125216,0.32583476816669676,0.3613935114996703,0.28415894944442016,0.32536169164856527,0.2520685981920889,0.09126514682469485,0.2421847359808951,2.9385945515655405,5.0,5,5,40,361792
16,16,400,logistic_regression,fine,0.13710363966035732,0.08878629672317005,0.11085463731469287,0.13897678263063726,0.08382283383393353,0.1082489571254347,0.049347400328233884,0.09126514682469485,0.2421847359808951,2.9385945515655405,26.4,26,5,40,361792
16,16,400,xgboost,coarse,0.47079813815673094,0.2721574924165977,0.284640150600588,0.48568444807986266,0.2776556345642162,0.28761628740342343,0.2512719284806369,0.19068967804705467,0.3735461259508226,2.59375,5.0,5,5,40,361792
16,16,400,xgboost,fine,0.2762941137449142,0.09447806266223303,0.10033635495520599,0.29082986166852287,0.0916972754281466,0.09651428200736918,0.05324181623505882,0.19068967804705467,0.3735461259508226,2.59375,26.4,26,5,40,361792
17,16,400,logistic_regression,coarse,0.3645934680700513,0.29310966068736716,0.32917992487057157,0.3762418409240868,0.29267925664881667,0.32497324344386225,0.2603141503537739,0.09724648416769857,0.2535324164160623,2.915045108791792,5.0,5,5,40,361792
17,16,400,logistic_regression,fine,0.14247136476207323,0.09194211533186619,0.10932618846471619,0.1459518897713348,0.08830302419656073,0.1075642924309968,0.051902817750937656,0.09724648416769857,0.2535324164160623,2.915045108791792,26.8,26,5,40,361792
17,16,400,xgboost,coarse,0.47108559614364054,0.27084972776771316,0.28721051454575514,0.4845659217630134,0.2739276010583051,0.2865875833935946,0.25080721254876603,0.19058188130196355,0.37531095214930127,2.5637382805589954,5.0,5,5,40,361792
17,16,400,xgboost,fine,0.27953630815496194,0.09761091073539242,0.10134060119679683,0.2932375642159343,0.09535482727415953,0.0973568717377533,0.054315740772183464,0.19058188130196355,0.37531095214930127,2.5637382805589954,26.8,26,5,40,361792
18,16,400,logistic_regression,coarse,0.3535622678223952,0.2868512100802518,0.32398387008570034,0.3644509214623138,0.2853957741329533,0.3175347838440009,0.25489043275637624,0.09273007695029188,0.24621329382628693,2.921297320007076,5.0,5,5,40,361792
18,16,400,logistic_regression,fine,0.13886431983017866,0.08671350970437552,0.10768770717536441,0.1418881133138763,0.08256522989648084,0.10509211712238459,0.049444989659608765,0.09273007695029188,0.24621329382628693,2.921297320007076,26.2,26,5,40,361792
18,16,400,xgboost,coarse,0.4791261277197948,0.27955578046743546,0.29075295437746174,0.4910724834606256,0.2814972174378478,0.2914238201489293,0.25737208009104895,0.18983006810543074,0.37847851804351673,2.573119361401026,5.0,5,5,40,361792
18,16,400,xgboost,fine,0.2778309083672386,0.09242334160092856,0.09764853249387657,0.29347686386290134,0.09022777441510516,0.09384973374788282,0.055146515083407885,0.18983006810543074,0.37847851804351673,2.573119361401026,26.2,26,5,40,361792
19,16,400,logistic_regression,coarse,0.3589631611533699,0.28158774078325943,0.3141862101334573,0.36555959919922226,0.2802071769446138,0.31065190617855376,0.25528385208725074,0.09402640191049,0.24938500574915973,2.9268640544843447,5.0,5,5,40,361792
19,16,400,logistic_regression,fine,0.13980685034494958,0.08947194188444693,0.10986257367123645,0.1425575817733221,0.08515412795453964,0.10663469895486007,0.051163905883582696,0.09402640191049,0.24938500574915973,2.9268640544843447,26.4,26,5,40,361792
19,16,400,xgboost,coarse,0.4734350123828056,0.2712953795506861,0.28574970093268803,0.48467808793856404,0.2784076727444319,0.2874674135586256,0.25447654520113056,0.19140279497611887,0.3759798447726871,2.564191579692199,5.0,5,5,40,361792
19,16,400,xgboost,fine,0.27852467716256857,0.0992135320628721,0.10209262001930047,0.2930677850921902,0.09654573884498702,0.09814597200453855,0.054665564501981255,0.19140279497611887,0.3759798447726871,2.564191579692199,26.4,26,5,40,361792
0,16,800,logistic_regression,coarse,0.36091455864142935,0.2930814231176154,0.3323182125754625,0.3707734204708634,0.29065478446984155,0.3267232908973462,0.2563021455691683,0.09522322218291172,0.24918737838315938,2.9422983371661067,5.0,5,5,40,361792
0,16,800,logistic_regression,fine,0.13746019812488944,0.0913238103841051,0.12184603194648895,0.1441640439037521,0.08734659590513186,0.1193687008060012,0.050907542133110974,0.09522322218291172,0.24918737838315938,2.9422983371661067,26.6,26,5,40,361792
0,16,800,xgboost,coarse,0.48972890500619143,0.28430904225821463,0.295437894141394,0.5029787470691194,0.28877439039223135,0.2976595845157946,0.2619771331803083,0.2076966875995047,0.3908903458340704,2.521813638775871,5.0,5,5,40,361792
0,16,800,xgboost,fine,0.2920517866619494,0.09777570746057246,0.10487570020339312,0.30663187112503815,0.09492881762411882,0.1006268192260218,0.058271886173659616,0.2076966875995047,0.3908903458340704,2.521813638775871,26.6,26,5,40,361792
1,16,800,logistic_regression,coarse,0.365817928533522,0.2965787610614114,0.33548530456832915,0.3767869671004459,0.29428742037585337,0.32824081414845985,0.2624163082835299,0.09584789050061913,0.25223332743675925,2.9088647620732355,5.0,5,5,40,361792
1,16,800,logistic_regression,fine,0.13864872633999648,0.09431301585520434,0.12270527732595225,0.1420594579757187,0.08964898368309486,0.11989633954518587,0.05178853877868924,0.09584789050061913,0.25223332743675925,2.9088647620732355,26.6,26,5,40,361792
1,16,800,xgboost,coarse,0.48727445604104014,0.28814455755477847,0.29702666703122016,0.5002095738941517,0.2932493802084951,0.298818025004285,0.2661107785240454,0.20559879709888554,0.3899160290995931,2.533820537767557,5.0,5,5,40,361792
1,16,800,xgboost,fine,0.29255760215814614,0.09448499182397951,0.10037040278201322,0.3061632061950634,0.09293619203546208,0.09639970226430562,0.0564139213902663,0.20559879709888554,0.3899160290995931,2.533820537767557,26.6,26,5,40,361792
2,16,800,logistic_regression,coarse,0.35785202547320005,0.29527353534985024,0.34479649719949207,0.37834419301037636,0.29774659792209734,0.3378868543496873,0.2606411257304606,0.08995500176897223,0.24576828675039802,2.9416294445427207,5.0,5,5,40,361792
2,16,800,logistic_regression,fine,0.13368454802759597,0.0902119752057106,0.12071768889613782,0.13782703456897694,0.08507656251552406,0.1166081023896127,0.050830606549588805,0.08995500176897223,0.24576828675039802,2.9416294445427207,26.4,26,5,40,361792
2,16,800,xgboost,coarse,0.4894607951530161,0.2906685331401975,0.30539474441789605,0.5056756709593748,0.2945053272024597,0.3059109896894127,0.2675134647205739,0.20869449849637361,0.39246860074296835,2.505450645674863,5.0,5,5,40,361792
2,16,800,xgboost,fine,0.29547640633292055,0.10051438709703707,0.10519239056922425,0.30983534936258306,0.09723034220879524,0.1000261135772906,0.05785010312755863,0.20869449849637361,0.39246860074296835,2.505450645674863,26.4,26,5,40,361792
3,16,800,logistic_regression,coarse,0.3610582876348841,0.294608979100445,0.3420133906013302,0.3656971486368886,0.28959719365132,0.3321829380344978,0.2583027304996,0.10128471607995755,0.25383784052715375,2.8979358305324605,5.0,5,5,40,361792
3,16,800,logistic_regression,fine,0.14661739341942331,0.0965926618235802,0.12408747916854626,0.1475317437563171,0.09024017655906738,0.11845797787947294,0.053143171616845654,0.10128471607995755,0.25383784052715375,2.8979358305324605,26.6,26,5,40,361792
3,16,800,xgboost,coarse,0.49268087741022465,0.29593593265202633,0.30436088322549726,0.5028910679256031,0.296341999580557,0.3036449638101882,0.2694440088159063,0.21208594993808597,0.3941850566071113,2.510342959490536,5.0,5,5,40,361792
3,16,800,xgboost,fine,0.29568923580399786,0.0943138115696672,0.10044925999468395,0.30687084684065324,0.0914711799697428,0.09549871040477781,0.05625538508947714,0.21208594993808597,0.3941850566071113,2.510342959490536,26.6,26,5,40,361792
4,16,800,logistic_regression,coarse,0.357578387581815,0.2904544041655246,0.33756786542277356,0.36447491202819754,0.2857820304757638,0.33118475069368997,0.25603553950276725,0.09264715637714488,0.2481273770564302,2.923149212807359,5.0,5,5,40,361792
4,16,800,logistic_regression,fine,0.13867636653104545,0.09068995077263425,0.1194254599447813,0.14043987888705464,0.08409623379424568,0.11424955839970316,0.051140561540524355,0.09264715637714488,0.2481273770564302,2.923149212807359,26.6,26,5,40,361792
4,16,800,xgboost,coarse,0.4902844728462763,0.29347500232429125,0.30334541063589376,0.4996382736888747,0.2942696814528466,0.30339511246121853,0.26874738998218195,0.20944354767380152,0.39217699672740136,2.523096143640545,5.0,5,5,40,361792
4,16,800,xgboost,fine,0.2940695206085264,0.09532926832586809,0.1019632785723437,0.3051789147410834,0.09153946099115516,0.09613224673928998,0.05654163395988352,0.20944354767380152,0.39217699672740136,2.523096143640545,26.6,26,5,40,361792
5,16,800,logistic_regression,coarse,0.3685128471607996,0.29575607939577625,0.33290382793590334,0.3737373093585012,0.2930589667028256,0.33106654244861883,0.25889900908842867,0.09604413585706705,0.2534564058906775,2.9238568016982134,5.0,5,5,40,361792
5,16,800,logistic_regression,fine,0.13839996462055545,0.09412750856866031,0.12473451894561467,0.1436363304690733,0.09044144223551911,0.12238002327843865,0.0528209215868123,0.09604413585706705,0.2534564058906775,2.9238568016982134,26.8,26,5,40,361792
5,16,800,xgboost,coarse,0.4925813727224483,0.28961833195116515,0.29950720044050094,0.508678069147595,0.29875534225224504,0.30419836101679804,0.2655840687767398,0.20619306120643907,0.39236218600742967,2.498424509110207,5.0,5,5,40,361792
5,16,800,xgboost,fine,0.2921429992924111,0.10108516907777873,0.10454482630609895,0.3088214701730533,0.0999993878349074,0.10200914838345758,0.058309009596983784,0.20619306120643907,0.39236218600742967,2.498424509110207,26.8,26,5,40,361792
6,16,800,logistic_regression,coarse,0.36684061560233505,0.2967858668232068,0.3371830428403784,0.37553893891357965,0.2931881158732814,0.3293548720279758,0.2630342201573005,0.09523151424022643,0.2521683729877941,2.9360516539890322,5.0,5,5,40,361792
6,16,800,logistic_regression,fine,0.13749613037325314,0.09270216007330871,0.12388664046836567,0.1434354521743138,0.0883164931239575,0.1211697305043548,0.05227049207389116,0.09523151424022643,0.2521683729877941,2.9360516539890322,27.0,27,5,40,361792
6,16,800,xgboost,coarse,0.4874789934548028,0.283911888951912,0.2925314748996112,0.5021223238337827,0.2895764583005386,0.2959014367064535,0.26258410739491844,0.21172109941623918,0.3912496683177074,2.496185653635238,5.0,5,5,40,361792
6,16,800,xgboost,fine,0.29502034318061204,0.1028953417021085,0.10573255207162834,0.31137539454498786,0.10117062019630386,0.10281055496773969,0.058420448217591216,0.21172109941623918,0.3912496683177074,2.496185653635238,27.0,27,5,40,361792
7,16,800,logistic_regression,coarse,0.36163043958959845,0.2916883914108449,0.33496278298160975,0.37436970746902337,0.29139527307257057,0.3299415057856138,0.25998115243860115,0.09415078277021051,0.24898145895984433,2.9372125420130906,5.0,5,5,40,361792
7,16,800,logistic_regression,fine,0.1363324783300902,0.09120676534554834,0.12369284931632721,0.1412324360397061,0.08588403410771372,0.12039414315062916,0.05231807124130391,0.09415078277021051,0.24898145895984433,2.9372125420130906,26.4,26,5,40,361792
7,16,800,xgboost,coarse,0.48092550415708474,0.27860568976293454,0.29249469034795805,0.49471700634715987,0.28439152342337654,0.29426729376089755,0.25752128093488647,0.20048812577392536,0.381166526623032,2.560979789492305,5.0,5,5,40,361792
7,16,800,xgboost,fine,0.2814075490889793,0.09595562896776455,0.09905040572465046,0.2970186157509744,0.09213155442114898,0.09341898715506713,0.05595818143032427,0.20048812577392536,0.381166526623032,2.560979789492305,26.4,26,5,40,361792
8,16,800,logistic_regression,coarse,0.37124093401733593,0.3008433849496687,0.34449938976468175,0.37977198666316486,0.30094368477432615,0.3418394456985768,0.2658664033835013,0.10046103838669733,0.257646658853706,2.9040056164868213,5.0,5,5,40,361792
8,16,800,logistic_regression,fine,0.14405238369007606,0.09393278840116581,0.12369747573133835,0.14430118118375151,0.0877798703871803,0.11900859691274393,0.05384829675235262,0.10046103838669733,0.257646658853706,2.9040056164868213,26.8,26,5,40,361792
8,16,800,xgboost,coarse,0.48592008667963915,0.2864154144034817,0.296509597167128,0.4990290110996562,0.29023411728379356,0.2965689019287512,0.2637263541144902,0.2093633911197594,0.38827281974173006,2.5202602600389175,5.0,5,5,40,361792
8,16,800,xgboost,fine,0.29062555280382096,0.09844808267785021,0.10081240894690022,0.3059980204918189,0.09465300147939096,0.09521073491749074,0.05827898468706053,0.2093633911197594,0.38827281974173006,2.5202602600389175,26.8,26,5,40,361792
9,16,800,logistic_regression,coarse,0.352987351848576,0.2892847660129032,0.34117778320702785,0.36762310825246686,0.2882501344323144,0.3294676327403715,0.2577967390088875,0.08644746152485407,0.24087735494427737,2.950142623385813,5.0,5,5,40,361792
9,16,800,logistic_regression,fine,0.12876735803997877,0.09153896916814998,0.12596671624708067,0.1322332987418377,0.08509415933254143,0.1201249110312264,0.05141276982066943,0.08644746152485407,0.24087735494427737,2.950142623385813,26.4,26,5,40,361792
9,16,800,xgboost,coarse,0.46759740403325667,0.2705306724309421,0.29100854652126007,0.48233848471895585,0.2746993501821402,0.2903586427017381,0.25279578171917005,0.19650517424376437,0.37483001282504863,2.556048779409163,5.0,5,5,40,361792
9,16,800,xgboost,fine,0.2820626216168406,0.0979849784028697,0.10225848214614847,0.2948510663025799,0.09420549602778677,0.09597877211197935,0.05742489826190298,0.19650517424376437,0.37483001282504863,2.556048779409163,26.4,26,5,40,361792
10,16,800,logistic_regression,coarse,0.354065319299487,0.2928737951552161,0.3466096514876441,0.3692877193054068,0.2930735347130664,0.3390452188473539,0.26218315188474806,0.0935979789492305,0.24682967008667964,2.9319166814081017,5.0,5,5,40,361792
10,16,800,logistic_regression,fine,0.1395940208738723,0.09457911183680856,0.1238777780749297,0.14378028364653278,0.09050835571985398,0.12166048151821454,0.053268380751537746,0.0935979789492305,0.24682967008667964,2.9319166814081017,26.8,26,5,40,361792
10,16,800,xgboost,coarse,0.48173259773571553,0.2819667627775508,0.29238740853871675,0.4940804139598901,0.28606402859935826,0.2938414298894124,0.26127920498309143,0.19656045462586239,0.3833418096585884,2.533986378913851,5.0,5,5,40,361792
10,16,800,xgboost,fine,0.2849510215814612,0.1054181742187902,0.10607397542350404,0.30211715183456533,0.10244669024331916,0.10261556923001652,0.058075542730251416,0.19656045462586239,0.3833418096585884,2.533986378913851,26.8,26,5,40,361792
11,16,800,logistic_regression,coarse,0.3598089509994693,0.2926679501819285,0.3394311566263194,0.37147667892390834,0.290843107454125,0.3316413514135113,0.25838355516107026,0.09371406775163629,0.2474584844330444,2.9417897576508047,5.0,5,5,40,361792
11,16,800,logistic_regression,fine,0.1351080178666195,0.09226371048930807,0.12451341440802619,0.14354629158061238,0.08914174403769096,0.12211498384522719,0.05209287891430252,0.09371406775163629,0.2474584844330444,2.9417897576508047,26.4,26,5,40,361792
11,16,800,xgboost,coarse,0.49285501061383336,0.2918569586623669,0.30233036163832083,0.5049462014189351,0.29751577033056026,0.3031946162443716,0.2684494304465187,0.20380218468070052,0.39510685697859543,2.5047541128604283,5.0,5,5,40,361792
11,16,800,xgboost,fine,0.2973587033433575,0.10333698946476726,0.10943826756465781,0.3102800448230978,0.1016297329746724,0.10571747021002277,0.05801490440330319,0.20380218468070052,0.39510685697859543,2.5047541128604283,26.4,26,5,40,361792
12,16,800,logistic_regression,coarse,0.3538911860958783,0.2911315922905452,0.351183114935958,0.36897165082399275,0.2915039816830993,0.34032454476969604,0.2577762911488882,0.088854922165222,0.24148405713780294,2.9633048823633468,5.0,5,5,40,361792
12,16,800,logistic_regression,fine,0.12907692817972757,0.09088701694291977,0.12669495491075236,0.13567685370177637,0.08542563586143859,0.12234162168955244,0.0506544068339558,0.088854922165222,0.24148405713780294,2.9633048823633468,26.8,26,5,40,361792
12,16,800,xgboost,coarse,0.48949119936317,0.28261034094098364,0.2948291579872683,0.5000059694679628,0.2837306206882693,0.29344237767345527,0.2582744150039228,0.2032659649743499,0.39021730718202724,2.50138200955245,5.0,5,5,40,361792
12,16,800,xgboost,fine,0.2909434150008845,0.10561862661792197,0.10855442255958218,0.3053394136149551,0.10238714740377786,0.10382672692817645,0.059489733733880466,0.2032659649743499,0.39021730718202724,2.50138200955245,26.8,26,5,40,361792
13,16,800,logistic_regression,coarse,0.3528076906067575,0.28882370234494265,0.3340631282310042,0.3662065429881182,0.28943110030598646,0.3313104472187639,0.2596801297882757,0.09062113037325314,0.2422372523438882,2.963581284273837,5.0,5,5,40,361792
13,16,800,logistic_regression,fine,0.13166681408101893,0.09126631947924145,0.12520645966774058,0.13812938905912717,0.08583649932656597,0.1219920609910716,0.05163344110954262,0.09062113037325314,0.2422372523438882,2.963581284273837,26.6,26,5,40,361792
13,16,800,xgboost,coarse,0.4675559437466832,0.2766884820526143,0.28806002613645826,0.4821352825250404,0.28200502790309734,0.28973322235013743,0.25682906474715217,0.19588326994516186,0.37545744516186097,2.556778480452857,5.0,5,5,40,361792
13,16,800,xgboost,fine,0.28335894657703875,0.1004410814631742,0.10500297086940726,0.29904083508086876,0.09659909351839885,0.10015742595788693,0.058105347120516536,0.19588326994516186,0.37545744516186097,2.556778480452857,26.6,26,5,40,361792
14,16,800,logistic_regression,coarse,0.3523682115690784,0.2842530338787509,0.33186759879141137,0.36177860863556327,0.2831015922653751,0.3253053924686542,0.2522305829411562,0.09102191314346365,0.24204791703520254,2.9664392800283035,5.0,5,5,40,361792
14,16,800,logistic_regression,fine,0.13172762250132672,0.0879392373665459,0.12209217697042299,0.1332887890846645,0.08183953634965523,0.11777682994801772,0.04944925572424994,0.09102191314346365,0.24204791703520254,2.9664392800283035,26.4,26,5,40,361792
14,16,800,xgboost,coarse,0.47306186980364406,0.27774777603401973,0.2931532036562361,0.48568372955035477,0.27899136473675384,0.29242907941626095,0.25824429322086234,0.19518950114983194,0.3762659207500442,2.57134486113568,5.0,5,5,40,361792
14,16,800,xgboost,fine,0.2794699716964444,0.09585132800552003,0.10124120276388024,0.2925296810515839,0.092370912318337,0.09542931834132133,0.05547416089874331,0.19518950114983194,0.3762659207500442,2.57134486113568,26.4,26,5,40,361792
15,16,800,logistic_regression,coarse,0.35704216787546433,0.29302365869869196,0.34222452755161414,0.3667645814942316,0.28986433041621534,0.33322066998094946,0.2599343924690337,0.09142545993277905,0.24625890014151777,2.9359355651866266,5.0,5,5,40,361792
15,16,800,logistic_regression,fine,0.1354756324075712,0.09098453972119254,0.12372822301307308,0.13903200658799375,0.08561356250952548,0.11997258035752169,0.05170913986423801,0.09142545993277905,0.24625890014151777,2.9359355651866266,26.6,26,5,40,361792
15,16,800,xgboost,coarse,0.4889411595612949,0.2913093361816185,0.30350529801935255,0.5050353311796462,0.2966027297633696,0.30517367302985016,0.27237837881052335,0.20763587917919687,0.3928984057137803,2.5032947107730408,5.0,5,5,40,361792
15,16,800,xgboost,fine,0.2968556518662657,0.1012275419429068,0.10602728450225508,0.3114733470908527,0.09816840038964167,0.10170289736408454,0.060536993697974315,0.20763587917919687,0.3928984057137803,2.5032947107730408,26.6,26,5,40,361792
16,16,800,logistic_regression,coarse,0.3491785335220237,0.28920220275431585,0.3531861636065547,0.3611924012144655,0.28853316043559574,0.34999443472125424,0.2544464115555919,0.09011255085795153,0.23996384663010792,2.971270785423669,5.0,5,5,40,361792
16,16,800,logistic_regression,fine,0.13074915973819212,0.09033410960318725,0.12945402568364206,0.13435424938115706,0.08547650400864519,0.1253060399644532,0.05011380732347296,0.09011255085795153,0.23996384663010792,2.971270785423669,26.6,26,5,40,361792
16,16,800,xgboost,coarse,0.4750132672917035,0.2829657423469144,0.2942320651567873,0.4907598091217894,0.28840891509453803,0.29678616384624457,0.2612163596897647,0.20214100919865557,0.38113612241287814,2.555363302671148,5.0,5,5,40,361792
16,16,800,xgboost,fine,0.2872589775340527,0.1012508518760382,0.10617262359768354,0.30217747164185355,0.09871932017819952,0.10207234243021092,0.05741824838376784,0.20214100919865557,0.38113612241287814,2.555363302671148,26.6,26,5,40,361792
17,16,800,logistic_regression,coarse,0.3649583185918981,0.2987443298874436,0.3501878031486509,0.3790833314564104,0.2986422192166917,0.34413274289520424,0.2633769855176651,0.09457367769326022,0.24979408057668495,2.945106580576685,5.0,5,5,40,361792
17,16,800,logistic_regression,fine,0.13462984256147179,0.0917505729287299,0.12325574725029317,0.13996599458984818,0.08750752851837966,0.12102476607814566,0.051277652110997864,0.09457367769326022,0.24979408057668495,2.945106580576685,26.8,26,5,40,361792
17,16,800,xgboost,coarse,0.47674354325137097,0.27760222941530543,0.29369301746698445,0.49079541538718063,0.2821455947104917,0.2941764786720327,0.2585365351840535,0.19557646382451796,0.3815728374314523,2.535727710949938,5.0,5,5,40,361792
17,16,800,xgboost,fine,0.2864021316115337,0.10335627367832681,0.10624894231839538,0.3009749223084764,0.10082667700925445,0.10247082891369269,0.059240932041552175,0.19557646382451796,0.3815728374314523,2.535727710949938,26.8,26,5,40,361792
18,16,800,logistic_regression,coarse,0.35806485494427737,0.2946138748192489,0.34463933021380044,0.37001500316857444,0.29336965348578803,0.33759844476670736,0.2608127524948484,0.09151667256324075,0.2459921722978949,2.94054042101539,5.0,5,5,40,361792
18,16,800,logistic_regression,fine,0.13391948965151246,0.08930326489662496,0.1230211794792342,0.13727085277550735,0.08373269969556495,0.11814004898819867,0.05093397243400227,0.09151667256324075,0.2459921722978949,2.94054042101539,26.4,26,5,40,361792
18,16,800,xgboost,coarse,0.48076242702989563,0.2833989719341853,0.294593763647979,0.49316779508387365,0.2878064447080166,0.2961708424746095,0.26213639863390464,0.1978014992039625,0.3844557093578631,2.5331792853352204,5.0,5,5,40,361792
18,16,800,xgboost,fine,0.2881489916858305,0.09677937026061051,0.10221332443672891,0.30150136896608226,0.0951122167986525,0.0984691302647266,0.05791057989156735,0.1978014992039625,0.3844557093578631,2.5331792853352204,26.4,26,5,40,361792
19,16,800,logistic_regression,coarse,0.35815606757473906,0.2874918627113859,0.33229216975542375,0.364897167690561,0.2842814578870358,0.32546469178518983,0.25682878613133414,0.08946577038740491,0.2443779851406333,2.9556817176720327,5.0,5,5,40,361792
19,16,800,logistic_regression,fine,0.13059990270652752,0.08996571052087088,0.12665228635241751,0.13492573306292815,0.08514978200156002,0.12206614942762702,0.05042531728398451,0.08946577038740491,0.2443779851406333,2.9556817176720327,26.6,26,5,40,361792
19,16,800,xgboost,coarse,0.48077901114452504,0.2804001612802443,0.29531549010067193,0.4919737584265363,0.2869048729830676,0.29551129614663124,0.2637175699564452,0.1976439501149832,0.3850002211215284,2.531111799044755,5.0,5,5,40,361792
19,16,800,xgboost,fine,0.28922143109853177,0.10348474831322646,0.10620547571555682,0.30284001244797526,0.10100869977015371,0.10140853396033672,0.06012716544358574,0.1976439501149832,0.3850002211215284,2.531111799044755,26.6,26,5,40,361792
0,16,1600,logistic_regression,coarse,0.3491315451972404,0.2928433739459303,0.374211870414734,0.36384708133443544,0.29215329237581866,0.36322764902415966,0.255543315133964,0.09214686891915796,0.24073362595082257,2.9707843180612064,5.0,5,5,40,361792
0,16,1600,logistic_regression,fine,0.13233570670440475,0.09501666706189385,0.1466586084266057,0.14233453978211327,0.0912710154875829,0.14196958137609458,0.05288278902437157,0.09214686891915796,0.24073362595082257,2.9707843180612064,26.6,26,5,40,361792
0,16,1600,xgboost,coarse,0.4925592605696091,0.2925920734423081,0.3021261501518568,0.5051013378989028,0.29563078432723555,0.3027912571003841,0.2686631513764122,0.21499093401733593,0.39510547496904297,2.4942674243764373,5.0,5,5,40,361792
0,16,1600,xgboost,fine,0.2976516893684769,0.10504125978275883,0.11099445587784015,0.3127068038994159,0.10262412655977747,0.10630881607918156,0.06293992497403685,0.21499093401733593,0.39510547496904297,2.4942674243764373,26.6,26,5,40,361792
1,16,1600,logistic_regression,coarse,0.3577912170528923,0.29657864705952813,0.35730697055196997,0.3713777026259549,0.2954082503930297,0.3469084480960435,0.261766950812325,0.09545816380682823,0.24724150893330973,2.9297939147355385,5.0,5,5,40,361792
1,16,1600,logistic_regression,fine,0.13669180081372723,0.09718813002646157,0.14226429024374537,0.14452834926177832,0.09244272610898702,0.13741547126646153,0.05412338979554021,0.09545816380682823,0.24724150893330973,2.9297939147355385,26.6,26,5,40,361792
1,16,1600,xgboost,coarse,0.49203962497788784,0.2975490303477982,0.30480441827197413,0.503817689691797,0.3015389326345865,0.3059206836942829,0.27277968281617593,0.21196986113568017,0.39451535689014683,2.5124878383159386,5.0,5,5,40,361792
1,16,1600,xgboost,fine,0.2969910888024058,0.10109845549101894,0.10635811981270936,0.31002921211055956,0.0987529343142778,0.10151428434720376,0.06140904032418136,0.21196986113568017,0.39451535689014683,2.5124878383159386,26.6,26,5,40,361792
2,16,1600,logistic_regression,coarse,0.3402286396603573,0.2882223873717506,0.3746579728525129,0.36434052233887493,0.29350881016536406,0.3619936579406562,0.25626342589982387,0.09072063506102954,0.23544329338404388,2.9863789138510524,5.0,5,5,40,361792
2,16,1600,logistic_regression,fine,0.1306579471077304,0.09309088633763878,0.13981388703488096,0.13758133963415645,0.08789842404021632,0.13459771727965747,0.05199505581469664,0.09072063506102954,0.23544329338404388,2.9863789138510524,26.4,26,5,40,361792
2,16,1600,xgboost,coarse,0.49172176278082436,0.29949920049649326,0.3122025445900782,0.5076423874339879,0.3032372288921207,0.3126912304354086,0.27543747604141083,0.2144381301963559,0.3971881633645852,2.477716477976296,5.0,5,5,40,361792
2,16,1600,xgboost,fine,0.302654563948346,0.10916738551375953,0.11267819319652984,0.3170289473268923,0.10541658417344803,0.10720734232345572,0.06474994573342979,0.2144381301963559,0.3971881633645852,2.477716477976296,26.4,26,5,40,361792
3,16,1600,logistic_regression,coarse,0.3488717274013798,0.2922597468881856,0.36670526952217897,0.3602092424375546,0.2899287480067989,0.3507509746813542,0.25774483062205156,0.09594186715018574,0.24454244427737484,2.9317010879179195,5.0,5,5,40,361792
3,16,1600,logistic_regression,fine,0.1402131611533699,0.09895612470615749,0.14343649958359544,0.14275526067810856,0.09222757542180267,0.1357511808427972,0.054217457045914685,0.09594186715018574,0.24454244427737484,2.9317010879179195,26.8,26,5,40,361792
3,16,1600,xgboost,coarse,0.49755937113037324,0.30359226037636267,0.3117862043912644,0.507646108789796,0.3033810632415623,0.31006104803299533,0.27634498440414756,0.22062124093401733,0.399874789934548,2.477849150893331,5.0,5,5,40,361792
3,16,1600,xgboost,fine,0.3021902087387228,0.10078348991786314,0.10669447210848114,0.31340005244276187,0.0973371346088175,0.10086949940751642,0.06276329922336643,0.22062124093401733,0.399874789934548,2.477849150893331,26.8,26,5,40,361792
4,16,1600,logistic_regression,coarse,0.3496926410755351,0.29069994222307105,0.3629225314500765,0.35895944773213273,0.2861000945374547,0.35075814970223385,0.25460302566348453,0.09032261630992393,0.24150064125243234,2.9627133822748983,5.0,5,5,40,361792
4,16,1600,logistic_regression,fine,0.13330864142932955,0.09302351303012502,0.13822422256906078,0.1377466680540817,0.0860776440265104,0.1318951580904099,0.05213598093965112,0.09032261630992393,0.24150064125243234,2.9627133822748983,26.8,26,5,40,361792
4,16,1600,xgboost,coarse,0.4945742304970812,0.299286917743843,0.3101636513614065,0.5029295969886479,0.3001171143850157,0.3092531907160138,0.2752323327753052,0.21538895276844153,0.3962179926587653,2.496323854590483,5.0,5,5,40,361792
4,16,1600,xgboost,fine,0.2978617548204493,0.1043652304551007,0.10909132203380408,0.3104555497292429,0.09894902554096144,0.10187163276366616,0.06258609441255376,0.21538895276844153,0.3962179926587653,2.496323854590483,26.8,26,5,40,361792
5,16,1600,logistic_regression,coarse,0.35520962320891564,0.2932849096463472,0.3513100910215459,0.36319480171407265,0.2914038728687953,0.34603434460567106,0.2558655349810701,0.09201972404033257,0.24357918361931719,2.9655326817618963,5.0,5,5,40,361792
5,16,1600,logistic_regression,fine,0.13194874402971873,0.0964113368599641,0.1434909425347778,0.14102555867656236,0.09258964687214509,0.1406474928055943,0.05391272539332802,0.09201972404033257,0.24357918361931719,2.9655326817618963,26.8,26,5,40,361792
5,16,1600,xgboost,coarse,0.4960668008137272,0.29748119585830085,0.30613628157612477,0.5124080222308312,0.30616875823299416,0.31036901513708487,0.2736539469004998,0.20970889350787192,0.3955988523792676,2.4825424553334514,5.0,5,5,40,361792
5,16,1600,xgboost,fine,0.29513090394480807,0.10595219838334964,0.10892175920320024,0.31168904102536044,0.10468760128979139,0.10619973901708046,0.06260324187441182,0.20970889350787192,0.3955988523792676,2.4825424553334514,26.8,26,5,40,361792
6,16,1600,logistic_regression,coarse,0.35296800371484166,0.2927268739870866,0.3584648554882973,0.3663182971376668,0.2916149819541487,0.3474235450858903,0.2600981494919573,0.09228506987440298,0.24190142402264284,2.973095038032903,5.0,5,5,40,361792
6,16,1600,logistic_regression,fine,0.130834844330444,0.09394689243290533,0.1411225377189091,0.1397987904843974,0.08922874077989776,0.13804822836204747,0.05408001621875479,0.09228506987440298,0.24190142402264284,2.973095038032903,27.0,27,5,40,361792
6,16,1600,xgboost,coarse,0.49218335397134266,0.29179583415025273,0.3010355913972822,0.5083366850167129,0.297895195085236,0.30427576199702655,0.2707965258423992,0.21480850875641253,0.3964543162922342,2.471939678047055,5.0,5,5,40,361792
6,16,1600,xgboost,fine,0.30072527861312576,0.10964592575629865,0.11252728535149087,0.31558629045986125,0.1077162117027468,0.10887595231666237,0.06338924607799948,0.21480850875641253,0.3964543162922342,2.471939678047055,27.0,27,5,40,361792
7,16,1600,logistic_regression,coarse,0.3496318326552273,0.28941551790129105,0.3585595606763171,0.3668226106913173,0.2919788654298786,0.35145211999113896,0.2576202287585271,0.09028392004245533,0.2397067928533522,2.9727136033964268,5.0,5,5,40,361792
7,16,1600,logistic_regression,fine,0.1297817530514771,0.09359817734377988,0.14001453687003904,0.1378631436866964,0.086956575738633,0.1350178845224678,0.05351752920745391,0.09028392004245533,0.2397067928533522,2.9727136033964268,26.8,26,5,40,361792
7,16,1600,xgboost,coarse,0.4856492128073589,0.28318812041318586,0.29689497484433564,0.4999515997420965,0.29052491872222913,0.2997190929245144,0.26493593020760386,0.20963426499203963,0.3884179307447373,2.523809260569609,5.0,5,5,40,361792
7,16,1600,xgboost,fine,0.2911866486821157,0.10532148187898542,0.10741098125567261,0.30551127839217385,0.10043474537239723,0.10046340441807926,0.062081342325953824,0.20963426499203963,0.3884179307447373,2.523809260569609,26.8,26,5,40,361792
8,16,1600,logistic_regression,coarse,0.3580980231735362,0.29689199336860267,0.36046938397258027,0.3705733715076956,0.29812523411406916,0.3544247539043586,0.26380889477255665,0.09664669202193525,0.24801267026357687,2.9362119670971167,5.0,5,5,40,361792
8,16,1600,logistic_regression,fine,0.13792731735361755,0.09702444665083754,0.14056463915022735,0.14126006339815933,0.09013286019098474,0.13469927432386125,0.05590227516605516,0.09664669202193525,0.24801267026357687,2.9362119670971167,26.8,26,5,40,361792
8,16,1600,xgboost,coarse,0.4943116486821157,0.2954888277115306,0.303555682318971,0.5066472908815045,0.2987850083466429,0.3033700418792078,0.2728094281920573,0.21499922607465063,0.3965344728462763,2.4946322748982843,5.0,5,5,40,361792
8,16,1600,xgboost,fine,0.29875729701043696,0.10471120706294489,0.10788314657635584,0.3117347243136851,0.10091656250047341,0.10171270534414444,0.06344988596539988,0.21499922607465063,0.3965344728462763,2.4946322748982843,26.8,26,5,40,361792
9,16,1600,logistic_regression,coarse,0.3395708031133911,0.2855478225702731,0.360738347640085,0.35883362674224484,0.287364059417526,0.34777032249676254,0.2545351136982522,0.08529762957721564,0.23239596232089157,2.9893364142932954,5.0,5,5,40,361792
9,16,1600,logistic_regression,fine,0.12522112152839202,0.09267190368302096,0.14289525760170776,0.13194884380261315,0.08639422794880748,0.1367023161965571,0.05171551228458167,0.08529762957721564,0.23239596232089157,2.9893364142932954,26.4,26,5,40,361792
9,16,1600,xgboost,coarse,0.46934979214576333,0.2764718630510813,0.29665580092930355,0.4829832479811705,0.2808807385392078,0.29552785629915557,0.2589939911413955,0.19972525650097295,0.3769431054307447,2.5500121616840614,5.0,5,5,40,361792
9,16,1600,xgboost,fine,0.28453641871572616,0.10384808211580093,0.10798519187873998,0.2974050784571529,0.09977212606024709,0.10112877297901915,0.06175472825958637,0.19972525650097295,0.3769431054307447,2.5500121616840614,26.4,26,5,40,361792
10,16,1600,logistic_regression,coarse,0.34686781355032725,0.29169170746943285,0.37673810595000695,0.3648494056205705,0.29376235394889416,0.36397014669470545,0.26232777760597614,0.09138123562710065,0.23918992128073588,2.9753173093932426,5.0,5,5,40,361792
10,16,1600,logistic_regression,fine,0.13151202901114453,0.09473090748790415,0.14142411577710434,0.14020295824067747,0.09116567319635471,0.13864290693022735,0.054610201872992425,0.09138123562710065,0.23918992128073588,2.9753173093932426,26.8,26,5,40,361792
10,16,1600,xgboost,coarse,0.48595325490889796,0.2929702561510209,0.300600544747157,0.4980268454322519,0.2955188255279849,0.30074742173024777,0.2704253706132868,0.2034456262161684,0.3888104214576331,2.515732796745091,5.0,5,5,40,361792
10,16,1600,xgboost,fine,0.2916675880063683,0.10830055276129887,0.11028832056304824,0.3086866754555143,0.10618827097965887,0.10685787108220016,0.0654561427839558,0.2034456262161684,0.3888104214576331,2.515732796745091,26.8,26,5,40,361792
11,16,1600,logistic_regression,coarse,0.35010171590306033,0.291372700056094,0.36900412985303027,0.3655750452410538,0.29108395225900807,0.3555473434581425,0.25813469625681107,0.09079526357686184,0.23969988280558996,2.9782140014151777,5.0,5,5,40,361792
11,16,1600,logistic_regression,fine,0.1292980497081196,0.09377890985703059,0.143109857576787,0.138766682906554,0.09081518970627661,0.13982969404875337,0.05258000528921529,0.09079526357686184,0.23969988280558996,2.9782140014151777,26.8,26,5,40,361792
11,16,1600,xgboost,coarse,0.4959147797629577,0.30001818997586194,0.31008307031438354,0.5102707219169451,0.307137560354528,0.31178638203443254,0.27717212680958825,0.214103683884663,0.39973520696975057,2.477119449849637,5.0,5,5,40,361792
11,16,1600,xgboost,fine,0.3035556341765434,0.11029210265670546,0.1148509819702009,0.31648644708476364,0.10820286870610933,0.11059059194703727,0.06417291989794675,0.214103683884663,0.39973520696975057,2.477119449849637,26.8,26,5,40,361792
12,16,1600,logistic_regression,coarse,0.34046358128427384,0.28692787107228124,0.37654198518720644,0.3614878618388263,0.29048331337247835,0.36201399803062745,0.254926631793254,0.08901247125420131,0.23319752786131256,3.012537590659827,5.0,5,5,40,361792
12,16,1600,logistic_regression,fine,0.12593147443835132,0.0912755785645903,0.1419589164171182,0.1348120092171917,0.0859256770482929,0.1368468550963188,0.05156797745924859,0.08901247125420131,0.23319752786131256,3.012537590659827,26.8,26,5,40,361792
12,16,1600,xgboost,coarse,0.49248739607288167,0.2883359141307064,0.30032233766191974,0.5042633042009008,0.29081152208363503,0.2998849053875062,0.2674897599872117,0.208932204139395,0.3946521758358394,2.4776777817088274,5.0,5,5,40,361792
12,16,1600,xgboost,fine,0.2968169555987971,0.11411157654650446,0.11539400129117201,0.3103118061330668,0.10989844064803111,0.10999097604228503,0.06515768490468088,0.208932204139395,0.3946521758358394,2.4776777817088274,26.8,26,5,40,361792
13,16,1600,logistic_regression,coarse,0.3433271050769503,0.28838167317718133,0.35986738695569404,0.35900612225618345,0.2899005430426826,0.35197926604372765,0.2580761164944204,0.08955974703697152,0.23564921280735893,2.9949584291526623,5.0,5,5,40,361792
13,16,1600,logistic_regression,fine,0.12797132053776755,0.09361296910006939,0.14531861810186214,0.13551905871506081,0.08768223342919293,0.139910823913054,0.052292197109153934,0.08955974703697152,0.23564921280735893,2.9949584291526623,26.8,26,5,40,361792
13,16,1600,xgboost,coarse,0.47600555015036267,0.2881736246367841,0.2982628874219428,0.49030753374994235,0.29341159933368105,0.2997079005528835,0.2693455496918592,0.20136431983017866,0.3812853794445427,2.5394536087033432,5.0,5,5,40,361792
13,16,1600,xgboost,fine,0.2865652087387228,0.10806361634637343,0.11098086621885271,0.30104108041719835,0.10366935822704589,0.10507583219894974,0.063060069977988,0.20136431983017866,0.3812853794445427,2.5394536087033432,26.8,26,5,40,361792
14,16,1600,logistic_regression,coarse,0.34604966389527686,0.2840165073601165,0.34951840447405186,0.35779755743197406,0.28370936698960747,0.33927261877307735,0.25252213356172515,0.088523239872634,0.23676864054484345,2.984023969573678,5.0,5,5,40,361792
14,16,1600,logistic_regression,fine,0.12748761719441004,0.0899080033396924,0.13655131355267744,0.1314180796671897,0.08363411953293447,0.13196963703629952,0.04962233913222269,0.088523239872634,0.23676864054484345,2.984023969573678,26.4,26,5,40,361792
14,16,1600,xgboost,coarse,0.4790708473376968,0.28499595654762755,0.30030197279425663,0.4892024386157214,0.286067268161906,0.29918071816389696,0.26456981972021787,0.2035506589421546,0.38369284008491067,2.5319023085087564,5.0,5,5,40,361792
14,16,1600,xgboost,fine,0.28831483283212456,0.10665487290115756,0.10959535704214565,0.30128289629363475,0.10193038949817576,0.10300519975781088,0.06247121769566334,0.2035506589421546,0.38369284008491067,2.5319023085087564,26.4,26,5,40,361792
15,16,1600,logistic_regression,coarse,0.35127366000353794,0.2928410444819915,0.36476727630582717,0.3630222788517472,0.29093798809936,0.35337486910094035,0.25937494061056504,0.09136741553157615,0.24131821599150893,2.975074075712011,5.0,5,5,40,361792
15,16,1600,logistic_regression,fine,0.13136277197947993,0.09215526109835304,0.1400271617271298,0.13768529624107048,0.08755306451048377,0.1359588361266752,0.051927762278166124,0.09136741553157615,0.24131821599150893,2.975074075712011,26.6,26,5,40,361792
15,16,1600,xgboost,coarse,0.49141772067928535,0.29741039540445924,0.3097241050966525,0.5084300880963413,0.3041823457354923,0.312129865106059,0.28039036573879134,0.2127797187334159,0.3971978374314523,2.480198567132496,5.0,5,5,40,361792
15,16,1600,xgboost,fine,0.30297795418361934,0.10579822010910646,0.11139764470136893,0.31721434761098005,0.10349805273443673,0.10732763984628704,0.06592081946411196,0.2127797187334159,0.3971978374314523,2.480198567132496,26.6,26,5,40,361792
16,16,1600,logistic_regression,coarse,0.3395238147886078,0.28622001501200933,0.3700114402784689,0.3566287223539018,0.2877489588603409,0.3607596368887066,0.2524470224505738,0.0881860295418362,0.2337420396249779,3.003405271537237,5.0,5,5,40,361792
16,16,1600,logistic_regression,fine,0.12796026446134795,0.09357482498606316,0.14483214864383934,0.13347532006814036,0.08907130029177389,0.14021218152545645,0.05107950927956635,0.0881860295418362,0.2337420396249779,3.003405271537237,26.6,26,5,40,361792
16,16,1600,xgboost,coarse,0.48067121439943394,0.29180778542559543,0.30195741109432994,0.4977908224510325,0.29841483389405504,0.30487595277088964,0.2683823368592648,0.20738158942154608,0.387044213249602,2.5216477976295772,5.0,5,5,40,361792
16,16,1600,xgboost,fine,0.29341721209977,0.10796010756703678,0.1114879864388534,0.3076746275392268,0.1049711042447682,0.10656163765172376,0.0615766085056916,0.20738158942154608,0.387044213249602,2.5216477976295772,26.6,26,5,40,361792
17,16,1600,logistic_regression,coarse,0.35343512294356977,0.2942081342972805,0.37430649182875275,0.37220194645190186,0.2968788380060493,0.36541546340010006,0.2610658416346114,0.09085883601627455,0.24138040642136918,2.980535777463294,5.0,5,5,40,361792
17,16,1600,logistic_regression,fine,0.1293256898991686,0.09634643951925267,0.14419640389487925,0.1373696639277891,0.09079091601777092,0.14027292603188551,0.053106440397853026,0.09085883601627455,0.24138040642136918,2.980535777463294,26.8,26,5,40,361792
17,16,1600,xgboost,coarse,0.4814285556341765,0.28354017992101865,0.299313937104477,0.4962147436591649,0.28925039103210165,0.30014250373590484,0.26588605038312996,0.19982199716964444,0.3853512515478507,2.5215538209800106,5.0,5,5,40,361792
17,16,1600,xgboost,fine,0.28927394746152485,0.10956687175220312,0.11176526312344136,0.30351153720091373,0.10708122030802568,0.10752171709448145,0.06411341096763225,0.19982199716964444,0.3853512515478507,2.5215538209800106,26.8,26,5,40,361792
18,16,1600,logistic_regression,coarse,0.3538607818857244,0.2941782799656877,0.3678453605741228,0.3664412662908805,0.2931325486497273,0.3549669372837315,0.26095121298131857,0.08996605784539183,0.24162778613125774,2.9736865381213513,5.0,5,5,40,361792
18,16,1600,logistic_regression,fine,0.12939479037679108,0.090181921545321,0.13921201917337728,0.13661124262674457,0.08563485715661374,0.1340525907217563,0.051879889441558816,0.08996605784539183,0.24162778613125774,2.9736865381213513,26.6,26,5,40,361792
18,16,1600,xgboost,coarse,0.4852484300371484,0.2919059136722264,0.30243306828799277,0.4963256676288732,0.29528919228636696,0.30285150547611706,0.27015101565649907,0.20467285069874402,0.3882424155315762,2.5224438351317886,5.0,5,5,40,361792
18,16,1600,xgboost,fine,0.2912364010260039,0.10393609333533248,0.1080741452402676,0.30495947652577327,0.10153774446669443,0.10342583158246116,0.06505251985162323,0.20467285069874402,0.3882424155315762,2.5224438351317886,26.6,26,5,40,361792
19,16,1600,logistic_regression,coarse,0.3476251547850699,0.2866948087952493,0.3540886481504455,0.35679054265090737,0.28453821094895126,0.34480719682608313,0.25687813952922567,0.08777142667610119,0.23665255174243766,3.001464930125597,5.0,5,5,40,361792
19,16,1600,logistic_regression,fine,0.12567994869980542,0.09034666099893396,0.1432504355952411,0.13336698680687964,0.08651807227551539,0.13907327541324563,0.05163712099417711,0.08777142667610119,0.23665255174243766,3.001464930125597,26.8,26,5,40,361792
19,16,1600,xgboost,coarse,0.4855690562533168,0.28967937489920814,0.30320281009077876,0.4974739985281363,0.29637616095256386,0.30350487957356986,0.2729300238570648,0.207605474969043,0.3919641672563241,2.4925703166460287,5.0,5,5,40,361792
19,16,1600,xgboost,fine,0.29835927825933134,0.11074458299383802,0.11335851549294229,0.31167192995797727,0.10804171443853328,0.10851381760414319,0.06538986187466712,0.207605474969043,0.3919641672563241,2.4925703166460287,26.8,26,5,40,361792
0,32,100,logistic_regression,coarse,0.35660821687599503,0.2797878950840169,0.3036789075946794,0.36775328339712593,0.27966987946726535,0.30088527811838095,0.2546891668153591,0.11287977622501327,0.2617056209092517,2.869549354325137,5.0,5,5,40,361792
0,32,100,logistic_regression,fine,0.1668030249425084,0.08960861125277576,0.09486809386008516,0.1673528043330762,0.08633866945780501,0.09222873618624572,0.05195040720576891,0.11287977622501327,0.2617056209092517,2.869549354325137,26.0,26,5,40,361792
0,32,100,xgboost,coarse,0.4728462763134619,0.2694747086794973,0.2791159196515246,0.49212705860639555,0.2734202458859835,0.2821289988253304,0.24809212413945492,0.19112362904652397,0.374391915796922,2.5862373960728817,5.0,5,5,40,361792
0,32,100,xgboost,fine,0.2759375552803821,0.08858352028379977,0.09409707072003946,0.2917052373395562,0.08784299167859243,0.09127254866878617,0.04929461317165825,0.19112362904652397,0.374391915796922,2.5862373960728817,26.0,26,5,40,361792
1,32,100,logistic_regression,coarse,0.3550023217760481,0.2771319887105649,0.30476875337539633,0.36819532391143295,0.279501107317208,0.3029730879813508,0.2512087849730926,0.10834402087387228,0.2592318238103662,2.872871705289227,5.0,5,5,40,361792
1,32,100,logistic_regression,fine,0.16346132584468423,0.08986816668152525,0.09517560851263206,0.16686123899442934,0.08711893714318206,0.0939091345136408,0.051244185373538254,0.10834402087387228,0.2592318238103662,2.872871705289227,26.2,26,5,40,361792
1,32,100,xgboost,coarse,0.48270000442243055,0.2777280166073383,0.2860195732191356,0.49528455730235643,0.2807778304211854,0.287866316526389,0.25160453678616285,0.18773494162391652,0.38111539226959135,2.571239828409694,5.0,5,5,40,361792
1,32,100,xgboost,fine,0.27953078011675214,0.09323597087383702,0.09794524186613415,0.2946589849283733,0.09152097434069724,0.09551438280397793,0.05012997497193994,0.18773494162391652,0.38111539226959135,2.571239828409694,26.2,26,5,40,361792
2,32,100,logistic_regression,coarse,0.36663331416946754,0.28877489510231535,0.3121458227984636,0.37430722469536754,0.28628102593738214,0.3072510867046524,0.256666697501546,0.1144497390765965,0.2673248717495135,2.8588415443127544,5.0,5,5,40,361792
2,32,100,logistic_regression,fine,0.1680164293295595,0.08842047651953647,0.09362194176631583,0.17283852042568287,0.08589286571644085,0.09215812684360311,0.05101673108428677,0.1144497390765965,0.2673248717495135,2.8588415443127544,26.4,26,5,40,361792
2,32,100,xgboost,coarse,0.48068227047585355,0.2802355515229283,0.28879471609258733,0.4954872281907532,0.2837698402226494,0.29106870749807545,0.2544383034316535,0.19690595701397487,0.381138886431983,2.5700734123474263,5.0,5,5,40,361792
2,32,100,xgboost,fine,0.2815955023881125,0.08659337886055028,0.09237810533901933,0.2942270064848718,0.08625582198456849,0.09060236474562045,0.04693517401802301,0.19690595701397487,0.381138886431983,2.5700734123474263,26.4,26,5,40,361792
3,32,100,logistic_regression,coarse,0.363993675924288,0.2811055721336793,0.30157648338485654,0.36887187973268065,0.27953936983574657,0.3001595221931775,0.25611442998744394,0.10853473819211039,0.2620870555457279,2.882827702105077,5.0,5,5,40,361792
3,32,100,logistic_regression,fine,0.16018043516716787,0.08831056271646924,0.09464480401628117,0.1627565712745219,0.08468308294753611,0.09211407743511811,0.05065110121321925,0.10853473819211039,0.2620870555457279,2.882827702105077,26.2,26,5,40,361792
3,32,100,xgboost,coarse,0.48031741995400673,0.27480630589343424,0.28269732031242106,0.4925719912948917,0.2790462916015728,0.2851604909681679,0.2525699596889283,0.18649389704581637,0.37740746064036795,2.5934127896692023,5.0,5,5,40,361792
3,32,100,xgboost,fine,0.2744975013267292,0.0867024141818824,0.0908000655165913,0.28995724412773677,0.08592475009409062,0.08885274523138811,0.04803864761465598,0.18649389704581637,0.37740746064036795,2.5934127896692023,26.2,26,5,40,361792
4,32,100,logistic_regression,coarse,0.35720800902175837,0.28192155669759156,0.3075905111507635,0.3679195396791384,0.2824526006065448,0.30606622159258334,0.2526659309459706,0.10818647178489298,0.2592262957721564,2.88550880063683,5.0,5,5,40,361792
4,32,100,logistic_regression,fine,0.16124458252255439,0.08855295910636364,0.09513938690865915,0.16580878879759636,0.08513468492689506,0.09243242034659209,0.050398771950831714,0.10818647178489298,0.2592262957721564,2.88550880063683,26.4,26,5,40,361792
4,32,100,xgboost,coarse,0.4805440695206085,0.2736349217622363,0.2836575582792658,0.49441951144064716,0.27920811691840247,0.2868954571695846,0.2516370749853055,0.1879671192287281,0.3770619582522554,2.585922297894923,5.0,5,5,40,361792
4,32,100,xgboost,fine,0.27357984698390236,0.09022630147730837,0.09316703011675298,0.29064287469292804,0.08846090761255586,0.09043959492154033,0.04822016344566321,0.1879671192287281,0.3770619582522554,2.585922297894923,26.4,26,5,40,361792
5,32,100,logistic_regression,coarse,0.36148394657703875,0.2801616667859963,0.30388166056636395,0.36787175614394685,0.2792227629293438,0.30172445690725125,0.25537018409088263,0.1099720281266584,0.2631387648151424,2.867321554926588,5.0,5,5,40,361792
5,32,100,logistic_regression,fine,0.16479358305324607,0.0879770467832837,0.0927490829942458,0.16630842076233526,0.08483261574832662,0.09111721820729644,0.05083743336985992,0.1099720281266584,0.2631387648151424,2.867321554926588,26.4,26,5,40,361792
5,32,100,xgboost,coarse,0.4853313506102954,0.2731737869944551,0.2825384732080372,0.4995998946638748,0.279276683171953,0.28676395904107493,0.2532413402974899,0.1879311869803644,0.3807076994516186,2.566756589421546,5.0,5,5,40,361792
5,32,100,xgboost,fine,0.2760840482929418,0.08701935804554882,0.09153965883850847,0.29141775626157174,0.08652389993113851,0.08961660267204302,0.04804521539247163,0.1879311869803644,0.3807076994516186,2.566756589421546,26.4,26,5,40,361792
6,32,100,logistic_regression,coarse,0.36105552361577925,0.28488410711278717,0.3084744922420552,0.3694304985732315,0.28216176529187575,0.30299121066252555,0.2548596844385928,0.10723564921280736,0.2591972735715549,2.9014516628338933,5.0,5,5,40,361792
6,32,100,logistic_regression,fine,0.15733902352733062,0.08753298573700674,0.0938448146132899,0.16321579953053134,0.08426504177863892,0.09096312478843085,0.050390840316392314,0.10723564921280736,0.2591972735715549,2.9014516628338933,26.8,26,5,40,361792
6,32,100,xgboost,coarse,0.48170772156377145,0.2777914759143606,0.2857780066310941,0.4960724034870533,0.28204152995216686,0.28837003024454877,0.25422893714010786,0.19062334158853705,0.3792234211922873,2.5718092163453035,5.0,5,5,40,361792
6,32,100,xgboost,fine,0.2767391208208031,0.09060215691150268,0.09266390203135122,0.2922702038996713,0.08793025861033112,0.08924366914809748,0.049476970907401885,0.19062334158853705,0.3792234211922873,2.5718092163453035,26.8,26,5,40,361792
7,32,100,logistic_regression,coarse,0.3636288254024412,0.28590660828959275,0.30809510213330044,0.3700327972395202,0.2838327417412209,0.3051110301392881,0.2565403904804958,0.1093224836370069,0.2624671081726517,2.879532991332036,5.0,5,5,40,361792
7,32,100,logistic_regression,fine,0.1613053909428622,0.08701519262709272,0.0928082450923796,0.16615323518141725,0.08432253251372009,0.09094444574029367,0.05132801880071404,0.1093224836370069,0.2624671081726517,2.879532991332036,26.0,26,5,40,361792
7,32,100,xgboost,coarse,0.47963470723509644,0.2730163628255806,0.28490788719715976,0.49586192260100814,0.27844670543709943,0.28813433982470993,0.2512857385927254,0.19039116398372546,0.3787452458871396,2.5763643198301787,5.0,5,5,40,361792
7,32,100,xgboost,fine,0.27785578453918275,0.09068715530872999,0.09514212616459454,0.29287553900034735,0.08921128845412428,0.09283935488641987,0.04970235747435066,0.19039116398372546,0.3787452458871396,2.5763643198301787,26.0,26,5,40,361792
8,32,100,logistic_regression,coarse,0.3579681142756059,0.28178919798345037,0.3059073889446896,0.36766793010691945,0.28084313499742103,0.30295135558277214,0.25350312003506814,0.10822240403325668,0.2586168295595259,2.8837564125243236,5.0,5,5,40,361792
8,32,100,logistic_regression,fine,0.15926554484344596,0.08868273263232308,0.09319671924554582,0.16250495628196943,0.08458493707309277,0.09050916068838134,0.05153235031366342,0.10822240403325668,0.2586168295595259,2.8837564125243236,26.4,26,5,40,361792
8,32,100,xgboost,coarse,0.4827359366707943,0.271726648284716,0.28259676471669537,0.4972440816858027,0.27469083158323837,0.28380854396572913,0.2497386302564501,0.19478871837962144,0.38129919954006725,2.5651258181496552,5.0,5,5,40,361792
8,32,100,xgboost,fine,0.27986246240934015,0.09088906373938574,0.09412405925492821,0.29367453568101676,0.08829211966985928,0.09090672834066865,0.05075659869941338,0.19478871837962144,0.38129919954006725,2.5651258181496552,26.4,26,5,40,361792
9,32,100,logistic_regression,coarse,0.36291018043516715,0.2846383527083599,0.30870527486467614,0.370808682166689,0.28341217715639394,0.3062301312372411,0.25703863369747804,0.11045020343180612,0.26410617150185745,2.864684680700513,5.0,5,5,40,361792
9,32,100,logistic_regression,fine,0.16530216256854768,0.09422639366572962,0.09966640796520601,0.16916074958221003,0.09056617147221838,0.09752560109502385,0.05275602212123467,0.11045020343180612,0.26410617150185745,2.864684680700513,26.2,26,5,40,361792
9,32,100,xgboost,coarse,0.4798143684769149,0.2783772143748574,0.2863920801606734,0.4933464709588546,0.2837887559501341,0.2894833710101613,0.2546713626269458,0.19378261542543782,0.3806952613656466,2.571400141517778,5.0,5,5,40,361792
9,32,100,xgboost,fine,0.2815761542543782,0.09146224235260936,0.09499600178679278,0.2962843562594515,0.08998439866886085,0.09220452142811622,0.052051320509500454,0.19378261542543782,0.3806952613656466,2.571400141517778,26.2,26,5,40,361792
10,32,100,logistic_regression,coarse,0.3613457456217937,0.2802311253836938,0.3042989450810837,0.37000871040706257,0.2799904334931189,0.30249746462401295,0.25544331537583354,0.10753139925703166,0.2606027772863966,2.886868698036441,5.0,5,5,40,361792
10,32,100,logistic_regression,fine,0.15985980895099947,0.08723033872061031,0.09189817191520243,0.16500618720307322,0.08447349742360043,0.0904848078507318,0.05039084071194809,0.10753139925703166,0.2606027772863966,2.886868698036441,26.4,26,5,40,361792
10,32,100,xgboost,coarse,0.4822688174420662,0.2723544016954066,0.2825977949666324,0.4942653523212252,0.2773707782941044,0.28503611411568985,0.2517572985970834,0.1876243808597205,0.37740746064036795,2.581914470192818,5.0,5,5,40,361792
10,32,100,xgboost,fine,0.27254610383866973,0.09050780587399333,0.09320719927234815,0.2884822220770452,0.08904797073775338,0.09052856927440472,0.05028274468887069,0.1876243808597205,0.37740746064036795,2.581914470192818,26.4,26,5,40,361792
11,32,100,logistic_regression,coarse,0.36760072085618256,0.2854447101975729,0.30688029785901483,0.3771598931432632,0.2846518131880766,0.3044232507694667,0.2569576439036673,0.1093058995223775,0.2644931341765434,2.8706217937378384,5.0,5,5,40,361792
11,32,100,logistic_regression,fine,0.16138554749690429,0.08993101611199948,0.0953568842991068,0.16535821422687302,0.08663583585597598,0.0932105210666948,0.05122489037105449,0.1093058995223775,0.2644931341765434,2.8706217937378384,26.0,26,5,40,361792
11,32,100,xgboost,coarse,0.48200623562710065,0.27709346149830727,0.28536933225293426,0.4965017669375625,0.2818278547337976,0.288274655031687,0.25506052290456427,0.19020044666548735,0.3778731978595436,2.5796258623739607,5.0,5,5,40,361792
11,32,100,xgboost,fine,0.27374016009198654,0.0929788827622783,0.09649543190338104,0.2918427124451244,0.09215463379425577,0.09455125269117726,0.053334963520528654,0.19020044666548735,0.3778731978595436,2.5796258623739607,26.0,26,5,40,361792
12,32,100,logistic_regression,coarse,0.3657958163806828,0.2828436404064773,0.30433747017984353,0.37328737808215523,0.28128540828034476,0.3013861223832918,0.25675435423778464,0.11096154696621263,0.2645829647974527,2.8644525030957015,5.0,5,5,40,361792
12,32,100,logistic_regression,fine,0.16337011321422254,0.08928609971880506,0.09570926923349168,0.1657537330027949,0.08593626351008846,0.09434206329289857,0.05090657042976694,0.11096154696621263,0.2645829647974527,2.8644525030957015,26.4,26,5,40,361792
12,32,100,xgboost,coarse,0.48316159561294886,0.2737223185958035,0.28326984626726054,0.4952434347031202,0.2783587100601559,0.2856315797380563,0.2528192096858047,0.19205233946577038,0.38031106271006543,2.5731691137449144,5.0,5,5,40,361792
12,32,100,xgboost,fine,0.27746052980718205,0.09047133539074323,0.09407076848509473,0.29185978540790847,0.08999798785791738,0.09257116947563881,0.04982938542073274,0.19205233946577038,0.38031106271006543,2.5731691137449144,26.4,26,5,40,361792
13,32,100,logistic_regression,coarse,0.3697096674332213,0.28684252820613393,0.30561678483908034,0.3759461390807905,0.2847256900490977,0.30283897711609165,0.25714681655390814,0.11093114275605873,0.2669724593136388,2.8674597558818324,5.0,5,5,40,361792
13,32,100,logistic_regression,fine,0.16423525119405624,0.0883437102126087,0.09498160706221884,0.1665481851461868,0.08579234149512588,0.09388078313324763,0.05085502924961753,0.11093114275605873,0.2669724593136388,2.8674597558818324,26.2,26,5,40,361792
13,32,100,xgboost,coarse,0.48123507429683354,0.2739748926867322,0.28394781026249427,0.4953244465148619,0.27797059866475804,0.2865121158540309,0.24793234122586733,0.19099648416769857,0.37962834999115513,2.572627366000354,5.0,5,5,40,361792
13,32,100,xgboost,fine,0.2780216256854767,0.08741071676691824,0.0924804238729784,0.2912741467983734,0.08646999675857704,0.08987724381325243,0.049024556318908306,0.19099648416769857,0.37962834999115513,2.572627366000354,26.2,26,5,40,361792
14,32,100,logistic_regression,coarse,0.3549719175658942,0.2788449950444572,0.3045249995127365,0.3655542886573676,0.2794030563230527,0.30177247419134856,0.25283316171157244,0.1089382849814258,0.25841643817442067,2.8893176189633825,5.0,5,5,40,361792
14,32,100,logistic_regression,fine,0.1618609587829471,0.08516217768838533,0.09029720004406933,0.16386746239696276,0.08250616691382896,0.08918660213535622,0.04948684484215219,0.1089382849814258,0.25841643817442067,2.8893176189633825,26.8,26,5,40,361792
14,32,100,xgboost,coarse,0.48235726605342294,0.2791187308608999,0.28815143843347013,0.4988915177851302,0.2842988016816378,0.29152182179879704,0.2559608738015275,0.19040498407924997,0.3788088183265523,2.5925172474792144,5.0,5,5,40,361792
14,32,100,xgboost,fine,0.27526037059968156,0.08687986027853532,0.09162280718272309,0.2901270062690881,0.08593190767517628,0.08948809362593327,0.04806791280846405,0.19040498407924997,0.3788088183265523,2.5925172474792144,26.8,26,5,40,361792
15,32,100,logistic_regression,coarse,0.3629129444542721,0.28189814298192906,0.3040055410197983,0.369253704187544,0.28099818401776283,0.3037170442858582,0.2545170378151399,0.11128493720148594,0.2634732111268353,2.86946643375199,5.0,5,5,40,361792
15,32,100,logistic_regression,fine,0.16403347779939856,0.08936503024264206,0.0949568024817322,0.16774585941683545,0.08670678922102305,0.09356380238291076,0.05146110865031865,0.11128493720148594,0.2634732111268353,2.86946643375199,26.2,26,5,40,361792
15,32,100,xgboost,coarse,0.4825839156200248,0.277446932625718,0.2861583689290147,0.49607740714660425,0.2823645741495426,0.2888808355561648,0.2547473421805199,0.19069244206615957,0.3776244361401026,2.585236821156908,5.0,5,5,40,361792
15,32,100,xgboost,fine,0.2726649566601804,0.09002335142791959,0.09397229919094909,0.28851134966232866,0.08995139085889187,0.0916928954567803,0.049603177163765576,0.19069244206615957,0.3776244361401026,2.585236821156908,26.2,26,5,40,361792
16,32,100,logistic_regression,coarse,0.3557541349725809,0.28174793156894173,0.3091389778460962,0.3675324965554691,0.281603613835237,0.306327073759826,0.25620215261376444,0.10852921015390059,0.25907703874049176,2.88191557580046,5.0,5,5,40,361792
16,32,100,logistic_regression,fine,0.16239994250840262,0.088161429167982,0.09513133082032274,0.16472461353575948,0.08485717328692859,0.0928786116878797,0.05121123867528066,0.10852921015390059,0.25907703874049176,2.88191557580046,26.0,26,5,40,361792
16,32,100,xgboost,coarse,0.4843390677516363,0.27273527268796205,0.282055999101103,0.49654341865274765,0.2755658649233722,0.2833324093287608,0.2491451165965744,0.18923580399787723,0.378442585795153,2.582771316115337,5.0,5,5,40,361792
16,32,100,xgboost,fine,0.27254610383866973,0.09125351526939061,0.09419671277878104,0.28866238982222714,0.09028255359013297,0.09234514306264566,0.05014664776193502,0.18923580399787723,0.378442585795153,2.582771316115337,26.0,26,5,40,361792
17,32,100,logistic_regression,coarse,0.3643861666371838,0.28657530950387977,0.3091761595238223,0.3715191420650984,0.284182153996663,0.3029423479354567,0.2561695293687311,0.10593379621439944,0.26193227047585355,2.8817055103484877,5.0,5,5,40,361792
17,32,100,logistic_regression,fine,0.15947837431452327,0.08856489105963164,0.09625105185921992,0.1607982118735568,0.0850543311630862,0.09366828525835895,0.05087277032379757,0.10593379621439944,0.26193227047585355,2.8817055103484877,26.8,26,5,40,361792
17,32,100,xgboost,coarse,0.48354579426853,0.2740706465296386,0.2842646046998098,0.49504418287619245,0.2751030701350874,0.28380248222994486,0.2508058469085808,0.1880610958782947,0.3787687400495312,2.5884707235096407,5.0,5,5,40,361792
17,32,100,xgboost,fine,0.27399168583053246,0.09061079097068193,0.09382544951337665,0.28680481243979206,0.08888012384431018,0.09059746924160803,0.04921576702031265,0.1880610958782947,0.3787687400495312,2.5884707235096407,26.8,26,5,40,361792
18,32,100,logistic_regression,coarse,0.3637062179373784,0.2836887057912903,0.3064267663529695,0.37622376709973404,0.2835293205173496,0.30272241270603756,0.2576728993806069,0.10736279409163275,0.26255417477445603,2.8724626304617016,5.0,5,5,40,361792
18,32,100,logistic_regression,fine,0.1614021316115337,0.08644985383606808,0.09230567631211228,0.1646434003082789,0.08352456619334207,0.09066719114062884,0.05100842800638953,0.10736279409163275,0.26255417477445603,2.8724626304617016,26.0,26,5,40,361792
18,32,100,xgboost,coarse,0.4845436051653989,0.2761764633782949,0.28423817579613003,0.4983361689028449,0.27823108512570854,0.2865115524074334,0.25194796593842816,0.192920241464709,0.3818202171413409,2.566424907128958,5.0,5,5,40,361792
18,32,100,xgboost,fine,0.27909682911728284,0.09060442922962281,0.09443304444103882,0.29482170912133276,0.08955451353455997,0.09295110105286833,0.0493390190777829,0.192920241464709,0.3818202171413409,2.566424907128958,26.0,26,5,40,361792
19,32,100,logistic_regression,coarse,0.368004267645498,0.2868222887636402,0.3103190174632302,0.37418255703030584,0.28532783818942714,0.30782080666557177,0.2581502794176137,0.10734620997700337,0.2629259353440651,2.8803235007960377,5.0,5,5,40,361792
19,32,100,logistic_regression,fine,0.15784760304263223,0.08758699976254454,0.09359785866932083,0.161236168770427,0.08487960867436115,0.0921505303789066,0.05147333671891082,0.10734620997700337,0.2629259353440651,2.8803235007960377,26.8,26,5,40,361792
19,32,100,xgboost,coarse,0.4845049088979303,0.27045491563839896,0.2817137919277782,0.49880169321153484,0.2796760456347605,0.28692774106859503,0.252626510273472,0.18888477357155492,0.38066900318415003,2.5552416858305325,5.0,5,5,40,361792
19,32,100,xgboost,fine,0.2768330974703697,0.09050289730354596,0.09395552044576759,0.2926196882529999,0.08945662703003554,0.09140756533148892,0.050490636318458806,0.18888477357155492,0.38066900318415003,2.5552416858305325,26.8,26,5,40,361792
0,32,200,logistic_regression,coarse,0.3591842826817619,0.2896998679894799,0.3243938789075056,0.3739959674324277,0.290990693158129,0.32181217658885275,0.2612749258820996,0.10163574650627985,0.25433812798514066,2.8884331328498143,5.0,5,5,40,361792
0,32,200,logistic_regression,fine,0.14949197328851938,0.0924669805864841,0.108456224118785,0.15044169676773325,0.08920787016764381,0.10664893187553631,0.05289557878379536,0.10163574650627985,0.25433812798514066,2.8884331328498143,26.4,26,5,40,361792
0,32,200,xgboost,coarse,0.4879792809127897,0.2836008199430027,0.29180057623894584,0.5037811855657015,0.28742937611700564,0.2942799337715643,0.26012242405711766,0.19872468158499912,0.3884068746683177,2.5402496462055546,5.0,5,5,40,361792
0,32,200,xgboost,fine,0.28883446842384575,0.09429128351223962,0.09952508879315819,0.3035400798050541,0.0924536735631753,0.09641364245853962,0.053945995306213565,0.19872468158499912,0.3884068746683177,2.5402496462055546,26.4,26,5,40,361792
1,32,200,logistic_regression,coarse,0.3653121130373253,0.29064666004810114,0.3240500261778575,0.37757072351746257,0.2916769233407285,0.3215647635106015,0.26118649510820724,0.09945769945161861,0.25573672165222006,2.902673359278259,5.0,5,5,40,361792
1,32,200,logistic_regression,fine,0.1461613302671148,0.09290673244984195,0.10962809362486041,0.15017956411332534,0.08997699054822682,0.10852124809838067,0.05205430808380366,0.09945769945161861,0.25573672165222006,2.902673359278259,26.2,26,5,40,361792
1,32,200,xgboost,coarse,0.49048901026003894,0.2855806142836285,0.29445177613077406,0.5036171300373264,0.2899763430787615,0.29620957704924245,0.2610396516590242,0.19939081018928004,0.391537126304617,2.5282261630992395,5.0,5,5,40,361792
1,32,200,xgboost,fine,0.29258524234919514,0.09773981010879079,0.1030541643220592,0.30622182384661584,0.09630524063608135,0.1003596858766148,0.05498245280086589,0.19939081018928004,0.391537126304617,2.5282261630992395,26.2,26,5,40,361792
2,32,200,logistic_regression,coarse,0.36630992393419426,0.29578406425619586,0.3321813787543686,0.37763559320806417,0.2952288697659763,0.32760693633327376,0.2631873127219586,0.10198124889439236,0.25836944984963733,2.8836182115690785,5.0,5,5,40,361792
2,32,200,logistic_regression,fine,0.1504289757650805,0.09345080298898578,0.10928031258115987,0.1565467253352226,0.09054715087021226,0.10736299232990161,0.05365482371186618,0.10198124889439236,0.25836944984963733,2.8836182115690785,26.4,26,5,40,361792
2,32,200,xgboost,coarse,0.488772554395896,0.2841170358896759,0.2936302058330103,0.5030325212737345,0.2873910392542009,0.29523516255523746,0.25800927647830607,0.2029563948346011,0.3903596541659296,2.5205808862550856,5.0,5,5,40,361792
2,32,200,xgboost,fine,0.2919467539359632,0.09863700179763255,0.10197882633370733,0.3055244704434434,0.0965063397813051,0.09852792092849155,0.05375712891615651,0.2029563948346011,0.3903596541659296,2.5205808862550856,26.4,26,5,40,361792
3,32,200,logistic_regression,coarse,0.3646763886431983,0.2918959523463842,0.3259553864479705,0.37499680494056065,0.2913143337471905,0.32153781044039564,0.2619515335006722,0.09985848222182912,0.2561126282504865,2.8885934459578984,5.0,5,5,40,361792
3,32,200,logistic_regression,fine,0.14754886785777463,0.09316735820844527,0.10958798908645083,0.14858249579438937,0.08810822526914235,0.10500599733540564,0.053223650814236745,0.09985848222182912,0.2561126282504865,2.8885934459578984,26.6,26,5,40,361792
3,32,200,xgboost,coarse,0.48973996108261103,0.28265130234714436,0.29122244871117536,0.5056079470750501,0.2885267966056842,0.29465533234607577,0.2601389295030784,0.20068160711126834,0.38976124402971873,2.5297408455687247,5.0,5,5,40,361792
3,32,200,xgboost,fine,0.28978252697682644,0.0943508856762967,0.09921169866515614,0.3048995731068055,0.09312578261417084,0.09648227843041035,0.05269062810092373,0.20068160711126834,0.38976124402971873,2.5297408455687247,26.6,26,5,40,361792
4,32,200,logistic_regression,coarse,0.3652734167698567,0.2917863288343293,0.3244509916350563,0.3765784969003672,0.2912876724115737,0.3210190263205183,0.26189633559111714,0.09812267822395189,0.2545855076950292,2.905558995223775,5.0,5,5,40,361792
4,32,200,logistic_regression,fine,0.14389759862020166,0.09175696602458308,0.10851155894091244,0.1490905385070625,0.08791659389522748,0.10603754500197576,0.052284957363156415,0.09812267822395189,0.2545855076950292,2.905558995223775,26.4,26,5,40,361792
4,32,200,xgboost,coarse,0.48726616398372546,0.2800678323381242,0.2900590042779332,0.5012388079336878,0.2853465623733496,0.29262605753950155,0.25857755794526854,0.19929683353971342,0.38755832080311337,2.5347934724924817,5.0,5,5,40,361792
4,32,200,xgboost,fine,0.2878504776225013,0.0945624148990481,0.09834212089643157,0.301973097290097,0.09241842505898379,0.09479416222247294,0.0522534016003726,0.19929683353971342,0.38755832080311337,2.5347934724924817,26.4,26,5,40,361792
5,32,200,logistic_regression,coarse,0.3692149080134442,0.2950193909399953,0.3270582279718839,0.3784004330875736,0.29270790579211414,0.32265176795300365,0.2652885162879933,0.10056054307447373,0.2600375353794445,2.872479214576331,5.0,5,5,40,361792
5,32,200,logistic_regression,fine,0.1508601627454449,0.09577450197649037,0.1101809220348733,0.1527772413078661,0.09154354876112573,0.10794765926749401,0.05319317618171576,0.10056054307447373,0.2600375353794445,2.872479214576331,26.8,26,5,40,361792
5,32,200,xgboost,coarse,0.4952652352733062,0.28241319695736894,0.2917350434149567,0.509449648705875,0.288760705587375,0.29533658350742337,0.262326683615215,0.19973907659649742,0.39221154696621263,2.517181142756059,5.0,5,5,40,361792
5,32,200,xgboost,fine,0.289157858659119,0.09777080513027613,0.10127720854965369,0.3052256868031871,0.09650963333680594,0.09868477284631566,0.05439544977899977,0.19973907659649742,0.39221154696621263,2.517181142756059,26.8,26,5,40,361792
6,32,200,logistic_regression,coarse,0.3657128958075358,0.2955535945720194,0.3308052241846073,0.37332616838355476,0.29153678881723555,0.3229367842464862,0.2623766962886555,0.10036153369892092,0.25624530116752164,2.904724261454095,5.0,5,5,40,361792
6,32,200,logistic_regression,fine,0.14677770652750752,0.09249856152616902,0.10927082328516811,0.15171659591541428,0.08921562204464006,0.10673551975569702,0.05219624797591795,0.10036153369892092,0.25624530116752164,2.904724261454095,26.8,26,5,40,361792
6,32,200,xgboost,coarse,0.49160290995931366,0.28447257428326755,0.2931535393453581,0.5062844777906624,0.28971877194494217,0.2959814859373503,0.2614606722379779,0.20396249778878472,0.3914293295595259,2.517009773571555,5.0,5,5,40,361792
6,32,200,xgboost,fine,0.2912557491597382,0.09269193783349675,0.09676301483563561,0.3060554711150093,0.09014124231796214,0.09346941477018587,0.05242179457388898,0.20396249778878472,0.3914293295595259,2.517009773571555,26.8,26,5,40,361792
7,32,200,logistic_regression,coarse,0.36746528392004246,0.2949981418011623,0.32742422270318666,0.37758191055880835,0.2930183715516159,0.32279321261523997,0.2637744564911932,0.09977003361047232,0.25823677693260216,2.8791902529630287,5.0,5,5,40,361792
7,32,200,logistic_regression,fine,0.14900826994516186,0.09140621186677673,0.1069147388133288,0.15347643938078287,0.0880132868763951,0.1045749686408533,0.05347047154022808,0.09977003361047232,0.25823677693260216,2.8791902529630287,26.4,26,5,40,361792
7,32,200,xgboost,coarse,0.4911385547496904,0.28021945753659294,0.2920575204025232,0.5070722979780768,0.2852968472503889,0.29467365292560566,0.2573731191996119,0.19989386166637182,0.3913464089863789,2.5200280824341057,5.0,5,5,40,361792
7,32,200,xgboost,fine,0.2915542632230674,0.09592129545467118,0.1004925240152612,0.30708633679231545,0.09478605197346734,0.09803657262338303,0.05390504423996915,0.19989386166637182,0.3913464089863789,2.5200280824341057,26.4,26,5,40,361792
8,32,200,logistic_regression,coarse,0.36626569962851585,0.29188470017997525,0.32374820821354966,0.3762764191503912,0.2914088934789715,0.3210456051917221,0.2620850143910836,0.09989994250840262,0.25562339686891916,2.9028336723863437,5.0,5,5,40,361792
8,32,200,logistic_regression,fine,0.14498109410932247,0.09276384952428154,0.10752102516644371,0.14875718741729965,0.08840177858570779,0.10522525269977148,0.05228477279910977,0.09989994250840262,0.25562339686891916,2.9028336723863437,26.8,26,5,40,361792
8,32,200,xgboost,coarse,0.49225245444896515,0.28131761300800145,0.2908375570528592,0.504348153475776,0.28425097056460896,0.29133365877950573,0.25959566325619443,0.2032106845922519,0.3910589509994693,2.523698699805413,5.0,5,5,40,361792
8,32,200,xgboost,fine,0.28986544754997345,0.09670289818076709,0.10039944251670409,0.3046118206582207,0.09454519966629428,0.097161068902494,0.05421577248089819,0.2032106845922519,0.3910589509994693,2.523698699805413,26.8,26,5,40,361792
9,32,200,logistic_regression,coarse,0.36810930037148415,0.2951278072410684,0.32912397167568,0.37617721623622696,0.2924823218547635,0.3238767791439837,0.26262591143352726,0.10052737484521493,0.2569846762780824,2.8989585176012738,5.0,5,5,40,361792
9,32,200,logistic_regression,fine,0.1458600521846807,0.09359459542036476,0.11175621175402393,0.1500619725384412,0.08985715087537288,0.10924935126261273,0.051906716536501266,0.10052737484521493,0.2569846762780824,2.8989585176012738,26.6,26,5,40,361792
9,32,200,xgboost,coarse,0.49080410843799754,0.28661454269277575,0.2946965918847669,0.5036529302701481,0.2912893780668955,0.296722473236138,0.2629067658112539,0.19989938970458163,0.39195172917035204,2.5274135414823986,5.0,5,5,40,361792
9,32,200,xgboost,fine,0.29309934990270653,0.09728023976215597,0.10107816473976036,0.30656511108369,0.09528865209309761,0.09774557140894519,0.05481578003565883,0.19989938970458163,0.39195172917035204,2.5274135414823986,26.6,26,5,40,361792
10,32,200,logistic_regression,coarse,0.3662684636476207,0.2911867536627103,0.3249688682444739,0.37575559805542313,0.2902234094915411,0.3214012980065381,0.26293519031767937,0.10086734919511764,0.2576217826817619,2.8891849460463472,5.0,5,5,40,361792
10,32,200,logistic_regression,fine,0.14897510171590306,0.09236504941165552,0.10699815208589689,0.15324487081706575,0.08894501713824789,0.10467802467087776,0.052061161482462426,0.10086734919511764,0.2576217826817619,2.8891849460463472,26.6,26,5,40,361792
10,32,200,xgboost,coarse,0.49146470900406863,0.2811916332369332,0.29055279854781524,0.5049670060155186,0.28621615165259523,0.2929283064426115,0.25972970879032553,0.19918627277551743,0.3914459136741553,2.519226516893685,5.0,5,5,40,361792
10,32,200,xgboost,fine,0.291427118344242,0.09625833007811266,0.099897033601465,0.30595906375031007,0.09414813656723381,0.09631549834714793,0.0542767605958284,0.19918627277551743,0.3914459136741553,2.519226516893685,26.6,26,5,40,361792
11,32,200,logistic_regression,coarse,0.366039050061914,0.2961139610537188,0.32929404363244696,0.37712796312279195,0.29375784199182,0.32249714455031997,0.2623505279831291,0.10045551034848753,0.25705515876525736,2.8875044224305677,5.0,5,5,40,361792
11,32,200,logistic_regression,fine,0.14807126746860075,0.09310974425267586,0.1098161697339471,0.1503472446632252,0.08858424531390778,0.10673226857753677,0.05255604511570331,0.10045551034848753,0.25705515876525736,2.8875044224305677,26.2,26,5,40,361792
11,32,200,xgboost,coarse,0.49210596143640545,0.28389114442552443,0.29326087607271684,0.5057692300777316,0.28726506666212304,0.29445458131372027,0.26038300784841045,0.20102987351848575,0.3901454426852998,2.5268828498142577,5.0,5,5,40,361792
11,32,200,xgboost,fine,0.28818492393419426,0.09713293367282476,0.10100242911458697,0.30285314385925893,0.0952322377135044,0.0976891969679764,0.05611887357372475,0.20102987351848575,0.3901454426852998,2.5268828498142577,26.2,26,5,40,361792
12,32,200,logistic_regression,coarse,0.36767534937201485,0.29530590815348373,0.32755104993309014,0.37944048921233947,0.2939484969758464,0.3230389016653094,0.2649789465851914,0.09981978595436052,0.25728042632230674,2.886365646559349,5.0,5,5,40,361792
12,32,200,logistic_regression,fine,0.1468855032725986,0.09376663872765817,0.11097055564484805,0.1515864143685543,0.0899326681771667,0.10937732161959896,0.05307557635034179,0.09981978595436052,0.25728042632230674,2.886365646559349,26.4,26,5,40,361792
12,32,200,xgboost,coarse,0.4915393375199009,0.28253103068548013,0.2922477142298313,0.5060877645696147,0.2874820944311131,0.29434641260374705,0.26201385084925466,0.20276291349725808,0.3903320139748806,2.5234554661241817,5.0,5,5,40,361792
12,32,200,xgboost,fine,0.2891246904298603,0.09629237333433084,0.10010109947193409,0.30446418464839725,0.09543737639019369,0.097563602946001,0.053435216712055686,0.20276291349725808,0.3903320139748806,2.5234554661241817,26.4,26,5,40,361792
13,32,200,logistic_regression,coarse,0.3678301344418893,0.2941429758333291,0.32511805165288216,0.3776747607801466,0.292966564786287,0.3217865755995569,0.26328007391962716,0.09825811516009199,0.25676631876879535,2.8901412966566427,5.0,5,5,40,361792
13,32,200,logistic_regression,fine,0.1457025030957014,0.09095124293781884,0.10935044684789454,0.15053872499925897,0.0877697067278094,0.10772676389085191,0.05209948790075973,0.09825811516009199,0.25676631876879535,2.8901412966566427,26.4,26,5,40,361792
13,32,200,xgboost,coarse,0.4929710994162392,0.2829381765404312,0.29172242659948205,0.506895229392579,0.2884291094009355,0.2952666800244877,0.25883191001993944,0.20185907924995578,0.39262891385105253,2.51548403502565,5.0,5,5,40,361792
13,32,200,xgboost,fine,0.29228672828586594,0.09600979339496458,0.10028882258165941,0.3071531841006703,0.09420409420881243,0.09727147743276567,0.05387097546512143,0.20185907924995578,0.39262891385105253,2.51548403502565,26.4,26,5,40,361792
14,32,200,logistic_regression,coarse,0.35725499734654165,0.2889110957839057,0.3263909015005476,0.3699646497580047,0.28943447454349247,0.32252291721663684,0.2594644787326452,0.09979214576331151,0.25276678312400497,2.8935963205377675,5.0,5,5,40,361792
14,32,200,logistic_regression,fine,0.14827856890146826,0.09143019153389233,0.1077865658174244,0.15187269799718758,0.08839257518007443,0.10590736202359954,0.05249756872577993,0.09979214576331151,0.25276678312400497,2.8935963205377675,26.8,26,5,40,361792
14,32,200,xgboost,coarse,0.4895409517070582,0.28356749608922227,0.29307610789371286,0.5056931064085755,0.288265936277743,0.2956652151986773,0.2607554470624847,0.19968656023350434,0.3901509707235096,2.530641915796922,5.0,5,5,40,361792
14,32,200,xgboost,fine,0.29076098973996106,0.091929714225415,0.09737764773216023,0.30474830487980165,0.09084086495451309,0.09478090798558327,0.05182878473384332,0.19968656023350434,0.3901509707235096,2.530641915796922,26.8,26,5,40,361792
15,32,200,logistic_regression,coarse,0.3652955289226959,0.2931002402360944,0.3271293942533203,0.3770490449819403,0.29265813607567975,0.32418995675518186,0.26238296096966357,0.10080654077480984,0.25751122191756587,2.8857741464709004,5.0,5,5,40,361792
15,32,200,logistic_regression,fine,0.14972691491243587,0.09268550725761643,0.10766833354896627,0.15180843621237086,0.08890085240355478,0.10539385111066792,0.051651543250765375,0.10080654077480984,0.25751122191756587,2.8857741464709004,26.6,26,5,40,361792
15,32,200,xgboost,coarse,0.49190695206085266,0.2870266009542875,0.29594295092128886,0.5067964604080489,0.2932921320848226,0.2992464531982509,0.2627565670317716,0.20077834777993986,0.3912786905183089,2.521216610649213,5.0,5,5,40,361792
15,32,200,xgboost,fine,0.2906504289757651,0.09725755139651932,0.10073786369643403,0.30788146359112406,0.0956965617694822,0.09826038975034017,0.05388774805756809,0.20077834777993986,0.3912786905183089,2.521216610649213,26.6,26,5,40,361792
16,32,200,logistic_regression,coarse,0.3604115071643375,0.2933483321744979,0.3330994516408657,0.37478737803765755,0.2930586770690436,0.32748127900305546,0.26264279408756075,0.09984466212630462,0.25451502520785424,2.8966422695913674,5.0,5,5,40,361792
16,32,200,logistic_regression,fine,0.14861854325137094,0.09092681858681859,0.1087770593829913,0.15062843316651237,0.08707375748967269,0.10606631781238017,0.052041574606996134,0.09984466212630462,0.25451502520785424,2.8966422695913674,26.2,26,5,40,361792
16,32,200,xgboost,coarse,0.49256755262692375,0.28645185443190835,0.2944941014280461,0.5060772557106044,0.28774167106043064,0.2944608130627814,0.2607054012386669,0.20421955156554042,0.39201806562886965,2.522233769679816,5.0,5,5,40,361792
16,32,200,xgboost,fine,0.2914685786308155,0.09751194843000842,0.10128355961358529,0.3045009825171706,0.09576329788995823,0.09797407641666298,0.055797476690108615,0.20421955156554042,0.39201806562886965,2.522233769679816,26.2,26,5,40,361792
17,32,200,logistic_regression,coarse,0.36518496815849993,0.29815710464507256,0.3376176183453744,0.3752118414182127,0.2951016486812307,0.3291945932324771,0.26227065282328743,0.09862020166283389,0.25594955112329737,2.89020763311516,5.0,5,5,40,361792
17,32,200,logistic_regression,fine,0.1467141340880948,0.09252337374287069,0.11040918613318515,0.14978091377825414,0.08894188296971646,0.10775118012449506,0.052635842033656,0.09862020166283389,0.25594955112329737,2.89020763311516,26.8,26,5,40,361792
17,32,200,xgboost,coarse,0.49302361577923226,0.28345206985538507,0.2934288780628184,0.5055587302154783,0.285954253747983,0.2938074146750628,0.2598562591710159,0.19955388731646914,0.39161313683000176,2.5246550504157086,5.0,5,5,40,361792
17,32,200,xgboost,fine,0.29020265788077126,0.09905640158465732,0.10255730260725414,0.30447178914385853,0.09748279512623094,0.0992622468266764,0.05572756386543556,0.19955388731646914,0.39161313683000176,2.5246550504157086,26.8,26,5,40,361792
18,32,200,logistic_regression,coarse,0.3632446267468601,0.29096559287923973,0.3237496861713686,0.3767529017828705,0.2914461735761808,0.32007446789778105,0.2610200429488049,0.09811991420484699,0.2552958606049885,2.8821864496727403,5.0,5,5,40,361792
18,32,200,logistic_regression,fine,0.14734709446311692,0.09362641557323205,0.10878934690923218,0.150245211729265,0.08980499565945331,0.10676867107891387,0.05247406546006186,0.09811991420484699,0.2552958606049885,2.8821864496727403,26.4,26,5,40,361792
18,32,200,xgboost,coarse,0.49268640544843445,0.2813204283210174,0.29126461190317887,0.5068476645678647,0.28573572539186476,0.29354049804699434,0.25663881774047875,0.2038906332920573,0.39208578409693967,2.518143021404564,5.0,5,5,40,361792
18,32,200,xgboost,fine,0.2914851627454449,0.09754979424083379,0.10023729049167397,0.3061895913112299,0.09607181471891035,0.09774876193855049,0.05434461370349961,0.2038906332920573,0.39208578409693967,2.518143021404564,26.4,26,5,40,361792
19,32,200,logistic_regression,coarse,0.3690684150008845,0.29456064591114195,0.3265851234717955,0.37703338766190153,0.29224477841194824,0.3221830615743803,0.26207193312949756,0.09990270652750752,0.25717262957721565,2.9049066867150186,5.0,5,5,40,361792
19,32,200,logistic_regression,fine,0.1452768441535468,0.09281576312299428,0.11018270181256563,0.1494879374991538,0.08981599866917163,0.10844942151865612,0.053204727474804356,0.09990270652750752,0.25717262957721565,2.9049066867150186,26.8,26,5,40,361792
19,32,200,xgboost,coarse,0.49196499646205555,0.27802100546969727,0.29048821365030236,0.5061247043543543,0.28601450551010127,0.29405401826058963,0.2595263780788767,0.19069244206615957,0.38958020077834776,2.5248485317530514,5.0,5,5,40,361792
19,32,200,xgboost,fine,0.28719540509464003,0.09850813163910253,0.10155840648285965,0.30349487044887236,0.09764094924494574,0.09923014835998006,0.05545646396805857,0.19069244206615957,0.38958020077834776,2.5248485317530514,26.8,26,5,40,361792
0,32,400,logistic_regression,coarse,0.36223299575446666,0.2975716169814316,0.3445417333919987,0.37976254808453414,0.2992834483547555,0.3389827444545376,0.265984185799853,0.09659417565894216,0.2517758822748983,2.9097879444542722,5.0,5,5,40,361792
0,32,400,logistic_regression,fine,0.14131876879532992,0.09493861483661375,0.12808634520953563,0.14526231348556146,0.09086375244741557,0.12559902673449086,0.05299162791483998,0.09659417565894216,0.2517758822748983,2.9097879444542722,26.4,26,5,40,361792
0,32,400,xgboost,coarse,0.4991376260392712,0.29318780659153376,0.3010177355377208,0.5132072615684604,0.29817432877356814,0.30336252395373703,0.2687867699889712,0.21087254555103485,0.40115729479922163,2.4742780382098,5.0,5,5,40,361792
0,32,400,xgboost,fine,0.3031769635591721,0.1021736985261793,0.1062524675073733,0.31703566553357626,0.09943278354797268,0.10213778432853698,0.05982558735930318,0.21087254555103485,0.40115729479922163,2.4742780382098,26.4,26,5,40,361792
1,32,400,logistic_regression,coarse,0.3604336193171767,0.2952257167590832,0.34174778376299236,0.37606206359764005,0.29705476470740544,0.33870800698788595,0.2663397628309004,0.09667433221298426,0.2514884242879887,2.9086989209269416,5.0,5,5,40,361792
1,32,400,logistic_regression,fine,0.14254322925880064,0.09767813091974636,0.12944766773457703,0.1473448842674875,0.09416231649826665,0.12823450984128615,0.0543159508136973,0.09667433221298426,0.2514884242879887,2.9086989209269416,26.4,26,5,40,361792
1,32,400,xgboost,coarse,0.49897731293118697,0.29582985143202933,0.3028677568432924,0.5124820834658181,0.29970808848504016,0.30450741272149917,0.2722058576057949,0.20683984167698566,0.4002299663895277,2.4912822837431454,5.0,5,5,40,361792
1,32,400,xgboost,fine,0.3014826198478684,0.10164368740149467,0.10731012022761081,0.31430959124764984,0.09961115697997726,0.10371332450214053,0.05831422301063731,0.20683984167698566,0.4002299663895277,2.4912822837431454,26.4,26,5,40,361792
2,32,400,logistic_regression,coarse,0.3692895365292765,0.3006821709943037,0.3466463122290682,0.3827351594556476,0.3008903802509735,0.34083858245698795,0.26768033109937556,0.09797342119228727,0.25590532681761896,2.908405934901822,5.0,5,5,40,361792
2,32,400,logistic_regression,fine,0.14252111710596144,0.09665973392126986,0.12799214033899067,0.1496549106397294,0.09334773813675454,0.12556673980718702,0.05432007744596336,0.09797342119228727,0.25590532681761896,2.908405934901822,26.6,26,5,40,361792
2,32,400,xgboost,coarse,0.49652286396603573,0.29304047149769374,0.3026202590168917,0.5117033885248707,0.29689768852509346,0.3039481426961538,0.268416560412516,0.20948777197947993,0.3981389859366708,2.4853893950114982,5.0,5,5,40,361792
2,32,400,xgboost,fine,0.29975510790730586,0.10302952447957019,0.10647226091832908,0.31319291961415197,0.09988263186998145,0.10207605207608876,0.05799480602604704,0.20948777197947993,0.3981389859366708,2.4853893950114982,26.6,26,5,40,361792
3,32,400,logistic_regression,coarse,0.36186814523261984,0.2972075038794196,0.3506690896976185,0.3759483777508543,0.2980177394144353,0.3431367257580521,0.26595135212800314,0.09580366619494074,0.2507214089863789,2.9163607818857242,5.0,5,5,40,361792
3,32,400,logistic_regression,fine,0.139574672740138,0.0954369966438947,0.12898263584163927,0.1449477349890417,0.09142047445514742,0.12545424141544942,0.05350928708426691,0.09580366619494074,0.2507214089863789,2.9163607818857242,26.8,26,5,40,361792
3,32,400,xgboost,coarse,0.49754555103484877,0.2912100588028668,0.2999907157162379,0.5121778401109426,0.29744196736238193,0.3028155533872412,0.26845724932454884,0.20687577392534937,0.39999502476561116,2.4864894746152486,5.0,5,5,40,361792
3,32,400,xgboost,fine,0.3024444984963736,0.0997181671617792,0.10549791619257763,0.3172174558651955,0.0980842900710444,0.102235160039186,0.05740977119140234,0.20687577392534937,0.39999502476561116,2.4864894746152486,26.8,26,5,40,361792
4,32,400,logistic_regression,coarse,0.36247070139748805,0.2993866147301772,0.3505931420885197,0.3784718918857203,0.29971052785819347,0.34330613686047595,0.26639301312860597,0.09497722448257562,0.24984936095878293,2.935371705289227,5.0,5,5,40,361792
4,32,400,logistic_regression,fine,0.13722802052007785,0.0939288662567732,0.1275559690982582,0.1426634711409859,0.08959137242884173,0.12465349222432634,0.05267607054677681,0.09497722448257562,0.24984936095878293,2.935371705289227,26.8,26,5,40,361792
4,32,400,xgboost,coarse,0.49682967008667966,0.28983327890031213,0.298816283132286,0.5119589465023962,0.29663732004853405,0.3020979751233635,0.2699934694993852,0.2079813815673094,0.3974908234565717,2.4938804617017514,5.0,5,5,40,361792
4,32,400,xgboost,fine,0.2981519768264638,0.10042460817170731,0.10586349602009427,0.3124435443243168,0.09847275393092371,0.10226246808780536,0.05685494514503483,0.2079813815673094,0.3974908234565717,2.4938804617017514,26.8,26,5,40,361792
5,32,400,logistic_regression,coarse,0.36676045904829296,0.2992575834446013,0.3446767358410653,0.3799723655998303,0.2986259008788027,0.3387323851609865,0.26771986037245465,0.09638411020696976,0.25450949716964444,2.9039337519900936,5.0,5,5,40,361792
5,32,400,logistic_regression,fine,0.14225853529099594,0.09703410514488667,0.12883899605904658,0.14684296729386848,0.0933008328986535,0.12696717880822006,0.05470747580709852,0.09638411020696976,0.25450949716964444,2.9039337519900936,26.8,26,5,40,361792
5,32,400,xgboost,coarse,0.4998839111975942,0.2938398460589575,0.3023045896539135,0.5140216164558858,0.29818136674876594,0.30414205322262317,0.27084149655975326,0.20918096585883603,0.40048011011852114,2.4757650804882365,5.0,5,5,40,361792
5,32,400,xgboost,fine,0.3010763090394481,0.10163582268982198,0.10618700914982586,0.31503856190247975,0.10013396924106843,0.10271642729646493,0.058861181697418184,0.20918096585883603,0.40048011011852114,2.4757650804882365,26.8,26,5,40,361792
6,32,400,logistic_regression,coarse,0.36993908101892803,0.3024725512352785,0.35090745093931475,0.37851119481148443,0.29920877775404725,0.34195498219298714,0.26816844503598447,0.09653336723863436,0.2544832389881479,2.9319000972934726,5.0,5,5,40,361792
6,32,400,logistic_regression,fine,0.13902739695736777,0.09424863387352062,0.12534056119098563,0.14458051383407566,0.09037693297637459,0.12263786394099496,0.052701565490548476,0.09653336723863436,0.2544832389881479,2.9319000972934726,27.0,27,5,40,361792
6,32,400,xgboost,coarse,0.5011470679285335,0.2941970484333078,0.3020613661599252,0.5145048640072983,0.29907837329484294,0.30407374605051335,0.27086073812218103,0.21194774898284097,0.4021481956483283,2.4752675570493543,5.0,5,5,40,361792
6,32,400,xgboost,fine,0.3031493233681231,0.09928872012709622,0.10381208009176837,0.31690538179237704,0.09639028243476896,0.0998173001844137,0.05857427132460151,0.21194774898284097,0.4021481956483283,2.4752675570493543,27.0,27,5,40,361792
7,32,400,logistic_regression,coarse,0.3645713559172121,0.29766681938989803,0.346224127620521,0.3776338046963774,0.29758908069304335,0.34056594575360155,0.2657858476758756,0.09695626216168406,0.2529892866619494,2.914630505926057,5.0,5,5,40,361792
7,32,400,logistic_regression,fine,0.1414072174066867,0.09518339742736684,0.1249196780052587,0.1465955749284968,0.09125000621000917,0.1218665689525385,0.05413063509187042,0.09695626216168406,0.2529892866619494,2.914630505926057,26.6,26,5,40,361792
7,32,400,xgboost,coarse,0.4938362373960729,0.29177823585561447,0.30072647816534215,0.5075646715258613,0.29652817281445076,0.3022279152520845,0.268405443018933,0.20717152396957367,0.39803809923934197,2.494366929064214,5.0,5,5,40,361792
7,32,400,xgboost,fine,0.30223996108261103,0.09812680351472852,0.10438545682415167,0.31583130982067403,0.0963022245164843,0.1011159007399563,0.05744292141517802,0.20717152396957367,0.39803809923934197,2.494366929064214,26.6,26,5,40,361792
8,32,400,logistic_regression,coarse,0.3643060100831417,0.2991959303447836,0.35173215590885176,0.3778352251975414,0.298660886048069,0.34423895059518483,0.265806303193405,0.09786009640898638,0.25231348399080133,2.9171623474261454,5.0,5,5,40,361792
8,32,400,logistic_regression,fine,0.140320957898461,0.09524334664049267,0.12594267691346872,0.14599738724697725,0.09091024857891343,0.12288546470590539,0.053872227608004274,0.09786009640898638,0.25231348399080133,2.9171623474261454,26.8,26,5,40,361792
8,32,400,xgboost,coarse,0.49755660711126837,0.29219312846812173,0.300432868921546,0.5114286865110085,0.296658813985315,0.3017076627181834,0.2687871272702191,0.21252542897576507,0.3976165863258447,2.4975344949584293,5.0,5,5,40,361792
8,32,400,xgboost,fine,0.297676565540421,0.10062371317060746,0.10386648698662544,0.31311610223492325,0.09874278293497087,0.10036302867540862,0.058086672303107934,0.21252542897576507,0.3976165863258447,2.4975344949584293,26.8,26,5,40,361792
9,32,400,logistic_regression,coarse,0.3657460640367946,0.29921357738145027,0.34604113359921607,0.3794473346783801,0.2990603047352989,0.3399713218518308,0.26655598653274726,0.09588105872987794,0.252502819299487,2.913325888908544,5.0,5,5,40,361792
9,32,400,logistic_regression,fine,0.13925957456217938,0.0967704123159461,0.12874850132061863,0.1442863024518505,0.092279677564002,0.1250365442330611,0.05329069399395229,0.09588105872987794,0.252502819299487,2.913325888908544,26.8,26,5,40,361792
9,32,400,xgboost,coarse,0.49683796214399434,0.29358052826507963,0.30109974416708135,0.5111513023236507,0.2986992002652191,0.3033417473992402,0.2703464043623244,0.20901236069343712,0.4006058729877941,2.47924774456041,5.0,5,5,40,361792
9,32,400,xgboost,fine,0.30437378383159386,0.10338498088084522,0.10768973704373733,0.3172686286508783,0.10099900989854459,0.10359510143631248,0.06018884185140361,0.20901236069343712,0.4006058729877941,2.47924774456041,26.8,26,5,40,361792
10,32,400,logistic_regression,coarse,0.3650522952414647,0.2975849884956393,0.3456504161018735,0.3780325209498949,0.29719194758569967,0.340003290214696,0.2653163895705125,0.09749524588713958,0.25355729258800636,2.9176764549796568,5.0,5,5,40,361792
10,32,400,logistic_regression,fine,0.14206228993454803,0.0946140399010373,0.1241976340486299,0.14622587817131874,0.0905535775466925,0.1215482164172971,0.0528446776337075,0.09749524588713958,0.25355729258800636,2.9176764549796568,26.6,26,5,40,361792
10,32,400,xgboost,coarse,0.49701209534760304,0.2917108086153414,0.2995387261457864,0.5106853021621529,0.2960640396124596,0.3013221223637023,0.2675479926286243,0.2090731691137449,0.39952237749867325,2.484322483637007,5.0,5,5,40,361792
10,32,400,xgboost,fine,0.3020326596497435,0.09853147850327597,0.10358483196737873,0.3151399048326967,0.09646349565225198,0.09995817392252213,0.0566235959435931,0.2090731691137449,0.39952237749867325,2.484322483637007,26.6,26,5,40,361792
11,32,400,logistic_regression,coarse,0.36705897311162217,0.29996074002390494,0.34475321425294037,0.3795156343187064,0.29909272335302517,0.33837655807527334,0.2674813547144318,0.09981149389704581,0.2552737484521493,2.901457190872103,5.0,5,5,40,361792
11,32,400,logistic_regression,fine,0.14348852379267646,0.09590659944079552,0.12766620005153986,0.1476234047313455,0.09188640155895128,0.12433397667185711,0.05436298299194101,0.09981149389704581,0.2552737484521493,2.901457190872103,26.8,26,5,40,361792
11,32,400,xgboost,coarse,0.4986262825048647,0.2934365893378704,0.3015697729335997,0.5117271318323894,0.29763404125875137,0.30300579577287384,0.2705730456106453,0.208379400318415,0.3998858460109676,2.48478683884663,5.0,5,5,40,361792
11,32,400,xgboost,fine,0.3011454095170706,0.10136066865956958,0.10696776120088346,0.31502249981743413,0.09950969405417061,0.10350080855367406,0.05973831080624671,0.208379400318415,0.3998858460109676,2.48478683884663,26.8,26,5,40,361792
12,32,400,logistic_regression,coarse,0.3655636387758712,0.30042925183305985,0.34988553695494384,0.38068898862663036,0.3006898447180309,0.34346244263699244,0.2680157275238733,0.09548580399787723,0.2521241486821157,2.9004400318415002,5.0,5,5,40,361792
12,32,400,logistic_regression,fine,0.13868465858836015,0.09526884244352518,0.1270462769273342,0.145993418392919,0.0919284397376684,0.12523968499000931,0.053779759719668085,0.09548580399787723,0.2521241486821157,2.9004400318415002,27.0,27,5,40,361792
12,32,400,xgboost,coarse,0.49767269591367413,0.29336169899495096,0.3018211297724388,0.5131153603233836,0.2988454463459102,0.3038443103361407,0.27113233231834144,0.2075944188926234,0.39859228506987443,2.4924100035379446,5.0,5,5,40,361792
12,32,400,xgboost,fine,0.29951187422607467,0.09994929072664599,0.10482957985541377,0.31444717211337897,0.09873954234809279,0.10182032766481257,0.05773946825179203,0.2075944188926234,0.39859228506987443,2.4924100035379446,27.0,27,5,40,361792
13,32,400,logistic_regression,coarse,0.3692840084910667,0.3005108912219455,0.3412236708799813,0.3823873360429736,0.2997621371744634,0.3358286208034706,0.26740310982231125,0.09634541393950115,0.25492410003537946,2.9056584999115516,5.0,5,5,40,361792
13,32,400,logistic_regression,fine,0.1405641915796922,0.0937006170507685,0.12678235870045412,0.14778085290821608,0.09011897573782518,0.12471921433069104,0.05354943125328552,0.09634541393950115,0.25492410003537946,2.9056584999115516,26.6,26,5,40,361792
13,32,400,xgboost,coarse,0.4983167123651159,0.29353408901583977,0.300861010830494,0.513078736917574,0.29903825962212405,0.303772137178763,0.26890732263695477,0.20885481160445782,0.4002576065805767,2.4799608614894746,5.0,5,5,40,361792
13,32,400,xgboost,fine,0.3021985007960375,0.09912829046766546,0.10467516823516956,0.31722763816271515,0.09701736872693398,0.10120396084719092,0.05761791402354558,0.20885481160445782,0.4002576065805767,2.4799608614894746,26.6,26,5,40,361792
14,32,400,logistic_regression,coarse,0.3640323721917566,0.29573478490842925,0.34089845637030847,0.37766834459574095,0.29602223922349774,0.3356690743824141,0.2653500648759961,0.09441336458517602,0.25055971386874226,2.927461082611003,5.0,5,5,40,361792
14,32,400,logistic_regression,fine,0.13708705554572792,0.09235934559827959,0.12365148296927499,0.14321309691628756,0.08880776819448231,0.12123961590438072,0.05319289550557482,0.09441336458517602,0.25055971386874226,2.927461082611003,26.8,26,5,40,361792
14,32,400,xgboost,coarse,0.49897178489297717,0.2934299541186885,0.30181663840742884,0.514557420387531,0.29948970965565636,0.30495480768919664,0.27115647489661254,0.20617094905359987,0.3998388576861843,2.494278480452857,5.0,5,5,40,361792
14,32,400,xgboost,fine,0.3007059304793915,0.09655742064673932,0.1026241188261728,0.31537332948205654,0.0953642349897292,0.09975168065044934,0.057210129685684195,0.20617094905359987,0.3998388576861843,2.494278480452857,26.8,26,5,40,361792
15,32,400,logistic_regression,coarse,0.36330267114806297,0.29738313531553623,0.34255432579380346,0.3779089856069554,0.2977441215521399,0.3378989997240658,0.2653171204671775,0.09660523173536176,0.251922375287458,2.9205952591544313,5.0,5,5,40,361792
15,32,400,logistic_regression,fine,0.140542079426853,0.09390741858489618,0.12410305182994928,0.14500822198140081,0.09003029306773774,0.12220581490936516,0.05306500439265068,0.09660523173536176,0.251922375287458,2.9205952591544313,26.8,26,5,40,361792
15,32,400,xgboost,coarse,0.49985074296833537,0.29671023262618884,0.3039792342254584,0.5134036085000917,0.30073731609859533,0.30535867946303397,0.27096923837023035,0.21032250574915973,0.39999502476561116,2.488988147886078,5.0,5,5,40,361792
15,32,400,xgboost,fine,0.30013930656288695,0.09950688500978366,0.10432183392483935,0.3139463957246545,0.09769999787727875,0.10073506317211102,0.05778277313526818,0.21032250574915973,0.39999502476561116,2.488988147886078,26.8,26,5,40,361792
16,32,400,logistic_regression,coarse,0.35809249513532637,0.2974368143236446,0.3512578277218424,0.37372794040803475,0.2976300529744939,0.34504912429951246,0.2659631909036657,0.09790155669555987,0.2505306916681408,2.9203464974349904,5.0,5,5,40,361792
16,32,400,logistic_regression,fine,0.14296888820095524,0.09568554052495601,0.12962377708173622,0.14661399152207938,0.09098428221481943,0.12610845890464034,0.053682468900752366,0.09790155669555987,0.2505306916681408,2.9203464974349904,26.6,26,5,40,361792
16,32,400,xgboost,coarse,0.493999314523262,0.29201247277977166,0.29953519142990137,0.5091280928396631,0.29699173998400596,0.30197702901411744,0.2682564309421782,0.21119869980541306,0.39786534804528567,2.4887062179373785,5.0,5,5,40,361792
16,32,400,xgboost,fine,0.3017313815673094,0.10140505442166772,0.10674584842931424,0.31417929486418794,0.09936579037486794,0.1030636547882293,0.059063554171864485,0.21119869980541306,0.39786534804528567,2.4887062179373785,26.6,26,5,40,361792
17,32,400,logistic_regression,coarse,0.3645547718025827,0.302558230864146,0.356102925658476,0.3745272379478283,0.2996019567951646,0.3484223930260961,0.26635434793609675,0.09588658676808774,0.2525138753759066,2.914155094640014,5.0,5,5,40,361792
17,32,400,logistic_regression,fine,0.1404729789492305,0.09520489931825003,0.12640560751356725,0.14513700876277671,0.09127081412537345,0.12410875309433529,0.054193008720912164,0.09588658676808774,0.2525138753759066,2.914155094640014,27.0,27,5,40,361792
17,32,400,xgboost,coarse,0.4982254997346542,0.292405425026215,0.3017967622933826,0.5118169961426802,0.2970076428060219,0.30294775358274617,0.26972022555750935,0.20871937466831772,0.39918931319653284,2.4915255174243764,5.0,5,5,40,361792
17,32,400,xgboost,fine,0.3001531266584115,0.10214371802948066,0.10607590846998499,0.31437845723111635,0.09957853780445149,0.10179579333331384,0.059707843972413924,0.20871937466831772,0.39918931319653284,2.4915255174243764,27.0,27,5,40,361792
18,32,400,logistic_regression,coarse,0.36120754466654875,0.29752851248855816,0.34712469218716807,0.37609910243479455,0.29777421996716286,0.3409065918208721,0.26332907992485655,0.09551344418892624,0.249889439235804,2.921822483637007,5.0,5,5,40,361792
18,32,400,logistic_regression,fine,0.13857133380505926,0.0942315594851987,0.12775490382802687,0.1442704048691737,0.09147971693833974,0.12609482397062982,0.05298584607673793,0.09551344418892624,0.249889439235804,2.921822483637007,26.6,26,5,40,361792
18,32,400,xgboost,coarse,0.4980734786838847,0.2921566403919021,0.3005391214010011,0.5119695827205526,0.29624437382072155,0.30184174803380365,0.26753527743788463,0.2093661551388643,0.3988203166460287,2.487368432690607,5.0,5,5,40,361792
18,32,400,xgboost,fine,0.2995671546081726,0.09975873883847149,0.10466465726342324,0.31409577894276486,0.09761356139963945,0.10106963469059196,0.05759304195477215,0.2093661551388643,0.3988203166460287,2.487368432690607,26.6,26,5,40,361792
19,32,400,logistic_regression,coarse,0.3602069697505749,0.2961890792229155,0.3497863744741307,0.3727047116678718,0.2953468531402139,0.34122645902207827,0.26280004205067364,0.09589487882540244,0.2496462055545728,2.9205123385812843,5.0,5,5,40,361792
19,32,400,logistic_regression,fine,0.13908544135857068,0.09485818680776996,0.1281869290998297,0.1466037642473641,0.09199759910209139,0.12663816971516184,0.05487835212263218,0.09589487882540244,0.2496462055545728,2.9205123385812843,26.8,26,5,40,361792
19,32,400,xgboost,coarse,0.4979325137095348,0.29053952298955965,0.30009138953676046,0.5128322516694277,0.297987370911507,0.30334746345279096,0.27032226401958753,0.2025058597205024,0.3971992194410048,2.5013433132849814,5.0,5,5,40,361792
19,32,400,xgboost,fine,0.2964659251724748,0.10134482130443476,0.10500024520183136,0.312682979223806,0.0999181184918054,0.10207287155402686,0.05833374313535004,0.2025058597205024,0.3971992194410048,2.5013433132849814,26.8,26,5,40,361792
0,32,800,logistic_regression,coarse,0.35661927295241463,0.29826130741652734,0.37158623724565737,0.37433586461139734,0.3002748685728944,0.36173661656925604,0.26557730310755934,0.09616851671678754,0.24630312444719618,2.9566325402441183,5.0,5,5,40,361792
0,32,800,logistic_regression,fine,0.1359869759419777,0.09703502390213527,0.1466103462401622,0.14314871614907623,0.0931339895800251,0.14312749022236285,0.053906456735777875,0.09616851671678754,0.24630312444719618,2.9566325402441183,26.8,26,5,40,361792
0,32,800,xgboost,coarse,0.5043063417654343,0.3028869814539769,0.3099765591039204,0.5192340725218546,0.30847656731553563,0.31199245133573505,0.27851347941373605,0.21774942508402617,0.40651949186272773,2.456389306562887,5.0,5,5,40,361792
0,32,800,xgboost,fine,0.3087326419600212,0.10863087879364465,0.11306043314576482,0.32279791710668315,0.10562147086729803,0.10859368852959035,0.06572710964696567,0.21774942508402617,0.40651949186272773,2.456389306562887,26.8,26,5,40,361792
1,32,800,logistic_regression,coarse,0.35354291968866086,0.29696016703910005,0.37901411549683595,0.37115553816451446,0.2990558904107667,0.3701002381286042,0.2659375390003474,0.09677107288165576,0.24583047718025827,2.9428013886431983,5.0,5,5,40,361792
1,32,800,logistic_regression,fine,0.13811803467185566,0.09958548416214864,0.1468753220324826,0.14620464361160662,0.09567554627026936,0.1443062446731759,0.054989765712440575,0.09677107288165576,0.24583047718025827,2.9428013886431983,26.8,26,5,40,361792
1,32,800,xgboost,coarse,0.5031399257031665,0.30208768770001015,0.30906526116200717,0.5176191589536667,0.30720446342113866,0.31087533816876245,0.27859223124609966,0.21614629400318414,0.40608001282504863,2.4592804705466125,5.0,5,5,40,361792
1,32,800,xgboost,fine,0.30902009994693086,0.10833111724273617,0.11264255223221108,0.3228695767902522,0.10618097153139895,0.108883553798709,0.06533157968327237,0.21614629400318414,0.40608001282504863,2.4592804705466125,26.8,26,5,40,361792
2,32,800,logistic_regression,coarse,0.3581007871926411,0.298893036344105,0.3683387246108415,0.37476324803971955,0.30016760214759264,0.358122767716488,0.2665416991318915,0.09639793030249424,0.2472373629046524,2.946549398549443,5.0,5,5,40,361792
2,32,800,logistic_regression,fine,0.13637393861666372,0.09637100243639235,0.14285355417434795,0.14529003985472194,0.09302191562570249,0.13945100332448818,0.055029023463100936,0.09639793030249424,0.2472373629046524,2.946549398549443,26.8,26,5,40,361792
2,32,800,xgboost,coarse,0.5032670705819918,0.3045059454906526,0.31126955795373046,0.5191321506576587,0.3094876789451897,0.3131936055856286,0.2790667524976136,0.21991365204316293,0.4061311471784893,2.452785025650097,5.0,5,5,40,361792
2,32,800,xgboost,fine,0.3089952237749867,0.1094431985430468,0.11284110445271421,0.32162140899507136,0.10600059388199325,0.1077070276220647,0.06433823034034784,0.21991365204316293,0.4061311471784893,2.452785025650097,26.8,26,5,40,361792
3,32,800,logistic_regression,coarse,0.35340748275252076,0.295860837472179,0.3728650229411469,0.3697659547238695,0.2975724349496352,0.36255866570286294,0.2663553485322608,0.09459026180788961,0.24452309614364054,2.941480187511056,5.0,5,5,40,361792
3,32,800,logistic_regression,fine,0.13563870953476032,0.09709401467857542,0.1457422901829592,0.14521307727539481,0.09360434012854928,0.14245154696075923,0.055475866064128375,0.09459026180788961,0.24452309614364054,2.941480187511056,26.8,26,5,40,361792
3,32,800,xgboost,coarse,0.5037148416769857,0.3013186665005617,0.3087215614449173,0.5171827166923607,0.30687513912126485,0.3106411444337337,0.2780616248932905,0.21454869096055193,0.40523975101715903,2.464554218998762,5.0,5,5,40,361792
3,32,800,xgboost,fine,0.3067646603573324,0.1084865198906899,0.1133681080773423,0.32072986048212654,0.10656760066986187,0.10955476043711422,0.0647145624683521,0.21454869096055193,0.40523975101715903,2.464554218998762,26.8,26,5,40,361792
4,32,800,logistic_regression,coarse,0.35142291703520256,0.2954507842973698,0.37503556722287745,0.3695306945730511,0.2975082692326959,0.36518702404844955,0.2641827575960217,0.09438572439412701,0.24287159472846276,2.9593025826994515,5.0,5,5,40,361792
4,32,800,logistic_regression,fine,0.13432027242172298,0.09527673384351416,0.1448355926867816,0.14129550212037856,0.09157361387726094,0.14161187105141276,0.05428359620505011,0.09438572439412701,0.24287159472846276,2.9593025826994515,26.8,26,5,40,361792
4,32,800,xgboost,coarse,0.5051631876879533,0.3002526309356074,0.3083238707557382,0.5187124554600144,0.3064274168596491,0.31076389076543676,0.27784951808562386,0.21649456041040155,0.4061808995223775,2.456748629046524,5.0,5,5,40,361792
4,32,800,xgboost,fine,0.3071986113568017,0.10843044226546254,0.11233069102784835,0.3200943512715836,0.10562335951067002,0.10785786163387662,0.062788403068844,0.21649456041040155,0.4061808995223775,2.456748629046524,26.8,26,5,40,361792
5,32,800,logistic_regression,coarse,0.35779674509110204,0.29844720102565186,0.37012305884139074,0.37434032061415856,0.2998654716969015,0.3605634646630759,0.26673148972549343,0.09640622235980895,0.2476989540951707,2.939490093755528,5.0,5,5,40,361792
5,32,800,logistic_regression,fine,0.13760116309923934,0.09673294647054655,0.14550250150993851,0.14608892362748344,0.09299333810651804,0.14259230777443965,0.055424109449914424,0.09640622235980895,0.2476989540951707,2.939490093755528,26.8,26,5,40,361792
5,32,800,xgboost,coarse,0.5038143463647621,0.3024376769237035,0.30940911021008644,0.5191881197307142,0.30873930469329186,0.3120509677670904,0.2794841583860412,0.2177190208738723,0.4055686692906421,2.4550736334689547,5.0,5,5,40,361792
5,32,800,xgboost,fine,0.3073229922165222,0.11006937717299282,0.11384239724907358,0.321757153929947,0.10774229222144563,0.1097398638149868,0.06510177456466029,0.2177190208738723,0.4055686692906421,2.4550736334689547,26.8,26,5,40,361792
6,32,800,logistic_regression,coarse,0.3534489430390943,0.29691270344424586,0.3731591253648206,0.3693300150667972,0.2973231255048495,0.36092448586736564,0.26514411701402973,0.09542775959667434,0.24444846762780825,2.9576773394657705,5.0,5,5,40,361792
6,32,800,logistic_regression,fine,0.1354479922165222,0.09751952720866833,0.14671365566552483,0.14359668720360713,0.0935660975446725,0.14255577286752535,0.05473491172609028,0.09542775959667434,0.24444846762780825,2.9576773394657705,27.0,27,5,40,361792
6,32,800,xgboost,coarse,0.5028773438882009,0.3024753104911987,0.3090528111620457,0.5174728581043999,0.30898517055021646,0.3117379710409489,0.2790103104981659,0.22047751194056253,0.40679865779232266,2.4485007960375023,5.0,5,5,40,361792
6,32,800,xgboost,fine,0.3107199716964444,0.1066887082092294,0.11112430751435032,0.32319839329871436,0.10390730877585529,0.1066408924078624,0.06357114829532243,0.22047751194056253,0.40679865779232266,2.4485007960375023,27.0,27,5,40,361792
7,32,800,logistic_regression,coarse,0.3541150716433752,0.2956263479859131,0.37174021244649624,0.3681066788578476,0.2957999636957814,0.36121950187412255,0.264292038123205,0.09717185565186627,0.24588299354325138,2.9503692729524147,5.0,5,5,40,361792
7,32,800,logistic_regression,fine,0.13765091544312755,0.09887975842078474,0.1466899317163024,0.14473502736255633,0.09418018954378088,0.14311896706489885,0.05521725740601391,0.09717185565186627,0.24588299354325138,2.9503692729524147,26.8,26,5,40,361792
7,32,800,xgboost,coarse,0.5008513178843093,0.300949107299551,0.3090088947245624,0.5141773220116432,0.30602720972637437,0.310266682376776,0.277208559306656,0.21795949053599858,0.4043165686361224,2.46542764903591,5.0,5,5,40,361792
7,32,800,xgboost,fine,0.3077818193879356,0.1064435925130411,0.11147902740126246,0.3214768183917752,0.10441167135043367,0.10785301960155164,0.06291431532104985,0.21795949053599858,0.4043165686361224,2.46542764903591,26.8,26,5,40,361792
8,32,800,logistic_regression,coarse,0.35461259508225723,0.29717761746464555,0.37608419135392834,0.3734518235460297,0.30038054677516346,0.3668473827166332,0.2663029360498557,0.09714145144171236,0.24611793516716787,2.9443658234565717,5.0,5,5,40,361792
8,32,800,logistic_regression,fine,0.13762327525207854,0.09860321600209111,0.14480213609631823,0.1459357232893967,0.09356762169292693,0.1406480902332568,0.05536911829419426,0.09714145144171236,0.24611793516716787,2.9443658234565717,26.8,26,5,40,361792
8,32,800,xgboost,coarse,0.5040022996638953,0.2999361744874046,0.308278126212831,0.5182416682930964,0.30484869399326664,0.30940134235826877,0.27713792376386504,0.21630107907305857,0.40482653016097647,2.464272289050062,5.0,5,5,40,361792
8,32,800,xgboost,fine,0.3056507606580577,0.10611604445800145,0.10934328126435168,0.3197101358039953,0.10323149172310167,0.10498651825679578,0.06280959941912166,0.21630107907305857,0.40482653016097647,2.464272289050062,26.8,26,5,40,361792
9,32,800,logistic_regression,coarse,0.3511852113921811,0.29626611579275963,0.3781466344392229,0.36989360036282737,0.29830176517911855,0.36589338265190796,0.26509996387860696,0.09579261011852114,0.24417759375552803,2.9419113744914207,5.0,5,5,40,361792
9,32,800,logistic_regression,fine,0.13716997611887494,0.09832202919495657,0.14643536029617424,0.14487816612179533,0.09355940531516513,0.141977491863271,0.0548914921389221,0.09579261011852114,0.24417759375552803,2.9419113744914207,26.8,26,5,40,361792
9,32,800,xgboost,coarse,0.5022830797806475,0.30208554464245035,0.308663489118317,0.5175446512813953,0.3079931321289601,0.31099556233428505,0.2783865592938167,0.21928345568724572,0.40584507120113217,2.4518839554219,5.0,5,5,40,361792
9,32,800,xgboost,fine,0.3094070626216168,0.11003193755770482,0.11351452076522069,0.3222023781205015,0.10732503625388877,0.10902859887178107,0.06471477164967343,0.21928345568724572,0.40584507120113217,2.4518839554219,26.8,26,5,40,361792
10,32,800,logistic_regression,coarse,0.35490005306916683,0.2969597949409921,0.37141639099084695,0.37149144242170334,0.2976233993491547,0.35959077397456235,0.2641287579762654,0.09538906332920573,0.24609582301432867,2.952259862020166,5.0,5,5,40,361792
10,32,800,logistic_regression,fine,0.13729159295949053,0.09843278623983656,0.1456788867757859,0.1436889943727055,0.09409729548053238,0.14227001692676933,0.05452167553732198,0.09538906332920573,0.24609582301432867,2.952259862020166,26.8,26,5,40,361792
10,32,800,xgboost,coarse,0.5034881921103839,0.3016357626209242,0.3081011623005526,0.5169538860494269,0.30653792300165883,0.3099994878034539,0.27681716331546813,0.21757529188041747,0.4055617592428799,2.452105076950292,5.0,5,5,40,361792
10,32,800,xgboost,fine,0.3076353263753759,0.10662584322177507,0.1111035707095863,0.31999768653291694,0.10393680868768207,0.10674215453223693,0.06308159094559655,0.21757529188041747,0.4055617592428799,2.452105076950292,26.8,26,5,40,361792
11,32,800,logistic_regression,coarse,0.36078464974349905,0.29930463619852987,0.36063710876490573,0.3767192243384752,0.3005519724799864,0.3537222528016546,0.2676320461768103,0.09796512913497259,0.24953149876171943,2.9420164072174066,5.0,5,5,40,361792
11,32,800,logistic_regression,fine,0.13827834777993986,0.09657655990411686,0.14492214157701971,0.1465032078197256,0.09311218795125284,0.14223494162010292,0.054731729958668464,0.09796512913497259,0.24953149876171943,2.9420164072174066,27.0,27,5,40,361792
11,32,800,xgboost,coarse,0.5037176056960906,0.30041965028824263,0.30752782002490514,0.5176963806241233,0.30615303346919137,0.3096559159525228,0.2784521895298586,0.21522311162214752,0.40499098929771804,2.4596066248009905,5.0,5,5,40,361792
11,32,800,xgboost,fine,0.3062643728993455,0.10797972806903029,0.11190920574879895,0.32154302435677945,0.10590744522605787,0.10806765619763567,0.06550689990078498,0.21522311162214752,0.40499098929771804,2.4596066248009905,27.0,27,5,40,361792
12,32,800,logistic_regression,coarse,0.3575839156200248,0.2984112424336615,0.3732091189895505,0.3725259597309235,0.298604570154706,0.3616357540513289,0.26534357338528686,0.09546369184503803,0.24626719219883247,2.9506235627100654,5.0,5,5,40,361792
12,32,800,logistic_regression,fine,0.1349504687776402,0.09629500583611697,0.14349505915168614,0.14417481938818094,0.09272920943000351,0.13966850470774797,0.055034766819106684,0.09546369184503803,0.24626719219883247,2.9506235627100654,27.0,27,5,40,361792
12,32,800,xgboost,coarse,0.5033527551742437,0.3020582016609937,0.3096174564160357,0.5185035264983917,0.3086261098192124,0.31225436563066655,0.27894838347955275,0.2186311471784893,0.4052660091986556,2.454830399787723,5.0,5,5,40,361792
12,32,800,xgboost,fine,0.3071792632230674,0.10751723526011465,0.11165880790881161,0.322065776383359,0.1054303585562795,0.10786634234540252,0.06466603176768768,0.2186311471784893,0.4052660091986556,2.454830399787723,27.0,27,5,40,361792
13,32,800,logistic_regression,coarse,0.3607597735715549,0.3003378410476287,0.36742434616642566,0.37562405211637806,0.30062034139961835,0.3601511646444274,0.268531239633209,0.09633159384397665,0.24789796347072351,2.946317220944631,5.0,5,5,40,361792
13,32,800,logistic_regression,fine,0.13503615336989208,0.09489035078287336,0.1431038297195348,0.14483690250353548,0.09139345998470993,0.14047277459759575,0.054478240321707186,0.09633159384397665,0.24789796347072351,2.946317220944631,26.8,26,5,40,361792
13,32,800,xgboost,coarse,0.5011028436228552,0.3023284335373934,0.30899393839713796,0.5177967387229538,0.3084106990862484,0.3115291198242457,0.2787533031613733,0.21762504422430567,0.404852788342473,2.457572306739784,5.0,5,5,40,361792
13,32,800,xgboost,fine,0.3086027330620909,0.1056075600586221,0.11078338816199494,0.32352172439723953,0.10338928631102472,0.106943903997232,0.06332603647864676,0.21762504422430567,0.404852788342473,2.457572306739784,26.8,26,5,40,361792
14,32,800,logistic_regression,coarse,0.3550493101008314,0.2971274477012268,0.37224257850379205,0.37099681377903293,0.2982212391279764,0.363469268080472,0.2651278960302107,0.0936753714841677,0.24382656332920574,2.9655105696090573,5.0,5,5,40,361792
14,32,800,logistic_regression,fine,0.13260381655758005,0.09438306574199887,0.14333171278876009,0.14107970753215346,0.09095197372879697,0.14067365291599312,0.05382882474545573,0.0936753714841677,0.24382656332920574,2.9655105696090573,26.8,26,5,40,361792
14,32,800,xgboost,coarse,0.5008623739607289,0.3013935282218449,0.30837188645234004,0.51790303782422,0.3083793408122735,0.3119154574309853,0.2791284371135127,0.2133518706881302,0.4033685100831417,2.467688616663718,5.0,5,5,40,361792
14,32,800,xgboost,fine,0.30587464620555455,0.10618787256856209,0.1105945421636948,0.3207997787547208,0.10463447045631694,0.10755196153841941,0.06306912078995652,0.2133518706881302,0.4033685100831417,2.467688616663718,26.8,26,5,40,361792
15,32,800,logistic_regression,coarse,0.35184304793914734,0.2949913774029927,0.3633935610683608,0.3676393795905428,0.2955950502180492,0.35424387578447153,0.26260532596486935,0.0936781355032726,0.24269331549619672,2.968164027949761,5.0,5,5,40,361792
15,32,800,logistic_regression,fine,0.13354358305324607,0.09330994994157556,0.14083317955089467,0.1413007230139525,0.09006193656212234,0.13886050388160137,0.05354772085181636,0.0936781355032726,0.24269331549619672,2.968164027949761,26.8,26,5,40,361792
15,32,800,xgboost,coarse,0.5044860030072528,0.30367548229692765,0.31029283933777635,0.5184035383404351,0.3082314097169438,0.3119344169335979,0.27915073554975334,0.21717174509110207,0.4065733902352733,2.4581748629046523,5.0,5,5,40,361792
15,32,800,xgboost,fine,0.30866077746329385,0.10824161688539224,0.11252857059041646,0.3233481302376349,0.10641415935455598,0.10869594010851745,0.06482784309544516,0.21717174509110207,0.4065733902352733,2.4581748629046523,26.8,26,5,40,361792
16,32,800,logistic_regression,coarse,0.35245113214222534,0.2979126598981891,0.38326601318583176,0.3706501693607178,0.29973401596922217,0.3728651085635658,0.2658954433224977,0.0988717274013798,0.24614419334866441,2.9514804086325843,5.0,5,5,40,361792
16,32,800,logistic_regression,fine,0.13983725455510349,0.09728725324243478,0.14893175193529057,0.14757352195023438,0.09349493381245136,0.14509079285362633,0.05501435727675835,0.0988717274013798,0.24614419334866441,2.9514804086325843,26.8,26,5,40,361792
16,32,800,xgboost,coarse,0.5007656332920574,0.3022158821533706,0.3089916474885984,0.5169435979512855,0.30858485952608133,0.31171191187798086,0.27954036884843936,0.21981967539359631,0.4052922673801521,2.4567762692375728,5.0,5,5,40,361792
16,32,800,xgboost,fine,0.3098189014682469,0.1081222700043659,0.11348631228138306,0.32295515249288204,0.10595493238941987,0.10960334888557177,0.06526557122198948,0.21981967539359631,0.4052922673801521,2.4567762692375728,26.8,26,5,40,361792
17,32,800,logistic_regression,coarse,0.35316424907128957,0.2980354605537784,0.3856577383648291,0.3693321027375101,0.29888620889792317,0.3737052772462779,0.2644097448728446,0.09669368034671856,0.24572820847337698,2.943719042986025,5.0,5,5,40,361792
17,32,800,logistic_regression,fine,0.13829216787546436,0.09773921249596655,0.1475584537012373,0.14620604811591362,0.09362650785991697,0.14453127046800215,0.05581890930188345,0.09669368034671856,0.24572820847337698,2.943719042986025,27.0,27,5,40,361792
17,32,800,xgboost,coarse,0.5030652971873342,0.30012997072080816,0.30865231962095957,0.5178308652141145,0.30602163210235567,0.3107055799824857,0.2776599994611254,0.21628173093932426,0.40464272289050063,2.4633933309747036,5.0,5,5,40,361792
17,32,800,xgboost,fine,0.3062201485936671,0.10791380534473603,0.11148857377663506,0.321465142658134,0.10530977794160103,0.10719126419931635,0.06545758556477017,0.21628173093932426,0.40464272289050063,2.4633933309747036,27.0,27,5,40,361792
18,32,800,logistic_regression,coarse,0.35562699009375554,0.29747118457827165,0.3695690130136818,0.37216123485018876,0.2984623356652286,0.3602612293115293,0.2636885732849251,0.093528878471608,0.24379339509994694,2.964935653635238,5.0,5,5,40,361792
18,32,800,logistic_regression,fine,0.13195980010613834,0.09377376887640575,0.1420212310791224,0.13860069356988294,0.08994949174416904,0.13930851377934,0.05285758951554124,0.093528878471608,0.24379339509994694,2.964935653635238,26.8,26,5,40,361792
18,32,800,xgboost,coarse,0.5043864983194764,0.30213433735116074,0.30927575534138674,0.518785306865875,0.3075736104149672,0.3111249025842451,0.2782305454664492,0.21768032460640369,0.40620992172297893,2.452845834070405,5.0,5,5,40,361792
18,32,800,xgboost,fine,0.3080333451264815,0.10615170283732231,0.11068685990194026,0.3213899266799816,0.10365208353204226,0.1066695094963248,0.06351851862907484,0.21768032460640369,0.40620992172297893,2.452845834070405,26.8,26,5,40,361792
19,32,800,logistic_regression,coarse,0.3555717097116575,0.2973430655548611,0.37293175071293516,0.37069146650149376,0.29772621797949295,0.3622413959014057,0.2640804676884091,0.09489706792853352,0.24564114187157263,2.943813019635592,5.0,5,5,40,361792
19,32,800,logistic_regression,fine,0.1357105740314877,0.09485853332859613,0.1444481913462344,0.1451012516714495,0.0920212965699403,0.14232075291432505,0.05427357487765674,0.09489706792853352,0.24564114187157263,2.943813019635592,27.0,27,5,40,361792
19,32,800,xgboost,coarse,0.5039774234919512,0.3006323662353855,0.3089888403953351,0.5177664176253932,0.30619149406736623,0.31054594175158046,0.27852893321286903,0.2132965903060322,0.404134143375199,2.468086635414824,5.0,5,5,40,361792
19,32,800,xgboost,fine,0.30429086325844684,0.10642431300325014,0.11062266730545167,0.319227863633058,0.10429033197502274,0.10670299441002316,0.06385777642979285,0.2132965903060322,0.404134143375199,2.468086635414824,27.0,27,5,40,361792
0,32,1600,logistic_regression,coarse,0.3322599725809305,0.287935927588093,0.4001747455949417,0.3540201788178436,0.2923335841331368,0.38508883636728947,0.25887906185508003,0.09567928533522024,0.23524290199893863,2.955582212984256,5.0,5,5,40,361792
0,32,1600,logistic_regression,fine,0.13822583141694675,0.10421743533255763,0.1658971378878124,0.1468191032113953,0.09915010670475413,0.1600835060864809,0.05738735696994307,0.09567928533522024,0.23524290199893863,2.955582212984256,27.0,27,5,40,361792
0,32,1600,xgboost,coarse,0.5099891650451088,0.31040590052557027,0.3167828644093166,0.5250032143655079,0.31590728696990766,0.318406427921338,0.28555004681735446,0.2285290995931364,0.4125961878648505,2.4206781797275783,5.0,5,5,40,361792
0,32,1600,xgboost,fine,0.3152032106845922,0.11655535310706101,0.12041569769653661,0.3290618376555657,0.11339755931905504,0.11525960159958845,0.07078287282015847,0.2285290995931364,0.4125961878648505,2.4206781797275783,27.0,27,5,40,361792
1,32,1600,logistic_regression,coarse,0.33141694675393596,0.2871130358449925,0.40348868433876933,0.3526618247567239,0.29139949663309894,0.3914116426290417,0.2573175718523772,0.09502144878825403,0.2346431098531753,2.952541791968866,5.0,5,5,40,361792
1,32,1600,logistic_regression,fine,0.13786927295241463,0.10485447842815093,0.16719432001365384,0.1489620591246174,0.10024617578820001,0.16276147385855072,0.05812961206957823,0.09502144878825403,0.2346431098531753,2.952541791968866,26.8,26,5,40,361792
1,32,1600,xgboost,coarse,0.5072527861312578,0.30858430978079354,0.315100690627378,0.5222245887927984,0.31413690485687007,0.31705520275764587,0.2844840573460427,0.22645608526446134,0.41026335574031486,2.433154961967097,5.0,5,5,40,361792
1,32,1600,xgboost,fine,0.31327392534937204,0.11426335675521235,0.11808432234042432,0.3276825685844202,0.11222824250717446,0.11404608061339527,0.06983312273230673,0.22645608526446134,0.41026335574031486,2.433154961967097,26.8,26,5,40,361792
2,32,1600,logistic_regression,coarse,0.33601903856359455,0.2896724359830517,0.3997061161730386,0.35686535417299825,0.29374893968318516,0.385024477054546,0.2591029190106503,0.09769425526269238,0.23780100168052362,2.9539569697505748,5.0,5,5,40,361792
2,32,1600,logistic_regression,fine,0.1395829647974527,0.10231702204099917,0.16451730730378777,0.14969372745693532,0.09931881703033643,0.16076663194748878,0.056499640282318596,0.09769425526269238,0.23780100168052362,2.9539569697505748,26.8,26,5,40,361792
2,32,1600,xgboost,coarse,0.5066308818326553,0.3077554263232539,0.3144914636743996,0.522864826244276,0.3131135794338968,0.31646765100523677,0.28286235411602056,0.2279680037148417,0.41042228683884663,2.4237186007429683,5.0,5,5,40,361792
2,32,1600,xgboost,fine,0.31421369184503806,0.11743916387762333,0.12027503464001083,0.3275931198546973,0.11440243155932192,0.11519740509575543,0.0706559563490601,0.2279680037148417,0.41042228683884663,2.4237186007429683,26.8,26,5,40,361792
3,32,1600,logistic_regression,coarse,0.3284953785600566,0.28645709535518227,0.40057043754088956,0.35022203493927356,0.29082258291196345,0.3877914748154277,0.25800318927096866,0.09401810985317531,0.23284373341588538,2.956809437466832,5.0,5,5,40,361792
3,32,1600,logistic_regression,fine,0.13719208827171414,0.10340242469433057,0.1655225387912408,0.14678447630432728,0.09926137266506742,0.16077955248679993,0.05738316972078885,0.09401810985317531,0.23284373341588538,2.956809437466832,26.8,26,5,40,361792
3,32,1600,xgboost,coarse,0.5082478330090218,0.3077177329671818,0.31467893592069646,0.5228312388672381,0.31354946787449645,0.3164880590668954,0.28464079306251444,0.22496351494781533,0.4098667189987617,2.433796214399434,5.0,5,5,40,361792
3,32,1600,xgboost,fine,0.3114856049885017,0.11407567756529485,0.11836920241531035,0.32549304623997083,0.11131984897697923,0.11361268618919418,0.0698975503095421,0.22496351494781533,0.4098667189987617,2.433796214399434,26.8,26,5,40,361792
4,32,1600,logistic_regression,coarse,0.33242581372722446,0.287309928822688,0.39298958500842157,0.3523490453614284,0.29099341442482773,0.38218208567014916,0.25857358659828783,0.09461513797983372,0.23443442641075535,2.970115425437821,5.0,5,5,40,361792
4,32,1600,logistic_regression,fine,0.1364430390942862,0.1007532225248558,0.1648109630501009,0.14590506222208602,0.09626387702342715,0.15999103721188707,0.05722079402734544,0.09461513797983372,0.23443442641075535,2.970115425437821,27.0,27,5,40,361792
4,32,1600,xgboost,coarse,0.5065396692021935,0.3053785208482516,0.31354837322434187,0.5209505973432813,0.31176006269452966,0.3156901294419162,0.28195753752636304,0.2247258093047939,0.4097091699097824,2.4277319564832833,5.0,5,5,40,361792
4,32,1600,xgboost,fine,0.3128786706173713,0.11726133347449075,0.11992142875247128,0.32669433468968645,0.11423338384138013,0.11527432914392326,0.06907814969520774,0.2247258093047939,0.4097091699097824,2.4277319564832833,27.0,27,5,40,361792
5,32,1600,logistic_regression,coarse,0.33184536971519546,0.287309100471932,0.39450012747753765,0.3540847476423779,0.29230228529507657,0.3805375597229583,0.2583469453081054,0.09614916858305325,0.23522217185565186,2.959849858482222,5.0,5,5,40,361792
5,32,1600,logistic_regression,fine,0.13859897399610827,0.10295237771861675,0.16638600427221265,0.14867184928107985,0.09893264984754652,0.1616037338380193,0.0572566900413811,0.09614916858305325,0.23522217185565186,2.959849858482222,26.8,26,5,40,361792
5,32,1600,xgboost,coarse,0.5081759685122944,0.30695557192582795,0.3141503966562795,0.5230158603334202,0.3130567150796854,0.31623051768353355,0.28299321249717274,0.2248805943746683,0.4103338382274898,2.4303135503272597,5.0,5,5,40,361792
5,32,1600,xgboost,fine,0.3124917079426853,0.11588903156230436,0.1189734980096979,0.3269598239350261,0.11305368758090986,0.1144517338306371,0.0708457685405611,0.2248805943746683,0.4103338382274898,2.4303135503272597,26.8,26,5,40,361792
6,32,1600,logistic_regression,coarse,0.3329979656819388,0.2882484202994232,0.3962049667636275,0.35223053129049814,0.29154758766241634,0.3812947216562269,0.2585689502683655,0.09692585795153016,0.2362255107907306,2.9568978860781887,5.0,5,5,40,361792
6,32,1600,logistic_regression,fine,0.13945305589952237,0.10341708976107604,0.16613461928803538,0.14865582889528653,0.09944809235812217,0.16158701829221525,0.05758413765770376,0.09692585795153016,0.2362255107907306,2.9568978860781887,27.0,27,5,40,361792
6,32,1600,xgboost,coarse,0.5085104148239873,0.3087687031619934,0.31579392613056445,0.5235613850443628,0.3147731691768472,0.317516087182118,0.2851818877907183,0.2302317353617548,0.41218849504687777,2.420246992747214,5.0,5,5,40,361792
6,32,1600,xgboost,fine,0.31586657526976825,0.11624681939526299,0.11935235129457064,0.32829378264947034,0.11310619904709808,0.11418498160936445,0.07045274324027448,0.2302317353617548,0.41218849504687777,2.420246992747214,27.0,27,5,40,361792
7,32,1600,logistic_regression,coarse,0.33665476295772157,0.28984680265195967,0.3961804782690869,0.3546524967155966,0.29245170009969773,0.3830054196984504,0.2588116172347927,0.09735980895099947,0.23798342694144703,2.9455211834424198,5.0,5,5,40,361792
7,32,1600,logistic_regression,fine,0.13931209092517247,0.10519322378910652,0.1656769325582591,0.14939874721411728,0.10055050368603603,0.16108984594964343,0.058595358267330644,0.09735980895099947,0.23798342694144703,2.9455211834424198,27.0,27,5,40,361792
7,32,1600,xgboost,coarse,0.506857531399257,0.3066710630130062,0.3139907244925954,0.5213960312175854,0.312718464187831,0.3160721610779456,0.28275611807731177,0.22602489828409694,0.4088053356624801,2.433857022819742,5.0,5,5,40,361792
7,32,1600,xgboost,fine,0.3107531399257032,0.11431706083875459,0.11759893297777653,0.325433617143429,0.11123638358680678,0.11314438588983114,0.06930205688676586,0.22602489828409694,0.4088053356624801,2.433857022819742,27.0,27,5,40,361792
8,32,1600,logistic_regression,coarse,0.32933287634884134,0.28680240576462357,0.4058714801794679,0.35260769834135186,0.2921607499548439,0.39225354713136784,0.25781428798293443,0.09676278082434106,0.2343501238280559,2.957804484344596,5.0,5,5,40,361792
8,32,1600,logistic_regression,fine,0.13936737130727048,0.10268025702022532,0.16474945348923728,0.15013484251170392,0.09845916885519958,0.16033009248008673,0.05748148627801129,0.09676278082434106,0.2343501238280559,2.957804484344596,26.8,26,5,40,361792
8,32,1600,xgboost,coarse,0.5087868167344772,0.308006776775673,0.31482126887965106,0.5237003832826644,0.3135476463046335,0.31640139013085083,0.28488014225764874,0.22709457367769326,0.4114435918981072,2.4257418627277554,5.0,5,5,40,361792
8,32,1600,xgboost,fine,0.3141003670617371,0.11734740038927544,0.11994560418197911,0.3278929126570886,0.11469809999416854,0.11539281311413437,0.06990524075520824,0.22709457367769326,0.4114435918981072,2.4257418627277554,26.8,26,5,40,361792
9,32,1600,logistic_regression,coarse,0.3318536617725102,0.28866532385071875,0.40325737184604876,0.35504139804978896,0.2935883762025952,0.3895380501949627,0.25975739003817117,0.09547198390235273,0.23481309702812667,2.9602423491951178,5.0,5,5,40,361792
9,32,1600,logistic_regression,fine,0.13777253228374314,0.10217470270268213,0.1656329377177362,0.1483953652823729,0.09801003357336553,0.16051762280139578,0.05707228421879962,0.09547198390235273,0.23481309702812667,2.9602423491951178,27.0,27,5,40,361792
9,32,1600,xgboost,coarse,0.50622180700513,0.30683570028427765,0.3138004149627826,0.5213764790143476,0.3132052435532728,0.3161818615352859,0.28378992784101065,0.22649478153192995,0.40910799575446666,2.4342716256854766,5.0,5,5,40,361792
9,32,1600,xgboost,fine,0.3119941845038033,0.11664941193397473,0.11948306986666254,0.32627900708785085,0.11384013343305534,0.11479715999883248,0.07059114700967592,0.22649478153192995,0.40910799575446666,2.4342716256854766,27.0,27,5,40,361792
10,32,1600,logistic_regression,coarse,0.3342942906421369,0.28858239180742734,0.4013712025969972,0.3532980631254037,0.29162882702028187,0.38756762876939566,0.2579829606676453,0.09528126658411464,0.23544467539359631,2.9731005660711127,5.0,5,5,40,361792
10,32,1600,logistic_regression,fine,0.13659506014505574,0.10000389263622894,0.16138003492362263,0.1469558313134589,0.09646700367999826,0.15737771633124562,0.056992177657291386,0.09528126658411464,0.23544467539359631,2.9731005660711127,26.8,26,5,40,361792
10,32,1600,xgboost,coarse,0.5086956041040156,0.30891999066225273,0.3149243597067255,0.5223829299539405,0.31434604806490213,0.31646019807407433,0.28429222139971444,0.22559923934194234,0.4113606713249602,2.4248463205377675,5.0,5,5,40,361792
10,32,1600,xgboost,fine,0.3140257385459048,0.11511013770885556,0.11877469663718754,0.32780971284908517,0.11216806650935911,0.11403749138896214,0.0702371432790814,0.22559923934194234,0.4113606713249602,2.4248463205377675,26.8,26,5,40,361792
11,32,1600,logistic_regression,coarse,0.33590018574208386,0.2901103036607947,0.40484827826605196,0.35742556538337605,0.29405405835622417,0.39071328107218056,0.260537245378602,0.09674896072881656,0.23747899345480275,2.958268839554219,5.0,5,5,40,361792
11,32,1600,logistic_regression,fine,0.13905780116752167,0.10129287755125285,0.16417421775163885,0.14750928044526043,0.09726497553789998,0.15954969435000435,0.056861012110657284,0.09674896072881656,0.23747899345480275,2.958268839554219,27.0,27,5,40,361792
11,32,1600,xgboost,coarse,0.5095331018928003,0.30875415694949204,0.3155814924809598,0.5232230229286061,0.31385066952111634,0.31680510768353753,0.2846786362979318,0.22572914823987264,0.41110776357686185,2.431164868211569,5.0,5,5,40,361792
11,32,1600,xgboost,fine,0.3126824252609234,0.11486837308168815,0.11850708955306205,0.32764352412667425,0.1122604092685873,0.1139647722097209,0.07023032046620259,0.22572914823987264,0.41110776357686185,2.431164868211569,27.0,27,5,40,361792
12,32,1600,logistic_regression,coarse,0.3284981425791615,0.28618842990925225,0.406013570502464,0.34885764573789607,0.29002870154479055,0.3924223111087159,0.2571707840841697,0.09341002565009729,0.2318390124712542,2.976682734831063,5.0,5,5,40,361792
12,32,1600,logistic_regression,fine,0.1351798823633469,0.10115560356159309,0.16155995868155085,0.1455637088048605,0.09690135668200474,0.15664756958565018,0.05667065549996162,0.09341002565009729,0.2318390124712542,2.976682734831063,27.0,27,5,40,361792
12,32,1600,xgboost,coarse,0.5081289801875111,0.30878808004680236,0.3151503192506356,0.5228027249426958,0.31475153417923973,0.3172115098318481,0.2855413962327817,0.22770818591898107,0.41058398195648327,2.426134353440651,5.0,5,5,40,361792
12,32,1600,xgboost,fine,0.3130389837254555,0.11409657349938626,0.1178957583274982,0.327521755290914,0.1115639806152323,0.11352612430898344,0.06972241195158572,0.22770818591898107,0.41058398195648327,2.426134353440651,27.0,27,5,40,361792
13,32,1600,logistic_regression,coarse,0.33653038209800107,0.2902701086418883,0.3968327200328761,0.35649336097954315,0.29360748071957193,0.3852188500493179,0.2609091060349463,0.09757540244118168,0.23768491287811783,2.947378604280913,5.0,5,5,40,361792
13,32,1600,logistic_regression,fine,0.13883944365823456,0.10103074549342324,0.16366549220522597,0.15025478224827504,0.09754894096187225,0.15976532719635847,0.05714689212737305,0.09757540244118168,0.23768491287811783,2.947378604280913,26.8,26,5,40,361792
13,32,1600,xgboost,coarse,0.5075208959844331,0.3089993691329355,0.3156125192117992,0.523220494990568,0.3147128366281823,0.3175027404517994,0.2853055969936048,0.22747877233327438,0.4104969153546789,2.42699119936317,5.0,5,5,40,361792
13,32,1600,xgboost,fine,0.3134729347249248,0.11683715694427672,0.11946386169420811,0.3294720594557063,0.11382156856013392,0.1149920169718499,0.07038273677130488,0.22747877233327438,0.4104969153546789,2.42699119936317,26.8,26,5,40,361792
14,32,1600,logistic_regression,coarse,0.3378460551919335,0.2914496648587068,0.40333692825094347,0.35643032221519827,0.2939005266121558,0.3876616440232959,0.2608481050133591,0.09525086237396073,0.2369800880063683,2.970723509640899,5.0,5,5,40,361792
14,32,1600,logistic_regression,fine,0.13611412082080313,0.10450529059429481,0.16449928545154094,0.14722131464073088,0.09977790398355735,0.16011597103458824,0.05859075915053349,0.09525086237396073,0.2369800880063683,2.970723509640899,26.8,26,5,40,361792
14,32,1600,xgboost,coarse,0.5072168538828941,0.30693220343909494,0.3141546889982646,0.5222517010572851,0.3132935476877682,0.3165866043158157,0.284017964621361,0.2246871130373253,0.4098059105784539,2.428312400495312,5.0,5,5,40,361792
14,32,1600,xgboost,fine,0.3123949672740138,0.11689071844678771,0.11965351753111635,0.327052599243646,0.11377925921772636,0.11510503241028998,0.06994452680273207,0.2246871130373253,0.4098059105784539,2.428312400495312,26.8,26,5,40,361792
15,32,1600,logistic_regression,coarse,0.33087519900937556,0.28712627428353515,0.39550992968186727,0.34952358846464393,0.28950311314532096,0.38100905724107637,0.2564116840992595,0.09635094197771095,0.23440402220060144,2.9714532106845923,5.0,5,5,40,361792
15,32,1600,logistic_regression,fine,0.13793284539182735,0.10222621855292804,0.1633882196486376,0.14750798231112774,0.09802712564766407,0.1591951037772573,0.056591869360308265,0.09635094197771095,0.23440402220060144,2.9714532106845923,26.8,26,5,40,361792
15,32,1600,xgboost,coarse,0.5079050946400141,0.30961220265930167,0.31631671841805786,0.5224131922498406,0.3151056498635104,0.317908625350842,0.28479560040150603,0.228899478153193,0.41159699495842916,2.4252001149831948,5.0,5,5,40,361792
15,32,1600,xgboost,fine,0.31528889527684417,0.11604328497922936,0.11968202276438401,0.32940581050082246,0.11323145964072757,0.11510307254090077,0.07054353936039012,0.228899478153193,0.41159699495842916,2.4252001149831948,26.8,26,5,40,361792
16,32,1600,logistic_regression,coarse,0.3324728020520078,0.2894885968627627,0.41033519720534006,0.3547568953318302,0.29411313978511067,0.3956915419288836,0.2589753305687997,0.09833827171413409,0.23684050504157084,2.9566822925880065,5.0,5,5,40,361792
16,32,1600,logistic_regression,fine,0.1412082080311339,0.10360998193929956,0.16767761927628652,0.15090857650451378,0.09955483147216644,0.16313896595554944,0.058133631458200094,0.09833827171413409,0.23684050504157084,2.9566822925880065,26.8,26,5,40,361792
16,32,1600,xgboost,coarse,0.5061527065275075,0.30754003753990905,0.31457499793577764,0.5223484222983219,0.313296105451302,0.316501117300524,0.28331352234875373,0.22684304793914736,0.40968291172828586,2.4292963912966568,5.0,5,5,40,361792
16,32,1600,xgboost,fine,0.31321311692906423,0.11490349925473382,0.11868500946069399,0.32763814937915503,0.11230968678467004,0.1140699335940051,0.0705766153850565,0.22684304793914736,0.40968291172828586,2.4292963912966568,26.8,26,5,40,361792
17,32,1600,logistic_regression,coarse,0.3312068813019636,0.2880489467236091,0.4081164048051075,0.3524144415626132,0.29241514803154484,0.3951422158150161,0.2582367560248608,0.09667433221298426,0.23544743941270121,2.958578409693968,5.0,5,5,40,361792
17,32,1600,logistic_regression,fine,0.13968799752343888,0.10545056731015832,0.16977178650360217,0.1486576554424188,0.10002581560614772,0.16275201411962018,0.05818529057734889,0.09667433221298426,0.23544743941270121,2.958578409693968,27.0,27,5,40,361792
17,32,1600,xgboost,coarse,0.5075513001945869,0.30657685125380824,0.3144102854020282,0.5228398072011454,0.31313394246913323,0.31666495278424794,0.2841572602727491,0.22611334689545373,0.4093982177604812,2.4307060410401555,5.0,5,5,40,361792
17,32,1600,xgboost,fine,0.3112451353263754,0.1145702065890496,0.1176348220834952,0.32588244915916526,0.11151619031625032,0.11268393035324414,0.06966943135987427,0.22611334689545373,0.4093982177604812,2.4307060410401555,27.0,27,5,40,361792
18,32,1600,logistic_regression,coarse,0.33449330001768973,0.28854791334668417,0.390500838146424,0.3550439554960384,0.29220552704835184,0.37874936445014196,0.2583182938649834,0.09501868476914913,0.23529956439058908,2.9618510083141696,5.0,5,5,40,361792
18,32,1600,logistic_regression,fine,0.13610582876348842,0.10134627993246136,0.16251729173725057,0.14480913092251174,0.0963747246520376,0.15705913056930854,0.05635942284428343,0.09501868476914913,0.23529956439058908,2.9618510083141696,26.8,26,5,40,361792
18,32,1600,xgboost,coarse,0.5102406907836547,0.3089773688582513,0.3154836850292806,0.5231475500627,0.31321613965781425,0.3161921730682263,0.2828588123132382,0.22582865292764903,0.4115928489297718,2.4268972227136034,5.0,5,5,40,361792
18,32,1600,xgboost,fine,0.3129450070758889,0.11436915576721095,0.11756409350048284,0.32700804776515296,0.11096812168586612,0.11261402515491162,0.07019981982143139,0.22582865292764903,0.4115928489297718,2.4268972227136034,26.8,26,5,40,361792
19,32,1600,logistic_regression,coarse,0.3325087343003715,0.28766907765213656,0.3997179599476728,0.35292604381056686,0.2915449107491558,0.38689201490432046,0.25838795426431505,0.09554384839908013,0.23468595214930127,2.9613369007606583,5.0,5,5,40,361792
19,32,1600,logistic_regression,fine,0.13686316999823103,0.09758016235411675,0.16171685225516097,0.14860562743503308,0.09543990775265146,0.15844758098961192,0.05631808792978987,0.09554384839908013,0.23468595214930127,2.9613369007606583,27.0,27,5,40,361792
19,32,1600,xgboost,coarse,0.5080377675570493,0.30741038834703016,0.3145228249747274,0.5227827522737405,0.3137259059138885,0.3165943444254324,0.2843000644470702,0.22574849637360694,0.41040432071466476,2.4299873960728817,5.0,5,5,40,361792
19,32,1600,xgboost,fine,0.3127708738722802,0.11517290721090678,0.11849294516758287,0.32690252105175815,0.11222095553775548,0.11377608798747853,0.07025067110040262,0.22574849637360694,0.41040432071466476,2.4299873960728817,27.0,27,5,40,361792
